source,target,external_category_id,raw_full_path,decision_status,semantic_category_code,garment_type_code,comparison_family_code,sleeve_length_class,pants_length_class,leggings_length_class,skirt_length_class,body_length_class,app_category_code,app_detail_code,mapping_status,comparison_eligible,decision_reason
"musinsa","UNKNOWN","001","상의","navigation_only","","","","not_applicable","not_applicable","not_applicable","not_applicable","not_applicable","","","navigation_only","false","preserved existing review_required decision"
"musinsa","UNKNOWN","001001","상의 > 반소매 티셔츠","confirmed","tops","tshirt","tshirt","short_sleeve","not_applicable","not_applicable","not_applicable","not_applicable","tops","short_sleeve","direct","true","preserved existing confirmed decision"
"musinsa","UNKNOWN","001002","상의 > 셔츠/블라우스","confirmed","tops","shirt_blouse","shirt_blouse","not_applicable","not_applicable","not_applicable","not_applicable","not_applicable","tops","shirt_blouse","direct","true","preserved existing confirmed decision"
"musinsa","UNKNOWN","001003","상의 > 피케/카라 티셔츠","confirmed","tops","polo_shirt","polo_shirt","not_applicable","not_applicable","not_applicable","not_applicable","not_applicable","tops","polo_shirt","direct","true","preserved existing confirmed decision"
"musinsa","UNKNOWN","001004","상의 > 후드 티셔츠","confirmed","tops","hoodie","hoodie","not_applicable","not_applicable","not_applicable","not_applicable","not_applicable","tops","hoodie","direct","true","preserved existing confirmed decision"
"musinsa","UNKNOWN","001005","상의 > 맨투맨/스웨트","confirmed","tops","sweatshirt","sweatshirt","not_applicable","not_applicable","not_applicable","not_applicable","not_applicable","tops","sweatshirt","direct","true","preserved existing confirmed decision"
"musinsa","UNKNOWN","001006","상의 > 니트/스웨터","confirmed","tops","knit_sweater","knit_sweater","not_applicable","not_applicable","not_applicable","not_applicable","not_applicable","tops","knit_sweater","direct","true","preserved existing confirmed decision"
"musinsa","UNKNOWN","001008","상의 > 기타 상의","review_required","","","","not_applicable","not_applicable","not_applicable","not_applicable","not_applicable","","","review_required","false","preserved existing review_required decision"
"musinsa","UNKNOWN","001010","상의 > 긴소매 티셔츠","confirmed","tops","tshirt","tshirt","long_sleeve","not_applicable","not_applicable","not_applicable","not_applicable","tops","long_sleeve","direct","true","preserved existing confirmed decision"
"musinsa","UNKNOWN","001011","상의 > 민소매 티셔츠","confirmed","tops","tank_top","tank_top","sleeveless","not_applicable","not_applicable","not_applicable","not_applicable","tops","sleeveless","direct","true","preserved existing confirmed decision"
"musinsa","UNKNOWN","002","아우터","navigation_only","","","","not_applicable","not_applicable","not_applicable","not_applicable","not_applicable","","","navigation_only","false","preserved existing review_required decision"
"musinsa","UNKNOWN","002001","아우터 > 블루종/MA-1","review_required","","","","not_applicable","not_applicable","not_applicable","not_applicable","not_applicable","","","review_required","false","preserved existing review_required decision"
"musinsa","UNKNOWN","002002","아우터 > 레더/라이더스 재킷","review_required","","","","not_applicable","not_applicable","not_applicable","not_applicable","not_applicable","","","review_required","false","preserved existing review_required decision"
"musinsa","UNKNOWN","002003","아우터 > 슈트/블레이저 재킷","confirmed","outerwear","blazer","blazer","not_applicable","not_applicable","not_applicable","not_applicable","not_applicable","outerwear","blazer","direct","true","preserved existing confirmed decision"
"musinsa","UNKNOWN","002004","아우터 > 스타디움 재킷","review_required","","","","not_applicable","not_applicable","not_applicable","not_applicable","not_applicable","","","review_required","false","preserved existing review_required decision"
"musinsa","UNKNOWN","002006","아우터 > 나일론/코치 재킷","review_required","","","","not_applicable","not_applicable","not_applicable","not_applicable","not_applicable","","","review_required","false","preserved existing review_required decision"
"musinsa","UNKNOWN","002007","아우터 > 겨울 싱글 코트","confirmed","outerwear","coat","coat","not_applicable","not_applicable","not_applicable","not_applicable","not_applicable","outerwear","coat","direct","true","preserved existing confirmed decision"
"musinsa","UNKNOWN","002008","아우터 > 환절기 코트","confirmed","outerwear","coat","coat","not_applicable","not_applicable","not_applicable","not_applicable","not_applicable","outerwear","coat","direct","true","preserved existing confirmed decision"
"musinsa","UNKNOWN","002009","아우터 > 겨울 기타 코트","confirmed","outerwear","coat","coat","not_applicable","not_applicable","not_applicable","not_applicable","not_applicable","outerwear","coat","direct","true","preserved existing confirmed decision"
"musinsa","UNKNOWN","002012","아우터 > 숏패딩/헤비 아우터","confirmed","outerwear","puffer_jacket","puffer_jacket","not_applicable","not_applicable","not_applicable","not_applicable","short_body","outerwear","short_padding","direct","true","preserved existing confirmed decision"
"musinsa","UNKNOWN","002013","아우터 > 롱패딩/헤비 아우터","confirmed","outerwear","puffer_jacket","puffer_jacket","not_applicable","not_applicable","not_applicable","not_applicable","long_body","outerwear","long_padding","direct","true","preserved existing confirmed decision"
"musinsa","UNKNOWN","002014","아우터 > 사파리/헌팅 재킷","review_required","","","","not_applicable","not_applicable","not_applicable","not_applicable","not_applicable","","","review_required","false","preserved existing review_required decision"
"musinsa","UNKNOWN","002015","아우터 > 기타 아우터","review_required","","","","not_applicable","not_applicable","not_applicable","not_applicable","not_applicable","","","review_required","false","preserved existing review_required decision"
"musinsa","UNKNOWN","002017","아우터 > 트러커 재킷","review_required","","","","not_applicable","not_applicable","not_applicable","not_applicable","not_applicable","","","review_required","false","preserved existing review_required decision"
"musinsa","UNKNOWN","002018","아우터 > 트레이닝 재킷","review_required","","","","not_applicable","not_applicable","not_applicable","not_applicable","not_applicable","","","review_required","false","preserved existing review_required decision"
"musinsa","UNKNOWN","002019","아우터 > 아노락 재킷","confirmed","outerwear","anorak","anorak","not_applicable","not_applicable","not_applicable","not_applicable","not_applicable","outerwear","anorak","direct","true","preserved existing confirmed decision"
"musinsa","UNKNOWN","002020","아우터 > 카디건","confirmed","tops","cardigan","cardigan","not_applicable","not_applicable","not_applicable","not_applicable","not_applicable","outerwear","cardigan","direct","true","preserved existing confirmed decision"
"musinsa","UNKNOWN","002021","아우터 > 베스트","confirmed","","outer_vest","outer_vest","not_applicable","not_applicable","not_applicable","not_applicable","not_applicable","outerwear","vest","direct","true","preserved existing confirmed decision"
"musinsa","UNKNOWN","002022","아우터 > 후드 집업","confirmed","tops","zip_hoodie","zip_hoodie","not_applicable","not_applicable","not_applicable","not_applicable","not_applicable","outerwear","jumper","direct","true","preserved existing confirmed decision"
"musinsa","UNKNOWN","002023","아우터 > 플리스/뽀글이","confirmed","outerwear","fleece_jacket","fleece_jacket","not_applicable","not_applicable","not_applicable","not_applicable","not_applicable","outerwear","fleece","direct","true","preserved existing confirmed decision"
"musinsa","UNKNOWN","002024","아우터 > 겨울 더블 코트","confirmed","outerwear","coat","coat","not_applicable","not_applicable","not_applicable","not_applicable","not_applicable","outerwear","coat","direct","true","preserved existing confirmed decision"
"musinsa","UNKNOWN","002025","아우터 > 무스탕/퍼","confirmed","outerwear","mouton","mouton","not_applicable","not_applicable","not_applicable","not_applicable","not_applicable","outerwear","mouton","direct","true","preserved existing confirmed decision"
"musinsa","UNKNOWN","002027","아우터 > 경량 패딩/패딩 베스트","navigation_only","","","","not_applicable","not_applicable","not_applicable","not_applicable","not_applicable","","","navigation_only","false","preserved existing review_required decision"
"musinsa","UNKNOWN","002027001","아우터 > 경량 패딩/패딩 베스트 > 경량 패딩","confirmed","outerwear","puffer_jacket","puffer_jacket","not_applicable","not_applicable","not_applicable","not_applicable","not_applicable","outerwear","light_padding","direct","true","preserved existing confirmed decision"
"musinsa","UNKNOWN","002027002","아우터 > 경량 패딩/패딩 베스트 > 패딩 베스트","confirmed","outerwear","puffer_vest","puffer_vest","not_applicable","not_applicable","not_applicable","not_applicable","not_applicable","outerwear","padded_vest","direct","true","preserved existing confirmed decision"
"musinsa","UNKNOWN","003","바지","navigation_only","","","","not_applicable","not_applicable","not_applicable","not_applicable","not_applicable","","","navigation_only","false","preserved existing review_required decision"
"musinsa","UNKNOWN","003002","바지 > 데님 팬츠","confirmed","bottoms","denim_pants","standard_pants","not_applicable","not_applicable","not_applicable","not_applicable","not_applicable","bottoms","jeans","direct","true","preserved existing confirmed decision"
"musinsa","UNKNOWN","003004","바지 > 트레이닝/조거 팬츠","confirmed","bottoms","sweat_jogger_pants","standard_pants","not_applicable","not_applicable","not_applicable","not_applicable","not_applicable","bottoms","sweat_jogger","direct","true","preserved existing confirmed decision"
"musinsa","UNKNOWN","003005","바지 > 레깅스","confirmed","leggings","leggings","leggings","not_applicable","not_applicable","not_applicable","not_applicable","not_applicable","leggings","leggings","direct","true","preserved existing confirmed decision"
"musinsa","UNKNOWN","003006","바지 > 기타 하의","review_required","","","","not_applicable","not_applicable","not_applicable","not_applicable","not_applicable","","","review_required","false","preserved existing review_required decision"
"musinsa","UNKNOWN","003007","바지 > 코튼 팬츠","confirmed","bottoms","chino_cotton_pants","standard_pants","not_applicable","not_applicable","not_applicable","not_applicable","not_applicable","bottoms","chino_cotton","direct","true","preserved existing confirmed decision"
"musinsa","UNKNOWN","003008","바지 > 슈트 팬츠/슬랙스","confirmed","bottoms","slacks_trousers","standard_pants","not_applicable","not_applicable","not_applicable","not_applicable","not_applicable","bottoms","slacks_trousers","direct","true","preserved existing confirmed decision"
"musinsa","UNKNOWN","003009","바지 > 숏 팬츠","confirmed","","other_standard_pants","standard_pants","not_applicable","short_length","not_applicable","not_applicable","not_applicable","bottoms","short_pants","direct","true","preserved existing confirmed decision"
"musinsa","UNKNOWN","003010","바지 > 점프 슈트/오버올","rejected","","","","not_applicable","not_applicable","not_applicable","not_applicable","not_applicable","","","rejected","false","preserved existing rejected decision"
"musinsa","UNKNOWN","004","가방","navigation_only","","","","unknown","unknown","not_applicable","not_applicable","unknown","","","navigation_only","false","navigation grouping/non-leaf"
"musinsa","UNKNOWN","004001","가방 > 백팩","rejected","","","","unknown","unknown","not_applicable","not_applicable","unknown","","","rejected","false","path denotes non-garment merchandise"
"musinsa","UNKNOWN","004002","가방 > 메신저/크로스 백","rejected","","","","unknown","unknown","not_applicable","not_applicable","unknown","","","rejected","false","path denotes non-garment merchandise"
"musinsa","UNKNOWN","004003","가방 > 숄더백","rejected","","","","unknown","unknown","not_applicable","not_applicable","unknown","","","rejected","false","path denotes non-garment merchandise"
"musinsa","UNKNOWN","004005","가방 > 클러치 백","rejected","","","","unknown","unknown","not_applicable","not_applicable","unknown","","","rejected","false","path denotes non-garment merchandise"
"musinsa","UNKNOWN","004006","가방 > 보스턴/더플백","rejected","","","","unknown","unknown","not_applicable","not_applicable","unknown","","","rejected","false","path denotes non-garment merchandise"
"musinsa","UNKNOWN","004007","가방 > 웨이스트 백","rejected","","","","unknown","unknown","not_applicable","not_applicable","unknown","","","rejected","false","path denotes non-garment merchandise"
"musinsa","UNKNOWN","004008","가방 > 브리프 케이스","confirmed","underwear","briefs","underwear_bottom","unknown","unknown","not_applicable","not_applicable","unknown","underwear","","transform_required","true","bounded official product sample is semantically consistent"
"musinsa","UNKNOWN","004009","가방 > 캐리어","rejected","","","","unknown","unknown","not_applicable","not_applicable","unknown","","","rejected","false","path denotes non-garment merchandise"
"musinsa","UNKNOWN","004012","가방 > 가방 소품","rejected","","","","unknown","unknown","not_applicable","not_applicable","unknown","","","rejected","false","path denotes non-garment merchandise"
"musinsa","UNKNOWN","004013","가방 > 파우치 백","rejected","","","","unknown","unknown","not_applicable","not_applicable","unknown","","","rejected","false","path denotes non-garment merchandise"
"musinsa","UNKNOWN","004014","가방 > 에코백","rejected","","","","unknown","unknown","not_applicable","not_applicable","unknown","","","rejected","false","path denotes non-garment merchandise"
"musinsa","UNKNOWN","004015","가방 > 토트백","rejected","","","","unknown","unknown","not_applicable","not_applicable","unknown","","","rejected","false","path denotes non-garment merchandise"
"musinsa","UNKNOWN","004016","가방 > 지갑/머니클립","rejected","","","","unknown","unknown","not_applicable","not_applicable","unknown","","","rejected","false","path denotes non-garment merchandise"
"musinsa","UNKNOWN","017","스포츠/레저","navigation_only","","","","not_applicable","not_applicable","not_applicable","not_applicable","not_applicable","","","navigation_only","false","preserved existing review_required decision"
"musinsa","UNKNOWN","017016","스포츠/레저 > 상의","navigation_only","","","","not_applicable","not_applicable","not_applicable","not_applicable","not_applicable","","","navigation_only","false","preserved existing confirmed decision"
"musinsa","UNKNOWN","017016001","스포츠/레저 > 상의 > 니트/스웨터","confirmed","tops","knit_sweater","knit_sweater","not_applicable","not_applicable","not_applicable","not_applicable","not_applicable","tops","knit_sweater","direct","true","preserved existing confirmed decision"
"musinsa","UNKNOWN","017016002","스포츠/레저 > 상의 > 긴소매 티셔츠","confirmed","tops","tshirt","tshirt","long_sleeve","not_applicable","not_applicable","not_applicable","not_applicable","tops","long_sleeve","direct","true","preserved existing confirmed decision"
"musinsa","UNKNOWN","017016003","스포츠/레저 > 상의 > 나시/민소매 티셔츠","confirmed","tops","tank_top","tank_top","sleeveless","not_applicable","not_applicable","not_applicable","not_applicable","tops","sleeveless","direct","true","preserved existing confirmed decision"
"musinsa","UNKNOWN","017016004","스포츠/레저 > 상의 > 맨투맨/스웨트","confirmed","tops","sweatshirt","sweatshirt","not_applicable","not_applicable","not_applicable","not_applicable","not_applicable","tops","sweatshirt","direct","true","preserved existing confirmed decision"
"musinsa","UNKNOWN","017016005","스포츠/레저 > 상의 > 반소매 티셔츠","confirmed","tops","tshirt","tshirt","short_sleeve","not_applicable","not_applicable","not_applicable","not_applicable","tops","short_sleeve","direct","true","preserved existing confirmed decision"
"musinsa","UNKNOWN","017016006","스포츠/레저 > 상의 > 피케/카라 티셔츠","confirmed","tops","polo_shirt","polo_shirt","not_applicable","not_applicable","not_applicable","not_applicable","not_applicable","tops","polo_shirt","direct","true","preserved existing confirmed decision"
"musinsa","UNKNOWN","017016007","스포츠/레저 > 상의 > 후드 티셔츠","confirmed","tops","hoodie","hoodie","not_applicable","not_applicable","not_applicable","not_applicable","not_applicable","tops","hoodie","direct","true","preserved existing confirmed decision"
"musinsa","UNKNOWN","017016008","스포츠/레저 > 상의 > 기타상의","confirmed","","sports_top","sports_top","not_applicable","not_applicable","not_applicable","not_applicable","not_applicable","tops","","direct","true","preserved existing confirmed decision"
"musinsa","UNKNOWN","017016009","스포츠/레저 > 상의 > 브라탑","rejected","","","","not_applicable","not_applicable","not_applicable","not_applicable","not_applicable","","","rejected","false","preserved existing rejected decision"
"musinsa","UNKNOWN","017016010","스포츠/레저 > 상의 > 언더레이어","confirmed","","base_layer_top","base_layer_top","not_applicable","not_applicable","not_applicable","not_applicable","not_applicable","tops","base_layer_top","direct","true","preserved existing confirmed decision"
"musinsa","UNKNOWN","017016011","스포츠/레저 > 상의 > 유니폼","confirmed","","sports_top","sports_top","not_applicable","not_applicable","not_applicable","not_applicable","not_applicable","tops","sports_top","direct","true","preserved existing confirmed decision"
"musinsa","UNKNOWN","017017","스포츠/레저 > 스커트","navigation_only","","","","not_applicable","not_applicable","not_applicable","not_applicable","not_applicable","","","navigation_only","false","preserved existing confirmed decision"
"musinsa","UNKNOWN","017017002","스포츠/레저 > 스커트 > 미니스커트","confirmed","skirts","skirt","skirt","not_applicable","not_applicable","not_applicable","not_applicable","short_body","skirts","skirt","direct","true","preserved existing confirmed decision"
"musinsa","UNKNOWN","017017003","스포츠/레저 > 스커트 > 미디스커트","confirmed","skirts","skirt","skirt","not_applicable","not_applicable","not_applicable","not_applicable","medium_body","skirts","skirt","direct","true","preserved existing confirmed decision"
"musinsa","UNKNOWN","017018","스포츠/레저 > 아우터","navigation_only","","","","not_applicable","not_applicable","not_applicable","not_applicable","not_applicable","","","navigation_only","false","preserved existing review_required decision"
"musinsa","UNKNOWN","017018001","스포츠/레저 > 아우터 > 베스트","review_required","","","","not_applicable","not_applicable","not_applicable","not_applicable","not_applicable","","","review_required","false","preserved existing review_required decision"
"musinsa","UNKNOWN","017018002","스포츠/레저 > 아우터 > 기타 점퍼/재킷","review_required","","","","not_applicable","not_applicable","not_applicable","not_applicable","not_applicable","","","review_required","false","preserved existing review_required decision"
"musinsa","UNKNOWN","017018003","스포츠/레저 > 아우터 > 나일론/코치 재킷","review_required","","","","not_applicable","not_applicable","not_applicable","not_applicable","not_applicable","","","review_required","false","preserved existing review_required decision"
"musinsa","UNKNOWN","017018006","스포츠/레저 > 아우터 > 스타디움 재킷","review_required","","","","not_applicable","not_applicable","not_applicable","not_applicable","not_applicable","","","review_required","false","preserved existing review_required decision"
"musinsa","UNKNOWN","017018007","스포츠/레저 > 아우터 > 아노락 재킷","confirmed","outerwear","anorak","anorak","not_applicable","not_applicable","not_applicable","not_applicable","not_applicable","outerwear","anorak","direct","true","preserved existing confirmed decision"
"musinsa","UNKNOWN","017018008","스포츠/레저 > 아우터 > 트레이닝 재킷","review_required","","","","not_applicable","not_applicable","not_applicable","not_applicable","not_applicable","","","review_required","false","preserved existing review_required decision"
"musinsa","UNKNOWN","017018009","스포츠/레저 > 아우터 > 플리스","confirmed","outerwear","fleece_jacket","fleece_jacket","not_applicable","not_applicable","not_applicable","not_applicable","not_applicable","outerwear","fleece","direct","true","preserved existing confirmed decision"
"musinsa","UNKNOWN","017018010","스포츠/레저 > 아우터 > 카디건","confirmed","tops","cardigan","cardigan","not_applicable","not_applicable","not_applicable","not_applicable","not_applicable","outerwear","cardigan","direct","true","preserved existing confirmed decision"
"musinsa","UNKNOWN","017018011","스포츠/레저 > 아우터 > 레인코트","review_required","","","","not_applicable","not_applicable","not_applicable","not_applicable","not_applicable","","","review_required","false","preserved existing review_required decision"
"musinsa","UNKNOWN","017018013","스포츠/레저 > 아우터 > 롱 패딩/롱 헤비 아우터","review_required","","","","not_applicable","not_applicable","not_applicable","not_applicable","not_applicable","","","review_required","false","preserved existing review_required decision"
"musinsa","UNKNOWN","017018014","스포츠/레저 > 아우터 > 숏 패딩/숏 헤비 아우터","review_required","","","","not_applicable","not_applicable","not_applicable","not_applicable","not_applicable","","","review_required","false","preserved existing review_required decision"
"musinsa","UNKNOWN","017018015","스포츠/레저 > 아우터 > 하프 패딩/하프 헤비 아우터","review_required","","","","not_applicable","not_applicable","not_applicable","not_applicable","not_applicable","","","review_required","false","preserved existing review_required decision"
"musinsa","UNKNOWN","017018016","스포츠/레저 > 아우터 > 후드 집업","confirmed","tops","zip_hoodie","zip_hoodie","not_applicable","not_applicable","not_applicable","not_applicable","not_applicable","outerwear","jumper","direct","true","preserved existing confirmed decision"
"musinsa","UNKNOWN","017018017","스포츠/레저 > 아우터 > 유니폼","review_required","","","","not_applicable","not_applicable","not_applicable","not_applicable","not_applicable","","","review_required","false","preserved existing review_required decision"
"musinsa","UNKNOWN","017018018","스포츠/레저 > 아우터 > 패딩 베스트","confirmed","outerwear","puffer_vest","puffer_vest","not_applicable","not_applicable","not_applicable","not_applicable","not_applicable","outerwear","padded_vest","direct","true","preserved existing confirmed decision"
"musinsa","UNKNOWN","017018019","스포츠/레저 > 아우터 > 블레이저","confirmed","outerwear","blazer","blazer","not_applicable","not_applicable","not_applicable","not_applicable","not_applicable","outerwear","blazer","direct","true","preserved existing confirmed decision"
"musinsa","UNKNOWN","017019","스포츠/레저 > 원피스","navigation_only","","","","not_applicable","not_applicable","not_applicable","not_applicable","not_applicable","","","navigation_only","false","preserved existing rejected decision"
"musinsa","UNKNOWN","017019002","스포츠/레저 > 원피스 > 미니 원피스","rejected","","","","not_applicable","not_applicable","not_applicable","not_applicable","not_applicable","","","rejected","false","preserved existing rejected decision"
"musinsa","UNKNOWN","017019003","스포츠/레저 > 원피스 > 미디 원피스","rejected","","","","not_applicable","not_applicable","not_applicable","not_applicable","not_applicable","","","rejected","false","preserved existing rejected decision"
"musinsa","UNKNOWN","017020","스포츠/레저 > 하의","navigation_only","","","","not_applicable","not_applicable","not_applicable","not_applicable","not_applicable","","","navigation_only","false","preserved existing confirmed decision"
"musinsa","UNKNOWN","017020001","스포츠/레저 > 하의 > 기타 바지","confirmed","","sports_bottom","sports_bottom","not_applicable","not_applicable","not_applicable","not_applicable","not_applicable","bottoms","sports_bottom","direct","true","preserved existing confirmed decision"
"musinsa","UNKNOWN","017020002","스포츠/레저 > 하의 > 숏팬츠","confirmed","","other_standard_pants","standard_pants","not_applicable","short_length","not_applicable","not_applicable","not_applicable","bottoms","short_pants","direct","true","preserved existing confirmed decision"
"musinsa","UNKNOWN","017020003","스포츠/레저 > 하의 > 조거 팬츠","confirmed","bottoms","sweat_jogger_pants","standard_pants","not_applicable","not_applicable","not_applicable","not_applicable","not_applicable","bottoms","sweat_jogger","direct","true","preserved existing confirmed decision"
"musinsa","UNKNOWN","017020004","스포츠/레저 > 하의 > 트레이닝 팬츠","confirmed","","sports_bottom","sports_bottom","not_applicable","not_applicable","not_applicable","not_applicable","not_applicable","bottoms","sweat_jogger","direct","true","preserved existing confirmed decision"
"musinsa","UNKNOWN","017020005","스포츠/레저 > 하의 > 점프 슈트","rejected","","","","not_applicable","not_applicable","not_applicable","not_applicable","not_applicable","","","rejected","false","preserved existing rejected decision"
"musinsa","UNKNOWN","017020006","스포츠/레저 > 하의 > 유니폼","confirmed","","sports_bottom","sports_bottom","not_applicable","not_applicable","not_applicable","not_applicable","not_applicable","bottoms","sports_bottom","direct","true","preserved existing confirmed decision"
"musinsa","UNKNOWN","017020007","스포츠/레저 > 하의 > 레깅스","confirmed","leggings","leggings","leggings","not_applicable","not_applicable","not_applicable","not_applicable","not_applicable","leggings","leggings","direct","true","preserved existing confirmed decision"
"musinsa","UNKNOWN","017020010","스포츠/레저 > 하의 > 언더레이어","confirmed","","sports_bottom","sports_bottom","not_applicable","not_applicable","not_applicable","not_applicable","not_applicable","bottoms","sports_bottom","direct","true","preserved existing confirmed decision"
"musinsa","UNKNOWN","017020011","스포츠/레저 > 하의 > 오버롤","rejected","","","","not_applicable","not_applicable","not_applicable","not_applicable","not_applicable","","","rejected","false","preserved existing rejected decision"
"musinsa","UNKNOWN","017020012","스포츠/레저 > 하의 > 일자 팬츠","confirmed","","sports_bottom","sports_bottom","not_applicable","not_applicable","not_applicable","not_applicable","not_applicable","bottoms","sports_bottom","direct","true","preserved existing confirmed decision"
"musinsa","UNKNOWN","017021","스포츠/레저 > 상하의세트","rejected","","","","not_applicable","not_applicable","not_applicable","not_applicable","not_applicable","","","rejected","false","preserved existing rejected decision"
"musinsa","UNKNOWN","017022","스포츠/레저 > 수영복/비치웨어","navigation_only","","","","not_applicable","not_applicable","not_applicable","not_applicable","not_applicable","","","navigation_only","false","preserved existing rejected decision"
"musinsa","UNKNOWN","017022001","스포츠/레저 > 수영복/비치웨어 > 다이빙슈트","rejected","","","","not_applicable","not_applicable","not_applicable","not_applicable","not_applicable","","","rejected","false","preserved existing rejected decision"
"musinsa","UNKNOWN","017022002","스포츠/레저 > 수영복/비치웨어 > 래시가드 하의","rejected","","","","not_applicable","not_applicable","not_applicable","not_applicable","not_applicable","","","rejected","false","preserved existing rejected decision"
"musinsa","UNKNOWN","017022003","스포츠/레저 > 수영복/비치웨어 > 래시가드 상의","rejected","","","","not_applicable","not_applicable","not_applicable","not_applicable","not_applicable","","","rejected","false","preserved existing rejected decision"
"musinsa","UNKNOWN","017022004","스포츠/레저 > 수영복/비치웨어 > 래시가드 세트","rejected","","","","not_applicable","not_applicable","not_applicable","not_applicable","not_applicable","","","rejected","false","preserved existing rejected decision"
"musinsa","UNKNOWN","017022005","스포츠/레저 > 수영복/비치웨어 > 워터 레깅스","confirmed","leggings","leggings","leggings","not_applicable","not_applicable","not_applicable","not_applicable","not_applicable","leggings","other_leggings","direct","true","preserved existing confirmed decision"
"musinsa","UNKNOWN","017022006","스포츠/레저 > 수영복/비치웨어 > 반신수영복","rejected","","","","not_applicable","not_applicable","not_applicable","not_applicable","not_applicable","","","rejected","false","preserved existing rejected decision"
"musinsa","UNKNOWN","017022007","스포츠/레저 > 수영복/비치웨어 > 비키니","rejected","","","","not_applicable","not_applicable","not_applicable","not_applicable","not_applicable","","","rejected","false","preserved existing rejected decision"
"musinsa","UNKNOWN","017022008","스포츠/레저 > 수영복/비치웨어 > 사각수영복","rejected","","","","not_applicable","not_applicable","not_applicable","not_applicable","not_applicable","","","rejected","false","preserved existing rejected decision"
"musinsa","UNKNOWN","017022009","스포츠/레저 > 수영복/비치웨어 > 삼각수영복","rejected","","","","not_applicable","not_applicable","not_applicable","not_applicable","not_applicable","","","rejected","false","preserved existing rejected decision"
"musinsa","UNKNOWN","017022010","스포츠/레저 > 수영복/비치웨어 > 원피스수영복","rejected","","","","not_applicable","not_applicable","not_applicable","not_applicable","not_applicable","","","rejected","false","preserved existing rejected decision"
"musinsa","UNKNOWN","017022011","스포츠/레저 > 수영복/비치웨어 > 전신수영복","rejected","","","","not_applicable","not_applicable","not_applicable","not_applicable","not_applicable","","","rejected","false","preserved existing rejected decision"
"musinsa","UNKNOWN","017022012","스포츠/레저 > 수영복/비치웨어 > 브라탑","rejected","","","","not_applicable","not_applicable","not_applicable","not_applicable","not_applicable","","","rejected","false","preserved existing rejected decision"
"musinsa","UNKNOWN","017023","스포츠/레저 > 신발","navigation_only","","","","not_applicable","not_applicable","not_applicable","not_applicable","not_applicable","","","navigation_only","false","preserved existing rejected decision"
"musinsa","UNKNOWN","017023001","스포츠/레저 > 신발 > 골프화","rejected","","","","not_applicable","not_applicable","not_applicable","not_applicable","not_applicable","","","rejected","false","preserved existing rejected decision"
"musinsa","UNKNOWN","017023002","스포츠/레저 > 신발 > 라이프스타일화","rejected","","","","not_applicable","not_applicable","not_applicable","not_applicable","not_applicable","","","rejected","false","preserved existing rejected decision"
"musinsa","UNKNOWN","017023003","스포츠/레저 > 신발 > 농구화","rejected","","","","not_applicable","not_applicable","not_applicable","not_applicable","not_applicable","","","rejected","false","preserved existing rejected decision"
"musinsa","UNKNOWN","017023004","스포츠/레저 > 신발 > 등산/트레킹화","rejected","","","","not_applicable","not_applicable","not_applicable","not_applicable","not_applicable","","","rejected","false","preserved existing rejected decision"
"musinsa","UNKNOWN","017023005","스포츠/레저 > 신발 > 러닝화","rejected","","","","not_applicable","not_applicable","not_applicable","not_applicable","not_applicable","","","rejected","false","preserved existing rejected decision"
"musinsa","UNKNOWN","017023006","스포츠/레저 > 신발 > 배드민턴화","rejected","","","","not_applicable","not_applicable","not_applicable","not_applicable","not_applicable","","","rejected","false","preserved existing rejected decision"
"musinsa","UNKNOWN","017023007","스포츠/레저 > 신발 > 보드화","rejected","","","","not_applicable","not_applicable","not_applicable","not_applicable","not_applicable","","","rejected","false","preserved existing rejected decision"
"musinsa","UNKNOWN","017023008","스포츠/레저 > 신발 > 야구화","rejected","","","","not_applicable","not_applicable","not_applicable","not_applicable","not_applicable","","","rejected","false","preserved existing rejected decision"
"musinsa","UNKNOWN","017023009","스포츠/레저 > 신발 > 자전거화","rejected","","","","not_applicable","not_applicable","not_applicable","not_applicable","not_applicable","","","rejected","false","preserved existing rejected decision"
"musinsa","UNKNOWN","017023010","스포츠/레저 > 신발 > 축구화","rejected","","","","not_applicable","not_applicable","not_applicable","not_applicable","not_applicable","","","rejected","false","preserved existing rejected decision"
"musinsa","UNKNOWN","017023011","스포츠/레저 > 신발 > 테니스화","rejected","","","","not_applicable","not_applicable","not_applicable","not_applicable","not_applicable","","","rejected","false","preserved existing rejected decision"
"musinsa","UNKNOWN","017023012","스포츠/레저 > 신발 > 피트니스화","rejected","","","","not_applicable","not_applicable","not_applicable","not_applicable","not_applicable","","","rejected","false","preserved existing rejected decision"
"musinsa","UNKNOWN","017023013","스포츠/레저 > 신발 > 워터스포츠화","rejected","","","","not_applicable","not_applicable","not_applicable","not_applicable","not_applicable","","","rejected","false","preserved existing rejected decision"
"musinsa","UNKNOWN","017024","스포츠/레저 > 기구/용품/장비","navigation_only","","","","not_applicable","not_applicable","not_applicable","not_applicable","not_applicable","","","navigation_only","false","preserved existing rejected decision"
"musinsa","UNKNOWN","017024001","스포츠/레저 > 기구/용품/장비 > 골프용품","rejected","","","","not_applicable","not_applicable","not_applicable","not_applicable","not_applicable","","","rejected","false","preserved existing rejected decision"
"musinsa","UNKNOWN","017024002","스포츠/레저 > 기구/용품/장비 > 기타 스포츠 용품","rejected","","","","not_applicable","not_applicable","not_applicable","not_applicable","not_applicable","","","rejected","false","preserved existing rejected decision"
"musinsa","UNKNOWN","017024003","스포츠/레저 > 기구/용품/장비 > 구기 스포츠 용품","rejected","","","","not_applicable","not_applicable","not_applicable","not_applicable","not_applicable","","","rejected","false","preserved existing rejected decision"
"musinsa","UNKNOWN","017024004","스포츠/레저 > 기구/용품/장비 > 등산용품","rejected","","","","not_applicable","not_applicable","not_applicable","not_applicable","not_applicable","","","rejected","false","preserved existing rejected decision"
"musinsa","UNKNOWN","017024005","스포츠/레저 > 기구/용품/장비 > 라켓 스포츠 용품","rejected","","","","not_applicable","not_applicable","not_applicable","not_applicable","not_applicable","","","rejected","false","preserved existing rejected decision"
"musinsa","UNKNOWN","017024006","스포츠/레저 > 기구/용품/장비 > 라이딩 스포츠 용품","rejected","","","","not_applicable","not_applicable","not_applicable","not_applicable","not_applicable","","","rejected","false","preserved existing rejected decision"
"musinsa","UNKNOWN","017024007","스포츠/레저 > 기구/용품/장비 > 보호대/헬멧/보호용품","rejected","","","","not_applicable","not_applicable","not_applicable","not_applicable","not_applicable","","","rejected","false","preserved existing rejected decision"
"musinsa","UNKNOWN","017024010","스포츠/레저 > 기구/용품/장비 > 수영/서핑/다이빙 용품","rejected","","","","not_applicable","not_applicable","not_applicable","not_applicable","not_applicable","","","rejected","false","preserved existing rejected decision"
"musinsa","UNKNOWN","017024011","스포츠/레저 > 기구/용품/장비 > 스키/스노우보드 용품","rejected","","","","not_applicable","not_applicable","not_applicable","not_applicable","not_applicable","","","rejected","false","preserved existing rejected decision"
"musinsa","UNKNOWN","017024012","스포츠/레저 > 기구/용품/장비 > 야구용품","rejected","","","","not_applicable","not_applicable","not_applicable","not_applicable","not_applicable","","","rejected","false","preserved existing rejected decision"
"musinsa","UNKNOWN","017024013","스포츠/레저 > 기구/용품/장비 > 스트레칭/마사지","rejected","","","","not_applicable","not_applicable","not_applicable","not_applicable","not_applicable","","","rejected","false","preserved existing rejected decision"
"musinsa","UNKNOWN","017024015","스포츠/레저 > 기구/용품/장비 > 축구용품","rejected","","","","not_applicable","not_applicable","not_applicable","not_applicable","not_applicable","","","rejected","false","preserved existing rejected decision"
"musinsa","UNKNOWN","017024016","스포츠/레저 > 기구/용품/장비 > 테이프/아대","rejected","","","","not_applicable","not_applicable","not_applicable","not_applicable","not_applicable","","","rejected","false","preserved existing rejected decision"
"musinsa","UNKNOWN","017024017","스포츠/레저 > 기구/용품/장비 > 피트니스 기구","rejected","","","","not_applicable","not_applicable","not_applicable","not_applicable","not_applicable","","","rejected","false","preserved existing rejected decision"
"musinsa","UNKNOWN","017024018","스포츠/레저 > 기구/용품/장비 > 근력 /유산소 용품","rejected","","","","not_applicable","not_applicable","not_applicable","not_applicable","not_applicable","","","rejected","false","preserved existing rejected decision"
"musinsa","UNKNOWN","017024019","스포츠/레저 > 기구/용품/장비 > 유지관리용품","rejected","","","","not_applicable","not_applicable","not_applicable","not_applicable","not_applicable","","","rejected","false","preserved existing rejected decision"
"musinsa","UNKNOWN","017024020","스포츠/레저 > 기구/용품/장비 > 낚시용품","rejected","","","","not_applicable","not_applicable","not_applicable","not_applicable","not_applicable","","","rejected","false","preserved existing rejected decision"
"musinsa","UNKNOWN","017024021","스포츠/레저 > 기구/용품/장비 > 캠핑용품","rejected","","","","not_applicable","not_applicable","not_applicable","not_applicable","not_applicable","","","rejected","false","preserved existing rejected decision"
"musinsa","UNKNOWN","017025","스포츠/레저 > 가방","navigation_only","","","","not_applicable","not_applicable","not_applicable","not_applicable","not_applicable","","","navigation_only","false","preserved existing rejected decision"
"musinsa","UNKNOWN","017025001","스포츠/레저 > 가방 > 골프가방","rejected","","","","not_applicable","not_applicable","not_applicable","not_applicable","not_applicable","","","rejected","false","preserved existing rejected decision"
"musinsa","UNKNOWN","017025002","스포츠/레저 > 가방 > 공가방","rejected","","","","not_applicable","not_applicable","not_applicable","not_applicable","not_applicable","","","rejected","false","preserved existing rejected decision"
"musinsa","UNKNOWN","017025003","스포츠/레저 > 가방 > 공구가방","rejected","","","","not_applicable","not_applicable","not_applicable","not_applicable","not_applicable","","","rejected","false","preserved existing rejected decision"
"musinsa","UNKNOWN","017025005","스포츠/레저 > 가방 > 기타가방","rejected","","","","not_applicable","not_applicable","not_applicable","not_applicable","not_applicable","","","rejected","false","preserved existing rejected decision"
"musinsa","UNKNOWN","017025006","스포츠/레저 > 가방 > 라켓가방","rejected","","","","not_applicable","not_applicable","not_applicable","not_applicable","not_applicable","","","rejected","false","preserved existing rejected decision"
"musinsa","UNKNOWN","017025007","스포츠/레저 > 가방 > 레인커버","rejected","","","","not_applicable","not_applicable","not_applicable","not_applicable","not_applicable","","","rejected","false","preserved existing rejected decision"
"musinsa","UNKNOWN","017025008","스포츠/레저 > 가방 > 매트가방","rejected","","","","not_applicable","not_applicable","not_applicable","not_applicable","not_applicable","","","rejected","false","preserved existing rejected decision"
"musinsa","UNKNOWN","017025009","스포츠/레저 > 가방 > 방수가방","rejected","","","","not_applicable","not_applicable","not_applicable","not_applicable","not_applicable","","","rejected","false","preserved existing rejected decision"
"musinsa","UNKNOWN","017025011","스포츠/레저 > 가방 > 보드가방","rejected","","","","not_applicable","not_applicable","not_applicable","not_applicable","not_applicable","","","rejected","false","preserved existing rejected decision"
"musinsa","UNKNOWN","017025013","스포츠/레저 > 가방 > 스틱가방","rejected","","","","not_applicable","not_applicable","not_applicable","not_applicable","not_applicable","","","rejected","false","preserved existing rejected decision"
"musinsa","UNKNOWN","017025014","스포츠/레저 > 가방 > 신발가방","rejected","","","","not_applicable","not_applicable","not_applicable","not_applicable","not_applicable","","","rejected","false","preserved existing rejected decision"
"musinsa","UNKNOWN","017025015","스포츠/레저 > 가방 > 안장가방","rejected","","","","not_applicable","not_applicable","not_applicable","not_applicable","not_applicable","","","rejected","false","preserved existing rejected decision"
"musinsa","UNKNOWN","017025017","스포츠/레저 > 가방 > 메신저/크로스 백","rejected","","","","not_applicable","not_applicable","not_applicable","not_applicable","not_applicable","","","rejected","false","preserved existing rejected decision"
"musinsa","UNKNOWN","017025018","스포츠/레저 > 가방 > 백팩","rejected","","","","not_applicable","not_applicable","not_applicable","not_applicable","not_applicable","","","rejected","false","preserved existing rejected decision"
"musinsa","UNKNOWN","017025019","스포츠/레저 > 가방 > 보스턴/더플백","rejected","","","","not_applicable","not_applicable","not_applicable","not_applicable","not_applicable","","","rejected","false","preserved existing rejected decision"
"musinsa","UNKNOWN","017025020","스포츠/레저 > 가방 > 숄더백","rejected","","","","not_applicable","not_applicable","not_applicable","not_applicable","not_applicable","","","rejected","false","preserved existing rejected decision"
"musinsa","UNKNOWN","017025021","스포츠/레저 > 가방 > 웨이스트 백","rejected","","","","not_applicable","not_applicable","not_applicable","not_applicable","not_applicable","","","rejected","false","preserved existing rejected decision"
"musinsa","UNKNOWN","017025022","스포츠/레저 > 가방 > 토트백","rejected","","","","not_applicable","not_applicable","not_applicable","not_applicable","not_applicable","","","rejected","false","preserved existing rejected decision"
"musinsa","UNKNOWN","017026","스포츠/레저 > 잡화","navigation_only","","","","not_applicable","not_applicable","not_applicable","not_applicable","not_applicable","","","navigation_only","false","preserved existing rejected decision"
"musinsa","UNKNOWN","017026001","스포츠/레저 > 잡화 > 장갑","rejected","","","","not_applicable","not_applicable","not_applicable","not_applicable","not_applicable","","","rejected","false","preserved existing rejected decision"
"musinsa","UNKNOWN","017026002","스포츠/레저 > 잡화 > 암밴드","rejected","","","","not_applicable","not_applicable","not_applicable","not_applicable","not_applicable","","","rejected","false","preserved existing rejected decision"
"musinsa","UNKNOWN","017026003","스포츠/레저 > 잡화 > 워머","rejected","","","","not_applicable","not_applicable","not_applicable","not_applicable","not_applicable","","","rejected","false","preserved existing rejected decision"
"musinsa","UNKNOWN","017026004","스포츠/레저 > 잡화 > 토시/슬리브","rejected","","","","not_applicable","not_applicable","not_applicable","not_applicable","not_applicable","","","rejected","false","preserved existing rejected decision"
"musinsa","UNKNOWN","017026005","스포츠/레저 > 잡화 > 반다나/헤어밴드/거트","rejected","","","","not_applicable","not_applicable","not_applicable","not_applicable","not_applicable","","","rejected","false","preserved existing rejected decision"
"musinsa","UNKNOWN","017026006","스포츠/레저 > 잡화 > 양말","rejected","","","","not_applicable","not_applicable","not_applicable","not_applicable","not_applicable","","","rejected","false","preserved existing rejected decision"
"musinsa","UNKNOWN","017026007","스포츠/레저 > 잡화 > 신발용품","rejected","","","","not_applicable","not_applicable","not_applicable","not_applicable","not_applicable","","","rejected","false","preserved existing rejected decision"
"musinsa","UNKNOWN","017026008","스포츠/레저 > 잡화 > 물병","rejected","","","","not_applicable","not_applicable","not_applicable","not_applicable","not_applicable","","","rejected","false","preserved existing rejected decision"
"musinsa","UNKNOWN","017026009","스포츠/레저 > 잡화 > 수건","rejected","","","","not_applicable","not_applicable","not_applicable","not_applicable","not_applicable","","","rejected","false","preserved existing rejected decision"
"musinsa","UNKNOWN","017026010","스포츠/레저 > 잡화 > 스포츠 선글라스","rejected","","","","not_applicable","not_applicable","not_applicable","not_applicable","not_applicable","","","rejected","false","preserved existing rejected decision"
"musinsa","UNKNOWN","017026012","스포츠/레저 > 잡화 > 스포츠 마스크","rejected","","","","not_applicable","not_applicable","not_applicable","not_applicable","not_applicable","","","rejected","false","preserved existing rejected decision"
"musinsa","UNKNOWN","017026014","스포츠/레저 > 잡화 > 방한귀마개","rejected","","","","not_applicable","not_applicable","not_applicable","not_applicable","not_applicable","","","rejected","false","preserved existing rejected decision"
"musinsa","UNKNOWN","017026015","스포츠/레저 > 잡화 > 스포츠 벨트","rejected","","","","not_applicable","not_applicable","not_applicable","not_applicable","not_applicable","","","rejected","false","preserved existing rejected decision"
"musinsa","UNKNOWN","017026016","스포츠/레저 > 잡화 > 기타 잡화","rejected","","","","not_applicable","not_applicable","not_applicable","not_applicable","not_applicable","","","rejected","false","preserved existing rejected decision"
"musinsa","UNKNOWN","017027","스포츠/레저 > 모자","navigation_only","","","","not_applicable","not_applicable","not_applicable","not_applicable","not_applicable","","","navigation_only","false","preserved existing rejected decision"
"musinsa","UNKNOWN","017027001","스포츠/레저 > 모자 > 버킷햇","rejected","","","","not_applicable","not_applicable","not_applicable","not_applicable","not_applicable","","","rejected","false","preserved existing rejected decision"
"musinsa","UNKNOWN","017027002","스포츠/레저 > 모자 > 비니","rejected","","","","not_applicable","not_applicable","not_applicable","not_applicable","not_applicable","","","rejected","false","preserved existing rejected decision"
"musinsa","UNKNOWN","017027003","스포츠/레저 > 모자 > 선캡 / 바이저","rejected","","","","not_applicable","not_applicable","not_applicable","not_applicable","not_applicable","","","rejected","false","preserved existing rejected decision"
"musinsa","UNKNOWN","017027004","스포츠/레저 > 모자 > 볼캡","rejected","","","","not_applicable","not_applicable","not_applicable","not_applicable","not_applicable","","","rejected","false","preserved existing rejected decision"
"musinsa","UNKNOWN","017027005","스포츠/레저 > 모자 > 스냅백","rejected","","","","not_applicable","not_applicable","not_applicable","not_applicable","not_applicable","","","rejected","false","preserved existing rejected decision"
"musinsa","UNKNOWN","017027006","스포츠/레저 > 모자 > 트루퍼","rejected","","","","not_applicable","not_applicable","not_applicable","not_applicable","not_applicable","","","rejected","false","preserved existing rejected decision"
"musinsa","UNKNOWN","017027007","스포츠/레저 > 모자 > 기타 모자","rejected","","","","not_applicable","not_applicable","not_applicable","not_applicable","not_applicable","","","rejected","false","preserved existing rejected decision"
"musinsa","UNKNOWN","026","속옷/홈웨어","navigation_only","","","","not_applicable","not_applicable","not_applicable","not_applicable","not_applicable","","","navigation_only","false","preserved existing rejected decision"
"musinsa","UNKNOWN","026001","속옷/홈웨어 > 여성 속옷 상의","rejected","","","","not_applicable","not_applicable","not_applicable","not_applicable","not_applicable","","","rejected","false","preserved existing rejected decision"
"musinsa","UNKNOWN","026002","속옷/홈웨어 > 여성 속옷 하의","rejected","","","","not_applicable","not_applicable","not_applicable","not_applicable","not_applicable","","","rejected","false","preserved existing rejected decision"
"musinsa","UNKNOWN","026003","속옷/홈웨어 > 여성 속옷 세트","rejected","","","","not_applicable","not_applicable","not_applicable","not_applicable","not_applicable","","","rejected","false","preserved existing rejected decision"
"musinsa","UNKNOWN","026004","속옷/홈웨어 > 남성 속옷","rejected","","","","not_applicable","not_applicable","not_applicable","not_applicable","not_applicable","","","rejected","false","preserved existing rejected decision"
"musinsa","UNKNOWN","026005","속옷/홈웨어 > 홈웨어","rejected","","","","not_applicable","not_applicable","not_applicable","not_applicable","not_applicable","","","rejected","false","preserved existing rejected decision"
"musinsa","UNKNOWN","100","원피스/스커트","navigation_only","","","","not_applicable","not_applicable","not_applicable","not_applicable","not_applicable","","","navigation_only","false","preserved existing review_required decision"
"musinsa","UNKNOWN","100001","원피스/스커트 > 미니원피스","rejected","","","","not_applicable","not_applicable","not_applicable","not_applicable","not_applicable","","","rejected","false","preserved existing rejected decision"
"musinsa","UNKNOWN","100002","원피스/스커트 > 미디원피스","rejected","","","","not_applicable","not_applicable","not_applicable","not_applicable","not_applicable","","","rejected","false","preserved existing rejected decision"
"musinsa","UNKNOWN","100003","원피스/스커트 > 맥시원피스","rejected","","","","not_applicable","not_applicable","not_applicable","not_applicable","not_applicable","","","rejected","false","preserved existing rejected decision"
"musinsa","UNKNOWN","100004","원피스/스커트 > 미니스커트","confirmed","skirts","skirt","skirt","not_applicable","not_applicable","not_applicable","not_applicable","short_body","skirts","skirt","direct","true","preserved existing confirmed decision"
"musinsa","UNKNOWN","100005","원피스/스커트 > 미디스커트","confirmed","skirts","skirt","skirt","not_applicable","not_applicable","not_applicable","not_applicable","medium_body","skirts","skirt","direct","true","preserved existing confirmed decision"
"musinsa","UNKNOWN","100006","원피스/스커트 > 롱스커트","confirmed","skirts","skirt","skirt","not_applicable","not_applicable","not_applicable","not_applicable","long_body","skirts","skirt","direct","true","preserved existing confirmed decision"
"musinsa","UNKNOWN","101","소품","navigation_only","","","","unknown","unknown","not_applicable","not_applicable","unknown","","","navigation_only","false","navigation grouping/non-leaf"
"musinsa","UNKNOWN","101002","소품 > 양말/레그웨어","navigation_only","","","","unknown","unknown","not_applicable","not_applicable","unknown","","","navigation_only","false","navigation grouping/non-leaf"
"musinsa","UNKNOWN","101002001","소품 > 양말/레그웨어 > 양말","rejected","","","","unknown","unknown","not_applicable","not_applicable","unknown","","","rejected","false","path denotes non-garment merchandise"
"musinsa","UNKNOWN","101002002","소품 > 양말/레그웨어 > 스타킹","rejected","","","","unknown","unknown","not_applicable","not_applicable","unknown","","","rejected","false","path denotes non-garment merchandise"
"musinsa","UNKNOWN","101003","소품 > 선글라스/안경테","navigation_only","","","","unknown","unknown","not_applicable","not_applicable","unknown","","","navigation_only","false","navigation grouping/non-leaf"
"musinsa","UNKNOWN","101003001","소품 > 선글라스/안경테 > 안경","rejected","","","","unknown","unknown","not_applicable","not_applicable","unknown","","","rejected","false","path denotes non-garment merchandise"
"musinsa","UNKNOWN","101003002","소품 > 선글라스/안경테 > 선글라스","rejected","","","","unknown","unknown","not_applicable","not_applicable","unknown","","","rejected","false","path denotes non-garment merchandise"
"musinsa","UNKNOWN","101003003","소품 > 선글라스/안경테 > 안경소품","rejected","","","","unknown","unknown","not_applicable","not_applicable","unknown","","","rejected","false","path denotes non-garment merchandise"
"musinsa","UNKNOWN","101004","소품 > 액세서리","navigation_only","","","","unknown","unknown","not_applicable","not_applicable","unknown","","","navigation_only","false","navigation grouping/non-leaf"
"musinsa","UNKNOWN","101004001","소품 > 액세서리 > 마스크","rejected","","","","unknown","unknown","not_applicable","not_applicable","unknown","","","rejected","false","path denotes non-garment merchandise"
"musinsa","UNKNOWN","101004002","소품 > 액세서리 > 키링/키케이스","rejected","","","","unknown","unknown","not_applicable","not_applicable","unknown","","","rejected","false","path denotes non-garment merchandise"
"musinsa","UNKNOWN","101004004","소품 > 액세서리 > 넥타이","rejected","","","","unknown","unknown","not_applicable","not_applicable","unknown","","","rejected","false","path denotes non-garment merchandise"
"musinsa","UNKNOWN","101004006","소품 > 액세서리 > 스카프/반다나","rejected","","","","unknown","unknown","not_applicable","not_applicable","unknown","","","rejected","false","path denotes non-garment merchandise"
"musinsa","UNKNOWN","101004007","소품 > 액세서리 > 장갑","rejected","","","","unknown","unknown","not_applicable","not_applicable","unknown","","","rejected","false","path denotes non-garment merchandise"
"musinsa","UNKNOWN","101004008","소품 > 액세서리 > 기타 액세서리","rejected","","","","unknown","unknown","not_applicable","not_applicable","unknown","","","rejected","false","path denotes non-garment merchandise"
"musinsa","UNKNOWN","101005","소품 > 시계","navigation_only","","","","unknown","unknown","not_applicable","not_applicable","unknown","","","navigation_only","false","navigation grouping/non-leaf"
"musinsa","UNKNOWN","101005001","소품 > 시계 > 디지털","rejected","","","","unknown","unknown","not_applicable","not_applicable","unknown","","","rejected","false","path denotes non-garment merchandise"
"musinsa","UNKNOWN","101005002","소품 > 시계 > 쿼츠 아날로그","rejected","","","","unknown","unknown","not_applicable","not_applicable","unknown","","","rejected","false","path denotes non-garment merchandise"
"musinsa","UNKNOWN","101005003","소품 > 시계 > 오토매틱 아날로그","rejected","","","","unknown","unknown","not_applicable","not_applicable","unknown","","","rejected","false","path denotes non-garment merchandise"
"musinsa","UNKNOWN","101005004","소품 > 시계 > 시계용품","rejected","","","","unknown","unknown","not_applicable","not_applicable","unknown","","","rejected","false","path denotes non-garment merchandise"
"musinsa","UNKNOWN","101005005","소품 > 시계 > 기타 시계","rejected","","","","unknown","unknown","not_applicable","not_applicable","unknown","","","rejected","false","path denotes non-garment merchandise"
"musinsa","UNKNOWN","101006","소품 > 주얼리","navigation_only","","","","unknown","unknown","not_applicable","not_applicable","unknown","","","navigation_only","false","navigation grouping/non-leaf"
"musinsa","UNKNOWN","101006001","소품 > 주얼리 > 팔찌","rejected","","","","unknown","unknown","not_applicable","not_applicable","unknown","","","rejected","false","path denotes non-garment merchandise"
"musinsa","UNKNOWN","101006002","소품 > 주얼리 > 반지","rejected","","","","unknown","unknown","not_applicable","not_applicable","unknown","","","rejected","false","path denotes non-garment merchandise"
"musinsa","UNKNOWN","101006003","소품 > 주얼리 > 목걸이/펜던트","rejected","","","","unknown","unknown","not_applicable","not_applicable","unknown","","","rejected","false","path denotes non-garment merchandise"
"musinsa","UNKNOWN","101006004","소품 > 주얼리 > 귀걸이","rejected","","","","unknown","unknown","not_applicable","not_applicable","unknown","","","rejected","false","path denotes non-garment merchandise"
"musinsa","UNKNOWN","101006005","소품 > 주얼리 > 발찌","rejected","","","","unknown","unknown","not_applicable","not_applicable","unknown","","","rejected","false","path denotes non-garment merchandise"
"musinsa","UNKNOWN","101006006","소품 > 주얼리 > 브로치/배지","rejected","","","","unknown","unknown","not_applicable","not_applicable","unknown","","","rejected","false","path denotes non-garment merchandise"
"musinsa","UNKNOWN","101006007","소품 > 주얼리 > 헤어 액세서리","rejected","","","","unknown","unknown","not_applicable","not_applicable","unknown","","","rejected","false","path denotes non-garment merchandise"
"musinsa","UNKNOWN","101007","소품 > 벨트","review_required","","","","unknown","unknown","not_applicable","not_applicable","unknown","","","review_required","false","bounded sample is mixed, unknown, or insufficient"
"musinsa","UNKNOWN","101008","소품 > 머플러","review_required","","","","unknown","unknown","not_applicable","not_applicable","unknown","","","review_required","false","bounded sample is mixed, unknown, or insufficient"
"musinsa","UNKNOWN","102","디지털/라이프","navigation_only","","","","unknown","unknown","not_applicable","not_applicable","unknown","","","navigation_only","false","navigation grouping/non-leaf"
"musinsa","UNKNOWN","102001","디지털/라이프 > 디지털/가전","navigation_only","","","","unknown","unknown","not_applicable","not_applicable","unknown","","","navigation_only","false","navigation grouping/non-leaf"
"musinsa","UNKNOWN","102001001","디지털/라이프 > 디지털/가전 > 음향가전","navigation_only","","","","unknown","unknown","not_applicable","not_applicable","unknown","","","navigation_only","false","navigation grouping/non-leaf"
"musinsa","UNKNOWN","102001001001","디지털/라이프 > 디지털/가전 > 음향가전 > 이어폰","rejected","","","","unknown","unknown","not_applicable","not_applicable","unknown","","","rejected","false","path denotes non-garment merchandise"
"musinsa","UNKNOWN","102001001002","디지털/라이프 > 디지털/가전 > 음향가전 > 헤드폰","rejected","","","","unknown","unknown","not_applicable","not_applicable","unknown","","","rejected","false","path denotes non-garment merchandise"
"musinsa","UNKNOWN","102001001003","디지털/라이프 > 디지털/가전 > 음향가전 > 스피커","rejected","","","","unknown","unknown","not_applicable","not_applicable","unknown","","","rejected","false","path denotes non-garment merchandise"
"musinsa","UNKNOWN","102001001004","디지털/라이프 > 디지털/가전 > 음향가전 > 홈시어터/오디오","rejected","","","","unknown","unknown","not_applicable","not_applicable","unknown","","","rejected","false","path denotes non-garment merchandise"
"musinsa","UNKNOWN","102001001005","디지털/라이프 > 디지털/가전 > 음향가전 > 턴테이블","rejected","","","","unknown","unknown","not_applicable","not_applicable","unknown","","","rejected","false","path denotes non-garment merchandise"
"musinsa","UNKNOWN","102001001006","디지털/라이프 > 디지털/가전 > 음향가전 > 마이크","rejected","","","","unknown","unknown","not_applicable","not_applicable","unknown","","","rejected","false","path denotes non-garment merchandise"
"musinsa","UNKNOWN","102001001007","디지털/라이프 > 디지털/가전 > 음향가전 > 음향기기 액세서리","rejected","","","","unknown","unknown","not_applicable","not_applicable","unknown","","","rejected","false","path denotes non-garment merchandise"
"musinsa","UNKNOWN","102001001008","디지털/라이프 > 디지털/가전 > 음향가전 > 기타 음향가전","rejected","","","","unknown","unknown","not_applicable","not_applicable","unknown","","","rejected","false","path denotes non-garment merchandise"
"musinsa","UNKNOWN","102001002","디지털/라이프 > 디지털/가전 > 휴대폰","navigation_only","","","","unknown","unknown","not_applicable","not_applicable","unknown","","","navigation_only","false","navigation grouping/non-leaf"
"musinsa","UNKNOWN","102001002001","디지털/라이프 > 디지털/가전 > 휴대폰 > 휴대폰","rejected","","","","unknown","unknown","not_applicable","not_applicable","unknown","","","rejected","false","path denotes non-garment merchandise"
"musinsa","UNKNOWN","102001002002","디지털/라이프 > 디지털/가전 > 휴대폰 > 휴대폰 케이스","rejected","","","","unknown","unknown","not_applicable","not_applicable","unknown","","","rejected","false","path denotes non-garment merchandise"
"musinsa","UNKNOWN","102001002003","디지털/라이프 > 디지털/가전 > 휴대폰 > 보호필름","rejected","","","","unknown","unknown","not_applicable","not_applicable","unknown","","","rejected","false","path denotes non-garment merchandise"
"musinsa","UNKNOWN","102001002004","디지털/라이프 > 디지털/가전 > 휴대폰 > 셀카봉/거치대","rejected","","","","unknown","unknown","not_applicable","not_applicable","unknown","","","rejected","false","path denotes non-garment merchandise"
"musinsa","UNKNOWN","102001002005","디지털/라이프 > 디지털/가전 > 휴대폰 > 보조배터리","rejected","","","","unknown","unknown","not_applicable","not_applicable","unknown","","","rejected","false","path denotes non-garment merchandise"
"musinsa","UNKNOWN","102001002006","디지털/라이프 > 디지털/가전 > 휴대폰 > 케이블/충전기","rejected","","","","unknown","unknown","not_applicable","not_applicable","unknown","","","rejected","false","path denotes non-garment merchandise"
"musinsa","UNKNOWN","102001002007","디지털/라이프 > 디지털/가전 > 휴대폰 > 기타 휴대폰 액세서리","rejected","","","","unknown","unknown","not_applicable","not_applicable","unknown","","","rejected","false","path denotes non-garment merchandise"
"musinsa","UNKNOWN","102001003","디지털/라이프 > 디지털/가전 > 스마트기기","navigation_only","","","","unknown","unknown","not_applicable","not_applicable","unknown","","","navigation_only","false","navigation grouping/non-leaf"
"musinsa","UNKNOWN","102001003001","디지털/라이프 > 디지털/가전 > 스마트기기 > 스마트워치","rejected","","","","unknown","unknown","not_applicable","not_applicable","unknown","","","rejected","false","path denotes non-garment merchandise"
"musinsa","UNKNOWN","102001003002","디지털/라이프 > 디지털/가전 > 스마트기기 > 스마트워치 액세서리","rejected","","","","unknown","unknown","not_applicable","not_applicable","unknown","","","rejected","false","path denotes non-garment merchandise"
"musinsa","UNKNOWN","102001003003","디지털/라이프 > 디지털/가전 > 스마트기기 > 기타 스마트기기","rejected","","","","unknown","unknown","not_applicable","not_applicable","unknown","","","rejected","false","path denotes non-garment merchandise"
"musinsa","UNKNOWN","102001004","디지털/라이프 > 디지털/가전 > 태블릿","navigation_only","","","","unknown","unknown","not_applicable","not_applicable","unknown","","","navigation_only","false","navigation grouping/non-leaf"
"musinsa","UNKNOWN","102001004001","디지털/라이프 > 디지털/가전 > 태블릿 > 태블릿","rejected","","","","unknown","unknown","not_applicable","not_applicable","unknown","","","rejected","false","path denotes non-garment merchandise"
"musinsa","UNKNOWN","102001004002","디지털/라이프 > 디지털/가전 > 태블릿 > 태블릿 액세서리","rejected","","","","unknown","unknown","not_applicable","not_applicable","unknown","","","rejected","false","path denotes non-garment merchandise"
"musinsa","UNKNOWN","102001005","디지털/라이프 > 디지털/가전 > TV/영상가전","navigation_only","","","","unknown","unknown","not_applicable","not_applicable","unknown","","","navigation_only","false","navigation grouping/non-leaf"
"musinsa","UNKNOWN","102001005002","디지털/라이프 > 디지털/가전 > TV/영상가전 > 빔 프로젝터","rejected","","","","unknown","unknown","not_applicable","not_applicable","unknown","","","rejected","false","path denotes non-garment merchandise"
"musinsa","UNKNOWN","102001005003","디지털/라이프 > 디지털/가전 > TV/영상가전 > TV/영상가전 액세서리","rejected","","","","unknown","unknown","not_applicable","not_applicable","unknown","","","rejected","false","path denotes non-garment merchandise"
"musinsa","UNKNOWN","102001006","디지털/라이프 > 디지털/가전 > 컴퓨터","navigation_only","","","","unknown","unknown","not_applicable","not_applicable","unknown","","","navigation_only","false","navigation grouping/non-leaf"
"musinsa","UNKNOWN","102001006001","디지털/라이프 > 디지털/가전 > 컴퓨터 > 노트북","rejected","","","","unknown","unknown","not_applicable","not_applicable","unknown","","","rejected","false","path denotes non-garment merchandise"
"musinsa","UNKNOWN","102001006002","디지털/라이프 > 디지털/가전 > 컴퓨터 > 데스크톱","rejected","","","","unknown","unknown","not_applicable","not_applicable","unknown","","","rejected","false","path denotes non-garment merchandise"
"musinsa","UNKNOWN","102001006003","디지털/라이프 > 디지털/가전 > 컴퓨터 > 모니터","rejected","","","","unknown","unknown","not_applicable","not_applicable","unknown","","","rejected","false","path denotes non-garment merchandise"
"musinsa","UNKNOWN","102001006004","디지털/라이프 > 디지털/가전 > 컴퓨터 > 컴퓨터 주변기기","rejected","","","","unknown","unknown","not_applicable","not_applicable","unknown","","","rejected","false","path denotes non-garment merchandise"
"musinsa","UNKNOWN","102001006005","디지털/라이프 > 디지털/가전 > 컴퓨터 > 저장장치","rejected","","","","unknown","unknown","not_applicable","not_applicable","unknown","","","rejected","false","path denotes non-garment merchandise"
"musinsa","UNKNOWN","102001006006","디지털/라이프 > 디지털/가전 > 컴퓨터 > 프린터/복합기","rejected","","","","unknown","unknown","not_applicable","not_applicable","unknown","","","rejected","false","path denotes non-garment merchandise"
"musinsa","UNKNOWN","102001006007","디지털/라이프 > 디지털/가전 > 컴퓨터 > 기타 컴퓨터용품","rejected","","","","unknown","unknown","not_applicable","not_applicable","unknown","","","rejected","false","path denotes non-garment merchandise"
"musinsa","UNKNOWN","102001007","디지털/라이프 > 디지털/가전 > 카메라","navigation_only","","","","unknown","unknown","not_applicable","not_applicable","unknown","","","navigation_only","false","navigation grouping/non-leaf"
"musinsa","UNKNOWN","102001007001","디지털/라이프 > 디지털/가전 > 카메라 > DSLR/미러리스","rejected","","","","unknown","unknown","not_applicable","not_applicable","unknown","","","rejected","false","path denotes non-garment merchandise"
"musinsa","UNKNOWN","102001007002","디지털/라이프 > 디지털/가전 > 카메라 > 하이엔드/컴팩트","rejected","","","","unknown","unknown","not_applicable","not_applicable","unknown","","","rejected","false","path denotes non-garment merchandise"
"musinsa","UNKNOWN","102001007003","디지털/라이프 > 디지털/가전 > 카메라 > 즉석/기타 카메라","rejected","","","","unknown","unknown","not_applicable","not_applicable","unknown","","","rejected","false","path denotes non-garment merchandise"
"musinsa","UNKNOWN","102001007004","디지털/라이프 > 디지털/가전 > 카메라 > 카메라렌즈/렌즈용품","rejected","","","","unknown","unknown","not_applicable","not_applicable","unknown","","","rejected","false","path denotes non-garment merchandise"
"musinsa","UNKNOWN","102001007005","디지털/라이프 > 디지털/가전 > 카메라 > 액션캠/캠코더/캠코더용품","rejected","","","","unknown","unknown","not_applicable","not_applicable","unknown","","","rejected","false","path denotes non-garment merchandise"
"musinsa","UNKNOWN","102001007006","디지털/라이프 > 디지털/가전 > 카메라 > 카메라 액세서리","rejected","","","","unknown","unknown","not_applicable","not_applicable","unknown","","","rejected","false","path denotes non-garment merchandise"
"musinsa","UNKNOWN","102001008","디지털/라이프 > 디지털/가전 > 생활가전","navigation_only","","","","unknown","unknown","not_applicable","not_applicable","unknown","","","navigation_only","false","navigation grouping/non-leaf"
"musinsa","UNKNOWN","102001008001","디지털/라이프 > 디지털/가전 > 생활가전 > 세탁기/건조기","rejected","","","","unknown","unknown","not_applicable","not_applicable","unknown","","","rejected","false","path denotes non-garment merchandise"
"musinsa","UNKNOWN","102001008002","디지털/라이프 > 디지털/가전 > 생활가전 > 청소기/청소기부품","rejected","","","","unknown","unknown","not_applicable","not_applicable","unknown","","","rejected","false","path denotes non-garment merchandise"
"musinsa","UNKNOWN","102001008003","디지털/라이프 > 디지털/가전 > 생활가전 > 공기청정기","rejected","","","","unknown","unknown","not_applicable","not_applicable","unknown","","","rejected","false","path denotes non-garment merchandise"
"musinsa","UNKNOWN","102001008004","디지털/라이프 > 디지털/가전 > 생활가전 > 다리미/보풀제거기","rejected","","","","unknown","unknown","not_applicable","not_applicable","unknown","","","rejected","false","path denotes non-garment merchandise"
"musinsa","UNKNOWN","102001008005","디지털/라이프 > 디지털/가전 > 생활가전 > 안마/찜질기","rejected","","","","unknown","unknown","not_applicable","not_applicable","unknown","","","rejected","false","path denotes non-garment merchandise"
"musinsa","UNKNOWN","102001008006","디지털/라이프 > 디지털/가전 > 생활가전 > 기타 생활가전","rejected","","","","unknown","unknown","not_applicable","not_applicable","unknown","","","rejected","false","path denotes non-garment merchandise"
"musinsa","UNKNOWN","102001009","디지털/라이프 > 디지털/가전 > 주방가전","navigation_only","","","","unknown","unknown","not_applicable","not_applicable","unknown","","","navigation_only","false","navigation grouping/non-leaf"
"musinsa","UNKNOWN","102001009001","디지털/라이프 > 디지털/가전 > 주방가전 > 냉장고","rejected","","","","unknown","unknown","not_applicable","not_applicable","unknown","","","rejected","false","path denotes non-garment merchandise"
"musinsa","UNKNOWN","102001009002","디지털/라이프 > 디지털/가전 > 주방가전 > 전기밥솥","rejected","","","","unknown","unknown","not_applicable","not_applicable","unknown","","","rejected","false","path denotes non-garment merchandise"
"musinsa","UNKNOWN","102001009003","디지털/라이프 > 디지털/가전 > 주방가전 > 에어프라이어","rejected","","","","unknown","unknown","not_applicable","not_applicable","unknown","","","rejected","false","path denotes non-garment merchandise"
"musinsa","UNKNOWN","102001009004","디지털/라이프 > 디지털/가전 > 주방가전 > 전자레인지/오븐","rejected","","","","unknown","unknown","not_applicable","not_applicable","unknown","","","rejected","false","path denotes non-garment merchandise"
"musinsa","UNKNOWN","102001009005","디지털/라이프 > 디지털/가전 > 주방가전 > 가스레인지/인덕션","rejected","","","","unknown","unknown","not_applicable","not_applicable","unknown","","","rejected","false","path denotes non-garment merchandise"
"musinsa","UNKNOWN","102001009006","디지털/라이프 > 디지털/가전 > 주방가전 > 식기세척/건조기","rejected","","","","unknown","unknown","not_applicable","not_applicable","unknown","","","rejected","false","path denotes non-garment merchandise"
"musinsa","UNKNOWN","102001009007","디지털/라이프 > 디지털/가전 > 주방가전 > 음식물처리기","rejected","","","","unknown","unknown","not_applicable","not_applicable","unknown","","","rejected","false","path denotes non-garment merchandise"
"musinsa","UNKNOWN","102001009008","디지털/라이프 > 디지털/가전 > 주방가전 > 믹서기/블렌더","rejected","","","","unknown","unknown","not_applicable","not_applicable","unknown","","","rejected","false","path denotes non-garment merchandise"
"musinsa","UNKNOWN","102001009009","디지털/라이프 > 디지털/가전 > 주방가전 > 커피메이커/머신","rejected","","","","unknown","unknown","not_applicable","not_applicable","unknown","","","rejected","false","path denotes non-garment merchandise"
"musinsa","UNKNOWN","102001009010","디지털/라이프 > 디지털/가전 > 주방가전 > 정수기","rejected","","","","unknown","unknown","not_applicable","not_applicable","unknown","","","rejected","false","path denotes non-garment merchandise"
"musinsa","UNKNOWN","102001009011","디지털/라이프 > 디지털/가전 > 주방가전 > 진공포장기/수비드","rejected","","","","unknown","unknown","not_applicable","not_applicable","unknown","","","rejected","false","path denotes non-garment merchandise"
"musinsa","UNKNOWN","102001009012","디지털/라이프 > 디지털/가전 > 주방가전 > 전기포트","rejected","","","","unknown","unknown","not_applicable","not_applicable","unknown","","","rejected","false","path denotes non-garment merchandise"
"musinsa","UNKNOWN","102001009013","디지털/라이프 > 디지털/가전 > 주방가전 > 전기그릴/전기팬","rejected","","","","unknown","unknown","not_applicable","not_applicable","unknown","","","rejected","false","path denotes non-garment merchandise"
"musinsa","UNKNOWN","102001009014","디지털/라이프 > 디지털/가전 > 주방가전 > 토스터기","rejected","","","","unknown","unknown","not_applicable","not_applicable","unknown","","","rejected","false","path denotes non-garment merchandise"
"musinsa","UNKNOWN","102001009015","디지털/라이프 > 디지털/가전 > 주방가전 > 기타 주방가전","rejected","","","","unknown","unknown","not_applicable","not_applicable","unknown","","","rejected","false","path denotes non-garment merchandise"
"musinsa","UNKNOWN","102001010","디지털/라이프 > 디지털/가전 > 계절가전","navigation_only","","","","unknown","unknown","not_applicable","not_applicable","unknown","","","navigation_only","false","navigation grouping/non-leaf"
"musinsa","UNKNOWN","102001010001","디지털/라이프 > 디지털/가전 > 계절가전 > 에어컨","rejected","","","","unknown","unknown","not_applicable","not_applicable","unknown","","","rejected","false","path denotes non-garment merchandise"
"musinsa","UNKNOWN","102001010002","디지털/라이프 > 디지털/가전 > 계절가전 > 선풍기/서큘레이터","rejected","","","","unknown","unknown","not_applicable","not_applicable","unknown","","","rejected","false","path denotes non-garment merchandise"
"musinsa","UNKNOWN","102001010003","디지털/라이프 > 디지털/가전 > 계절가전 > 제습기","rejected","","","","unknown","unknown","not_applicable","not_applicable","unknown","","","rejected","false","path denotes non-garment merchandise"
"musinsa","UNKNOWN","102001010004","디지털/라이프 > 디지털/가전 > 계절가전 > 가습기","rejected","","","","unknown","unknown","not_applicable","not_applicable","unknown","","","rejected","false","path denotes non-garment merchandise"
"musinsa","UNKNOWN","102001010006","디지털/라이프 > 디지털/가전 > 계절가전 > 전기매트/장판","rejected","","","","unknown","unknown","not_applicable","not_applicable","unknown","","","rejected","false","path denotes non-garment merchandise"
"musinsa","UNKNOWN","102001010007","디지털/라이프 > 디지털/가전 > 계절가전 > 냉/온수 매트","rejected","","","","unknown","unknown","not_applicable","not_applicable","unknown","","","rejected","false","path denotes non-garment merchandise"
"musinsa","UNKNOWN","102001010008","디지털/라이프 > 디지털/가전 > 계절가전 > 히터/온풍기","rejected","","","","unknown","unknown","not_applicable","not_applicable","unknown","","","rejected","false","path denotes non-garment merchandise"
"musinsa","UNKNOWN","102001010009","디지털/라이프 > 디지털/가전 > 계절가전 > 기타 계절가전","rejected","","","","unknown","unknown","not_applicable","not_applicable","unknown","","","rejected","false","path denotes non-garment merchandise"
"musinsa","UNKNOWN","102001011","디지털/라이프 > 디지털/가전 > 차량용 디지털","navigation_only","","","","unknown","unknown","not_applicable","not_applicable","unknown","","","navigation_only","false","navigation grouping/non-leaf"
"musinsa","UNKNOWN","102001011001","디지털/라이프 > 디지털/가전 > 차량용 디지털 > 내비게이션/블랙박스","rejected","","","","unknown","unknown","not_applicable","not_applicable","unknown","","","rejected","false","path denotes non-garment merchandise"
"musinsa","UNKNOWN","102001011002","디지털/라이프 > 디지털/가전 > 차량용 디지털 > 차량용 거치대/충전기","rejected","","","","unknown","unknown","not_applicable","not_applicable","unknown","","","rejected","false","path denotes non-garment merchandise"
"musinsa","UNKNOWN","102001011003","디지털/라이프 > 디지털/가전 > 차량용 디지털 > 기타 차량용 디지털","rejected","","","","unknown","unknown","not_applicable","not_applicable","unknown","","","rejected","false","path denotes non-garment merchandise"
"musinsa","UNKNOWN","102001012","디지털/라이프 > 디지털/가전 > 게임","navigation_only","","","","unknown","unknown","not_applicable","not_applicable","unknown","","","navigation_only","false","navigation grouping/non-leaf"
"musinsa","UNKNOWN","102001012001","디지털/라이프 > 디지털/가전 > 게임 > 콘솔","rejected","","","","unknown","unknown","not_applicable","not_applicable","unknown","","","rejected","false","path denotes non-garment merchandise"
"musinsa","UNKNOWN","102001012002","디지털/라이프 > 디지털/가전 > 게임 > 주변 기기","rejected","","","","unknown","unknown","not_applicable","not_applicable","unknown","","","rejected","false","path denotes non-garment merchandise"
"musinsa","UNKNOWN","102001012003","디지털/라이프 > 디지털/가전 > 게임 > 게임 팩","rejected","","","","unknown","unknown","not_applicable","not_applicable","unknown","","","rejected","false","path denotes non-garment merchandise"
"musinsa","UNKNOWN","102001012004","디지털/라이프 > 디지털/가전 > 게임 > 게임 액세서리","rejected","","","","unknown","unknown","not_applicable","not_applicable","unknown","","","rejected","false","path denotes non-garment merchandise"
"musinsa","UNKNOWN","102001013","디지털/라이프 > 디지털/가전 > 기타 디지털/가전","rejected","","","","unknown","unknown","not_applicable","not_applicable","unknown","","","rejected","false","path denotes non-garment merchandise"
"musinsa","UNKNOWN","102002","디지털/라이프 > 가구/인테리어","navigation_only","","","","unknown","unknown","not_applicable","not_applicable","unknown","","","navigation_only","false","navigation grouping/non-leaf"
"musinsa","UNKNOWN","102002001","디지털/라이프 > 가구/인테리어 > 가구","navigation_only","","","","unknown","unknown","not_applicable","not_applicable","unknown","","","navigation_only","false","navigation grouping/non-leaf"
"musinsa","UNKNOWN","102002001001","디지털/라이프 > 가구/인테리어 > 가구 > 침실가구","rejected","","","","unknown","unknown","not_applicable","not_applicable","unknown","","","rejected","false","path denotes non-garment merchandise"
"musinsa","UNKNOWN","102002001002","디지털/라이프 > 가구/인테리어 > 가구 > 드레스룸가구","review_required","","","","unknown","unknown","not_applicable","not_applicable","unknown","","","review_required","false","leaf path has stable garment term"
"musinsa","UNKNOWN","102002001003","디지털/라이프 > 가구/인테리어 > 가구 > 거실가구","rejected","","","","unknown","unknown","not_applicable","not_applicable","unknown","","","rejected","false","path denotes non-garment merchandise"
"musinsa","UNKNOWN","102002001004","디지털/라이프 > 가구/인테리어 > 가구 > 오피스가구","rejected","","","","unknown","unknown","not_applicable","not_applicable","unknown","","","rejected","false","path denotes non-garment merchandise"
"musinsa","UNKNOWN","102002001005","디지털/라이프 > 가구/인테리어 > 가구 > 기타 가구","rejected","","","","unknown","unknown","not_applicable","not_applicable","unknown","","","rejected","false","path denotes non-garment merchandise"
"musinsa","UNKNOWN","102002002","디지털/라이프 > 가구/인테리어 > 조명","navigation_only","","","","unknown","unknown","not_applicable","not_applicable","unknown","","","navigation_only","false","navigation grouping/non-leaf"
"musinsa","UNKNOWN","102002002001","디지털/라이프 > 가구/인테리어 > 조명 > 장스탠드","rejected","","","","unknown","unknown","not_applicable","not_applicable","unknown","","","rejected","false","path denotes non-garment merchandise"
"musinsa","UNKNOWN","102002002002","디지털/라이프 > 가구/인테리어 > 조명 > 단스탠드","rejected","","","","unknown","unknown","not_applicable","not_applicable","unknown","","","rejected","false","path denotes non-garment merchandise"
"musinsa","UNKNOWN","102002002003","디지털/라이프 > 가구/인테리어 > 조명 > 인테리어조명","rejected","","","","unknown","unknown","not_applicable","not_applicable","unknown","","","rejected","false","path denotes non-garment merchandise"
"musinsa","UNKNOWN","102002002004","디지털/라이프 > 가구/인테리어 > 조명 > 기타 조명","rejected","","","","unknown","unknown","not_applicable","not_applicable","unknown","","","rejected","false","path denotes non-garment merchandise"
"musinsa","UNKNOWN","102002003","디지털/라이프 > 가구/인테리어 > 침구","navigation_only","","","","unknown","unknown","not_applicable","not_applicable","unknown","","","navigation_only","false","navigation grouping/non-leaf"
"musinsa","UNKNOWN","102002003001","디지털/라이프 > 가구/인테리어 > 침구 > 이불","rejected","","","","unknown","unknown","not_applicable","not_applicable","unknown","","","rejected","false","path denotes non-garment merchandise"
"musinsa","UNKNOWN","102002003002","디지털/라이프 > 가구/인테리어 > 침구 > 베개","rejected","","","","unknown","unknown","not_applicable","not_applicable","unknown","","","rejected","false","path denotes non-garment merchandise"
"musinsa","UNKNOWN","102002003003","디지털/라이프 > 가구/인테리어 > 침구 > 패드","rejected","","","","unknown","unknown","not_applicable","not_applicable","unknown","","","rejected","false","path denotes non-garment merchandise"
"musinsa","UNKNOWN","102002003004","디지털/라이프 > 가구/인테리어 > 침구 > 솜","rejected","","","","unknown","unknown","not_applicable","not_applicable","unknown","","","rejected","false","path denotes non-garment merchandise"
"musinsa","UNKNOWN","102002003005","디지털/라이프 > 가구/인테리어 > 침구 > 담요/블랭킷","rejected","","","","unknown","unknown","not_applicable","not_applicable","unknown","","","rejected","false","path denotes non-garment merchandise"
"musinsa","UNKNOWN","102002004","디지털/라이프 > 가구/인테리어 > 홈패브릭","navigation_only","","","","unknown","unknown","not_applicable","not_applicable","unknown","","","navigation_only","false","navigation grouping/non-leaf"
"musinsa","UNKNOWN","102002004001","디지털/라이프 > 가구/인테리어 > 홈패브릭 > 커튼/블라인드","rejected","","","","unknown","unknown","not_applicable","not_applicable","unknown","","","rejected","false","path denotes non-garment merchandise"
"musinsa","UNKNOWN","102002004002","디지털/라이프 > 가구/인테리어 > 홈패브릭 > 커튼 부자재","rejected","","","","unknown","unknown","not_applicable","not_applicable","unknown","","","rejected","false","path denotes non-garment merchandise"
"musinsa","UNKNOWN","102002004003","디지털/라이프 > 가구/인테리어 > 홈패브릭 > 쿠션/방석","rejected","","","","unknown","unknown","not_applicable","not_applicable","unknown","","","rejected","false","path denotes non-garment merchandise"
"musinsa","UNKNOWN","102002004004","디지털/라이프 > 가구/인테리어 > 홈패브릭 > 러그/매트","rejected","","","","unknown","unknown","not_applicable","not_applicable","unknown","","","rejected","false","path denotes non-garment merchandise"
"musinsa","UNKNOWN","102002004005","디지털/라이프 > 가구/인테리어 > 홈패브릭 > 소파/생활커버","rejected","","","","unknown","unknown","not_applicable","not_applicable","unknown","","","rejected","false","path denotes non-garment merchandise"
"musinsa","UNKNOWN","102002004006","디지털/라이프 > 가구/인테리어 > 홈패브릭 > 실내화","rejected","","","","unknown","unknown","not_applicable","not_applicable","unknown","","","rejected","false","path denotes non-garment merchandise"
"musinsa","UNKNOWN","102002005","디지털/라이프 > 가구/인테리어 > 홈인테리어","navigation_only","","","","unknown","unknown","not_applicable","not_applicable","unknown","","","navigation_only","false","navigation grouping/non-leaf"
"musinsa","UNKNOWN","102002005001","디지털/라이프 > 가구/인테리어 > 홈인테리어 > 디퓨저","rejected","","","","unknown","unknown","not_applicable","not_applicable","unknown","","","rejected","false","path denotes non-garment merchandise"
"musinsa","UNKNOWN","102002005002","디지털/라이프 > 가구/인테리어 > 홈인테리어 > 인센스","rejected","","","","unknown","unknown","not_applicable","not_applicable","unknown","","","rejected","false","path denotes non-garment merchandise"
"musinsa","UNKNOWN","102002005003","디지털/라이프 > 가구/인테리어 > 홈인테리어 > 캔들","rejected","","","","unknown","unknown","not_applicable","not_applicable","unknown","","","rejected","false","path denotes non-garment merchandise"
"musinsa","UNKNOWN","102002005004","디지털/라이프 > 가구/인테리어 > 홈인테리어 > 방향제","rejected","","","","unknown","unknown","not_applicable","not_applicable","unknown","","","rejected","false","path denotes non-garment merchandise"
"musinsa","UNKNOWN","102002005005","디지털/라이프 > 가구/인테리어 > 홈인테리어 > 룸스프레이","rejected","","","","unknown","unknown","not_applicable","not_applicable","unknown","","","rejected","false","path denotes non-garment merchandise"
"musinsa","UNKNOWN","102002005006","디지털/라이프 > 가구/인테리어 > 홈인테리어 > 패브릭포스터","rejected","","","","unknown","unknown","not_applicable","not_applicable","unknown","","","rejected","false","path denotes non-garment merchandise"
"musinsa","UNKNOWN","102002005007","디지털/라이프 > 가구/인테리어 > 홈인테리어 > 월데코","rejected","","","","unknown","unknown","not_applicable","not_applicable","unknown","","","rejected","false","path denotes non-garment merchandise"
"musinsa","UNKNOWN","102002005008","디지털/라이프 > 가구/인테리어 > 홈인테리어 > 플라워/식물","rejected","","","","unknown","unknown","not_applicable","not_applicable","unknown","","","rejected","false","path denotes non-garment merchandise"
"musinsa","UNKNOWN","102002005009","디지털/라이프 > 가구/인테리어 > 홈인테리어 > 기타 홈인테리어","rejected","","","","unknown","unknown","not_applicable","not_applicable","unknown","","","rejected","false","path denotes non-garment merchandise"
"musinsa","UNKNOWN","102003","디지털/라이프 > 생활/주방","navigation_only","","","","unknown","unknown","not_applicable","not_applicable","unknown","","","navigation_only","false","navigation grouping/non-leaf"
"musinsa","UNKNOWN","102003001","디지털/라이프 > 생활/주방 > 주방용품","navigation_only","","","","unknown","unknown","not_applicable","not_applicable","unknown","","","navigation_only","false","navigation grouping/non-leaf"
"musinsa","UNKNOWN","102003001001","디지털/라이프 > 생활/주방 > 주방용품 > 식기/그릇","rejected","","","","unknown","unknown","not_applicable","not_applicable","unknown","","","rejected","false","path denotes non-garment merchandise"
"musinsa","UNKNOWN","102003001002","디지털/라이프 > 생활/주방 > 주방용품 > 컵/잔","rejected","","","","unknown","unknown","not_applicable","not_applicable","unknown","","","rejected","false","path denotes non-garment merchandise"
"musinsa","UNKNOWN","102003001003","디지털/라이프 > 생활/주방 > 주방용품 > 텀블러","rejected","","","","unknown","unknown","not_applicable","not_applicable","unknown","","","rejected","false","path denotes non-garment merchandise"
"musinsa","UNKNOWN","102003001004","디지털/라이프 > 생활/주방 > 주방용품 > 냄비/프라이팬","rejected","","","","unknown","unknown","not_applicable","not_applicable","unknown","","","rejected","false","path denotes non-garment merchandise"
"musinsa","UNKNOWN","102003001005","디지털/라이프 > 생활/주방 > 주방용품 > 수저/커트러리","rejected","","","","unknown","unknown","not_applicable","not_applicable","unknown","","","rejected","false","path denotes non-garment merchandise"
"musinsa","UNKNOWN","102003001006","디지털/라이프 > 생활/주방 > 주방용품 > 조리기구","rejected","","","","unknown","unknown","not_applicable","not_applicable","unknown","","","rejected","false","path denotes non-garment merchandise"
"musinsa","UNKNOWN","102003001007","디지털/라이프 > 생활/주방 > 주방용품 > 주방패브릭","rejected","","","","unknown","unknown","not_applicable","not_applicable","unknown","","","rejected","false","path denotes non-garment merchandise"
"musinsa","UNKNOWN","102003001008","디지털/라이프 > 생활/주방 > 주방용품 > 주방수납","rejected","","","","unknown","unknown","not_applicable","not_applicable","unknown","","","rejected","false","path denotes non-garment merchandise"
"musinsa","UNKNOWN","102003001009","디지털/라이프 > 생활/주방 > 주방용품 > 커피용품","rejected","","","","unknown","unknown","not_applicable","not_applicable","unknown","","","rejected","false","path denotes non-garment merchandise"
"musinsa","UNKNOWN","102003001010","디지털/라이프 > 생활/주방 > 주방용품 > 기타 주방용품","rejected","","","","unknown","unknown","not_applicable","not_applicable","unknown","","","rejected","false","path denotes non-garment merchandise"
"musinsa","UNKNOWN","102003002","디지털/라이프 > 생활/주방 > 생활용품","navigation_only","","","","unknown","unknown","not_applicable","not_applicable","unknown","","","navigation_only","false","navigation grouping/non-leaf"
"musinsa","UNKNOWN","102003002001","디지털/라이프 > 생활/주방 > 생활용품 > 우산/양산","rejected","","","","unknown","unknown","not_applicable","not_applicable","unknown","","","rejected","false","path denotes non-garment merchandise"
"musinsa","UNKNOWN","102003002002","디지털/라이프 > 생활/주방 > 생활용품 > 옷걸이","rejected","","","","unknown","unknown","not_applicable","not_applicable","unknown","","","rejected","false","path denotes non-garment merchandise"
"musinsa","UNKNOWN","102003002003","디지털/라이프 > 생활/주방 > 생활용품 > 수납/정리","rejected","","","","unknown","unknown","not_applicable","not_applicable","unknown","","","rejected","false","path denotes non-garment merchandise"
"musinsa","UNKNOWN","102003002004","디지털/라이프 > 생활/주방 > 생활용품 > 청소용품","rejected","","","","unknown","unknown","not_applicable","not_applicable","unknown","","","rejected","false","path denotes non-garment merchandise"
"musinsa","UNKNOWN","102003002005","디지털/라이프 > 생활/주방 > 생활용품 > 세탁용품","rejected","","","","unknown","unknown","not_applicable","not_applicable","unknown","","","rejected","false","path denotes non-garment merchandise"
"musinsa","UNKNOWN","102003002006","디지털/라이프 > 생활/주방 > 생활용품 > 기타 생활용품","rejected","","","","unknown","unknown","not_applicable","not_applicable","unknown","","","rejected","false","path denotes non-garment merchandise"
"musinsa","UNKNOWN","102003003","디지털/라이프 > 생활/주방 > 욕실용품","navigation_only","","","","unknown","unknown","not_applicable","not_applicable","unknown","","","navigation_only","false","navigation grouping/non-leaf"
"musinsa","UNKNOWN","102003003001","디지털/라이프 > 생활/주방 > 욕실용품 > 수건/타올","rejected","","","","unknown","unknown","not_applicable","not_applicable","unknown","","","rejected","false","path denotes non-garment merchandise"
"musinsa","UNKNOWN","102003003002","디지털/라이프 > 생활/주방 > 욕실용품 > 욕실수납","rejected","","","","unknown","unknown","not_applicable","not_applicable","unknown","","","rejected","false","path denotes non-garment merchandise"
"musinsa","UNKNOWN","102003003003","디지털/라이프 > 생활/주방 > 욕실용품 > 욕실화","rejected","","","","unknown","unknown","not_applicable","not_applicable","unknown","","","rejected","false","path denotes non-garment merchandise"
"musinsa","UNKNOWN","102003003004","디지털/라이프 > 생활/주방 > 욕실용품 > 샤워기","rejected","","","","unknown","unknown","not_applicable","not_applicable","unknown","","","rejected","false","path denotes non-garment merchandise"
"musinsa","UNKNOWN","102003003005","디지털/라이프 > 생활/주방 > 욕실용품 > 디스펜서","rejected","","","","unknown","unknown","not_applicable","not_applicable","unknown","","","rejected","false","path denotes non-garment merchandise"
"musinsa","UNKNOWN","102003003006","디지털/라이프 > 생활/주방 > 욕실용품 > 기타 욕실용품","rejected","","","","unknown","unknown","not_applicable","not_applicable","unknown","","","rejected","false","path denotes non-garment merchandise"
"musinsa","UNKNOWN","102003004","디지털/라이프 > 생활/주방 > 기타 라이프","navigation_only","","","","unknown","unknown","not_applicable","not_applicable","unknown","","","navigation_only","false","navigation grouping/non-leaf"
"musinsa","UNKNOWN","102003004001","디지털/라이프 > 생활/주방 > 기타 라이프 > 기타 라이프","rejected","","","","unknown","unknown","not_applicable","not_applicable","unknown","","","rejected","false","path denotes non-garment merchandise"
"musinsa","UNKNOWN","102004","디지털/라이프 > 컬처/취미/소품","navigation_only","","","","unknown","unknown","not_applicable","not_applicable","unknown","","","navigation_only","false","navigation grouping/non-leaf"
"musinsa","UNKNOWN","102004001","디지털/라이프 > 컬처/취미/소품 > 티켓","navigation_only","","","","unknown","unknown","not_applicable","not_applicable","unknown","","","navigation_only","false","navigation grouping/non-leaf"
"musinsa","UNKNOWN","102004001001","디지털/라이프 > 컬처/취미/소품 > 티켓 > 페스티벌/콘서트","rejected","","","","unknown","unknown","not_applicable","not_applicable","unknown","","","rejected","false","path denotes non-garment merchandise"
"musinsa","UNKNOWN","102004001002","디지털/라이프 > 컬처/취미/소품 > 티켓 > 전시/행사","rejected","","","","unknown","unknown","not_applicable","not_applicable","unknown","","","rejected","false","path denotes non-garment merchandise"
"musinsa","UNKNOWN","102004001005","디지털/라이프 > 컬처/취미/소품 > 티켓 > 클래스/이용권","rejected","","","","unknown","unknown","not_applicable","not_applicable","unknown","","","rejected","false","path denotes non-garment merchandise"
"musinsa","UNKNOWN","102004002","디지털/라이프 > 컬처/취미/소품 > 상품권","rejected","","","","unknown","unknown","not_applicable","not_applicable","unknown","","","rejected","false","path denotes non-garment merchandise"
"musinsa","UNKNOWN","102004003","디지털/라이프 > 컬처/취미/소품 > 도서/음반","navigation_only","","","","unknown","unknown","not_applicable","not_applicable","unknown","","","navigation_only","false","navigation grouping/non-leaf"
"musinsa","UNKNOWN","102004003001","디지털/라이프 > 컬처/취미/소품 > 도서/음반 > 도서","rejected","","","","unknown","unknown","not_applicable","not_applicable","unknown","","","rejected","false","path denotes non-garment merchandise"
"musinsa","UNKNOWN","102004003002","디지털/라이프 > 컬처/취미/소품 > 도서/음반 > 음반","rejected","","","","unknown","unknown","not_applicable","not_applicable","unknown","","","rejected","false","path denotes non-garment merchandise"
"musinsa","UNKNOWN","102004003003","디지털/라이프 > 컬처/취미/소품 > 도서/음반 > 악기","rejected","","","","unknown","unknown","not_applicable","not_applicable","unknown","","","rejected","false","path denotes non-garment merchandise"
"musinsa","UNKNOWN","102004004","디지털/라이프 > 컬처/취미/소품 > 취미","navigation_only","","","","unknown","unknown","not_applicable","not_applicable","unknown","","","navigation_only","false","navigation grouping/non-leaf"
"musinsa","UNKNOWN","102004004001","디지털/라이프 > 컬처/취미/소품 > 취미 > 토이/피규어","rejected","","","","unknown","unknown","not_applicable","not_applicable","unknown","","","rejected","false","path denotes non-garment merchandise"
"musinsa","UNKNOWN","102004004002","디지털/라이프 > 컬처/취미/소품 > 취미 > 보드게임/퍼즐","rejected","","","","unknown","unknown","not_applicable","not_applicable","unknown","","","rejected","false","path denotes non-garment merchandise"
"musinsa","UNKNOWN","102004005","디지털/라이프 > 컬처/취미/소품 > 스테이셔너리","navigation_only","","","","unknown","unknown","not_applicable","not_applicable","unknown","","","navigation_only","false","navigation grouping/non-leaf"
"musinsa","UNKNOWN","102004005001","디지털/라이프 > 컬처/취미/소품 > 스테이셔너리 > 다이어리/플래너","rejected","","","","unknown","unknown","not_applicable","not_applicable","unknown","","","rejected","false","path denotes non-garment merchandise"
"musinsa","UNKNOWN","102004005002","디지털/라이프 > 컬처/취미/소품 > 스테이셔너리 > 캘린더","rejected","","","","unknown","unknown","not_applicable","not_applicable","unknown","","","rejected","false","path denotes non-garment merchandise"
"musinsa","UNKNOWN","102004005003","디지털/라이프 > 컬처/취미/소품 > 스테이셔너리 > 문구용품","rejected","","","","unknown","unknown","not_applicable","not_applicable","unknown","","","rejected","false","path denotes non-garment merchandise"
"musinsa","UNKNOWN","102004005004","디지털/라이프 > 컬처/취미/소품 > 스테이셔너리 > 기타 사무용품","rejected","","","","unknown","unknown","not_applicable","not_applicable","unknown","","","rejected","false","path denotes non-garment merchandise"
"musinsa","UNKNOWN","102004006","디지털/라이프 > 컬처/취미/소품 > 아트","navigation_only","","","","unknown","unknown","not_applicable","not_applicable","unknown","","","navigation_only","false","navigation grouping/non-leaf"
"musinsa","UNKNOWN","102004006001","디지털/라이프 > 컬처/취미/소품 > 아트 > 그림","rejected","","","","unknown","unknown","not_applicable","not_applicable","unknown","","","rejected","false","path denotes non-garment merchandise"
"musinsa","UNKNOWN","102004006002","디지털/라이프 > 컬처/취미/소품 > 아트 > 사진","rejected","","","","unknown","unknown","not_applicable","not_applicable","unknown","","","rejected","false","path denotes non-garment merchandise"
"musinsa","UNKNOWN","102004006003","디지털/라이프 > 컬처/취미/소품 > 아트 > 굿즈/오브제","rejected","","","","unknown","unknown","not_applicable","not_applicable","unknown","","","rejected","false","path denotes non-garment merchandise"
"musinsa","UNKNOWN","102004006004","디지털/라이프 > 컬처/취미/소품 > 아트 > 아트 포스터","rejected","","","","unknown","unknown","not_applicable","not_applicable","unknown","","","rejected","false","path denotes non-garment merchandise"
"musinsa","UNKNOWN","102004007","디지털/라이프 > 컬처/취미/소품 > 기타 컬처","rejected","","","","unknown","unknown","not_applicable","not_applicable","unknown","","","rejected","false","path denotes non-garment merchandise"
"musinsa","UNKNOWN","102005","디지털/라이프 > 반려동물","navigation_only","","","","unknown","unknown","not_applicable","not_applicable","unknown","","","navigation_only","false","navigation grouping/non-leaf"
"musinsa","UNKNOWN","102005001","디지털/라이프 > 반려동물 > 반려동물 의류","navigation_only","","","","unknown","unknown","not_applicable","not_applicable","unknown","","","navigation_only","false","navigation grouping/non-leaf"
"musinsa","UNKNOWN","102005001001","디지털/라이프 > 반려동물 > 반려동물 의류 > 아우터","rejected","","","","unknown","unknown","not_applicable","not_applicable","unknown","","","rejected","false","path denotes non-garment merchandise"
"musinsa","UNKNOWN","102005001002","디지털/라이프 > 반려동물 > 반려동물 의류 > 티셔츠","review_required","","","","unknown","unknown","not_applicable","not_applicable","unknown","","","review_required","false","leaf path has stable garment term"
"musinsa","UNKNOWN","102005001003","디지털/라이프 > 반려동물 > 반려동물 의류 > 후드 티셔츠","confirmed","tops","hoodie","hoodie","unknown","unknown","not_applicable","not_applicable","unknown","tops","","direct","true","leaf path has stable garment term"
"musinsa","UNKNOWN","102005001004","디지털/라이프 > 반려동물 > 반려동물 의류 > 블라우스/셔츠","confirmed","tops","shirt_blouse","shirt_blouse","unknown","unknown","not_applicable","not_applicable","unknown","tops","","direct","true","garment path mixes type or length semantics"
"musinsa","UNKNOWN","102005001005","디지털/라이프 > 반려동물 > 반려동물 의류 > 니트/스웨터","confirmed","tops","knit_sweater","knit_sweater","unknown","unknown","not_applicable","not_applicable","unknown","tops","","direct","true","garment path mixes type or length semantics"
"musinsa","UNKNOWN","102005001006","디지털/라이프 > 반려동물 > 반려동물 의류 > 올인원","rejected","","","","unknown","unknown","not_applicable","not_applicable","unknown","","","rejected","false","path denotes non-garment merchandise"
"musinsa","UNKNOWN","102005001007","디지털/라이프 > 반려동물 > 반려동물 의류 > 원피스","confirmed","dresses","dress","dress","unknown","unknown","not_applicable","not_applicable","unknown","dresses","","direct","true","leaf path has stable garment term"
"musinsa","UNKNOWN","102005001008","디지털/라이프 > 반려동물 > 반려동물 의류 > 팬츠/치마","confirmed","bottoms","casual_pants","casual_pants","unknown","unknown","not_applicable","not_applicable","unknown","bottoms","","direct","true","garment path mixes type or length semantics"
"musinsa","UNKNOWN","102005001009","디지털/라이프 > 반려동물 > 반려동물 의류 > 레인코트","review_required","","","","unknown","unknown","not_applicable","not_applicable","unknown","","","review_required","false","leaf path has stable garment term"
"musinsa","UNKNOWN","102005001010","디지털/라이프 > 반려동물 > 반려동물 의류 > 수영복","rejected","","","","unknown","unknown","not_applicable","not_applicable","unknown","","","rejected","false","path denotes non-garment merchandise"
"musinsa","UNKNOWN","102005001011","디지털/라이프 > 반려동물 > 반려동물 의류 > 한복","rejected","","","","unknown","unknown","not_applicable","not_applicable","unknown","","","rejected","false","path denotes non-garment merchandise"
"musinsa","UNKNOWN","102005001012","디지털/라이프 > 반려동물 > 반려동물 의류 > 기능성 의류","rejected","","","","unknown","unknown","not_applicable","not_applicable","unknown","","","rejected","false","path denotes non-garment merchandise"
"musinsa","UNKNOWN","102005001013","디지털/라이프 > 반려동물 > 반려동물 의류 > 홈웨어","rejected","","","","unknown","unknown","not_applicable","not_applicable","unknown","","","rejected","false","path denotes non-garment merchandise"
"musinsa","UNKNOWN","102005001014","디지털/라이프 > 반려동물 > 반려동물 의류 > 기타 의류","rejected","","","","unknown","unknown","not_applicable","not_applicable","unknown","","","rejected","false","path denotes non-garment merchandise"
"musinsa","UNKNOWN","102005002","디지털/라이프 > 반려동물 > 반려동물 잡화","navigation_only","","","","unknown","unknown","not_applicable","not_applicable","unknown","","","navigation_only","false","navigation grouping/non-leaf"
"musinsa","UNKNOWN","102005002001","디지털/라이프 > 반려동물 > 반려동물 잡화 > 양말/신발","rejected","","","","unknown","unknown","not_applicable","not_applicable","unknown","","","rejected","false","path denotes non-garment merchandise"
"musinsa","UNKNOWN","102005002002","디지털/라이프 > 반려동물 > 반려동물 잡화 > 모자","rejected","","","","unknown","unknown","not_applicable","not_applicable","unknown","","","rejected","false","path denotes non-garment merchandise"
"musinsa","UNKNOWN","102005002003","디지털/라이프 > 반려동물 > 반려동물 잡화 > 이름표/목걸이","rejected","","","","unknown","unknown","not_applicable","not_applicable","unknown","","","rejected","false","path denotes non-garment merchandise"
"musinsa","UNKNOWN","102005002004","디지털/라이프 > 반려동물 > 반려동물 잡화 > 스카프/반다나","rejected","","","","unknown","unknown","not_applicable","not_applicable","unknown","","","rejected","false","path denotes non-garment merchandise"
"musinsa","UNKNOWN","102005002005","디지털/라이프 > 반려동물 > 반려동물 잡화 > 선글라스","rejected","","","","unknown","unknown","not_applicable","not_applicable","unknown","","","rejected","false","path denotes non-garment merchandise"
"musinsa","UNKNOWN","102005002006","디지털/라이프 > 반려동물 > 반려동물 잡화 > 머리핀/고무줄","rejected","","","","unknown","unknown","not_applicable","not_applicable","unknown","","","rejected","false","path denotes non-garment merchandise"
"musinsa","UNKNOWN","102005002007","디지털/라이프 > 반려동물 > 반려동물 잡화 > 가방","rejected","","","","unknown","unknown","not_applicable","not_applicable","unknown","","","rejected","false","path denotes non-garment merchandise"
"musinsa","UNKNOWN","102005002008","디지털/라이프 > 반려동물 > 반려동물 잡화 > 기타 잡화","rejected","","","","unknown","unknown","not_applicable","not_applicable","unknown","","","rejected","false","path denotes non-garment merchandise"
"musinsa","UNKNOWN","102005003","디지털/라이프 > 반려동물 > 반려동물 용품","navigation_only","","","","unknown","unknown","not_applicable","not_applicable","unknown","","","navigation_only","false","navigation grouping/non-leaf"
"musinsa","UNKNOWN","102005003001","디지털/라이프 > 반려동물 > 반려동물 용품 > 배변용품","rejected","","","","unknown","unknown","not_applicable","not_applicable","unknown","","","rejected","false","path denotes non-garment merchandise"
"musinsa","UNKNOWN","102005003002","디지털/라이프 > 반려동물 > 반려동물 용품 > 미용/목욕용품","rejected","","","","unknown","unknown","not_applicable","not_applicable","unknown","","","rejected","false","path denotes non-garment merchandise"
"musinsa","UNKNOWN","102005003003","디지털/라이프 > 반려동물 > 반려동물 용품 > 외출용품","rejected","","","","unknown","unknown","not_applicable","not_applicable","unknown","","","rejected","false","path denotes non-garment merchandise"
"musinsa","UNKNOWN","102005003004","디지털/라이프 > 반려동물 > 반려동물 용품 > 토이/노즈워크","rejected","","","","unknown","unknown","not_applicable","not_applicable","unknown","","","rejected","false","path denotes non-garment merchandise"
"musinsa","UNKNOWN","102005003005","디지털/라이프 > 반려동물 > 반려동물 용품 > 기타 용품","rejected","","","","unknown","unknown","not_applicable","not_applicable","unknown","","","rejected","false","path denotes non-garment merchandise"
"musinsa","UNKNOWN","102005004","디지털/라이프 > 반려동물 > 반려동물 푸드","navigation_only","","","","unknown","unknown","not_applicable","not_applicable","unknown","","","navigation_only","false","navigation grouping/non-leaf"
"musinsa","UNKNOWN","102005004001","디지털/라이프 > 반려동물 > 반려동물 푸드 > 사료","rejected","","","","unknown","unknown","not_applicable","not_applicable","unknown","","","rejected","false","path denotes non-garment merchandise"
"musinsa","UNKNOWN","102005004002","디지털/라이프 > 반려동물 > 반려동물 푸드 > 간식","rejected","","","","unknown","unknown","not_applicable","not_applicable","unknown","","","rejected","false","path denotes non-garment merchandise"
"musinsa","UNKNOWN","102005004003","디지털/라이프 > 반려동물 > 반려동물 푸드 > 영양제","rejected","","","","unknown","unknown","not_applicable","not_applicable","unknown","","","rejected","false","path denotes non-garment merchandise"
"musinsa","UNKNOWN","102006","디지털/라이프 > 푸드/음료","navigation_only","","","","unknown","unknown","not_applicable","not_applicable","unknown","","","navigation_only","false","navigation grouping/non-leaf"
"musinsa","UNKNOWN","102006001","디지털/라이프 > 푸드/음료 > 전통주","rejected","","","","unknown","unknown","not_applicable","not_applicable","unknown","","","rejected","false","path denotes non-garment merchandise"
"musinsa","UNKNOWN","103","신발","navigation_only","","","","unknown","unknown","not_applicable","not_applicable","unknown","","","navigation_only","false","navigation grouping/non-leaf"
"musinsa","UNKNOWN","103001","신발 > 구두","navigation_only","","","","unknown","unknown","not_applicable","not_applicable","unknown","","","navigation_only","false","navigation grouping/non-leaf"
"musinsa","UNKNOWN","103001001","신발 > 구두 > 더비 슈즈","rejected","","","","unknown","unknown","not_applicable","not_applicable","unknown","","","rejected","false","path denotes non-garment merchandise"
"musinsa","UNKNOWN","103001002","신발 > 구두 > 몽크 스트랩","rejected","","","","unknown","unknown","not_applicable","not_applicable","unknown","","","rejected","false","path denotes non-garment merchandise"
"musinsa","UNKNOWN","103001003","신발 > 구두 > 스트레이트 팁","rejected","","","","unknown","unknown","not_applicable","not_applicable","unknown","","","rejected","false","path denotes non-garment merchandise"
"musinsa","UNKNOWN","103001004","신발 > 구두 > 윙 팁","rejected","","","","unknown","unknown","not_applicable","not_applicable","unknown","","","rejected","false","path denotes non-garment merchandise"
"musinsa","UNKNOWN","103001005","신발 > 구두 > 플레인 토","rejected","","","","unknown","unknown","not_applicable","not_applicable","unknown","","","rejected","false","path denotes non-garment merchandise"
"musinsa","UNKNOWN","103001006","신발 > 구두 > 기타 구두","rejected","","","","unknown","unknown","not_applicable","not_applicable","unknown","","","rejected","false","path denotes non-garment merchandise"
"musinsa","UNKNOWN","103001007","신발 > 구두 > 로퍼","rejected","","","","unknown","unknown","not_applicable","not_applicable","unknown","","","rejected","false","path denotes non-garment merchandise"
"musinsa","UNKNOWN","103001008","신발 > 구두 > 보트 슈즈","rejected","","","","unknown","unknown","not_applicable","not_applicable","unknown","","","rejected","false","path denotes non-garment merchandise"
"musinsa","UNKNOWN","103001009","신발 > 구두 > 모카신","rejected","","","","unknown","unknown","not_applicable","not_applicable","unknown","","","rejected","false","path denotes non-garment merchandise"
"musinsa","UNKNOWN","103001010","신발 > 구두 > 블로퍼","rejected","","","","unknown","unknown","not_applicable","not_applicable","unknown","","","rejected","false","path denotes non-garment merchandise"
"musinsa","UNKNOWN","103001011","신발 > 구두 > 힐/펌프스","rejected","","","","unknown","unknown","not_applicable","not_applicable","unknown","","","rejected","false","path denotes non-garment merchandise"
"musinsa","UNKNOWN","103001012","신발 > 구두 > 메리제인 슈즈","rejected","","","","unknown","unknown","not_applicable","not_applicable","unknown","","","rejected","false","path denotes non-garment merchandise"
"musinsa","UNKNOWN","103001013","신발 > 구두 > 슬링백","rejected","","","","unknown","unknown","not_applicable","not_applicable","unknown","","","rejected","false","path denotes non-garment merchandise"
"musinsa","UNKNOWN","103001014","신발 > 구두 > 웨지힐","rejected","","","","unknown","unknown","not_applicable","not_applicable","unknown","","","rejected","false","path denotes non-garment merchandise"
"musinsa","UNKNOWN","103001015","신발 > 구두 > 플랫폼","rejected","","","","unknown","unknown","not_applicable","not_applicable","unknown","","","rejected","false","path denotes non-garment merchandise"
"musinsa","UNKNOWN","103001016","신발 > 구두 > 플랫 슈즈","rejected","","","","unknown","unknown","not_applicable","not_applicable","unknown","","","rejected","false","path denotes non-garment merchandise"
"musinsa","UNKNOWN","103002","신발 > 부츠/워커","navigation_only","","","","unknown","unknown","not_applicable","not_applicable","unknown","","","navigation_only","false","navigation grouping/non-leaf"
"musinsa","UNKNOWN","103002001","신발 > 부츠/워커 > 앵클/숏 부츠","rejected","","","","unknown","ankle_length","not_applicable","not_applicable","unknown","","","rejected","false","path denotes non-garment merchandise"
"musinsa","UNKNOWN","103002002","신발 > 부츠/워커 > 미들/하프 부츠","rejected","","","","unknown","unknown","not_applicable","not_applicable","unknown","","","rejected","false","path denotes non-garment merchandise"
"musinsa","UNKNOWN","103002003","신발 > 부츠/워커 > 롱 부츠","rejected","","","","unknown","unknown","not_applicable","not_applicable","unknown","","","rejected","false","path denotes non-garment merchandise"
"musinsa","UNKNOWN","103002004","신발 > 부츠/워커 > 니하이 부츠","rejected","","","","unknown","unknown","not_applicable","not_applicable","unknown","","","rejected","false","path denotes non-garment merchandise"
"musinsa","UNKNOWN","103002005","신발 > 부츠/워커 > 레인 부츠","rejected","","","","unknown","unknown","not_applicable","not_applicable","unknown","","","rejected","false","path denotes non-garment merchandise"
"musinsa","UNKNOWN","103002006","신발 > 부츠/워커 > 기타 부츠","rejected","","","","unknown","unknown","not_applicable","not_applicable","unknown","","","rejected","false","path denotes non-garment merchandise"
"musinsa","UNKNOWN","103002007","신발 > 부츠/워커 > 워커","rejected","","","","unknown","unknown","not_applicable","not_applicable","unknown","","","rejected","false","path denotes non-garment merchandise"
"musinsa","UNKNOWN","103003","신발 > 샌들/슬리퍼","navigation_only","","","","unknown","unknown","not_applicable","not_applicable","unknown","","","navigation_only","false","navigation grouping/non-leaf"
"musinsa","UNKNOWN","103003001","신발 > 샌들/슬리퍼 > 클로그","rejected","","","","unknown","unknown","not_applicable","not_applicable","unknown","","","rejected","false","path denotes non-garment merchandise"
"musinsa","UNKNOWN","103003002","신발 > 샌들/슬리퍼 > 스포츠/캐주얼 샌들","rejected","","","","unknown","unknown","not_applicable","not_applicable","unknown","","","rejected","false","path denotes non-garment merchandise"
"musinsa","UNKNOWN","103003003","신발 > 샌들/슬리퍼 > 슬링백 샌들","rejected","","","","unknown","unknown","not_applicable","not_applicable","unknown","","","rejected","false","path denotes non-garment merchandise"
"musinsa","UNKNOWN","103003004","신발 > 샌들/슬리퍼 > 스트랩 샌들","rejected","","","","unknown","unknown","not_applicable","not_applicable","unknown","","","rejected","false","path denotes non-garment merchandise"
"musinsa","UNKNOWN","103003005","신발 > 샌들/슬리퍼 > 기타 샌들","rejected","","","","unknown","unknown","not_applicable","not_applicable","unknown","","","rejected","false","path denotes non-garment merchandise"
"musinsa","UNKNOWN","103003006","신발 > 샌들/슬리퍼 > 스트랩 슬리퍼","rejected","","","","unknown","unknown","not_applicable","not_applicable","unknown","","","rejected","false","path denotes non-garment merchandise"
"musinsa","UNKNOWN","103003007","신발 > 샌들/슬리퍼 > 슬라이드","rejected","","","","unknown","unknown","not_applicable","not_applicable","unknown","","","rejected","false","path denotes non-garment merchandise"
"musinsa","UNKNOWN","103003008","신발 > 샌들/슬리퍼 > 실내화","rejected","","","","unknown","unknown","not_applicable","not_applicable","unknown","","","rejected","false","path denotes non-garment merchandise"
"musinsa","UNKNOWN","103003009","신발 > 샌들/슬리퍼 > 기타 슬리퍼","rejected","","","","unknown","unknown","not_applicable","not_applicable","unknown","","","rejected","false","path denotes non-garment merchandise"
"musinsa","UNKNOWN","103003010","신발 > 샌들/슬리퍼 > 쪼리/플립플랍","rejected","","","","unknown","unknown","not_applicable","not_applicable","unknown","","","rejected","false","path denotes non-garment merchandise"
"musinsa","UNKNOWN","103003011","신발 > 샌들/슬리퍼 > 아웃도어 샌들","rejected","","","","unknown","unknown","not_applicable","not_applicable","unknown","","","rejected","false","path denotes non-garment merchandise"
"musinsa","UNKNOWN","103004","신발 > 스니커즈","navigation_only","","","","unknown","unknown","not_applicable","not_applicable","unknown","","","navigation_only","false","navigation grouping/non-leaf"
"musinsa","UNKNOWN","103004001","신발 > 스니커즈 > 캔버스/단화","rejected","","","","unknown","unknown","not_applicable","not_applicable","unknown","","","rejected","false","path denotes non-garment merchandise"
"musinsa","UNKNOWN","103004002","신발 > 스니커즈 > 스니커즈 뮬","rejected","","","","unknown","unknown","not_applicable","not_applicable","unknown","","","rejected","false","path denotes non-garment merchandise"
"musinsa","UNKNOWN","103004003","신발 > 스니커즈 > 슬립온","rejected","","","","unknown","unknown","not_applicable","not_applicable","unknown","","","rejected","false","path denotes non-garment merchandise"
"musinsa","UNKNOWN","103004004","신발 > 스니커즈 > 패션스니커즈화","rejected","","","","unknown","unknown","not_applicable","not_applicable","unknown","","","rejected","false","path denotes non-garment merchandise"
"musinsa","UNKNOWN","103004005","신발 > 스니커즈 > 라이프스타일화","rejected","","","","unknown","unknown","not_applicable","not_applicable","unknown","","","rejected","false","path denotes non-garment merchandise"
"musinsa","UNKNOWN","103004006","신발 > 스니커즈 > 스케이트 보드화","rejected","","","","unknown","unknown","not_applicable","not_applicable","unknown","","","rejected","false","path denotes non-garment merchandise"
"musinsa","UNKNOWN","103005","신발 > 스포츠화","navigation_only","","","","unknown","unknown","not_applicable","not_applicable","unknown","","","navigation_only","false","navigation grouping/non-leaf"
"musinsa","UNKNOWN","103005001","신발 > 스포츠화 > 테니스화","rejected","","","","unknown","unknown","not_applicable","not_applicable","unknown","","","rejected","false","path denotes non-garment merchandise"
"musinsa","UNKNOWN","103005002","신발 > 스포츠화 > 야구화","rejected","","","","unknown","unknown","not_applicable","not_applicable","unknown","","","rejected","false","path denotes non-garment merchandise"
"musinsa","UNKNOWN","103005003","신발 > 스포츠화 > 등산화","rejected","","","","unknown","unknown","not_applicable","not_applicable","unknown","","","rejected","false","path denotes non-garment merchandise"
"musinsa","UNKNOWN","103005004","신발 > 스포츠화 > 트레킹화","rejected","","","","unknown","unknown","not_applicable","not_applicable","unknown","","","rejected","false","path denotes non-garment merchandise"
"musinsa","UNKNOWN","103005005","신발 > 스포츠화 > 축구화","rejected","","","","unknown","unknown","not_applicable","not_applicable","unknown","","","rejected","false","path denotes non-garment merchandise"
"musinsa","UNKNOWN","103005006","신발 > 스포츠화 > 기타 운동화","rejected","","","","unknown","unknown","not_applicable","not_applicable","unknown","","","rejected","false","path denotes non-garment merchandise"
"musinsa","UNKNOWN","103005007","신발 > 스포츠화 > 아쿠아 슈즈","rejected","","","","unknown","unknown","not_applicable","not_applicable","unknown","","","rejected","false","path denotes non-garment merchandise"
"musinsa","UNKNOWN","103005008","신발 > 스포츠화 > 농구화","rejected","","","","unknown","unknown","not_applicable","not_applicable","unknown","","","rejected","false","path denotes non-garment merchandise"
"musinsa","UNKNOWN","103005009","신발 > 스포츠화 > 러닝화","rejected","","","","unknown","unknown","not_applicable","not_applicable","unknown","","","rejected","false","path denotes non-garment merchandise"
"musinsa","UNKNOWN","103005010","신발 > 스포츠화 > 인도어화","rejected","","","","unknown","unknown","not_applicable","not_applicable","unknown","","","rejected","false","path denotes non-garment merchandise"
"musinsa","UNKNOWN","103005011","신발 > 스포츠화 > 자전거화","rejected","","","","unknown","unknown","not_applicable","not_applicable","unknown","","","rejected","false","path denotes non-garment merchandise"
"musinsa","UNKNOWN","103005012","신발 > 스포츠화 > 피트니스화","rejected","","","","unknown","unknown","not_applicable","not_applicable","unknown","","","rejected","false","path denotes non-garment merchandise"
"musinsa","UNKNOWN","103005013","신발 > 스포츠화 > 다이빙 부츠","rejected","","","","unknown","unknown","not_applicable","not_applicable","unknown","","","rejected","false","path denotes non-garment merchandise"
"musinsa","UNKNOWN","103005014","신발 > 스포츠화 > 골프화","rejected","","","","unknown","unknown","not_applicable","not_applicable","unknown","","","rejected","false","path denotes non-garment merchandise"
"musinsa","UNKNOWN","103005016","신발 > 스포츠화 > 부츠/전술화","rejected","","","","unknown","unknown","not_applicable","not_applicable","unknown","","","rejected","false","path denotes non-garment merchandise"
"musinsa","UNKNOWN","103005024","신발 > 스포츠화 > 워터스포츠화","rejected","","","","unknown","unknown","not_applicable","not_applicable","unknown","","","rejected","false","path denotes non-garment merchandise"
"musinsa","UNKNOWN","103005025","신발 > 스포츠화 > 복싱/격투화","rejected","","","","unknown","unknown","not_applicable","not_applicable","unknown","","","rejected","false","path denotes non-garment merchandise"
"musinsa","UNKNOWN","103005026","신발 > 스포츠화 > 탁구화","rejected","","","","unknown","unknown","not_applicable","not_applicable","unknown","","","rejected","false","path denotes non-garment merchandise"
"musinsa","UNKNOWN","103006","신발 > 신발용품","navigation_only","","","","unknown","unknown","not_applicable","not_applicable","unknown","","","navigation_only","false","navigation grouping/non-leaf"
"musinsa","UNKNOWN","103006001","신발 > 신발용품 > 구두약/염색제","rejected","","","","unknown","unknown","not_applicable","not_applicable","unknown","","","rejected","false","path denotes non-garment merchandise"
"musinsa","UNKNOWN","103006002","신발 > 신발용품 > 구두솔/브러시","rejected","","","","unknown","unknown","not_applicable","not_applicable","unknown","","","rejected","false","path denotes non-garment merchandise"
"musinsa","UNKNOWN","103006004","신발 > 신발용품 > 스프레이/탈취제","rejected","","","","unknown","unknown","not_applicable","not_applicable","unknown","","","rejected","false","path denotes non-garment merchandise"
"musinsa","UNKNOWN","103006005","신발 > 신발용품 > 신발 커버","rejected","","","","unknown","unknown","not_applicable","not_applicable","unknown","","","rejected","false","path denotes non-garment merchandise"
"musinsa","UNKNOWN","103006006","신발 > 신발용품 > 구둣 주걱","rejected","","","","unknown","unknown","not_applicable","not_applicable","unknown","","","rejected","false","path denotes non-garment merchandise"
"musinsa","UNKNOWN","103006007","신발 > 신발용품 > 슈트리/부츠키퍼","rejected","","","","unknown","unknown","not_applicable","not_applicable","unknown","","","rejected","false","path denotes non-garment merchandise"
"musinsa","UNKNOWN","103006008","신발 > 신발용품 > 보호 쿠션/패드","rejected","","","","unknown","unknown","not_applicable","not_applicable","unknown","","","rejected","false","path denotes non-garment merchandise"
"musinsa","UNKNOWN","103006009","신발 > 신발용품 > 깔창","rejected","","","","unknown","unknown","not_applicable","not_applicable","unknown","","","rejected","false","path denotes non-garment merchandise"
"musinsa","UNKNOWN","103006010","신발 > 신발용품 > 신발끈","rejected","","","","unknown","unknown","not_applicable","not_applicable","unknown","","","rejected","false","path denotes non-garment merchandise"
"musinsa","UNKNOWN","103006011","신발 > 신발용품 > 기타 신발용품","rejected","","","","unknown","unknown","not_applicable","not_applicable","unknown","","","rejected","false","path denotes non-garment merchandise"
"musinsa","UNKNOWN","103007","신발 > 패딩/퍼 신발","navigation_only","","","","unknown","unknown","not_applicable","not_applicable","unknown","","","navigation_only","false","navigation grouping/non-leaf"
"musinsa","UNKNOWN","103007001","신발 > 패딩/퍼 신발 > 패딩/퍼 부츠","confirmed","outerwear","puffer_jacket","puffer_jacket","unknown","unknown","not_applicable","not_applicable","unknown","outerwear","","direct","true","garment path mixes type or length semantics"
"musinsa","UNKNOWN","103007002","신발 > 패딩/퍼 신발 > 패딩/퍼 슬리퍼","confirmed","outerwear","puffer_jacket","puffer_jacket","unknown","unknown","not_applicable","not_applicable","unknown","outerwear","","direct","true","garment path mixes type or length semantics"
"musinsa","UNKNOWN","104","뷰티","navigation_only","","","","unknown","unknown","not_applicable","not_applicable","unknown","","","navigation_only","false","navigation grouping/non-leaf"
"musinsa","UNKNOWN","104001","뷰티 > 스킨케어","navigation_only","","","","unknown","unknown","not_applicable","not_applicable","unknown","","","navigation_only","false","navigation grouping/non-leaf"
"musinsa","UNKNOWN","104001003","뷰티 > 스킨케어 > 에센스/세럼/앰플","rejected","","","","unknown","unknown","not_applicable","not_applicable","unknown","","","rejected","false","path denotes non-garment merchandise"
"musinsa","UNKNOWN","104001008","뷰티 > 스킨케어 > 스팟케어","rejected","","","","unknown","unknown","not_applicable","not_applicable","unknown","","","rejected","false","path denotes non-garment merchandise"
"musinsa","UNKNOWN","104001010","뷰티 > 스킨케어 > 스킨케어 세트","rejected","","","","unknown","unknown","not_applicable","not_applicable","unknown","","","rejected","false","path denotes non-garment merchandise"
"musinsa","UNKNOWN","104001013","뷰티 > 스킨케어 > 크림/아이크림","navigation_only","","","","unknown","unknown","not_applicable","not_applicable","unknown","","","navigation_only","false","navigation grouping/non-leaf"
"musinsa","UNKNOWN","104001013001","뷰티 > 스킨케어 > 크림/아이크림 > 크림","rejected","","","","unknown","unknown","not_applicable","not_applicable","unknown","","","rejected","false","path denotes non-garment merchandise"
"musinsa","UNKNOWN","104001013002","뷰티 > 스킨케어 > 크림/아이크림 > 아이크림","rejected","","","","unknown","unknown","not_applicable","not_applicable","unknown","","","rejected","false","path denotes non-garment merchandise"
"musinsa","UNKNOWN","104001014","뷰티 > 스킨케어 > 스킨/토너/패드","navigation_only","","","","unknown","unknown","not_applicable","not_applicable","unknown","","","navigation_only","false","navigation grouping/non-leaf"
"musinsa","UNKNOWN","104001014001","뷰티 > 스킨케어 > 스킨/토너/패드 > 스킨/토너","rejected","","","","unknown","unknown","not_applicable","not_applicable","unknown","","","rejected","false","path denotes non-garment merchandise"
"musinsa","UNKNOWN","104001014002","뷰티 > 스킨케어 > 스킨/토너/패드 > 패드","rejected","","","","unknown","unknown","not_applicable","not_applicable","unknown","","","rejected","false","path denotes non-garment merchandise"
"musinsa","UNKNOWN","104001015","뷰티 > 스킨케어 > 로션/에멀젼/올인원","navigation_only","","","","unknown","unknown","not_applicable","not_applicable","unknown","","","navigation_only","false","navigation grouping/non-leaf"
"musinsa","UNKNOWN","104001015001","뷰티 > 스킨케어 > 로션/에멀젼/올인원 > 로션/에멀젼","rejected","","","","unknown","unknown","not_applicable","not_applicable","unknown","","","rejected","false","path denotes non-garment merchandise"
"musinsa","UNKNOWN","104001015002","뷰티 > 스킨케어 > 로션/에멀젼/올인원 > 올인원","rejected","","","","unknown","unknown","not_applicable","not_applicable","unknown","","","rejected","false","path denotes non-garment merchandise"
"musinsa","UNKNOWN","104001016","뷰티 > 스킨케어 > 미스트/페이셜오일","navigation_only","","","","unknown","unknown","not_applicable","not_applicable","unknown","","","navigation_only","false","navigation grouping/non-leaf"
"musinsa","UNKNOWN","104001016001","뷰티 > 스킨케어 > 미스트/페이셜오일 > 미스트","rejected","","","","unknown","unknown","not_applicable","not_applicable","unknown","","","rejected","false","path denotes non-garment merchandise"
"musinsa","UNKNOWN","104001016002","뷰티 > 스킨케어 > 미스트/페이셜오일 > 페이셜 오일","rejected","","","","unknown","unknown","not_applicable","not_applicable","unknown","","","rejected","false","path denotes non-garment merchandise"
"musinsa","UNKNOWN","104002","뷰티 > 선케어","navigation_only","","","","unknown","unknown","not_applicable","not_applicable","unknown","","","navigation_only","false","navigation grouping/non-leaf"
"musinsa","UNKNOWN","104002001","뷰티 > 선케어 > 선크림","rejected","","","","unknown","unknown","not_applicable","not_applicable","unknown","","","rejected","false","path denotes non-garment merchandise"
"musinsa","UNKNOWN","104002002","뷰티 > 선케어 > 선스틱/선스프레이","navigation_only","","","","unknown","unknown","not_applicable","not_applicable","unknown","","","navigation_only","false","navigation grouping/non-leaf"
"musinsa","UNKNOWN","104002002001","뷰티 > 선케어 > 선스틱/선스프레이 > 선스프레이","rejected","","","","unknown","unknown","not_applicable","not_applicable","unknown","","","rejected","false","path denotes non-garment merchandise"
"musinsa","UNKNOWN","104002002002","뷰티 > 선케어 > 선스틱/선스프레이 > 선스틱","rejected","","","","unknown","unknown","not_applicable","not_applicable","unknown","","","rejected","false","path denotes non-garment merchandise"
"musinsa","UNKNOWN","104002003","뷰티 > 선케어 > 선쿠션/파우더","rejected","","","","unknown","unknown","not_applicable","not_applicable","unknown","","","rejected","false","path denotes non-garment merchandise"
"musinsa","UNKNOWN","104002005","뷰티 > 선케어 > 태닝/애프터선","navigation_only","","","","unknown","unknown","not_applicable","not_applicable","unknown","","","navigation_only","false","navigation grouping/non-leaf"
"musinsa","UNKNOWN","104002005001","뷰티 > 선케어 > 태닝/애프터선 > 태닝","rejected","","","","unknown","unknown","not_applicable","not_applicable","unknown","","","rejected","false","path denotes non-garment merchandise"
"musinsa","UNKNOWN","104002005002","뷰티 > 선케어 > 태닝/애프터선 > 애프터선","rejected","","","","unknown","unknown","not_applicable","not_applicable","unknown","","","rejected","false","path denotes non-garment merchandise"
"musinsa","UNKNOWN","104002006","뷰티 > 선케어 > 선케어세트","rejected","","","","unknown","unknown","not_applicable","not_applicable","unknown","","","rejected","false","path denotes non-garment merchandise"
"musinsa","UNKNOWN","104003","뷰티 > 클렌징/필링","navigation_only","","","","unknown","unknown","not_applicable","not_applicable","unknown","","","navigation_only","false","navigation grouping/non-leaf"
"musinsa","UNKNOWN","104003003","뷰티 > 클렌징/필링 > 필링/스크럽","navigation_only","","","","unknown","unknown","not_applicable","not_applicable","unknown","","","navigation_only","false","navigation grouping/non-leaf"
"musinsa","UNKNOWN","104003003002","뷰티 > 클렌징/필링 > 필링/스크럽 > 페이스 스크럽","rejected","","","","unknown","unknown","not_applicable","not_applicable","unknown","","","rejected","false","path denotes non-garment merchandise"
"musinsa","UNKNOWN","104003003003","뷰티 > 클렌징/필링 > 필링/스크럽 > 필링","rejected","","","","unknown","unknown","not_applicable","not_applicable","unknown","","","rejected","false","path denotes non-garment merchandise"
"musinsa","UNKNOWN","104003004","뷰티 > 클렌징/필링 > 립/아이 리무버","rejected","","","","unknown","unknown","not_applicable","not_applicable","unknown","","","rejected","false","path denotes non-garment merchandise"
"musinsa","UNKNOWN","104003005","뷰티 > 클렌징/필링 > 클렌징폼/젤/비누","navigation_only","","","","unknown","unknown","not_applicable","not_applicable","unknown","","","navigation_only","false","navigation grouping/non-leaf"
"musinsa","UNKNOWN","104003005001","뷰티 > 클렌징/필링 > 클렌징폼/젤/비누 > 클렌징폼","rejected","","","","unknown","unknown","not_applicable","not_applicable","unknown","","","rejected","false","path denotes non-garment merchandise"
"musinsa","UNKNOWN","104003005002","뷰티 > 클렌징/필링 > 클렌징폼/젤/비누 > 클렌징젤","rejected","","","","unknown","unknown","not_applicable","not_applicable","unknown","","","rejected","false","path denotes non-garment merchandise"
"musinsa","UNKNOWN","104003005003","뷰티 > 클렌징/필링 > 클렌징폼/젤/비누 > 클렌징비누","rejected","","","","unknown","unknown","not_applicable","not_applicable","unknown","","","rejected","false","path denotes non-garment merchandise"
"musinsa","UNKNOWN","104003006","뷰티 > 클렌징/필링 > 클렌징오일/워터","navigation_only","","","","unknown","unknown","not_applicable","not_applicable","unknown","","","navigation_only","false","navigation grouping/non-leaf"
"musinsa","UNKNOWN","104003006001","뷰티 > 클렌징/필링 > 클렌징오일/워터 > 클렌징오일","rejected","","","","unknown","unknown","not_applicable","not_applicable","unknown","","","rejected","false","path denotes non-garment merchandise"
"musinsa","UNKNOWN","104003006002","뷰티 > 클렌징/필링 > 클렌징오일/워터 > 클렌징워터","rejected","","","","unknown","unknown","not_applicable","not_applicable","unknown","","","rejected","false","path denotes non-garment merchandise"
"musinsa","UNKNOWN","104003007","뷰티 > 클렌징/필링 > 클렌징로션/크림","rejected","","","","unknown","unknown","not_applicable","not_applicable","unknown","","","rejected","false","path denotes non-garment merchandise"
"musinsa","UNKNOWN","104003008","뷰티 > 클렌징/필링 > 클렌징티슈/패드","navigation_only","","","","unknown","unknown","not_applicable","not_applicable","unknown","","","navigation_only","false","navigation grouping/non-leaf"
"musinsa","UNKNOWN","104003008001","뷰티 > 클렌징/필링 > 클렌징티슈/패드 > 클렌징티슈","rejected","","","","unknown","unknown","not_applicable","not_applicable","unknown","","","rejected","false","path denotes non-garment merchandise"
"musinsa","UNKNOWN","104003008002","뷰티 > 클렌징/필링 > 클렌징티슈/패드 > 클렌징패드","rejected","","","","unknown","unknown","not_applicable","not_applicable","unknown","","","rejected","false","path denotes non-garment merchandise"
"musinsa","UNKNOWN","104005","뷰티 > 프레그런스","navigation_only","","","","unknown","unknown","not_applicable","not_applicable","unknown","","","navigation_only","false","navigation grouping/non-leaf"
"musinsa","UNKNOWN","104005001","뷰티 > 프레그런스 > 향수","rejected","","","","unknown","unknown","not_applicable","not_applicable","unknown","","","rejected","false","path denotes non-garment merchandise"
"musinsa","UNKNOWN","104005002","뷰티 > 프레그런스 > 드레스퍼퓸","review_required","","","","unknown","unknown","not_applicable","not_applicable","unknown","","","review_required","false","bounded sample is mixed, unknown, or insufficient"
"musinsa","UNKNOWN","104005003","뷰티 > 프레그런스 > 기타 향수","rejected","","","","unknown","unknown","not_applicable","not_applicable","unknown","","","rejected","false","path denotes non-garment merchandise"
"musinsa","UNKNOWN","104006","뷰티 > 헤어케어","navigation_only","","","","unknown","unknown","not_applicable","not_applicable","unknown","","","navigation_only","false","navigation grouping/non-leaf"
"musinsa","UNKNOWN","104006001","뷰티 > 헤어케어 > 샴푸","rejected","","","","unknown","unknown","not_applicable","not_applicable","unknown","","","rejected","false","path denotes non-garment merchandise"
"musinsa","UNKNOWN","104006002","뷰티 > 헤어케어 > 린스/컨디셔너","rejected","","","","unknown","unknown","not_applicable","not_applicable","unknown","","","rejected","false","path denotes non-garment merchandise"
"musinsa","UNKNOWN","104006003","뷰티 > 헤어케어 > 트리트먼트/팩","rejected","","","","unknown","unknown","not_applicable","not_applicable","unknown","","","rejected","false","path denotes non-garment merchandise"
"musinsa","UNKNOWN","104006006","뷰티 > 헤어케어 > 헤어케어 세트","rejected","","","","unknown","unknown","not_applicable","not_applicable","unknown","","","rejected","false","path denotes non-garment merchandise"
"musinsa","UNKNOWN","104006007","뷰티 > 헤어케어 > 헤어스타일링","navigation_only","","","","unknown","unknown","not_applicable","not_applicable","unknown","","","navigation_only","false","navigation grouping/non-leaf"
"musinsa","UNKNOWN","104006007001","뷰티 > 헤어케어 > 헤어스타일링 > 헤어왁스","rejected","","","","unknown","unknown","not_applicable","not_applicable","unknown","","","rejected","false","path denotes non-garment merchandise"
"musinsa","UNKNOWN","104006007002","뷰티 > 헤어케어 > 헤어스타일링 > 헤어스프레이","rejected","","","","unknown","unknown","not_applicable","not_applicable","unknown","","","rejected","false","path denotes non-garment merchandise"
"musinsa","UNKNOWN","104006007003","뷰티 > 헤어케어 > 헤어스타일링 > 헤어젤/무스","rejected","","","","unknown","unknown","not_applicable","not_applicable","unknown","","","rejected","false","path denotes non-garment merchandise"
"musinsa","UNKNOWN","104006008","뷰티 > 헤어케어 > 헤어컬러/펌","navigation_only","","","","unknown","unknown","not_applicable","not_applicable","unknown","","","navigation_only","false","navigation grouping/non-leaf"
"musinsa","UNKNOWN","104006008001","뷰티 > 헤어케어 > 헤어컬러/펌 > 염모제","rejected","","","","unknown","unknown","not_applicable","not_applicable","unknown","","","rejected","false","path denotes non-garment merchandise"
"musinsa","UNKNOWN","104006008002","뷰티 > 헤어케어 > 헤어컬러/펌 > 펌제","rejected","","","","unknown","unknown","not_applicable","not_applicable","unknown","","","rejected","false","path denotes non-garment merchandise"
"musinsa","UNKNOWN","104006009","뷰티 > 헤어케어 > 헤어브러쉬","rejected","","","","unknown","unknown","not_applicable","not_applicable","unknown","","","rejected","false","path denotes non-garment merchandise"
"musinsa","UNKNOWN","104006010","뷰티 > 헤어케어 > 헤어오일/에센스","navigation_only","","","","unknown","unknown","not_applicable","not_applicable","unknown","","","navigation_only","false","navigation grouping/non-leaf"
"musinsa","UNKNOWN","104006010001","뷰티 > 헤어케어 > 헤어오일/에센스 > 헤어오일","rejected","","","","unknown","unknown","not_applicable","not_applicable","unknown","","","rejected","false","path denotes non-garment merchandise"
"musinsa","UNKNOWN","104006010002","뷰티 > 헤어케어 > 헤어오일/에센스 > 헤어에센스","rejected","","","","unknown","unknown","not_applicable","not_applicable","unknown","","","rejected","false","path denotes non-garment merchandise"
"musinsa","UNKNOWN","104006011","뷰티 > 헤어케어 > 탈모케어","rejected","","","","unknown","unknown","not_applicable","not_applicable","unknown","","","rejected","false","path denotes non-garment merchandise"
"musinsa","UNKNOWN","104006012","뷰티 > 헤어케어 > 헤어기기","navigation_only","","","","unknown","unknown","not_applicable","not_applicable","unknown","","","navigation_only","false","navigation grouping/non-leaf"
"musinsa","UNKNOWN","104006012001","뷰티 > 헤어케어 > 헤어기기 > 헤어드라이기","rejected","","","","unknown","unknown","not_applicable","not_applicable","unknown","","","rejected","false","path denotes non-garment merchandise"
"musinsa","UNKNOWN","104006012004","뷰티 > 헤어케어 > 헤어기기 > 헤어스타일러","rejected","","","","unknown","unknown","not_applicable","not_applicable","unknown","","","rejected","false","path denotes non-garment merchandise"
"musinsa","UNKNOWN","104006012005","뷰티 > 헤어케어 > 헤어기기 > 두피/헤어관리기","rejected","","","","unknown","unknown","not_applicable","not_applicable","unknown","","","rejected","false","path denotes non-garment merchandise"
"musinsa","UNKNOWN","104006012006","뷰티 > 헤어케어 > 헤어기기 > 에어브러쉬","rejected","","","","unknown","unknown","not_applicable","not_applicable","unknown","","","rejected","false","path denotes non-garment merchandise"
"musinsa","UNKNOWN","104007","뷰티 > 바디케어","navigation_only","","","","unknown","unknown","not_applicable","not_applicable","unknown","","","navigation_only","false","navigation grouping/non-leaf"
"musinsa","UNKNOWN","104007009","뷰티 > 바디케어 > 풋케어","rejected","","","","unknown","unknown","not_applicable","not_applicable","unknown","","","rejected","false","path denotes non-garment merchandise"
"musinsa","UNKNOWN","104007010","뷰티 > 바디케어 > 핸드케어","rejected","","","","unknown","unknown","not_applicable","not_applicable","unknown","","","rejected","false","path denotes non-garment merchandise"
"musinsa","UNKNOWN","104007012","뷰티 > 바디케어 > 데오드란트","rejected","","","","unknown","unknown","not_applicable","not_applicable","unknown","","","rejected","false","path denotes non-garment merchandise"
"musinsa","UNKNOWN","104007013","뷰티 > 바디케어 > 샤워/입욕","navigation_only","","","","unknown","unknown","not_applicable","not_applicable","unknown","","","navigation_only","false","navigation grouping/non-leaf"
"musinsa","UNKNOWN","104007013001","뷰티 > 바디케어 > 샤워/입욕 > 바디클렌저","rejected","","","","unknown","unknown","not_applicable","not_applicable","unknown","","","rejected","false","path denotes non-garment merchandise"
"musinsa","UNKNOWN","104007013002","뷰티 > 바디케어 > 샤워/입욕 > 바디 스크럽","rejected","","","","unknown","unknown","not_applicable","not_applicable","unknown","","","rejected","false","path denotes non-garment merchandise"
"musinsa","UNKNOWN","104007013003","뷰티 > 바디케어 > 샤워/입욕 > 샤워용품","rejected","","","","unknown","unknown","not_applicable","not_applicable","unknown","","","rejected","false","path denotes non-garment merchandise"
"musinsa","UNKNOWN","104007013004","뷰티 > 바디케어 > 샤워/입욕 > 입욕제","rejected","","","","unknown","unknown","not_applicable","not_applicable","unknown","","","rejected","false","path denotes non-garment merchandise"
"musinsa","UNKNOWN","104007014","뷰티 > 바디케어 > 바디로션/크림/오일","navigation_only","","","","unknown","unknown","not_applicable","not_applicable","unknown","","","navigation_only","false","navigation grouping/non-leaf"
"musinsa","UNKNOWN","104007014001","뷰티 > 바디케어 > 바디로션/크림/오일 > 바디크림","rejected","","","","unknown","unknown","not_applicable","not_applicable","unknown","","","rejected","false","path denotes non-garment merchandise"
"musinsa","UNKNOWN","104007014002","뷰티 > 바디케어 > 바디로션/크림/오일 > 바디로션","rejected","","","","unknown","unknown","not_applicable","not_applicable","unknown","","","rejected","false","path denotes non-garment merchandise"
"musinsa","UNKNOWN","104007014003","뷰티 > 바디케어 > 바디로션/크림/오일 > 바디오일","rejected","","","","unknown","unknown","not_applicable","not_applicable","unknown","","","rejected","false","path denotes non-garment merchandise"
"musinsa","UNKNOWN","104007015","뷰티 > 바디케어 > 바디미스트","rejected","","","","unknown","unknown","not_applicable","not_applicable","unknown","","","rejected","false","path denotes non-garment merchandise"
"musinsa","UNKNOWN","104009","뷰티 > 쉐이빙/제모","navigation_only","","","","unknown","unknown","not_applicable","not_applicable","unknown","","","navigation_only","false","navigation grouping/non-leaf"
"musinsa","UNKNOWN","104009001","뷰티 > 쉐이빙/제모 > 면도/제모기","rejected","","","","unknown","unknown","not_applicable","not_applicable","unknown","","","rejected","false","path denotes non-garment merchandise"
"musinsa","UNKNOWN","104009002","뷰티 > 쉐이빙/제모 > 코털정리기","rejected","","","","unknown","unknown","not_applicable","not_applicable","unknown","","","rejected","false","path denotes non-garment merchandise"
"musinsa","UNKNOWN","104009003","뷰티 > 쉐이빙/제모 > 눈썹관리기","rejected","","","","unknown","unknown","not_applicable","not_applicable","unknown","","","rejected","false","path denotes non-garment merchandise"
"musinsa","UNKNOWN","104009004","뷰티 > 쉐이빙/제모 > 기타 면도/제모기기","rejected","","","","unknown","unknown","not_applicable","not_applicable","unknown","","","rejected","false","path denotes non-garment merchandise"
"musinsa","UNKNOWN","104009005","뷰티 > 쉐이빙/제모 > 제모/왁싱","navigation_only","","","","unknown","unknown","not_applicable","not_applicable","unknown","","","navigation_only","false","navigation grouping/non-leaf"
"musinsa","UNKNOWN","104009005001","뷰티 > 쉐이빙/제모 > 제모/왁싱 > 제모","rejected","","","","unknown","unknown","not_applicable","not_applicable","unknown","","","rejected","false","path denotes non-garment merchandise"
"musinsa","UNKNOWN","104009005002","뷰티 > 쉐이빙/제모 > 제모/왁싱 > 왁싱","rejected","","","","unknown","unknown","not_applicable","not_applicable","unknown","","","rejected","false","path denotes non-garment merchandise"
"musinsa","UNKNOWN","104010","뷰티 > 뷰티 디바이스/소품","navigation_only","","","","unknown","unknown","not_applicable","not_applicable","unknown","","","navigation_only","false","navigation grouping/non-leaf"
"musinsa","UNKNOWN","104010005","뷰티 > 뷰티 디바이스/소품 > 헤어기기","navigation_only","","","","unknown","unknown","not_applicable","not_applicable","unknown","","","navigation_only","false","navigation grouping/non-leaf"
"musinsa","UNKNOWN","104010005001","뷰티 > 뷰티 디바이스/소품 > 헤어기기 > 헤어드라이기","rejected","","","","unknown","unknown","not_applicable","not_applicable","unknown","","","rejected","false","path denotes non-garment merchandise"
"musinsa","UNKNOWN","104010005004","뷰티 > 뷰티 디바이스/소품 > 헤어기기 > 헤어스타일러","rejected","","","","unknown","unknown","not_applicable","not_applicable","unknown","","","rejected","false","path denotes non-garment merchandise"
"musinsa","UNKNOWN","104010005005","뷰티 > 뷰티 디바이스/소품 > 헤어기기 > 두피/헤어관리기","rejected","","","","unknown","unknown","not_applicable","not_applicable","unknown","","","rejected","false","path denotes non-garment merchandise"
"musinsa","UNKNOWN","104010005006","뷰티 > 뷰티 디바이스/소품 > 헤어기기 > 에어브러쉬","rejected","","","","unknown","unknown","not_applicable","not_applicable","unknown","","","rejected","false","path denotes non-garment merchandise"
"musinsa","UNKNOWN","104010006","뷰티 > 뷰티 디바이스/소품 > 피부관리기기","navigation_only","","","","unknown","unknown","not_applicable","not_applicable","unknown","","","navigation_only","false","navigation grouping/non-leaf"
"musinsa","UNKNOWN","104010006001","뷰티 > 뷰티 디바이스/소품 > 피부관리기기 > 각질제거기","rejected","","","","unknown","unknown","not_applicable","not_applicable","unknown","","","rejected","false","path denotes non-garment merchandise"
"musinsa","UNKNOWN","104010006002","뷰티 > 뷰티 디바이스/소품 > 피부관리기기 > 페이셜 마사지기","rejected","","","","unknown","unknown","not_applicable","not_applicable","unknown","","","rejected","false","path denotes non-garment merchandise"
"musinsa","UNKNOWN","104010006003","뷰티 > 뷰티 디바이스/소품 > 피부관리기기 > LED 마스크","rejected","","","","unknown","unknown","not_applicable","not_applicable","unknown","","","rejected","false","path denotes non-garment merchandise"
"musinsa","UNKNOWN","104010006004","뷰티 > 뷰티 디바이스/소품 > 피부관리기기 > 기타 피부관리기기","rejected","","","","unknown","unknown","not_applicable","not_applicable","unknown","","","rejected","false","path denotes non-garment merchandise"
"musinsa","UNKNOWN","104010007","뷰티 > 뷰티 디바이스/소품 > 클렌징기기","rejected","","","","unknown","unknown","not_applicable","not_applicable","unknown","","","rejected","false","path denotes non-garment merchandise"
"musinsa","UNKNOWN","104010008","뷰티 > 뷰티 디바이스/소품 > 마사지기기","rejected","","","","unknown","unknown","not_applicable","not_applicable","unknown","","","rejected","false","path denotes non-garment merchandise"
"musinsa","UNKNOWN","104010009","뷰티 > 뷰티 디바이스/소품 > 네일관리기기","rejected","","","","unknown","unknown","not_applicable","not_applicable","unknown","","","rejected","false","path denotes non-garment merchandise"
"musinsa","UNKNOWN","104010010","뷰티 > 뷰티 디바이스/소품 > 페이스소품","rejected","","","","unknown","unknown","not_applicable","not_applicable","unknown","","","rejected","false","path denotes non-garment merchandise"
"musinsa","UNKNOWN","104010011","뷰티 > 뷰티 디바이스/소품 > 메이크업소품","navigation_only","","","","unknown","unknown","not_applicable","not_applicable","unknown","","","navigation_only","false","navigation grouping/non-leaf"
"musinsa","UNKNOWN","104010011001","뷰티 > 뷰티 디바이스/소품 > 메이크업소품 > 메이크업 브러쉬","rejected","","","","unknown","unknown","not_applicable","not_applicable","unknown","","","rejected","false","path denotes non-garment merchandise"
"musinsa","UNKNOWN","104010011002","뷰티 > 뷰티 디바이스/소품 > 메이크업소품 > 파우치","rejected","","","","unknown","unknown","not_applicable","not_applicable","unknown","","","rejected","false","path denotes non-garment merchandise"
"musinsa","UNKNOWN","104010011003","뷰티 > 뷰티 디바이스/소품 > 메이크업소품 > 화장품 용기","rejected","","","","unknown","unknown","not_applicable","not_applicable","unknown","","","rejected","false","path denotes non-garment merchandise"
"musinsa","UNKNOWN","104010011004","뷰티 > 뷰티 디바이스/소품 > 메이크업소품 > 거울","rejected","","","","unknown","unknown","not_applicable","not_applicable","unknown","","","rejected","false","path denotes non-garment merchandise"
"musinsa","UNKNOWN","104010011005","뷰티 > 뷰티 디바이스/소품 > 메이크업소품 > 기타 소품","rejected","","","","unknown","unknown","not_applicable","not_applicable","unknown","","","rejected","false","path denotes non-garment merchandise"
"musinsa","UNKNOWN","104011","뷰티 > 미용소품","navigation_only","","","","unknown","unknown","not_applicable","not_applicable","unknown","","","navigation_only","false","navigation grouping/non-leaf"
"musinsa","UNKNOWN","104011003","뷰티 > 미용소품 > 네일소품","rejected","","","","unknown","unknown","not_applicable","not_applicable","unknown","","","rejected","false","path denotes non-garment merchandise"
"musinsa","UNKNOWN","104011004","뷰티 > 미용소품 > 헤어소품","rejected","","","","unknown","unknown","not_applicable","not_applicable","unknown","","","rejected","false","path denotes non-garment merchandise"
"musinsa","UNKNOWN","104012","뷰티 > 헬스/푸드","navigation_only","","","","unknown","unknown","not_applicable","not_applicable","unknown","","","navigation_only","false","navigation grouping/non-leaf"
"musinsa","UNKNOWN","104012002","뷰티 > 헬스/푸드 > 이너뷰티","rejected","","","","unknown","unknown","not_applicable","not_applicable","unknown","","","rejected","false","path denotes non-garment merchandise"
"musinsa","UNKNOWN","104012004","뷰티 > 헬스/푸드 > 생리대","rejected","","","","unknown","unknown","not_applicable","not_applicable","unknown","","","rejected","false","path denotes non-garment merchandise"
"musinsa","UNKNOWN","104012005","뷰티 > 헬스/푸드 > 청결제","rejected","","","","unknown","unknown","not_applicable","not_applicable","unknown","","","rejected","false","path denotes non-garment merchandise"
"musinsa","UNKNOWN","104012006","뷰티 > 헬스/푸드 > 건강식품","navigation_only","","","","unknown","unknown","not_applicable","not_applicable","unknown","","","navigation_only","false","navigation grouping/non-leaf"
"musinsa","UNKNOWN","104012006001","뷰티 > 헬스/푸드 > 건강식품 > 비타민","rejected","","","","unknown","unknown","not_applicable","not_applicable","unknown","","","rejected","false","path denotes non-garment merchandise"
"musinsa","UNKNOWN","104012006002","뷰티 > 헬스/푸드 > 건강식품 > 영양제","rejected","","","","unknown","unknown","not_applicable","not_applicable","unknown","","","rejected","false","path denotes non-garment merchandise"
"musinsa","UNKNOWN","104012006003","뷰티 > 헬스/푸드 > 건강식품 > 미네랄","rejected","","","","unknown","unknown","not_applicable","not_applicable","unknown","","","rejected","false","path denotes non-garment merchandise"
"musinsa","UNKNOWN","104012007","뷰티 > 헬스/푸드 > 헬스 보충제","navigation_only","","","","unknown","unknown","not_applicable","not_applicable","unknown","","","navigation_only","false","navigation grouping/non-leaf"
"musinsa","UNKNOWN","104012007001","뷰티 > 헬스/푸드 > 헬스 보충제 > 프로틴","rejected","","","","unknown","unknown","not_applicable","not_applicable","unknown","","","rejected","false","path denotes non-garment merchandise"
"musinsa","UNKNOWN","104012007002","뷰티 > 헬스/푸드 > 헬스 보충제 > 아미노산","rejected","","","","unknown","unknown","not_applicable","not_applicable","unknown","","","rejected","false","path denotes non-garment merchandise"
"musinsa","UNKNOWN","104012007003","뷰티 > 헬스/푸드 > 헬스 보충제 > 기타 보충제","rejected","","","","unknown","unknown","not_applicable","not_applicable","unknown","","","rejected","false","path denotes non-garment merchandise"
"musinsa","UNKNOWN","104012008","뷰티 > 헬스/푸드 > 덴탈케어/용품","navigation_only","","","","unknown","unknown","not_applicable","not_applicable","unknown","","","navigation_only","false","navigation grouping/non-leaf"
"musinsa","UNKNOWN","104012008001","뷰티 > 헬스/푸드 > 덴탈케어/용품 > 치약","rejected","","","","unknown","unknown","not_applicable","not_applicable","unknown","","","rejected","false","path denotes non-garment merchandise"
"musinsa","UNKNOWN","104012008002","뷰티 > 헬스/푸드 > 덴탈케어/용품 > 칫솔","rejected","","","","unknown","unknown","not_applicable","not_applicable","unknown","","","rejected","false","path denotes non-garment merchandise"
"musinsa","UNKNOWN","104012008003","뷰티 > 헬스/푸드 > 덴탈케어/용품 > 구강청결용품","rejected","","","","unknown","unknown","not_applicable","not_applicable","unknown","","","rejected","false","path denotes non-garment merchandise"
"musinsa","UNKNOWN","104012008004","뷰티 > 헬스/푸드 > 덴탈케어/용품 > 기타 덴탈용품","rejected","","","","unknown","unknown","not_applicable","not_applicable","unknown","","","rejected","false","path denotes non-garment merchandise"
"musinsa","UNKNOWN","104012009","뷰티 > 헬스/푸드 > 구강청정기기","navigation_only","","","","unknown","unknown","not_applicable","not_applicable","unknown","","","navigation_only","false","navigation grouping/non-leaf"
"musinsa","UNKNOWN","104012009001","뷰티 > 헬스/푸드 > 구강청정기기 > 전동칫솔","rejected","","","","unknown","unknown","not_applicable","not_applicable","unknown","","","rejected","false","path denotes non-garment merchandise"
"musinsa","UNKNOWN","104012009002","뷰티 > 헬스/푸드 > 구강청정기기 > 전동칫솔모","rejected","","","","unknown","unknown","not_applicable","not_applicable","unknown","","","rejected","false","path denotes non-garment merchandise"
"musinsa","UNKNOWN","104012009003","뷰티 > 헬스/푸드 > 구강청정기기 > 칫솔살균기","rejected","","","","unknown","unknown","not_applicable","not_applicable","unknown","","","rejected","false","path denotes non-garment merchandise"
"musinsa","UNKNOWN","104012009004","뷰티 > 헬스/푸드 > 구강청정기기 > 구강세정기","rejected","","","","unknown","unknown","not_applicable","not_applicable","unknown","","","rejected","false","path denotes non-garment merchandise"
"musinsa","UNKNOWN","104012009005","뷰티 > 헬스/푸드 > 구강청정기기 > 기타 구강청정기기","rejected","","","","unknown","unknown","not_applicable","not_applicable","unknown","","","rejected","false","path denotes non-garment merchandise"
"musinsa","UNKNOWN","104013","뷰티 > 마스크팩","navigation_only","","","","unknown","unknown","not_applicable","not_applicable","unknown","","","navigation_only","false","navigation grouping/non-leaf"
"musinsa","UNKNOWN","104013001","뷰티 > 마스크팩 > 모델링/고무팩","rejected","","","","unknown","unknown","not_applicable","not_applicable","unknown","","","rejected","false","path denotes non-garment merchandise"
"musinsa","UNKNOWN","104013002","뷰티 > 마스크팩 > 부분마스크/코팩/패치","rejected","","","","unknown","unknown","not_applicable","not_applicable","unknown","","","rejected","false","path denotes non-garment merchandise"
"musinsa","UNKNOWN","104013003","뷰티 > 마스크팩 > 시트마스크(시트팩)","rejected","","","","unknown","unknown","not_applicable","not_applicable","unknown","","","rejected","false","path denotes non-garment merchandise"
"musinsa","UNKNOWN","104013004","뷰티 > 마스크팩 > 워시오프팩","rejected","","","","unknown","unknown","not_applicable","not_applicable","unknown","","","rejected","false","path denotes non-garment merchandise"
"musinsa","UNKNOWN","104013005","뷰티 > 마스크팩 > 필오프팩","rejected","","","","unknown","unknown","not_applicable","not_applicable","unknown","","","rejected","false","path denotes non-garment merchandise"
"musinsa","UNKNOWN","104013006","뷰티 > 마스크팩 > 슬리핑팩","rejected","","","","unknown","unknown","not_applicable","not_applicable","unknown","","","rejected","false","path denotes non-garment merchandise"
"musinsa","UNKNOWN","104014","뷰티 > 베이스메이크업","navigation_only","","","","unknown","unknown","not_applicable","not_applicable","unknown","","","navigation_only","false","navigation grouping/non-leaf"
"musinsa","UNKNOWN","104014001","뷰티 > 베이스메이크업 > 쿠션","rejected","","","","unknown","unknown","not_applicable","not_applicable","unknown","","","rejected","false","path denotes non-garment merchandise"
"musinsa","UNKNOWN","104014002","뷰티 > 베이스메이크업 > 파운데이션/콤팩트","rejected","","","","unknown","unknown","not_applicable","not_applicable","unknown","","","rejected","false","path denotes non-garment merchandise"
"musinsa","UNKNOWN","104014003","뷰티 > 베이스메이크업 > 블러셔","rejected","","","","unknown","unknown","not_applicable","not_applicable","unknown","","","rejected","false","path denotes non-garment merchandise"
"musinsa","UNKNOWN","104014004","뷰티 > 베이스메이크업 > 셰이딩/컨투어링","rejected","","","","unknown","unknown","not_applicable","not_applicable","unknown","","","rejected","false","path denotes non-garment merchandise"
"musinsa","UNKNOWN","104014005","뷰티 > 베이스메이크업 > 하이라이터","rejected","","","","unknown","unknown","not_applicable","not_applicable","unknown","","","rejected","false","path denotes non-garment merchandise"
"musinsa","UNKNOWN","104014006","뷰티 > 베이스메이크업 > 메이크업베이스/프라이머","navigation_only","","","","unknown","unknown","not_applicable","not_applicable","unknown","","","navigation_only","false","navigation grouping/non-leaf"
"musinsa","UNKNOWN","104014006001","뷰티 > 베이스메이크업 > 메이크업베이스/프라이머 > 메이크업베이스","rejected","","","","unknown","unknown","not_applicable","not_applicable","unknown","","","rejected","false","path denotes non-garment merchandise"
"musinsa","UNKNOWN","104014006002","뷰티 > 베이스메이크업 > 메이크업베이스/프라이머 > 프라이머","rejected","","","","unknown","unknown","not_applicable","not_applicable","unknown","","","rejected","false","path denotes non-garment merchandise"
"musinsa","UNKNOWN","104014007","뷰티 > 베이스메이크업 > 컨실러","rejected","","","","unknown","unknown","not_applicable","not_applicable","unknown","","","rejected","false","path denotes non-garment merchandise"
"musinsa","UNKNOWN","104014008","뷰티 > 베이스메이크업 > 파우더/팩트","navigation_only","","","","unknown","unknown","not_applicable","not_applicable","unknown","","","navigation_only","false","navigation grouping/non-leaf"
"musinsa","UNKNOWN","104014008001","뷰티 > 베이스메이크업 > 파우더/팩트 > 파우더","rejected","","","","unknown","unknown","not_applicable","not_applicable","unknown","","","rejected","false","path denotes non-garment merchandise"
"musinsa","UNKNOWN","104014008002","뷰티 > 베이스메이크업 > 파우더/팩트 > 팩트","rejected","","","","unknown","unknown","not_applicable","not_applicable","unknown","","","rejected","false","path denotes non-garment merchandise"
"musinsa","UNKNOWN","104014009","뷰티 > 베이스메이크업 > 메이크업 픽서","rejected","","","","unknown","unknown","not_applicable","not_applicable","unknown","","","rejected","false","path denotes non-garment merchandise"
"musinsa","UNKNOWN","104014010","뷰티 > 베이스메이크업 > BB/CC크림","rejected","","","","unknown","unknown","not_applicable","not_applicable","unknown","","","rejected","false","path denotes non-garment merchandise"
"musinsa","UNKNOWN","104015","뷰티 > 립메이크업","navigation_only","","","","unknown","unknown","not_applicable","not_applicable","unknown","","","navigation_only","false","navigation grouping/non-leaf"
"musinsa","UNKNOWN","104015001","뷰티 > 립메이크업 > 립밤","rejected","","","","unknown","unknown","not_applicable","not_applicable","unknown","","","rejected","false","path denotes non-garment merchandise"
"musinsa","UNKNOWN","104015002","뷰티 > 립메이크업 > 립틴트","rejected","","","","unknown","unknown","not_applicable","not_applicable","unknown","","","rejected","false","path denotes non-garment merchandise"
"musinsa","UNKNOWN","104015003","뷰티 > 립메이크업 > 립글로스","rejected","","","","unknown","unknown","not_applicable","not_applicable","unknown","","","rejected","false","path denotes non-garment merchandise"
"musinsa","UNKNOWN","104015004","뷰티 > 립메이크업 > 립라이너","rejected","","","","unknown","unknown","not_applicable","not_applicable","unknown","","","rejected","false","path denotes non-garment merchandise"
"musinsa","UNKNOWN","104015005","뷰티 > 립메이크업 > 립스틱","rejected","","","","unknown","unknown","not_applicable","not_applicable","unknown","","","rejected","false","path denotes non-garment merchandise"
"musinsa","UNKNOWN","104016","뷰티 > 아이메이크업","navigation_only","","","","unknown","unknown","not_applicable","not_applicable","unknown","","","navigation_only","false","navigation grouping/non-leaf"
"musinsa","UNKNOWN","104016001","뷰티 > 아이메이크업 > 아이섀도우","rejected","","","","unknown","unknown","not_applicable","not_applicable","unknown","","","rejected","false","path denotes non-garment merchandise"
"musinsa","UNKNOWN","104016002","뷰티 > 아이메이크업 > 마스카라","rejected","","","","unknown","unknown","not_applicable","not_applicable","unknown","","","rejected","false","path denotes non-garment merchandise"
"musinsa","UNKNOWN","104016003","뷰티 > 아이메이크업 > 아이라이너","rejected","","","","unknown","unknown","not_applicable","not_applicable","unknown","","","rejected","false","path denotes non-garment merchandise"
"musinsa","UNKNOWN","104016004","뷰티 > 아이메이크업 > 아이브로우","rejected","","","","unknown","unknown","not_applicable","not_applicable","unknown","","","rejected","false","path denotes non-garment merchandise"
"musinsa","UNKNOWN","104017","뷰티 > 네일","navigation_only","","","","unknown","unknown","not_applicable","not_applicable","unknown","","","navigation_only","false","navigation grouping/non-leaf"
"musinsa","UNKNOWN","104017001","뷰티 > 네일 > 일반 네일 폴리시","rejected","","","","unknown","unknown","not_applicable","not_applicable","unknown","","","rejected","false","path denotes non-garment merchandise"
"musinsa","UNKNOWN","104017002","뷰티 > 네일 > 젤 네일 폴리시","rejected","","","","unknown","unknown","not_applicable","not_applicable","unknown","","","rejected","false","path denotes non-garment merchandise"
"musinsa","UNKNOWN","104017003","뷰티 > 네일 > 네일팁/스티커","rejected","","","","unknown","unknown","not_applicable","not_applicable","unknown","","","rejected","false","path denotes non-garment merchandise"
"musinsa","UNKNOWN","104017004","뷰티 > 네일 > 네일케어","navigation_only","","","","unknown","unknown","not_applicable","not_applicable","unknown","","","navigation_only","false","navigation grouping/non-leaf"
"musinsa","UNKNOWN","104017004001","뷰티 > 네일 > 네일케어 > 영양/강화제","rejected","","","","unknown","unknown","not_applicable","not_applicable","unknown","","","rejected","false","path denotes non-garment merchandise"
"musinsa","UNKNOWN","104017004002","뷰티 > 네일 > 네일케어 > 리무버","rejected","","","","unknown","unknown","not_applicable","not_applicable","unknown","","","rejected","false","path denotes non-garment merchandise"
"musinsa","UNKNOWN","104017005","뷰티 > 네일 > 네일소품","rejected","","","","unknown","unknown","not_applicable","not_applicable","unknown","","","rejected","false","path denotes non-garment merchandise"
"musinsa","UNKNOWN","105","부티크","navigation_only","","","","unknown","unknown","not_applicable","not_applicable","unknown","","","navigation_only","false","navigation grouping/non-leaf"
"musinsa","UNKNOWN","105001","부티크 > 의류","navigation_only","","","","unknown","unknown","not_applicable","not_applicable","unknown","","","navigation_only","false","navigation grouping/non-leaf"
"musinsa","UNKNOWN","105001001","부티크 > 의류 > 상의","navigation_only","","","","unknown","unknown","not_applicable","not_applicable","unknown","","","navigation_only","false","navigation grouping/non-leaf"
"musinsa","UNKNOWN","105001001001","부티크 > 의류 > 상의 > 반소매 티셔츠","confirmed","tops","shirt_blouse","shirt_blouse","short_sleeve","unknown","not_applicable","not_applicable","unknown","tops","","direct","true","leaf path has stable garment term"
"musinsa","UNKNOWN","105001001002","부티크 > 의류 > 상의 > 긴소매 티셔츠","confirmed","tops","shirt_blouse","shirt_blouse","long_sleeve","unknown","not_applicable","not_applicable","unknown","tops","","direct","true","leaf path has stable garment term"
"musinsa","UNKNOWN","105001001003","부티크 > 의류 > 상의 > 민소매 티셔츠","confirmed","tops","shirt_blouse","shirt_blouse","sleeveless","unknown","not_applicable","not_applicable","unknown","tops","","direct","true","leaf path has stable garment term"
"musinsa","UNKNOWN","105001001004","부티크 > 의류 > 상의 > 셔츠/블라우스","review_required","","","","unknown","unknown","not_applicable","not_applicable","unknown","","","review_required","false","garment path mixes type or length semantics"
"musinsa","UNKNOWN","105001001005","부티크 > 의류 > 상의 > 피케/카라 티셔츠","review_required","","","","unknown","unknown","not_applicable","not_applicable","unknown","","","review_required","false","garment path mixes type or length semantics"
"musinsa","UNKNOWN","105001001006","부티크 > 의류 > 상의 > 맨투맨/스웨트","confirmed","tops","sweatshirt","sweatshirt","unknown","unknown","not_applicable","not_applicable","unknown","tops","","direct","true","garment path mixes type or length semantics"
"musinsa","UNKNOWN","105001001007","부티크 > 의류 > 상의 > 후드 티셔츠","confirmed","tops","hoodie","hoodie","unknown","unknown","not_applicable","not_applicable","unknown","tops","","direct","true","leaf path has stable garment term"
"musinsa","UNKNOWN","105001001008","부티크 > 의류 > 상의 > 니트/스웨터","confirmed","tops","knit_sweater","knit_sweater","unknown","unknown","not_applicable","not_applicable","unknown","tops","","direct","true","garment path mixes type or length semantics"
"musinsa","UNKNOWN","105001001009","부티크 > 의류 > 상의 > 기타 상의","review_required","","","","unknown","unknown","not_applicable","not_applicable","unknown","","","review_required","false","leaf meaning requires product evidence"
"musinsa","UNKNOWN","105001002","부티크 > 의류 > 아우터","navigation_only","","","","unknown","unknown","not_applicable","not_applicable","unknown","","","navigation_only","false","navigation grouping/non-leaf"
"musinsa","UNKNOWN","105001002001","부티크 > 의류 > 아우터 > 후드 집업","confirmed","tops","zip_hoodie","zip_hoodie","unknown","unknown","not_applicable","not_applicable","unknown","tops","","direct","true","leaf path has stable garment term"
"musinsa","UNKNOWN","105001002002","부티크 > 의류 > 아우터 > 블루종/MA-1","review_required","","","","unknown","unknown","not_applicable","not_applicable","unknown","","","review_required","false","garment path mixes type or length semantics"
"musinsa","UNKNOWN","105001002003","부티크 > 의류 > 아우터 > 레더/라이더스 재킷","confirmed","outerwear","jacket","jacket","unknown","unknown","not_applicable","not_applicable","unknown","outerwear","","direct","true","garment path mixes type or length semantics"
"musinsa","UNKNOWN","105001002004","부티크 > 의류 > 아우터 > 무스탕/퍼","review_required","","","","unknown","unknown","not_applicable","not_applicable","unknown","","","review_required","false","garment path mixes type or length semantics"
"musinsa","UNKNOWN","105001002005","부티크 > 의류 > 아우터 > 슈트/블레이저 재킷","review_required","","","","unknown","unknown","not_applicable","not_applicable","unknown","","","review_required","false","garment path mixes type or length semantics"
"musinsa","UNKNOWN","105001002006","부티크 > 의류 > 아우터 > 카디건","confirmed","tops","cardigan","cardigan","unknown","unknown","not_applicable","not_applicable","unknown","tops","","direct","true","leaf path has stable garment term"
"musinsa","UNKNOWN","105001002007","부티크 > 의류 > 아우터 > 플리스","review_required","","","","unknown","unknown","not_applicable","not_applicable","unknown","","","review_required","false","leaf path has stable garment term"
"musinsa","UNKNOWN","105001002008","부티크 > 의류 > 아우터 > 코트","review_required","","","","unknown","unknown","not_applicable","not_applicable","unknown","","","review_required","false","leaf path has stable garment term"
"musinsa","UNKNOWN","105001002009","부티크 > 의류 > 아우터 > 숏패딩/롱패딩","review_required","","","","unknown","unknown","not_applicable","not_applicable","unknown","","","review_required","false","garment path mixes type or length semantics"
"musinsa","UNKNOWN","105001002010","부티크 > 의류 > 아우터 > 기타 아우터","review_required","","","","unknown","unknown","not_applicable","not_applicable","unknown","","","review_required","false","leaf meaning requires product evidence"
"musinsa","UNKNOWN","105001002011","부티크 > 의류 > 아우터 > 베스트","review_required","","","","unknown","unknown","not_applicable","not_applicable","unknown","","","review_required","false","leaf meaning requires product evidence"
"musinsa","UNKNOWN","105001002012","부티크 > 의류 > 아우터 > 나일론/코치 재킷","review_required","","","","unknown","unknown","not_applicable","not_applicable","unknown","","","review_required","false","garment path mixes type or length semantics"
"musinsa","UNKNOWN","105001002013","부티크 > 의류 > 아우터 > 아노락 재킷","confirmed","outerwear","anorak","anorak","unknown","unknown","not_applicable","not_applicable","unknown","outerwear","","direct","true","leaf path has stable garment term"
"musinsa","UNKNOWN","105001002014","부티크 > 의류 > 아우터 > 스타디움 재킷","review_required","","","","unknown","unknown","not_applicable","not_applicable","unknown","","","review_required","false","leaf path has stable garment term"
"musinsa","UNKNOWN","105001002015","부티크 > 의류 > 아우터 > 트레이닝 재킷","confirmed","outerwear","jacket","jacket","unknown","unknown","not_applicable","not_applicable","unknown","outerwear","","direct","true","leaf path has stable garment term"
"musinsa","UNKNOWN","105001003","부티크 > 의류 > 하의","navigation_only","","","","unknown","unknown","not_applicable","not_applicable","unknown","","","navigation_only","false","navigation grouping/non-leaf"
"musinsa","UNKNOWN","105001003001","부티크 > 의류 > 하의 > 데님 팬츠","confirmed","bottoms","denim_pants","denim_pants","unknown","unknown","not_applicable","not_applicable","unknown","bottoms","","direct","true","leaf path has stable garment term"
"musinsa","UNKNOWN","105001003002","부티크 > 의류 > 하의 > 코튼 팬츠","review_required","","","","unknown","unknown","not_applicable","not_applicable","unknown","","","review_required","false","leaf path has stable garment term"
"musinsa","UNKNOWN","105001003003","부티크 > 의류 > 하의 > 슈트 팬츠/슬랙스","confirmed","bottoms","slacks_trousers","slacks_trousers","unknown","unknown","not_applicable","not_applicable","unknown","bottoms","","direct","true","garment path mixes type or length semantics"
"musinsa","UNKNOWN","105001003004","부티크 > 의류 > 하의 > 트레이닝/조거 팬츠","review_required","","","","unknown","unknown","not_applicable","not_applicable","unknown","","","review_required","false","garment path mixes type or length semantics"
"musinsa","UNKNOWN","105001003005","부티크 > 의류 > 하의 > 숏 팬츠","review_required","","","","unknown","short_length","not_applicable","not_applicable","unknown","","","review_required","false","leaf path has stable garment term"
"musinsa","UNKNOWN","105001003006","부티크 > 의류 > 하의 > 점프슈트/오버올","review_required","","","","unknown","unknown","not_applicable","not_applicable","unknown","","","review_required","false","leaf meaning requires product evidence"
"musinsa","UNKNOWN","105001003007","부티크 > 의류 > 하의 > 레깅스","confirmed","leggings","leggings","leggings","unknown","unknown","unknown","not_applicable","unknown","leggings","","direct","true","leaf path has stable garment term"
"musinsa","UNKNOWN","105001003008","부티크 > 의류 > 하의 > 스커트","review_required","","","","unknown","unknown","not_applicable","unknown","unknown","","","review_required","false","leaf path has stable garment term"
"musinsa","UNKNOWN","105001003009","부티크 > 의류 > 하의 > 기타 바지","review_required","","","","unknown","unknown","not_applicable","not_applicable","unknown","","","review_required","false","garment path mixes type or length semantics"
"musinsa","UNKNOWN","105001004","부티크 > 의류 > 원피스","navigation_only","","","","unknown","unknown","not_applicable","not_applicable","unknown","","","navigation_only","false","navigation grouping/non-leaf"
"musinsa","UNKNOWN","105001004001","부티크 > 의류 > 원피스 > 미니원피스","confirmed","dresses","dress","dress","unknown","unknown","not_applicable","not_applicable","unknown","dresses","","direct","true","bounded official product sample is semantically consistent"
"musinsa","UNKNOWN","105001004002","부티크 > 의류 > 원피스 > 미디원피스","confirmed","dresses","dress","dress","unknown","unknown","not_applicable","not_applicable","unknown","dresses","","direct","true","bounded official product sample is semantically consistent"
"musinsa","UNKNOWN","105001004003","부티크 > 의류 > 원피스 > 맥시원피스","confirmed","dresses","dress","dress","unknown","unknown","not_applicable","not_applicable","unknown","dresses","","direct","true","bounded official product sample is semantically consistent"
"musinsa","UNKNOWN","105001005","부티크 > 의류 > 수영복","navigation_only","","","","unknown","unknown","not_applicable","not_applicable","unknown","","","navigation_only","false","navigation grouping/non-leaf"
"musinsa","UNKNOWN","105001005001","부티크 > 의류 > 수영복 > 패션 수영복","unsupported","","","","unknown","unknown","not_applicable","not_applicable","unknown","","","unsupported_by_current_app","false","garment requires FitMatch support review"
"musinsa","UNKNOWN","105001005002","부티크 > 의류 > 수영복 > 반신수영복","unsupported","","","","unknown","unknown","not_applicable","not_applicable","unknown","","","unsupported_by_current_app","false","garment requires FitMatch support review"
"musinsa","UNKNOWN","105001005003","부티크 > 의류 > 수영복 > 비키니","unsupported","","","","unknown","unknown","not_applicable","not_applicable","unknown","","","unsupported_by_current_app","false","garment requires FitMatch support review"
"musinsa","UNKNOWN","105001005004","부티크 > 의류 > 수영복 > 사각수영복","unsupported","","","","unknown","unknown","not_applicable","not_applicable","unknown","","","unsupported_by_current_app","false","garment requires FitMatch support review"
"musinsa","UNKNOWN","105001005005","부티크 > 의류 > 수영복 > 삼각수영복","unsupported","","","","unknown","unknown","not_applicable","not_applicable","unknown","","","unsupported_by_current_app","false","garment requires FitMatch support review"
"musinsa","UNKNOWN","105001005006","부티크 > 의류 > 수영복 > 원피스수영복","unsupported","dresses","dress","dress","unknown","unknown","not_applicable","not_applicable","unknown","","","unsupported_by_current_app","false","garment requires FitMatch support review"
"musinsa","UNKNOWN","105001006","부티크 > 의류 > 속옷/홈웨어","navigation_only","","","","unknown","unknown","not_applicable","not_applicable","unknown","","","navigation_only","false","navigation grouping/non-leaf"
"musinsa","UNKNOWN","105001006001","부티크 > 의류 > 속옷/홈웨어 > 남성 팬티","confirmed","underwear","briefs","underwear_bottom","unknown","unknown","not_applicable","not_applicable","unknown","underwear","","transform_required","true","leaf path has stable garment term"
"musinsa","UNKNOWN","105001006003","부티크 > 의류 > 속옷/홈웨어 > 브래지어","confirmed","underwear","bra","underwear_top","unknown","unknown","not_applicable","not_applicable","unknown","underwear","","transform_required","true","leaf meaning requires product evidence"
"musinsa","UNKNOWN","105001006004","부티크 > 의류 > 속옷/홈웨어 > 여성 속옷 하의","review_required","","","","unknown","unknown","not_applicable","not_applicable","unknown","","","review_required","false","leaf meaning requires product evidence"
"musinsa","UNKNOWN","105001006007","부티크 > 의류 > 속옷/홈웨어 > 잠옷","review_required","","","","unknown","unknown","not_applicable","not_applicable","unknown","","","review_required","false","leaf path has stable garment term"
"musinsa","UNKNOWN","105002","부티크 > 슈즈","navigation_only","","","","unknown","unknown","not_applicable","not_applicable","unknown","","","navigation_only","false","navigation grouping/non-leaf"
"musinsa","UNKNOWN","105002001","부티크 > 슈즈 > 스니커즈","navigation_only","","","","unknown","unknown","not_applicable","not_applicable","unknown","","","navigation_only","false","navigation grouping/non-leaf"
"musinsa","UNKNOWN","105002001001","부티크 > 슈즈 > 스니커즈 > 캔버스/단화","rejected","","","","unknown","unknown","not_applicable","not_applicable","unknown","","","rejected","false","path denotes non-garment merchandise"
"musinsa","UNKNOWN","105002001002","부티크 > 슈즈 > 스니커즈 > 패션스니커즈화","rejected","","","","unknown","unknown","not_applicable","not_applicable","unknown","","","rejected","false","path denotes non-garment merchandise"
"musinsa","UNKNOWN","105002001003","부티크 > 슈즈 > 스니커즈 > 슬립온","rejected","","","","unknown","unknown","not_applicable","not_applicable","unknown","","","rejected","false","path denotes non-garment merchandise"
"musinsa","UNKNOWN","105002001004","부티크 > 슈즈 > 스니커즈 > 스니커즈 뮬","rejected","","","","unknown","unknown","not_applicable","not_applicable","unknown","","","rejected","false","path denotes non-garment merchandise"
"musinsa","UNKNOWN","105002001005","부티크 > 슈즈 > 스니커즈 > 기타 스니커즈","rejected","","","","unknown","unknown","not_applicable","not_applicable","unknown","","","rejected","false","path denotes non-garment merchandise"
"musinsa","UNKNOWN","105002002","부티크 > 슈즈 > 구두","navigation_only","","","","unknown","unknown","not_applicable","not_applicable","unknown","","","navigation_only","false","navigation grouping/non-leaf"
"musinsa","UNKNOWN","105002002006","부티크 > 슈즈 > 구두 > 기타 구두","rejected","","","","unknown","unknown","not_applicable","not_applicable","unknown","","","rejected","false","path denotes non-garment merchandise"
"musinsa","UNKNOWN","105002002007","부티크 > 슈즈 > 구두 > 로퍼","rejected","","","","unknown","unknown","not_applicable","not_applicable","unknown","","","rejected","false","path denotes non-garment merchandise"
"musinsa","UNKNOWN","105002002008","부티크 > 슈즈 > 구두 > 블로퍼","rejected","","","","unknown","unknown","not_applicable","not_applicable","unknown","","","rejected","false","path denotes non-garment merchandise"
"musinsa","UNKNOWN","105002002009","부티크 > 슈즈 > 구두 > 보트 슈즈","rejected","","","","unknown","unknown","not_applicable","not_applicable","unknown","","","rejected","false","path denotes non-garment merchandise"
"musinsa","UNKNOWN","105002002011","부티크 > 슈즈 > 구두 > 힐/펌프스","rejected","","","","unknown","unknown","not_applicable","not_applicable","unknown","","","rejected","false","path denotes non-garment merchandise"
"musinsa","UNKNOWN","105002002012","부티크 > 슈즈 > 구두 > 메리제인 슈즈","rejected","","","","unknown","unknown","not_applicable","not_applicable","unknown","","","rejected","false","path denotes non-garment merchandise"
"musinsa","UNKNOWN","105002002013","부티크 > 슈즈 > 구두 > 슬링백","rejected","","","","unknown","unknown","not_applicable","not_applicable","unknown","","","rejected","false","path denotes non-garment merchandise"
"musinsa","UNKNOWN","105002002015","부티크 > 슈즈 > 구두 > 플랫폼","rejected","","","","unknown","unknown","not_applicable","not_applicable","unknown","","","rejected","false","path denotes non-garment merchandise"
"musinsa","UNKNOWN","105002002016","부티크 > 슈즈 > 구두 > 플랫 슈즈","rejected","","","","unknown","unknown","not_applicable","not_applicable","unknown","","","rejected","false","path denotes non-garment merchandise"
"musinsa","UNKNOWN","105002002017","부티크 > 슈즈 > 구두 > 기타 여성 구두","rejected","","","","unknown","unknown","not_applicable","not_applicable","unknown","","","rejected","false","path denotes non-garment merchandise"
"musinsa","UNKNOWN","105002003","부티크 > 슈즈 > 부츠","navigation_only","","","","unknown","unknown","not_applicable","not_applicable","unknown","","","navigation_only","false","navigation grouping/non-leaf"
"musinsa","UNKNOWN","105002003001","부티크 > 슈즈 > 부츠 > 앵클/숏 부츠","rejected","","","","unknown","ankle_length","not_applicable","not_applicable","unknown","","","rejected","false","path denotes non-garment merchandise"
"musinsa","UNKNOWN","105002003002","부티크 > 슈즈 > 부츠 > 미들/하프 부츠","rejected","","","","unknown","unknown","not_applicable","not_applicable","unknown","","","rejected","false","path denotes non-garment merchandise"
"musinsa","UNKNOWN","105002003003","부티크 > 슈즈 > 부츠 > 롱 부츠","rejected","","","","unknown","unknown","not_applicable","not_applicable","unknown","","","rejected","false","path denotes non-garment merchandise"
"musinsa","UNKNOWN","105002003004","부티크 > 슈즈 > 부츠 > 니하이 부츠","rejected","","","","unknown","unknown","not_applicable","not_applicable","unknown","","","rejected","false","path denotes non-garment merchandise"
"musinsa","UNKNOWN","105002003005","부티크 > 슈즈 > 부츠 > 워커","rejected","","","","unknown","unknown","not_applicable","not_applicable","unknown","","","rejected","false","path denotes non-garment merchandise"
"musinsa","UNKNOWN","105002003006","부티크 > 슈즈 > 부츠 > 레인 부츠","rejected","","","","unknown","unknown","not_applicable","not_applicable","unknown","","","rejected","false","path denotes non-garment merchandise"
"musinsa","UNKNOWN","105002003007","부티크 > 슈즈 > 부츠 > 기타 부츠","rejected","","","","unknown","unknown","not_applicable","not_applicable","unknown","","","rejected","false","path denotes non-garment merchandise"
"musinsa","UNKNOWN","105002004","부티크 > 슈즈 > 샌들","navigation_only","","","","unknown","unknown","not_applicable","not_applicable","unknown","","","navigation_only","false","navigation grouping/non-leaf"
"musinsa","UNKNOWN","105002004001","부티크 > 슈즈 > 샌들 > 클로그","rejected","","","","unknown","unknown","not_applicable","not_applicable","unknown","","","rejected","false","path denotes non-garment merchandise"
"musinsa","UNKNOWN","105002004002","부티크 > 슈즈 > 샌들 > 스포츠/캐주얼 샌들","rejected","","","","unknown","unknown","not_applicable","not_applicable","unknown","","","rejected","false","path denotes non-garment merchandise"
"musinsa","UNKNOWN","105002004004","부티크 > 슈즈 > 샌들 > 스트랩 샌들","rejected","","","","unknown","unknown","not_applicable","not_applicable","unknown","","","rejected","false","path denotes non-garment merchandise"
"musinsa","UNKNOWN","105002004005","부티크 > 슈즈 > 샌들 > 기타 샌들","rejected","","","","unknown","unknown","not_applicable","not_applicable","unknown","","","rejected","false","path denotes non-garment merchandise"
"musinsa","UNKNOWN","105002005","부티크 > 슈즈 > 슬리퍼","navigation_only","","","","unknown","unknown","not_applicable","not_applicable","unknown","","","navigation_only","false","navigation grouping/non-leaf"
"musinsa","UNKNOWN","105002005001","부티크 > 슈즈 > 슬리퍼 > 스트랩 슬리퍼","rejected","","","","unknown","unknown","not_applicable","not_applicable","unknown","","","rejected","false","path denotes non-garment merchandise"
"musinsa","UNKNOWN","105002005002","부티크 > 슈즈 > 슬리퍼 > 슬라이드","rejected","","","","unknown","unknown","not_applicable","not_applicable","unknown","","","rejected","false","path denotes non-garment merchandise"
"musinsa","UNKNOWN","105002005004","부티크 > 슈즈 > 슬리퍼 > 쪼리/플립플랍","rejected","","","","unknown","unknown","not_applicable","not_applicable","unknown","","","rejected","false","path denotes non-garment merchandise"
"musinsa","UNKNOWN","105002005005","부티크 > 슈즈 > 슬리퍼 > 기타 슬리퍼","rejected","","","","unknown","unknown","not_applicable","not_applicable","unknown","","","rejected","false","path denotes non-garment merchandise"
"musinsa","UNKNOWN","105002006","부티크 > 슈즈 > 기타 신발","navigation_only","","","","unknown","unknown","not_applicable","not_applicable","unknown","","","navigation_only","false","navigation grouping/non-leaf"
"musinsa","UNKNOWN","105002006006","부티크 > 슈즈 > 기타 신발 > 기타 운동화","rejected","","","","unknown","unknown","not_applicable","not_applicable","unknown","","","rejected","false","path denotes non-garment merchandise"
"musinsa","UNKNOWN","105003","부티크 > 지갑/가방","navigation_only","","","","unknown","unknown","not_applicable","not_applicable","unknown","","","navigation_only","false","navigation grouping/non-leaf"
"musinsa","UNKNOWN","105003001","부티크 > 지갑/가방 > 지갑/머니클립","navigation_only","","","","unknown","unknown","not_applicable","not_applicable","unknown","","","navigation_only","false","navigation grouping/non-leaf"
"musinsa","UNKNOWN","105003001001","부티크 > 지갑/가방 > 지갑/머니클립 > 지갑/머니클립","rejected","","","","unknown","unknown","not_applicable","not_applicable","unknown","","","rejected","false","path denotes non-garment merchandise"
"musinsa","UNKNOWN","105003002","부티크 > 지갑/가방 > 가방","navigation_only","","","","unknown","unknown","not_applicable","not_applicable","unknown","","","navigation_only","false","navigation grouping/non-leaf"
"musinsa","UNKNOWN","105003002001","부티크 > 지갑/가방 > 가방 > 백팩","rejected","","","","unknown","unknown","not_applicable","not_applicable","unknown","","","rejected","false","path denotes non-garment merchandise"
"musinsa","UNKNOWN","105003002002","부티크 > 지갑/가방 > 가방 > 메신저/크로스백","rejected","","","","unknown","unknown","not_applicable","not_applicable","unknown","","","rejected","false","path denotes non-garment merchandise"
"musinsa","UNKNOWN","105003002003","부티크 > 지갑/가방 > 가방 > 숄더백","rejected","","","","unknown","unknown","not_applicable","not_applicable","unknown","","","rejected","false","path denotes non-garment merchandise"
"musinsa","UNKNOWN","105003002004","부티크 > 지갑/가방 > 가방 > 토트백","rejected","","","","unknown","unknown","not_applicable","not_applicable","unknown","","","rejected","false","path denotes non-garment merchandise"
"musinsa","UNKNOWN","105003002005","부티크 > 지갑/가방 > 가방 > 에코백","rejected","","","","unknown","unknown","not_applicable","not_applicable","unknown","","","rejected","false","path denotes non-garment merchandise"
"musinsa","UNKNOWN","105003002006","부티크 > 지갑/가방 > 가방 > 보스턴/더플백","rejected","","","","unknown","unknown","not_applicable","not_applicable","unknown","","","rejected","false","path denotes non-garment merchandise"
"musinsa","UNKNOWN","105003002007","부티크 > 지갑/가방 > 가방 > 웨이스트백","rejected","","","","unknown","unknown","not_applicable","not_applicable","unknown","","","rejected","false","path denotes non-garment merchandise"
"musinsa","UNKNOWN","105003002008","부티크 > 지갑/가방 > 가방 > 파우치백","rejected","","","","unknown","unknown","not_applicable","not_applicable","unknown","","","rejected","false","path denotes non-garment merchandise"
"musinsa","UNKNOWN","105003002009","부티크 > 지갑/가방 > 가방 > 브리프케이스","confirmed","underwear","briefs","underwear_bottom","unknown","unknown","not_applicable","not_applicable","unknown","underwear","","transform_required","true","leaf path has stable garment term"
"musinsa","UNKNOWN","105003002010","부티크 > 지갑/가방 > 가방 > 캐리어","rejected","","","","unknown","unknown","not_applicable","not_applicable","unknown","","","rejected","false","path denotes non-garment merchandise"
"musinsa","UNKNOWN","105003002011","부티크 > 지갑/가방 > 가방 > 가방 소품","rejected","","","","unknown","unknown","not_applicable","not_applicable","unknown","","","rejected","false","path denotes non-garment merchandise"
"musinsa","UNKNOWN","105003002012","부티크 > 지갑/가방 > 가방 > 클러치백","rejected","","","","unknown","unknown","not_applicable","not_applicable","unknown","","","rejected","false","path denotes non-garment merchandise"
"musinsa","UNKNOWN","105004","부티크 > 악세서리","navigation_only","","","","unknown","unknown","not_applicable","not_applicable","unknown","","","navigation_only","false","navigation grouping/non-leaf"
"musinsa","UNKNOWN","105004001","부티크 > 악세서리 > 모자","navigation_only","","","","unknown","unknown","not_applicable","not_applicable","unknown","","","navigation_only","false","navigation grouping/non-leaf"
"musinsa","UNKNOWN","105004001001","부티크 > 악세서리 > 모자 > 캡/야구모자","rejected","","","","unknown","unknown","not_applicable","not_applicable","unknown","","","rejected","false","path denotes non-garment merchandise"
"musinsa","UNKNOWN","105004001002","부티크 > 악세서리 > 모자 > 헌팅캡/베레모","rejected","","","","unknown","unknown","not_applicable","not_applicable","unknown","","","rejected","false","path denotes non-garment merchandise"
"musinsa","UNKNOWN","105004001004","부티크 > 악세서리 > 모자 > 버킷/사파리햇","rejected","","","","unknown","unknown","not_applicable","not_applicable","unknown","","","rejected","false","path denotes non-garment merchandise"
"musinsa","UNKNOWN","105004001005","부티크 > 악세서리 > 모자 > 비니","rejected","","","","unknown","unknown","not_applicable","not_applicable","unknown","","","rejected","false","path denotes non-garment merchandise"
"musinsa","UNKNOWN","105004001007","부티크 > 악세서리 > 모자 > 기타 모자","rejected","","","","unknown","unknown","not_applicable","not_applicable","unknown","","","rejected","false","path denotes non-garment merchandise"
"musinsa","UNKNOWN","105004002","부티크 > 악세서리 > 양말/레그웨어","navigation_only","","","","unknown","unknown","not_applicable","not_applicable","unknown","","","navigation_only","false","navigation grouping/non-leaf"
"musinsa","UNKNOWN","105004002001","부티크 > 악세서리 > 양말/레그웨어 > 양말","rejected","","","","unknown","unknown","not_applicable","not_applicable","unknown","","","rejected","false","path denotes non-garment merchandise"
"musinsa","UNKNOWN","105004003","부티크 > 악세서리 > 아이웨어","navigation_only","","","","unknown","unknown","not_applicable","not_applicable","unknown","","","navigation_only","false","navigation grouping/non-leaf"
"musinsa","UNKNOWN","105004003001","부티크 > 악세서리 > 아이웨어 > 안경","rejected","","","","unknown","unknown","not_applicable","not_applicable","unknown","","","rejected","false","path denotes non-garment merchandise"
"musinsa","UNKNOWN","105004003002","부티크 > 악세서리 > 아이웨어 > 선글라스","rejected","","","","unknown","unknown","not_applicable","not_applicable","unknown","","","rejected","false","path denotes non-garment merchandise"
"musinsa","UNKNOWN","105004004","부티크 > 악세서리 > 쥬얼리","navigation_only","","","","unknown","unknown","not_applicable","not_applicable","unknown","","","navigation_only","false","navigation grouping/non-leaf"
"musinsa","UNKNOWN","105004004001","부티크 > 악세서리 > 쥬얼리 > 팔찌","review_required","","","","unknown","unknown","not_applicable","not_applicable","unknown","","","review_required","false","bounded sample is mixed, unknown, or insufficient"
"musinsa","UNKNOWN","105004004002","부티크 > 악세서리 > 쥬얼리 > 반지","review_required","","","","unknown","unknown","not_applicable","not_applicable","unknown","","","review_required","false","bounded sample is mixed, unknown, or insufficient"
"musinsa","UNKNOWN","105004004003","부티크 > 악세서리 > 쥬얼리 > 목걸이/펜던트","review_required","","","","unknown","unknown","not_applicable","not_applicable","unknown","","","review_required","false","leaf meaning requires product evidence"
"musinsa","UNKNOWN","105004004004","부티크 > 악세서리 > 쥬얼리 > 귀걸이","review_required","","","","unknown","unknown","not_applicable","not_applicable","unknown","","","review_required","false","bounded sample is mixed, unknown, or insufficient"
"musinsa","UNKNOWN","105004004007","부티크 > 악세서리 > 쥬얼리 > 헤어 액세서리","rejected","","","","unknown","unknown","not_applicable","not_applicable","unknown","","","rejected","false","path denotes non-garment merchandise"
"musinsa","UNKNOWN","105004005","부티크 > 악세서리 > 기타 잡화","navigation_only","","","","unknown","unknown","not_applicable","not_applicable","unknown","","","navigation_only","false","navigation grouping/non-leaf"
"musinsa","UNKNOWN","105004005001","부티크 > 악세서리 > 기타 잡화 > 키링/키케이스","rejected","","","","unknown","unknown","not_applicable","not_applicable","unknown","","","rejected","false","path denotes non-garment merchandise"
"musinsa","UNKNOWN","105004005002","부티크 > 악세서리 > 기타 잡화 > 벨트","rejected","","","","unknown","unknown","not_applicable","not_applicable","unknown","","","rejected","false","path denotes non-garment merchandise"
"musinsa","UNKNOWN","105004005003","부티크 > 악세서리 > 기타 잡화 > 넥타이","rejected","","","","unknown","unknown","not_applicable","not_applicable","unknown","","","rejected","false","path denotes non-garment merchandise"
"musinsa","UNKNOWN","105004005004","부티크 > 악세서리 > 기타 잡화 > 머플러","rejected","","","","unknown","unknown","not_applicable","not_applicable","unknown","","","rejected","false","path denotes non-garment merchandise"
"musinsa","UNKNOWN","105004005005","부티크 > 악세서리 > 기타 잡화 > 스카프/반다나","rejected","","","","unknown","unknown","not_applicable","not_applicable","unknown","","","rejected","false","path denotes non-garment merchandise"
"musinsa","UNKNOWN","105004005006","부티크 > 악세서리 > 기타 잡화 > 장갑","rejected","","","","unknown","unknown","not_applicable","not_applicable","unknown","","","rejected","false","path denotes non-garment merchandise"
"musinsa","UNKNOWN","105004005007","부티크 > 악세서리 > 기타 잡화 > 기타 액세서리","rejected","","","","unknown","unknown","not_applicable","not_applicable","unknown","","","rejected","false","path denotes non-garment merchandise"
"musinsa","UNKNOWN","105004005008","부티크 > 악세서리 > 기타 잡화 > 타올","rejected","","","","unknown","unknown","not_applicable","not_applicable","unknown","","","rejected","false","path denotes non-garment merchandise"
"musinsa","UNKNOWN","105004006","부티크 > 악세서리 > 시계","navigation_only","","","","unknown","unknown","not_applicable","not_applicable","unknown","","","navigation_only","false","navigation grouping/non-leaf"
"musinsa","UNKNOWN","105004006002","부티크 > 악세서리 > 시계 > 쿼츠 아날로그","rejected","","","","unknown","unknown","not_applicable","not_applicable","unknown","","","rejected","false","path denotes non-garment merchandise"
"musinsa","UNKNOWN","105004006003","부티크 > 악세서리 > 시계 > 오토매틱","rejected","","","","unknown","unknown","not_applicable","not_applicable","unknown","","","rejected","false","path denotes non-garment merchandise"
"musinsa","UNKNOWN","105004006004","부티크 > 악세서리 > 시계 > 매뉴얼/기타","rejected","","","","unknown","unknown","not_applicable","not_applicable","unknown","","","rejected","false","path denotes non-garment merchandise"
"musinsa","UNKNOWN","105005","부티크 > 라이프 스타일","navigation_only","","","","unknown","unknown","not_applicable","not_applicable","unknown","","","navigation_only","false","navigation grouping/non-leaf"
"musinsa","UNKNOWN","105005001","부티크 > 라이프 스타일 > 가구/인테리어","navigation_only","","","","unknown","unknown","not_applicable","not_applicable","unknown","","","navigation_only","false","navigation grouping/non-leaf"
"musinsa","UNKNOWN","105005001003","부티크 > 라이프 스타일 > 가구/인테리어 > 테이블","rejected","","","","unknown","unknown","not_applicable","not_applicable","unknown","","","rejected","false","path denotes non-garment merchandise"
"musinsa","UNKNOWN","105005001004","부티크 > 라이프 스타일 > 가구/인테리어 > 의자","rejected","","","","unknown","unknown","not_applicable","not_applicable","unknown","","","rejected","false","path denotes non-garment merchandise"
"musinsa","UNKNOWN","105005001006","부티크 > 라이프 스타일 > 가구/인테리어 > 기타 가구","rejected","","","","unknown","unknown","not_applicable","not_applicable","unknown","","","rejected","false","path denotes non-garment merchandise"
"musinsa","UNKNOWN","105005001007","부티크 > 라이프 스타일 > 가구/인테리어 > 인테리어 소품","rejected","","","","unknown","unknown","not_applicable","not_applicable","unknown","","","rejected","false","path denotes non-garment merchandise"
"musinsa","UNKNOWN","105005002","부티크 > 라이프 스타일 > 테이블웨어","navigation_only","","","","unknown","unknown","not_applicable","not_applicable","unknown","","","navigation_only","false","navigation grouping/non-leaf"
"musinsa","UNKNOWN","105005002001","부티크 > 라이프 스타일 > 테이블웨어 > 식기/공기/그릇","rejected","","","","unknown","unknown","not_applicable","not_applicable","unknown","","","rejected","false","path denotes non-garment merchandise"
"musinsa","UNKNOWN","105005002002","부티크 > 라이프 스타일 > 테이블웨어 > 소스볼/찬기","review_required","","","","unknown","unknown","not_applicable","not_applicable","unknown","","","review_required","false","leaf meaning requires product evidence"
"musinsa","UNKNOWN","105005002003","부티크 > 라이프 스타일 > 테이블웨어 > 샐러드볼/다용도볼","review_required","","","","unknown","unknown","not_applicable","not_applicable","unknown","","","review_required","false","leaf meaning requires product evidence"
"musinsa","UNKNOWN","105005002004","부티크 > 라이프 스타일 > 테이블웨어 > 트레이/쟁반","review_required","","","","unknown","unknown","not_applicable","not_applicable","unknown","","","review_required","false","leaf meaning requires product evidence"
"musinsa","UNKNOWN","105005002006","부티크 > 라이프 스타일 > 테이블웨어 > 유리컵","review_required","","","","unknown","unknown","not_applicable","not_applicable","unknown","","","review_required","false","bounded sample is mixed, unknown, or insufficient"
"musinsa","UNKNOWN","105005002007","부티크 > 라이프 스타일 > 테이블웨어 > 머그컵/찻잔","review_required","","","","unknown","unknown","not_applicable","not_applicable","unknown","","","review_required","false","leaf meaning requires product evidence"
"musinsa","UNKNOWN","105005002008","부티크 > 라이프 스타일 > 테이블웨어 > 텀블러","review_required","","","","unknown","unknown","not_applicable","not_applicable","unknown","","","review_required","false","bounded sample is mixed, unknown, or insufficient"
"musinsa","UNKNOWN","105005003","부티크 > 라이프 스타일 > 키친웨어","navigation_only","","","","unknown","unknown","not_applicable","not_applicable","unknown","","","navigation_only","false","navigation grouping/non-leaf"
"musinsa","UNKNOWN","105005003002","부티크 > 라이프 스타일 > 키친웨어 > 수저/커트러리","review_required","","","","unknown","unknown","not_applicable","not_applicable","unknown","","","review_required","false","leaf meaning requires product evidence"
"musinsa","UNKNOWN","105005003007","부티크 > 라이프 스타일 > 키친웨어 > 커피용품","rejected","","","","unknown","unknown","not_applicable","not_applicable","unknown","","","rejected","false","path denotes non-garment merchandise"
"musinsa","UNKNOWN","105005003008","부티크 > 라이프 스타일 > 키친웨어 > 기타 키친웨어","review_required","","","","unknown","unknown","not_applicable","not_applicable","unknown","","","review_required","false","leaf meaning requires product evidence"
"musinsa","UNKNOWN","105005004","부티크 > 라이프 스타일 > 텍스타일","navigation_only","","","","unknown","unknown","not_applicable","not_applicable","unknown","","","navigation_only","false","navigation grouping/non-leaf"
"musinsa","UNKNOWN","105005004001","부티크 > 라이프 스타일 > 텍스타일 > 러그/카페트","review_required","","","","unknown","unknown","not_applicable","not_applicable","unknown","","","review_required","false","leaf meaning requires product evidence"
"musinsa","UNKNOWN","105005004003","부티크 > 라이프 스타일 > 텍스타일 > 쿠션/방석","review_required","","","","unknown","unknown","not_applicable","not_applicable","unknown","","","review_required","false","leaf meaning requires product evidence"
"musinsa","UNKNOWN","105005005","부티크 > 라이프 스타일 > 조명","navigation_only","","","","unknown","unknown","not_applicable","not_applicable","unknown","","","navigation_only","false","navigation grouping/non-leaf"
"musinsa","UNKNOWN","105005005001","부티크 > 라이프 스타일 > 조명 > 스탠드","review_required","","","","unknown","unknown","not_applicable","not_applicable","unknown","","","review_required","false","bounded sample is mixed, unknown, or insufficient"
"musinsa","UNKNOWN","105005005002","부티크 > 라이프 스타일 > 조명 > 무드등","review_required","","","","unknown","unknown","not_applicable","not_applicable","unknown","","","review_required","false","bounded sample is mixed, unknown, or insufficient"
"musinsa","UNKNOWN","105005005003","부티크 > 라이프 스타일 > 조명 > 기타 조명","review_required","","","","unknown","unknown","not_applicable","not_applicable","unknown","","","review_required","false","leaf meaning requires product evidence"
"musinsa","UNKNOWN","105005006","부티크 > 라이프 스타일 > 컬렉터블","navigation_only","","","","unknown","unknown","not_applicable","not_applicable","unknown","","","navigation_only","false","navigation grouping/non-leaf"
"musinsa","UNKNOWN","105005006004","부티크 > 라이프 스타일 > 컬렉터블 > 아트 토이","review_required","","","","unknown","unknown","not_applicable","not_applicable","unknown","","","review_required","false","bounded sample is mixed, unknown, or insufficient"
"musinsa","UNKNOWN","105005007","부티크 > 라이프 스타일 > 욕실용품","navigation_only","","","","unknown","unknown","not_applicable","not_applicable","unknown","","","navigation_only","false","navigation grouping/non-leaf"
"musinsa","UNKNOWN","105005007001","부티크 > 라이프 스타일 > 욕실용품 > 수건/타올","rejected","","","","unknown","unknown","not_applicable","not_applicable","unknown","","","rejected","false","path denotes non-garment merchandise"
"musinsa","UNKNOWN","105005008","부티크 > 라이프 스타일 > 디지털/가전","navigation_only","","","","unknown","unknown","not_applicable","not_applicable","unknown","","","navigation_only","false","navigation grouping/non-leaf"
"musinsa","UNKNOWN","105005008001","부티크 > 라이프 스타일 > 디지털/가전 > 음향기기","rejected","","","","unknown","unknown","not_applicable","not_applicable","unknown","","","rejected","false","path denotes non-garment merchandise"
"musinsa","UNKNOWN","105005008002","부티크 > 라이프 스타일 > 디지털/가전 > 휴대폰 액세서리","rejected","","","","unknown","unknown","not_applicable","not_applicable","unknown","","","rejected","false","path denotes non-garment merchandise"
"musinsa","UNKNOWN","105005011","부티크 > 라이프 스타일 > 생활용품","navigation_only","","","","unknown","unknown","not_applicable","not_applicable","unknown","","","navigation_only","false","navigation grouping/non-leaf"
"musinsa","UNKNOWN","105005011002","부티크 > 라이프 스타일 > 생활용품 > 수납","rejected","","","","unknown","unknown","not_applicable","not_applicable","unknown","","","rejected","false","path denotes non-garment merchandise"
"musinsa","UNKNOWN","105005011003","부티크 > 라이프 스타일 > 생활용품 > 스테이셔너리","rejected","","","","unknown","unknown","not_applicable","not_applicable","unknown","","","rejected","false","path denotes non-garment merchandise"
"musinsa","UNKNOWN","105007","부티크 > 뷰티","navigation_only","","","","unknown","unknown","not_applicable","not_applicable","unknown","","","navigation_only","false","navigation grouping/non-leaf"
"musinsa","UNKNOWN","105007001","부티크 > 뷰티 > 스킨케어","navigation_only","","","","unknown","unknown","not_applicable","not_applicable","unknown","","","navigation_only","false","navigation grouping/non-leaf"
"musinsa","UNKNOWN","105007001001","부티크 > 뷰티 > 스킨케어 > 에센스/세럼/앰플","rejected","","","","unknown","unknown","not_applicable","not_applicable","unknown","","","rejected","false","path denotes non-garment merchandise"
"musinsa","UNKNOWN","105007001003","부티크 > 뷰티 > 스킨케어 > 스킨케어 세트","rejected","","","","unknown","unknown","not_applicable","not_applicable","unknown","","","rejected","false","path denotes non-garment merchandise"
"musinsa","UNKNOWN","105007001004","부티크 > 뷰티 > 스킨케어 > 크림/아이크림","rejected","","","","unknown","unknown","not_applicable","not_applicable","unknown","","","rejected","false","path denotes non-garment merchandise"
"musinsa","UNKNOWN","105007001005","부티크 > 뷰티 > 스킨케어 > 스킨/토너/패드","rejected","","","","unknown","unknown","not_applicable","not_applicable","unknown","","","rejected","false","path denotes non-garment merchandise"
"musinsa","UNKNOWN","105007001006","부티크 > 뷰티 > 스킨케어 > 로션/에멀젼/올인원","rejected","","","","unknown","unknown","not_applicable","not_applicable","unknown","","","rejected","false","path denotes non-garment merchandise"
"musinsa","UNKNOWN","105007001007","부티크 > 뷰티 > 스킨케어 > 미스트/페이셜오일","rejected","","","","unknown","unknown","not_applicable","not_applicable","unknown","","","rejected","false","path denotes non-garment merchandise"
"musinsa","UNKNOWN","105007002","부티크 > 뷰티 > 선케어","navigation_only","","","","unknown","unknown","not_applicable","not_applicable","unknown","","","navigation_only","false","navigation grouping/non-leaf"
"musinsa","UNKNOWN","105007002001","부티크 > 뷰티 > 선케어 > 선크림","rejected","","","","unknown","unknown","not_applicable","not_applicable","unknown","","","rejected","false","path denotes non-garment merchandise"
"musinsa","UNKNOWN","105007002002","부티크 > 뷰티 > 선케어 > 선스틱/선스프레이","rejected","","","","unknown","unknown","not_applicable","not_applicable","unknown","","","rejected","false","path denotes non-garment merchandise"
"musinsa","UNKNOWN","105007002003","부티크 > 뷰티 > 선케어 > 선쿠션/파우더","rejected","","","","unknown","unknown","not_applicable","not_applicable","unknown","","","rejected","false","path denotes non-garment merchandise"
"musinsa","UNKNOWN","105007003","부티크 > 뷰티 > 클렌징/필링","navigation_only","","","","unknown","unknown","not_applicable","not_applicable","unknown","","","navigation_only","false","navigation grouping/non-leaf"
"musinsa","UNKNOWN","105007003001","부티크 > 뷰티 > 클렌징/필링 > 필링/스크럽","rejected","","","","unknown","unknown","not_applicable","not_applicable","unknown","","","rejected","false","path denotes non-garment merchandise"
"musinsa","UNKNOWN","105007003003","부티크 > 뷰티 > 클렌징/필링 > 클렌징폼/젤","rejected","","","","unknown","unknown","not_applicable","not_applicable","unknown","","","rejected","false","path denotes non-garment merchandise"
"musinsa","UNKNOWN","105007003004","부티크 > 뷰티 > 클렌징/필링 > 클렌징오일/워터","rejected","","","","unknown","unknown","not_applicable","not_applicable","unknown","","","rejected","false","path denotes non-garment merchandise"
"musinsa","UNKNOWN","105007004","부티크 > 뷰티 > 프레그런스","navigation_only","","","","unknown","unknown","not_applicable","not_applicable","unknown","","","navigation_only","false","navigation grouping/non-leaf"
"musinsa","UNKNOWN","105007004001","부티크 > 뷰티 > 프레그런스 > 향수","rejected","","","","unknown","unknown","not_applicable","not_applicable","unknown","","","rejected","false","path denotes non-garment merchandise"
"musinsa","UNKNOWN","105007004003","부티크 > 뷰티 > 프레그런스 > 기타 향수","rejected","","","","unknown","unknown","not_applicable","not_applicable","unknown","","","rejected","false","path denotes non-garment merchandise"
"musinsa","UNKNOWN","105007005","부티크 > 뷰티 > 헤어케어","navigation_only","","","","unknown","unknown","not_applicable","not_applicable","unknown","","","navigation_only","false","navigation grouping/non-leaf"
"musinsa","UNKNOWN","105007005001","부티크 > 뷰티 > 헤어케어 > 샴푸","rejected","","","","unknown","unknown","not_applicable","not_applicable","unknown","","","rejected","false","path denotes non-garment merchandise"
"musinsa","UNKNOWN","105007005002","부티크 > 뷰티 > 헤어케어 > 린스/컨디셔너","rejected","","","","unknown","unknown","not_applicable","not_applicable","unknown","","","rejected","false","path denotes non-garment merchandise"
"musinsa","UNKNOWN","105007005003","부티크 > 뷰티 > 헤어케어 > 트리트먼트/팩","rejected","","","","unknown","unknown","not_applicable","not_applicable","unknown","","","rejected","false","path denotes non-garment merchandise"
"musinsa","UNKNOWN","105007005004","부티크 > 뷰티 > 헤어케어 > 헤어케어 세트","rejected","","","","unknown","unknown","not_applicable","not_applicable","unknown","","","rejected","false","path denotes non-garment merchandise"
"musinsa","UNKNOWN","105007005005","부티크 > 뷰티 > 헤어케어 > 헤어스타일링","rejected","","","","unknown","unknown","not_applicable","not_applicable","unknown","","","rejected","false","path denotes non-garment merchandise"
"musinsa","UNKNOWN","105007005008","부티크 > 뷰티 > 헤어케어 > 헤어오일/에센스","rejected","","","","unknown","unknown","not_applicable","not_applicable","unknown","","","rejected","false","path denotes non-garment merchandise"
"musinsa","UNKNOWN","105007006","부티크 > 뷰티 > 바디케어","navigation_only","","","","unknown","unknown","not_applicable","not_applicable","unknown","","","navigation_only","false","navigation grouping/non-leaf"
"musinsa","UNKNOWN","105007006001","부티크 > 뷰티 > 바디케어 > 풋케어","rejected","","","","unknown","unknown","not_applicable","not_applicable","unknown","","","rejected","false","path denotes non-garment merchandise"
"musinsa","UNKNOWN","105007006002","부티크 > 뷰티 > 바디케어 > 핸드케어","rejected","","","","unknown","unknown","not_applicable","not_applicable","unknown","","","rejected","false","path denotes non-garment merchandise"
"musinsa","UNKNOWN","105007006004","부티크 > 뷰티 > 바디케어 > 샤워/입욕","rejected","","","","unknown","unknown","not_applicable","not_applicable","unknown","","","rejected","false","path denotes non-garment merchandise"
"musinsa","UNKNOWN","105007006005","부티크 > 뷰티 > 바디케어 > 바디로션/크림/오일","rejected","","","","unknown","unknown","not_applicable","not_applicable","unknown","","","rejected","false","path denotes non-garment merchandise"
"musinsa","UNKNOWN","105007006006","부티크 > 뷰티 > 바디케어 > 바디미스트","rejected","","","","unknown","unknown","not_applicable","not_applicable","unknown","","","rejected","false","path denotes non-garment merchandise"
"musinsa","UNKNOWN","105007008","부티크 > 뷰티 > 뷰티 디바이스/소품","navigation_only","","","","unknown","unknown","not_applicable","not_applicable","unknown","","","navigation_only","false","navigation grouping/non-leaf"
"musinsa","UNKNOWN","105007008006","부티크 > 뷰티 > 뷰티 디바이스/소품 > 페이스소품","rejected","","","","unknown","unknown","not_applicable","not_applicable","unknown","","","rejected","false","path denotes non-garment merchandise"
"musinsa","UNKNOWN","105007008007","부티크 > 뷰티 > 뷰티 디바이스/소품 > 메이크업소품","rejected","","","","unknown","unknown","not_applicable","not_applicable","unknown","","","rejected","false","path denotes non-garment merchandise"
"musinsa","UNKNOWN","105007011","부티크 > 뷰티 > 마스크팩","navigation_only","","","","unknown","unknown","not_applicable","not_applicable","unknown","","","navigation_only","false","navigation grouping/non-leaf"
"musinsa","UNKNOWN","105007011003","부티크 > 뷰티 > 마스크팩 > 시트마스크(시트팩)","rejected","","","","unknown","unknown","not_applicable","not_applicable","unknown","","","rejected","false","path denotes non-garment merchandise"
"musinsa","UNKNOWN","105007011004","부티크 > 뷰티 > 마스크팩 > 워시오프팩","rejected","","","","unknown","unknown","not_applicable","not_applicable","unknown","","","rejected","false","path denotes non-garment merchandise"
"musinsa","UNKNOWN","105007012","부티크 > 뷰티 > 베이스메이크업","navigation_only","","","","unknown","unknown","not_applicable","not_applicable","unknown","","","navigation_only","false","navigation grouping/non-leaf"
"musinsa","UNKNOWN","105007012001","부티크 > 뷰티 > 베이스메이크업 > 쿠션","rejected","","","","unknown","unknown","not_applicable","not_applicable","unknown","","","rejected","false","path denotes non-garment merchandise"
"musinsa","UNKNOWN","105007012002","부티크 > 뷰티 > 베이스메이크업 > 파운데이션/콤팩트","rejected","","","","unknown","unknown","not_applicable","not_applicable","unknown","","","rejected","false","path denotes non-garment merchandise"
"musinsa","UNKNOWN","105007012003","부티크 > 뷰티 > 베이스메이크업 > 블러셔","rejected","","","","unknown","unknown","not_applicable","not_applicable","unknown","","","rejected","false","path denotes non-garment merchandise"
"musinsa","UNKNOWN","105007012005","부티크 > 뷰티 > 베이스메이크업 > 하이라이터","rejected","","","","unknown","unknown","not_applicable","not_applicable","unknown","","","rejected","false","path denotes non-garment merchandise"
"musinsa","UNKNOWN","105007012006","부티크 > 뷰티 > 베이스메이크업 > 메이크업베이스/프라이머","rejected","","","","unknown","unknown","not_applicable","not_applicable","unknown","","","rejected","false","path denotes non-garment merchandise"
"musinsa","UNKNOWN","105007012007","부티크 > 뷰티 > 베이스메이크업 > 컨실러","rejected","","","","unknown","unknown","not_applicable","not_applicable","unknown","","","rejected","false","path denotes non-garment merchandise"
"musinsa","UNKNOWN","105007012008","부티크 > 뷰티 > 베이스메이크업 > 파우더/팩트","rejected","","","","unknown","unknown","not_applicable","not_applicable","unknown","","","rejected","false","path denotes non-garment merchandise"
"musinsa","UNKNOWN","105007012009","부티크 > 뷰티 > 베이스메이크업 > 메이크업 픽서","rejected","","","","unknown","unknown","not_applicable","not_applicable","unknown","","","rejected","false","path denotes non-garment merchandise"
"musinsa","UNKNOWN","105007013","부티크 > 뷰티 > 립메이크업","navigation_only","","","","unknown","unknown","not_applicable","not_applicable","unknown","","","navigation_only","false","navigation grouping/non-leaf"
"musinsa","UNKNOWN","105007013001","부티크 > 뷰티 > 립메이크업 > 립밤","rejected","","","","unknown","unknown","not_applicable","not_applicable","unknown","","","rejected","false","path denotes non-garment merchandise"
"musinsa","UNKNOWN","105007013002","부티크 > 뷰티 > 립메이크업 > 립틴트","rejected","","","","unknown","unknown","not_applicable","not_applicable","unknown","","","rejected","false","path denotes non-garment merchandise"
"musinsa","UNKNOWN","105007013003","부티크 > 뷰티 > 립메이크업 > 립글로스","rejected","","","","unknown","unknown","not_applicable","not_applicable","unknown","","","rejected","false","path denotes non-garment merchandise"
"musinsa","UNKNOWN","105007013004","부티크 > 뷰티 > 립메이크업 > 립라이너","rejected","","","","unknown","unknown","not_applicable","not_applicable","unknown","","","rejected","false","path denotes non-garment merchandise"
"musinsa","UNKNOWN","105007013005","부티크 > 뷰티 > 립메이크업 > 립스틱","rejected","","","","unknown","unknown","not_applicable","not_applicable","unknown","","","rejected","false","path denotes non-garment merchandise"
"musinsa","UNKNOWN","105007014","부티크 > 뷰티 > 아이메이크업","navigation_only","","","","unknown","unknown","not_applicable","not_applicable","unknown","","","navigation_only","false","navigation grouping/non-leaf"
"musinsa","UNKNOWN","105007014001","부티크 > 뷰티 > 아이메이크업 > 아이섀도우","rejected","","","","unknown","unknown","not_applicable","not_applicable","unknown","","","rejected","false","path denotes non-garment merchandise"
"musinsa","UNKNOWN","105007014002","부티크 > 뷰티 > 아이메이크업 > 마스카라","rejected","","","","unknown","unknown","not_applicable","not_applicable","unknown","","","rejected","false","path denotes non-garment merchandise"
"musinsa","UNKNOWN","105007014003","부티크 > 뷰티 > 아이메이크업 > 아이라이너","rejected","","","","unknown","unknown","not_applicable","not_applicable","unknown","","","rejected","false","path denotes non-garment merchandise"
"musinsa","UNKNOWN","105007014004","부티크 > 뷰티 > 아이메이크업 > 아이브로우","rejected","","","","unknown","unknown","not_applicable","not_applicable","unknown","","","rejected","false","path denotes non-garment merchandise"
"musinsa","KIDS","106","키즈","navigation_only","","","","not_applicable","not_applicable","not_applicable","not_applicable","not_applicable","","","navigation_only","false","preserved existing review_required decision"
"musinsa","KIDS","106004","키즈 > 상의","navigation_only","","","","not_applicable","not_applicable","not_applicable","not_applicable","not_applicable","","","navigation_only","false","preserved existing review_required decision"
"musinsa","KIDS","106004001","키즈 > 상의 > 반소매 티셔츠","confirmed","tops","tshirt","tshirt","short_sleeve","not_applicable","not_applicable","not_applicable","not_applicable","tops","short_sleeve","direct","true","preserved existing confirmed decision"
"musinsa","KIDS","106004002","키즈 > 상의 > 긴소매 티셔츠","confirmed","tops","tshirt","tshirt","long_sleeve","not_applicable","not_applicable","not_applicable","not_applicable","tops","long_sleeve","direct","true","preserved existing confirmed decision"
"musinsa","KIDS","106004003","키즈 > 상의 > 민소매 티셔츠","confirmed","tops","tank_top","tank_top","sleeveless","not_applicable","not_applicable","not_applicable","not_applicable","tops","sleeveless","direct","true","preserved existing confirmed decision"
"musinsa","KIDS","106004004","키즈 > 상의 > 맨투맨/스웨트","confirmed","tops","sweatshirt","sweatshirt","not_applicable","not_applicable","not_applicable","not_applicable","not_applicable","tops","sweatshirt","direct","true","preserved existing confirmed decision"
"musinsa","KIDS","106004005","키즈 > 상의 > 후드 티셔츠","confirmed","tops","hoodie","hoodie","not_applicable","not_applicable","not_applicable","not_applicable","not_applicable","tops","hoodie","direct","true","preserved existing confirmed decision"
"musinsa","KIDS","106004006","키즈 > 상의 > 니트/스웨터","confirmed","tops","knit_sweater","knit_sweater","not_applicable","not_applicable","not_applicable","not_applicable","not_applicable","tops","knit_sweater","direct","true","preserved existing confirmed decision"
"musinsa","KIDS","106004007","키즈 > 상의 > 기타 상의","review_required","","","","not_applicable","not_applicable","not_applicable","not_applicable","not_applicable","","","review_required","false","preserved existing review_required decision"
"musinsa","KIDS","106004011","키즈 > 상의 > 셔츠/블라우스","confirmed","tops","shirt_blouse","shirt_blouse","not_applicable","not_applicable","not_applicable","not_applicable","not_applicable","tops","shirt_blouse","direct","true","preserved existing confirmed decision"
"musinsa","KIDS","106004012","키즈 > 상의 > 피케/카라 티셔츠","confirmed","tops","polo_shirt","polo_shirt","not_applicable","not_applicable","not_applicable","not_applicable","not_applicable","tops","polo_shirt","direct","true","preserved existing confirmed decision"
"musinsa","KIDS","106005","키즈 > 아우터","navigation_only","","","","not_applicable","not_applicable","not_applicable","not_applicable","not_applicable","","","navigation_only","false","preserved existing review_required decision"
"musinsa","KIDS","106005001","키즈 > 아우터 > 카디건","confirmed","tops","cardigan","cardigan","not_applicable","not_applicable","not_applicable","not_applicable","not_applicable","outerwear","cardigan","direct","true","preserved existing confirmed decision"
"musinsa","KIDS","106005002","키즈 > 아우터 > 코트","confirmed","outerwear","coat","coat","not_applicable","not_applicable","not_applicable","not_applicable","not_applicable","outerwear","coat","direct","true","preserved existing confirmed decision"
"musinsa","KIDS","106005003","키즈 > 아우터 > 베스트","confirmed","","outer_vest","outer_vest","not_applicable","not_applicable","not_applicable","not_applicable","not_applicable","outerwear","vest","direct","true","preserved existing confirmed decision"
"musinsa","KIDS","106005004","키즈 > 아우터 > 점퍼/재킷","review_required","","","","not_applicable","not_applicable","not_applicable","not_applicable","not_applicable","","","review_required","false","preserved existing review_required decision"
"musinsa","KIDS","106005005","키즈 > 아우터 > 기타 아우터","review_required","","","","not_applicable","not_applicable","not_applicable","not_applicable","not_applicable","","","review_required","false","preserved existing review_required decision"
"musinsa","KIDS","106006","키즈 > 바지","navigation_only","","","","not_applicable","not_applicable","not_applicable","not_applicable","not_applicable","","","navigation_only","false","preserved existing review_required decision"
"musinsa","KIDS","106006001","키즈 > 바지 > 코튼 팬츠","confirmed","bottoms","chino_cotton_pants","standard_pants","not_applicable","not_applicable","not_applicable","not_applicable","not_applicable","bottoms","chino_cotton","direct","true","preserved existing confirmed decision"
"musinsa","KIDS","106006002","키즈 > 바지 > 데님 팬츠","confirmed","bottoms","denim_pants","standard_pants","not_applicable","not_applicable","not_applicable","not_applicable","not_applicable","bottoms","jeans","direct","true","preserved existing confirmed decision"
"musinsa","KIDS","106006003","키즈 > 바지 > 숏 팬츠","confirmed","","other_standard_pants","standard_pants","not_applicable","short_length","not_applicable","not_applicable","not_applicable","bottoms","short_pants","direct","true","preserved existing confirmed decision"
"musinsa","KIDS","106006004","키즈 > 바지 > 레깅스","confirmed","leggings","leggings","leggings","not_applicable","not_applicable","not_applicable","not_applicable","not_applicable","leggings","leggings","direct","true","preserved existing confirmed decision"
"musinsa","KIDS","106006005","키즈 > 바지 > 치마바지","rejected","","","","not_applicable","not_applicable","not_applicable","not_applicable","not_applicable","","","rejected","false","preserved existing rejected decision"
"musinsa","KIDS","106006006","키즈 > 바지 > 점프슈트/오버올","rejected","","","","not_applicable","not_applicable","not_applicable","not_applicable","not_applicable","","","rejected","false","preserved existing rejected decision"
"musinsa","KIDS","106006007","키즈 > 바지 > 트레이닝 팬츠","confirmed","bottoms","sweat_jogger_pants","standard_pants","not_applicable","not_applicable","not_applicable","not_applicable","not_applicable","bottoms","sweat_jogger","direct","true","preserved existing confirmed decision"
"musinsa","KIDS","106006008","키즈 > 바지 > 조거 팬츠","confirmed","bottoms","sweat_jogger_pants","standard_pants","not_applicable","not_applicable","not_applicable","not_applicable","not_applicable","bottoms","sweat_jogger","direct","true","preserved existing confirmed decision"
"musinsa","KIDS","106006009","키즈 > 바지 > 기타 바지","review_required","","","","not_applicable","not_applicable","not_applicable","not_applicable","not_applicable","","","review_required","false","preserved existing review_required decision"
"musinsa","KIDS","106007","키즈 > 원피스/스커트","navigation_only","","","","not_applicable","not_applicable","not_applicable","not_applicable","not_applicable","","","navigation_only","false","preserved existing review_required decision"
"musinsa","KIDS","106007001","키즈 > 원피스/스커트 > 원피스","rejected","","","","not_applicable","not_applicable","not_applicable","not_applicable","not_applicable","","","rejected","false","preserved existing rejected decision"
"musinsa","KIDS","106007002","키즈 > 원피스/스커트 > 스커트","confirmed","skirts","skirt","skirt","not_applicable","not_applicable","not_applicable","not_applicable","not_applicable","skirts","skirt","direct","true","preserved existing confirmed decision"
"musinsa","KIDS","106008","키즈 > 세트 의류","navigation_only","","","","not_applicable","not_applicable","not_applicable","not_applicable","not_applicable","","","navigation_only","false","preserved existing rejected decision"
"musinsa","KIDS","106008001","키즈 > 세트 의류 > 상하복 세트","rejected","","","","not_applicable","not_applicable","not_applicable","not_applicable","not_applicable","","","rejected","false","preserved existing rejected decision"
"musinsa","KIDS","106008002","키즈 > 세트 의류 > 정장 세트","rejected","","","","not_applicable","not_applicable","not_applicable","not_applicable","not_applicable","","","rejected","false","preserved existing rejected decision"
"musinsa","KIDS","106008003","키즈 > 세트 의류 > 트레이닝복","rejected","","","","not_applicable","not_applicable","not_applicable","not_applicable","not_applicable","","","rejected","false","preserved existing rejected decision"
"musinsa","KIDS","106009","키즈 > 12개월 이하","navigation_only","","","","not_applicable","not_applicable","not_applicable","not_applicable","not_applicable","","","navigation_only","false","preserved existing review_required decision"
"musinsa","KIDS","106009001","키즈 > 12개월 이하 > 우주복","rejected","","","","not_applicable","not_applicable","not_applicable","not_applicable","not_applicable","","","rejected","false","preserved existing rejected decision"
"musinsa","KIDS","106009002","키즈 > 12개월 이하 > 기타","review_required","","","","not_applicable","not_applicable","not_applicable","not_applicable","not_applicable","","","review_required","false","preserved existing review_required decision"
"musinsa","KIDS","106010","키즈 > 시즌/테마","navigation_only","","","","not_applicable","not_applicable","not_applicable","not_applicable","not_applicable","","","navigation_only","false","preserved existing review_required decision"
"musinsa","KIDS","106010001","키즈 > 시즌/테마 > 수영복/래시가드","rejected","","","","not_applicable","not_applicable","not_applicable","not_applicable","not_applicable","","","rejected","false","preserved existing rejected decision"
"musinsa","KIDS","106010002","키즈 > 시즌/테마 > 스키복","rejected","","","","not_applicable","not_applicable","not_applicable","not_applicable","not_applicable","","","rejected","false","preserved existing rejected decision"
"musinsa","KIDS","106010003","키즈 > 시즌/테마 > 우의/우산","rejected","","","","not_applicable","not_applicable","not_applicable","not_applicable","not_applicable","","","rejected","false","preserved existing rejected decision"
"musinsa","KIDS","106011","키즈 > 속옷/홈웨어","navigation_only","","","","not_applicable","not_applicable","not_applicable","not_applicable","not_applicable","","","navigation_only","false","preserved existing rejected decision"
"musinsa","KIDS","106011001","키즈 > 속옷/홈웨어 > 속옷","rejected","","","","not_applicable","not_applicable","not_applicable","not_applicable","not_applicable","","","rejected","false","preserved existing rejected decision"
"musinsa","KIDS","106011002","키즈 > 속옷/홈웨어 > 홈웨어","rejected","","","","not_applicable","not_applicable","not_applicable","not_applicable","not_applicable","","","rejected","false","preserved existing rejected decision"
"musinsa","KIDS","106012","키즈 > 신발","navigation_only","","","","not_applicable","not_applicable","not_applicable","not_applicable","not_applicable","","","navigation_only","false","preserved existing rejected decision"
"musinsa","KIDS","106012001","키즈 > 신발 > 구두","rejected","","","","not_applicable","not_applicable","not_applicable","not_applicable","not_applicable","","","rejected","false","preserved existing rejected decision"
"musinsa","KIDS","106012002","키즈 > 신발 > 부츠","rejected","","","","not_applicable","not_applicable","not_applicable","not_applicable","not_applicable","","","rejected","false","preserved existing rejected decision"
"musinsa","KIDS","106012003","키즈 > 신발 > 샌들/슬리퍼","rejected","","","","not_applicable","not_applicable","not_applicable","not_applicable","not_applicable","","","rejected","false","preserved existing rejected decision"
"musinsa","KIDS","106012004","키즈 > 신발 > 실내화","rejected","","","","not_applicable","not_applicable","not_applicable","not_applicable","not_applicable","","","rejected","false","preserved existing rejected decision"
"musinsa","KIDS","106012005","키즈 > 신발 > 아쿠아슈즈","rejected","","","","not_applicable","not_applicable","not_applicable","not_applicable","not_applicable","","","rejected","false","preserved existing rejected decision"
"musinsa","KIDS","106012006","키즈 > 신발 > 레인 부츠","rejected","","","","not_applicable","not_applicable","not_applicable","not_applicable","not_applicable","","","rejected","false","preserved existing rejected decision"
"musinsa","KIDS","106012007","키즈 > 신발 > 운동화","rejected","","","","not_applicable","not_applicable","not_applicable","not_applicable","not_applicable","","","rejected","false","preserved existing rejected decision"
"musinsa","KIDS","106012008","키즈 > 신발 > 기타 신발","rejected","","","","not_applicable","not_applicable","not_applicable","not_applicable","not_applicable","","","rejected","false","preserved existing rejected decision"
"musinsa","KIDS","106013","키즈 > 가방/지갑","navigation_only","","","","not_applicable","not_applicable","not_applicable","not_applicable","not_applicable","","","navigation_only","false","preserved existing rejected decision"
"musinsa","KIDS","106013001","키즈 > 가방/지갑 > 백팩","rejected","","","","not_applicable","not_applicable","not_applicable","not_applicable","not_applicable","","","rejected","false","preserved existing rejected decision"
"musinsa","KIDS","106013002","키즈 > 가방/지갑 > 크로스 백","rejected","","","","not_applicable","not_applicable","not_applicable","not_applicable","not_applicable","","","rejected","false","preserved existing rejected decision"
"musinsa","KIDS","106013003","키즈 > 가방/지갑 > 기타 가방","rejected","","","","not_applicable","not_applicable","not_applicable","not_applicable","not_applicable","","","rejected","false","preserved existing rejected decision"
"musinsa","KIDS","106013004","키즈 > 가방/지갑 > 지갑","rejected","","","","not_applicable","not_applicable","not_applicable","not_applicable","not_applicable","","","rejected","false","preserved existing rejected decision"
"musinsa","KIDS","106014","키즈 > 모자","navigation_only","","","","not_applicable","not_applicable","not_applicable","not_applicable","not_applicable","","","navigation_only","false","preserved existing rejected decision"
"musinsa","KIDS","106014001","키즈 > 모자 > 캡/야구모자","rejected","","","","not_applicable","not_applicable","not_applicable","not_applicable","not_applicable","","","rejected","false","preserved existing rejected decision"
"musinsa","KIDS","106014002","키즈 > 모자 > 베레모/비니","rejected","","","","not_applicable","not_applicable","not_applicable","not_applicable","not_applicable","","","rejected","false","preserved existing rejected decision"
"musinsa","KIDS","106014003","키즈 > 모자 > 버킷/사파리햇","rejected","","","","not_applicable","not_applicable","not_applicable","not_applicable","not_applicable","","","rejected","false","preserved existing rejected decision"
"musinsa","KIDS","106014004","키즈 > 모자 > 기타 모자","rejected","","","","not_applicable","not_applicable","not_applicable","not_applicable","not_applicable","","","rejected","false","preserved existing rejected decision"
"musinsa","KIDS","106015","키즈 > 액세서리/소품","navigation_only","","","","not_applicable","not_applicable","not_applicable","not_applicable","not_applicable","","","navigation_only","false","preserved existing rejected decision"
"musinsa","KIDS","106015001","키즈 > 액세서리/소품 > 양말","rejected","","","","not_applicable","not_applicable","not_applicable","not_applicable","not_applicable","","","rejected","false","preserved existing rejected decision"
"musinsa","KIDS","106015002","키즈 > 액세서리/소품 > 마스크","rejected","","","","not_applicable","not_applicable","not_applicable","not_applicable","not_applicable","","","rejected","false","preserved existing rejected decision"
"musinsa","KIDS","106015003","키즈 > 액세서리/소품 > 머플러/장갑","rejected","","","","not_applicable","not_applicable","not_applicable","not_applicable","not_applicable","","","rejected","false","preserved existing rejected decision"
"musinsa","KIDS","106015004","키즈 > 액세서리/소품 > 시계","rejected","","","","not_applicable","not_applicable","not_applicable","not_applicable","not_applicable","","","rejected","false","preserved existing rejected decision"
"musinsa","KIDS","106015005","키즈 > 액세서리/소품 > 기타 액세서리","rejected","","","","not_applicable","not_applicable","not_applicable","not_applicable","not_applicable","","","rejected","false","preserved existing rejected decision"
"musinsa","KIDS","106015006","키즈 > 액세서리/소품 > 팔찌","rejected","","","","not_applicable","not_applicable","not_applicable","not_applicable","not_applicable","","","rejected","false","preserved existing rejected decision"
"musinsa","KIDS","106015007","키즈 > 액세서리/소품 > 반지","rejected","","","","not_applicable","not_applicable","not_applicable","not_applicable","not_applicable","","","rejected","false","preserved existing rejected decision"
"musinsa","KIDS","106015008","키즈 > 액세서리/소품 > 목걸이/팬던트","rejected","","","","not_applicable","not_applicable","not_applicable","not_applicable","not_applicable","","","rejected","false","preserved existing rejected decision"
"musinsa","KIDS","106015009","키즈 > 액세서리/소품 > 헤어 액세서리","rejected","","","","not_applicable","not_applicable","not_applicable","not_applicable","not_applicable","","","rejected","false","preserved existing rejected decision"
"musinsa","KIDS","106015010","키즈 > 액세서리/소품 > 선글라스/안경테","rejected","","","","not_applicable","not_applicable","not_applicable","not_applicable","not_applicable","","","rejected","false","preserved existing rejected decision"
"musinsa","KIDS","106016","키즈 > 장난감","navigation_only","","","","not_applicable","not_applicable","not_applicable","not_applicable","not_applicable","","","navigation_only","false","preserved existing rejected decision"
"musinsa","KIDS","106016001","키즈 > 장난감 > 블록/퍼즐","navigation_only","","","","not_applicable","not_applicable","not_applicable","not_applicable","not_applicable","","","navigation_only","false","preserved existing rejected decision"
"musinsa","KIDS","106016001001","키즈 > 장난감 > 블록/퍼즐 > 블록","rejected","","","","not_applicable","not_applicable","not_applicable","not_applicable","not_applicable","","","rejected","false","preserved existing rejected decision"
"musinsa","KIDS","106016001002","키즈 > 장난감 > 블록/퍼즐 > 퍼즐","rejected","","","","not_applicable","not_applicable","not_applicable","not_applicable","not_applicable","","","rejected","false","preserved existing rejected decision"
"musinsa","KIDS","106016001003","키즈 > 장난감 > 블록/퍼즐 > 레고","rejected","","","","not_applicable","not_applicable","not_applicable","not_applicable","not_applicable","","","rejected","false","preserved existing rejected decision"
"musinsa","KIDS","106016002","키즈 > 장난감 > 작동 완구","rejected","","","","not_applicable","not_applicable","not_applicable","not_applicable","not_applicable","","","rejected","false","preserved existing rejected decision"
"musinsa","KIDS","106016003","키즈 > 장난감 > 승용 완구","navigation_only","","","","not_applicable","not_applicable","not_applicable","not_applicable","not_applicable","","","navigation_only","false","preserved existing rejected decision"
"musinsa","KIDS","106016003001","키즈 > 장난감 > 승용 완구 > 킥보드","rejected","","","","not_applicable","not_applicable","not_applicable","not_applicable","not_applicable","","","rejected","false","preserved existing rejected decision"
"musinsa","KIDS","106016003002","키즈 > 장난감 > 승용 완구 > 기타 승용 완구","rejected","","","","not_applicable","not_applicable","not_applicable","not_applicable","not_applicable","","","rejected","false","preserved existing rejected decision"
"musinsa","KIDS","106016004","키즈 > 장난감 > 인형","rejected","","","","not_applicable","not_applicable","not_applicable","not_applicable","not_applicable","","","rejected","false","preserved existing rejected decision"
"musinsa","KIDS","106016005","키즈 > 장난감 > 신생아 완구","rejected","","","","not_applicable","not_applicable","not_applicable","not_applicable","not_applicable","","","rejected","false","preserved existing rejected decision"
"musinsa","KIDS","106016006","키즈 > 장난감 > 교구","rejected","","","","not_applicable","not_applicable","not_applicable","not_applicable","not_applicable","","","rejected","false","preserved existing rejected decision"
"musinsa","KIDS","106016007","키즈 > 장난감 > 기타 장난감","rejected","","","","not_applicable","not_applicable","not_applicable","not_applicable","not_applicable","","","rejected","false","preserved existing rejected decision"
"musinsa","KIDS","106016008","키즈 > 장난감 > 놀이","rejected","","","","not_applicable","not_applicable","not_applicable","not_applicable","not_applicable","","","rejected","false","preserved existing rejected decision"
"musinsa","KIDS","106017","키즈 > 교육","navigation_only","","","","not_applicable","not_applicable","not_applicable","not_applicable","not_applicable","","","navigation_only","false","preserved existing rejected decision"
"musinsa","KIDS","106017001","키즈 > 교육 > 문구","rejected","","","","not_applicable","not_applicable","not_applicable","not_applicable","not_applicable","","","rejected","false","preserved existing rejected decision"
"musinsa","KIDS","106017002","키즈 > 교육 > 도서/CD","navigation_only","","","","not_applicable","not_applicable","not_applicable","not_applicable","not_applicable","","","navigation_only","false","preserved existing rejected decision"
"musinsa","KIDS","106017002001","키즈 > 교육 > 도서/CD > 전집/세트","rejected","","","","not_applicable","not_applicable","not_applicable","not_applicable","not_applicable","","","rejected","false","preserved existing rejected decision"
"musinsa","KIDS","106017002003","키즈 > 교육 > 도서/CD > 기타 도서/CD","rejected","","","","not_applicable","not_applicable","not_applicable","not_applicable","not_applicable","","","rejected","false","preserved existing rejected decision"
"musinsa","KIDS","106018","키즈 > 홈인테리어/리빙","navigation_only","","","","not_applicable","not_applicable","not_applicable","not_applicable","not_applicable","","","navigation_only","false","preserved existing rejected decision"
"musinsa","KIDS","106018001","키즈 > 홈인테리어/리빙 > 가구/수납","navigation_only","","","","not_applicable","not_applicable","not_applicable","not_applicable","not_applicable","","","navigation_only","false","preserved existing rejected decision"
"musinsa","KIDS","106018001001","키즈 > 홈인테리어/리빙 > 가구/수납 > 책상/의자/책장","rejected","","","","not_applicable","not_applicable","not_applicable","not_applicable","not_applicable","","","rejected","false","preserved existing rejected decision"
"musinsa","KIDS","106018001002","키즈 > 홈인테리어/리빙 > 가구/수납 > 수납/정리","rejected","","","","not_applicable","not_applicable","not_applicable","not_applicable","not_applicable","","","rejected","false","preserved existing rejected decision"
"musinsa","KIDS","106018001003","키즈 > 홈인테리어/리빙 > 가구/수납 > 침대/소파","rejected","","","","not_applicable","not_applicable","not_applicable","not_applicable","not_applicable","","","rejected","false","preserved existing rejected decision"
"musinsa","KIDS","106018001004","키즈 > 홈인테리어/리빙 > 가구/수납 > 기타 가구/수납","rejected","","","","not_applicable","not_applicable","not_applicable","not_applicable","not_applicable","","","rejected","false","preserved existing rejected decision"
"musinsa","KIDS","106018002","키즈 > 홈인테리어/리빙 > 패브릭 용품","navigation_only","","","","not_applicable","not_applicable","not_applicable","not_applicable","not_applicable","","","navigation_only","false","preserved existing rejected decision"
"musinsa","KIDS","106018002001","키즈 > 홈인테리어/리빙 > 패브릭 용품 > 침구","rejected","","","","not_applicable","not_applicable","not_applicable","not_applicable","not_applicable","","","rejected","false","preserved existing rejected decision"
"musinsa","KIDS","106018002002","키즈 > 홈인테리어/리빙 > 패브릭 용품 > 베개/쿠션","rejected","","","","not_applicable","not_applicable","not_applicable","not_applicable","not_applicable","","","rejected","false","preserved existing rejected decision"
"musinsa","KIDS","106018002003","키즈 > 홈인테리어/리빙 > 패브릭 용품 > 러그","rejected","","","","not_applicable","not_applicable","not_applicable","not_applicable","not_applicable","","","rejected","false","preserved existing rejected decision"
"musinsa","KIDS","106018002004","키즈 > 홈인테리어/리빙 > 패브릭 용품 > 기타 침구용품","rejected","","","","not_applicable","not_applicable","not_applicable","not_applicable","not_applicable","","","rejected","false","preserved existing rejected decision"
"musinsa","KIDS","106018003","키즈 > 홈인테리어/리빙 > 키친","navigation_only","","","","not_applicable","not_applicable","not_applicable","not_applicable","not_applicable","","","navigation_only","false","preserved existing rejected decision"
"musinsa","KIDS","106018003001","키즈 > 홈인테리어/리빙 > 키친 > 기타 키친용품","rejected","","","","not_applicable","not_applicable","not_applicable","not_applicable","not_applicable","","","rejected","false","preserved existing rejected decision"
"musinsa","KIDS","106018003002","키즈 > 홈인테리어/리빙 > 키친 > 유아식기","rejected","","","","not_applicable","not_applicable","not_applicable","not_applicable","not_applicable","","","rejected","false","preserved existing rejected decision"
"musinsa","KIDS","106018003003","키즈 > 홈인테리어/리빙 > 키친 > 수저/포크","rejected","","","","not_applicable","not_applicable","not_applicable","not_applicable","not_applicable","","","rejected","false","preserved existing rejected decision"
"musinsa","KIDS","106018004","키즈 > 홈인테리어/리빙 > 소품","navigation_only","","","","not_applicable","not_applicable","not_applicable","not_applicable","not_applicable","","","navigation_only","false","preserved existing rejected decision"
"musinsa","KIDS","106018004001","키즈 > 홈인테리어/리빙 > 소품 > 장식 소품","rejected","","","","not_applicable","not_applicable","not_applicable","not_applicable","not_applicable","","","rejected","false","preserved existing rejected decision"
"musinsa","KIDS","106018004002","키즈 > 홈인테리어/리빙 > 소품 > 시즌 소품","rejected","","","","not_applicable","not_applicable","not_applicable","not_applicable","not_applicable","","","rejected","false","preserved existing rejected decision"
"musinsa","KIDS","106018004003","키즈 > 홈인테리어/리빙 > 소품 > 파티/답례품","rejected","","","","not_applicable","not_applicable","not_applicable","not_applicable","not_applicable","","","rejected","false","preserved existing rejected decision"
"musinsa","KIDS","106018004004","키즈 > 홈인테리어/리빙 > 소품 > 기타 소품","rejected","","","","not_applicable","not_applicable","not_applicable","not_applicable","not_applicable","","","rejected","false","preserved existing rejected decision"
"musinsa","KIDS","106018005","키즈 > 홈인테리어/리빙 > 스킨/바디용품","navigation_only","","","","not_applicable","not_applicable","not_applicable","not_applicable","not_applicable","","","navigation_only","false","preserved existing rejected decision"
"musinsa","KIDS","106018005001","키즈 > 홈인테리어/리빙 > 스킨/바디용품 > 어린이 화장품","rejected","","","","not_applicable","not_applicable","not_applicable","not_applicable","not_applicable","","","rejected","false","preserved existing rejected decision"
"musinsa","KIDS","106018005002","키즈 > 홈인테리어/리빙 > 스킨/바디용품 > 아기욕조","rejected","","","","not_applicable","not_applicable","not_applicable","not_applicable","not_applicable","","","rejected","false","preserved existing rejected decision"
"musinsa","KIDS","106018005003","키즈 > 홈인테리어/리빙 > 스킨/바디용품 > 기타스킨/바디용품","rejected","","","","not_applicable","not_applicable","not_applicable","not_applicable","not_applicable","","","rejected","false","preserved existing rejected decision"
"musinsa","KIDS","106018006","키즈 > 홈인테리어/리빙 > 안전용품","rejected","","","","not_applicable","not_applicable","not_applicable","not_applicable","not_applicable","","","rejected","false","preserved existing rejected decision"
"musinsa","KIDS","106018007","키즈 > 홈인테리어/리빙 > 기타 용품","rejected","","","","not_applicable","not_applicable","not_applicable","not_applicable","not_applicable","","","rejected","false","preserved existing rejected decision"
"musinsa","KIDS","106018008","키즈 > 홈인테리어/리빙 > 이유/수유/건강용품","rejected","","","","not_applicable","not_applicable","not_applicable","not_applicable","not_applicable","","","rejected","false","preserved existing rejected decision"
"musinsa","KIDS","106018009","키즈 > 홈인테리어/리빙 > 세탁용품","rejected","","","","not_applicable","not_applicable","not_applicable","not_applicable","not_applicable","","","rejected","false","preserved existing rejected decision"
"musinsa","UNKNOWN","107","아울렛","navigation_only","","","","unknown","unknown","not_applicable","not_applicable","unknown","","","navigation_only","false","navigation grouping/non-leaf"
"musinsa","UNKNOWN","107001","아울렛 > 의류","navigation_only","","","","unknown","unknown","not_applicable","not_applicable","unknown","","","navigation_only","false","navigation grouping/non-leaf"
"musinsa","UNKNOWN","107001001","아울렛 > 의류 > 상의","navigation_only","","","","unknown","unknown","not_applicable","not_applicable","unknown","","","navigation_only","false","navigation grouping/non-leaf"
"musinsa","UNKNOWN","107001001001","아울렛 > 의류 > 상의 > 맨투맨/스웨트","confirmed","tops","sweatshirt","sweatshirt","unknown","unknown","not_applicable","not_applicable","unknown","tops","","direct","true","garment path mixes type or length semantics"
"musinsa","UNKNOWN","107001001002","아울렛 > 의류 > 상의 > 셔츠/블라우스","confirmed","tops","shirt_blouse","shirt_blouse","unknown","unknown","not_applicable","not_applicable","unknown","tops","","direct","true","garment path mixes type or length semantics"
"musinsa","UNKNOWN","107001001003","아울렛 > 의류 > 상의 > 후드 티셔츠","confirmed","tops","hoodie","hoodie","unknown","unknown","not_applicable","not_applicable","unknown","tops","","direct","true","leaf path has stable garment term"
"musinsa","UNKNOWN","107001001004","아울렛 > 의류 > 상의 > 니트/스웨터","review_required","","","","unknown","unknown","not_applicable","not_applicable","unknown","","","review_required","false","garment path mixes type or length semantics"
"musinsa","UNKNOWN","107001001005","아울렛 > 의류 > 상의 > 피케/카라 티셔츠","review_required","","","","unknown","unknown","not_applicable","not_applicable","unknown","","","review_required","false","garment path mixes type or length semantics"
"musinsa","UNKNOWN","107001001006","아울렛 > 의류 > 상의 > 긴소매 티셔츠","confirmed","tops","shirt_blouse","shirt_blouse","long_sleeve","unknown","not_applicable","not_applicable","unknown","tops","","direct","true","leaf path has stable garment term"
"musinsa","UNKNOWN","107001001007","아울렛 > 의류 > 상의 > 반소매 티셔츠","review_required","","","","short_sleeve","unknown","not_applicable","not_applicable","unknown","","","review_required","false","leaf path has stable garment term"
"musinsa","UNKNOWN","107001001008","아울렛 > 의류 > 상의 > 민소매 티셔츠","confirmed","tops","shirt_blouse","shirt_blouse","sleeveless","unknown","not_applicable","not_applicable","unknown","tops","","direct","true","leaf path has stable garment term"
"musinsa","UNKNOWN","107001001009","아울렛 > 의류 > 상의 > 스포츠 상의","review_required","","","","unknown","unknown","not_applicable","not_applicable","unknown","","","review_required","false","leaf meaning requires product evidence"
"musinsa","UNKNOWN","107001001010","아울렛 > 의류 > 상의 > 기타 상의","review_required","","","","unknown","unknown","not_applicable","not_applicable","unknown","","","review_required","false","leaf meaning requires product evidence"
"musinsa","UNKNOWN","107001002","아울렛 > 의류 > 아우터","navigation_only","","","","unknown","unknown","not_applicable","not_applicable","unknown","","","navigation_only","false","navigation grouping/non-leaf"
"musinsa","UNKNOWN","107001002001","아울렛 > 의류 > 아우터 > 블루종/MA-1","confirmed","outerwear","blouson","blouson","unknown","unknown","not_applicable","not_applicable","unknown","outerwear","","direct","true","garment path mixes type or length semantics"
"musinsa","UNKNOWN","107001002002","아울렛 > 의류 > 아우터 > 레더/라이더스 재킷","review_required","","","","unknown","unknown","not_applicable","not_applicable","unknown","","","review_required","false","garment path mixes type or length semantics"
"musinsa","UNKNOWN","107001002003","아울렛 > 의류 > 아우터 > 슈트/블레이저 재킷","review_required","","","","unknown","unknown","not_applicable","not_applicable","unknown","","","review_required","false","garment path mixes type or length semantics"
"musinsa","UNKNOWN","107001002004","아울렛 > 의류 > 아우터 > 스타디움 재킷","review_required","","","","unknown","unknown","not_applicable","not_applicable","unknown","","","review_required","false","leaf path has stable garment term"
"musinsa","UNKNOWN","107001002005","아울렛 > 의류 > 아우터 > 나일론/코치 재킷","review_required","","","","unknown","unknown","not_applicable","not_applicable","unknown","","","review_required","false","garment path mixes type or length semantics"
"musinsa","UNKNOWN","107001002006","아울렛 > 의류 > 아우터 > 겨울 싱글 코트","review_required","","","","unknown","unknown","not_applicable","not_applicable","unknown","","","review_required","false","leaf path has stable garment term"
"musinsa","UNKNOWN","107001002007","아울렛 > 의류 > 아우터 > 환절기 코트","confirmed","outerwear","coat","coat","unknown","unknown","not_applicable","not_applicable","unknown","outerwear","","direct","true","leaf path has stable garment term"
"musinsa","UNKNOWN","107001002008","아울렛 > 의류 > 아우터 > 겨울 기타 코트","review_required","","","","unknown","unknown","not_applicable","not_applicable","unknown","","","review_required","false","garment path mixes type or length semantics"
"musinsa","UNKNOWN","107001002009","아울렛 > 의류 > 아우터 > 숏패딩/헤비 아우터","review_required","","","","unknown","unknown","not_applicable","not_applicable","unknown","","","review_required","false","garment path mixes type or length semantics"
"musinsa","UNKNOWN","107001002010","아울렛 > 의류 > 아우터 > 롱패딩/헤비 아우터","review_required","","","","unknown","unknown","not_applicable","not_applicable","unknown","","","review_required","false","garment path mixes type or length semantics"
"musinsa","UNKNOWN","107001002011","아울렛 > 의류 > 아우터 > 사파리/헌팅 재킷","review_required","","","","unknown","unknown","not_applicable","not_applicable","unknown","","","review_required","false","garment path mixes type or length semantics"
"musinsa","UNKNOWN","107001002012","아울렛 > 의류 > 아우터 > 기타 아우터","review_required","","","","unknown","unknown","not_applicable","not_applicable","unknown","","","review_required","false","leaf meaning requires product evidence"
"musinsa","UNKNOWN","107001002013","아울렛 > 의류 > 아우터 > 패딩 베스트","review_required","","","","unknown","unknown","not_applicable","not_applicable","unknown","","","review_required","false","leaf path has stable garment term"
"musinsa","UNKNOWN","107001002014","아울렛 > 의류 > 아우터 > 트러커 재킷","review_required","","","","unknown","unknown","not_applicable","not_applicable","unknown","","","review_required","false","leaf path has stable garment term"
"musinsa","UNKNOWN","107001002015","아울렛 > 의류 > 아우터 > 트레이닝 재킷","review_required","","","","unknown","unknown","not_applicable","not_applicable","unknown","","","review_required","false","leaf path has stable garment term"
"musinsa","UNKNOWN","107001002016","아울렛 > 의류 > 아우터 > 아노락 재킷","review_required","","","","unknown","unknown","not_applicable","not_applicable","unknown","","","review_required","false","leaf path has stable garment term"
"musinsa","UNKNOWN","107001002017","아울렛 > 의류 > 아우터 > 카디건","review_required","","","","unknown","unknown","not_applicable","not_applicable","unknown","","","review_required","false","leaf path has stable garment term"
"musinsa","UNKNOWN","107001002018","아울렛 > 의류 > 아우터 > 베스트","review_required","","","","unknown","unknown","not_applicable","not_applicable","unknown","","","review_required","false","leaf meaning requires product evidence"
"musinsa","UNKNOWN","107001002019","아울렛 > 의류 > 아우터 > 후드 집업","confirmed","tops","zip_hoodie","zip_hoodie","unknown","unknown","not_applicable","not_applicable","unknown","tops","","direct","true","leaf path has stable garment term"
"musinsa","UNKNOWN","107001002020","아울렛 > 의류 > 아우터 > 플리스/뽀글이","review_required","","","","unknown","unknown","not_applicable","not_applicable","unknown","","","review_required","false","garment path mixes type or length semantics"
"musinsa","UNKNOWN","107001002021","아울렛 > 의류 > 아우터 > 겨울 더블 코트","review_required","","","","unknown","unknown","not_applicable","not_applicable","unknown","","","review_required","false","leaf path has stable garment term"
"musinsa","UNKNOWN","107001002022","아울렛 > 의류 > 아우터 > 무스탕/퍼","review_required","","","","unknown","unknown","not_applicable","not_applicable","unknown","","","review_required","false","garment path mixes type or length semantics"
"musinsa","UNKNOWN","107001003","아울렛 > 의류 > 바지","navigation_only","","","","unknown","unknown","not_applicable","not_applicable","unknown","","","navigation_only","false","navigation grouping/non-leaf"
"musinsa","UNKNOWN","107001003001","아울렛 > 의류 > 바지 > 데님 팬츠","confirmed","bottoms","denim_pants","denim_pants","unknown","unknown","not_applicable","not_applicable","unknown","bottoms","","direct","true","bounded official product sample is semantically consistent"
"musinsa","UNKNOWN","107001003002","아울렛 > 의류 > 바지 > 트레이닝/조거 팬츠","review_required","","","","unknown","unknown","not_applicable","not_applicable","unknown","","","review_required","false","garment path mixes type or length semantics"
"musinsa","UNKNOWN","107001003003","아울렛 > 의류 > 바지 > 레깅스","confirmed","leggings","leggings","leggings","unknown","unknown","unknown","not_applicable","unknown","leggings","","direct","true","leaf path has stable garment term"
"musinsa","UNKNOWN","107001003004","아울렛 > 의류 > 바지 > 기타 바지","review_required","","","","unknown","unknown","not_applicable","not_applicable","unknown","","","review_required","false","garment path mixes type or length semantics"
"musinsa","UNKNOWN","107001003005","아울렛 > 의류 > 바지 > 코튼 팬츠","review_required","","","","unknown","unknown","not_applicable","not_applicable","unknown","","","review_required","false","bounded sample is mixed, unknown, or insufficient"
"musinsa","UNKNOWN","107001003006","아울렛 > 의류 > 바지 > 슈트 팬츠/슬랙스","confirmed","bottoms","slacks_trousers","slacks_trousers","unknown","unknown","not_applicable","not_applicable","unknown","bottoms","","direct","true","garment path mixes type or length semantics"
"musinsa","UNKNOWN","107001003007","아울렛 > 의류 > 바지 > 숏 팬츠","confirmed","bottoms","casual_pants","casual_pants","unknown","short_length","not_applicable","not_applicable","unknown","bottoms","","direct","true","bounded official product sample is semantically consistent"
"musinsa","UNKNOWN","107001003008","아울렛 > 의류 > 바지 > 점프슈트/오버올","review_required","","","","unknown","unknown","not_applicable","not_applicable","unknown","","","review_required","false","bounded sample is mixed, unknown, or insufficient"
"musinsa","UNKNOWN","107001003009","아울렛 > 의류 > 바지 > 스포츠 하의","review_required","","","","unknown","unknown","not_applicable","not_applicable","unknown","","","review_required","false","bounded sample is mixed, unknown, or insufficient"
"musinsa","UNKNOWN","107001004","아울렛 > 의류 > 원피스","navigation_only","","","","unknown","unknown","not_applicable","not_applicable","unknown","","","navigation_only","false","navigation grouping/non-leaf"
"musinsa","UNKNOWN","107001004001","아울렛 > 의류 > 원피스 > 미니원피스","confirmed","dresses","dress","dress","unknown","unknown","not_applicable","not_applicable","unknown","dresses","","direct","true","bounded official product sample is semantically consistent"
"musinsa","UNKNOWN","107001004002","아울렛 > 의류 > 원피스 > 미디원피스","confirmed","dresses","dress","dress","unknown","unknown","not_applicable","not_applicable","unknown","dresses","","direct","true","bounded official product sample is semantically consistent"
"musinsa","UNKNOWN","107001004003","아울렛 > 의류 > 원피스 > 맥시원피스","confirmed","dresses","dress","dress","unknown","unknown","not_applicable","not_applicable","unknown","dresses","","direct","true","bounded official product sample is semantically consistent"
"musinsa","UNKNOWN","107001005","아울렛 > 의류 > 스커트","navigation_only","","","","unknown","unknown","not_applicable","unknown","unknown","","","navigation_only","false","navigation grouping/non-leaf"
"musinsa","UNKNOWN","107001005001","아울렛 > 의류 > 스커트 > 미니스커트","confirmed","skirts","skirt","skirt","unknown","unknown","not_applicable","mini","unknown","skirts","","direct","true","bounded official product sample is semantically consistent"
"musinsa","UNKNOWN","107001005002","아울렛 > 의류 > 스커트 > 미디스커트","confirmed","skirts","skirt","skirt","unknown","unknown","not_applicable","midi","unknown","skirts","","direct","true","bounded official product sample is semantically consistent"
"musinsa","UNKNOWN","107001005003","아울렛 > 의류 > 스커트 > 롱스커트","confirmed","skirts","skirt","skirt","unknown","unknown","not_applicable","maxi","unknown","skirts","","direct","true","bounded official product sample is semantically consistent"
"musinsa","UNKNOWN","107001006","아울렛 > 의류 > 속옷/홈웨어","navigation_only","","","","unknown","unknown","not_applicable","not_applicable","unknown","","","navigation_only","false","navigation grouping/non-leaf"
"musinsa","UNKNOWN","107001006001","아울렛 > 의류 > 속옷/홈웨어 > 여성 속옷 상의","confirmed","underwear","bra","underwear_top","unknown","unknown","not_applicable","not_applicable","unknown","underwear","","transform_required","true","bounded official product sample is semantically consistent"
"musinsa","UNKNOWN","107001006002","아울렛 > 의류 > 속옷/홈웨어 > 여성 속옷 하의","confirmed","underwear","briefs","underwear_bottom","unknown","unknown","not_applicable","not_applicable","unknown","underwear","","transform_required","true","bounded official product sample is semantically consistent"
"musinsa","UNKNOWN","107001006003","아울렛 > 의류 > 속옷/홈웨어 > 여성 속옷 세트","unsupported","","","","unknown","unknown","not_applicable","not_applicable","unknown","","","unsupported_by_current_app","false","garment requires FitMatch support review"
"musinsa","UNKNOWN","107001006004","아울렛 > 의류 > 속옷/홈웨어 > 남성 속옷","confirmed","underwear","briefs","underwear_bottom","unknown","unknown","not_applicable","not_applicable","unknown","underwear","","transform_required","true","bounded official product sample is semantically consistent"
"musinsa","UNKNOWN","107001006005","아울렛 > 의류 > 속옷/홈웨어 > 홈웨어","review_required","","","","unknown","unknown","not_applicable","not_applicable","unknown","","","review_required","false","bounded sample is mixed, unknown, or insufficient"
"musinsa","UNKNOWN","107002","아울렛 > 신발","navigation_only","","","","unknown","unknown","not_applicable","not_applicable","unknown","","","navigation_only","false","navigation grouping/non-leaf"
"musinsa","UNKNOWN","107002001","아울렛 > 신발 > 구두","navigation_only","","","","unknown","unknown","not_applicable","not_applicable","unknown","","","navigation_only","false","navigation grouping/non-leaf"
"musinsa","UNKNOWN","107002001001","아울렛 > 신발 > 구두 > 더비 슈즈","rejected","","","","unknown","unknown","not_applicable","not_applicable","unknown","","","rejected","false","path denotes non-garment merchandise"
"musinsa","UNKNOWN","107002001002","아울렛 > 신발 > 구두 > 몽크 스트랩","rejected","","","","unknown","unknown","not_applicable","not_applicable","unknown","","","rejected","false","path denotes non-garment merchandise"
"musinsa","UNKNOWN","107002001003","아울렛 > 신발 > 구두 > 스트레이트 팁","rejected","","","","unknown","unknown","not_applicable","not_applicable","unknown","","","rejected","false","path denotes non-garment merchandise"
"musinsa","UNKNOWN","107002001004","아울렛 > 신발 > 구두 > 윙 팁","rejected","","","","unknown","unknown","not_applicable","not_applicable","unknown","","","rejected","false","path denotes non-garment merchandise"
"musinsa","UNKNOWN","107002001005","아울렛 > 신발 > 구두 > 플레인 토","rejected","","","","unknown","unknown","not_applicable","not_applicable","unknown","","","rejected","false","path denotes non-garment merchandise"
"musinsa","UNKNOWN","107002001006","아울렛 > 신발 > 구두 > 기타 구두","rejected","","","","unknown","unknown","not_applicable","not_applicable","unknown","","","rejected","false","path denotes non-garment merchandise"
"musinsa","UNKNOWN","107002001007","아울렛 > 신발 > 구두 > 로퍼","rejected","","","","unknown","unknown","not_applicable","not_applicable","unknown","","","rejected","false","path denotes non-garment merchandise"
"musinsa","UNKNOWN","107002001008","아울렛 > 신발 > 구두 > 보트 슈즈","rejected","","","","unknown","unknown","not_applicable","not_applicable","unknown","","","rejected","false","path denotes non-garment merchandise"
"musinsa","UNKNOWN","107002001009","아울렛 > 신발 > 구두 > 모카신","rejected","","","","unknown","unknown","not_applicable","not_applicable","unknown","","","rejected","false","path denotes non-garment merchandise"
"musinsa","UNKNOWN","107002001010","아울렛 > 신발 > 구두 > 블로퍼","rejected","","","","unknown","unknown","not_applicable","not_applicable","unknown","","","rejected","false","path denotes non-garment merchandise"
"musinsa","UNKNOWN","107002001011","아울렛 > 신발 > 구두 > 힐/펌프스","rejected","","","","unknown","unknown","not_applicable","not_applicable","unknown","","","rejected","false","path denotes non-garment merchandise"
"musinsa","UNKNOWN","107002001012","아울렛 > 신발 > 구두 > 메리제인 슈즈","rejected","","","","unknown","unknown","not_applicable","not_applicable","unknown","","","rejected","false","path denotes non-garment merchandise"
"musinsa","UNKNOWN","107002001013","아울렛 > 신발 > 구두 > 슬링백","rejected","","","","unknown","unknown","not_applicable","not_applicable","unknown","","","rejected","false","path denotes non-garment merchandise"
"musinsa","UNKNOWN","107002001014","아울렛 > 신발 > 구두 > 웨지힐","rejected","","","","unknown","unknown","not_applicable","not_applicable","unknown","","","rejected","false","path denotes non-garment merchandise"
"musinsa","UNKNOWN","107002001015","아울렛 > 신발 > 구두 > 플랫폼","rejected","","","","unknown","unknown","not_applicable","not_applicable","unknown","","","rejected","false","path denotes non-garment merchandise"
"musinsa","UNKNOWN","107002001016","아울렛 > 신발 > 구두 > 플랫 슈즈","rejected","","","","unknown","unknown","not_applicable","not_applicable","unknown","","","rejected","false","path denotes non-garment merchandise"
"musinsa","UNKNOWN","107002002","아울렛 > 신발 > 부츠/워커","navigation_only","","","","unknown","unknown","not_applicable","not_applicable","unknown","","","navigation_only","false","navigation grouping/non-leaf"
"musinsa","UNKNOWN","107002002001","아울렛 > 신발 > 부츠/워커 > 앵클/숏 부츠","rejected","","","","unknown","ankle_length","not_applicable","not_applicable","unknown","","","rejected","false","path denotes non-garment merchandise"
"musinsa","UNKNOWN","107002002002","아울렛 > 신발 > 부츠/워커 > 미들/하프 부츠","rejected","","","","unknown","unknown","not_applicable","not_applicable","unknown","","","rejected","false","path denotes non-garment merchandise"
"musinsa","UNKNOWN","107002002003","아울렛 > 신발 > 부츠/워커 > 롱 부츠","rejected","","","","unknown","unknown","not_applicable","not_applicable","unknown","","","rejected","false","path denotes non-garment merchandise"
"musinsa","UNKNOWN","107002002005","아울렛 > 신발 > 부츠/워커 > 레인 부츠","rejected","","","","unknown","unknown","not_applicable","not_applicable","unknown","","","rejected","false","path denotes non-garment merchandise"
"musinsa","UNKNOWN","107002002006","아울렛 > 신발 > 부츠/워커 > 기타 부츠","rejected","","","","unknown","unknown","not_applicable","not_applicable","unknown","","","rejected","false","path denotes non-garment merchandise"
"musinsa","UNKNOWN","107002002007","아울렛 > 신발 > 부츠/워커 > 워커","rejected","","","","unknown","unknown","not_applicable","not_applicable","unknown","","","rejected","false","path denotes non-garment merchandise"
"musinsa","UNKNOWN","107002003","아울렛 > 신발 > 샌들/슬리퍼","navigation_only","","","","unknown","unknown","not_applicable","not_applicable","unknown","","","navigation_only","false","navigation grouping/non-leaf"
"musinsa","UNKNOWN","107002003001","아울렛 > 신발 > 샌들/슬리퍼 > 클로그","rejected","","","","unknown","unknown","not_applicable","not_applicable","unknown","","","rejected","false","path denotes non-garment merchandise"
"musinsa","UNKNOWN","107002003002","아울렛 > 신발 > 샌들/슬리퍼 > 스포츠/캐주얼 샌들","rejected","","","","unknown","unknown","not_applicable","not_applicable","unknown","","","rejected","false","path denotes non-garment merchandise"
"musinsa","UNKNOWN","107002003003","아울렛 > 신발 > 샌들/슬리퍼 > 슬링백 샌들","rejected","","","","unknown","unknown","not_applicable","not_applicable","unknown","","","rejected","false","path denotes non-garment merchandise"
"musinsa","UNKNOWN","107002003004","아울렛 > 신발 > 샌들/슬리퍼 > 스트랩 샌들","rejected","","","","unknown","unknown","not_applicable","not_applicable","unknown","","","rejected","false","path denotes non-garment merchandise"
"musinsa","UNKNOWN","107002003005","아울렛 > 신발 > 샌들/슬리퍼 > 기타 샌들","rejected","","","","unknown","unknown","not_applicable","not_applicable","unknown","","","rejected","false","path denotes non-garment merchandise"
"musinsa","UNKNOWN","107002003006","아울렛 > 신발 > 샌들/슬리퍼 > 스트랩 슬리퍼","rejected","","","","unknown","unknown","not_applicable","not_applicable","unknown","","","rejected","false","path denotes non-garment merchandise"
"musinsa","UNKNOWN","107002003007","아울렛 > 신발 > 샌들/슬리퍼 > 슬라이드","rejected","","","","unknown","unknown","not_applicable","not_applicable","unknown","","","rejected","false","path denotes non-garment merchandise"
"musinsa","UNKNOWN","107002003008","아울렛 > 신발 > 샌들/슬리퍼 > 실내화","rejected","","","","unknown","unknown","not_applicable","not_applicable","unknown","","","rejected","false","path denotes non-garment merchandise"
"musinsa","UNKNOWN","107002003009","아울렛 > 신발 > 샌들/슬리퍼 > 기타 슬리퍼","rejected","","","","unknown","unknown","not_applicable","not_applicable","unknown","","","rejected","false","path denotes non-garment merchandise"
"musinsa","UNKNOWN","107002003010","아울렛 > 신발 > 샌들/슬리퍼 > 쪼리/플립플랍","rejected","","","","unknown","unknown","not_applicable","not_applicable","unknown","","","rejected","false","path denotes non-garment merchandise"
"musinsa","UNKNOWN","107002003011","아울렛 > 신발 > 샌들/슬리퍼 > 아웃도어 샌들","rejected","","","","unknown","unknown","not_applicable","not_applicable","unknown","","","rejected","false","path denotes non-garment merchandise"
"musinsa","UNKNOWN","107002004","아울렛 > 신발 > 스니커즈","navigation_only","","","","unknown","unknown","not_applicable","not_applicable","unknown","","","navigation_only","false","navigation grouping/non-leaf"
"musinsa","UNKNOWN","107002004001","아울렛 > 신발 > 스니커즈 > 캔버스/단화","rejected","","","","unknown","unknown","not_applicable","not_applicable","unknown","","","rejected","false","path denotes non-garment merchandise"
"musinsa","UNKNOWN","107002004002","아울렛 > 신발 > 스니커즈 > 스니커즈 뮬","rejected","","","","unknown","unknown","not_applicable","not_applicable","unknown","","","rejected","false","path denotes non-garment merchandise"
"musinsa","UNKNOWN","107002004003","아울렛 > 신발 > 스니커즈 > 슬립온","rejected","","","","unknown","unknown","not_applicable","not_applicable","unknown","","","rejected","false","path denotes non-garment merchandise"
"musinsa","UNKNOWN","107002004004","아울렛 > 신발 > 스니커즈 > 패션스니커즈화","rejected","","","","unknown","unknown","not_applicable","not_applicable","unknown","","","rejected","false","path denotes non-garment merchandise"
"musinsa","UNKNOWN","107002004005","아울렛 > 신발 > 스니커즈 > 기타 스니커즈","rejected","","","","unknown","unknown","not_applicable","not_applicable","unknown","","","rejected","false","path denotes non-garment merchandise"
"musinsa","UNKNOWN","107002004006","아울렛 > 신발 > 스니커즈 > 스케이트 보드화","rejected","","","","unknown","unknown","not_applicable","not_applicable","unknown","","","rejected","false","path denotes non-garment merchandise"
"musinsa","UNKNOWN","107002005","아울렛 > 신발 > 스포츠화","navigation_only","","","","unknown","unknown","not_applicable","not_applicable","unknown","","","navigation_only","false","navigation grouping/non-leaf"
"musinsa","UNKNOWN","107002005001","아울렛 > 신발 > 스포츠화 > 테니스화","rejected","","","","unknown","unknown","not_applicable","not_applicable","unknown","","","rejected","false","path denotes non-garment merchandise"
"musinsa","UNKNOWN","107002005003","아울렛 > 신발 > 스포츠화 > 등산화","rejected","","","","unknown","unknown","not_applicable","not_applicable","unknown","","","rejected","false","path denotes non-garment merchandise"
"musinsa","UNKNOWN","107002005004","아울렛 > 신발 > 스포츠화 > 트레킹화","rejected","","","","unknown","unknown","not_applicable","not_applicable","unknown","","","rejected","false","path denotes non-garment merchandise"
"musinsa","UNKNOWN","107002005005","아울렛 > 신발 > 스포츠화 > 축구화","rejected","","","","unknown","unknown","not_applicable","not_applicable","unknown","","","rejected","false","path denotes non-garment merchandise"
"musinsa","UNKNOWN","107002005006","아울렛 > 신발 > 스포츠화 > 기타 운동화","rejected","","","","unknown","unknown","not_applicable","not_applicable","unknown","","","rejected","false","path denotes non-garment merchandise"
"musinsa","UNKNOWN","107002005007","아울렛 > 신발 > 스포츠화 > 농구화","rejected","","","","unknown","unknown","not_applicable","not_applicable","unknown","","","rejected","false","path denotes non-garment merchandise"
"musinsa","UNKNOWN","107002005008","아울렛 > 신발 > 스포츠화 > 러닝화","rejected","","","","unknown","unknown","not_applicable","not_applicable","unknown","","","rejected","false","path denotes non-garment merchandise"
"musinsa","UNKNOWN","107002005009","아울렛 > 신발 > 스포츠화 > 인도어화","rejected","","","","unknown","unknown","not_applicable","not_applicable","unknown","","","rejected","false","path denotes non-garment merchandise"
"musinsa","UNKNOWN","107002005010","아울렛 > 신발 > 스포츠화 > 자전거화","rejected","","","","unknown","unknown","not_applicable","not_applicable","unknown","","","rejected","false","path denotes non-garment merchandise"
"musinsa","UNKNOWN","107002005011","아울렛 > 신발 > 스포츠화 > 피트니스화","rejected","","","","unknown","unknown","not_applicable","not_applicable","unknown","","","rejected","false","path denotes non-garment merchandise"
"musinsa","UNKNOWN","107002005012","아울렛 > 신발 > 스포츠화 > 다이빙 부츠","rejected","","","","unknown","unknown","not_applicable","not_applicable","unknown","","","rejected","false","path denotes non-garment merchandise"
"musinsa","UNKNOWN","107002005013","아울렛 > 신발 > 스포츠화 > 골프화","rejected","","","","unknown","unknown","not_applicable","not_applicable","unknown","","","rejected","false","path denotes non-garment merchandise"
"musinsa","UNKNOWN","107002005014","아울렛 > 신발 > 스포츠화 > 워터스포츠화","rejected","","","","unknown","unknown","not_applicable","not_applicable","unknown","","","rejected","false","path denotes non-garment merchandise"
"musinsa","UNKNOWN","107002005016","아울렛 > 신발 > 스포츠화 > 부츠/전술화","rejected","","","","unknown","unknown","not_applicable","not_applicable","unknown","","","rejected","false","path denotes non-garment merchandise"
"musinsa","UNKNOWN","107002005025","아울렛 > 신발 > 스포츠화 > 탁구화","rejected","","","","unknown","unknown","not_applicable","not_applicable","unknown","","","rejected","false","path denotes non-garment merchandise"
"musinsa","UNKNOWN","107002006","아울렛 > 신발 > 신발용품","navigation_only","","","","unknown","unknown","not_applicable","not_applicable","unknown","","","navigation_only","false","navigation grouping/non-leaf"
"musinsa","UNKNOWN","107002006001","아울렛 > 신발 > 신발용품 > 구두약/염색제","rejected","","","","unknown","unknown","not_applicable","not_applicable","unknown","","","rejected","false","path denotes non-garment merchandise"
"musinsa","UNKNOWN","107002006002","아울렛 > 신발 > 신발용품 > 구두솔/브러시","rejected","","","","unknown","unknown","not_applicable","not_applicable","unknown","","","rejected","false","path denotes non-garment merchandise"
"musinsa","UNKNOWN","107002006004","아울렛 > 신발 > 신발용품 > 스프레이/탈취제","rejected","","","","unknown","unknown","not_applicable","not_applicable","unknown","","","rejected","false","path denotes non-garment merchandise"
"musinsa","UNKNOWN","107002006007","아울렛 > 신발 > 신발용품 > 슈트리/부츠키퍼","rejected","","","","unknown","unknown","not_applicable","not_applicable","unknown","","","rejected","false","path denotes non-garment merchandise"
"musinsa","UNKNOWN","107002006009","아울렛 > 신발 > 신발용품 > 깔창","rejected","","","","unknown","unknown","not_applicable","not_applicable","unknown","","","rejected","false","path denotes non-garment merchandise"
"musinsa","UNKNOWN","107002006010","아울렛 > 신발 > 신발용품 > 신발끈","rejected","","","","unknown","unknown","not_applicable","not_applicable","unknown","","","rejected","false","path denotes non-garment merchandise"
"musinsa","UNKNOWN","107002006011","아울렛 > 신발 > 신발용품 > 기타 신발용품","rejected","","","","unknown","unknown","not_applicable","not_applicable","unknown","","","rejected","false","path denotes non-garment merchandise"
"musinsa","UNKNOWN","107003","아울렛 > 패션소품","navigation_only","","","","unknown","unknown","not_applicable","not_applicable","unknown","","","navigation_only","false","navigation grouping/non-leaf"
"musinsa","UNKNOWN","107003001","아울렛 > 패션소품 > 가방","navigation_only","","","","unknown","unknown","not_applicable","not_applicable","unknown","","","navigation_only","false","navigation grouping/non-leaf"
"musinsa","UNKNOWN","107003001001","아울렛 > 패션소품 > 가방 > 백팩","rejected","","","","unknown","unknown","not_applicable","not_applicable","unknown","","","rejected","false","path denotes non-garment merchandise"
"musinsa","UNKNOWN","107003001002","아울렛 > 패션소품 > 가방 > 메신저/크로스백","rejected","","","","unknown","unknown","not_applicable","not_applicable","unknown","","","rejected","false","path denotes non-garment merchandise"
"musinsa","UNKNOWN","107003001003","아울렛 > 패션소품 > 가방 > 숄더백","rejected","","","","unknown","unknown","not_applicable","not_applicable","unknown","","","rejected","false","path denotes non-garment merchandise"
"musinsa","UNKNOWN","107003001004","아울렛 > 패션소품 > 가방 > 클러치백","rejected","","","","unknown","unknown","not_applicable","not_applicable","unknown","","","rejected","false","path denotes non-garment merchandise"
"musinsa","UNKNOWN","107003001005","아울렛 > 패션소품 > 가방 > 보스턴/더플백","rejected","","","","unknown","unknown","not_applicable","not_applicable","unknown","","","rejected","false","path denotes non-garment merchandise"
"musinsa","UNKNOWN","107003001006","아울렛 > 패션소품 > 가방 > 웨이스트백","rejected","","","","unknown","unknown","not_applicable","not_applicable","unknown","","","rejected","false","path denotes non-garment merchandise"
"musinsa","UNKNOWN","107003001007","아울렛 > 패션소품 > 가방 > 브리프케이스","confirmed","underwear","briefs","underwear_bottom","unknown","unknown","not_applicable","not_applicable","unknown","underwear","","transform_required","true","bounded official product sample is semantically consistent"
"musinsa","UNKNOWN","107003001009","아울렛 > 패션소품 > 가방 > 가방 소품","rejected","","","","unknown","unknown","not_applicable","not_applicable","unknown","","","rejected","false","path denotes non-garment merchandise"
"musinsa","UNKNOWN","107003001010","아울렛 > 패션소품 > 가방 > 파우치백","rejected","","","","unknown","unknown","not_applicable","not_applicable","unknown","","","rejected","false","path denotes non-garment merchandise"
"musinsa","UNKNOWN","107003001011","아울렛 > 패션소품 > 가방 > 에코백","rejected","","","","unknown","unknown","not_applicable","not_applicable","unknown","","","rejected","false","path denotes non-garment merchandise"
"musinsa","UNKNOWN","107003001012","아울렛 > 패션소품 > 가방 > 토트백","rejected","","","","unknown","unknown","not_applicable","not_applicable","unknown","","","rejected","false","path denotes non-garment merchandise"
"musinsa","UNKNOWN","107003001013","아울렛 > 패션소품 > 가방 > 지갑/머니클립","rejected","","","","unknown","unknown","not_applicable","not_applicable","unknown","","","rejected","false","path denotes non-garment merchandise"
"musinsa","UNKNOWN","107003002","아울렛 > 패션소품 > 모자","navigation_only","","","","unknown","unknown","not_applicable","not_applicable","unknown","","","navigation_only","false","navigation grouping/non-leaf"
"musinsa","UNKNOWN","107003002001","아울렛 > 패션소품 > 모자 > 캡/야구모자","rejected","","","","unknown","unknown","not_applicable","not_applicable","unknown","","","rejected","false","path denotes non-garment merchandise"
"musinsa","UNKNOWN","107003002002","아울렛 > 패션소품 > 모자 > 헌팅캡/베레모","rejected","","","","unknown","unknown","not_applicable","not_applicable","unknown","","","rejected","false","path denotes non-garment merchandise"
"musinsa","UNKNOWN","107003002003","아울렛 > 패션소품 > 모자 > 페도라","rejected","","","","unknown","unknown","not_applicable","not_applicable","unknown","","","rejected","false","path denotes non-garment merchandise"
"musinsa","UNKNOWN","107003002004","아울렛 > 패션소품 > 모자 > 버킷/사파리햇","rejected","","","","unknown","unknown","not_applicable","not_applicable","unknown","","","rejected","false","path denotes non-garment merchandise"
"musinsa","UNKNOWN","107003002005","아울렛 > 패션소품 > 모자 > 비니","rejected","","","","unknown","unknown","not_applicable","not_applicable","unknown","","","rejected","false","path denotes non-garment merchandise"
"musinsa","UNKNOWN","107003002006","아울렛 > 패션소품 > 모자 > 트루퍼","rejected","","","","unknown","unknown","not_applicable","not_applicable","unknown","","","rejected","false","path denotes non-garment merchandise"
"musinsa","UNKNOWN","107003002007","아울렛 > 패션소품 > 모자 > 기타 모자","rejected","","","","unknown","unknown","not_applicable","not_applicable","unknown","","","rejected","false","path denotes non-garment merchandise"
"musinsa","UNKNOWN","107003005","아울렛 > 패션소품 > 액세서리","navigation_only","","","","unknown","unknown","not_applicable","not_applicable","unknown","","","navigation_only","false","navigation grouping/non-leaf"
"musinsa","UNKNOWN","107003005001","아울렛 > 패션소품 > 액세서리 > 기타 액세서리","rejected","","","","unknown","unknown","not_applicable","not_applicable","unknown","","","rejected","false","path denotes non-garment merchandise"
"musinsa","UNKNOWN","107003005002","아울렛 > 패션소품 > 액세서리 > 벨트","rejected","","","","unknown","unknown","not_applicable","not_applicable","unknown","","","rejected","false","path denotes non-garment merchandise"
"musinsa","UNKNOWN","107003005003","아울렛 > 패션소품 > 액세서리 > 넥타이","rejected","","","","unknown","unknown","not_applicable","not_applicable","unknown","","","rejected","false","path denotes non-garment merchandise"
"musinsa","UNKNOWN","107003005004","아울렛 > 패션소품 > 액세서리 > 머플러","rejected","","","","unknown","unknown","not_applicable","not_applicable","unknown","","","rejected","false","path denotes non-garment merchandise"
"musinsa","UNKNOWN","107003005005","아울렛 > 패션소품 > 액세서리 > 장갑","rejected","","","","unknown","unknown","not_applicable","not_applicable","unknown","","","rejected","false","path denotes non-garment merchandise"
"musinsa","UNKNOWN","107003005006","아울렛 > 패션소품 > 액세서리 > 키링/키케이스","rejected","","","","unknown","unknown","not_applicable","not_applicable","unknown","","","rejected","false","path denotes non-garment merchandise"
"musinsa","UNKNOWN","107003005007","아울렛 > 패션소품 > 액세서리 > 스카프/반다나","rejected","","","","unknown","unknown","not_applicable","not_applicable","unknown","","","rejected","false","path denotes non-garment merchandise"
"musinsa","UNKNOWN","107003005008","아울렛 > 패션소품 > 액세서리 > 마스크","rejected","","","","unknown","unknown","not_applicable","not_applicable","unknown","","","rejected","false","path denotes non-garment merchandise"
"musinsa","UNKNOWN","107003006","아울렛 > 패션소품 > 시계","navigation_only","","","","unknown","unknown","not_applicable","not_applicable","unknown","","","navigation_only","false","navigation grouping/non-leaf"
"musinsa","UNKNOWN","107003006001","아울렛 > 패션소품 > 시계 > 기타 시계","rejected","","","","unknown","unknown","not_applicable","not_applicable","unknown","","","rejected","false","path denotes non-garment merchandise"
"musinsa","UNKNOWN","107003006002","아울렛 > 패션소품 > 시계 > 디지털","rejected","","","","unknown","unknown","not_applicable","not_applicable","unknown","","","rejected","false","path denotes non-garment merchandise"
"musinsa","UNKNOWN","107003006003","아울렛 > 패션소품 > 시계 > 쿼츠 아날로그","rejected","","","","unknown","unknown","not_applicable","not_applicable","unknown","","","rejected","false","path denotes non-garment merchandise"
"musinsa","UNKNOWN","107003006004","아울렛 > 패션소품 > 시계 > 오토매틱 아날로그","rejected","","","","unknown","unknown","not_applicable","not_applicable","unknown","","","rejected","false","path denotes non-garment merchandise"
"musinsa","UNKNOWN","107003006005","아울렛 > 패션소품 > 시계 > 시계용품","rejected","","","","unknown","unknown","not_applicable","not_applicable","unknown","","","rejected","false","path denotes non-garment merchandise"
"musinsa","UNKNOWN","107003007","아울렛 > 패션소품 > 주얼리","navigation_only","","","","unknown","unknown","not_applicable","not_applicable","unknown","","","navigation_only","false","navigation grouping/non-leaf"
"musinsa","UNKNOWN","107003007001","아울렛 > 패션소품 > 주얼리 > 팔찌","rejected","","","","unknown","unknown","not_applicable","not_applicable","unknown","","","rejected","false","path denotes non-garment merchandise"
"musinsa","UNKNOWN","107003007002","아울렛 > 패션소품 > 주얼리 > 반지","rejected","","","","unknown","unknown","not_applicable","not_applicable","unknown","","","rejected","false","path denotes non-garment merchandise"
"musinsa","UNKNOWN","107003007003","아울렛 > 패션소품 > 주얼리 > 목걸이/펜던트","rejected","","","","unknown","unknown","not_applicable","not_applicable","unknown","","","rejected","false","path denotes non-garment merchandise"
"musinsa","UNKNOWN","107003007004","아울렛 > 패션소품 > 주얼리 > 귀걸이","rejected","","","","unknown","unknown","not_applicable","not_applicable","unknown","","","rejected","false","path denotes non-garment merchandise"
"musinsa","UNKNOWN","107003007005","아울렛 > 패션소품 > 주얼리 > 발찌","rejected","","","","unknown","unknown","not_applicable","not_applicable","unknown","","","rejected","false","path denotes non-garment merchandise"
"musinsa","UNKNOWN","107003007006","아울렛 > 패션소품 > 주얼리 > 브로치/배지","rejected","","","","unknown","unknown","not_applicable","not_applicable","unknown","","","rejected","false","path denotes non-garment merchandise"
"musinsa","UNKNOWN","107003007007","아울렛 > 패션소품 > 주얼리 > 헤어 액세서리","rejected","","","","unknown","unknown","not_applicable","not_applicable","unknown","","","rejected","false","path denotes non-garment merchandise"
"musinsa","UNKNOWN","107009","아울렛 > 키즈","navigation_only","","","","unknown","unknown","not_applicable","not_applicable","unknown","","","navigation_only","false","navigation grouping/non-leaf"
"musinsa","UNKNOWN","107009001","아울렛 > 키즈 > 상의","navigation_only","","","","unknown","unknown","not_applicable","not_applicable","unknown","","","navigation_only","false","navigation grouping/non-leaf"
"musinsa","UNKNOWN","107009001001","아울렛 > 키즈 > 상의 > 맨투맨/스웨트","review_required","","","","unknown","unknown","not_applicable","not_applicable","unknown","","","review_required","false","bounded sample is mixed, unknown, or insufficient"
"musinsa","UNKNOWN","107009001002","아울렛 > 키즈 > 상의 > 셔츠/블라우스","review_required","","","","unknown","unknown","not_applicable","not_applicable","unknown","","","review_required","false","bounded sample is mixed, unknown, or insufficient"
"musinsa","UNKNOWN","107009001003","아울렛 > 키즈 > 상의 > 후드 티셔츠","confirmed","tops","hoodie","hoodie","unknown","unknown","not_applicable","not_applicable","unknown","tops","","direct","true","bounded official product sample is semantically consistent"
"musinsa","UNKNOWN","107009001004","아울렛 > 키즈 > 상의 > 니트/스웨터","review_required","","","","unknown","unknown","not_applicable","not_applicable","unknown","","","review_required","false","bounded sample is mixed, unknown, or insufficient"
"musinsa","UNKNOWN","107009001005","아울렛 > 키즈 > 상의 > 피케/카라 티셔츠","review_required","","","","unknown","unknown","not_applicable","not_applicable","unknown","","","review_required","false","bounded sample is mixed, unknown, or insufficient"
"musinsa","UNKNOWN","107009001006","아울렛 > 키즈 > 상의 > 긴소매 티셔츠","confirmed","tops","shirt_blouse","shirt_blouse","long_sleeve","unknown","not_applicable","not_applicable","unknown","tops","","direct","true","bounded official product sample is semantically consistent"
"musinsa","UNKNOWN","107009001007","아울렛 > 키즈 > 상의 > 반소매 티셔츠","confirmed","tops","shirt_blouse","shirt_blouse","short_sleeve","unknown","not_applicable","not_applicable","unknown","tops","","direct","true","bounded official product sample is semantically consistent"
"musinsa","UNKNOWN","107009001008","아울렛 > 키즈 > 상의 > 민소매 티셔츠","confirmed","tops","shirt_blouse","shirt_blouse","sleeveless","unknown","not_applicable","not_applicable","unknown","tops","","direct","true","bounded official product sample is semantically consistent"
"musinsa","UNKNOWN","107009001009","아울렛 > 키즈 > 상의 > 기타 상의","review_required","","","","unknown","unknown","not_applicable","not_applicable","unknown","","","review_required","false","bounded sample is mixed, unknown, or insufficient"
"musinsa","UNKNOWN","107009002","아울렛 > 키즈 > 아우터","navigation_only","","","","unknown","unknown","not_applicable","not_applicable","unknown","","","navigation_only","false","navigation grouping/non-leaf"
"musinsa","UNKNOWN","107009002001","아울렛 > 키즈 > 아우터 > 카디건","confirmed","tops","cardigan","cardigan","unknown","unknown","not_applicable","not_applicable","unknown","tops","","direct","true","bounded official product sample is semantically consistent"
"musinsa","UNKNOWN","107009002002","아울렛 > 키즈 > 아우터 > 코트","confirmed","outerwear","coat","coat","unknown","unknown","not_applicable","not_applicable","unknown","outerwear","","direct","true","bounded official product sample is semantically consistent"
"musinsa","UNKNOWN","107009002003","아울렛 > 키즈 > 아우터 > 트레이닝 재킷","review_required","","","","unknown","unknown","not_applicable","not_applicable","unknown","","","review_required","false","bounded sample is mixed, unknown, or insufficient"
"musinsa","UNKNOWN","107009002004","아울렛 > 키즈 > 아우터 > 베스트","review_required","","","","unknown","unknown","not_applicable","not_applicable","unknown","","","review_required","false","bounded sample is mixed, unknown, or insufficient"
"musinsa","UNKNOWN","107009002005","아울렛 > 키즈 > 아우터 > 점퍼/재킷","review_required","","","","unknown","unknown","not_applicable","not_applicable","unknown","","","review_required","false","bounded sample is mixed, unknown, or insufficient"
"musinsa","UNKNOWN","107009002006","아울렛 > 키즈 > 아우터 > 기타 아우터","review_required","","","","unknown","unknown","not_applicable","not_applicable","unknown","","","review_required","false","bounded sample is mixed, unknown, or insufficient"
"musinsa","UNKNOWN","107009003","아울렛 > 키즈 > 바지","navigation_only","","","","unknown","unknown","not_applicable","not_applicable","unknown","","","navigation_only","false","navigation grouping/non-leaf"
"musinsa","UNKNOWN","107009003001","아울렛 > 키즈 > 바지 > 코튼 팬츠","review_required","","","","unknown","unknown","not_applicable","not_applicable","unknown","","","review_required","false","bounded sample is mixed, unknown, or insufficient"
"musinsa","UNKNOWN","107009003002","아울렛 > 키즈 > 바지 > 데님 팬츠","review_required","","","","unknown","unknown","not_applicable","not_applicable","unknown","","","review_required","false","bounded sample is mixed, unknown, or insufficient"
"musinsa","UNKNOWN","107009003003","아울렛 > 키즈 > 바지 > 숏 팬츠","confirmed","bottoms","casual_pants","casual_pants","unknown","short_length","not_applicable","not_applicable","unknown","bottoms","","direct","true","bounded official product sample is semantically consistent"
"musinsa","UNKNOWN","107009003004","아울렛 > 키즈 > 바지 > 레깅스","confirmed","leggings","leggings","leggings","unknown","unknown","unknown","not_applicable","unknown","leggings","","direct","true","bounded official product sample is semantically consistent"
"musinsa","UNKNOWN","107009003005","아울렛 > 키즈 > 바지 > 치마바지","review_required","","","","unknown","unknown","not_applicable","not_applicable","unknown","","","review_required","false","bounded sample is mixed, unknown, or insufficient"
"musinsa","UNKNOWN","107009003006","아울렛 > 키즈 > 바지 > 점프 슈트/오버올","review_required","","","","unknown","unknown","not_applicable","not_applicable","unknown","","","review_required","false","bounded sample is mixed, unknown, or insufficient"
"musinsa","UNKNOWN","107009003007","아울렛 > 키즈 > 바지 > 트레이닝 팬츠","confirmed","bottoms","casual_pants","casual_pants","unknown","unknown","not_applicable","not_applicable","unknown","bottoms","","direct","true","bounded official product sample is semantically consistent"
"musinsa","UNKNOWN","107009003008","아울렛 > 키즈 > 바지 > 조거 팬츠","confirmed","bottoms","sweat_jogger_pants","sweat_jogger_pants","unknown","unknown","not_applicable","not_applicable","unknown","bottoms","","direct","true","bounded official product sample is semantically consistent"
"musinsa","UNKNOWN","107009003009","아울렛 > 키즈 > 바지 > 기타 바지","review_required","","","","unknown","unknown","not_applicable","not_applicable","unknown","","","review_required","false","bounded sample is mixed, unknown, or insufficient"
"musinsa","UNKNOWN","107009004","아울렛 > 키즈 > 원피스","confirmed","dresses","dress","dress","unknown","unknown","not_applicable","not_applicable","unknown","dresses","","direct","true","bounded official product sample is semantically consistent"
"musinsa","UNKNOWN","107009005","아울렛 > 키즈 > 스커트","confirmed","skirts","skirt","skirt","unknown","unknown","not_applicable","unknown","unknown","skirts","","direct","true","bounded official product sample is semantically consistent"
"musinsa","UNKNOWN","107009006","아울렛 > 키즈 > 세트 의류","navigation_only","","","","unknown","unknown","not_applicable","not_applicable","unknown","","","navigation_only","false","navigation grouping/non-leaf"
"musinsa","UNKNOWN","107009006001","아울렛 > 키즈 > 세트 의류 > 상하복 세트","unsupported","","","","unknown","unknown","not_applicable","not_applicable","unknown","","","unsupported_by_current_app","false","garment requires FitMatch support review"
"musinsa","UNKNOWN","107009006002","아울렛 > 키즈 > 세트 의류 > 정장 세트","unsupported","","","","unknown","unknown","not_applicable","not_applicable","unknown","","","unsupported_by_current_app","false","garment requires FitMatch support review"
"musinsa","UNKNOWN","107009006003","아울렛 > 키즈 > 세트 의류 > 트레이닝복","unsupported","","","","unknown","unknown","not_applicable","not_applicable","unknown","","","unsupported_by_current_app","false","garment requires FitMatch support review"
"musinsa","UNKNOWN","107009007","아울렛 > 키즈 > 12개월 이하","navigation_only","","","","unknown","unknown","not_applicable","not_applicable","unknown","","","navigation_only","false","navigation grouping/non-leaf"
"musinsa","UNKNOWN","107009007001","아울렛 > 키즈 > 12개월 이하 > 우주복","review_required","","","","unknown","unknown","not_applicable","not_applicable","unknown","","","review_required","false","bounded sample is mixed, unknown, or insufficient"
"musinsa","UNKNOWN","107009007002","아울렛 > 키즈 > 12개월 이하 > 기타","review_required","","","","unknown","unknown","not_applicable","not_applicable","unknown","","","review_required","false","bounded sample is mixed, unknown, or insufficient"
"musinsa","UNKNOWN","107009008","아울렛 > 키즈 > 시즌/테마","navigation_only","","","","unknown","unknown","not_applicable","not_applicable","unknown","","","navigation_only","false","navigation grouping/non-leaf"
"musinsa","UNKNOWN","107009008001","아울렛 > 키즈 > 시즌/테마 > 수영복/래시가드","unsupported","","","","unknown","unknown","not_applicable","not_applicable","unknown","","","unsupported_by_current_app","false","garment requires FitMatch support review"
"musinsa","UNKNOWN","107009008002","아울렛 > 키즈 > 시즌/테마 > 스키복","review_required","","","","unknown","unknown","not_applicable","not_applicable","unknown","","","review_required","false","bounded sample is mixed, unknown, or insufficient"
"musinsa","UNKNOWN","107009008003","아울렛 > 키즈 > 시즌/테마 > 우의/우산","review_required","","","","unknown","unknown","not_applicable","not_applicable","unknown","","","review_required","false","bounded sample is mixed, unknown, or insufficient"
"musinsa","UNKNOWN","107009009","아울렛 > 키즈 > 속옷/홈웨어","navigation_only","","","","unknown","unknown","not_applicable","not_applicable","unknown","","","navigation_only","false","navigation grouping/non-leaf"
"musinsa","UNKNOWN","107009009001","아울렛 > 키즈 > 속옷/홈웨어 > 속옷","review_required","","","","unknown","unknown","not_applicable","not_applicable","unknown","","","review_required","false","bounded sample is mixed, unknown, or insufficient"
"musinsa","UNKNOWN","107009009002","아울렛 > 키즈 > 속옷/홈웨어 > 홈웨어","review_required","","","","unknown","unknown","not_applicable","not_applicable","unknown","","","review_required","false","bounded sample is mixed, unknown, or insufficient"
"musinsa","UNKNOWN","107009010","아울렛 > 키즈 > 신발","navigation_only","","","","unknown","unknown","not_applicable","not_applicable","unknown","","","navigation_only","false","navigation grouping/non-leaf"
"musinsa","UNKNOWN","107009010001","아울렛 > 키즈 > 신발 > 구두","rejected","","","","unknown","unknown","not_applicable","not_applicable","unknown","","","rejected","false","path denotes non-garment merchandise"
"musinsa","UNKNOWN","107009010002","아울렛 > 키즈 > 신발 > 부츠","rejected","","","","unknown","unknown","not_applicable","not_applicable","unknown","","","rejected","false","path denotes non-garment merchandise"
"musinsa","UNKNOWN","107009010003","아울렛 > 키즈 > 신발 > 샌들/슬리퍼","rejected","","","","unknown","unknown","not_applicable","not_applicable","unknown","","","rejected","false","path denotes non-garment merchandise"
"musinsa","UNKNOWN","107009010004","아울렛 > 키즈 > 신발 > 실내화","rejected","","","","unknown","unknown","not_applicable","not_applicable","unknown","","","rejected","false","path denotes non-garment merchandise"
"musinsa","UNKNOWN","107009010005","아울렛 > 키즈 > 신발 > 아쿠아슈즈","rejected","","","","unknown","unknown","not_applicable","not_applicable","unknown","","","rejected","false","path denotes non-garment merchandise"
"musinsa","UNKNOWN","107009010006","아울렛 > 키즈 > 신발 > 레인 부츠","rejected","","","","unknown","unknown","not_applicable","not_applicable","unknown","","","rejected","false","path denotes non-garment merchandise"
"musinsa","UNKNOWN","107009010007","아울렛 > 키즈 > 신발 > 운동화","rejected","","","","unknown","unknown","not_applicable","not_applicable","unknown","","","rejected","false","path denotes non-garment merchandise"
"musinsa","UNKNOWN","107009010008","아울렛 > 키즈 > 신발 > 기타 신발","rejected","","","","unknown","unknown","not_applicable","not_applicable","unknown","","","rejected","false","path denotes non-garment merchandise"
"musinsa","UNKNOWN","107009011","아울렛 > 키즈 > 가방/지갑","navigation_only","","","","unknown","unknown","not_applicable","not_applicable","unknown","","","navigation_only","false","navigation grouping/non-leaf"
"musinsa","UNKNOWN","107009011001","아울렛 > 키즈 > 가방/지갑 > 백팩","rejected","","","","unknown","unknown","not_applicable","not_applicable","unknown","","","rejected","false","path denotes non-garment merchandise"
"musinsa","UNKNOWN","107009011002","아울렛 > 키즈 > 가방/지갑 > 크로스백","rejected","","","","unknown","unknown","not_applicable","not_applicable","unknown","","","rejected","false","path denotes non-garment merchandise"
"musinsa","UNKNOWN","107009011003","아울렛 > 키즈 > 가방/지갑 > 기타 가방","rejected","","","","unknown","unknown","not_applicable","not_applicable","unknown","","","rejected","false","path denotes non-garment merchandise"
"musinsa","UNKNOWN","107009011004","아울렛 > 키즈 > 가방/지갑 > 지갑","rejected","","","","unknown","unknown","not_applicable","not_applicable","unknown","","","rejected","false","path denotes non-garment merchandise"
"musinsa","UNKNOWN","107009012","아울렛 > 키즈 > 모자","navigation_only","","","","unknown","unknown","not_applicable","not_applicable","unknown","","","navigation_only","false","navigation grouping/non-leaf"
"musinsa","UNKNOWN","107009012001","아울렛 > 키즈 > 모자 > 캡/야구모자","rejected","","","","unknown","unknown","not_applicable","not_applicable","unknown","","","rejected","false","path denotes non-garment merchandise"
"musinsa","UNKNOWN","107009012002","아울렛 > 키즈 > 모자 > 베레모/비니","rejected","","","","unknown","unknown","not_applicable","not_applicable","unknown","","","rejected","false","path denotes non-garment merchandise"
"musinsa","UNKNOWN","107009012003","아울렛 > 키즈 > 모자 > 버킷/사파리햇","rejected","","","","unknown","unknown","not_applicable","not_applicable","unknown","","","rejected","false","path denotes non-garment merchandise"
"musinsa","UNKNOWN","107009012004","아울렛 > 키즈 > 모자 > 기타 모자","rejected","","","","unknown","unknown","not_applicable","not_applicable","unknown","","","rejected","false","path denotes non-garment merchandise"
"musinsa","UNKNOWN","107009014","아울렛 > 키즈 > 액세서리/소품","navigation_only","","","","unknown","unknown","not_applicable","not_applicable","unknown","","","navigation_only","false","navigation grouping/non-leaf"
"musinsa","UNKNOWN","107009014001","아울렛 > 키즈 > 액세서리/소품 > 마스크","rejected","","","","unknown","unknown","not_applicable","not_applicable","unknown","","","rejected","false","path denotes non-garment merchandise"
"musinsa","UNKNOWN","107009014002","아울렛 > 키즈 > 액세서리/소품 > 머플러/장갑","rejected","","","","unknown","unknown","not_applicable","not_applicable","unknown","","","rejected","false","path denotes non-garment merchandise"
"musinsa","UNKNOWN","107009014004","아울렛 > 키즈 > 액세서리/소품 > 기타 액세서리","rejected","","","","unknown","unknown","not_applicable","not_applicable","unknown","","","rejected","false","path denotes non-garment merchandise"
"musinsa","UNKNOWN","107009014005","아울렛 > 키즈 > 액세서리/소품 > 팔찌","rejected","","","","unknown","unknown","not_applicable","not_applicable","unknown","","","rejected","false","path denotes non-garment merchandise"
"musinsa","UNKNOWN","107009014006","아울렛 > 키즈 > 액세서리/소품 > 반지","rejected","","","","unknown","unknown","not_applicable","not_applicable","unknown","","","rejected","false","path denotes non-garment merchandise"
"musinsa","UNKNOWN","107009014007","아울렛 > 키즈 > 액세서리/소품 > 목걸이/팬던트","rejected","","","","unknown","unknown","not_applicable","not_applicable","unknown","","","rejected","false","path denotes non-garment merchandise"
"musinsa","UNKNOWN","107009014008","아울렛 > 키즈 > 액세서리/소품 > 헤어 액세서리","rejected","","","","unknown","unknown","not_applicable","not_applicable","unknown","","","rejected","false","path denotes non-garment merchandise"
"musinsa","UNKNOWN","107009020","아울렛 > 키즈 > 소품","navigation_only","","","","unknown","unknown","not_applicable","not_applicable","unknown","","","navigation_only","false","navigation grouping/non-leaf"
"musinsa","UNKNOWN","107009020002","아울렛 > 키즈 > 소품 > 시즌 소품","review_required","","","","unknown","unknown","not_applicable","not_applicable","unknown","","","review_required","false","bounded sample is mixed, unknown, or insufficient"
"musinsa","UNKNOWN","107011","아울렛 > 스포츠/레저","navigation_only","","","","unknown","unknown","not_applicable","not_applicable","unknown","","","navigation_only","false","navigation grouping/non-leaf"
"musinsa","UNKNOWN","107011001","아울렛 > 스포츠/레저 > 상의","navigation_only","","","","unknown","unknown","not_applicable","not_applicable","unknown","","","navigation_only","false","navigation grouping/non-leaf"
"musinsa","UNKNOWN","107011001001","아울렛 > 스포츠/레저 > 상의 > 니트/스웨터","review_required","","","","unknown","unknown","not_applicable","not_applicable","unknown","","","review_required","false","bounded sample is mixed, unknown, or insufficient"
"musinsa","UNKNOWN","107011001002","아울렛 > 스포츠/레저 > 상의 > 긴소매 티셔츠","confirmed","tops","shirt_blouse","shirt_blouse","long_sleeve","unknown","not_applicable","not_applicable","unknown","tops","","direct","true","bounded official product sample is semantically consistent"
"musinsa","UNKNOWN","107011001003","아울렛 > 스포츠/레저 > 상의 > 나시/민소매 티셔츠","confirmed","tops","shirt_blouse","shirt_blouse","sleeveless","unknown","not_applicable","not_applicable","unknown","tops","","direct","true","bounded official product sample is semantically consistent"
"musinsa","UNKNOWN","107011001004","아울렛 > 스포츠/레저 > 상의 > 맨투맨/스웨트","review_required","","","","unknown","unknown","not_applicable","not_applicable","unknown","","","review_required","false","bounded sample is mixed, unknown, or insufficient"
"musinsa","UNKNOWN","107011001005","아울렛 > 스포츠/레저 > 상의 > 반소매 티셔츠","confirmed","tops","shirt_blouse","shirt_blouse","short_sleeve","unknown","not_applicable","not_applicable","unknown","tops","","direct","true","bounded official product sample is semantically consistent"
"musinsa","UNKNOWN","107011001006","아울렛 > 스포츠/레저 > 상의 > 피케/카라 티셔츠","confirmed","tops","polo_shirt","polo_shirt","unknown","unknown","not_applicable","not_applicable","unknown","tops","","direct","true","bounded official product sample is semantically consistent"
"musinsa","UNKNOWN","107011001007","아울렛 > 스포츠/레저 > 상의 > 후드 티셔츠","confirmed","tops","hoodie","hoodie","unknown","unknown","not_applicable","not_applicable","unknown","tops","","direct","true","bounded official product sample is semantically consistent"
"musinsa","UNKNOWN","107011001008","아울렛 > 스포츠/레저 > 상의 > 기타 상의","review_required","","","","unknown","unknown","not_applicable","not_applicable","unknown","","","review_required","false","bounded sample is mixed, unknown, or insufficient"
"musinsa","UNKNOWN","107011001009","아울렛 > 스포츠/레저 > 상의 > 브라탑","review_required","","","","unknown","unknown","not_applicable","not_applicable","unknown","","","review_required","false","bounded sample is mixed, unknown, or insufficient"
"musinsa","UNKNOWN","107011001010","아울렛 > 스포츠/레저 > 상의 > 언더레이어","review_required","","","","unknown","unknown","not_applicable","not_applicable","unknown","","","review_required","false","bounded sample is mixed, unknown, or insufficient"
"musinsa","UNKNOWN","107011001011","아울렛 > 스포츠/레저 > 상의 > 유니폼","unsupported","","","","unknown","unknown","not_applicable","not_applicable","unknown","","","unsupported_by_current_app","false","garment requires FitMatch support review"
"musinsa","UNKNOWN","107011002","아울렛 > 스포츠/레저 > 하의","navigation_only","","","","unknown","unknown","not_applicable","not_applicable","unknown","","","navigation_only","false","navigation grouping/non-leaf"
"musinsa","UNKNOWN","107011002001","아울렛 > 스포츠/레저 > 하의 > 기타 바지","review_required","","","","unknown","unknown","not_applicable","not_applicable","unknown","","","review_required","false","bounded sample is mixed, unknown, or insufficient"
"musinsa","UNKNOWN","107011002002","아울렛 > 스포츠/레저 > 하의 > 숏 팬츠","confirmed","bottoms","casual_pants","casual_pants","unknown","short_length","not_applicable","not_applicable","unknown","bottoms","","direct","true","bounded official product sample is semantically consistent"
"musinsa","UNKNOWN","107011002003","아울렛 > 스포츠/레저 > 하의 > 조거 팬츠","confirmed","bottoms","sweat_jogger_pants","sweat_jogger_pants","unknown","unknown","not_applicable","not_applicable","unknown","bottoms","","direct","true","bounded official product sample is semantically consistent"
"musinsa","UNKNOWN","107011002004","아울렛 > 스포츠/레저 > 하의 > 트레이닝 팬츠","confirmed","bottoms","casual_pants","casual_pants","unknown","unknown","not_applicable","not_applicable","unknown","bottoms","","direct","true","bounded official product sample is semantically consistent"
"musinsa","UNKNOWN","107011002005","아울렛 > 스포츠/레저 > 하의 > 점프 슈트","review_required","","","","unknown","unknown","not_applicable","not_applicable","unknown","","","review_required","false","bounded sample is mixed, unknown, or insufficient"
"musinsa","UNKNOWN","107011002006","아울렛 > 스포츠/레저 > 하의 > 유니폼","unsupported","","","","unknown","unknown","not_applicable","not_applicable","unknown","","","unsupported_by_current_app","false","garment requires FitMatch support review"
"musinsa","UNKNOWN","107011002007","아울렛 > 스포츠/레저 > 하의 > 레깅스","confirmed","leggings","leggings","leggings","unknown","unknown","unknown","not_applicable","unknown","leggings","","direct","true","bounded official product sample is semantically consistent"
"musinsa","UNKNOWN","107011002008","아울렛 > 스포츠/레저 > 하의 > 언더레이어","confirmed","bottoms","casual_pants","pants","unknown","unknown","not_applicable","not_applicable","unknown","bottoms","","direct","true","bounded official product sample is semantically consistent"
"musinsa","UNKNOWN","107011002009","아울렛 > 스포츠/레저 > 하의 > 오버롤","review_required","","","","unknown","unknown","not_applicable","not_applicable","unknown","","","review_required","false","bounded sample is mixed, unknown, or insufficient"
"musinsa","UNKNOWN","107011002010","아울렛 > 스포츠/레저 > 하의 > 일자 팬츠","review_required","","","","unknown","unknown","not_applicable","not_applicable","unknown","","","review_required","false","bounded sample is mixed, unknown, or insufficient"
"musinsa","UNKNOWN","107011003","아울렛 > 스포츠/레저 > 아우터","navigation_only","","","","unknown","unknown","not_applicable","not_applicable","unknown","","","navigation_only","false","navigation grouping/non-leaf"
"musinsa","UNKNOWN","107011003001","아울렛 > 스포츠/레저 > 아우터 > 베스트","review_required","","","","unknown","unknown","not_applicable","not_applicable","unknown","","","review_required","false","bounded sample is mixed, unknown, or insufficient"
"musinsa","UNKNOWN","107011003002","아울렛 > 스포츠/레저 > 아우터 > 기타 점퍼/재킷","review_required","","","","unknown","unknown","not_applicable","not_applicable","unknown","","","review_required","false","bounded sample is mixed, unknown, or insufficient"
"musinsa","UNKNOWN","107011003003","아울렛 > 스포츠/레저 > 아우터 > 나일론/코치 재킷","review_required","","","","unknown","unknown","not_applicable","not_applicable","unknown","","","review_required","false","bounded sample is mixed, unknown, or insufficient"
"musinsa","UNKNOWN","107011003004","아울렛 > 스포츠/레저 > 아우터 > 스타디움 재킷","confirmed","outerwear","jacket","jacket","unknown","unknown","not_applicable","not_applicable","unknown","outerwear","","direct","true","bounded official product sample is semantically consistent"
"musinsa","UNKNOWN","107011003005","아울렛 > 스포츠/레저 > 아우터 > 아노락 재킷","confirmed","outerwear","anorak","anorak","unknown","unknown","not_applicable","not_applicable","unknown","outerwear","","direct","true","bounded official product sample is semantically consistent"
"musinsa","UNKNOWN","107011003006","아울렛 > 스포츠/레저 > 아우터 > 트레이닝 재킷","review_required","","","","unknown","unknown","not_applicable","not_applicable","unknown","","","review_required","false","bounded sample is mixed, unknown, or insufficient"
"musinsa","UNKNOWN","107011003007","아울렛 > 스포츠/레저 > 아우터 > 플리스","review_required","","","","unknown","unknown","not_applicable","not_applicable","unknown","","","review_required","false","bounded sample is mixed, unknown, or insufficient"
"musinsa","UNKNOWN","107011003008","아울렛 > 스포츠/레저 > 아우터 > 카디건","confirmed","tops","cardigan","cardigan","unknown","unknown","not_applicable","not_applicable","unknown","tops","","direct","true","bounded official product sample is semantically consistent"
"musinsa","UNKNOWN","107011003009","아울렛 > 스포츠/레저 > 아우터 > 레인코트","confirmed","outerwear","coat","coat","unknown","unknown","not_applicable","not_applicable","unknown","outerwear","","direct","true","bounded official product sample is semantically consistent"
"musinsa","UNKNOWN","107011003010","아울렛 > 스포츠/레저 > 아우터 > 롱패딩/헤비 아우터","review_required","","","","unknown","unknown","not_applicable","not_applicable","unknown","","","review_required","false","bounded sample is mixed, unknown, or insufficient"
"musinsa","UNKNOWN","107011003011","아울렛 > 스포츠/레저 > 아우터 > 숏패딩/헤비 아우터","review_required","","","","unknown","unknown","not_applicable","not_applicable","unknown","","","review_required","false","bounded sample is mixed, unknown, or insufficient"
"musinsa","UNKNOWN","107011003012","아울렛 > 스포츠/레저 > 아우터 > 하프패딩/헤비 아우터","review_required","","","","unknown","unknown","not_applicable","not_applicable","unknown","","","review_required","false","bounded sample is mixed, unknown, or insufficient"
"musinsa","UNKNOWN","107011003013","아울렛 > 스포츠/레저 > 아우터 > 후드 집업","confirmed","tops","zip_hoodie","zip_hoodie","unknown","unknown","not_applicable","not_applicable","unknown","tops","","direct","true","bounded official product sample is semantically consistent"
"musinsa","UNKNOWN","107011003014","아울렛 > 스포츠/레저 > 아우터 > 패딩 베스트","review_required","","","","unknown","unknown","not_applicable","not_applicable","unknown","","","review_required","false","bounded sample is mixed, unknown, or insufficient"
"musinsa","UNKNOWN","107011003015","아울렛 > 스포츠/레저 > 아우터 > 블레이저","confirmed","outerwear","blazer","blazer","unknown","unknown","not_applicable","not_applicable","unknown","outerwear","","direct","true","bounded official product sample is semantically consistent"
"musinsa","UNKNOWN","107011003016","아울렛 > 스포츠/레저 > 아우터 > 유니폼","unsupported","","","","unknown","unknown","not_applicable","not_applicable","unknown","","","unsupported_by_current_app","false","garment requires FitMatch support review"
"musinsa","UNKNOWN","107011004","아울렛 > 스포츠/레저 > 스커트","navigation_only","","","","unknown","unknown","not_applicable","unknown","unknown","","","navigation_only","false","navigation grouping/non-leaf"
"musinsa","UNKNOWN","107011004001","아울렛 > 스포츠/레저 > 스커트 > 미니스커트","confirmed","skirts","skirt","skirt","unknown","unknown","not_applicable","mini","unknown","skirts","","direct","true","bounded official product sample is semantically consistent"
"musinsa","UNKNOWN","107011004002","아울렛 > 스포츠/레저 > 스커트 > 미디스커트","confirmed","skirts","skirt","skirt","unknown","unknown","not_applicable","midi","unknown","skirts","","direct","true","bounded official product sample is semantically consistent"
"musinsa","UNKNOWN","107011005","아울렛 > 스포츠/레저 > 원피스","navigation_only","","","","unknown","unknown","not_applicable","not_applicable","unknown","","","navigation_only","false","navigation grouping/non-leaf"
"musinsa","UNKNOWN","107011005001","아울렛 > 스포츠/레저 > 원피스 > 미니원피스","confirmed","dresses","dress","dress","unknown","unknown","not_applicable","not_applicable","unknown","dresses","","direct","true","bounded official product sample is semantically consistent"
"musinsa","UNKNOWN","107011005002","아울렛 > 스포츠/레저 > 원피스 > 미디원피스","confirmed","dresses","dress","dress","unknown","unknown","not_applicable","not_applicable","unknown","dresses","","direct","true","bounded official product sample is semantically consistent"
"musinsa","UNKNOWN","107011006","아울렛 > 스포츠/레저 > 상하의세트","unsupported","","","","unknown","unknown","not_applicable","not_applicable","unknown","","","unsupported_by_current_app","false","garment requires FitMatch support review"
"musinsa","UNKNOWN","107011007","아울렛 > 스포츠/레저 > 수영복/비치웨어","navigation_only","","","","unknown","unknown","not_applicable","not_applicable","unknown","","","navigation_only","false","navigation grouping/non-leaf"
"musinsa","UNKNOWN","107011007001","아울렛 > 스포츠/레저 > 수영복/비치웨어 > 다이빙슈트","unsupported","","","","unknown","unknown","not_applicable","not_applicable","unknown","","","unsupported_by_current_app","false","garment requires FitMatch support review"
"musinsa","UNKNOWN","107011007002","아울렛 > 스포츠/레저 > 수영복/비치웨어 > 래시가드 하의","unsupported","","","","unknown","unknown","not_applicable","not_applicable","unknown","","","unsupported_by_current_app","false","garment requires FitMatch support review"
"musinsa","UNKNOWN","107011007003","아울렛 > 스포츠/레저 > 수영복/비치웨어 > 래시가드 상의","unsupported","","","","unknown","unknown","not_applicable","not_applicable","unknown","","","unsupported_by_current_app","false","garment requires FitMatch support review"
"musinsa","UNKNOWN","107011007004","아울렛 > 스포츠/레저 > 수영복/비치웨어 > 래시가드 세트","unsupported","","","","unknown","unknown","not_applicable","not_applicable","unknown","","","unsupported_by_current_app","false","garment requires FitMatch support review"
"musinsa","UNKNOWN","107011007005","아울렛 > 스포츠/레저 > 수영복/비치웨어 > 워터 레깅스","unsupported","leggings","leggings","leggings","unknown","unknown","unknown","not_applicable","unknown","","","unsupported_by_current_app","false","garment requires FitMatch support review"
"musinsa","UNKNOWN","107011007006","아울렛 > 스포츠/레저 > 수영복/비치웨어 > 반신수영복","unsupported","","","","unknown","unknown","not_applicable","not_applicable","unknown","","","unsupported_by_current_app","false","garment requires FitMatch support review"
"musinsa","UNKNOWN","107011007007","아울렛 > 스포츠/레저 > 수영복/비치웨어 > 비키니","unsupported","","","","unknown","unknown","not_applicable","not_applicable","unknown","","","unsupported_by_current_app","false","garment requires FitMatch support review"
"musinsa","UNKNOWN","107011007008","아울렛 > 스포츠/레저 > 수영복/비치웨어 > 사각수영복","unsupported","","","","unknown","unknown","not_applicable","not_applicable","unknown","","","unsupported_by_current_app","false","garment requires FitMatch support review"
"musinsa","UNKNOWN","107011007009","아울렛 > 스포츠/레저 > 수영복/비치웨어 > 삼각수영복","unsupported","","","","unknown","unknown","not_applicable","not_applicable","unknown","","","unsupported_by_current_app","false","garment requires FitMatch support review"
"musinsa","UNKNOWN","107011007010","아울렛 > 스포츠/레저 > 수영복/비치웨어 > 원피스수영복","unsupported","dresses","dress","dress","unknown","unknown","not_applicable","not_applicable","unknown","","","unsupported_by_current_app","false","garment requires FitMatch support review"
"musinsa","UNKNOWN","107011007011","아울렛 > 스포츠/레저 > 수영복/비치웨어 > 전신수영복","unsupported","","","","unknown","unknown","not_applicable","not_applicable","unknown","","","unsupported_by_current_app","false","garment requires FitMatch support review"
"musinsa","UNKNOWN","107011007012","아울렛 > 스포츠/레저 > 수영복/비치웨어 > 브라탑","unsupported","underwear","bra","underwear_top","unknown","unknown","not_applicable","not_applicable","unknown","","","unsupported_by_current_app","false","garment requires FitMatch support review"
"musinsa","UNKNOWN","107011008","아울렛 > 스포츠/레저 > 스포츠신발","navigation_only","","","","unknown","unknown","not_applicable","not_applicable","unknown","","","navigation_only","false","navigation grouping/non-leaf"
"musinsa","UNKNOWN","107011008001","아울렛 > 스포츠/레저 > 스포츠신발 > 골프화","rejected","","","","unknown","unknown","not_applicable","not_applicable","unknown","","","rejected","false","path denotes non-garment merchandise"
"musinsa","UNKNOWN","107011008002","아울렛 > 스포츠/레저 > 스포츠신발 > 기타 스포츠화","rejected","","","","unknown","unknown","not_applicable","not_applicable","unknown","","","rejected","false","path denotes non-garment merchandise"
"musinsa","UNKNOWN","107011008003","아울렛 > 스포츠/레저 > 스포츠신발 > 농구화","rejected","","","","unknown","unknown","not_applicable","not_applicable","unknown","","","rejected","false","path denotes non-garment merchandise"
"musinsa","UNKNOWN","107011008004","아울렛 > 스포츠/레저 > 스포츠신발 > 등산/트레킹화","rejected","","","","unknown","unknown","not_applicable","not_applicable","unknown","","","rejected","false","path denotes non-garment merchandise"
"musinsa","UNKNOWN","107011008005","아울렛 > 스포츠/레저 > 스포츠신발 > 러닝화","rejected","","","","unknown","unknown","not_applicable","not_applicable","unknown","","","rejected","false","path denotes non-garment merchandise"
"musinsa","UNKNOWN","107011008006","아울렛 > 스포츠/레저 > 스포츠신발 > 배드민턴화","rejected","","","","unknown","unknown","not_applicable","not_applicable","unknown","","","rejected","false","path denotes non-garment merchandise"
"musinsa","UNKNOWN","107011008007","아울렛 > 스포츠/레저 > 스포츠신발 > 보드화","rejected","","","","unknown","unknown","not_applicable","not_applicable","unknown","","","rejected","false","path denotes non-garment merchandise"
"musinsa","UNKNOWN","107011008009","아울렛 > 스포츠/레저 > 스포츠신발 > 자전거화","rejected","","","","unknown","unknown","not_applicable","not_applicable","unknown","","","rejected","false","path denotes non-garment merchandise"
"musinsa","UNKNOWN","107011008010","아울렛 > 스포츠/레저 > 스포츠신발 > 축구화","rejected","","","","unknown","unknown","not_applicable","not_applicable","unknown","","","rejected","false","path denotes non-garment merchandise"
"musinsa","UNKNOWN","107011008011","아울렛 > 스포츠/레저 > 스포츠신발 > 테니스화","rejected","","","","unknown","unknown","not_applicable","not_applicable","unknown","","","rejected","false","path denotes non-garment merchandise"
"musinsa","UNKNOWN","107011008012","아울렛 > 스포츠/레저 > 스포츠신발 > 피트니스화","rejected","","","","unknown","unknown","not_applicable","not_applicable","unknown","","","rejected","false","path denotes non-garment merchandise"
"musinsa","UNKNOWN","107011008013","아울렛 > 스포츠/레저 > 스포츠신발 > 워터스포츠화","rejected","","","","unknown","unknown","not_applicable","not_applicable","unknown","","","rejected","false","path denotes non-garment merchandise"
"musinsa","UNKNOWN","107011009","아울렛 > 스포츠/레저 > 스포츠가방","navigation_only","","","","unknown","unknown","not_applicable","not_applicable","unknown","","","navigation_only","false","navigation grouping/non-leaf"
"musinsa","UNKNOWN","107011009001","아울렛 > 스포츠/레저 > 스포츠가방 > 골프가방","rejected","","","","unknown","unknown","not_applicable","not_applicable","unknown","","","rejected","false","path denotes non-garment merchandise"
"musinsa","UNKNOWN","107011009002","아울렛 > 스포츠/레저 > 스포츠가방 > 공가방","rejected","","","","unknown","unknown","not_applicable","not_applicable","unknown","","","rejected","false","path denotes non-garment merchandise"
"musinsa","UNKNOWN","107011009003","아울렛 > 스포츠/레저 > 스포츠가방 > 공구가방","rejected","","","","unknown","unknown","not_applicable","not_applicable","unknown","","","rejected","false","path denotes non-garment merchandise"
"musinsa","UNKNOWN","107011009005","아울렛 > 스포츠/레저 > 스포츠가방 > 기타 가방","rejected","","","","unknown","unknown","not_applicable","not_applicable","unknown","","","rejected","false","path denotes non-garment merchandise"
"musinsa","UNKNOWN","107011009006","아울렛 > 스포츠/레저 > 스포츠가방 > 라켓가방","rejected","","","","unknown","unknown","not_applicable","not_applicable","unknown","","","rejected","false","path denotes non-garment merchandise"
"musinsa","UNKNOWN","107011009007","아울렛 > 스포츠/레저 > 스포츠가방 > 레인커버","rejected","","","","unknown","unknown","not_applicable","not_applicable","unknown","","","rejected","false","path denotes non-garment merchandise"
"musinsa","UNKNOWN","107011009009","아울렛 > 스포츠/레저 > 스포츠가방 > 방수가방","rejected","","","","unknown","unknown","not_applicable","not_applicable","unknown","","","rejected","false","path denotes non-garment merchandise"
"musinsa","UNKNOWN","107011009013","아울렛 > 스포츠/레저 > 스포츠가방 > 스틱가방","rejected","","","","unknown","unknown","not_applicable","not_applicable","unknown","","","rejected","false","path denotes non-garment merchandise"
"musinsa","UNKNOWN","107011009014","아울렛 > 스포츠/레저 > 스포츠가방 > 신발가방","rejected","","","","unknown","unknown","not_applicable","not_applicable","unknown","","","rejected","false","path denotes non-garment merchandise"
"musinsa","UNKNOWN","107011009015","아울렛 > 스포츠/레저 > 스포츠가방 > 안장가방","rejected","","","","unknown","unknown","not_applicable","not_applicable","unknown","","","rejected","false","path denotes non-garment merchandise"
"musinsa","UNKNOWN","107011009016","아울렛 > 스포츠/레저 > 스포츠가방 > 메신저/크로스백","rejected","","","","unknown","unknown","not_applicable","not_applicable","unknown","","","rejected","false","path denotes non-garment merchandise"
"musinsa","UNKNOWN","107011009017","아울렛 > 스포츠/레저 > 스포츠가방 > 백팩","rejected","","","","unknown","unknown","not_applicable","not_applicable","unknown","","","rejected","false","path denotes non-garment merchandise"
"musinsa","UNKNOWN","107011009018","아울렛 > 스포츠/레저 > 스포츠가방 > 보스턴/더플백","rejected","","","","unknown","unknown","not_applicable","not_applicable","unknown","","","rejected","false","path denotes non-garment merchandise"
"musinsa","UNKNOWN","107011009019","아울렛 > 스포츠/레저 > 스포츠가방 > 숄더백","rejected","","","","unknown","unknown","not_applicable","not_applicable","unknown","","","rejected","false","path denotes non-garment merchandise"
"musinsa","UNKNOWN","107011009020","아울렛 > 스포츠/레저 > 스포츠가방 > 웨이스트백","rejected","","","","unknown","unknown","not_applicable","not_applicable","unknown","","","rejected","false","path denotes non-garment merchandise"
"musinsa","UNKNOWN","107011009021","아울렛 > 스포츠/레저 > 스포츠가방 > 토트백","rejected","","","","unknown","unknown","not_applicable","not_applicable","unknown","","","rejected","false","path denotes non-garment merchandise"
"musinsa","UNKNOWN","107011010","아울렛 > 스포츠/레저 > 스포츠잡화","navigation_only","","","","unknown","unknown","not_applicable","not_applicable","unknown","","","navigation_only","false","navigation grouping/non-leaf"
"musinsa","UNKNOWN","107011010001","아울렛 > 스포츠/레저 > 스포츠잡화 > 장갑","rejected","","","","unknown","unknown","not_applicable","not_applicable","unknown","","","rejected","false","path denotes non-garment merchandise"
"musinsa","UNKNOWN","107011010002","아울렛 > 스포츠/레저 > 스포츠잡화 > 암밴드","rejected","","","","unknown","unknown","not_applicable","not_applicable","unknown","","","rejected","false","path denotes non-garment merchandise"
"musinsa","UNKNOWN","107011010003","아울렛 > 스포츠/레저 > 스포츠잡화 > 워머","rejected","","","","unknown","unknown","not_applicable","not_applicable","unknown","","","rejected","false","path denotes non-garment merchandise"
"musinsa","UNKNOWN","107011010004","아울렛 > 스포츠/레저 > 스포츠잡화 > 토시/슬리브","rejected","","","","unknown","unknown","not_applicable","not_applicable","unknown","","","rejected","false","path denotes non-garment merchandise"
"musinsa","UNKNOWN","107011010005","아울렛 > 스포츠/레저 > 스포츠잡화 > 반다나/헤어밴드/거트","rejected","","","","unknown","unknown","not_applicable","not_applicable","unknown","","","rejected","false","path denotes non-garment merchandise"
"musinsa","UNKNOWN","107011010006","아울렛 > 스포츠/레저 > 스포츠잡화 > 양말","rejected","","","","unknown","unknown","not_applicable","not_applicable","unknown","","","rejected","false","path denotes non-garment merchandise"
"musinsa","UNKNOWN","107011010007","아울렛 > 스포츠/레저 > 스포츠잡화 > 신발용품","rejected","","","","unknown","unknown","not_applicable","not_applicable","unknown","","","rejected","false","path denotes non-garment merchandise"
"musinsa","UNKNOWN","107011010008","아울렛 > 스포츠/레저 > 스포츠잡화 > 물병","rejected","","","","unknown","unknown","not_applicable","not_applicable","unknown","","","rejected","false","path denotes non-garment merchandise"
"musinsa","UNKNOWN","107011010009","아울렛 > 스포츠/레저 > 스포츠잡화 > 수건","rejected","","","","unknown","unknown","not_applicable","not_applicable","unknown","","","rejected","false","path denotes non-garment merchandise"
"musinsa","UNKNOWN","107011010011","아울렛 > 스포츠/레저 > 스포츠잡화 > 스포츠 마스크","rejected","","","","unknown","unknown","not_applicable","not_applicable","unknown","","","rejected","false","path denotes non-garment merchandise"
"musinsa","UNKNOWN","107011010012","아울렛 > 스포츠/레저 > 스포츠잡화 > 방한귀마개","rejected","","","","unknown","unknown","not_applicable","not_applicable","unknown","","","rejected","false","path denotes non-garment merchandise"
"musinsa","UNKNOWN","107011010013","아울렛 > 스포츠/레저 > 스포츠잡화 > 스포츠 벨트","rejected","","","","unknown","unknown","not_applicable","not_applicable","unknown","","","rejected","false","path denotes non-garment merchandise"
"musinsa","UNKNOWN","107011010014","아울렛 > 스포츠/레저 > 스포츠잡화 > 기타 잡화","rejected","","","","unknown","unknown","not_applicable","not_applicable","unknown","","","rejected","false","path denotes non-garment merchandise"
"musinsa","UNKNOWN","107011011","아울렛 > 스포츠/레저 > 스포츠모자","navigation_only","","","","unknown","unknown","not_applicable","not_applicable","unknown","","","navigation_only","false","navigation grouping/non-leaf"
"musinsa","UNKNOWN","107011011001","아울렛 > 스포츠/레저 > 스포츠모자 > 버킷햇","rejected","","","","unknown","unknown","not_applicable","not_applicable","unknown","","","rejected","false","path denotes non-garment merchandise"
"musinsa","UNKNOWN","107011011002","아울렛 > 스포츠/레저 > 스포츠모자 > 비니","rejected","","","","unknown","unknown","not_applicable","not_applicable","unknown","","","rejected","false","path denotes non-garment merchandise"
"musinsa","UNKNOWN","107011011003","아울렛 > 스포츠/레저 > 스포츠모자 > 선캡/바이저","rejected","","","","unknown","unknown","not_applicable","not_applicable","unknown","","","rejected","false","path denotes non-garment merchandise"
"musinsa","UNKNOWN","107011011004","아울렛 > 스포츠/레저 > 스포츠모자 > 볼캡","rejected","","","","unknown","unknown","not_applicable","not_applicable","unknown","","","rejected","false","path denotes non-garment merchandise"
"musinsa","UNKNOWN","107011011005","아울렛 > 스포츠/레저 > 스포츠모자 > 스냅백","rejected","","","","unknown","unknown","not_applicable","not_applicable","unknown","","","rejected","false","path denotes non-garment merchandise"
"musinsa","UNKNOWN","107011011006","아울렛 > 스포츠/레저 > 스포츠모자 > 트루퍼","rejected","","","","unknown","unknown","not_applicable","not_applicable","unknown","","","rejected","false","path denotes non-garment merchandise"
"musinsa","UNKNOWN","107011011007","아울렛 > 스포츠/레저 > 스포츠모자 > 기타 모자","rejected","","","","unknown","unknown","not_applicable","not_applicable","unknown","","","rejected","false","path denotes non-garment merchandise"
"musinsa","UNKNOWN","107011012","아울렛 > 스포츠/레저 > 기구/용품/장비","navigation_only","","","","unknown","unknown","not_applicable","not_applicable","unknown","","","navigation_only","false","navigation grouping/non-leaf"
"musinsa","UNKNOWN","107011012001","아울렛 > 스포츠/레저 > 기구/용품/장비 > 골프용품","rejected","","","","unknown","unknown","not_applicable","not_applicable","unknown","","","rejected","false","path denotes non-garment merchandise"
"musinsa","UNKNOWN","107011012002","아울렛 > 스포츠/레저 > 기구/용품/장비 > 기타 스포츠용품","rejected","","","","unknown","unknown","not_applicable","not_applicable","unknown","","","rejected","false","path denotes non-garment merchandise"
"musinsa","UNKNOWN","107011012003","아울렛 > 스포츠/레저 > 기구/용품/장비 > 구기 스포츠용품","rejected","","","","unknown","unknown","not_applicable","not_applicable","unknown","","","rejected","false","path denotes non-garment merchandise"
"musinsa","UNKNOWN","107011012004","아울렛 > 스포츠/레저 > 기구/용품/장비 > 등산용품","rejected","","","","unknown","unknown","not_applicable","not_applicable","unknown","","","rejected","false","path denotes non-garment merchandise"
"musinsa","UNKNOWN","107011012005","아울렛 > 스포츠/레저 > 기구/용품/장비 > 라켓 스포츠 용품","rejected","","","","unknown","unknown","not_applicable","not_applicable","unknown","","","rejected","false","path denotes non-garment merchandise"
"musinsa","UNKNOWN","107011012006","아울렛 > 스포츠/레저 > 기구/용품/장비 > 라이딩 스포츠 용품","rejected","","","","unknown","unknown","not_applicable","not_applicable","unknown","","","rejected","false","path denotes non-garment merchandise"
"musinsa","UNKNOWN","107011012007","아울렛 > 스포츠/레저 > 기구/용품/장비 > 보호대/헬멧/보호용품","rejected","","","","unknown","unknown","not_applicable","not_applicable","unknown","","","rejected","false","path denotes non-garment merchandise"
"musinsa","UNKNOWN","107011012008","아울렛 > 스포츠/레저 > 기구/용품/장비 > 수영/서핑/다이빙 용품","rejected","","","","unknown","unknown","not_applicable","not_applicable","unknown","","","rejected","false","path denotes non-garment merchandise"
"musinsa","UNKNOWN","107011012009","아울렛 > 스포츠/레저 > 기구/용품/장비 > 스키/스노우보드 용품","rejected","","","","unknown","unknown","not_applicable","not_applicable","unknown","","","rejected","false","path denotes non-garment merchandise"
"musinsa","UNKNOWN","107011012010","아울렛 > 스포츠/레저 > 기구/용품/장비 > 야구용품","rejected","","","","unknown","unknown","not_applicable","not_applicable","unknown","","","rejected","false","path denotes non-garment merchandise"
"musinsa","UNKNOWN","107011012011","아울렛 > 스포츠/레저 > 기구/용품/장비 > 스트레칭/마사지","rejected","","","","unknown","unknown","not_applicable","not_applicable","unknown","","","rejected","false","path denotes non-garment merchandise"
"musinsa","UNKNOWN","107011012012","아울렛 > 스포츠/레저 > 기구/용품/장비 > 축구용품","rejected","","","","unknown","unknown","not_applicable","not_applicable","unknown","","","rejected","false","path denotes non-garment merchandise"
"musinsa","UNKNOWN","107011012013","아울렛 > 스포츠/레저 > 기구/용품/장비 > 테이프/아대","rejected","","","","unknown","unknown","not_applicable","not_applicable","unknown","","","rejected","false","path denotes non-garment merchandise"
"musinsa","UNKNOWN","107011012014","아울렛 > 스포츠/레저 > 기구/용품/장비 > 피트니스 기구","rejected","","","","unknown","unknown","not_applicable","not_applicable","unknown","","","rejected","false","path denotes non-garment merchandise"
"musinsa","UNKNOWN","107011012015","아울렛 > 스포츠/레저 > 기구/용품/장비 > 근력/유산소 용품","rejected","","","","unknown","unknown","not_applicable","not_applicable","unknown","","","rejected","false","path denotes non-garment merchandise"
"musinsa","UNKNOWN","107011012017","아울렛 > 스포츠/레저 > 기구/용품/장비 > 낚시용품","rejected","","","","unknown","unknown","not_applicable","not_applicable","unknown","","","rejected","false","path denotes non-garment merchandise"
"musinsa","UNKNOWN","108","어스","navigation_only","","","","unknown","unknown","not_applicable","not_applicable","unknown","","","navigation_only","false","navigation grouping/non-leaf"
"musinsa","UNKNOWN","108001","어스 > 의류","navigation_only","","","","unknown","unknown","not_applicable","not_applicable","unknown","","","navigation_only","false","navigation grouping/non-leaf"
"musinsa","UNKNOWN","108001001","어스 > 의류 > 상의","navigation_only","","","","unknown","unknown","not_applicable","not_applicable","unknown","","","navigation_only","false","navigation grouping/non-leaf"
"musinsa","UNKNOWN","108001001001","어스 > 의류 > 상의 > 맨투맨/스웨트","review_required","","","","unknown","unknown","not_applicable","not_applicable","unknown","","","review_required","false","bounded sample is mixed, unknown, or insufficient"
"musinsa","UNKNOWN","108001001002","어스 > 의류 > 상의 > 셔츠/블라우스","review_required","","","","unknown","unknown","not_applicable","not_applicable","unknown","","","review_required","false","bounded sample is mixed, unknown, or insufficient"
"musinsa","UNKNOWN","108001001003","어스 > 의류 > 상의 > 후드 티셔츠","confirmed","tops","hoodie","hoodie","unknown","unknown","not_applicable","not_applicable","unknown","tops","","direct","true","bounded official product sample is semantically consistent"
"musinsa","UNKNOWN","108001001004","어스 > 의류 > 상의 > 니트/스웨터","review_required","","","","unknown","unknown","not_applicable","not_applicable","unknown","","","review_required","false","bounded sample is mixed, unknown, or insufficient"
"musinsa","UNKNOWN","108001001005","어스 > 의류 > 상의 > 피케/카라 티셔츠","review_required","","","","unknown","unknown","not_applicable","not_applicable","unknown","","","review_required","false","bounded sample is mixed, unknown, or insufficient"
"musinsa","UNKNOWN","108001001006","어스 > 의류 > 상의 > 긴소매 티셔츠","confirmed","tops","shirt_blouse","shirt_blouse","long_sleeve","unknown","not_applicable","not_applicable","unknown","tops","","direct","true","bounded official product sample is semantically consistent"
"musinsa","UNKNOWN","108001001007","어스 > 의류 > 상의 > 반소매 티셔츠","confirmed","tops","shirt_blouse","shirt_blouse","short_sleeve","unknown","not_applicable","not_applicable","unknown","tops","","direct","true","bounded official product sample is semantically consistent"
"musinsa","UNKNOWN","108001001008","어스 > 의류 > 상의 > 민소매 티셔츠","confirmed","tops","shirt_blouse","shirt_blouse","sleeveless","unknown","not_applicable","not_applicable","unknown","tops","","direct","true","bounded official product sample is semantically consistent"
"musinsa","UNKNOWN","108001001009","어스 > 의류 > 상의 > 스포츠 상의","confirmed","tops","shirt_blouse","shirt","unknown","unknown","not_applicable","not_applicable","unknown","tops","","direct","true","bounded official product sample is semantically consistent"
"musinsa","UNKNOWN","108001001010","어스 > 의류 > 상의 > 기타 상의","review_required","","","","unknown","unknown","not_applicable","not_applicable","unknown","","","review_required","false","bounded sample is mixed, unknown, or insufficient"
"musinsa","UNKNOWN","108001002","어스 > 의류 > 아우터","navigation_only","","","","unknown","unknown","not_applicable","not_applicable","unknown","","","navigation_only","false","navigation grouping/non-leaf"
"musinsa","UNKNOWN","108001002001","어스 > 의류 > 아우터 > 블루종/MA-1","review_required","","","","unknown","unknown","not_applicable","not_applicable","unknown","","","review_required","false","bounded sample is mixed, unknown, or insufficient"
"musinsa","UNKNOWN","108001002002","어스 > 의류 > 아우터 > 레더/라이더스 재킷","review_required","","","","unknown","unknown","not_applicable","not_applicable","unknown","","","review_required","false","bounded sample is mixed, unknown, or insufficient"
"musinsa","UNKNOWN","108001002003","어스 > 의류 > 아우터 > 슈트/블레이저 재킷","review_required","","","","unknown","unknown","not_applicable","not_applicable","unknown","","","review_required","false","bounded sample is mixed, unknown, or insufficient"
"musinsa","UNKNOWN","108001002005","어스 > 의류 > 아우터 > 나일론/코치 재킷","review_required","","","","unknown","unknown","not_applicable","not_applicable","unknown","","","review_required","false","bounded sample is mixed, unknown, or insufficient"
"musinsa","UNKNOWN","108001002006","어스 > 의류 > 아우터 > 겨울 싱글 코트","confirmed","outerwear","coat","coat","unknown","unknown","not_applicable","not_applicable","unknown","outerwear","","direct","true","bounded official product sample is semantically consistent"
"musinsa","UNKNOWN","108001002007","어스 > 의류 > 아우터 > 환절기 코트","confirmed","outerwear","coat","coat","unknown","unknown","not_applicable","not_applicable","unknown","outerwear","","direct","true","bounded official product sample is semantically consistent"
"musinsa","UNKNOWN","108001002008","어스 > 의류 > 아우터 > 겨울 기타 코트","review_required","","","","unknown","unknown","not_applicable","not_applicable","unknown","","","review_required","false","bounded sample is mixed, unknown, or insufficient"
"musinsa","UNKNOWN","108001002009","어스 > 의류 > 아우터 > 숏패딩/헤비 아우터","review_required","","","","unknown","unknown","not_applicable","not_applicable","unknown","","","review_required","false","bounded sample is mixed, unknown, or insufficient"
"musinsa","UNKNOWN","108001002010","어스 > 의류 > 아우터 > 롱패딩/헤비 아우터","confirmed","outerwear","puffer_jacket","puffer_jacket","unknown","unknown","not_applicable","not_applicable","unknown","outerwear","","direct","true","bounded official product sample is semantically consistent"
"musinsa","UNKNOWN","108001002011","어스 > 의류 > 아우터 > 사파리/헌팅 재킷","review_required","","","","unknown","unknown","not_applicable","not_applicable","unknown","","","review_required","false","bounded sample is mixed, unknown, or insufficient"
"musinsa","UNKNOWN","108001002012","어스 > 의류 > 아우터 > 기타 아우터","review_required","","","","unknown","unknown","not_applicable","not_applicable","unknown","","","review_required","false","bounded sample is mixed, unknown, or insufficient"
"musinsa","UNKNOWN","108001002013","어스 > 의류 > 아우터 > 패딩 베스트","review_required","","","","unknown","unknown","not_applicable","not_applicable","unknown","","","review_required","false","bounded sample is mixed, unknown, or insufficient"
"musinsa","UNKNOWN","108001002014","어스 > 의류 > 아우터 > 트러커 재킷","confirmed","bottoms","denim_pants","jacket","unknown","unknown","not_applicable","not_applicable","unknown","bottoms","","direct","true","bounded official product sample is semantically consistent"
"musinsa","UNKNOWN","108001002015","어스 > 의류 > 아우터 > 트레이닝 재킷","confirmed","outerwear","jacket","jacket","unknown","unknown","not_applicable","not_applicable","unknown","outerwear","","direct","true","bounded official product sample is semantically consistent"
"musinsa","UNKNOWN","108001002016","어스 > 의류 > 아우터 > 아노락 재킷","review_required","","","","unknown","unknown","not_applicable","not_applicable","unknown","","","review_required","false","bounded sample is mixed, unknown, or insufficient"
"musinsa","UNKNOWN","108001002017","어스 > 의류 > 아우터 > 카디건","confirmed","tops","cardigan","cardigan","unknown","unknown","not_applicable","not_applicable","unknown","tops","","direct","true","bounded official product sample is semantically consistent"
"musinsa","UNKNOWN","108001002018","어스 > 의류 > 아우터 > 베스트","review_required","","","","unknown","unknown","not_applicable","not_applicable","unknown","","","review_required","false","bounded sample is mixed, unknown, or insufficient"
"musinsa","UNKNOWN","108001002019","어스 > 의류 > 아우터 > 후드 집업","confirmed","tops","zip_hoodie","zip_hoodie","unknown","unknown","not_applicable","not_applicable","unknown","tops","","direct","true","bounded official product sample is semantically consistent"
"musinsa","UNKNOWN","108001002020","어스 > 의류 > 아우터 > 플리스/뽀글이","review_required","","","","unknown","unknown","not_applicable","not_applicable","unknown","","","review_required","false","bounded sample is mixed, unknown, or insufficient"
"musinsa","UNKNOWN","108001002021","어스 > 의류 > 아우터 > 겨울 더블 코트","confirmed","outerwear","coat","coat","unknown","unknown","not_applicable","not_applicable","unknown","outerwear","","direct","true","bounded official product sample is semantically consistent"
"musinsa","UNKNOWN","108001003","어스 > 의류 > 바지","navigation_only","","","","unknown","unknown","not_applicable","not_applicable","unknown","","","navigation_only","false","navigation grouping/non-leaf"
"musinsa","UNKNOWN","108001003001","어스 > 의류 > 바지 > 데님 팬츠","confirmed","bottoms","denim_pants","denim_pants","unknown","unknown","not_applicable","not_applicable","unknown","bottoms","","direct","true","bounded official product sample is semantically consistent"
"musinsa","UNKNOWN","108001003002","어스 > 의류 > 바지 > 트레이닝/조거 팬츠","review_required","","","","unknown","unknown","not_applicable","not_applicable","unknown","","","review_required","false","bounded sample is mixed, unknown, or insufficient"
"musinsa","UNKNOWN","108001003003","어스 > 의류 > 바지 > 레깅스","confirmed","leggings","leggings","leggings","unknown","unknown","unknown","not_applicable","unknown","leggings","","direct","true","bounded official product sample is semantically consistent"
"musinsa","UNKNOWN","108001003004","어스 > 의류 > 바지 > 기타 바지","review_required","","","","unknown","unknown","not_applicable","not_applicable","unknown","","","review_required","false","bounded sample is mixed, unknown, or insufficient"
"musinsa","UNKNOWN","108001003005","어스 > 의류 > 바지 > 코튼 팬츠","confirmed","bottoms","casual_pants","casual_pants","unknown","unknown","not_applicable","not_applicable","unknown","bottoms","","direct","true","bounded official product sample is semantically consistent"
"musinsa","UNKNOWN","108001003006","어스 > 의류 > 바지 > 슈트 팬츠/슬랙스","review_required","","","","unknown","unknown","not_applicable","not_applicable","unknown","","","review_required","false","bounded sample is mixed, unknown, or insufficient"
"musinsa","UNKNOWN","108001003007","어스 > 의류 > 바지 > 숏 팬츠","confirmed","bottoms","casual_pants","casual_pants","unknown","short_length","not_applicable","not_applicable","unknown","bottoms","","direct","true","bounded official product sample is semantically consistent"
"musinsa","UNKNOWN","108001003008","어스 > 의류 > 바지 > 점프슈트/오버올","review_required","","","","unknown","unknown","not_applicable","not_applicable","unknown","","","review_required","false","bounded sample is mixed, unknown, or insufficient"
"musinsa","UNKNOWN","108001003009","어스 > 의류 > 바지 > 스포츠 하의","confirmed","bottoms","casual_pants","casual_pants","unknown","unknown","not_applicable","not_applicable","unknown","bottoms","","direct","true","bounded official product sample is semantically consistent"
"musinsa","UNKNOWN","108001004","어스 > 의류 > 원피스","navigation_only","","","","unknown","unknown","not_applicable","not_applicable","unknown","","","navigation_only","false","navigation grouping/non-leaf"
"musinsa","UNKNOWN","108001004001","어스 > 의류 > 원피스 > 미니원피스","confirmed","dresses","dress","dress","unknown","unknown","not_applicable","not_applicable","unknown","dresses","","direct","true","bounded official product sample is semantically consistent"
"musinsa","UNKNOWN","108001004002","어스 > 의류 > 원피스 > 미디원피스","confirmed","dresses","dress","dress","unknown","unknown","not_applicable","not_applicable","unknown","dresses","","direct","true","bounded official product sample is semantically consistent"
"musinsa","UNKNOWN","108001004003","어스 > 의류 > 원피스 > 맥시원피스","confirmed","dresses","dress","dress","unknown","unknown","not_applicable","not_applicable","unknown","dresses","","direct","true","bounded official product sample is semantically consistent"
"musinsa","UNKNOWN","108001005","어스 > 의류 > 스커트","navigation_only","","","","unknown","unknown","not_applicable","unknown","unknown","","","navigation_only","false","navigation grouping/non-leaf"
"musinsa","UNKNOWN","108001005001","어스 > 의류 > 스커트 > 미니스커트","confirmed","skirts","skirt","skirt","unknown","unknown","not_applicable","mini","unknown","skirts","","direct","true","bounded official product sample is semantically consistent"
"musinsa","UNKNOWN","108001005002","어스 > 의류 > 스커트 > 미디스커트","confirmed","skirts","skirt","skirt","unknown","unknown","not_applicable","midi","unknown","skirts","","direct","true","bounded official product sample is semantically consistent"
"musinsa","UNKNOWN","108001005003","어스 > 의류 > 스커트 > 롱스커트","confirmed","skirts","skirt","skirt","unknown","unknown","not_applicable","maxi","unknown","skirts","","direct","true","bounded official product sample is semantically consistent"
"musinsa","UNKNOWN","108001006","어스 > 의류 > 속옷/홈웨어","navigation_only","","","","unknown","unknown","not_applicable","not_applicable","unknown","","","navigation_only","false","navigation grouping/non-leaf"
"musinsa","UNKNOWN","108001006001","어스 > 의류 > 속옷/홈웨어 > 여성 속옷 상의","confirmed","underwear","bra","underwear_top","unknown","unknown","not_applicable","not_applicable","unknown","underwear","","transform_required","true","bounded official product sample is semantically consistent"
"musinsa","UNKNOWN","108001006002","어스 > 의류 > 속옷/홈웨어 > 여성 속옷 하의","confirmed","underwear","briefs","underwear_bottom","unknown","unknown","not_applicable","not_applicable","unknown","underwear","","transform_required","true","bounded official product sample is semantically consistent"
"musinsa","UNKNOWN","108001006003","어스 > 의류 > 속옷/홈웨어 > 여성 속옷 세트","unsupported","","","","unknown","unknown","not_applicable","not_applicable","unknown","","","unsupported_by_current_app","false","garment requires FitMatch support review"
"musinsa","UNKNOWN","108001006004","어스 > 의류 > 속옷/홈웨어 > 남성 속옷","confirmed","underwear","briefs","underwear_bottom","unknown","unknown","not_applicable","not_applicable","unknown","underwear","","transform_required","true","bounded official product sample is semantically consistent"
"musinsa","UNKNOWN","108001006005","어스 > 의류 > 속옷/홈웨어 > 홈웨어","review_required","","","","unknown","unknown","not_applicable","not_applicable","unknown","","","review_required","false","bounded sample is mixed, unknown, or insufficient"
"musinsa","UNKNOWN","108002","어스 > 신발","navigation_only","","","","unknown","unknown","not_applicable","not_applicable","unknown","","","navigation_only","false","navigation grouping/non-leaf"
"musinsa","UNKNOWN","108002001","어스 > 신발 > 구두","navigation_only","","","","unknown","unknown","not_applicable","not_applicable","unknown","","","navigation_only","false","navigation grouping/non-leaf"
"musinsa","UNKNOWN","108002001001","어스 > 신발 > 구두 > 더비 슈즈","rejected","","","","unknown","unknown","not_applicable","not_applicable","unknown","","","rejected","false","path denotes non-garment merchandise"
"musinsa","UNKNOWN","108002001003","어스 > 신발 > 구두 > 스트레이트 팁","rejected","","","","unknown","unknown","not_applicable","not_applicable","unknown","","","rejected","false","path denotes non-garment merchandise"
"musinsa","UNKNOWN","108002001005","어스 > 신발 > 구두 > 플레인 토","rejected","","","","unknown","unknown","not_applicable","not_applicable","unknown","","","rejected","false","path denotes non-garment merchandise"
"musinsa","UNKNOWN","108002001006","어스 > 신발 > 구두 > 기타 구두","rejected","","","","unknown","unknown","not_applicable","not_applicable","unknown","","","rejected","false","path denotes non-garment merchandise"
"musinsa","UNKNOWN","108002001007","어스 > 신발 > 구두 > 로퍼","rejected","","","","unknown","unknown","not_applicable","not_applicable","unknown","","","rejected","false","path denotes non-garment merchandise"
"musinsa","UNKNOWN","108002001011","어스 > 신발 > 구두 > 힐/펌프스","rejected","","","","unknown","unknown","not_applicable","not_applicable","unknown","","","rejected","false","path denotes non-garment merchandise"
"musinsa","UNKNOWN","108002001012","어스 > 신발 > 구두 > 메리제인 슈즈","rejected","","","","unknown","unknown","not_applicable","not_applicable","unknown","","","rejected","false","path denotes non-garment merchandise"
"musinsa","UNKNOWN","108002001016","어스 > 신발 > 구두 > 플랫 슈즈","rejected","","","","unknown","unknown","not_applicable","not_applicable","unknown","","","rejected","false","path denotes non-garment merchandise"
"musinsa","UNKNOWN","108002002","어스 > 신발 > 부츠/워커","navigation_only","","","","unknown","unknown","not_applicable","not_applicable","unknown","","","navigation_only","false","navigation grouping/non-leaf"
"musinsa","UNKNOWN","108002002001","어스 > 신발 > 부츠/워커 > 앵클/숏 부츠","rejected","","","","unknown","ankle_length","not_applicable","not_applicable","unknown","","","rejected","false","path denotes non-garment merchandise"
"musinsa","UNKNOWN","108002002002","어스 > 신발 > 부츠/워커 > 미들/하프 부츠","rejected","","","","unknown","unknown","not_applicable","not_applicable","unknown","","","rejected","false","path denotes non-garment merchandise"
"musinsa","UNKNOWN","108002002003","어스 > 신발 > 부츠/워커 > 롱 부츠","rejected","","","","unknown","unknown","not_applicable","not_applicable","unknown","","","rejected","false","path denotes non-garment merchandise"
"musinsa","UNKNOWN","108002002005","어스 > 신발 > 부츠/워커 > 레인 부츠","rejected","","","","unknown","unknown","not_applicable","not_applicable","unknown","","","rejected","false","path denotes non-garment merchandise"
"musinsa","UNKNOWN","108002002006","어스 > 신발 > 부츠/워커 > 기타 부츠","rejected","","","","unknown","unknown","not_applicable","not_applicable","unknown","","","rejected","false","path denotes non-garment merchandise"
"musinsa","UNKNOWN","108002002007","어스 > 신발 > 부츠/워커 > 워커","rejected","","","","unknown","unknown","not_applicable","not_applicable","unknown","","","rejected","false","path denotes non-garment merchandise"
"musinsa","UNKNOWN","108002003","어스 > 신발 > 샌들/슬리퍼","navigation_only","","","","unknown","unknown","not_applicable","not_applicable","unknown","","","navigation_only","false","navigation grouping/non-leaf"
"musinsa","UNKNOWN","108002003001","어스 > 신발 > 샌들/슬리퍼 > 클로그","rejected","","","","unknown","unknown","not_applicable","not_applicable","unknown","","","rejected","false","path denotes non-garment merchandise"
"musinsa","UNKNOWN","108002003002","어스 > 신발 > 샌들/슬리퍼 > 스포츠/캐주얼 샌들","rejected","","","","unknown","unknown","not_applicable","not_applicable","unknown","","","rejected","false","path denotes non-garment merchandise"
"musinsa","UNKNOWN","108002003003","어스 > 신발 > 샌들/슬리퍼 > 슬링백 샌들","rejected","","","","unknown","unknown","not_applicable","not_applicable","unknown","","","rejected","false","path denotes non-garment merchandise"
"musinsa","UNKNOWN","108002003004","어스 > 신발 > 샌들/슬리퍼 > 스트랩 샌들","rejected","","","","unknown","unknown","not_applicable","not_applicable","unknown","","","rejected","false","path denotes non-garment merchandise"
"musinsa","UNKNOWN","108002003005","어스 > 신발 > 샌들/슬리퍼 > 기타 샌들","rejected","","","","unknown","unknown","not_applicable","not_applicable","unknown","","","rejected","false","path denotes non-garment merchandise"
"musinsa","UNKNOWN","108002003007","어스 > 신발 > 샌들/슬리퍼 > 슬라이드","rejected","","","","unknown","unknown","not_applicable","not_applicable","unknown","","","rejected","false","path denotes non-garment merchandise"
"musinsa","UNKNOWN","108002003008","어스 > 신발 > 샌들/슬리퍼 > 실내화","rejected","","","","unknown","unknown","not_applicable","not_applicable","unknown","","","rejected","false","path denotes non-garment merchandise"
"musinsa","UNKNOWN","108002003009","어스 > 신발 > 샌들/슬리퍼 > 기타 슬리퍼","rejected","","","","unknown","unknown","not_applicable","not_applicable","unknown","","","rejected","false","path denotes non-garment merchandise"
"musinsa","UNKNOWN","108002003010","어스 > 신발 > 샌들/슬리퍼 > 쪼리/플립플랍","rejected","","","","unknown","unknown","not_applicable","not_applicable","unknown","","","rejected","false","path denotes non-garment merchandise"
"musinsa","UNKNOWN","108002004","어스 > 신발 > 스니커즈","navigation_only","","","","unknown","unknown","not_applicable","not_applicable","unknown","","","navigation_only","false","navigation grouping/non-leaf"
"musinsa","UNKNOWN","108002004001","어스 > 신발 > 스니커즈 > 캔버스/단화","rejected","","","","unknown","unknown","not_applicable","not_applicable","unknown","","","rejected","false","path denotes non-garment merchandise"
"musinsa","UNKNOWN","108002004003","어스 > 신발 > 스니커즈 > 슬립온","rejected","","","","unknown","unknown","not_applicable","not_applicable","unknown","","","rejected","false","path denotes non-garment merchandise"
"musinsa","UNKNOWN","108002004004","어스 > 신발 > 스니커즈 > 패션스니커즈화","rejected","","","","unknown","unknown","not_applicable","not_applicable","unknown","","","rejected","false","path denotes non-garment merchandise"
"musinsa","UNKNOWN","108002004005","어스 > 신발 > 스니커즈 > 기타 스니커즈","rejected","","","","unknown","unknown","not_applicable","not_applicable","unknown","","","rejected","false","path denotes non-garment merchandise"
"musinsa","UNKNOWN","108002006","어스 > 신발 > 신발용품","navigation_only","","","","unknown","unknown","not_applicable","not_applicable","unknown","","","navigation_only","false","navigation grouping/non-leaf"
"musinsa","UNKNOWN","108002006009","어스 > 신발 > 신발용품 > 깔창","rejected","","","","unknown","unknown","not_applicable","not_applicable","unknown","","","rejected","false","path denotes non-garment merchandise"
"musinsa","UNKNOWN","108002006010","어스 > 신발 > 신발용품 > 신발끈","rejected","","","","unknown","unknown","not_applicable","not_applicable","unknown","","","rejected","false","path denotes non-garment merchandise"
"musinsa","UNKNOWN","108003","어스 > 패션소품","navigation_only","","","","unknown","unknown","not_applicable","not_applicable","unknown","","","navigation_only","false","navigation grouping/non-leaf"
"musinsa","UNKNOWN","108003001","어스 > 패션소품 > 가방","navigation_only","","","","unknown","unknown","not_applicable","not_applicable","unknown","","","navigation_only","false","navigation grouping/non-leaf"
"musinsa","UNKNOWN","108003001001","어스 > 패션소품 > 가방 > 백팩","rejected","","","","unknown","unknown","not_applicable","not_applicable","unknown","","","rejected","false","path denotes non-garment merchandise"
"musinsa","UNKNOWN","108003001002","어스 > 패션소품 > 가방 > 메신저/크로스백","rejected","","","","unknown","unknown","not_applicable","not_applicable","unknown","","","rejected","false","path denotes non-garment merchandise"
"musinsa","UNKNOWN","108003001003","어스 > 패션소품 > 가방 > 숄더백","rejected","","","","unknown","unknown","not_applicable","not_applicable","unknown","","","rejected","false","path denotes non-garment merchandise"
"musinsa","UNKNOWN","108003001004","어스 > 패션소품 > 가방 > 클러치백","rejected","","","","unknown","unknown","not_applicable","not_applicable","unknown","","","rejected","false","path denotes non-garment merchandise"
"musinsa","UNKNOWN","108003001005","어스 > 패션소품 > 가방 > 보스턴/더플백","rejected","","","","unknown","unknown","not_applicable","not_applicable","unknown","","","rejected","false","path denotes non-garment merchandise"
"musinsa","UNKNOWN","108003001006","어스 > 패션소품 > 가방 > 웨이스트백","rejected","","","","unknown","unknown","not_applicable","not_applicable","unknown","","","rejected","false","path denotes non-garment merchandise"
"musinsa","UNKNOWN","108003001007","어스 > 패션소품 > 가방 > 브리프케이스","confirmed","underwear","briefs","underwear_bottom","unknown","unknown","not_applicable","not_applicable","unknown","underwear","","transform_required","true","bounded official product sample is semantically consistent"
"musinsa","UNKNOWN","108003001008","어스 > 패션소품 > 가방 > 캐리어","rejected","","","","unknown","unknown","not_applicable","not_applicable","unknown","","","rejected","false","path denotes non-garment merchandise"
"musinsa","UNKNOWN","108003001009","어스 > 패션소품 > 가방 > 가방 소품","rejected","","","","unknown","unknown","not_applicable","not_applicable","unknown","","","rejected","false","path denotes non-garment merchandise"
"musinsa","UNKNOWN","108003001010","어스 > 패션소품 > 가방 > 파우치백","rejected","","","","unknown","unknown","not_applicable","not_applicable","unknown","","","rejected","false","path denotes non-garment merchandise"
"musinsa","UNKNOWN","108003001011","어스 > 패션소품 > 가방 > 에코백","rejected","","","","unknown","unknown","not_applicable","not_applicable","unknown","","","rejected","false","path denotes non-garment merchandise"
"musinsa","UNKNOWN","108003001012","어스 > 패션소품 > 가방 > 토트백","rejected","","","","unknown","unknown","not_applicable","not_applicable","unknown","","","rejected","false","path denotes non-garment merchandise"
"musinsa","UNKNOWN","108003001013","어스 > 패션소품 > 가방 > 지갑/머니클립","rejected","","","","unknown","unknown","not_applicable","not_applicable","unknown","","","rejected","false","path denotes non-garment merchandise"
"musinsa","UNKNOWN","108003002","어스 > 패션소품 > 모자","navigation_only","","","","unknown","unknown","not_applicable","not_applicable","unknown","","","navigation_only","false","navigation grouping/non-leaf"
"musinsa","UNKNOWN","108003002001","어스 > 패션소품 > 모자 > 캡/야구모자","rejected","","","","unknown","unknown","not_applicable","not_applicable","unknown","","","rejected","false","path denotes non-garment merchandise"
"musinsa","UNKNOWN","108003002002","어스 > 패션소품 > 모자 > 헌팅캡/베레모","rejected","","","","unknown","unknown","not_applicable","not_applicable","unknown","","","rejected","false","path denotes non-garment merchandise"
"musinsa","UNKNOWN","108003002004","어스 > 패션소품 > 모자 > 버킷/사파리햇","rejected","","","","unknown","unknown","not_applicable","not_applicable","unknown","","","rejected","false","path denotes non-garment merchandise"
"musinsa","UNKNOWN","108003002005","어스 > 패션소품 > 모자 > 비니","rejected","","","","unknown","unknown","not_applicable","not_applicable","unknown","","","rejected","false","path denotes non-garment merchandise"
"musinsa","UNKNOWN","108003002006","어스 > 패션소품 > 모자 > 트루퍼","rejected","","","","unknown","unknown","not_applicable","not_applicable","unknown","","","rejected","false","path denotes non-garment merchandise"
"musinsa","UNKNOWN","108003002007","어스 > 패션소품 > 모자 > 기타 모자","rejected","","","","unknown","unknown","not_applicable","not_applicable","unknown","","","rejected","false","path denotes non-garment merchandise"
"musinsa","UNKNOWN","108003003","어스 > 패션소품 > 양말/레그웨어","navigation_only","","","","unknown","unknown","not_applicable","not_applicable","unknown","","","navigation_only","false","navigation grouping/non-leaf"
"musinsa","UNKNOWN","108003003001","어스 > 패션소품 > 양말/레그웨어 > 양말","rejected","","","","unknown","unknown","not_applicable","not_applicable","unknown","","","rejected","false","path denotes non-garment merchandise"
"musinsa","UNKNOWN","108003003002","어스 > 패션소품 > 양말/레그웨어 > 스타킹","rejected","","","","unknown","unknown","not_applicable","not_applicable","unknown","","","rejected","false","path denotes non-garment merchandise"
"musinsa","UNKNOWN","108003004","어스 > 패션소품 > 선글라스/안경테","navigation_only","","","","unknown","unknown","not_applicable","not_applicable","unknown","","","navigation_only","false","navigation grouping/non-leaf"
"musinsa","UNKNOWN","108003004002","어스 > 패션소품 > 선글라스/안경테 > 선글라스","rejected","","","","unknown","unknown","not_applicable","not_applicable","unknown","","","rejected","false","path denotes non-garment merchandise"
"musinsa","UNKNOWN","108003004003","어스 > 패션소품 > 선글라스/안경테 > 안경소품","rejected","","","","unknown","unknown","not_applicable","not_applicable","unknown","","","rejected","false","path denotes non-garment merchandise"
"musinsa","UNKNOWN","108003005","어스 > 패션소품 > 액세서리","navigation_only","","","","unknown","unknown","not_applicable","not_applicable","unknown","","","navigation_only","false","navigation grouping/non-leaf"
"musinsa","UNKNOWN","108003005001","어스 > 패션소품 > 액세서리 > 기타 액세서리","rejected","","","","unknown","unknown","not_applicable","not_applicable","unknown","","","rejected","false","path denotes non-garment merchandise"
"musinsa","UNKNOWN","108003005002","어스 > 패션소품 > 액세서리 > 벨트","rejected","","","","unknown","unknown","not_applicable","not_applicable","unknown","","","rejected","false","path denotes non-garment merchandise"
"musinsa","UNKNOWN","108003005003","어스 > 패션소품 > 액세서리 > 넥타이","rejected","","","","unknown","unknown","not_applicable","not_applicable","unknown","","","rejected","false","path denotes non-garment merchandise"
"musinsa","UNKNOWN","108003005004","어스 > 패션소품 > 액세서리 > 머플러","rejected","","","","unknown","unknown","not_applicable","not_applicable","unknown","","","rejected","false","path denotes non-garment merchandise"
"musinsa","UNKNOWN","108003005005","어스 > 패션소품 > 액세서리 > 장갑","rejected","","","","unknown","unknown","not_applicable","not_applicable","unknown","","","rejected","false","path denotes non-garment merchandise"
"musinsa","UNKNOWN","108003005006","어스 > 패션소품 > 액세서리 > 키링/키케이스","rejected","","","","unknown","unknown","not_applicable","not_applicable","unknown","","","rejected","false","path denotes non-garment merchandise"
"musinsa","UNKNOWN","108003005007","어스 > 패션소품 > 액세서리 > 스카프/반다나","rejected","","","","unknown","unknown","not_applicable","not_applicable","unknown","","","rejected","false","path denotes non-garment merchandise"
"musinsa","UNKNOWN","108003005008","어스 > 패션소품 > 액세서리 > 마스크","rejected","","","","unknown","unknown","not_applicable","not_applicable","unknown","","","rejected","false","path denotes non-garment merchandise"
"musinsa","UNKNOWN","108003006","어스 > 패션소품 > 시계","navigation_only","","","","unknown","unknown","not_applicable","not_applicable","unknown","","","navigation_only","false","navigation grouping/non-leaf"
"musinsa","UNKNOWN","108003006005","어스 > 패션소품 > 시계 > 시계용품","rejected","","","","unknown","unknown","not_applicable","not_applicable","unknown","","","rejected","false","path denotes non-garment merchandise"
"musinsa","UNKNOWN","108003007","어스 > 패션소품 > 주얼리","navigation_only","","","","unknown","unknown","not_applicable","not_applicable","unknown","","","navigation_only","false","navigation grouping/non-leaf"
"musinsa","UNKNOWN","108003007001","어스 > 패션소품 > 주얼리 > 팔찌","rejected","","","","unknown","unknown","not_applicable","not_applicable","unknown","","","rejected","false","path denotes non-garment merchandise"
"musinsa","UNKNOWN","108003007002","어스 > 패션소품 > 주얼리 > 반지","rejected","","","","unknown","unknown","not_applicable","not_applicable","unknown","","","rejected","false","path denotes non-garment merchandise"
"musinsa","UNKNOWN","108003007003","어스 > 패션소품 > 주얼리 > 목걸이/펜던트","rejected","","","","unknown","unknown","not_applicable","not_applicable","unknown","","","rejected","false","path denotes non-garment merchandise"
"musinsa","UNKNOWN","108003007005","어스 > 패션소품 > 주얼리 > 발찌","rejected","","","","unknown","unknown","not_applicable","not_applicable","unknown","","","rejected","false","path denotes non-garment merchandise"
"musinsa","UNKNOWN","108003007006","어스 > 패션소품 > 주얼리 > 브로치/배지","rejected","","","","unknown","unknown","not_applicable","not_applicable","unknown","","","rejected","false","path denotes non-garment merchandise"
"musinsa","UNKNOWN","108003007007","어스 > 패션소품 > 주얼리 > 헤어 액세서리","rejected","","","","unknown","unknown","not_applicable","not_applicable","unknown","","","rejected","false","path denotes non-garment merchandise"
"musinsa","UNKNOWN","108004","어스 > 디지털/가전","navigation_only","","","","unknown","unknown","not_applicable","not_applicable","unknown","","","navigation_only","false","navigation grouping/non-leaf"
"musinsa","UNKNOWN","108004001","어스 > 디지털/가전 > 음향가전","navigation_only","","","","unknown","unknown","not_applicable","not_applicable","unknown","","","navigation_only","false","navigation grouping/non-leaf"
"musinsa","UNKNOWN","108004001007","어스 > 디지털/가전 > 음향가전 > 음향기기 액세서리","rejected","","","","unknown","unknown","not_applicable","not_applicable","unknown","","","rejected","false","path denotes non-garment merchandise"
"musinsa","UNKNOWN","108004001008","어스 > 디지털/가전 > 음향가전 > 기타 음향가전","rejected","","","","unknown","unknown","not_applicable","not_applicable","unknown","","","rejected","false","path denotes non-garment merchandise"
"musinsa","UNKNOWN","108004002","어스 > 디지털/가전 > 휴대폰","navigation_only","","","","unknown","unknown","not_applicable","not_applicable","unknown","","","navigation_only","false","navigation grouping/non-leaf"
"musinsa","UNKNOWN","108004002002","어스 > 디지털/가전 > 휴대폰 > 휴대폰 케이스","rejected","","","","unknown","unknown","not_applicable","not_applicable","unknown","","","rejected","false","path denotes non-garment merchandise"
"musinsa","UNKNOWN","108004002004","어스 > 디지털/가전 > 휴대폰 > 셀카봉/거치대","rejected","","","","unknown","unknown","not_applicable","not_applicable","unknown","","","rejected","false","path denotes non-garment merchandise"
"musinsa","UNKNOWN","108004002007","어스 > 디지털/가전 > 휴대폰 > 기타 휴대폰 액세서리","rejected","","","","unknown","unknown","not_applicable","not_applicable","unknown","","","rejected","false","path denotes non-garment merchandise"
"musinsa","UNKNOWN","108004003","어스 > 디지털/가전 > 스마트기기","navigation_only","","","","unknown","unknown","not_applicable","not_applicable","unknown","","","navigation_only","false","navigation grouping/non-leaf"
"musinsa","UNKNOWN","108004003002","어스 > 디지털/가전 > 스마트기기 > 스마트워치 액세서리","rejected","","","","unknown","unknown","not_applicable","not_applicable","unknown","","","rejected","false","path denotes non-garment merchandise"
"musinsa","UNKNOWN","108004004","어스 > 디지털/가전 > 태블릿","navigation_only","","","","unknown","unknown","not_applicable","not_applicable","unknown","","","navigation_only","false","navigation grouping/non-leaf"
"musinsa","UNKNOWN","108004004002","어스 > 디지털/가전 > 태블릿 > 태블릿 액세서리","rejected","","","","unknown","unknown","not_applicable","not_applicable","unknown","","","rejected","false","path denotes non-garment merchandise"
"musinsa","UNKNOWN","108004006","어스 > 디지털/가전 > 컴퓨터","navigation_only","","","","unknown","unknown","not_applicable","not_applicable","unknown","","","navigation_only","false","navigation grouping/non-leaf"
"musinsa","UNKNOWN","108004006004","어스 > 디지털/가전 > 컴퓨터 > 컴퓨터 주변기기","rejected","","","","unknown","unknown","not_applicable","not_applicable","unknown","","","rejected","false","path denotes non-garment merchandise"
"musinsa","UNKNOWN","108004006007","어스 > 디지털/가전 > 컴퓨터 > 기타 컴퓨터용품","rejected","","","","unknown","unknown","not_applicable","not_applicable","unknown","","","rejected","false","path denotes non-garment merchandise"
"musinsa","UNKNOWN","108005","어스 > 가구/인테리어","navigation_only","","","","unknown","unknown","not_applicable","not_applicable","unknown","","","navigation_only","false","navigation grouping/non-leaf"
"musinsa","UNKNOWN","108005001","어스 > 가구/인테리어 > 가구","navigation_only","","","","unknown","unknown","not_applicable","not_applicable","unknown","","","navigation_only","false","navigation grouping/non-leaf"
"musinsa","UNKNOWN","108005001002","어스 > 가구/인테리어 > 가구 > 드레스룸가구","review_required","","","","unknown","unknown","not_applicable","not_applicable","unknown","","","review_required","false","bounded sample is mixed, unknown, or insufficient"
"musinsa","UNKNOWN","108005001005","어스 > 가구/인테리어 > 가구 > 기타 가구","rejected","","","","unknown","unknown","not_applicable","not_applicable","unknown","","","rejected","false","path denotes non-garment merchandise"
"musinsa","UNKNOWN","108005002","어스 > 가구/인테리어 > 조명","navigation_only","","","","unknown","unknown","not_applicable","not_applicable","unknown","","","navigation_only","false","navigation grouping/non-leaf"
"musinsa","UNKNOWN","108005002003","어스 > 가구/인테리어 > 조명 > 인테리어조명","rejected","","","","unknown","unknown","not_applicable","not_applicable","unknown","","","rejected","false","path denotes non-garment merchandise"
"musinsa","UNKNOWN","108005003","어스 > 가구/인테리어 > 침구","navigation_only","","","","unknown","unknown","not_applicable","not_applicable","unknown","","","navigation_only","false","navigation grouping/non-leaf"
"musinsa","UNKNOWN","108005003001","어스 > 가구/인테리어 > 침구 > 이불","rejected","","","","unknown","unknown","not_applicable","not_applicable","unknown","","","rejected","false","path denotes non-garment merchandise"
"musinsa","UNKNOWN","108005003002","어스 > 가구/인테리어 > 침구 > 베개","rejected","","","","unknown","unknown","not_applicable","not_applicable","unknown","","","rejected","false","path denotes non-garment merchandise"
"musinsa","UNKNOWN","108005003003","어스 > 가구/인테리어 > 침구 > 패드","rejected","","","","unknown","unknown","not_applicable","not_applicable","unknown","","","rejected","false","path denotes non-garment merchandise"
"musinsa","UNKNOWN","108005003005","어스 > 가구/인테리어 > 침구 > 담요/블랭킷","rejected","","","","unknown","unknown","not_applicable","not_applicable","unknown","","","rejected","false","path denotes non-garment merchandise"
"musinsa","UNKNOWN","108005004","어스 > 가구/인테리어 > 홈패브릭","navigation_only","","","","unknown","unknown","not_applicable","not_applicable","unknown","","","navigation_only","false","navigation grouping/non-leaf"
"musinsa","UNKNOWN","108005004003","어스 > 가구/인테리어 > 홈패브릭 > 쿠션/방석","rejected","","","","unknown","unknown","not_applicable","not_applicable","unknown","","","rejected","false","path denotes non-garment merchandise"
"musinsa","UNKNOWN","108005004004","어스 > 가구/인테리어 > 홈패브릭 > 러그/매트","rejected","","","","unknown","unknown","not_applicable","not_applicable","unknown","","","rejected","false","path denotes non-garment merchandise"
"musinsa","UNKNOWN","108005004005","어스 > 가구/인테리어 > 홈패브릭 > 소파/생활커버","rejected","","","","unknown","unknown","not_applicable","not_applicable","unknown","","","rejected","false","path denotes non-garment merchandise"
"musinsa","UNKNOWN","108005005","어스 > 가구/인테리어 > 홈인테리어","navigation_only","","","","unknown","unknown","not_applicable","not_applicable","unknown","","","navigation_only","false","navigation grouping/non-leaf"
"musinsa","UNKNOWN","108005005001","어스 > 가구/인테리어 > 홈인테리어 > 디퓨저","rejected","","","","unknown","unknown","not_applicable","not_applicable","unknown","","","rejected","false","path denotes non-garment merchandise"
"musinsa","UNKNOWN","108005005002","어스 > 가구/인테리어 > 홈인테리어 > 인센스","rejected","","","","unknown","unknown","not_applicable","not_applicable","unknown","","","rejected","false","path denotes non-garment merchandise"
"musinsa","UNKNOWN","108005005003","어스 > 가구/인테리어 > 홈인테리어 > 캔들","rejected","","","","unknown","unknown","not_applicable","not_applicable","unknown","","","rejected","false","path denotes non-garment merchandise"
"musinsa","UNKNOWN","108005005009","어스 > 가구/인테리어 > 홈인테리어 > 기타 홈인테리어","rejected","","","","unknown","unknown","not_applicable","not_applicable","unknown","","","rejected","false","path denotes non-garment merchandise"
"musinsa","UNKNOWN","108006","어스 > 생활/주방","navigation_only","","","","unknown","unknown","not_applicable","not_applicable","unknown","","","navigation_only","false","navigation grouping/non-leaf"
"musinsa","UNKNOWN","108006001","어스 > 생활/주방 > 주방용품","navigation_only","","","","unknown","unknown","not_applicable","not_applicable","unknown","","","navigation_only","false","navigation grouping/non-leaf"
"musinsa","UNKNOWN","108006001001","어스 > 생활/주방 > 주방용품 > 식기/그릇","rejected","","","","unknown","unknown","not_applicable","not_applicable","unknown","","","rejected","false","path denotes non-garment merchandise"
"musinsa","UNKNOWN","108006001002","어스 > 생활/주방 > 주방용품 > 컵/잔","rejected","","","","unknown","unknown","not_applicable","not_applicable","unknown","","","rejected","false","path denotes non-garment merchandise"
"musinsa","UNKNOWN","108006001003","어스 > 생활/주방 > 주방용품 > 텀블러","rejected","","","","unknown","unknown","not_applicable","not_applicable","unknown","","","rejected","false","path denotes non-garment merchandise"
"musinsa","UNKNOWN","108006001007","어스 > 생활/주방 > 주방용품 > 주방패브릭","rejected","","","","unknown","unknown","not_applicable","not_applicable","unknown","","","rejected","false","path denotes non-garment merchandise"
"musinsa","UNKNOWN","108006001008","어스 > 생활/주방 > 주방용품 > 주방수납","rejected","","","","unknown","unknown","not_applicable","not_applicable","unknown","","","rejected","false","path denotes non-garment merchandise"
"musinsa","UNKNOWN","108006001010","어스 > 생활/주방 > 주방용품 > 기타 주방용품","rejected","","","","unknown","unknown","not_applicable","not_applicable","unknown","","","rejected","false","path denotes non-garment merchandise"
"musinsa","UNKNOWN","108006002","어스 > 생활/주방 > 생활용품","navigation_only","","","","unknown","unknown","not_applicable","not_applicable","unknown","","","navigation_only","false","navigation grouping/non-leaf"
"musinsa","UNKNOWN","108006002001","어스 > 생활/주방 > 생활용품 > 우산/양산","rejected","","","","unknown","unknown","not_applicable","not_applicable","unknown","","","rejected","false","path denotes non-garment merchandise"
"musinsa","UNKNOWN","108006002002","어스 > 생활/주방 > 생활용품 > 옷걸이","rejected","","","","unknown","unknown","not_applicable","not_applicable","unknown","","","rejected","false","path denotes non-garment merchandise"
"musinsa","UNKNOWN","108006002003","어스 > 생활/주방 > 생활용품 > 수납/정리","rejected","","","","unknown","unknown","not_applicable","not_applicable","unknown","","","rejected","false","path denotes non-garment merchandise"
"musinsa","UNKNOWN","108006002004","어스 > 생활/주방 > 생활용품 > 청소용품","rejected","","","","unknown","unknown","not_applicable","not_applicable","unknown","","","rejected","false","path denotes non-garment merchandise"
"musinsa","UNKNOWN","108006002005","어스 > 생활/주방 > 생활용품 > 세탁용품","rejected","","","","unknown","unknown","not_applicable","not_applicable","unknown","","","rejected","false","path denotes non-garment merchandise"
"musinsa","UNKNOWN","108006002006","어스 > 생활/주방 > 생활용품 > 기타 생활용품","rejected","","","","unknown","unknown","not_applicable","not_applicable","unknown","","","rejected","false","path denotes non-garment merchandise"
"musinsa","UNKNOWN","108006003","어스 > 생활/주방 > 욕실용품","navigation_only","","","","unknown","unknown","not_applicable","not_applicable","unknown","","","navigation_only","false","navigation grouping/non-leaf"
"musinsa","UNKNOWN","108006003001","어스 > 생활/주방 > 욕실용품 > 수건/타올","rejected","","","","unknown","unknown","not_applicable","not_applicable","unknown","","","rejected","false","path denotes non-garment merchandise"
"musinsa","UNKNOWN","108006003006","어스 > 생활/주방 > 욕실용품 > 기타 욕실용품","rejected","","","","unknown","unknown","not_applicable","not_applicable","unknown","","","rejected","false","path denotes non-garment merchandise"
"musinsa","UNKNOWN","108006004","어스 > 생활/주방 > 기타 라이프","rejected","","","","unknown","unknown","not_applicable","not_applicable","unknown","","","rejected","false","path denotes non-garment merchandise"
"musinsa","UNKNOWN","108007","어스 > 컬처/취미/소품","navigation_only","","","","unknown","unknown","not_applicable","not_applicable","unknown","","","navigation_only","false","navigation grouping/non-leaf"
"musinsa","UNKNOWN","108007002","어스 > 컬처/취미/소품 > 도서/음반","navigation_only","","","","unknown","unknown","not_applicable","not_applicable","unknown","","","navigation_only","false","navigation grouping/non-leaf"
"musinsa","UNKNOWN","108007002001","어스 > 컬처/취미/소품 > 도서/음반 > 도서","rejected","","","","unknown","unknown","not_applicable","not_applicable","unknown","","","rejected","false","path denotes non-garment merchandise"
"musinsa","UNKNOWN","108007003","어스 > 컬처/취미/소품 > 취미","navigation_only","","","","unknown","unknown","not_applicable","not_applicable","unknown","","","navigation_only","false","navigation grouping/non-leaf"
"musinsa","UNKNOWN","108007003001","어스 > 컬처/취미/소품 > 취미 > 토이/피규어","review_required","","","","unknown","unknown","not_applicable","not_applicable","unknown","","","review_required","false","bounded sample is mixed, unknown, or insufficient"
"musinsa","UNKNOWN","108007004","어스 > 컬처/취미/소품 > 스테이셔너리","navigation_only","","","","unknown","unknown","not_applicable","not_applicable","unknown","","","navigation_only","false","navigation grouping/non-leaf"
"musinsa","UNKNOWN","108007004001","어스 > 컬처/취미/소품 > 스테이셔너리 > 다이어리/플래너","review_required","","","","unknown","unknown","not_applicable","not_applicable","unknown","","","review_required","false","bounded sample is mixed, unknown, or insufficient"
"musinsa","UNKNOWN","108007004003","어스 > 컬처/취미/소품 > 스테이셔너리 > 문구용품","rejected","","","","unknown","unknown","not_applicable","not_applicable","unknown","","","rejected","false","path denotes non-garment merchandise"
"musinsa","UNKNOWN","108007004004","어스 > 컬처/취미/소품 > 스테이셔너리 > 기타 사무용품","rejected","","","","unknown","unknown","not_applicable","not_applicable","unknown","","","rejected","false","path denotes non-garment merchandise"
"musinsa","UNKNOWN","108007005","어스 > 컬처/취미/소품 > 아트","navigation_only","","","","unknown","unknown","not_applicable","not_applicable","unknown","","","navigation_only","false","navigation grouping/non-leaf"
"musinsa","UNKNOWN","108007005001","어스 > 컬처/취미/소품 > 아트 > 그림","review_required","","","","unknown","unknown","not_applicable","not_applicable","unknown","","","review_required","false","bounded sample is mixed, unknown, or insufficient"
"musinsa","UNKNOWN","108008","어스 > 반려동물","navigation_only","","","","unknown","unknown","not_applicable","not_applicable","unknown","","","navigation_only","false","navigation grouping/non-leaf"
"musinsa","UNKNOWN","108008001","어스 > 반려동물 > 반려동물 의류","navigation_only","","","","unknown","unknown","not_applicable","not_applicable","unknown","","","navigation_only","false","navigation grouping/non-leaf"
"musinsa","UNKNOWN","108008001001","어스 > 반려동물 > 반려동물 의류 > 아우터","rejected","","","","unknown","unknown","not_applicable","not_applicable","unknown","","","rejected","false","path denotes non-garment merchandise"
"musinsa","UNKNOWN","108008001002","어스 > 반려동물 > 반려동물 의류 > 티셔츠","review_required","","","","unknown","unknown","not_applicable","not_applicable","unknown","","","review_required","false","bounded sample is mixed, unknown, or insufficient"
"musinsa","UNKNOWN","108008001005","어스 > 반려동물 > 반려동물 의류 > 니트/스웨터","review_required","","","","unknown","unknown","not_applicable","not_applicable","unknown","","","review_required","false","bounded sample is mixed, unknown, or insufficient"
"musinsa","UNKNOWN","108008001006","어스 > 반려동물 > 반려동물 의류 > 올인원","rejected","","","","unknown","unknown","not_applicable","not_applicable","unknown","","","rejected","false","path denotes non-garment merchandise"
"musinsa","UNKNOWN","108008001009","어스 > 반려동물 > 반려동물 의류 > 레인코트","confirmed","outerwear","coat","coat","unknown","unknown","not_applicable","not_applicable","unknown","outerwear","","direct","true","bounded official product sample is semantically consistent"
"musinsa","UNKNOWN","108008001010","어스 > 반려동물 > 반려동물 의류 > 수영복","rejected","","","","unknown","unknown","not_applicable","not_applicable","unknown","","","rejected","false","path denotes non-garment merchandise"
"musinsa","UNKNOWN","108008001012","어스 > 반려동물 > 반려동물 의류 > 기능성 의류","rejected","","","","unknown","unknown","not_applicable","not_applicable","unknown","","","rejected","false","path denotes non-garment merchandise"
"musinsa","UNKNOWN","108008002","어스 > 반려동물 > 반려동물 잡화","navigation_only","","","","unknown","unknown","not_applicable","not_applicable","unknown","","","navigation_only","false","navigation grouping/non-leaf"
"musinsa","UNKNOWN","108008002007","어스 > 반려동물 > 반려동물 잡화 > 가방","rejected","","","","unknown","unknown","not_applicable","not_applicable","unknown","","","rejected","false","path denotes non-garment merchandise"
"musinsa","UNKNOWN","108008003","어스 > 반려동물 > 반려동물 용품","navigation_only","","","","unknown","unknown","not_applicable","not_applicable","unknown","","","navigation_only","false","navigation grouping/non-leaf"
"musinsa","UNKNOWN","108008003001","어스 > 반려동물 > 반려동물 용품 > 배변용품","rejected","","","","unknown","unknown","not_applicable","not_applicable","unknown","","","rejected","false","path denotes non-garment merchandise"
"musinsa","UNKNOWN","108008003002","어스 > 반려동물 > 반려동물 용품 > 미용/목욕용품","rejected","","","","unknown","unknown","not_applicable","not_applicable","unknown","","","rejected","false","path denotes non-garment merchandise"
"musinsa","UNKNOWN","108008003003","어스 > 반려동물 > 반려동물 용품 > 외출용품","rejected","","","","unknown","unknown","not_applicable","not_applicable","unknown","","","rejected","false","path denotes non-garment merchandise"
"musinsa","UNKNOWN","108008003004","어스 > 반려동물 > 반려동물 용품 > 토이/노즈워크","rejected","","","","unknown","unknown","not_applicable","not_applicable","unknown","","","rejected","false","path denotes non-garment merchandise"
"musinsa","UNKNOWN","108008003005","어스 > 반려동물 > 반려동물 용품 > 기타 용품","rejected","","","","unknown","unknown","not_applicable","not_applicable","unknown","","","rejected","false","path denotes non-garment merchandise"
"musinsa","UNKNOWN","108008004","어스 > 반려동물 > 반려동물 푸드","navigation_only","","","","unknown","unknown","not_applicable","not_applicable","unknown","","","navigation_only","false","navigation grouping/non-leaf"
"musinsa","UNKNOWN","108008004002","어스 > 반려동물 > 반려동물 푸드 > 간식","rejected","","","","unknown","unknown","not_applicable","not_applicable","unknown","","","rejected","false","path denotes non-garment merchandise"
"musinsa","UNKNOWN","108008004003","어스 > 반려동물 > 반려동물 푸드 > 영양제","rejected","","","","unknown","unknown","not_applicable","not_applicable","unknown","","","rejected","false","path denotes non-garment merchandise"
"musinsa","UNKNOWN","108009","어스 > 뷰티","navigation_only","","","","unknown","unknown","not_applicable","not_applicable","unknown","","","navigation_only","false","navigation grouping/non-leaf"
"musinsa","UNKNOWN","108009001","어스 > 뷰티 > 스킨케어","navigation_only","","","","unknown","unknown","not_applicable","not_applicable","unknown","","","navigation_only","false","navigation grouping/non-leaf"
"musinsa","UNKNOWN","108009001001","어스 > 뷰티 > 스킨케어 > 스킨/토너","rejected","","","","unknown","unknown","not_applicable","not_applicable","unknown","","","rejected","false","path denotes non-garment merchandise"
"musinsa","UNKNOWN","108009001002","어스 > 뷰티 > 스킨케어 > 미스트","rejected","","","","unknown","unknown","not_applicable","not_applicable","unknown","","","rejected","false","path denotes non-garment merchandise"
"musinsa","UNKNOWN","108009001003","어스 > 뷰티 > 스킨케어 > 에센스/세럼/앰플","rejected","","","","unknown","unknown","not_applicable","not_applicable","unknown","","","rejected","false","path denotes non-garment merchandise"
"musinsa","UNKNOWN","108009001004","어스 > 뷰티 > 스킨케어 > 로션","rejected","","","","unknown","unknown","not_applicable","not_applicable","unknown","","","rejected","false","path denotes non-garment merchandise"
"musinsa","UNKNOWN","108009001005","어스 > 뷰티 > 스킨케어 > 크림","rejected","","","","unknown","unknown","not_applicable","not_applicable","unknown","","","rejected","false","path denotes non-garment merchandise"
"musinsa","UNKNOWN","108009001006","어스 > 뷰티 > 스킨케어 > 페이스오일","rejected","","","","unknown","unknown","not_applicable","not_applicable","unknown","","","rejected","false","path denotes non-garment merchandise"
"musinsa","UNKNOWN","108009001007","어스 > 뷰티 > 스킨케어 > 아이크림","rejected","","","","unknown","unknown","not_applicable","not_applicable","unknown","","","rejected","false","path denotes non-garment merchandise"
"musinsa","UNKNOWN","108009001008","어스 > 뷰티 > 스킨케어 > 스팟케어","rejected","","","","unknown","unknown","not_applicable","not_applicable","unknown","","","rejected","false","path denotes non-garment merchandise"
"musinsa","UNKNOWN","108009001009","어스 > 뷰티 > 스킨케어 > 올인원","rejected","","","","unknown","unknown","not_applicable","not_applicable","unknown","","","rejected","false","path denotes non-garment merchandise"
"musinsa","UNKNOWN","108009001010","어스 > 뷰티 > 스킨케어 > 기획세트","rejected","","","","unknown","unknown","not_applicable","not_applicable","unknown","","","rejected","false","path denotes non-garment merchandise"
"musinsa","UNKNOWN","108009001011","어스 > 뷰티 > 스킨케어 > 마스크팩","rejected","","","","unknown","unknown","not_applicable","not_applicable","unknown","","","rejected","false","path denotes non-garment merchandise"
"musinsa","UNKNOWN","108009001012","어스 > 뷰티 > 스킨케어 > 패드","rejected","","","","unknown","unknown","not_applicable","not_applicable","unknown","","","rejected","false","path denotes non-garment merchandise"
"musinsa","UNKNOWN","108009002","어스 > 뷰티 > 선케어","navigation_only","","","","unknown","unknown","not_applicable","not_applicable","unknown","","","navigation_only","false","navigation grouping/non-leaf"
"musinsa","UNKNOWN","108009002001","어스 > 뷰티 > 선케어 > 선크림","rejected","","","","unknown","unknown","not_applicable","not_applicable","unknown","","","rejected","false","path denotes non-garment merchandise"
"musinsa","UNKNOWN","108009002002","어스 > 뷰티 > 선케어 > 선스틱/선스프레이","rejected","","","","unknown","unknown","not_applicable","not_applicable","unknown","","","rejected","false","path denotes non-garment merchandise"
"musinsa","UNKNOWN","108009002003","어스 > 뷰티 > 선케어 > 선쿠션/파우더","rejected","","","","unknown","unknown","not_applicable","not_applicable","unknown","","","rejected","false","path denotes non-garment merchandise"
"musinsa","UNKNOWN","108009002004","어스 > 뷰티 > 선케어 > 선세럼/젤","rejected","","","","unknown","unknown","not_applicable","not_applicable","unknown","","","rejected","false","path denotes non-garment merchandise"
"musinsa","UNKNOWN","108009003","어스 > 뷰티 > 클렌징","navigation_only","","","","unknown","unknown","not_applicable","not_applicable","unknown","","","navigation_only","false","navigation grouping/non-leaf"
"musinsa","UNKNOWN","108009003001","어스 > 뷰티 > 클렌징 > 페이셜클렌징","rejected","","","","unknown","unknown","not_applicable","not_applicable","unknown","","","rejected","false","path denotes non-garment merchandise"
"musinsa","UNKNOWN","108009003002","어스 > 뷰티 > 클렌징 > 메이크업클렌징","rejected","","","","unknown","unknown","not_applicable","not_applicable","unknown","","","rejected","false","path denotes non-garment merchandise"
"musinsa","UNKNOWN","108009003003","어스 > 뷰티 > 클렌징 > 필링/스크럽","rejected","","","","unknown","unknown","not_applicable","not_applicable","unknown","","","rejected","false","path denotes non-garment merchandise"
"musinsa","UNKNOWN","108009003004","어스 > 뷰티 > 클렌징 > 립&amp;아이 리무버","rejected","","","","unknown","unknown","not_applicable","not_applicable","unknown","","","rejected","false","path denotes non-garment merchandise"
"musinsa","UNKNOWN","108009004","어스 > 뷰티 > 메이크업","navigation_only","","","","unknown","unknown","not_applicable","not_applicable","unknown","","","navigation_only","false","navigation grouping/non-leaf"
"musinsa","UNKNOWN","108009004001","어스 > 뷰티 > 메이크업 > 베이스메이크업","rejected","","","","unknown","unknown","not_applicable","not_applicable","unknown","","","rejected","false","path denotes non-garment merchandise"
"musinsa","UNKNOWN","108009004002","어스 > 뷰티 > 메이크업 > 립메이크업","rejected","","","","unknown","unknown","not_applicable","not_applicable","unknown","","","rejected","false","path denotes non-garment merchandise"
"musinsa","UNKNOWN","108009004003","어스 > 뷰티 > 메이크업 > 아이메이크업","rejected","","","","unknown","unknown","not_applicable","not_applicable","unknown","","","rejected","false","path denotes non-garment merchandise"
"musinsa","UNKNOWN","108009005","어스 > 뷰티 > 프레그런스","navigation_only","","","","unknown","unknown","not_applicable","not_applicable","unknown","","","navigation_only","false","navigation grouping/non-leaf"
"musinsa","UNKNOWN","108009005001","어스 > 뷰티 > 프레그런스 > 향수","rejected","","","","unknown","unknown","not_applicable","not_applicable","unknown","","","rejected","false","path denotes non-garment merchandise"
"musinsa","UNKNOWN","108009005002","어스 > 뷰티 > 프레그런스 > 드레스퍼퓸","confirmed","dresses","dress","dress","unknown","unknown","not_applicable","not_applicable","unknown","dresses","","direct","true","bounded official product sample is semantically consistent"
"musinsa","UNKNOWN","108009005003","어스 > 뷰티 > 프레그런스 > 기타 향수","rejected","","","","unknown","unknown","not_applicable","not_applicable","unknown","","","rejected","false","path denotes non-garment merchandise"
"musinsa","UNKNOWN","108009006","어스 > 뷰티 > 헤어케어","navigation_only","","","","unknown","unknown","not_applicable","not_applicable","unknown","","","navigation_only","false","navigation grouping/non-leaf"
"musinsa","UNKNOWN","108009006001","어스 > 뷰티 > 헤어케어 > 샴푸","rejected","","","","unknown","unknown","not_applicable","not_applicable","unknown","","","rejected","false","path denotes non-garment merchandise"
"musinsa","UNKNOWN","108009006002","어스 > 뷰티 > 헤어케어 > 린스/컨디셔너","rejected","","","","unknown","unknown","not_applicable","not_applicable","unknown","","","rejected","false","path denotes non-garment merchandise"
"musinsa","UNKNOWN","108009006003","어스 > 뷰티 > 헤어케어 > 트리트먼트/팩","rejected","","","","unknown","unknown","not_applicable","not_applicable","unknown","","","rejected","false","path denotes non-garment merchandise"
"musinsa","UNKNOWN","108009006004","어스 > 뷰티 > 헤어케어 > 헤어오일","rejected","","","","unknown","unknown","not_applicable","not_applicable","unknown","","","rejected","false","path denotes non-garment merchandise"
"musinsa","UNKNOWN","108009006005","어스 > 뷰티 > 헤어케어 > 헤어에센스","rejected","","","","unknown","unknown","not_applicable","not_applicable","unknown","","","rejected","false","path denotes non-garment merchandise"
"musinsa","UNKNOWN","108009006006","어스 > 뷰티 > 헤어케어 > 헤어케어 세트","rejected","","","","unknown","unknown","not_applicable","not_applicable","unknown","","","rejected","false","path denotes non-garment merchandise"
"musinsa","UNKNOWN","108009006007","어스 > 뷰티 > 헤어케어 > 헤어스타일링","rejected","","","","unknown","unknown","not_applicable","not_applicable","unknown","","","rejected","false","path denotes non-garment merchandise"
"musinsa","UNKNOWN","108009006008","어스 > 뷰티 > 헤어케어 > 헤어컬러/펌","rejected","","","","unknown","unknown","not_applicable","not_applicable","unknown","","","rejected","false","path denotes non-garment merchandise"
"musinsa","UNKNOWN","108009006009","어스 > 뷰티 > 헤어케어 > 헤어브러쉬","rejected","","","","unknown","unknown","not_applicable","not_applicable","unknown","","","rejected","false","path denotes non-garment merchandise"
"musinsa","UNKNOWN","108009007","어스 > 뷰티 > 바디케어","navigation_only","","","","unknown","unknown","not_applicable","not_applicable","unknown","","","navigation_only","false","navigation grouping/non-leaf"
"musinsa","UNKNOWN","108009007001","어스 > 뷰티 > 바디케어 > 바디케어","rejected","","","","unknown","unknown","not_applicable","not_applicable","unknown","","","rejected","false","path denotes non-garment merchandise"
"musinsa","UNKNOWN","108009007002","어스 > 뷰티 > 바디케어 > 립케어","rejected","","","","unknown","unknown","not_applicable","not_applicable","unknown","","","rejected","false","path denotes non-garment merchandise"
"musinsa","UNKNOWN","108009007003","어스 > 뷰티 > 바디케어 > 핸드/풋케어","rejected","","","","unknown","unknown","not_applicable","not_applicable","unknown","","","rejected","false","path denotes non-garment merchandise"
"musinsa","UNKNOWN","108009007005","어스 > 뷰티 > 바디케어 > 데오드란트","rejected","","","","unknown","unknown","not_applicable","not_applicable","unknown","","","rejected","false","path denotes non-garment merchandise"
"musinsa","UNKNOWN","108009009","어스 > 뷰티 > 쉐이빙/면도기","navigation_only","","","","unknown","unknown","not_applicable","not_applicable","unknown","","","navigation_only","false","navigation grouping/non-leaf"
"musinsa","UNKNOWN","108009009001","어스 > 뷰티 > 쉐이빙/면도기 > 면도/제모기","rejected","","","","unknown","unknown","not_applicable","not_applicable","unknown","","","rejected","false","path denotes non-garment merchandise"
"musinsa","UNKNOWN","108009010","어스 > 뷰티 > 뷰티 디바이스","navigation_only","","","","unknown","unknown","not_applicable","not_applicable","unknown","","","navigation_only","false","navigation grouping/non-leaf"
"musinsa","UNKNOWN","108009010001","어스 > 뷰티 > 뷰티 디바이스 > 피부관리기기","rejected","","","","unknown","unknown","not_applicable","not_applicable","unknown","","","rejected","false","path denotes non-garment merchandise"
"musinsa","UNKNOWN","108009010003","어스 > 뷰티 > 뷰티 디바이스 > 마사지기기","rejected","","","","unknown","unknown","not_applicable","not_applicable","unknown","","","rejected","false","path denotes non-garment merchandise"
"musinsa","UNKNOWN","108009011","어스 > 뷰티 > 미용소품","navigation_only","","","","unknown","unknown","not_applicable","not_applicable","unknown","","","navigation_only","false","navigation grouping/non-leaf"
"musinsa","UNKNOWN","108009011001","어스 > 뷰티 > 미용소품 > 페이스(얼굴)소품","rejected","","","","unknown","unknown","not_applicable","not_applicable","unknown","","","rejected","false","path denotes non-garment merchandise"
"musinsa","UNKNOWN","108009011004","어스 > 뷰티 > 미용소품 > 헤어소품","rejected","","","","unknown","unknown","not_applicable","not_applicable","unknown","","","rejected","false","path denotes non-garment merchandise"
"musinsa","UNKNOWN","108009011005","어스 > 뷰티 > 미용소품 > 파우치","rejected","","","","unknown","unknown","not_applicable","not_applicable","unknown","","","rejected","false","path denotes non-garment merchandise"
"musinsa","UNKNOWN","108009011006","어스 > 뷰티 > 미용소품 > 기타 소품","rejected","","","","unknown","unknown","not_applicable","not_applicable","unknown","","","rejected","false","path denotes non-garment merchandise"
"musinsa","UNKNOWN","108009012","어스 > 뷰티 > 건강/위생용품","navigation_only","","","","unknown","unknown","not_applicable","not_applicable","unknown","","","navigation_only","false","navigation grouping/non-leaf"
"musinsa","UNKNOWN","108009012001","어스 > 뷰티 > 건강/위생용품 > 덴탈케어/용품","rejected","","","","unknown","unknown","not_applicable","not_applicable","unknown","","","rejected","false","path denotes non-garment merchandise"
"musinsa","UNKNOWN","108009012002","어스 > 뷰티 > 건강/위생용품 > 구강청정기기","rejected","","","","unknown","unknown","not_applicable","not_applicable","unknown","","","rejected","false","path denotes non-garment merchandise"
"musinsa","UNKNOWN","108009012003","어스 > 뷰티 > 건강/위생용품 > 이너뷰티","rejected","","","","unknown","unknown","not_applicable","not_applicable","unknown","","","rejected","false","path denotes non-garment merchandise"
"musinsa","UNKNOWN","108009012004","어스 > 뷰티 > 건강/위생용품 > 헬스케어","rejected","","","","unknown","unknown","not_applicable","not_applicable","unknown","","","rejected","false","path denotes non-garment merchandise"
"musinsa","UNKNOWN","108009012005","어스 > 뷰티 > 건강/위생용품 > 청결","rejected","","","","unknown","unknown","not_applicable","not_applicable","unknown","","","rejected","false","path denotes non-garment merchandise"
"musinsa","UNKNOWN","108010","어스 > 스포츠/레저","navigation_only","","","","unknown","unknown","not_applicable","not_applicable","unknown","","","navigation_only","false","navigation grouping/non-leaf"
"musinsa","UNKNOWN","108010001","어스 > 스포츠/레저 > 상의","navigation_only","","","","unknown","unknown","not_applicable","not_applicable","unknown","","","navigation_only","false","navigation grouping/non-leaf"
"musinsa","UNKNOWN","108010001001","어스 > 스포츠/레저 > 상의 > 니트/스웨터","review_required","","","","unknown","unknown","not_applicable","not_applicable","unknown","","","review_required","false","bounded sample is mixed, unknown, or insufficient"
"musinsa","UNKNOWN","108010001002","어스 > 스포츠/레저 > 상의 > 긴소매 티셔츠","confirmed","tops","shirt_blouse","shirt_blouse","long_sleeve","unknown","not_applicable","not_applicable","unknown","tops","","direct","true","bounded official product sample is semantically consistent"
"musinsa","UNKNOWN","108010001003","어스 > 스포츠/레저 > 상의 > 나시/민소매 티셔츠","confirmed","tops","shirt_blouse","shirt_blouse","sleeveless","unknown","not_applicable","not_applicable","unknown","tops","","direct","true","bounded official product sample is semantically consistent"
"musinsa","UNKNOWN","108010001004","어스 > 스포츠/레저 > 상의 > 맨투맨/스웨트","review_required","","","","unknown","unknown","not_applicable","not_applicable","unknown","","","review_required","false","bounded sample is mixed, unknown, or insufficient"
"musinsa","UNKNOWN","108010001005","어스 > 스포츠/레저 > 상의 > 반소매 티셔츠","confirmed","tops","shirt_blouse","shirt_blouse","short_sleeve","unknown","not_applicable","not_applicable","unknown","tops","","direct","true","bounded official product sample is semantically consistent"
"musinsa","UNKNOWN","108010001006","어스 > 스포츠/레저 > 상의 > 피케/카라 티셔츠","review_required","","","","unknown","unknown","not_applicable","not_applicable","unknown","","","review_required","false","bounded sample is mixed, unknown, or insufficient"
"musinsa","UNKNOWN","108010001007","어스 > 스포츠/레저 > 상의 > 후드 티셔츠","confirmed","tops","hoodie","hoodie","unknown","unknown","not_applicable","not_applicable","unknown","tops","","direct","true","bounded official product sample is semantically consistent"
"musinsa","UNKNOWN","108010001008","어스 > 스포츠/레저 > 상의 > 기타 상의","review_required","","","","unknown","unknown","not_applicable","not_applicable","unknown","","","review_required","false","bounded sample is mixed, unknown, or insufficient"
"musinsa","UNKNOWN","108010001009","어스 > 스포츠/레저 > 상의 > 브라탑","confirmed","underwear","bra","underwear_top","unknown","unknown","not_applicable","not_applicable","unknown","underwear","","transform_required","true","bounded official product sample is semantically consistent"
"musinsa","UNKNOWN","108010002","어스 > 스포츠/레저 > 하의","navigation_only","","","","unknown","unknown","not_applicable","not_applicable","unknown","","","navigation_only","false","navigation grouping/non-leaf"
"musinsa","UNKNOWN","108010002001","어스 > 스포츠/레저 > 하의 > 기타 바지","review_required","","","","unknown","unknown","not_applicable","not_applicable","unknown","","","review_required","false","bounded sample is mixed, unknown, or insufficient"
"musinsa","UNKNOWN","108010002002","어스 > 스포츠/레저 > 하의 > 숏 팬츠","confirmed","bottoms","casual_pants","casual_pants","unknown","short_length","not_applicable","not_applicable","unknown","bottoms","","direct","true","bounded official product sample is semantically consistent"
"musinsa","UNKNOWN","108010002003","어스 > 스포츠/레저 > 하의 > 조거 팬츠","confirmed","bottoms","sweat_jogger_pants","sweat_jogger_pants","unknown","unknown","not_applicable","not_applicable","unknown","bottoms","","direct","true","bounded official product sample is semantically consistent"
"musinsa","UNKNOWN","108010002004","어스 > 스포츠/레저 > 하의 > 트레이닝 팬츠","review_required","","","","unknown","unknown","not_applicable","not_applicable","unknown","","","review_required","false","bounded sample is mixed, unknown, or insufficient"
"musinsa","UNKNOWN","108010002007","어스 > 스포츠/레저 > 하의 > 레깅스","confirmed","leggings","leggings","leggings","unknown","unknown","unknown","not_applicable","unknown","leggings","","direct","true","bounded official product sample is semantically consistent"
"musinsa","UNKNOWN","108010002009","어스 > 스포츠/레저 > 하의 > 오버롤","review_required","","","","unknown","unknown","not_applicable","not_applicable","unknown","","","review_required","false","bounded sample is mixed, unknown, or insufficient"
"musinsa","UNKNOWN","108010002010","어스 > 스포츠/레저 > 하의 > 일자 팬츠","review_required","","","","unknown","unknown","not_applicable","not_applicable","unknown","","","review_required","false","bounded sample is mixed, unknown, or insufficient"
"musinsa","UNKNOWN","108010003","어스 > 스포츠/레저 > 아우터","navigation_only","","","","unknown","unknown","not_applicable","not_applicable","unknown","","","navigation_only","false","navigation grouping/non-leaf"
"musinsa","UNKNOWN","108010003001","어스 > 스포츠/레저 > 아우터 > 베스트","review_required","","","","unknown","unknown","not_applicable","not_applicable","unknown","","","review_required","false","bounded sample is mixed, unknown, or insufficient"
"musinsa","UNKNOWN","108010003002","어스 > 스포츠/레저 > 아우터 > 기타 점퍼/재킷","review_required","","","","unknown","unknown","not_applicable","not_applicable","unknown","","","review_required","false","bounded sample is mixed, unknown, or insufficient"
"musinsa","UNKNOWN","108010003003","어스 > 스포츠/레저 > 아우터 > 나일론/코치 재킷","review_required","","","","unknown","unknown","not_applicable","not_applicable","unknown","","","review_required","false","bounded sample is mixed, unknown, or insufficient"
"musinsa","UNKNOWN","108010003005","어스 > 스포츠/레저 > 아우터 > 아노락 재킷","confirmed","outerwear","anorak","anorak","unknown","unknown","not_applicable","not_applicable","unknown","outerwear","","direct","true","bounded official product sample is semantically consistent"
"musinsa","UNKNOWN","108010003006","어스 > 스포츠/레저 > 아우터 > 트레이닝 재킷","confirmed","outerwear","jacket","jacket","unknown","unknown","not_applicable","not_applicable","unknown","outerwear","","direct","true","bounded official product sample is semantically consistent"
"musinsa","UNKNOWN","108010003007","어스 > 스포츠/레저 > 아우터 > 플리스","confirmed","outerwear","fleece_jacket","fleece_jacket","unknown","unknown","not_applicable","not_applicable","unknown","outerwear","","direct","true","bounded official product sample is semantically consistent"
"musinsa","UNKNOWN","108010003008","어스 > 스포츠/레저 > 아우터 > 카디건","confirmed","tops","cardigan","cardigan","unknown","unknown","not_applicable","not_applicable","unknown","tops","","direct","true","bounded official product sample is semantically consistent"
"musinsa","UNKNOWN","108010003009","어스 > 스포츠/레저 > 아우터 > 레인코트","review_required","","","","unknown","unknown","not_applicable","not_applicable","unknown","","","review_required","false","bounded sample is mixed, unknown, or insufficient"
"musinsa","UNKNOWN","108010003010","어스 > 스포츠/레저 > 아우터 > 롱패딩/헤비 아우터","confirmed","outerwear","puffer_jacket","puffer_jacket","unknown","unknown","not_applicable","not_applicable","unknown","outerwear","","direct","true","bounded official product sample is semantically consistent"
"musinsa","UNKNOWN","108010003011","어스 > 스포츠/레저 > 아우터 > 숏패딩/헤비 아우터","confirmed","outerwear","puffer_jacket","puffer_jacket","unknown","unknown","not_applicable","not_applicable","unknown","outerwear","","direct","true","bounded official product sample is semantically consistent"
"musinsa","UNKNOWN","108010003012","어스 > 스포츠/레저 > 아우터 > 하프패딩/헤비 아우터","review_required","","","","unknown","unknown","not_applicable","not_applicable","unknown","","","review_required","false","bounded sample is mixed, unknown, or insufficient"
"musinsa","UNKNOWN","108010003013","어스 > 스포츠/레저 > 아우터 > 후드 집업","confirmed","tops","zip_hoodie","zip_hoodie","unknown","unknown","not_applicable","not_applicable","unknown","tops","","direct","true","bounded official product sample is semantically consistent"
"musinsa","UNKNOWN","108010004","어스 > 스포츠/레저 > 스커트","navigation_only","","","","unknown","unknown","not_applicable","unknown","unknown","","","navigation_only","false","navigation grouping/non-leaf"
"musinsa","UNKNOWN","108010004001","어스 > 스포츠/레저 > 스커트 > 미니스커트","confirmed","skirts","skirt","skirt","unknown","unknown","not_applicable","mini","unknown","skirts","","direct","true","bounded official product sample is semantically consistent"
"musinsa","UNKNOWN","108010004002","어스 > 스포츠/레저 > 스커트 > 미디스커트","confirmed","skirts","skirt","skirt","unknown","unknown","not_applicable","midi","unknown","skirts","","direct","true","bounded official product sample is semantically consistent"
"musinsa","UNKNOWN","108010005","어스 > 스포츠/레저 > 원피스","navigation_only","","","","unknown","unknown","not_applicable","not_applicable","unknown","","","navigation_only","false","navigation grouping/non-leaf"
"musinsa","UNKNOWN","108010005001","어스 > 스포츠/레저 > 원피스 > 미니원피스","confirmed","dresses","dress","dress","unknown","unknown","not_applicable","not_applicable","unknown","dresses","","direct","true","bounded official product sample is semantically consistent"
"musinsa","UNKNOWN","108010005002","어스 > 스포츠/레저 > 원피스 > 미디원피스","confirmed","dresses","dress","dress","unknown","unknown","not_applicable","not_applicable","unknown","dresses","","direct","true","bounded official product sample is semantically consistent"
"musinsa","UNKNOWN","108010007","어스 > 스포츠/레저 > 수영복/비치웨어","navigation_only","","","","unknown","unknown","not_applicable","not_applicable","unknown","","","navigation_only","false","navigation grouping/non-leaf"
"musinsa","UNKNOWN","108010007001","어스 > 스포츠/레저 > 수영복/비치웨어 > 다이빙슈트","unsupported","","","","unknown","unknown","not_applicable","not_applicable","unknown","","","unsupported_by_current_app","false","garment requires FitMatch support review"
"musinsa","UNKNOWN","108010007002","어스 > 스포츠/레저 > 수영복/비치웨어 > 래시가드 하의","unsupported","","","","unknown","unknown","not_applicable","not_applicable","unknown","","","unsupported_by_current_app","false","garment requires FitMatch support review"
"musinsa","UNKNOWN","108010007003","어스 > 스포츠/레저 > 수영복/비치웨어 > 래시가드 상의","unsupported","","","","unknown","unknown","not_applicable","not_applicable","unknown","","","unsupported_by_current_app","false","garment requires FitMatch support review"
"musinsa","UNKNOWN","108010007005","어스 > 스포츠/레저 > 수영복/비치웨어 > 워터 레깅스","unsupported","leggings","leggings","leggings","unknown","unknown","unknown","not_applicable","unknown","","","unsupported_by_current_app","false","garment requires FitMatch support review"
"musinsa","UNKNOWN","108010007006","어스 > 스포츠/레저 > 수영복/비치웨어 > 반신수영복","unsupported","","","","unknown","unknown","not_applicable","not_applicable","unknown","","","unsupported_by_current_app","false","garment requires FitMatch support review"
"musinsa","UNKNOWN","108010007007","어스 > 스포츠/레저 > 수영복/비치웨어 > 비키니","unsupported","","","","unknown","unknown","not_applicable","not_applicable","unknown","","","unsupported_by_current_app","false","garment requires FitMatch support review"
"musinsa","UNKNOWN","108010007008","어스 > 스포츠/레저 > 수영복/비치웨어 > 사각수영복","unsupported","","","","unknown","unknown","not_applicable","not_applicable","unknown","","","unsupported_by_current_app","false","garment requires FitMatch support review"
"musinsa","UNKNOWN","108010007009","어스 > 스포츠/레저 > 수영복/비치웨어 > 삼각수영복","unsupported","","","","unknown","unknown","not_applicable","not_applicable","unknown","","","unsupported_by_current_app","false","garment requires FitMatch support review"
"musinsa","UNKNOWN","108010007010","어스 > 스포츠/레저 > 수영복/비치웨어 > 원피스수영복","unsupported","dresses","dress","dress","unknown","unknown","not_applicable","not_applicable","unknown","","","unsupported_by_current_app","false","garment requires FitMatch support review"
"musinsa","UNKNOWN","108010007011","어스 > 스포츠/레저 > 수영복/비치웨어 > 전신수영복","unsupported","","","","unknown","unknown","not_applicable","not_applicable","unknown","","","unsupported_by_current_app","false","garment requires FitMatch support review"
"musinsa","UNKNOWN","108010007012","어스 > 스포츠/레저 > 수영복/비치웨어 > 브라탑","unsupported","underwear","bra","underwear_top","unknown","unknown","not_applicable","not_applicable","unknown","","","unsupported_by_current_app","false","garment requires FitMatch support review"
"musinsa","UNKNOWN","108010009","어스 > 스포츠/레저 > 스포츠가방","navigation_only","","","","unknown","unknown","not_applicable","not_applicable","unknown","","","navigation_only","false","navigation grouping/non-leaf"
"musinsa","UNKNOWN","108010009005","어스 > 스포츠/레저 > 스포츠가방 > 기타 가방","rejected","","","","unknown","unknown","not_applicable","not_applicable","unknown","","","rejected","false","path denotes non-garment merchandise"
"musinsa","UNKNOWN","108010009008","어스 > 스포츠/레저 > 스포츠가방 > 매트가방","rejected","","","","unknown","unknown","not_applicable","not_applicable","unknown","","","rejected","false","path denotes non-garment merchandise"
"musinsa","UNKNOWN","108010009016","어스 > 스포츠/레저 > 스포츠가방 > 메신저/크로스백","rejected","","","","unknown","unknown","not_applicable","not_applicable","unknown","","","rejected","false","path denotes non-garment merchandise"
"musinsa","UNKNOWN","108010009017","어스 > 스포츠/레저 > 스포츠가방 > 백팩","rejected","","","","unknown","unknown","not_applicable","not_applicable","unknown","","","rejected","false","path denotes non-garment merchandise"
"musinsa","UNKNOWN","108010009018","어스 > 스포츠/레저 > 스포츠가방 > 보스턴/더플백","rejected","","","","unknown","unknown","not_applicable","not_applicable","unknown","","","rejected","false","path denotes non-garment merchandise"
"musinsa","UNKNOWN","108010009019","어스 > 스포츠/레저 > 스포츠가방 > 숄더백","rejected","","","","unknown","unknown","not_applicable","not_applicable","unknown","","","rejected","false","path denotes non-garment merchandise"
"musinsa","UNKNOWN","108010009020","어스 > 스포츠/레저 > 스포츠가방 > 웨이스트백","rejected","","","","unknown","unknown","not_applicable","not_applicable","unknown","","","rejected","false","path denotes non-garment merchandise"
"musinsa","UNKNOWN","108010009021","어스 > 스포츠/레저 > 스포츠가방 > 토트백","rejected","","","","unknown","unknown","not_applicable","not_applicable","unknown","","","rejected","false","path denotes non-garment merchandise"
"musinsa","UNKNOWN","108010010","어스 > 스포츠/레저 > 스포츠잡화","navigation_only","","","","unknown","unknown","not_applicable","not_applicable","unknown","","","navigation_only","false","navigation grouping/non-leaf"
"musinsa","UNKNOWN","108010010005","어스 > 스포츠/레저 > 스포츠잡화 > 반다나/헤어밴드/거트","rejected","","","","unknown","unknown","not_applicable","not_applicable","unknown","","","rejected","false","path denotes non-garment merchandise"
"musinsa","UNKNOWN","108010010006","어스 > 스포츠/레저 > 스포츠잡화 > 양말","rejected","","","","unknown","unknown","not_applicable","not_applicable","unknown","","","rejected","false","path denotes non-garment merchandise"
"musinsa","UNKNOWN","108010010007","어스 > 스포츠/레저 > 스포츠잡화 > 신발용품","rejected","","","","unknown","unknown","not_applicable","not_applicable","unknown","","","rejected","false","path denotes non-garment merchandise"
"musinsa","UNKNOWN","108010010009","어스 > 스포츠/레저 > 스포츠잡화 > 수건","rejected","","","","unknown","unknown","not_applicable","not_applicable","unknown","","","rejected","false","path denotes non-garment merchandise"
"musinsa","UNKNOWN","108010010011","어스 > 스포츠/레저 > 스포츠잡화 > 스포츠 마스크","rejected","","","","unknown","unknown","not_applicable","not_applicable","unknown","","","rejected","false","path denotes non-garment merchandise"
"musinsa","UNKNOWN","108010010012","어스 > 스포츠/레저 > 스포츠잡화 > 방한귀마개","rejected","","","","unknown","unknown","not_applicable","not_applicable","unknown","","","rejected","false","path denotes non-garment merchandise"
"musinsa","UNKNOWN","108010010013","어스 > 스포츠/레저 > 스포츠잡화 > 스포츠 벨트","rejected","","","","unknown","unknown","not_applicable","not_applicable","unknown","","","rejected","false","path denotes non-garment merchandise"
"musinsa","UNKNOWN","108010010014","어스 > 스포츠/레저 > 스포츠잡화 > 기타 잡화","rejected","","","","unknown","unknown","not_applicable","not_applicable","unknown","","","rejected","false","path denotes non-garment merchandise"
"musinsa","UNKNOWN","108010011","어스 > 스포츠/레저 > 스포츠모자","navigation_only","","","","unknown","unknown","not_applicable","not_applicable","unknown","","","navigation_only","false","navigation grouping/non-leaf"
"musinsa","UNKNOWN","108010011001","어스 > 스포츠/레저 > 스포츠모자 > 버킷햇","rejected","","","","unknown","unknown","not_applicable","not_applicable","unknown","","","rejected","false","path denotes non-garment merchandise"
"musinsa","UNKNOWN","108010011002","어스 > 스포츠/레저 > 스포츠모자 > 비니","rejected","","","","unknown","unknown","not_applicable","not_applicable","unknown","","","rejected","false","path denotes non-garment merchandise"
"musinsa","UNKNOWN","108010011003","어스 > 스포츠/레저 > 스포츠모자 > 선캡/바이저","rejected","","","","unknown","unknown","not_applicable","not_applicable","unknown","","","rejected","false","path denotes non-garment merchandise"
"musinsa","UNKNOWN","108010011004","어스 > 스포츠/레저 > 스포츠모자 > 볼캡","rejected","","","","unknown","unknown","not_applicable","not_applicable","unknown","","","rejected","false","path denotes non-garment merchandise"
"musinsa","UNKNOWN","108010011005","어스 > 스포츠/레저 > 스포츠모자 > 스냅백","rejected","","","","unknown","unknown","not_applicable","not_applicable","unknown","","","rejected","false","path denotes non-garment merchandise"
"musinsa","UNKNOWN","108010011006","어스 > 스포츠/레저 > 스포츠모자 > 트루퍼","rejected","","","","unknown","unknown","not_applicable","not_applicable","unknown","","","rejected","false","path denotes non-garment merchandise"
"musinsa","UNKNOWN","108010011007","어스 > 스포츠/레저 > 스포츠모자 > 기타 모자","rejected","","","","unknown","unknown","not_applicable","not_applicable","unknown","","","rejected","false","path denotes non-garment merchandise"
"musinsa","UNKNOWN","108010012","어스 > 스포츠/레저 > 기구/용품/장비","navigation_only","","","","unknown","unknown","not_applicable","not_applicable","unknown","","","navigation_only","false","navigation grouping/non-leaf"
"musinsa","UNKNOWN","108010012004","어스 > 스포츠/레저 > 기구/용품/장비 > 등산용품","rejected","","","","unknown","unknown","not_applicable","not_applicable","unknown","","","rejected","false","path denotes non-garment merchandise"
"musinsa","UNKNOWN","108010012006","어스 > 스포츠/레저 > 기구/용품/장비 > 라이딩 스포츠 용품","rejected","","","","unknown","unknown","not_applicable","not_applicable","unknown","","","rejected","false","path denotes non-garment merchandise"
"musinsa","UNKNOWN","108010012008","어스 > 스포츠/레저 > 기구/용품/장비 > 수영/서핑/다이빙 용품","rejected","","","","unknown","unknown","not_applicable","not_applicable","unknown","","","rejected","false","path denotes non-garment merchandise"
"musinsa","UNKNOWN","108010012011","어스 > 스포츠/레저 > 기구/용품/장비 > 스트레칭/마사지","rejected","","","","unknown","unknown","not_applicable","not_applicable","unknown","","","rejected","false","path denotes non-garment merchandise"
"musinsa","UNKNOWN","108010012018","어스 > 스포츠/레저 > 기구/용품/장비 > 캠핑용품","rejected","","","","unknown","unknown","not_applicable","not_applicable","unknown","","","rejected","false","path denotes non-garment merchandise"
"musinsa","UNKNOWN","109","유즈드","navigation_only","","","","unknown","unknown","not_applicable","not_applicable","unknown","","","navigation_only","false","navigation grouping/non-leaf"
"musinsa","UNKNOWN","109001","유즈드 > 상의","navigation_only","","","","unknown","unknown","not_applicable","not_applicable","unknown","","","navigation_only","false","navigation grouping/non-leaf"
"musinsa","UNKNOWN","109001001","유즈드 > 상의 > 맨투맨/스웨트","review_required","","","","unknown","unknown","not_applicable","not_applicable","unknown","","","review_required","false","bounded sample is mixed, unknown, or insufficient"
"musinsa","UNKNOWN","109001002","유즈드 > 상의 > 셔츠/블라우스","review_required","","","","unknown","unknown","not_applicable","not_applicable","unknown","","","review_required","false","bounded sample is mixed, unknown, or insufficient"
"musinsa","UNKNOWN","109001003","유즈드 > 상의 > 후드 티셔츠","confirmed","tops","hoodie","hoodie","unknown","unknown","not_applicable","not_applicable","unknown","tops","","direct","true","bounded official product sample is semantically consistent"
"musinsa","UNKNOWN","109001004","유즈드 > 상의 > 니트/스웨터","review_required","","","","unknown","unknown","not_applicable","not_applicable","unknown","","","review_required","false","bounded sample is mixed, unknown, or insufficient"
"musinsa","UNKNOWN","109001005","유즈드 > 상의 > 피케/카라 티셔츠","review_required","","","","unknown","unknown","not_applicable","not_applicable","unknown","","","review_required","false","bounded sample is mixed, unknown, or insufficient"
"musinsa","UNKNOWN","109001006","유즈드 > 상의 > 긴소매 티셔츠","confirmed","tops","shirt_blouse","shirt_blouse","long_sleeve","unknown","not_applicable","not_applicable","unknown","tops","","direct","true","bounded official product sample is semantically consistent"
"musinsa","UNKNOWN","109001007","유즈드 > 상의 > 반소매 티셔츠","confirmed","tops","shirt_blouse","shirt_blouse","short_sleeve","unknown","not_applicable","not_applicable","unknown","tops","","direct","true","bounded official product sample is semantically consistent"
"musinsa","UNKNOWN","109001008","유즈드 > 상의 > 민소매 티셔츠","confirmed","tops","shirt_blouse","shirt_blouse","sleeveless","unknown","not_applicable","not_applicable","unknown","tops","","direct","true","bounded official product sample is semantically consistent"
"musinsa","UNKNOWN","109001010","유즈드 > 상의 > 기타 상의","review_required","","","","unknown","unknown","not_applicable","not_applicable","unknown","","","review_required","false","bounded sample is mixed, unknown, or insufficient"
"musinsa","UNKNOWN","109002","유즈드 > 아우터","navigation_only","","","","unknown","unknown","not_applicable","not_applicable","unknown","","","navigation_only","false","navigation grouping/non-leaf"
"musinsa","UNKNOWN","109002001","유즈드 > 아우터 > 블루종/MA-1","review_required","","","","unknown","unknown","not_applicable","not_applicable","unknown","","","review_required","false","bounded sample is mixed, unknown, or insufficient"
"musinsa","UNKNOWN","109002002","유즈드 > 아우터 > 레더/라이더스 재킷","review_required","","","","unknown","unknown","not_applicable","not_applicable","unknown","","","review_required","false","bounded sample is mixed, unknown, or insufficient"
"musinsa","UNKNOWN","109002003","유즈드 > 아우터 > 슈트/블레이저 재킷","review_required","","","","unknown","unknown","not_applicable","not_applicable","unknown","","","review_required","false","bounded sample is mixed, unknown, or insufficient"
"musinsa","UNKNOWN","109002004","유즈드 > 아우터 > 스타디움 재킷","confirmed","outerwear","jacket","jacket","unknown","unknown","not_applicable","not_applicable","unknown","outerwear","","direct","true","bounded official product sample is semantically consistent"
"musinsa","UNKNOWN","109002005","유즈드 > 아우터 > 나일론/코치 재킷","review_required","","","","unknown","unknown","not_applicable","not_applicable","unknown","","","review_required","false","bounded sample is mixed, unknown, or insufficient"
"musinsa","UNKNOWN","109002006","유즈드 > 아우터 > 겨울 싱글 코트","confirmed","outerwear","coat","coat","unknown","unknown","not_applicable","not_applicable","unknown","outerwear","","direct","true","bounded official product sample is semantically consistent"
"musinsa","UNKNOWN","109002007","유즈드 > 아우터 > 환절기 코트","confirmed","outerwear","coat","coat","unknown","unknown","not_applicable","not_applicable","unknown","outerwear","","direct","true","bounded official product sample is semantically consistent"
"musinsa","UNKNOWN","109002008","유즈드 > 아우터 > 겨울 기타 코트","review_required","","","","unknown","unknown","not_applicable","not_applicable","unknown","","","review_required","false","bounded sample is mixed, unknown, or insufficient"
"musinsa","UNKNOWN","109002009","유즈드 > 아우터 > 숏패딩/헤비 아우터","confirmed","outerwear","puffer_jacket","puffer_jacket","unknown","unknown","not_applicable","not_applicable","unknown","outerwear","","direct","true","bounded official product sample is semantically consistent"
"musinsa","UNKNOWN","109002010","유즈드 > 아우터 > 롱패딩/헤비 아우터","confirmed","outerwear","puffer_jacket","puffer_jacket","unknown","unknown","not_applicable","not_applicable","unknown","outerwear","","direct","true","bounded official product sample is semantically consistent"
"musinsa","UNKNOWN","109002011","유즈드 > 아우터 > 사파리/헌팅 재킷","review_required","","","","unknown","unknown","not_applicable","not_applicable","unknown","","","review_required","false","bounded sample is mixed, unknown, or insufficient"
"musinsa","UNKNOWN","109002012","유즈드 > 아우터 > 기타 아우터","confirmed","outerwear","jacket","outerwear","unknown","unknown","not_applicable","not_applicable","unknown","outerwear","","direct","true","bounded official product sample is semantically consistent"
"musinsa","UNKNOWN","109002013","유즈드 > 아우터 > 패딩 베스트","confirmed","outerwear","puffer_vest","puffer_vest","unknown","unknown","not_applicable","not_applicable","unknown","outerwear","","direct","true","bounded official product sample is semantically consistent"
"musinsa","UNKNOWN","109002014","유즈드 > 아우터 > 트러커 재킷","confirmed","bottoms","denim_pants","jacket","unknown","unknown","not_applicable","not_applicable","unknown","bottoms","","direct","true","bounded official product sample is semantically consistent"
"musinsa","UNKNOWN","109002015","유즈드 > 아우터 > 트레이닝 재킷","review_required","","","","unknown","unknown","not_applicable","not_applicable","unknown","","","review_required","false","bounded sample is mixed, unknown, or insufficient"
"musinsa","UNKNOWN","109002016","유즈드 > 아우터 > 아노락 재킷","confirmed","outerwear","anorak","anorak","unknown","unknown","not_applicable","not_applicable","unknown","outerwear","","direct","true","bounded official product sample is semantically consistent"
"musinsa","UNKNOWN","109002017","유즈드 > 아우터 > 카디건","confirmed","tops","cardigan","cardigan","unknown","unknown","not_applicable","not_applicable","unknown","tops","","direct","true","bounded official product sample is semantically consistent"
"musinsa","UNKNOWN","109002018","유즈드 > 아우터 > 베스트","review_required","","","","unknown","unknown","not_applicable","not_applicable","unknown","","","review_required","false","bounded sample is mixed, unknown, or insufficient"
"musinsa","UNKNOWN","109002019","유즈드 > 아우터 > 후드 집업","confirmed","tops","zip_hoodie","zip_hoodie","unknown","unknown","not_applicable","not_applicable","unknown","tops","","direct","true","bounded official product sample is semantically consistent"
"musinsa","UNKNOWN","109002020","유즈드 > 아우터 > 플리스/뽀글이","review_required","","","","unknown","unknown","not_applicable","not_applicable","unknown","","","review_required","false","bounded sample is mixed, unknown, or insufficient"
"musinsa","UNKNOWN","109002021","유즈드 > 아우터 > 겨울 더블 코트","confirmed","outerwear","coat","coat","unknown","unknown","not_applicable","not_applicable","unknown","outerwear","","direct","true","bounded official product sample is semantically consistent"
"musinsa","UNKNOWN","109002022","유즈드 > 아우터 > 무스탕/퍼","review_required","","","","unknown","unknown","not_applicable","not_applicable","unknown","","","review_required","false","bounded sample is mixed, unknown, or insufficient"
"musinsa","UNKNOWN","109003","유즈드 > 바지","navigation_only","","","","unknown","unknown","not_applicable","not_applicable","unknown","","","navigation_only","false","navigation grouping/non-leaf"
"musinsa","UNKNOWN","109003001","유즈드 > 바지 > 데님 팬츠","confirmed","bottoms","denim_pants","denim_pants","unknown","unknown","not_applicable","not_applicable","unknown","bottoms","","direct","true","bounded official product sample is semantically consistent"
"musinsa","UNKNOWN","109003002","유즈드 > 바지 > 트레이닝/조거 팬츠","review_required","","","","unknown","unknown","not_applicable","not_applicable","unknown","","","review_required","false","bounded sample is mixed, unknown, or insufficient"
"musinsa","UNKNOWN","109003003","유즈드 > 바지 > 레깅스","confirmed","leggings","leggings","leggings","unknown","unknown","unknown","not_applicable","unknown","leggings","","direct","true","bounded official product sample is semantically consistent"
"musinsa","UNKNOWN","109003004","유즈드 > 바지 > 기타 바지","review_required","","","","unknown","unknown","not_applicable","not_applicable","unknown","","","review_required","false","bounded sample is mixed, unknown, or insufficient"
"musinsa","UNKNOWN","109003005","유즈드 > 바지 > 코튼 팬츠","confirmed","bottoms","casual_pants","casual_pants","unknown","unknown","not_applicable","not_applicable","unknown","bottoms","","direct","true","bounded official product sample is semantically consistent"
"musinsa","UNKNOWN","109003006","유즈드 > 바지 > 슈트 팬츠/슬랙스","review_required","","","","unknown","unknown","not_applicable","not_applicable","unknown","","","review_required","false","bounded sample is mixed, unknown, or insufficient"
"musinsa","UNKNOWN","109003007","유즈드 > 바지 > 숏 팬츠","review_required","","","","unknown","short_length","not_applicable","not_applicable","unknown","","","review_required","false","bounded sample is mixed, unknown, or insufficient"
"musinsa","UNKNOWN","109003008","유즈드 > 바지 > 점프슈트/오버올","review_required","","","","unknown","unknown","not_applicable","not_applicable","unknown","","","review_required","false","bounded sample is mixed, unknown, or insufficient"
"musinsa","UNKNOWN","109004","유즈드 > 원피스/스커트","navigation_only","","","","unknown","unknown","not_applicable","unknown","unknown","","","navigation_only","false","navigation grouping/non-leaf"
"musinsa","UNKNOWN","109004001","유즈드 > 원피스/스커트 > 미니원피스","confirmed","dresses","dress","skirt","unknown","unknown","not_applicable","mini","unknown","dresses","","direct","true","bounded official product sample is semantically consistent"
"musinsa","UNKNOWN","109004002","유즈드 > 원피스/스커트 > 미디원피스","confirmed","dresses","dress","skirt","unknown","unknown","not_applicable","midi","unknown","dresses","","direct","true","bounded official product sample is semantically consistent"
"musinsa","UNKNOWN","109004003","유즈드 > 원피스/스커트 > 맥시원피스","confirmed","dresses","dress","skirt","unknown","unknown","not_applicable","maxi","unknown","dresses","","direct","true","bounded official product sample is semantically consistent"
"musinsa","UNKNOWN","109004004","유즈드 > 원피스/스커트 > 미니스커트","confirmed","skirts","skirt","skirt","unknown","unknown","not_applicable","mini","unknown","skirts","","direct","true","bounded official product sample is semantically consistent"
"musinsa","UNKNOWN","109004005","유즈드 > 원피스/스커트 > 미디스커트","confirmed","skirts","skirt","skirt","unknown","unknown","not_applicable","midi","unknown","skirts","","direct","true","bounded official product sample is semantically consistent"
"musinsa","UNKNOWN","109004006","유즈드 > 원피스/스커트 > 롱스커트","confirmed","skirts","skirt","skirt","unknown","unknown","not_applicable","maxi","unknown","skirts","","direct","true","bounded official product sample is semantically consistent"
"musinsa","UNKNOWN","109005","유즈드 > 키즈","navigation_only","","","","unknown","unknown","not_applicable","not_applicable","unknown","","","navigation_only","false","navigation grouping/non-leaf"
"musinsa","UNKNOWN","109005001","유즈드 > 키즈 > 상의","review_required","","","","unknown","unknown","not_applicable","not_applicable","unknown","","","review_required","false","bounded sample is mixed, unknown, or insufficient"
"musinsa","UNKNOWN","109005002","유즈드 > 키즈 > 아우터","review_required","","","","unknown","unknown","not_applicable","not_applicable","unknown","","","review_required","false","bounded sample is mixed, unknown, or insufficient"
"musinsa","UNKNOWN","109005003","유즈드 > 키즈 > 바지","review_required","","","","unknown","unknown","not_applicable","not_applicable","unknown","","","review_required","false","bounded sample is mixed, unknown, or insufficient"
"musinsa","UNKNOWN","109005004","유즈드 > 키즈 > 원피스/스커트","review_required","","","","unknown","unknown","not_applicable","unknown","unknown","","","review_required","false","bounded sample is mixed, unknown, or insufficient"
"musinsa","UNKNOWN","109005005","유즈드 > 키즈 > 세트 의류","unsupported","","","","unknown","unknown","not_applicable","not_applicable","unknown","","","unsupported_by_current_app","false","garment requires FitMatch support review"
"musinsa","UNKNOWN","109006","유즈드 > 스포츠/레저","navigation_only","","","","unknown","unknown","not_applicable","not_applicable","unknown","","","navigation_only","false","navigation grouping/non-leaf"
"musinsa","UNKNOWN","109006001","유즈드 > 스포츠/레저 > 상의","review_required","","","","unknown","unknown","not_applicable","not_applicable","unknown","","","review_required","false","bounded sample is mixed, unknown, or insufficient"
"musinsa","UNKNOWN","109006002","유즈드 > 스포츠/레저 > 하의","review_required","","","","unknown","unknown","not_applicable","not_applicable","unknown","","","review_required","false","bounded sample is mixed, unknown, or insufficient"
"musinsa","UNKNOWN","109006003","유즈드 > 스포츠/레저 > 아우터","review_required","","","","unknown","unknown","not_applicable","not_applicable","unknown","","","review_required","false","bounded sample is mixed, unknown, or insufficient"
"musinsa","UNKNOWN","109006007","유즈드 > 스포츠/레저 > 원피스/스커트","review_required","","","","unknown","unknown","not_applicable","unknown","unknown","","","review_required","false","bounded sample is mixed, unknown, or insufficient"
"musinsa","UNKNOWN","111","K-커넥트","navigation_only","","","","unknown","unknown","not_applicable","not_applicable","unknown","","","navigation_only","false","navigation grouping/non-leaf"
"musinsa","UNKNOWN","111001","K-커넥트 > 굿즈","review_required","","","","unknown","unknown","not_applicable","not_applicable","unknown","","","review_required","false","bounded sample is mixed, unknown, or insufficient"
"musinsa","UNKNOWN","111002","K-커넥트 > 앨범","review_required","","","","unknown","unknown","not_applicable","not_applicable","unknown","","","review_required","false","bounded sample is mixed, unknown, or insufficient"
"musinsa","UNKNOWN","111003","K-커넥트 > 의류/잡화","rejected","","","","unknown","unknown","not_applicable","not_applicable","unknown","","","rejected","false","path denotes non-garment merchandise"
"musinsa","UNKNOWN","112","스포츠 구단","navigation_only","","","","unknown","unknown","not_applicable","not_applicable","unknown","","","navigation_only","false","navigation grouping/non-leaf"
"musinsa","UNKNOWN","112001","스포츠 구단 > KBO","navigation_only","","","","unknown","unknown","not_applicable","not_applicable","unknown","","","navigation_only","false","navigation grouping/non-leaf"
"musinsa","UNKNOWN","112001001","스포츠 구단 > KBO > 두산 베어스","review_required","","","","unknown","unknown","not_applicable","not_applicable","unknown","","","review_required","false","bounded sample is mixed, unknown, or insufficient"
"musinsa","UNKNOWN","112001002","스포츠 구단 > KBO > 한화 이글스","review_required","","","","unknown","unknown","not_applicable","not_applicable","unknown","","","review_required","false","bounded sample is mixed, unknown, or insufficient"
"musinsa","UNKNOWN","112001003","스포츠 구단 > KBO > KIA 타이거즈","review_required","","","","unknown","unknown","not_applicable","not_applicable","unknown","","","review_required","false","bounded sample is mixed, unknown, or insufficient"
"musinsa","UNKNOWN","112001004","스포츠 구단 > KBO > 키움 히어로즈","review_required","","","","unknown","unknown","not_applicable","not_applicable","unknown","","","review_required","false","bounded sample is mixed, unknown, or insufficient"
"musinsa","UNKNOWN","112001005","스포츠 구단 > KBO > KT 위즈","review_required","","","","unknown","unknown","not_applicable","not_applicable","unknown","","","review_required","false","bounded sample is mixed, unknown, or insufficient"
"musinsa","UNKNOWN","112001006","스포츠 구단 > KBO > LG 트윈스","review_required","","","","unknown","unknown","not_applicable","not_applicable","unknown","","","review_required","false","bounded sample is mixed, unknown, or insufficient"
"musinsa","UNKNOWN","112001007","스포츠 구단 > KBO > 롯데 자이언츠","review_required","","","","unknown","unknown","not_applicable","not_applicable","unknown","","","review_required","false","bounded sample is mixed, unknown, or insufficient"
"musinsa","UNKNOWN","112001008","스포츠 구단 > KBO > NC 다이노스","review_required","","","","unknown","unknown","not_applicable","not_applicable","unknown","","","review_required","false","bounded sample is mixed, unknown, or insufficient"
"musinsa","UNKNOWN","112001009","스포츠 구단 > KBO > 삼성 라이온즈","review_required","","","","unknown","unknown","not_applicable","not_applicable","unknown","","","review_required","false","bounded sample is mixed, unknown, or insufficient"
"musinsa","UNKNOWN","112001010","스포츠 구단 > KBO > SSG 랜더스","review_required","","","","unknown","unknown","not_applicable","not_applicable","unknown","","","review_required","false","bounded sample is mixed, unknown, or insufficient"
"musinsa","UNKNOWN","112001012","스포츠 구단 > KBO > KBO","review_required","","","","unknown","unknown","not_applicable","not_applicable","unknown","","","review_required","false","bounded sample is mixed, unknown, or insufficient"
"musinsa","UNKNOWN","112001013","스포츠 구단 > KBO > 울산 웨일즈","review_required","","","","unknown","unknown","not_applicable","not_applicable","unknown","","","review_required","false","bounded sample is mixed, unknown, or insufficient"
"musinsa","UNKNOWN","112002","스포츠 구단 > MLB","navigation_only","","","","unknown","unknown","not_applicable","not_applicable","unknown","","","navigation_only","false","navigation grouping/non-leaf"
"musinsa","UNKNOWN","112002001","스포츠 구단 > MLB > 뉴욕 양키스","review_required","","","","unknown","unknown","not_applicable","not_applicable","unknown","","","review_required","false","bounded sample is mixed, unknown, or insufficient"
"musinsa","UNKNOWN","112002002","스포츠 구단 > MLB > LA 다저스","review_required","","","","unknown","unknown","not_applicable","not_applicable","unknown","","","review_required","false","bounded sample is mixed, unknown, or insufficient"
"musinsa","UNKNOWN","112002003","스포츠 구단 > MLB > 샌프란시스코 자이언츠","review_required","","","","unknown","unknown","not_applicable","not_applicable","unknown","","","review_required","false","bounded sample is mixed, unknown, or insufficient"
"musinsa","UNKNOWN","112002004","스포츠 구단 > MLB > 보스턴 레드삭스","rejected","","","","unknown","unknown","not_applicable","not_applicable","unknown","","","rejected","false","path denotes non-garment merchandise"
"musinsa","UNKNOWN","112002005","스포츠 구단 > MLB > 뉴욕 메츠","review_required","","","","unknown","unknown","not_applicable","not_applicable","unknown","","","review_required","false","bounded sample is mixed, unknown, or insufficient"
"musinsa","UNKNOWN","112002006","스포츠 구단 > MLB > 시카고 화이트삭스","confirmed","bottoms","cargo_pants","cargo_pants","unknown","unknown","not_applicable","not_applicable","unknown","bottoms","","direct","true","bounded official product sample is semantically consistent"
"musinsa","UNKNOWN","112002007","스포츠 구단 > MLB > 디트로이트 타이거즈","review_required","","","","unknown","unknown","not_applicable","not_applicable","unknown","","","review_required","false","bounded sample is mixed, unknown, or insufficient"
"musinsa","UNKNOWN","112002008","스포츠 구단 > MLB > 샌디에이고 파드리스","review_required","","","","unknown","unknown","not_applicable","not_applicable","unknown","","","review_required","false","bounded sample is mixed, unknown, or insufficient"
"musinsa","UNKNOWN","112002009","스포츠 구단 > MLB > 오클랜드 애슬레틱스","review_required","","","","unknown","unknown","not_applicable","not_applicable","unknown","","","review_required","false","bounded sample is mixed, unknown, or insufficient"
"musinsa","UNKNOWN","112002010","스포츠 구단 > MLB > 시카고 컵스","confirmed","bottoms","cargo_pants","cargo_pants","unknown","unknown","not_applicable","not_applicable","unknown","bottoms","","direct","true","bounded official product sample is semantically consistent"
"musinsa","UNKNOWN","112002011","스포츠 구단 > MLB > 휴스턴 애스트로스","review_required","","","","unknown","unknown","not_applicable","not_applicable","unknown","","","review_required","false","bounded sample is mixed, unknown, or insufficient"
"musinsa","UNKNOWN","112002012","스포츠 구단 > MLB > 시애틀 매리너스","review_required","","","","unknown","unknown","not_applicable","not_applicable","unknown","","","review_required","false","bounded sample is mixed, unknown, or insufficient"
"musinsa","UNKNOWN","112002013","스포츠 구단 > MLB > 텍사스 레인저스","review_required","","","","unknown","unknown","not_applicable","not_applicable","unknown","","","review_required","false","bounded sample is mixed, unknown, or insufficient"
"musinsa","UNKNOWN","112002014","스포츠 구단 > MLB > LA 에인절스","review_required","","","","unknown","unknown","not_applicable","not_applicable","unknown","","","review_required","false","bounded sample is mixed, unknown, or insufficient"
"musinsa","UNKNOWN","112002015","스포츠 구단 > MLB > 필라델피아 필리스","review_required","","","","unknown","unknown","not_applicable","not_applicable","unknown","","","review_required","false","bounded sample is mixed, unknown, or insufficient"
"musinsa","UNKNOWN","112002016","스포츠 구단 > MLB > 애틀랜타 브레이브스","review_required","","","","unknown","unknown","not_applicable","not_applicable","unknown","","","review_required","false","bounded sample is mixed, unknown, or insufficient"
"musinsa","UNKNOWN","112002017","스포츠 구단 > MLB > 애리조나 다이아몬드백스","review_required","","","","unknown","unknown","not_applicable","not_applicable","unknown","","","review_required","false","bounded sample is mixed, unknown, or insufficient"
"musinsa","UNKNOWN","112002018","스포츠 구단 > MLB > 밀워키 브루어스","review_required","","","","unknown","unknown","not_applicable","not_applicable","unknown","","","review_required","false","bounded sample is mixed, unknown, or insufficient"
"musinsa","UNKNOWN","112002019","스포츠 구단 > MLB > 세인트루이스 카디널스","review_required","","","","unknown","unknown","not_applicable","not_applicable","unknown","","","review_required","false","bounded sample is mixed, unknown, or insufficient"
"musinsa","UNKNOWN","112002020","스포츠 구단 > MLB > 캔자스시티 로열스","review_required","","","","unknown","unknown","not_applicable","not_applicable","unknown","","","review_required","false","bounded sample is mixed, unknown, or insufficient"
"musinsa","UNKNOWN","112002021","스포츠 구단 > MLB > 볼티모어 오리올스","review_required","","","","unknown","unknown","not_applicable","not_applicable","unknown","","","review_required","false","bounded sample is mixed, unknown, or insufficient"
"musinsa","UNKNOWN","112002022","스포츠 구단 > MLB > 탬파베이 레이스","review_required","","","","unknown","unknown","not_applicable","not_applicable","unknown","","","review_required","false","bounded sample is mixed, unknown, or insufficient"
"musinsa","UNKNOWN","112002023","스포츠 구단 > MLB > 토론토 블루제이스","review_required","","","","unknown","unknown","not_applicable","not_applicable","unknown","","","review_required","false","bounded sample is mixed, unknown, or insufficient"
"musinsa","UNKNOWN","112002024","스포츠 구단 > MLB > 클리블랜드 가디언스","review_required","","","","unknown","unknown","not_applicable","not_applicable","unknown","","","review_required","false","bounded sample is mixed, unknown, or insufficient"
"musinsa","UNKNOWN","112002025","스포츠 구단 > MLB > 미네소타 트윈스","review_required","","","","unknown","unknown","not_applicable","not_applicable","unknown","","","review_required","false","bounded sample is mixed, unknown, or insufficient"
"musinsa","UNKNOWN","112002026","스포츠 구단 > MLB > 신시내티 레즈","confirmed","outerwear","jacket","outerwear","unknown","unknown","not_applicable","not_applicable","unknown","outerwear","","direct","true","bounded official product sample is semantically consistent"
"musinsa","UNKNOWN","112002027","스포츠 구단 > MLB > 워싱턴 내셔널스","confirmed","outerwear","jacket","outerwear","unknown","unknown","not_applicable","not_applicable","unknown","outerwear","","direct","true","bounded official product sample is semantically consistent"
"musinsa","UNKNOWN","112002028","스포츠 구단 > MLB > 마이애미 말린스","review_required","","","","unknown","unknown","not_applicable","not_applicable","unknown","","","review_required","false","bounded sample is mixed, unknown, or insufficient"
"musinsa","UNKNOWN","112002029","스포츠 구단 > MLB > 콜로라도 로키스","review_required","","","","unknown","unknown","not_applicable","not_applicable","unknown","","","review_required","false","bounded sample is mixed, unknown, or insufficient"
"musinsa","UNKNOWN","112002030","스포츠 구단 > MLB > 피츠버그 파이리츠","review_required","","","","unknown","unknown","not_applicable","not_applicable","unknown","","","review_required","false","bounded sample is mixed, unknown, or insufficient"
"musinsa","UNKNOWN","112003","스포츠 구단 > K리그","navigation_only","","","","unknown","unknown","not_applicable","not_applicable","unknown","","","navigation_only","false","navigation grouping/non-leaf"
"musinsa","UNKNOWN","112003001","스포츠 구단 > K리그 > FC서울","review_required","","","","unknown","unknown","not_applicable","not_applicable","unknown","","","review_required","false","bounded sample is mixed, unknown, or insufficient"
"musinsa","UNKNOWN","112003002","스포츠 구단 > K리그 > 광주FC","review_required","","","","unknown","unknown","not_applicable","not_applicable","unknown","","","review_required","false","bounded sample is mixed, unknown, or insufficient"
"musinsa","UNKNOWN","112003003","스포츠 구단 > K리그 > 전북 현대 모터스","review_required","","","","unknown","unknown","not_applicable","not_applicable","unknown","","","review_required","false","bounded sample is mixed, unknown, or insufficient"
"musinsa","UNKNOWN","112003004","스포츠 구단 > K리그 > 부산 아이파크","review_required","","","","unknown","unknown","not_applicable","not_applicable","unknown","","","review_required","false","bounded sample is mixed, unknown, or insufficient"
"musinsa","UNKNOWN","112003005","스포츠 구단 > K리그 > FC안양","review_required","","","","unknown","unknown","not_applicable","not_applicable","unknown","","","review_required","false","bounded sample is mixed, unknown, or insufficient"
"musinsa","UNKNOWN","112003006","스포츠 구단 > K리그 > 강원FC","review_required","","","","unknown","unknown","not_applicable","not_applicable","unknown","","","review_required","false","bounded sample is mixed, unknown, or insufficient"
"musinsa","UNKNOWN","112003007","스포츠 구단 > K리그 > 대구FC","review_required","","","","unknown","unknown","not_applicable","not_applicable","unknown","","","review_required","false","bounded sample is mixed, unknown, or insufficient"
"musinsa","UNKNOWN","112003008","스포츠 구단 > K리그 > 대전 하나 시티즌","review_required","","","","unknown","unknown","not_applicable","not_applicable","unknown","","","review_required","false","bounded sample is mixed, unknown, or insufficient"
"musinsa","UNKNOWN","112003009","스포츠 구단 > K리그 > 수원FC","review_required","","","","unknown","unknown","not_applicable","not_applicable","unknown","","","review_required","false","bounded sample is mixed, unknown, or insufficient"
"musinsa","UNKNOWN","112003010","스포츠 구단 > K리그 > 포항 스틸러스","review_required","","","","unknown","unknown","not_applicable","not_applicable","unknown","","","review_required","false","bounded sample is mixed, unknown, or insufficient"
"musinsa","UNKNOWN","112003011","스포츠 구단 > K리그 > 김천 상무","review_required","","","","unknown","unknown","not_applicable","not_applicable","unknown","","","review_required","false","bounded sample is mixed, unknown, or insufficient"
"musinsa","UNKNOWN","112003012","스포츠 구단 > K리그 > 울산 HD FC","review_required","","","","unknown","unknown","not_applicable","not_applicable","unknown","","","review_required","false","bounded sample is mixed, unknown, or insufficient"
"musinsa","UNKNOWN","112003013","스포츠 구단 > K리그 > 인천 유나이티드","review_required","","","","unknown","unknown","not_applicable","not_applicable","unknown","","","review_required","false","bounded sample is mixed, unknown, or insufficient"
"musinsa","UNKNOWN","112003014","스포츠 구단 > K리그 > 서울 이랜드 FC","review_required","","","","unknown","unknown","not_applicable","not_applicable","unknown","","","review_required","false","bounded sample is mixed, unknown, or insufficient"
"musinsa","UNKNOWN","112003015","스포츠 구단 > K리그 > 전남 드래곤즈","review_required","","","","unknown","unknown","not_applicable","not_applicable","unknown","","","review_required","false","bounded sample is mixed, unknown, or insufficient"
"musinsa","UNKNOWN","112004","스포츠 구단 > 해외축구","navigation_only","","","","unknown","unknown","not_applicable","not_applicable","unknown","","","navigation_only","false","navigation grouping/non-leaf"
"musinsa","UNKNOWN","112004001","스포츠 구단 > 해외축구 > 도르트문트","review_required","","","","unknown","unknown","not_applicable","not_applicable","unknown","","","review_required","false","bounded sample is mixed, unknown, or insufficient"
"musinsa","UNKNOWN","112004002","스포츠 구단 > 해외축구 > 바이에른 뮌헨","review_required","","","","unknown","unknown","not_applicable","not_applicable","unknown","","","review_required","false","bounded sample is mixed, unknown, or insufficient"
"musinsa","UNKNOWN","112004003","스포츠 구단 > 해외축구 > 인터밀란","review_required","","","","unknown","unknown","not_applicable","not_applicable","unknown","","","review_required","false","bounded sample is mixed, unknown, or insufficient"
"musinsa","UNKNOWN","112004004","스포츠 구단 > 해외축구 > 유벤투스","review_required","","","","unknown","unknown","not_applicable","not_applicable","unknown","","","review_required","false","bounded sample is mixed, unknown, or insufficient"
"musinsa","UNKNOWN","112004005","스포츠 구단 > 해외축구 > AC 밀란","review_required","","","","unknown","unknown","not_applicable","not_applicable","unknown","","","review_required","false","bounded sample is mixed, unknown, or insufficient"
"musinsa","UNKNOWN","112004006","스포츠 구단 > 해외축구 > FC 바르셀로나","review_required","","","","unknown","unknown","not_applicable","not_applicable","unknown","","","review_required","false","bounded sample is mixed, unknown, or insufficient"
"musinsa","UNKNOWN","112004007","스포츠 구단 > 해외축구 > 레알 마드리드","review_required","","","","unknown","unknown","not_applicable","not_applicable","unknown","","","review_required","false","bounded sample is mixed, unknown, or insufficient"
"musinsa","UNKNOWN","112004008","스포츠 구단 > 해외축구 > 아스널","review_required","","","","unknown","unknown","not_applicable","not_applicable","unknown","","","review_required","false","bounded sample is mixed, unknown, or insufficient"
"musinsa","UNKNOWN","112004009","스포츠 구단 > 해외축구 > 첼시","review_required","","","","unknown","unknown","not_applicable","not_applicable","unknown","","","review_required","false","bounded sample is mixed, unknown, or insufficient"
"musinsa","UNKNOWN","112004010","스포츠 구단 > 해외축구 > 리버풀","review_required","","","","unknown","unknown","not_applicable","not_applicable","unknown","","","review_required","false","bounded sample is mixed, unknown, or insufficient"
"musinsa","UNKNOWN","112004011","스포츠 구단 > 해외축구 > 맨체스터 시티","review_required","","","","unknown","unknown","not_applicable","not_applicable","unknown","","","review_required","false","bounded sample is mixed, unknown, or insufficient"
"musinsa","UNKNOWN","112004012","스포츠 구단 > 해외축구 > 맨체스터 유나이티드","review_required","","","","unknown","unknown","not_applicable","not_applicable","unknown","","","review_required","false","bounded sample is mixed, unknown, or insufficient"
"musinsa","UNKNOWN","112004013","스포츠 구단 > 해외축구 > 뉴캐슬 유나이티드","confirmed","tops","hoodie","hoodie","unknown","unknown","not_applicable","not_applicable","unknown","tops","","direct","true","bounded official product sample is semantically consistent"
"musinsa","UNKNOWN","112004014","스포츠 구단 > 해외축구 > 토트넘 핫스퍼","review_required","","","","unknown","unknown","not_applicable","not_applicable","unknown","","","review_required","false","bounded sample is mixed, unknown, or insufficient"
"musinsa","UNKNOWN","112004015","스포츠 구단 > 해외축구 > 울버햄튼","confirmed","tops","hoodie","hoodie","unknown","unknown","not_applicable","not_applicable","unknown","tops","","direct","true","bounded official product sample is semantically consistent"
"musinsa","UNKNOWN","112004016","스포츠 구단 > 해외축구 > 파리 생제르맹","review_required","","","","unknown","unknown","not_applicable","not_applicable","unknown","","","review_required","false","bounded sample is mixed, unknown, or insufficient"
"musinsa","UNKNOWN","112004017","스포츠 구단 > 해외축구 > 올랭피크 드 마르세유","review_required","","","","unknown","unknown","not_applicable","not_applicable","unknown","","","review_required","false","bounded sample is mixed, unknown, or insufficient"
"musinsa","UNKNOWN","112004018","스포츠 구단 > 해외축구 > FC 레드불 잘츠부르크","review_required","","","","unknown","unknown","not_applicable","not_applicable","unknown","","","review_required","false","bounded sample is mixed, unknown, or insufficient"
"musinsa","UNKNOWN","112004019","스포츠 구단 > 해외축구 > FC 장크트파울리","review_required","","","","unknown","unknown","not_applicable","not_applicable","unknown","","","review_required","false","bounded sample is mixed, unknown, or insufficient"
"musinsa","UNKNOWN","112004020","스포츠 구단 > 해외축구 > PSV 에인트호번","review_required","","","","unknown","unknown","not_applicable","not_applicable","unknown","","","review_required","false","bounded sample is mixed, unknown, or insufficient"
"musinsa","UNKNOWN","112004021","스포츠 구단 > 해외축구 > RB 라이프치히","review_required","","","","unknown","unknown","not_applicable","not_applicable","unknown","","","review_required","false","bounded sample is mixed, unknown, or insufficient"
"musinsa","UNKNOWN","112004022","스포츠 구단 > 해외축구 > 보루시아 묀헨글라트바흐","review_required","","","","unknown","unknown","not_applicable","not_applicable","unknown","","","review_required","false","bounded sample is mixed, unknown, or insufficient"
"musinsa","UNKNOWN","112004023","스포츠 구단 > 해외축구 > 지로나 FC","review_required","","","","unknown","unknown","not_applicable","not_applicable","unknown","","","review_required","false","bounded sample is mixed, unknown, or insufficient"
"musinsa","UNKNOWN","112004024","스포츠 구단 > 해외축구 > 팔레르모 FC","review_required","","","","unknown","unknown","not_applicable","not_applicable","unknown","","","review_required","false","bounded sample is mixed, unknown, or insufficient"
"musinsa","UNKNOWN","112005","스포츠 구단 > KBL","navigation_only","","","","unknown","unknown","not_applicable","not_applicable","unknown","","","navigation_only","false","navigation grouping/non-leaf"
"musinsa","UNKNOWN","112005001","스포츠 구단 > KBL > 창원 LG 세이커스","review_required","","","","unknown","unknown","not_applicable","not_applicable","unknown","","","review_required","false","bounded sample is mixed, unknown, or insufficient"
"musinsa","UNKNOWN","112005002","스포츠 구단 > KBL > 서울 SK 나이츠","review_required","","","","unknown","unknown","not_applicable","not_applicable","unknown","","","review_required","false","bounded sample is mixed, unknown, or insufficient"
"musinsa","UNKNOWN","112005003","스포츠 구단 > KBL > 서울 삼성 썬더스","review_required","","","","unknown","unknown","not_applicable","not_applicable","unknown","","","review_required","false","bounded sample is mixed, unknown, or insufficient"
"musinsa","UNKNOWN","112005004","스포츠 구단 > KBL > 울산 현대모비스 피버스","review_required","","","","unknown","unknown","not_applicable","not_applicable","unknown","","","review_required","false","bounded sample is mixed, unknown, or insufficient"
"musinsa","UNKNOWN","112005005","스포츠 구단 > KBL > 고양 소노 스카이거너스","confirmed","tops","shirt_blouse","shirt","unknown","unknown","not_applicable","not_applicable","unknown","tops","","direct","true","bounded official product sample is semantically consistent"
"musinsa","UNKNOWN","112005006","스포츠 구단 > KBL > 부산 KCC 이지스","review_required","","","","unknown","unknown","not_applicable","not_applicable","unknown","","","review_required","false","bounded sample is mixed, unknown, or insufficient"
"musinsa","UNKNOWN","112005007","스포츠 구단 > KBL > 안양 정관장 레드부스터스","review_required","","","","unknown","unknown","not_applicable","not_applicable","unknown","","","review_required","false","bounded sample is mixed, unknown, or insufficient"
"musinsa","UNKNOWN","112005008","스포츠 구단 > KBL > 수원 KT 소닉붐","review_required","","","","unknown","unknown","not_applicable","not_applicable","unknown","","","review_required","false","bounded sample is mixed, unknown, or insufficient"
"musinsa","UNKNOWN","112005009","스포츠 구단 > KBL > 대구 한국가스공사 페가수스","rejected","","","","unknown","unknown","not_applicable","not_applicable","unknown","","","rejected","false","path denotes non-garment merchandise"
"musinsa","UNKNOWN","112005010","스포츠 구단 > KBL > 원주 DB 프로미","review_required","","","","unknown","unknown","not_applicable","not_applicable","unknown","","","review_required","false","bounded sample is mixed, unknown, or insufficient"
"musinsa","UNKNOWN","112006","스포츠 구단 > NBA","navigation_only","","","","unknown","unknown","not_applicable","not_applicable","unknown","","","navigation_only","false","navigation grouping/non-leaf"
"musinsa","UNKNOWN","112006001","스포츠 구단 > NBA > 골든스테이트 워리어스","review_required","","","","unknown","unknown","not_applicable","not_applicable","unknown","","","review_required","false","bounded sample is mixed, unknown, or insufficient"
"musinsa","UNKNOWN","112006002","스포츠 구단 > NBA > 보스턴 셀틱스","review_required","","","","unknown","unknown","not_applicable","not_applicable","unknown","","","review_required","false","bounded sample is mixed, unknown, or insufficient"
"musinsa","UNKNOWN","112006003","스포츠 구단 > NBA > 브루클린 넷츠","review_required","","","","unknown","unknown","not_applicable","not_applicable","unknown","","","review_required","false","bounded sample is mixed, unknown, or insufficient"
"musinsa","UNKNOWN","112006004","스포츠 구단 > NBA > 뉴욕 닉스","review_required","","","","unknown","unknown","not_applicable","not_applicable","unknown","","","review_required","false","bounded sample is mixed, unknown, or insufficient"
"musinsa","UNKNOWN","112006005","스포츠 구단 > NBA > 필라델피아 76ers","review_required","","","","unknown","unknown","not_applicable","not_applicable","unknown","","","review_required","false","bounded sample is mixed, unknown, or insufficient"
"musinsa","UNKNOWN","112006007","스포츠 구단 > NBA > 시카고 불스","review_required","","","","unknown","unknown","not_applicable","not_applicable","unknown","","","review_required","false","bounded sample is mixed, unknown, or insufficient"
"musinsa","UNKNOWN","112006008","스포츠 구단 > NBA > 밀워키 벅스","review_required","","","","unknown","unknown","not_applicable","not_applicable","unknown","","","review_required","false","bounded sample is mixed, unknown, or insufficient"
"musinsa","UNKNOWN","112006009","스포츠 구단 > NBA > 마이애미 히트","review_required","","","","unknown","unknown","not_applicable","not_applicable","unknown","","","review_required","false","bounded sample is mixed, unknown, or insufficient"
"musinsa","UNKNOWN","112006010","스포츠 구단 > NBA > 덴버 너기츠","review_required","","","","unknown","unknown","not_applicable","not_applicable","unknown","","","review_required","false","bounded sample is mixed, unknown, or insufficient"
"musinsa","UNKNOWN","112006011","스포츠 구단 > NBA > LA 레이커스","review_required","","","","unknown","unknown","not_applicable","not_applicable","unknown","","","review_required","false","bounded sample is mixed, unknown, or insufficient"
"musinsa","UNKNOWN","112007","스포츠 구단 > V-리그","navigation_only","","","","unknown","unknown","not_applicable","not_applicable","unknown","","","navigation_only","false","navigation grouping/non-leaf"
"musinsa","UNKNOWN","112007001","스포츠 구단 > V-리그 > 천안 현대캐피탈","review_required","","","","unknown","unknown","not_applicable","not_applicable","unknown","","","review_required","false","bounded sample is mixed, unknown, or insufficient"
"musinsa","UNKNOWN","112007002","스포츠 구단 > V-리그 > 인천 대한항공","rejected","","","","unknown","unknown","not_applicable","not_applicable","unknown","","","rejected","false","path denotes non-garment merchandise"
"musinsa","UNKNOWN","112007003","스포츠 구단 > V-리그 > 의정부 KB손해보험","review_required","","","","unknown","unknown","not_applicable","not_applicable","unknown","","","review_required","false","bounded sample is mixed, unknown, or insufficient"
"musinsa","UNKNOWN","112007004","스포츠 구단 > V-리그 > 서울 우리카드","review_required","","","","unknown","unknown","not_applicable","not_applicable","unknown","","","review_required","false","bounded sample is mixed, unknown, or insufficient"
"musinsa","UNKNOWN","112007005","스포츠 구단 > V-리그 > 대전 삼성화재","review_required","","","","unknown","unknown","not_applicable","not_applicable","unknown","","","review_required","false","bounded sample is mixed, unknown, or insufficient"
"musinsa","UNKNOWN","112007006","스포츠 구단 > V-리그 > 수원 한국전력","review_required","","","","unknown","unknown","not_applicable","not_applicable","unknown","","","review_required","false","bounded sample is mixed, unknown, or insufficient"
"musinsa","UNKNOWN","112007007","스포츠 구단 > V-리그 > 부산 OK저축은행","review_required","","","","unknown","unknown","not_applicable","not_applicable","unknown","","","review_required","false","bounded sample is mixed, unknown, or insufficient"
"musinsa","UNKNOWN","112007008","스포츠 구단 > V-리그 > 인천 흥국생명","review_required","","","","unknown","unknown","not_applicable","not_applicable","unknown","","","review_required","false","bounded sample is mixed, unknown, or insufficient"
"musinsa","UNKNOWN","112007009","스포츠 구단 > V-리그 > 대전 정관장","review_required","","","","unknown","unknown","not_applicable","not_applicable","unknown","","","review_required","false","bounded sample is mixed, unknown, or insufficient"
"musinsa","UNKNOWN","112007010","스포츠 구단 > V-리그 > 수원 현대건설","review_required","","","","unknown","unknown","not_applicable","not_applicable","unknown","","","review_required","false","bounded sample is mixed, unknown, or insufficient"
"musinsa","UNKNOWN","112007011","스포츠 구단 > V-리그 > 화성 IBK기업은행","review_required","","","","unknown","unknown","not_applicable","not_applicable","unknown","","","review_required","false","bounded sample is mixed, unknown, or insufficient"
"musinsa","UNKNOWN","112007012","스포츠 구단 > V-리그 > 김천 한국도로공사","rejected","","","","unknown","unknown","not_applicable","not_applicable","unknown","","","rejected","false","path denotes non-garment merchandise"
"musinsa","UNKNOWN","112007013","스포츠 구단 > V-리그 > GS칼텍스 서울","review_required","","","","unknown","unknown","not_applicable","not_applicable","unknown","","","review_required","false","bounded sample is mixed, unknown, or insufficient"
"musinsa","UNKNOWN","112007014","스포츠 구단 > V-리그 > 광주 페퍼저축은행","review_required","","","","unknown","unknown","not_applicable","not_applicable","unknown","","","review_required","false","bounded sample is mixed, unknown, or insufficient"
"musinsa","UNKNOWN","112008","스포츠 구단 > e스포츠","navigation_only","","","","unknown","unknown","not_applicable","not_applicable","unknown","","","navigation_only","false","navigation grouping/non-leaf"
"musinsa","UNKNOWN","112008001","스포츠 구단 > e스포츠 > Gen.G","review_required","","","","unknown","unknown","not_applicable","not_applicable","unknown","","","review_required","false","bounded sample is mixed, unknown, or insufficient"
"musinsa","UNKNOWN","112008003","스포츠 구단 > e스포츠 > 한화생명E스포츠","review_required","","","","unknown","unknown","not_applicable","not_applicable","unknown","","","review_required","false","bounded sample is mixed, unknown, or insufficient"
"musinsa","UNKNOWN","112008004","스포츠 구단 > e스포츠 > Dplus KIA","review_required","","","","unknown","unknown","not_applicable","not_applicable","unknown","","","review_required","false","bounded sample is mixed, unknown, or insufficient"
"musinsa","UNKNOWN","112008005","스포츠 구단 > e스포츠 > BNK 피어엑스","review_required","","","","unknown","unknown","not_applicable","not_applicable","unknown","","","review_required","false","bounded sample is mixed, unknown, or insufficient"
"musinsa","UNKNOWN","112008007","스포츠 구단 > e스포츠 > DN 수퍼스","review_required","","","","unknown","unknown","not_applicable","not_applicable","unknown","","","review_required","false","bounded sample is mixed, unknown, or insufficient"
"musinsa","UNKNOWN","112008008","스포츠 구단 > e스포츠 > LCK","review_required","","","","unknown","unknown","not_applicable","not_applicable","unknown","","","review_required","false","bounded sample is mixed, unknown, or insufficient"
"musinsa","UNKNOWN","112009","스포츠 구단 > 모터스포츠","navigation_only","","","","unknown","unknown","not_applicable","not_applicable","unknown","","","navigation_only","false","navigation grouping/non-leaf"
"musinsa","UNKNOWN","112009001","스포츠 구단 > 모터스포츠 > 아우디 Revolut","review_required","","","","unknown","unknown","not_applicable","not_applicable","unknown","","","review_required","false","bounded sample is mixed, unknown, or insufficient"
"musinsa","UNKNOWN","112009002","스포츠 구단 > 모터스포츠 > 메르세데스-AMG PETRONAS","review_required","","","","unknown","unknown","not_applicable","not_applicable","unknown","","","review_required","false","bounded sample is mixed, unknown, or insufficient"
"musinsa","UNKNOWN","112009003","스포츠 구단 > 모터스포츠 > BMW M Motorsport","review_required","","","","unknown","unknown","not_applicable","not_applicable","unknown","","","review_required","false","bounded sample is mixed, unknown, or insufficient"
"musinsa","UNKNOWN","112009004","스포츠 구단 > 모터스포츠 > 애스턴 마틴 Aramco","review_required","","","","unknown","unknown","not_applicable","not_applicable","unknown","","","review_required","false","bounded sample is mixed, unknown, or insufficient"
"musinsa","UNKNOWN","112009005","스포츠 구단 > 모터스포츠 > 스쿠데리아 페라리 HP","review_required","","","","unknown","unknown","not_applicable","not_applicable","unknown","","","review_required","false","bounded sample is mixed, unknown, or insufficient"
"musinsa","UNKNOWN","112009006","스포츠 구단 > 모터스포츠 > 맥라렌 Mastercard","review_required","","","","unknown","unknown","not_applicable","not_applicable","unknown","","","review_required","false","bounded sample is mixed, unknown, or insufficient"
"musinsa","UNKNOWN","112010","스포츠 구단 > 협회","navigation_only","","","","unknown","unknown","not_applicable","not_applicable","unknown","","","navigation_only","false","navigation grouping/non-leaf"
"musinsa","UNKNOWN","112010001","스포츠 구단 > 협회 > KBA","review_required","","","","unknown","unknown","not_applicable","not_applicable","unknown","","","review_required","false","bounded sample is mixed, unknown, or insufficient"
"musinsa","UNKNOWN","112010002","스포츠 구단 > 협회 > KBL","review_required","","","","unknown","unknown","not_applicable","not_applicable","unknown","","","review_required","false","bounded sample is mixed, unknown, or insufficient"
"musinsa","UNKNOWN","112010003","스포츠 구단 > 협회 > 슈퍼레이스","review_required","","","","unknown","unknown","not_applicable","not_applicable","unknown","","","review_required","false","bounded sample is mixed, unknown, or insufficient"
"musinsa","UNKNOWN","112011","스포츠 구단 > 축구 국가대표팀","navigation_only","","","","unknown","unknown","not_applicable","not_applicable","unknown","","","navigation_only","false","navigation grouping/non-leaf"
"musinsa","UNKNOWN","112011001","스포츠 구단 > 축구 국가대표팀 > 대한민국","review_required","","","","unknown","unknown","not_applicable","not_applicable","unknown","","","review_required","false","bounded sample is mixed, unknown, or insufficient"
"musinsa","UNKNOWN","112011002","스포츠 구단 > 축구 국가대표팀 > 브라질","confirmed","underwear","bra","underwear_top","unknown","unknown","not_applicable","not_applicable","unknown","underwear","","transform_required","true","bounded official product sample is semantically consistent"
"musinsa","UNKNOWN","112011004","스포츠 구단 > 축구 국가대표팀 > 프랑스","review_required","","","","unknown","unknown","not_applicable","not_applicable","unknown","","","review_required","false","bounded sample is mixed, unknown, or insufficient"
"musinsa","UNKNOWN","112011005","스포츠 구단 > 축구 국가대표팀 > 이탈리아","review_required","","","","unknown","unknown","not_applicable","not_applicable","unknown","","","review_required","false","bounded sample is mixed, unknown, or insufficient"
"musinsa","UNKNOWN","112011006","스포츠 구단 > 축구 국가대표팀 > 독일","review_required","","","","unknown","unknown","not_applicable","not_applicable","unknown","","","review_required","false","bounded sample is mixed, unknown, or insufficient"
"musinsa","UNKNOWN","112011007","스포츠 구단 > 축구 국가대표팀 > 아르헨티나","review_required","","","","unknown","unknown","not_applicable","not_applicable","unknown","","","review_required","false","bounded sample is mixed, unknown, or insufficient"
"musinsa","UNKNOWN","112011008","스포츠 구단 > 축구 국가대표팀 > 벨기에","review_required","","","","unknown","unknown","not_applicable","not_applicable","unknown","","","review_required","false","bounded sample is mixed, unknown, or insufficient"
"musinsa","UNKNOWN","112011009","스포츠 구단 > 축구 국가대표팀 > 스페인","review_required","","","","unknown","unknown","not_applicable","not_applicable","unknown","","","review_required","false","bounded sample is mixed, unknown, or insufficient"
"musinsa","UNKNOWN","112011010","스포츠 구단 > 축구 국가대표팀 > 콜롬비아","review_required","","","","unknown","unknown","not_applicable","not_applicable","unknown","","","review_required","false","bounded sample is mixed, unknown, or insufficient"
"musinsa","UNKNOWN","112011012","스포츠 구단 > 축구 국가대표팀 > 코트디부아르","confirmed","outerwear","coat","coat","unknown","unknown","not_applicable","not_applicable","unknown","outerwear","","direct","true","bounded official product sample is semantically consistent"
"musinsa","UNKNOWN","112011013","스포츠 구단 > 축구 국가대표팀 > 포르투갈","review_required","","","","unknown","unknown","not_applicable","not_applicable","unknown","","","review_required","false","bounded sample is mixed, unknown, or insufficient"
"musinsa","UNKNOWN","112011014","스포츠 구단 > 축구 국가대표팀 > 멕시코","review_required","","","","unknown","unknown","not_applicable","not_applicable","unknown","","","review_required","false","bounded sample is mixed, unknown, or insufficient"
"musinsa","UNKNOWN","112011015","스포츠 구단 > 축구 국가대표팀 > 자메이카","review_required","","","","unknown","unknown","not_applicable","not_applicable","unknown","","","review_required","false","bounded sample is mixed, unknown, or insufficient"
"musinsa","UNKNOWN","112012","스포츠 구단 > NFL","navigation_only","","","","unknown","unknown","not_applicable","not_applicable","unknown","","","navigation_only","false","navigation grouping/non-leaf"
"musinsa","UNKNOWN","112012001","스포츠 구단 > NFL > 라스베이거스 레이더스","review_required","","","","unknown","unknown","not_applicable","not_applicable","unknown","","","review_required","false","bounded sample is mixed, unknown, or insufficient"
"musinsa","UNKNOWN","112012002","스포츠 구단 > NFL > 그린베이 패커스","review_required","","","","unknown","unknown","not_applicable","not_applicable","unknown","","","review_required","false","bounded sample is mixed, unknown, or insufficient"
"musinsa","UNKNOWN","112012003","스포츠 구단 > NFL > 버펄로 빌스","review_required","","","","unknown","unknown","not_applicable","not_applicable","unknown","","","review_required","false","bounded sample is mixed, unknown, or insufficient"
"musinsa","UNKNOWN","112012004","스포츠 구단 > NFL > 마이애미 돌핀스","confirmed","tops","shirt_blouse","shirt","unknown","unknown","not_applicable","not_applicable","unknown","tops","","direct","true","bounded official product sample is semantically consistent"
"musinsa","UNKNOWN","112012005","스포츠 구단 > NFL > 뉴욕 자이언츠","confirmed","tops","sweatshirt","sweatshirt","unknown","unknown","not_applicable","not_applicable","unknown","tops","","direct","true","bounded official product sample is semantically consistent"
"musinsa","UNKNOWN","112012006","스포츠 구단 > NFL > 시카고 베어스","confirmed","bottoms","cargo_pants","cargo_pants","unknown","unknown","not_applicable","not_applicable","unknown","bottoms","","direct","true","bounded official product sample is semantically consistent"
"musinsa","UNKNOWN","112012007","스포츠 구단 > NFL > 미네소타 바이킹스","review_required","","","","unknown","unknown","not_applicable","not_applicable","unknown","","","review_required","false","bounded sample is mixed, unknown, or insufficient"
"musinsa","UNKNOWN","112012008","스포츠 구단 > NFL > 뉴올리언스 세인츠","confirmed","tops","shirt_blouse","shirt","unknown","unknown","not_applicable","not_applicable","unknown","tops","","direct","true","bounded official product sample is semantically consistent"
"musinsa","UNKNOWN","112012009","스포츠 구단 > NFL > 시애틀 시호크스","review_required","","","","unknown","unknown","not_applicable","not_applicable","unknown","","","review_required","false","bounded sample is mixed, unknown, or insufficient"
"musinsa","UNKNOWN","112013","스포츠 구단 > 사이클","navigation_only","","","","unknown","unknown","not_applicable","not_applicable","unknown","","","navigation_only","false","navigation grouping/non-leaf"
"musinsa","UNKNOWN","112013001","스포츠 구단 > 사이클 > 보라 한스그로헤","review_required","","","","unknown","unknown","not_applicable","not_applicable","unknown","","","review_required","false","bounded sample is mixed, unknown, or insufficient"
"musinsa","UNKNOWN","113","캐릭터","navigation_only","","","","unknown","unknown","not_applicable","not_applicable","unknown","","","navigation_only","false","navigation grouping/non-leaf"
"musinsa","UNKNOWN","113002","캐릭터 > 디즈니","navigation_only","","","","unknown","unknown","not_applicable","not_applicable","unknown","","","navigation_only","false","navigation grouping/non-leaf"
"musinsa","UNKNOWN","113002002","캐릭터 > 디즈니 > 인어공주","rejected","","","","unknown","unknown","not_applicable","not_applicable","unknown","","","rejected","false","path denotes non-garment merchandise"
"musinsa","UNKNOWN","113002003","캐릭터 > 디즈니 > 알라딘","review_required","","","","unknown","unknown","not_applicable","not_applicable","unknown","","","review_required","false","bounded sample is mixed, unknown, or insufficient"
"musinsa","UNKNOWN","113002004","캐릭터 > 디즈니 > 백설공주","rejected","","","","unknown","unknown","not_applicable","not_applicable","unknown","","","rejected","false","path denotes non-garment merchandise"
"musinsa","UNKNOWN","113002005","캐릭터 > 디즈니 > 미키와 친구들","review_required","","","","unknown","unknown","not_applicable","not_applicable","unknown","","","review_required","false","bounded sample is mixed, unknown, or insufficient"
"musinsa","UNKNOWN","113002006","캐릭터 > 디즈니 > 미녀와 야수","review_required","","","","unknown","unknown","not_applicable","not_applicable","unknown","","","review_required","false","bounded sample is mixed, unknown, or insufficient"
"musinsa","UNKNOWN","113002008","캐릭터 > 디즈니 > 라푼젤","review_required","","","","unknown","unknown","not_applicable","not_applicable","unknown","","","review_required","false","bounded sample is mixed, unknown, or insufficient"
"musinsa","UNKNOWN","113002009","캐릭터 > 디즈니 > 라이온 킹","review_required","","","","unknown","unknown","not_applicable","not_applicable","unknown","","","review_required","false","bounded sample is mixed, unknown, or insufficient"
"musinsa","UNKNOWN","113002010","캐릭터 > 디즈니 > 곰돌이 푸","review_required","","","","unknown","unknown","not_applicable","not_applicable","unknown","","","review_required","false","bounded sample is mixed, unknown, or insufficient"
"musinsa","UNKNOWN","113002013","캐릭터 > 디즈니 > 이상한 나라의 앨리스","review_required","","","","unknown","unknown","not_applicable","not_applicable","unknown","","","review_required","false","bounded sample is mixed, unknown, or insufficient"
"musinsa","UNKNOWN","113002014","캐릭터 > 디즈니 > 밤비","review_required","","","","unknown","unknown","not_applicable","not_applicable","unknown","","","review_required","false","bounded sample is mixed, unknown, or insufficient"
"musinsa","UNKNOWN","113002015","캐릭터 > 디즈니 > 릴로 &amp; 스티치","review_required","","","","unknown","unknown","not_applicable","not_applicable","unknown","","","review_required","false","bounded sample is mixed, unknown, or insufficient"
"musinsa","UNKNOWN","113005","캐릭터 > 산리오캐릭터즈","navigation_only","","","","unknown","unknown","not_applicable","not_applicable","unknown","","","navigation_only","false","navigation grouping/non-leaf"
"musinsa","UNKNOWN","113005001","캐릭터 > 산리오캐릭터즈 > 헬로키티","review_required","","","","unknown","unknown","not_applicable","not_applicable","unknown","","","review_required","false","bounded sample is mixed, unknown, or insufficient"
"musinsa","UNKNOWN","113005002","캐릭터 > 산리오캐릭터즈 > 폼폼푸린","review_required","","","","unknown","unknown","not_applicable","not_applicable","unknown","","","review_required","false","bounded sample is mixed, unknown, or insufficient"
"musinsa","UNKNOWN","113005003","캐릭터 > 산리오캐릭터즈 > 포차코","review_required","","","","unknown","unknown","not_applicable","not_applicable","unknown","","","review_required","false","bounded sample is mixed, unknown, or insufficient"
"musinsa","UNKNOWN","113005004","캐릭터 > 산리오캐릭터즈 > 리틀트윈스타","review_required","","","","unknown","unknown","not_applicable","not_applicable","unknown","","","review_required","false","bounded sample is mixed, unknown, or insufficient"
"musinsa","UNKNOWN","113005005","캐릭터 > 산리오캐릭터즈 > 쿠로미","review_required","","","","unknown","unknown","not_applicable","not_applicable","unknown","","","review_required","false","bounded sample is mixed, unknown, or insufficient"
"musinsa","UNKNOWN","113005006","캐릭터 > 산리오캐릭터즈 > 시나모롤","review_required","","","","unknown","unknown","not_applicable","not_applicable","unknown","","","review_required","false","bounded sample is mixed, unknown, or insufficient"
"musinsa","UNKNOWN","113005007","캐릭터 > 산리오캐릭터즈 > 한교동","review_required","","","","unknown","unknown","not_applicable","not_applicable","unknown","","","review_required","false","bounded sample is mixed, unknown, or insufficient"
"musinsa","UNKNOWN","113005008","캐릭터 > 산리오캐릭터즈 > 마이멜로디","review_required","","","","unknown","unknown","not_applicable","not_applicable","unknown","","","review_required","false","bounded sample is mixed, unknown, or insufficient"
"musinsa","UNKNOWN","113005009","캐릭터 > 산리오캐릭터즈 > 디어다니엘","review_required","","","","unknown","unknown","not_applicable","not_applicable","unknown","","","review_required","false","bounded sample is mixed, unknown, or insufficient"
"musinsa","UNKNOWN","113005010","캐릭터 > 산리오캐릭터즈 > 구데타마","review_required","","","","unknown","unknown","not_applicable","not_applicable","unknown","","","review_required","false","bounded sample is mixed, unknown, or insufficient"
"musinsa","UNKNOWN","113005013","캐릭터 > 산리오캐릭터즈 > 산리오캐릭터즈","review_required","","","","unknown","unknown","not_applicable","not_applicable","unknown","","","review_required","false","bounded sample is mixed, unknown, or insufficient"
"musinsa","UNKNOWN","113005014","캐릭터 > 산리오캐릭터즈 > 마이스윗피아노","review_required","","","","unknown","unknown","not_applicable","not_applicable","unknown","","","review_required","false","bounded sample is mixed, unknown, or insufficient"
"musinsa","UNKNOWN","113005015","캐릭터 > 산리오캐릭터즈 > 우사하나","review_required","","","","unknown","unknown","not_applicable","not_applicable","unknown","","","review_required","false","bounded sample is mixed, unknown, or insufficient"
"musinsa","UNKNOWN","113005016","캐릭터 > 산리오캐릭터즈 > 코기뮹","review_required","","","","unknown","unknown","not_applicable","not_applicable","unknown","","","review_required","false","bounded sample is mixed, unknown, or insufficient"
"musinsa","UNKNOWN","113005017","캐릭터 > 산리오캐릭터즈 > 챠미키티","review_required","","","","unknown","unknown","not_applicable","not_applicable","unknown","","","review_required","false","bounded sample is mixed, unknown, or insufficient"
"musinsa","UNKNOWN","113005018","캐릭터 > 산리오캐릭터즈 > 슈가 바니즈","review_required","","","","unknown","unknown","not_applicable","not_applicable","unknown","","","review_required","false","bounded sample is mixed, unknown, or insufficient"
"musinsa","UNKNOWN","113006","캐릭터 > 워너브라더스","navigation_only","","","","unknown","unknown","not_applicable","not_applicable","unknown","","","navigation_only","false","navigation grouping/non-leaf"
"musinsa","UNKNOWN","113006002","캐릭터 > 워너브라더스 > 루니툰즈","confirmed","tops","shirt_blouse","bra","unknown","unknown","not_applicable","not_applicable","unknown","tops","","direct","true","bounded official product sample is semantically consistent"
"musinsa","UNKNOWN","113006003","캐릭터 > 워너브라더스 > 톰과제리","review_required","","","","unknown","unknown","not_applicable","not_applicable","unknown","","","review_required","false","bounded sample is mixed, unknown, or insufficient"
"musinsa","UNKNOWN","113009","캐릭터 > 피너츠","navigation_only","","","","unknown","unknown","not_applicable","not_applicable","unknown","","","navigation_only","false","navigation grouping/non-leaf"
"musinsa","UNKNOWN","113009001","캐릭터 > 피너츠 > 찰리브라운","confirmed","tops","shirt_blouse","bra","unknown","unknown","not_applicable","not_applicable","unknown","tops","","direct","true","bounded official product sample is semantically consistent"
"musinsa","UNKNOWN","113009002","캐릭터 > 피너츠 > 우드스탁","review_required","","","","unknown","unknown","not_applicable","not_applicable","unknown","","","review_required","false","bounded sample is mixed, unknown, or insufficient"
"musinsa","UNKNOWN","113009003","캐릭터 > 피너츠 > 스누피","review_required","","","","unknown","unknown","not_applicable","not_applicable","unknown","","","review_required","false","bounded sample is mixed, unknown, or insufficient"
"musinsa","UNKNOWN","113009004","캐릭터 > 피너츠 > 라이너스","review_required","","","","unknown","unknown","not_applicable","not_applicable","unknown","","","review_required","false","bounded sample is mixed, unknown, or insufficient"
"musinsa","UNKNOWN","113010","캐릭터 > 글로벌/클래식 캐릭터","navigation_only","","","","unknown","unknown","not_applicable","not_applicable","unknown","","","navigation_only","false","navigation grouping/non-leaf"
"musinsa","UNKNOWN","113010001","캐릭터 > 글로벌/클래식 캐릭터 > 미피","review_required","","","","unknown","unknown","not_applicable","not_applicable","unknown","","","review_required","false","bounded sample is mixed, unknown, or insufficient"
"musinsa","UNKNOWN","113010002","캐릭터 > 글로벌/클래식 캐릭터 > 실바니안 패밀리","review_required","","","","unknown","unknown","not_applicable","not_applicable","unknown","","","review_required","false","bounded sample is mixed, unknown, or insufficient"
"musinsa","UNKNOWN","113010003","캐릭터 > 글로벌/클래식 캐릭터 > 무민","review_required","","","","unknown","unknown","not_applicable","not_applicable","unknown","","","review_required","false","bounded sample is mixed, unknown, or insufficient"
"musinsa","UNKNOWN","113010004","캐릭터 > 글로벌/클래식 캐릭터 > 몬치치","review_required","","","","unknown","unknown","not_applicable","not_applicable","unknown","","","review_required","false","bounded sample is mixed, unknown, or insufficient"
"musinsa","UNKNOWN","113010007","캐릭터 > 글로벌/클래식 캐릭터 > 케어베어","review_required","","","","unknown","unknown","not_applicable","not_applicable","unknown","","","review_required","false","bounded sample is mixed, unknown, or insufficient"
"musinsa","UNKNOWN","113010008","캐릭터 > 글로벌/클래식 캐릭터 > 리락쿠마","review_required","","","","unknown","unknown","not_applicable","not_applicable","unknown","","","review_required","false","bounded sample is mixed, unknown, or insufficient"
"musinsa","UNKNOWN","113010009","캐릭터 > 글로벌/클래식 캐릭터 > 코리락쿠마","review_required","","","","unknown","unknown","not_applicable","not_applicable","unknown","","","review_required","false","bounded sample is mixed, unknown, or insufficient"
"musinsa","UNKNOWN","113010010","캐릭터 > 글로벌/클래식 캐릭터 > 바오","review_required","","","","unknown","unknown","not_applicable","not_applicable","unknown","","","review_required","false","bounded sample is mixed, unknown, or insufficient"
"musinsa","UNKNOWN","113010011","캐릭터 > 글로벌/클래식 캐릭터 > 베티붑","confirmed","tops","shirt_blouse","shirt","unknown","unknown","not_applicable","not_applicable","unknown","tops","","direct","true","bounded official product sample is semantically consistent"
"musinsa","UNKNOWN","113011","캐릭터 > 웹툰/작가","navigation_only","","","","unknown","unknown","not_applicable","not_applicable","unknown","","","navigation_only","false","navigation grouping/non-leaf"
"musinsa","UNKNOWN","113011001","캐릭터 > 웹툰/작가 > 빵빵이의 일상","review_required","","","","unknown","unknown","not_applicable","not_applicable","unknown","","","review_required","false","bounded sample is mixed, unknown, or insufficient"
"musinsa","UNKNOWN","113011003","캐릭터 > 웹툰/작가 > 나 혼자만 레벨업","review_required","","","","unknown","unknown","not_applicable","not_applicable","unknown","","","review_required","false","bounded sample is mixed, unknown, or insufficient"
"musinsa","UNKNOWN","113011004","캐릭터 > 웹툰/작가 > 무직백수 계백순","review_required","","","","unknown","unknown","not_applicable","not_applicable","unknown","","","review_required","false","bounded sample is mixed, unknown, or insufficient"
"musinsa","UNKNOWN","113011005","캐릭터 > 웹툰/작가 > 다크문","review_required","","","","unknown","unknown","not_applicable","not_applicable","unknown","","","review_required","false","bounded sample is mixed, unknown, or insufficient"
"musinsa","UNKNOWN","113011009","캐릭터 > 웹툰/작가 > 다이노탱","review_required","","","","unknown","unknown","not_applicable","not_applicable","unknown","","","review_required","false","bounded sample is mixed, unknown, or insufficient"
"musinsa","UNKNOWN","113011010","캐릭터 > 웹툰/작가 > 가나디","review_required","","","","unknown","unknown","not_applicable","not_applicable","unknown","","","review_required","false","bounded sample is mixed, unknown, or insufficient"
"musinsa","UNKNOWN","113011011","캐릭터 > 웹툰/작가 > 담곰이","review_required","","","","unknown","unknown","not_applicable","not_applicable","unknown","","","review_required","false","bounded sample is mixed, unknown, or insufficient"
"musinsa","UNKNOWN","113011012","캐릭터 > 웹툰/작가 > 망그러진곰","review_required","","","","unknown","unknown","not_applicable","not_applicable","unknown","","","review_required","false","bounded sample is mixed, unknown, or insufficient"
"musinsa","UNKNOWN","113011013","캐릭터 > 웹툰/작가 > 몰티즈","review_required","","","","unknown","unknown","not_applicable","not_applicable","unknown","","","review_required","false","bounded sample is mixed, unknown, or insufficient"
"musinsa","UNKNOWN","113011014","캐릭터 > 웹툰/작가 > 몰랑이","review_required","","","","unknown","unknown","not_applicable","not_applicable","unknown","","","review_required","false","bounded sample is mixed, unknown, or insufficient"
"musinsa","UNKNOWN","113011015","캐릭터 > 웹툰/작가 > 모남희","review_required","","","","unknown","unknown","not_applicable","not_applicable","unknown","","","review_required","false","bounded sample is mixed, unknown, or insufficient"
"musinsa","UNKNOWN","113011016","캐릭터 > 웹툰/작가 > 에스더버니","review_required","","","","unknown","unknown","not_applicable","not_applicable","unknown","","","review_required","false","bounded sample is mixed, unknown, or insufficient"
"musinsa","UNKNOWN","113011018","캐릭터 > 웹툰/작가 > 마루는 강쥐","review_required","","","","unknown","unknown","not_applicable","not_applicable","unknown","","","review_required","false","bounded sample is mixed, unknown, or insufficient"
"musinsa","UNKNOWN","113011019","캐릭터 > 웹툰/작가 > 베베더오리","review_required","","","","unknown","unknown","not_applicable","not_applicable","unknown","","","review_required","false","bounded sample is mixed, unknown, or insufficient"
"musinsa","UNKNOWN","113011021","캐릭터 > 웹툰/작가 > 포시러브","review_required","","","","unknown","unknown","not_applicable","not_applicable","unknown","","","review_required","false","bounded sample is mixed, unknown, or insufficient"
"musinsa","UNKNOWN","113011022","캐릭터 > 웹툰/작가 > 래하벨","review_required","","","","unknown","unknown","not_applicable","not_applicable","unknown","","","review_required","false","bounded sample is mixed, unknown, or insufficient"
"musinsa","UNKNOWN","113011023","캐릭터 > 웹툰/작가 > 부실감자","review_required","","","","unknown","unknown","not_applicable","not_applicable","unknown","","","review_required","false","bounded sample is mixed, unknown, or insufficient"
"musinsa","UNKNOWN","113011025","캐릭터 > 웹툰/작가 > 혀땳은앙꼬","review_required","","","","unknown","unknown","not_applicable","not_applicable","unknown","","","review_required","false","bounded sample is mixed, unknown, or insufficient"
"musinsa","UNKNOWN","113011026","캐릭터 > 웹툰/작가 > 빵아","review_required","","","","unknown","unknown","not_applicable","not_applicable","unknown","","","review_required","false","bounded sample is mixed, unknown, or insufficient"
"musinsa","UNKNOWN","113012","캐릭터 > 게임","navigation_only","","","","unknown","unknown","not_applicable","not_applicable","unknown","","","navigation_only","false","navigation grouping/non-leaf"
"musinsa","UNKNOWN","113012001","캐릭터 > 게임 > 쿠키런","review_required","","","","unknown","unknown","not_applicable","not_applicable","unknown","","","review_required","false","bounded sample is mixed, unknown, or insufficient"
"musinsa","UNKNOWN","113012003","캐릭터 > 게임 > 마인크래프트","review_required","","","","unknown","unknown","not_applicable","not_applicable","unknown","","","review_required","false","bounded sample is mixed, unknown, or insufficient"
"musinsa","UNKNOWN","113012004","캐릭터 > 게임 > 다마고치","review_required","","","","unknown","unknown","not_applicable","not_applicable","unknown","","","review_required","false","bounded sample is mixed, unknown, or insufficient"
"musinsa","UNKNOWN","113012005","캐릭터 > 게임 > 메이플스토리","review_required","","","","unknown","unknown","not_applicable","not_applicable","unknown","","","review_required","false","bounded sample is mixed, unknown, or insufficient"
"musinsa","UNKNOWN","113012006","캐릭터 > 게임 > 슈퍼 마리오","review_required","","","","unknown","unknown","not_applicable","not_applicable","unknown","","","review_required","false","bounded sample is mixed, unknown, or insufficient"
"musinsa","UNKNOWN","113012007","캐릭터 > 게임 > 트릭컬 리바이브","confirmed","tops","shirt_blouse","shirt","unknown","unknown","not_applicable","not_applicable","unknown","tops","","direct","true","bounded official product sample is semantically consistent"
"musinsa","UNKNOWN","113012008","캐릭터 > 게임 > 무한의 계단","review_required","","","","unknown","unknown","not_applicable","not_applicable","unknown","","","review_required","false","bounded sample is mixed, unknown, or insufficient"
"musinsa","UNKNOWN","113013","캐릭터 > 카카오프렌즈","navigation_only","","","","unknown","unknown","not_applicable","not_applicable","unknown","","","navigation_only","false","navigation grouping/non-leaf"
"musinsa","UNKNOWN","113013001","캐릭터 > 카카오프렌즈 > 카카오프렌즈","review_required","","","","unknown","unknown","not_applicable","not_applicable","unknown","","","review_required","false","bounded sample is mixed, unknown, or insufficient"
"musinsa","UNKNOWN","113013003","캐릭터 > 카카오프렌즈 > 춘식이","review_required","","","","unknown","unknown","not_applicable","not_applicable","unknown","","","review_required","false","bounded sample is mixed, unknown, or insufficient"
"musinsa","UNKNOWN","113014","캐릭터 > 라인프렌즈","navigation_only","","","","unknown","unknown","not_applicable","not_applicable","unknown","","","navigation_only","false","navigation grouping/non-leaf"
"musinsa","UNKNOWN","113014001","캐릭터 > 라인프렌즈 > 라인프렌즈","review_required","","","","unknown","unknown","not_applicable","not_applicable","unknown","","","review_required","false","bounded sample is mixed, unknown, or insufficient"
"musinsa","UNKNOWN","113015","캐릭터 > 팝마트","navigation_only","","","","unknown","unknown","not_applicable","not_applicable","unknown","","","navigation_only","false","navigation grouping/non-leaf"
"musinsa","UNKNOWN","113015001","캐릭터 > 팝마트 > 트윙클 트윙클","review_required","","","","unknown","unknown","not_applicable","not_applicable","unknown","","","review_required","false","bounded sample is mixed, unknown, or insufficient"
"musinsa","UNKNOWN","113015002","캐릭터 > 팝마트 > 히로노","review_required","","","","unknown","unknown","not_applicable","not_applicable","unknown","","","review_required","false","bounded sample is mixed, unknown, or insufficient"
"musinsa","UNKNOWN","113015003","캐릭터 > 팝마트 > 크라이베이비","review_required","","","","unknown","unknown","not_applicable","not_applicable","unknown","","","review_required","false","bounded sample is mixed, unknown, or insufficient"
"musinsa","UNKNOWN","113015004","캐릭터 > 팝마트 > 스컬판다","review_required","","","","unknown","unknown","not_applicable","not_applicable","unknown","","","review_required","false","bounded sample is mixed, unknown, or insufficient"
"musinsa","UNKNOWN","113015005","캐릭터 > 팝마트 > 더 몬스터즈","review_required","","","","unknown","unknown","not_applicable","not_applicable","unknown","","","review_required","false","bounded sample is mixed, unknown, or insufficient"
"musinsa","UNKNOWN","113015006","캐릭터 > 팝마트 > 디무","review_required","","","","unknown","unknown","not_applicable","not_applicable","unknown","","","review_required","false","bounded sample is mixed, unknown, or insufficient"
"musinsa","UNKNOWN","114","만화/애니메이션","navigation_only","","","","unknown","unknown","not_applicable","not_applicable","unknown","","","navigation_only","false","navigation grouping/non-leaf"
"musinsa","UNKNOWN","114001","만화/애니메이션 > 한국 만화/애니메이션","navigation_only","","","","unknown","unknown","not_applicable","not_applicable","unknown","","","navigation_only","false","navigation grouping/non-leaf"
"musinsa","UNKNOWN","114001001","만화/애니메이션 > 한국 만화/애니메이션 > 펭수","review_required","","","","unknown","unknown","not_applicable","not_applicable","unknown","","","review_required","false","bounded sample is mixed, unknown, or insufficient"
"musinsa","UNKNOWN","114001002","만화/애니메이션 > 한국 만화/애니메이션 > 뽀로로","review_required","","","","unknown","unknown","not_applicable","not_applicable","unknown","","","review_required","false","bounded sample is mixed, unknown, or insufficient"
"musinsa","UNKNOWN","114001003","만화/애니메이션 > 한국 만화/애니메이션 > 잔망루피","review_required","","","","unknown","unknown","not_applicable","not_applicable","unknown","","","review_required","false","bounded sample is mixed, unknown, or insufficient"
"musinsa","UNKNOWN","114001004","만화/애니메이션 > 한국 만화/애니메이션 > 브레드이발소","review_required","","","","unknown","unknown","not_applicable","not_applicable","unknown","","","review_required","false","bounded sample is mixed, unknown, or insufficient"
"musinsa","UNKNOWN","114001005","만화/애니메이션 > 한국 만화/애니메이션 > 헬로카봇","review_required","","","","unknown","unknown","not_applicable","not_applicable","unknown","","","review_required","false","bounded sample is mixed, unknown, or insufficient"
"musinsa","UNKNOWN","114001006","만화/애니메이션 > 한국 만화/애니메이션 > 콩순이","review_required","","","","unknown","unknown","not_applicable","not_applicable","unknown","","","review_required","false","bounded sample is mixed, unknown, or insufficient"
"musinsa","UNKNOWN","114001007","만화/애니메이션 > 한국 만화/애니메이션 > 티니핑","review_required","","","","unknown","unknown","not_applicable","not_applicable","unknown","","","review_required","false","bounded sample is mixed, unknown, or insufficient"
"musinsa","UNKNOWN","114001008","만화/애니메이션 > 한국 만화/애니메이션 > 시크릿쥬쥬","review_required","","","","unknown","unknown","not_applicable","not_applicable","unknown","","","review_required","false","bounded sample is mixed, unknown, or insufficient"
"musinsa","UNKNOWN","114001009","만화/애니메이션 > 한국 만화/애니메이션 > 또봇","review_required","","","","unknown","unknown","not_applicable","not_applicable","unknown","","","review_required","false","bounded sample is mixed, unknown, or insufficient"
"musinsa","UNKNOWN","114001010","만화/애니메이션 > 한국 만화/애니메이션 > 신비아파트","review_required","","","","unknown","unknown","not_applicable","not_applicable","unknown","","","review_required","false","bounded sample is mixed, unknown, or insufficient"
"musinsa","UNKNOWN","114002","만화/애니메이션 > 일본 만화/애니메이션","navigation_only","","","","unknown","unknown","not_applicable","not_applicable","unknown","","","navigation_only","false","navigation grouping/non-leaf"
"musinsa","UNKNOWN","114002001","만화/애니메이션 > 일본 만화/애니메이션 > 지브리 스튜디오","review_required","","","","unknown","unknown","not_applicable","not_applicable","unknown","","","review_required","false","bounded sample is mixed, unknown, or insufficient"
"musinsa","UNKNOWN","114002002","만화/애니메이션 > 일본 만화/애니메이션 > 포켓몬스터","review_required","","","","unknown","unknown","not_applicable","not_applicable","unknown","","","review_required","false","bounded sample is mixed, unknown, or insufficient"
"musinsa","UNKNOWN","114002003","만화/애니메이션 > 일본 만화/애니메이션 > 하이큐","review_required","","","","unknown","unknown","not_applicable","not_applicable","unknown","","","review_required","false","bounded sample is mixed, unknown, or insufficient"
"musinsa","UNKNOWN","114002004","만화/애니메이션 > 일본 만화/애니메이션 > 주술회전","review_required","","","","unknown","unknown","not_applicable","not_applicable","unknown","","","review_required","false","bounded sample is mixed, unknown, or insufficient"
"musinsa","UNKNOWN","114002005","만화/애니메이션 > 일본 만화/애니메이션 > 원피스","confirmed","dresses","dress","dress","unknown","unknown","not_applicable","not_applicable","unknown","dresses","","direct","true","bounded official product sample is semantically consistent"
"musinsa","UNKNOWN","114002006","만화/애니메이션 > 일본 만화/애니메이션 > 치이카와","review_required","","","","unknown","unknown","not_applicable","not_applicable","unknown","","","review_required","false","bounded sample is mixed, unknown, or insufficient"
"musinsa","UNKNOWN","114002007","만화/애니메이션 > 일본 만화/애니메이션 > 도라에몽","review_required","","","","unknown","unknown","not_applicable","not_applicable","unknown","","","review_required","false","bounded sample is mixed, unknown, or insufficient"
"musinsa","UNKNOWN","114002009","만화/애니메이션 > 일본 만화/애니메이션 > 귀멸의 칼날","review_required","","","","unknown","unknown","not_applicable","not_applicable","unknown","","","review_required","false","bounded sample is mixed, unknown, or insufficient"
"musinsa","UNKNOWN","114002010","만화/애니메이션 > 일본 만화/애니메이션 > 빨강머리 앤","review_required","","","","unknown","unknown","not_applicable","not_applicable","unknown","","","review_required","false","bounded sample is mixed, unknown, or insufficient"
"musinsa","UNKNOWN","114002011","만화/애니메이션 > 일본 만화/애니메이션 > 짱구는 못말려","review_required","","","","unknown","unknown","not_applicable","not_applicable","unknown","","","review_required","false","bounded sample is mixed, unknown, or insufficient"
"musinsa","UNKNOWN","114002012","만화/애니메이션 > 일본 만화/애니메이션 > 명탐정 코난","review_required","","","","unknown","unknown","not_applicable","not_applicable","unknown","","","review_required","false","bounded sample is mixed, unknown, or insufficient"
"musinsa","UNKNOWN","114002013","만화/애니메이션 > 일본 만화/애니메이션 > 우주소년 아톰","review_required","","","","unknown","unknown","not_applicable","not_applicable","unknown","","","review_required","false","bounded sample is mixed, unknown, or insufficient"
"musinsa","UNKNOWN","114002014","만화/애니메이션 > 일본 만화/애니메이션 > 진격의거인","review_required","","","","unknown","unknown","not_applicable","not_applicable","unknown","","","review_required","false","bounded sample is mixed, unknown, or insufficient"
"musinsa","UNKNOWN","114002016","만화/애니메이션 > 일본 만화/애니메이션 > 드래곤볼","review_required","","","","unknown","unknown","not_applicable","not_applicable","unknown","","","review_required","false","bounded sample is mixed, unknown, or insufficient"
"musinsa","UNKNOWN","114002017","만화/애니메이션 > 일본 만화/애니메이션 > 스파이 패밀리","review_required","","","","unknown","unknown","not_applicable","not_applicable","unknown","","","review_required","false","bounded sample is mixed, unknown, or insufficient"
"musinsa","UNKNOWN","114002018","만화/애니메이션 > 일본 만화/애니메이션 > 에반게리온","review_required","","","","unknown","unknown","not_applicable","not_applicable","unknown","","","review_required","false","bounded sample is mixed, unknown, or insufficient"
"musinsa","UNKNOWN","114002019","만화/애니메이션 > 일본 만화/애니메이션 > 하츠네미쿠","review_required","","","","unknown","unknown","not_applicable","not_applicable","unknown","","","review_required","false","bounded sample is mixed, unknown, or insufficient"
"musinsa","UNKNOWN","114002020","만화/애니메이션 > 일본 만화/애니메이션 > 개구리중사케로로","review_required","","","","unknown","unknown","not_applicable","not_applicable","unknown","","","review_required","false","bounded sample is mixed, unknown, or insufficient"
"musinsa","UNKNOWN","114002022","만화/애니메이션 > 일본 만화/애니메이션 > 공각기동대","rejected","","","","unknown","unknown","not_applicable","not_applicable","unknown","","","rejected","false","path denotes non-garment merchandise"
"musinsa","UNKNOWN","114002023","만화/애니메이션 > 일본 만화/애니메이션 > 캐릭캐릭체인지","review_required","","","","unknown","unknown","not_applicable","not_applicable","unknown","","","review_required","false","bounded sample is mixed, unknown, or insufficient"
"musinsa","UNKNOWN","114002024","만화/애니메이션 > 일본 만화/애니메이션 > 카우보이 비밥","review_required","","","","unknown","unknown","not_applicable","not_applicable","unknown","","","review_required","false","bounded sample is mixed, unknown, or insufficient"
"musinsa","UNKNOWN","114002025","만화/애니메이션 > 일본 만화/애니메이션 > GTO","review_required","","","","unknown","unknown","not_applicable","not_applicable","unknown","","","review_required","false","bounded sample is mixed, unknown, or insufficient"
"musinsa","UNKNOWN","114002026","만화/애니메이션 > 일본 만화/애니메이션 > 호빵맨","review_required","","","","unknown","unknown","not_applicable","not_applicable","unknown","","","review_required","false","bounded sample is mixed, unknown, or insufficient"
"musinsa","UNKNOWN","114002027","만화/애니메이션 > 일본 만화/애니메이션 > 건담","review_required","","","","unknown","unknown","not_applicable","not_applicable","unknown","","","review_required","false","bounded sample is mixed, unknown, or insufficient"
"musinsa","UNKNOWN","114002028","만화/애니메이션 > 일본 만화/애니메이션 > 디지몬","review_required","","","","unknown","unknown","not_applicable","not_applicable","unknown","","","review_required","false","bounded sample is mixed, unknown, or insufficient"
"musinsa","UNKNOWN","114002029","만화/애니메이션 > 일본 만화/애니메이션 > 이토 준지","review_required","","","","unknown","unknown","not_applicable","not_applicable","unknown","","","review_required","false","bounded sample is mixed, unknown, or insufficient"
"musinsa","UNKNOWN","114003","만화/애니메이션 > 글로벌 만화/애니메이션","navigation_only","","","","unknown","unknown","not_applicable","not_applicable","unknown","","","navigation_only","false","navigation grouping/non-leaf"
"musinsa","UNKNOWN","114003001","만화/애니메이션 > 글로벌 만화/애니메이션 > 심슨","review_required","","","","unknown","unknown","not_applicable","not_applicable","unknown","","","review_required","false","bounded sample is mixed, unknown, or insufficient"
"musinsa","UNKNOWN","114003002","만화/애니메이션 > 글로벌 만화/애니메이션 > 핑구","review_required","","","","unknown","unknown","not_applicable","not_applicable","unknown","","","review_required","false","bounded sample is mixed, unknown, or insufficient"
"musinsa","UNKNOWN","114003003","만화/애니메이션 > 글로벌 만화/애니메이션 > 텔레토비","review_required","","","","unknown","unknown","not_applicable","not_applicable","unknown","","","review_required","false","bounded sample is mixed, unknown, or insufficient"
"musinsa","UNKNOWN","114003004","만화/애니메이션 > 글로벌 만화/애니메이션 > 파워퍼프걸","review_required","","","","unknown","unknown","not_applicable","not_applicable","unknown","","","review_required","false","bounded sample is mixed, unknown, or insufficient"
"musinsa","UNKNOWN","114003005","만화/애니메이션 > 글로벌 만화/애니메이션 > 위베어베어스","review_required","","","","unknown","unknown","not_applicable","not_applicable","unknown","","","review_required","false","bounded sample is mixed, unknown, or insufficient"
"musinsa","UNKNOWN","114003006","만화/애니메이션 > 글로벌 만화/애니메이션 > 퍼피구조대","review_required","","","","unknown","unknown","not_applicable","not_applicable","unknown","","","review_required","false","bounded sample is mixed, unknown, or insufficient"
"musinsa","UNKNOWN","114003007","만화/애니메이션 > 글로벌 만화/애니메이션 > 스폰지밥","review_required","","","","unknown","unknown","not_applicable","not_applicable","unknown","","","review_required","false","bounded sample is mixed, unknown, or insufficient"
"musinsa","UNKNOWN","114003008","만화/애니메이션 > 글로벌 만화/애니메이션 > 배트맨 패밀리","review_required","","","","unknown","unknown","not_applicable","not_applicable","unknown","","","review_required","false","bounded sample is mixed, unknown, or insufficient"
"musinsa","UNKNOWN","114003009","만화/애니메이션 > 글로벌 만화/애니메이션 > 월레스와 그로밋","review_required","","","","unknown","unknown","not_applicable","not_applicable","unknown","","","review_required","false","bounded sample is mixed, unknown, or insufficient"
"musinsa","UNKNOWN","114003010","만화/애니메이션 > 글로벌 만화/애니메이션 > 우디 우드페커","review_required","","","","unknown","unknown","not_applicable","not_applicable","unknown","","","review_required","false","bounded sample is mixed, unknown, or insufficient"
"musinsa","UNKNOWN","115","모터스","navigation_only","","","","unknown","unknown","not_applicable","not_applicable","unknown","","","navigation_only","false","navigation grouping/non-leaf"
"musinsa","UNKNOWN","115001","모터스 > 자동차","navigation_only","","","","unknown","unknown","not_applicable","not_applicable","unknown","","","navigation_only","false","navigation grouping/non-leaf"
"musinsa","UNKNOWN","115001001","모터스 > 자동차 > 메르세데스-벤츠","review_required","","","","unknown","unknown","not_applicable","not_applicable","unknown","","","review_required","false","bounded sample is mixed, unknown, or insufficient"
"musinsa","UNKNOWN","115001002","모터스 > 자동차 > BMW","review_required","","","","unknown","unknown","not_applicable","not_applicable","unknown","","","review_required","false","bounded sample is mixed, unknown, or insufficient"
"musinsa","UNKNOWN","115001003","모터스 > 자동차 > 페라리","review_required","","","","unknown","unknown","not_applicable","not_applicable","unknown","","","review_required","false","bounded sample is mixed, unknown, or insufficient"
"musinsa","UNKNOWN","115001004","모터스 > 자동차 > 람보르기니","review_required","","","","unknown","unknown","not_applicable","not_applicable","unknown","","","review_required","false","bounded sample is mixed, unknown, or insufficient"
"musinsa","UNKNOWN","115001005","모터스 > 자동차 > 부가티","review_required","","","","unknown","unknown","not_applicable","not_applicable","unknown","","","review_required","false","bounded sample is mixed, unknown, or insufficient"
"musinsa","UNKNOWN","115001006","모터스 > 자동차 > 포르쉐","review_required","","","","unknown","unknown","not_applicable","not_applicable","unknown","","","review_required","false","bounded sample is mixed, unknown, or insufficient"
"musinsa","UNKNOWN","115002","모터스 > 모터사이클","navigation_only","","","","unknown","unknown","not_applicable","not_applicable","unknown","","","navigation_only","false","navigation grouping/non-leaf"
"musinsa","UNKNOWN","115002001","모터스 > 모터사이클 > 혼다","review_required","","","","unknown","unknown","not_applicable","not_applicable","unknown","","","review_required","false","bounded sample is mixed, unknown, or insufficient"
"musinsa","UNKNOWN","115002002","모터스 > 모터사이클 > 할리 데이비슨","review_required","","","","unknown","unknown","not_applicable","not_applicable","unknown","","","review_required","false","bounded sample is mixed, unknown, or insufficient"
"musinsa","UNKNOWN","116","F&amp;B","navigation_only","","","","unknown","unknown","not_applicable","not_applicable","unknown","","","navigation_only","false","navigation grouping/non-leaf"
"musinsa","UNKNOWN","116001","F&amp;B > 음료","navigation_only","","","","unknown","unknown","not_applicable","not_applicable","unknown","","","navigation_only","false","navigation grouping/non-leaf"
"musinsa","UNKNOWN","116001001","F&amp;B > 음료 > 코카-콜라","review_required","","","","unknown","unknown","not_applicable","not_applicable","unknown","","","review_required","false","bounded sample is mixed, unknown, or insufficient"
"musinsa","UNKNOWN","116001002","F&amp;B > 음료 > 진로","review_required","","","","unknown","unknown","not_applicable","not_applicable","unknown","","","review_required","false","bounded sample is mixed, unknown, or insufficient"
"musinsa","UNKNOWN","116001003","F&amp;B > 음료 > 펩시","review_required","","","","unknown","unknown","not_applicable","not_applicable","unknown","","","review_required","false","bounded sample is mixed, unknown, or insufficient"
"musinsa","UNKNOWN","116001004","F&amp;B > 음료 > 참이슬","review_required","","","","unknown","unknown","not_applicable","not_applicable","unknown","","","review_required","false","bounded sample is mixed, unknown, or insufficient"
"musinsa","UNKNOWN","116001005","F&amp;B > 음료 > 스타벅스","review_required","","","","unknown","unknown","not_applicable","not_applicable","unknown","","","review_required","false","bounded sample is mixed, unknown, or insufficient"
"musinsa","UNKNOWN","116001006","F&amp;B > 음료 > 몬스터 에너지","review_required","","","","unknown","unknown","not_applicable","not_applicable","unknown","","","review_required","false","bounded sample is mixed, unknown, or insufficient"
"musinsa","UNKNOWN","116001007","F&amp;B > 음료 > CASS","review_required","","","","unknown","unknown","not_applicable","not_applicable","unknown","","","review_required","false","bounded sample is mixed, unknown, or insufficient"
"musinsa","UNKNOWN","116002","F&amp;B > 식품","navigation_only","","","","unknown","unknown","not_applicable","not_applicable","unknown","","","navigation_only","false","navigation grouping/non-leaf"
"musinsa","UNKNOWN","116002001","F&amp;B > 식품 > 츄파춥스","rejected","","","","unknown","unknown","not_applicable","not_applicable","unknown","","","rejected","false","path denotes non-garment merchandise"
"musinsa","UNKNOWN","116002002","F&amp;B > 식품 > 프링글스","rejected","","","","unknown","unknown","not_applicable","not_applicable","unknown","","","rejected","false","path denotes non-garment merchandise"
"musinsa","UNKNOWN","116002003","F&amp;B > 식품 > 너구리","rejected","","","","unknown","unknown","not_applicable","not_applicable","unknown","","","rejected","false","path denotes non-garment merchandise"
"musinsa","UNKNOWN","117","음악","navigation_only","","","","unknown","unknown","not_applicable","not_applicable","unknown","","","navigation_only","false","navigation grouping/non-leaf"
"musinsa","UNKNOWN","117001","음악 > K-POP","navigation_only","","","","unknown","unknown","not_applicable","not_applicable","unknown","","","navigation_only","false","navigation grouping/non-leaf"
"musinsa","UNKNOWN","117001001","음악 > K-POP > LE SSERAFIM","review_required","","","","unknown","unknown","not_applicable","not_applicable","unknown","","","review_required","false","bounded sample is mixed, unknown, or insufficient"
"musinsa","UNKNOWN","117001002","음악 > K-POP > BLACKPINK","review_required","","","","unknown","unknown","not_applicable","not_applicable","unknown","","","review_required","false","bounded sample is mixed, unknown, or insufficient"
"musinsa","UNKNOWN","117001003","음악 > K-POP > SEVENTEEN","review_required","","","","unknown","unknown","not_applicable","not_applicable","unknown","","","review_required","false","bounded sample is mixed, unknown, or insufficient"
"musinsa","UNKNOWN","117001004","음악 > K-POP > aespa","review_required","","","","unknown","unknown","not_applicable","not_applicable","unknown","","","review_required","false","bounded sample is mixed, unknown, or insufficient"
"musinsa","UNKNOWN","117001005","음악 > K-POP > BTS","confirmed","tops","shirt_blouse","shirt","unknown","unknown","not_applicable","not_applicable","unknown","tops","","direct","true","bounded official product sample is semantically consistent"
"musinsa","UNKNOWN","117001006","음악 > K-POP > EXO","review_required","","","","unknown","unknown","not_applicable","not_applicable","unknown","","","review_required","false","bounded sample is mixed, unknown, or insufficient"
"musinsa","UNKNOWN","117001007","음악 > K-POP > NCT","review_required","","","","unknown","unknown","not_applicable","not_applicable","unknown","","","review_required","false","bounded sample is mixed, unknown, or insufficient"
"musinsa","UNKNOWN","117001008","음악 > K-POP > QWER","review_required","","","","unknown","unknown","not_applicable","not_applicable","unknown","","","review_required","false","bounded sample is mixed, unknown, or insufficient"
"musinsa","UNKNOWN","117001009","음악 > K-POP > DEUX","review_required","","","","unknown","unknown","not_applicable","not_applicable","unknown","","","review_required","false","bounded sample is mixed, unknown, or insufficient"
"musinsa","UNKNOWN","117001010","음악 > K-POP > PLAVE","review_required","","","","unknown","unknown","not_applicable","not_applicable","unknown","","","review_required","false","bounded sample is mixed, unknown, or insufficient"
"musinsa","UNKNOWN","117001011","음악 > K-POP > BOYNEXTDOOR","review_required","","","","unknown","unknown","not_applicable","not_applicable","unknown","","","review_required","false","bounded sample is mixed, unknown, or insufficient"
"musinsa","UNKNOWN","117001012","음악 > K-POP > BTOB","review_required","","","","unknown","unknown","not_applicable","not_applicable","unknown","","","review_required","false","bounded sample is mixed, unknown, or insufficient"
"musinsa","UNKNOWN","117001013","음악 > K-POP > TXT","review_required","","","","unknown","unknown","not_applicable","not_applicable","unknown","","","review_required","false","bounded sample is mixed, unknown, or insufficient"
"musinsa","UNKNOWN","117001014","음악 > K-POP > TWS","review_required","","","","unknown","unknown","not_applicable","not_applicable","unknown","","","review_required","false","bounded sample is mixed, unknown, or insufficient"
"musinsa","UNKNOWN","117001015","음악 > K-POP > DAY6","review_required","","","","unknown","unknown","not_applicable","not_applicable","unknown","","","review_required","false","bounded sample is mixed, unknown, or insufficient"
"musinsa","UNKNOWN","117001016","음악 > K-POP > 아일릿","review_required","","","","unknown","unknown","not_applicable","not_applicable","unknown","","","review_required","false","bounded sample is mixed, unknown, or insufficient"
"musinsa","UNKNOWN","117001017","음악 > K-POP > 에이티즈","review_required","","","","unknown","unknown","not_applicable","not_applicable","unknown","","","review_required","false","bounded sample is mixed, unknown, or insufficient"
"musinsa","UNKNOWN","117001018","음악 > K-POP > 아이들","review_required","","","","unknown","unknown","not_applicable","not_applicable","unknown","","","review_required","false","bounded sample is mixed, unknown, or insufficient"
"musinsa","UNKNOWN","117001019","음악 > K-POP > 아이브","review_required","","","","unknown","unknown","not_applicable","not_applicable","unknown","","","review_required","false","bounded sample is mixed, unknown, or insufficient"
"musinsa","UNKNOWN","117001020","음악 > K-POP > 하츠투하츠","review_required","","","","unknown","unknown","not_applicable","not_applicable","unknown","","","review_required","false","bounded sample is mixed, unknown, or insufficient"
"musinsa","UNKNOWN","117001021","음악 > K-POP > 스트레이 키즈","review_required","","","","unknown","unknown","not_applicable","not_applicable","unknown","","","review_required","false","bounded sample is mixed, unknown, or insufficient"
"musinsa","UNKNOWN","117001022","음악 > K-POP > 엔하이픈","review_required","","","","unknown","unknown","not_applicable","not_applicable","unknown","","","review_required","false","bounded sample is mixed, unknown, or insufficient"
"musinsa","UNKNOWN","117001024","음악 > K-POP > 있지","review_required","","","","unknown","unknown","not_applicable","not_applicable","unknown","","","review_required","false","bounded sample is mixed, unknown, or insufficient"
"musinsa","UNKNOWN","117001025","음악 > K-POP > 라이즈","review_required","","","","unknown","unknown","not_applicable","not_applicable","unknown","","","review_required","false","bounded sample is mixed, unknown, or insufficient"
"musinsa","UNKNOWN","117001026","음악 > K-POP > 엔믹스","review_required","","","","unknown","unknown","not_applicable","not_applicable","unknown","","","review_required","false","bounded sample is mixed, unknown, or insufficient"
"musinsa","UNKNOWN","117001027","음악 > K-POP > 트와이스","review_required","","","","unknown","unknown","not_applicable","not_applicable","unknown","","","review_required","false","bounded sample is mixed, unknown, or insufficient"
"musinsa","UNKNOWN","117001029","음악 > K-POP > 최예나","review_required","","","","unknown","unknown","not_applicable","not_applicable","unknown","","","review_required","false","bounded sample is mixed, unknown, or insufficient"
"musinsa","UNKNOWN","117001031","음악 > K-POP > 한로로","review_required","","","","unknown","unknown","not_applicable","not_applicable","unknown","","","review_required","false","bounded sample is mixed, unknown, or insufficient"
"musinsa","UNKNOWN","117001037","음악 > K-POP > AND2BLE","review_required","","","","unknown","unknown","not_applicable","not_applicable","unknown","","","review_required","false","bounded sample is mixed, unknown, or insufficient"
"musinsa","UNKNOWN","118","영화/드라마","navigation_only","","","","unknown","unknown","not_applicable","not_applicable","unknown","","","navigation_only","false","navigation grouping/non-leaf"
"musinsa","UNKNOWN","118001","영화/드라마 > 해외 영화","navigation_only","","","","unknown","unknown","not_applicable","not_applicable","unknown","","","navigation_only","false","navigation grouping/non-leaf"
"musinsa","UNKNOWN","118001001","영화/드라마 > 해외 영화 > 스파이더맨","review_required","","","","unknown","unknown","not_applicable","not_applicable","unknown","","","review_required","false","bounded sample is mixed, unknown, or insufficient"
"musinsa","UNKNOWN","118001002","영화/드라마 > 해외 영화 > 데드풀&amp;울버린","review_required","","","","unknown","unknown","not_applicable","not_applicable","unknown","","","review_required","false","bounded sample is mixed, unknown, or insufficient"
"musinsa","UNKNOWN","118001003","영화/드라마 > 해외 영화 > 어벤저스","review_required","","","","unknown","unknown","not_applicable","not_applicable","unknown","","","review_required","false","bounded sample is mixed, unknown, or insufficient"
"musinsa","UNKNOWN","118001004","영화/드라마 > 해외 영화 > 판타스틱4","review_required","","","","unknown","unknown","not_applicable","not_applicable","unknown","","","review_required","false","bounded sample is mixed, unknown, or insufficient"
"musinsa","UNKNOWN","118001005","영화/드라마 > 해외 영화 > 가디언즈 오브 갤럭시","review_required","","","","unknown","unknown","not_applicable","not_applicable","unknown","","","review_required","false","bounded sample is mixed, unknown, or insufficient"
"musinsa","UNKNOWN","118001006","영화/드라마 > 해외 영화 > 조커","review_required","","","","unknown","unknown","not_applicable","not_applicable","unknown","","","review_required","false","bounded sample is mixed, unknown, or insufficient"
"musinsa","UNKNOWN","118001007","영화/드라마 > 해외 영화 > 할리퀸","review_required","","","","unknown","unknown","not_applicable","not_applicable","unknown","","","review_required","false","bounded sample is mixed, unknown, or insufficient"
"musinsa","UNKNOWN","118001008","영화/드라마 > 해외 영화 > 스타워즈","review_required","","","","unknown","unknown","not_applicable","not_applicable","unknown","","","review_required","false","bounded sample is mixed, unknown, or insufficient"
"musinsa","UNKNOWN","118001009","영화/드라마 > 해외 영화 > 해리포터","review_required","","","","unknown","unknown","not_applicable","not_applicable","unknown","","","review_required","false","bounded sample is mixed, unknown, or insufficient"
"musinsa","UNKNOWN","118001010","영화/드라마 > 해외 영화 > 토이 스토리","review_required","","","","unknown","unknown","not_applicable","not_applicable","unknown","","","review_required","false","bounded sample is mixed, unknown, or insufficient"
"musinsa","UNKNOWN","118001011","영화/드라마 > 해외 영화 > 인사이드 아웃","review_required","","","","unknown","unknown","not_applicable","not_applicable","unknown","","","review_required","false","bounded sample is mixed, unknown, or insufficient"
"musinsa","UNKNOWN","118001012","영화/드라마 > 해외 영화 > 겨울왕국","review_required","","","","unknown","unknown","not_applicable","not_applicable","unknown","","","review_required","false","bounded sample is mixed, unknown, or insufficient"
"musinsa","UNKNOWN","118001013","영화/드라마 > 해외 영화 > 주토피아","review_required","","","","unknown","unknown","not_applicable","not_applicable","unknown","","","review_required","false","bounded sample is mixed, unknown, or insufficient"
"musinsa","UNKNOWN","118001014","영화/드라마 > 해외 영화 > 엘리멘탈","review_required","","","","unknown","unknown","not_applicable","not_applicable","unknown","","","review_required","false","bounded sample is mixed, unknown, or insufficient"
"musinsa","UNKNOWN","118001015","영화/드라마 > 해외 영화 > 몬스터 주식회사","review_required","","","","unknown","unknown","not_applicable","not_applicable","unknown","","","review_required","false","bounded sample is mixed, unknown, or insufficient"
"musinsa","UNKNOWN","118001016","영화/드라마 > 해외 영화 > 모아나","review_required","","","","unknown","unknown","not_applicable","not_applicable","unknown","","","review_required","false","bounded sample is mixed, unknown, or insufficient"
"musinsa","UNKNOWN","118001017","영화/드라마 > 해외 영화 > 케이팝 데몬 헌터스","review_required","","","","unknown","unknown","not_applicable","not_applicable","unknown","","","review_required","false","bounded sample is mixed, unknown, or insufficient"
"musinsa","UNKNOWN","118001018","영화/드라마 > 해외 영화 > 악마는 프라다를 입는다","review_required","","","","unknown","unknown","not_applicable","not_applicable","unknown","","","review_required","false","bounded sample is mixed, unknown, or insufficient"
"musinsa","UNKNOWN","118001019","영화/드라마 > 해외 영화 > 백 투 더 퓨쳐","confirmed","tops","shirt_blouse","shirt","unknown","unknown","not_applicable","not_applicable","unknown","tops","","direct","true","bounded official product sample is semantically consistent"
"musinsa","UNKNOWN","118001020","영화/드라마 > 해외 영화 > 쥬라기 공원","rejected","","","","unknown","unknown","not_applicable","not_applicable","unknown","","","rejected","false","path denotes non-garment merchandise"
"musinsa","UNKNOWN","118001021","영화/드라마 > 해외 영화 > 죠스","confirmed","tops","shirt_blouse","shirt","unknown","unknown","not_applicable","not_applicable","unknown","tops","","direct","true","bounded official product sample is semantically consistent"
"musinsa","UNKNOWN","118001022","영화/드라마 > 해외 영화 > E.T.","confirmed","tops","shirt_blouse","shirt","unknown","unknown","not_applicable","not_applicable","unknown","tops","","direct","true","bounded official product sample is semantically consistent"
"musinsa","UNKNOWN","118002","영화/드라마 > 해외 시리즈/드라마","navigation_only","","","","unknown","unknown","not_applicable","not_applicable","unknown","","","navigation_only","false","navigation grouping/non-leaf"
"musinsa","UNKNOWN","118002001","영화/드라마 > 해외 시리즈/드라마 > 기묘한 이야기","review_required","","","","unknown","unknown","not_applicable","not_applicable","unknown","","","review_required","false","bounded sample is mixed, unknown, or insufficient"
"musinsa","UNKNOWN","118002002","영화/드라마 > 해외 시리즈/드라마 > 세서미 스트리트","review_required","","","","unknown","unknown","not_applicable","not_applicable","unknown","","","review_required","false","bounded sample is mixed, unknown, or insufficient"
"musinsa","UNKNOWN","118003","영화/드라마 > 국내 시리즈/드라마","navigation_only","","","","unknown","unknown","not_applicable","not_applicable","unknown","","","navigation_only","false","navigation grouping/non-leaf"
"musinsa","UNKNOWN","118003001","영화/드라마 > 국내 시리즈/드라마 > 오징어 게임","review_required","","","","unknown","unknown","not_applicable","not_applicable","unknown","","","review_required","false","bounded sample is mixed, unknown, or insufficient"
"musinsa","UNKNOWN","119","콘텐츠","navigation_only","","","","unknown","unknown","not_applicable","not_applicable","unknown","","","navigation_only","false","navigation grouping/non-leaf"
"musinsa","UNKNOWN","119001","콘텐츠 > 유튜브","navigation_only","","","","unknown","unknown","not_applicable","not_applicable","unknown","","","navigation_only","false","navigation grouping/non-leaf"
"musinsa","UNKNOWN","119001001","콘텐츠 > 유튜브 > 밈고리즘","review_required","","","","unknown","unknown","not_applicable","not_applicable","unknown","","","review_required","false","bounded sample is mixed, unknown, or insufficient"
"musinsa","UNKNOWN","119001002","콘텐츠 > 유튜브 > 침착맨","review_required","","","","unknown","unknown","not_applicable","not_applicable","unknown","","","review_required","false","bounded sample is mixed, unknown, or insufficient"
"musinsa","UNKNOWN","119001004","콘텐츠 > 유튜브 > 빠더너스","review_required","","","","unknown","unknown","not_applicable","not_applicable","unknown","","","review_required","false","bounded sample is mixed, unknown, or insufficient"
"musinsa","UNKNOWN","119001005","콘텐츠 > 유튜브 > 가비걸","review_required","","","","unknown","unknown","not_applicable","not_applicable","unknown","","","review_required","false","bounded sample is mixed, unknown, or insufficient"
"musinsa","UNKNOWN","119002","콘텐츠 > 공연","navigation_only","","","","unknown","unknown","not_applicable","not_applicable","unknown","","","navigation_only","false","navigation grouping/non-leaf"
"musinsa","UNKNOWN","119002001","콘텐츠 > 공연 > 위키드","rejected","","","","unknown","unknown","not_applicable","not_applicable","unknown","","","rejected","false","path denotes non-garment merchandise"
"musinsa","UNKNOWN","119002002","콘텐츠 > 공연 > 인천 펜타포트 락 페스티벌","rejected","","","","unknown","unknown","not_applicable","not_applicable","unknown","","","rejected","false","path denotes non-garment merchandise"
"musinsa","UNKNOWN","119003","콘텐츠 > 방송국","navigation_only","","","","unknown","unknown","not_applicable","not_applicable","unknown","","","navigation_only","false","navigation grouping/non-leaf"
"musinsa","UNKNOWN","119003001","콘텐츠 > 방송국 > 무한도전","review_required","","","","unknown","unknown","not_applicable","not_applicable","unknown","","","review_required","false","bounded sample is mixed, unknown, or insufficient"
"musinsa","UNKNOWN","120","모자","navigation_only","","","","unknown","unknown","not_applicable","not_applicable","unknown","","","navigation_only","false","navigation grouping/non-leaf"
"musinsa","UNKNOWN","120001","모자 > 캡/야구모자","rejected","","","","unknown","unknown","not_applicable","not_applicable","unknown","","","rejected","false","path denotes non-garment merchandise"
"musinsa","UNKNOWN","120002","모자 > 헌팅캡/베레모","rejected","","","","unknown","unknown","not_applicable","not_applicable","unknown","","","rejected","false","path denotes non-garment merchandise"
"musinsa","UNKNOWN","120003","모자 > 페도라","rejected","","","","unknown","unknown","not_applicable","not_applicable","unknown","","","rejected","false","path denotes non-garment merchandise"
"musinsa","UNKNOWN","120004","모자 > 버킷/사파리햇","rejected","","","","unknown","unknown","not_applicable","not_applicable","unknown","","","rejected","false","path denotes non-garment merchandise"
"musinsa","UNKNOWN","120005","모자 > 비니","rejected","","","","unknown","unknown","not_applicable","not_applicable","unknown","","","rejected","false","path denotes non-garment merchandise"
"musinsa","UNKNOWN","120006","모자 > 트루퍼","rejected","","","","unknown","unknown","not_applicable","not_applicable","unknown","","","rejected","false","path denotes non-garment merchandise"
"musinsa","UNKNOWN","120007","모자 > 바라클라바","rejected","","","","unknown","unknown","not_applicable","not_applicable","unknown","","","rejected","false","path denotes non-garment merchandise"
"musinsa","UNKNOWN","120008","모자 > 기타 모자","rejected","","","","unknown","unknown","not_applicable","not_applicable","unknown","","","rejected","false","path denotes non-garment merchandise"
"uniqlo","WOMEN","57892","WOMEN","navigation_only","","","","unknown","unknown","not_applicable","not_applicable","unknown","","","navigation_only","false","navigation grouping/non-leaf"
"uniqlo","MEN","57893","MEN","navigation_only","","","","unknown","unknown","not_applicable","not_applicable","unknown","","","navigation_only","false","navigation grouping/non-leaf"
"uniqlo","KIDS","57894","KIDS","navigation_only","","","","unknown","unknown","not_applicable","not_applicable","unknown","","","navigation_only","false","navigation grouping/non-leaf"
"uniqlo","BABY","57925","BABY","navigation_only","","","","unknown","unknown","not_applicable","not_applicable","unknown","","","navigation_only","false","navigation grouping/non-leaf"
"uniqlo","WOMEN","57959","티셔츠 & UT","navigation_only","","","","not_applicable","not_applicable","not_applicable","not_applicable","not_applicable","","","navigation_only","false","preserved existing review_required decision"
"uniqlo","WOMEN","95354","셔츠 & 블라우스 & 폴로셔츠","navigation_only","","","","not_applicable","not_applicable","not_applicable","not_applicable","not_applicable","","","navigation_only","false","preserved existing review_required decision"
"uniqlo","WOMEN","95353","니트 & 가디건","navigation_only","","","","not_applicable","not_applicable","not_applicable","not_applicable","not_applicable","","","navigation_only","false","preserved existing review_required decision"
"uniqlo","WOMEN","57958","아우터","navigation_only","","","","not_applicable","not_applicable","not_applicable","not_applicable","not_applicable","","","navigation_only","false","preserved existing review_required decision"
"uniqlo","WOMEN","57960","팬츠","navigation_only","","","","not_applicable","not_applicable","not_applicable","not_applicable","not_applicable","","","navigation_only","false","preserved existing confirmed decision"
"uniqlo","WOMEN","57961","원피스 & 스커트","navigation_only","","","","not_applicable","not_applicable","not_applicable","not_applicable","not_applicable","","","navigation_only","false","preserved existing review_required decision"
"uniqlo","WOMEN","57963","이너웨어","navigation_only","","","","not_applicable","not_applicable","not_applicable","not_applicable","not_applicable","","","navigation_only","false","preserved existing review_required decision"
"uniqlo","WOMEN","57964","파자마 & 홈웨어","navigation_only","","","","not_applicable","not_applicable","not_applicable","not_applicable","not_applicable","","","navigation_only","false","preserved existing rejected decision"
"uniqlo","WOMEN","57965","액세서리","navigation_only","","","","not_applicable","not_applicable","not_applicable","not_applicable","not_applicable","","","navigation_only","false","preserved existing rejected decision"
"uniqlo","WOMEN","148314","라운지 & 언더웨어 컬렉션","navigation_only","","","","not_applicable","not_applicable","not_applicable","not_applicable","not_applicable","","","navigation_only","false","preserved existing rejected decision"
"uniqlo","WOMEN","81619","에어리즘","navigation_only","","","","not_applicable","not_applicable","not_applicable","not_applicable","not_applicable","","","navigation_only","false","preserved existing review_required decision"
"uniqlo","WOMEN","57962","스포츠 유틸리티 웨어","navigation_only","","","","not_applicable","not_applicable","not_applicable","not_applicable","not_applicable","","","navigation_only","false","preserved existing review_required decision"
"uniqlo","WOMEN","114788","UV Protection","navigation_only","","","","not_applicable","not_applicable","not_applicable","not_applicable","not_applicable","","","navigation_only","false","preserved existing review_required decision"
"uniqlo","WOMEN","116863","리넨","navigation_only","","","","not_applicable","not_applicable","not_applicable","not_applicable","not_applicable","","","navigation_only","false","preserved existing review_required decision"
"uniqlo","WOMEN","107542","Special Collaborations","navigation_only","","","","not_applicable","not_applicable","not_applicable","not_applicable","not_applicable","","","navigation_only","false","preserved existing review_required decision"
"uniqlo","WOMEN","124424","GU","navigation_only","","","","not_applicable","not_applicable","not_applicable","not_applicable","not_applicable","","","navigation_only","false","preserved existing review_required decision"
"uniqlo","MEN","57967","티셔츠 & 스웨트셔츠 & UT","navigation_only","","","","not_applicable","not_applicable","not_applicable","not_applicable","not_applicable","","","navigation_only","false","preserved existing review_required decision"
"uniqlo","MEN","95356","셔츠","navigation_only","","","","not_applicable","not_applicable","not_applicable","not_applicable","not_applicable","","","navigation_only","false","preserved existing confirmed decision"
"uniqlo","MEN","95355","니트 & 가디건","navigation_only","","","","not_applicable","not_applicable","not_applicable","not_applicable","not_applicable","","","navigation_only","false","preserved existing review_required decision"
"uniqlo","MEN","57966","아우터","navigation_only","","","","not_applicable","not_applicable","not_applicable","not_applicable","not_applicable","","","navigation_only","false","preserved existing review_required decision"
"uniqlo","MEN","57968","팬츠","navigation_only","","","","not_applicable","not_applicable","not_applicable","not_applicable","not_applicable","","","navigation_only","false","preserved existing confirmed decision"
"uniqlo","MEN","57970","이너웨어","navigation_only","","","","not_applicable","not_applicable","not_applicable","not_applicable","not_applicable","","","navigation_only","false","preserved existing review_required decision"
"uniqlo","MEN","57971","라운지 팬츠","navigation_only","","","","not_applicable","not_applicable","not_applicable","not_applicable","not_applicable","","","navigation_only","false","preserved existing confirmed decision"
"uniqlo","MEN","57972","액세서리","navigation_only","","","","not_applicable","not_applicable","not_applicable","not_applicable","not_applicable","","","navigation_only","false","preserved existing rejected decision"
"uniqlo","MEN","81620","에어리즘","navigation_only","","","","not_applicable","not_applicable","not_applicable","not_applicable","not_applicable","","","navigation_only","false","preserved existing review_required decision"
"uniqlo","MEN","57969","스포츠 유틸리티 웨어","navigation_only","","","","not_applicable","not_applicable","not_applicable","not_applicable","not_applicable","","","navigation_only","false","preserved existing review_required decision"
"uniqlo","MEN","114793","UV Protection","navigation_only","","","","not_applicable","not_applicable","not_applicable","not_applicable","not_applicable","","","navigation_only","false","preserved existing review_required decision"
"uniqlo","MEN","116864","리넨","navigation_only","","","","not_applicable","not_applicable","not_applicable","not_applicable","not_applicable","","","navigation_only","false","preserved existing review_required decision"
"uniqlo","MEN","107543","Special Collaborations","navigation_only","","","","not_applicable","not_applicable","not_applicable","not_applicable","not_applicable","","","navigation_only","false","preserved existing review_required decision"
"uniqlo","MEN","124425","GU","navigation_only","","","","not_applicable","not_applicable","not_applicable","not_applicable","not_applicable","","","navigation_only","false","preserved existing review_required decision"
"uniqlo","KIDS","57974","티셔츠 & UT","navigation_only","","","","not_applicable","not_applicable","not_applicable","not_applicable","not_applicable","","","navigation_only","false","preserved existing review_required decision"
"uniqlo","KIDS","57975","청바지 & 팬츠","navigation_only","","","","not_applicable","not_applicable","not_applicable","not_applicable","not_applicable","","","navigation_only","false","preserved existing review_required decision"
"uniqlo","KIDS","57976","원피스 & 스커트","navigation_only","","","","not_applicable","not_applicable","not_applicable","not_applicable","not_applicable","","","navigation_only","false","preserved existing review_required decision"
"uniqlo","KIDS","100066","니트 & 셔츠","navigation_only","","","","not_applicable","not_applicable","not_applicable","not_applicable","not_applicable","","","navigation_only","false","preserved existing review_required decision"
"uniqlo","KIDS","57973","아우터","navigation_only","","","","not_applicable","not_applicable","not_applicable","not_applicable","not_applicable","","","navigation_only","false","preserved existing review_required decision"
"uniqlo","KIDS","57978","이너웨어","navigation_only","","","","not_applicable","not_applicable","not_applicable","not_applicable","not_applicable","","","navigation_only","false","preserved existing review_required decision"
"uniqlo","KIDS","59410","액세서리","navigation_only","","","","not_applicable","not_applicable","not_applicable","not_applicable","not_applicable","","","navigation_only","false","preserved existing rejected decision"
"uniqlo","KIDS","81621","에어리즘","navigation_only","","","","not_applicable","not_applicable","not_applicable","not_applicable","not_applicable","","","navigation_only","false","preserved existing review_required decision"
"uniqlo","KIDS","57977","스포츠 유틸리티 웨어","navigation_only","","","","not_applicable","not_applicable","not_applicable","not_applicable","not_applicable","","","navigation_only","false","preserved existing review_required decision"
"uniqlo","KIDS","114797","UV Protection","navigation_only","","","","not_applicable","not_applicable","not_applicable","not_applicable","not_applicable","","","navigation_only","false","preserved existing review_required decision"
"uniqlo","KIDS","107544","Special Collaborations","navigation_only","","","","not_applicable","not_applicable","not_applicable","not_applicable","not_applicable","","","navigation_only","false","preserved existing review_required decision"
"uniqlo","BABY","57980","신생아(0개월~2세)","navigation_only","","","","not_applicable","not_applicable","not_applicable","not_applicable","not_applicable","","","navigation_only","false","preserved existing review_required decision"
"uniqlo","BABY","57981","영유아(6개월~5세)","navigation_only","","","","not_applicable","not_applicable","not_applicable","not_applicable","not_applicable","","","navigation_only","false","preserved existing review_required decision"
"uniqlo","WOMEN","57995","티셔츠 & UT > 티셔츠 (반팔 & 긴팔)","navigation_only","","","","not_applicable","not_applicable","not_applicable","not_applicable","not_applicable","","","navigation_only","false","preserved existing confirmed decision"
"uniqlo","WOMEN","58001","티셔츠 & UT > 그래픽티셔츠","navigation_only","","","","not_applicable","not_applicable","not_applicable","not_applicable","not_applicable","","","navigation_only","false","preserved existing confirmed decision"
"uniqlo","WOMEN","57996","티셔츠 & UT > 브라탑","navigation_only","","","","not_applicable","not_applicable","not_applicable","not_applicable","not_applicable","","","navigation_only","false","preserved existing rejected decision"
"uniqlo","WOMEN","58948","티셔츠 & UT > PEACE FOR ALL","navigation_only","","","","not_applicable","not_applicable","not_applicable","not_applicable","not_applicable","","","navigation_only","false","preserved existing review_required decision"
"uniqlo","WOMEN","57997","티셔츠 & UT > 스웨트셔츠 & 후드집업","navigation_only","","","","not_applicable","not_applicable","not_applicable","not_applicable","not_applicable","","","navigation_only","false","preserved existing review_required decision"
"uniqlo","WOMEN","95362","셔츠 & 블라우스 & 폴로셔츠 > 셔츠 & 블라우스","navigation_only","","","","not_applicable","not_applicable","not_applicable","not_applicable","not_applicable","","","navigation_only","false","preserved existing confirmed decision"
"uniqlo","WOMEN","142636","셔츠 & 블라우스 & 폴로셔츠 > 폴로셔츠 (카라티)","navigation_only","","","","not_applicable","not_applicable","not_applicable","not_applicable","not_applicable","","","navigation_only","false","preserved existing confirmed decision"
"uniqlo","WOMEN","95361","니트 & 가디건 > 니트","navigation_only","","","","not_applicable","not_applicable","not_applicable","not_applicable","not_applicable","","","navigation_only","false","preserved existing confirmed decision"
"uniqlo","WOMEN","128380","니트 & 가디건 > 가디건","navigation_only","","","","not_applicable","not_applicable","not_applicable","not_applicable","not_applicable","","","navigation_only","false","preserved existing confirmed decision"
"uniqlo","WOMEN","57991","아우터 > 파카 & 블루종","navigation_only","","","","not_applicable","not_applicable","not_applicable","not_applicable","not_applicable","","","navigation_only","false","preserved existing review_required decision"
"uniqlo","WOMEN","57993","아우터 > 재킷 & 코트","navigation_only","","","","not_applicable","not_applicable","not_applicable","not_applicable","not_applicable","","","navigation_only","false","preserved existing review_required decision"
"uniqlo","WOMEN","57994","아우터 > 경량 패딩 (PUFFTECH)","navigation_only","","","","not_applicable","not_applicable","not_applicable","not_applicable","not_applicable","","","navigation_only","false","preserved existing confirmed decision"
"uniqlo","WOMEN","149931","팬츠 > 배럴 레그 팬츠","navigation_only","","","","not_applicable","not_applicable","not_applicable","not_applicable","not_applicable","","","navigation_only","false","preserved existing confirmed decision"
"uniqlo","WOMEN","58010","팬츠 > 쇼트 팬츠(반바지)","navigation_only","","","","not_applicable","short_length","not_applicable","not_applicable","not_applicable","","","navigation_only","false","preserved existing confirmed decision"
"uniqlo","WOMEN","58004","팬츠 > 캐주얼 팬츠","navigation_only","","","","not_applicable","not_applicable","not_applicable","not_applicable","not_applicable","","","navigation_only","false","preserved existing confirmed decision"
"uniqlo","WOMEN","58002","팬츠 > 와이드 팬츠","navigation_only","","","","not_applicable","not_applicable","not_applicable","not_applicable","not_applicable","","","navigation_only","false","preserved existing confirmed decision"
"uniqlo","WOMEN","58003","팬츠 > 진(청바지)","navigation_only","","","","not_applicable","long_length","not_applicable","not_applicable","not_applicable","","","navigation_only","false","preserved existing confirmed decision"
"uniqlo","WOMEN","58008","팬츠 > 슬랙스(트라우저)","navigation_only","","","","not_applicable","not_applicable","not_applicable","not_applicable","not_applicable","","","navigation_only","false","preserved existing confirmed decision"
"uniqlo","WOMEN","58005","팬츠 > 스웨트 팬츠 & 조거 팬츠","navigation_only","","","","not_applicable","not_applicable","not_applicable","not_applicable","not_applicable","","","navigation_only","false","preserved existing confirmed decision"
"uniqlo","WOMEN","58009","팬츠 > 레깅스","navigation_only","","","","not_applicable","not_applicable","not_applicable","not_applicable","not_applicable","","","navigation_only","false","preserved existing confirmed decision"
"uniqlo","WOMEN","58011","원피스 & 스커트 > 원피스","navigation_only","","","","not_applicable","not_applicable","not_applicable","not_applicable","not_applicable","","","navigation_only","false","preserved existing rejected decision"
"uniqlo","WOMEN","58012","원피스 & 스커트 > 스커트","navigation_only","","","","not_applicable","not_applicable","not_applicable","not_applicable","not_applicable","","","navigation_only","false","preserved existing confirmed decision"
"uniqlo","WOMEN","58018","이너웨어 > 에어리즘","navigation_only","","","","not_applicable","not_applicable","not_applicable","not_applicable","not_applicable","","","navigation_only","false","preserved existing review_required decision"
"uniqlo","WOMEN","58021","이너웨어 > 브라탑","navigation_only","","","","not_applicable","not_applicable","not_applicable","not_applicable","not_applicable","","","navigation_only","false","preserved existing rejected decision"
"uniqlo","WOMEN","58020","이너웨어 > 와이어리스 브라","navigation_only","","","","not_applicable","not_applicable","not_applicable","not_applicable","not_applicable","","","navigation_only","false","preserved existing rejected decision"
"uniqlo","WOMEN","141497","이너웨어 > 코튼 이너탑","navigation_only","","","","not_applicable","not_applicable","not_applicable","not_applicable","not_applicable","","","navigation_only","false","preserved existing review_required decision"
"uniqlo","WOMEN","58022","이너웨어 > 언더웨어","navigation_only","","","","not_applicable","not_applicable","not_applicable","not_applicable","not_applicable","","","navigation_only","false","preserved existing rejected decision"
"uniqlo","WOMEN","58024","이너웨어 > 양말","navigation_only","","","","not_applicable","not_applicable","not_applicable","not_applicable","not_applicable","","","navigation_only","false","preserved existing rejected decision"
"uniqlo","WOMEN","58023","이너웨어 > 레깅스 & 타이즈","navigation_only","","","","not_applicable","not_applicable","not_applicable","not_applicable","not_applicable","","","navigation_only","false","preserved existing review_required decision"
"uniqlo","WOMEN","58019","이너웨어 > 히트텍","navigation_only","","","","not_applicable","not_applicable","not_applicable","not_applicable","not_applicable","","","navigation_only","false","preserved existing review_required decision"
"uniqlo","WOMEN","58026","파자마 & 홈웨어 > 라운지 팬츠","navigation_only","","","","not_applicable","not_applicable","not_applicable","not_applicable","not_applicable","","","navigation_only","false","preserved existing review_required decision"
"uniqlo","WOMEN","58025","파자마 & 홈웨어 > 파자마","navigation_only","","","","not_applicable","not_applicable","not_applicable","not_applicable","not_applicable","","","navigation_only","false","preserved existing rejected decision"
"uniqlo","WOMEN","99902","액세서리 > 가방","navigation_only","","","","not_applicable","not_applicable","not_applicable","not_applicable","not_applicable","","","navigation_only","false","preserved existing rejected decision"
"uniqlo","WOMEN","58033","액세서리 > 선글라스","navigation_only","","","","not_applicable","not_applicable","not_applicable","not_applicable","not_applicable","","","navigation_only","false","preserved existing rejected decision"
"uniqlo","WOMEN","58031","액세서리 > 벨트","navigation_only","","","","not_applicable","not_applicable","not_applicable","not_applicable","not_applicable","","","navigation_only","false","preserved existing rejected decision"
"uniqlo","WOMEN","58034","액세서리 > 우산 & 스카프","navigation_only","","","","not_applicable","not_applicable","not_applicable","not_applicable","not_applicable","","","navigation_only","false","preserved existing rejected decision"
"uniqlo","WOMEN","58029","액세서리 > 모자","navigation_only","","","","not_applicable","not_applicable","not_applicable","not_applicable","not_applicable","","","navigation_only","false","preserved existing rejected decision"
"uniqlo","WOMEN","58032","액세서리 > 신발","navigation_only","","","","not_applicable","not_applicable","not_applicable","not_applicable","not_applicable","","","navigation_only","false","preserved existing rejected decision"
"uniqlo","WOMEN","148319","라운지 & 언더웨어 컬렉션 > Effortless Charm","navigation_only","","","","not_applicable","not_applicable","not_applicable","not_applicable","not_applicable","","","navigation_only","false","preserved existing rejected decision"
"uniqlo","WOMEN","148318","라운지 & 언더웨어 컬렉션 > Minimalist Classics","navigation_only","","","","not_applicable","not_applicable","not_applicable","not_applicable","not_applicable","","","navigation_only","false","preserved existing rejected decision"
"uniqlo","WOMEN","148321","라운지 & 언더웨어 컬렉션 > 캐미솔","navigation_only","","","","not_applicable","not_applicable","not_applicable","not_applicable","not_applicable","","","navigation_only","false","preserved existing rejected decision"
"uniqlo","WOMEN","148316","라운지 & 언더웨어 컬렉션 > 브라","navigation_only","","","","not_applicable","not_applicable","not_applicable","not_applicable","not_applicable","","","navigation_only","false","preserved existing rejected decision"
"uniqlo","WOMEN","148317","라운지 & 언더웨어 컬렉션 > 언더웨어","navigation_only","","","","not_applicable","not_applicable","not_applicable","not_applicable","not_applicable","","","navigation_only","false","preserved existing rejected decision"
"uniqlo","WOMEN","148322","라운지 & 언더웨어 컬렉션 > 팬츠","navigation_only","","","","not_applicable","not_applicable","not_applicable","not_applicable","not_applicable","","","navigation_only","false","preserved existing review_required decision"
"uniqlo","WOMEN","148320","라운지 & 언더웨어 컬렉션 > 니트 & 가디건","navigation_only","","","","not_applicable","not_applicable","not_applicable","not_applicable","not_applicable","","","navigation_only","false","preserved existing rejected decision"
"uniqlo","WOMEN","148315","라운지 & 언더웨어 컬렉션 > 파자마","navigation_only","","","","not_applicable","not_applicable","not_applicable","not_applicable","not_applicable","","","navigation_only","false","preserved existing rejected decision"
"uniqlo","WOMEN","82081","에어리즘 > 이너웨어 상의","navigation_only","","","","not_applicable","not_applicable","not_applicable","not_applicable","not_applicable","","","navigation_only","false","preserved existing confirmed decision"
"uniqlo","WOMEN","82083","에어리즘 > 브라탑","navigation_only","","","","not_applicable","not_applicable","not_applicable","not_applicable","not_applicable","","","navigation_only","false","preserved existing rejected decision"
"uniqlo","WOMEN","82082","에어리즘 > 언더웨어","navigation_only","","","","not_applicable","not_applicable","not_applicable","not_applicable","not_applicable","","","navigation_only","false","preserved existing rejected decision"
"uniqlo","WOMEN","112813","에어리즘 > 브라","navigation_only","","","","not_applicable","not_applicable","not_applicable","not_applicable","not_applicable","","","navigation_only","false","preserved existing rejected decision"
"uniqlo","WOMEN","82084","에어리즘 > 상의","navigation_only","","","","not_applicable","not_applicable","not_applicable","not_applicable","not_applicable","","","navigation_only","false","preserved existing review_required decision"
"uniqlo","WOMEN","82085","에어리즘 > 팬츠","navigation_only","","","","not_applicable","not_applicable","not_applicable","not_applicable","not_applicable","","","navigation_only","false","preserved existing confirmed decision"
"uniqlo","WOMEN","82086","에어리즘 > 원피스","navigation_only","","","","not_applicable","not_applicable","not_applicable","not_applicable","not_applicable","","","navigation_only","false","preserved existing rejected decision"
"uniqlo","WOMEN","82087","에어리즘 > 파자마","navigation_only","","","","not_applicable","not_applicable","not_applicable","not_applicable","not_applicable","","","navigation_only","false","preserved existing rejected decision"
"uniqlo","WOMEN","58015","스포츠 유틸리티 웨어 > 팬츠","navigation_only","","","","not_applicable","not_applicable","not_applicable","not_applicable","not_applicable","","","navigation_only","false","preserved existing confirmed decision"
"uniqlo","WOMEN","58014","스포츠 유틸리티 웨어 > 상의","navigation_only","","","","not_applicable","not_applicable","not_applicable","not_applicable","not_applicable","","","navigation_only","false","preserved existing confirmed decision"
"uniqlo","WOMEN","58013","스포츠 유틸리티 웨어 > 아우터","navigation_only","","","","not_applicable","not_applicable","not_applicable","not_applicable","not_applicable","","","navigation_only","false","preserved existing review_required decision"
"uniqlo","WOMEN","58016","스포츠 유틸리티 웨어 > 이너웨어","navigation_only","","","","not_applicable","not_applicable","not_applicable","not_applicable","not_applicable","","","navigation_only","false","preserved existing review_required decision"
"uniqlo","WOMEN","58017","스포츠 유틸리티 웨어 > 액세서리","navigation_only","","","","not_applicable","not_applicable","not_applicable","not_applicable","not_applicable","","","navigation_only","false","preserved existing rejected decision"
"uniqlo","WOMEN","114789","UV Protection > 재킷 & 파카","navigation_only","","","","not_applicable","not_applicable","not_applicable","not_applicable","not_applicable","","","navigation_only","false","preserved existing review_required decision"
"uniqlo","WOMEN","114790","UV Protection > 가디건","navigation_only","","","","not_applicable","not_applicable","not_applicable","not_applicable","not_applicable","","","navigation_only","false","preserved existing confirmed decision"
"uniqlo","WOMEN","114791","UV Protection > 팬츠 & 레깅스","navigation_only","","","","not_applicable","not_applicable","not_applicable","not_applicable","not_applicable","","","navigation_only","false","preserved existing review_required decision"
"uniqlo","WOMEN","114792","UV Protection > 액세서리","navigation_only","","","","not_applicable","not_applicable","not_applicable","not_applicable","not_applicable","","","navigation_only","false","preserved existing rejected decision"
"uniqlo","WOMEN","116866","리넨 > 셔츠 & 티셔츠","navigation_only","","","","not_applicable","not_applicable","not_applicable","not_applicable","not_applicable","","","navigation_only","false","preserved existing review_required decision"
"uniqlo","WOMEN","116865","리넨 > 재킷","navigation_only","","","","not_applicable","not_applicable","not_applicable","not_applicable","not_applicable","","","navigation_only","false","preserved existing review_required decision"
"uniqlo","WOMEN","116867","리넨 > 팬츠","navigation_only","","","","not_applicable","not_applicable","not_applicable","not_applicable","not_applicable","","","navigation_only","false","preserved existing confirmed decision"
"uniqlo","WOMEN","116909","리넨 > 스커트 & 원피스","navigation_only","","","","not_applicable","not_applicable","not_applicable","not_applicable","not_applicable","","","navigation_only","false","preserved existing review_required decision"
"uniqlo","WOMEN","141909","리넨 > 액세서리","navigation_only","","","","not_applicable","not_applicable","not_applicable","not_applicable","not_applicable","","","navigation_only","false","preserved existing rejected decision"
"uniqlo","WOMEN","107546","Special Collaborations > UNIQLO : C","navigation_only","","","","not_applicable","not_applicable","not_applicable","not_applicable","not_applicable","","","navigation_only","false","preserved existing review_required decision"
"uniqlo","WOMEN","145182","Special Collaborations > UNIQLO F.RISSO","navigation_only","","","","not_applicable","not_applicable","not_applicable","not_applicable","not_applicable","","","navigation_only","false","preserved existing review_required decision"
"uniqlo","WOMEN","143065","Special Collaborations > UNIQLO and Cecilie Bahnsen","navigation_only","","","","not_applicable","not_applicable","not_applicable","not_applicable","not_applicable","","","navigation_only","false","preserved existing review_required decision"
"uniqlo","WOMEN","107545","Special Collaborations > Uniqlo U","navigation_only","","","","not_applicable","not_applicable","not_applicable","not_applicable","not_applicable","","","navigation_only","false","preserved existing review_required decision"
"uniqlo","WOMEN","107549","Special Collaborations > UNIQLO and JW ANDERSON","navigation_only","","","","not_applicable","not_applicable","not_applicable","not_applicable","not_applicable","","","navigation_only","false","preserved existing review_required decision"
"uniqlo","WOMEN","113234","Special Collaborations > UNIQLO and COMPTOIR DES COTONNIERS","navigation_only","","","","not_applicable","not_applicable","not_applicable","not_applicable","not_applicable","","","navigation_only","false","preserved existing review_required decision"
"uniqlo","WOMEN","124427","GU > 상의","navigation_only","","","","not_applicable","not_applicable","not_applicable","not_applicable","not_applicable","","","navigation_only","false","preserved existing review_required decision"
"uniqlo","WOMEN","124429","GU > 팬츠","navigation_only","","","","not_applicable","not_applicable","not_applicable","not_applicable","not_applicable","","","navigation_only","false","preserved existing confirmed decision"
"uniqlo","WOMEN","124428","GU > 원피스 & 스커트","navigation_only","","","","not_applicable","not_applicable","not_applicable","not_applicable","not_applicable","","","navigation_only","false","preserved existing review_required decision"
"uniqlo","WOMEN","141119","GU > 라운지웨어 & 홈웨어","navigation_only","","","","not_applicable","not_applicable","not_applicable","not_applicable","not_applicable","","","navigation_only","false","preserved existing rejected decision"
"uniqlo","MEN","58039","티셔츠 & 스웨트셔츠 & UT > 티셔츠 (반팔 & 긴팔)","navigation_only","","","","not_applicable","not_applicable","not_applicable","not_applicable","not_applicable","","","navigation_only","false","preserved existing confirmed decision"
"uniqlo","MEN","58045","티셔츠 & 스웨트셔츠 & UT > 그래픽티셔츠","navigation_only","","","","not_applicable","not_applicable","not_applicable","not_applicable","not_applicable","","","navigation_only","false","preserved existing confirmed decision"
"uniqlo","MEN","58950","티셔츠 & 스웨트셔츠 & UT > PEACE FOR ALL","navigation_only","","","","not_applicable","not_applicable","not_applicable","not_applicable","not_applicable","","","navigation_only","false","preserved existing review_required decision"
"uniqlo","MEN","58040","티셔츠 & 스웨트셔츠 & UT > 스웨트셔츠 & 후드집업","navigation_only","","","","not_applicable","not_applicable","not_applicable","not_applicable","not_applicable","","","navigation_only","false","preserved existing review_required decision"
"uniqlo","MEN","95359","셔츠 > 캐주얼셔츠","navigation_only","","","","not_applicable","not_applicable","not_applicable","not_applicable","not_applicable","","","navigation_only","false","preserved existing confirmed decision"
"uniqlo","MEN","95360","셔츠 > 폴로셔츠 (카라티)","navigation_only","","","","not_applicable","not_applicable","not_applicable","not_applicable","not_applicable","","","navigation_only","false","preserved existing confirmed decision"
"uniqlo","MEN","95358","셔츠 > 정장셔츠 (와이셔츠)","navigation_only","","","","not_applicable","not_applicable","not_applicable","not_applicable","not_applicable","","","navigation_only","false","preserved existing confirmed decision"
"uniqlo","MEN","95357","니트 & 가디건 > 니트","navigation_only","","","","not_applicable","not_applicable","not_applicable","not_applicable","not_applicable","","","navigation_only","false","preserved existing confirmed decision"
"uniqlo","MEN","128424","니트 & 가디건 > 가디건","navigation_only","","","","not_applicable","not_applicable","not_applicable","not_applicable","not_applicable","","","navigation_only","false","preserved existing confirmed decision"
"uniqlo","MEN","58035","아우터 > 파카 & 블루종","navigation_only","","","","not_applicable","not_applicable","not_applicable","not_applicable","not_applicable","","","navigation_only","false","preserved existing review_required decision"
"uniqlo","MEN","58036","아우터 > 감탄 재킷","navigation_only","","","","not_applicable","not_applicable","not_applicable","not_applicable","not_applicable","","","navigation_only","false","preserved existing review_required decision"
"uniqlo","MEN","117358","아우터 > 감탄 재킷 (CUSTOM ORDER)","navigation_only","","","","not_applicable","not_applicable","not_applicable","not_applicable","not_applicable","","","navigation_only","false","preserved existing review_required decision"
"uniqlo","MEN","58037","아우터 > 재킷 & 블레이저","navigation_only","","","","not_applicable","not_applicable","not_applicable","not_applicable","not_applicable","","","navigation_only","false","preserved existing review_required decision"
"uniqlo","MEN","58038","아우터 > 경량 패딩 (PUFFTECH)","navigation_only","","","","not_applicable","not_applicable","not_applicable","not_applicable","not_applicable","","","navigation_only","false","preserved existing confirmed decision"
"uniqlo","MEN","149932","팬츠 > 배럴 레그 팬츠","navigation_only","","","","not_applicable","not_applicable","not_applicable","not_applicable","not_applicable","","","navigation_only","false","preserved existing confirmed decision"
"uniqlo","MEN","58054","팬츠 > 쇼트 팬츠(반바지)","navigation_only","","","","not_applicable","short_length","not_applicable","not_applicable","not_applicable","","","navigation_only","false","preserved existing confirmed decision"
"uniqlo","MEN","58046","팬츠 > 와이드 팬츠","navigation_only","","","","not_applicable","not_applicable","not_applicable","not_applicable","not_applicable","","","navigation_only","false","preserved existing confirmed decision"
"uniqlo","MEN","58049","팬츠 > 캐주얼 팬츠","navigation_only","","","","not_applicable","not_applicable","not_applicable","not_applicable","not_applicable","","","navigation_only","false","preserved existing confirmed decision"
"uniqlo","MEN","58052","팬츠 > 감탄 팬츠","navigation_only","","","","not_applicable","not_applicable","not_applicable","not_applicable","not_applicable","","","navigation_only","false","preserved existing confirmed decision"
"uniqlo","MEN","58048","팬츠 > 진(청바지)","navigation_only","","","","not_applicable","long_length","not_applicable","not_applicable","not_applicable","","","navigation_only","false","preserved existing confirmed decision"
"uniqlo","MEN","58050","팬츠 > 스웨트 팬츠 & 조거 팬츠","navigation_only","","","","not_applicable","not_applicable","not_applicable","not_applicable","not_applicable","","","navigation_only","false","preserved existing confirmed decision"
"uniqlo","MEN","58047","팬츠 > 치노 팬츠","navigation_only","","","","not_applicable","not_applicable","not_applicable","not_applicable","not_applicable","","","navigation_only","false","preserved existing confirmed decision"
"uniqlo","MEN","58053","팬츠 > 슬랙스(트라우저)","navigation_only","","","","not_applicable","not_applicable","not_applicable","not_applicable","not_applicable","","","navigation_only","false","preserved existing confirmed decision"
"uniqlo","MEN","58061","이너웨어 > 에어리즘","navigation_only","","","","not_applicable","not_applicable","not_applicable","not_applicable","not_applicable","","","navigation_only","false","preserved existing review_required decision"
"uniqlo","MEN","58063","이너웨어 > 언더웨어","navigation_only","","","","not_applicable","not_applicable","not_applicable","not_applicable","not_applicable","","","navigation_only","false","preserved existing rejected decision"
"uniqlo","MEN","58065","이너웨어 > 양말","navigation_only","","","","not_applicable","not_applicable","not_applicable","not_applicable","not_applicable","","","navigation_only","false","preserved existing rejected decision"
"uniqlo","MEN","58062","이너웨어 > 히트텍","navigation_only","","","","not_applicable","not_applicable","not_applicable","not_applicable","not_applicable","","","navigation_only","false","preserved existing review_required decision"
"uniqlo","MEN","58067","라운지 팬츠 > 라운지 팬츠","navigation_only","","","","not_applicable","not_applicable","not_applicable","not_applicable","not_applicable","","","navigation_only","false","preserved existing confirmed decision"
"uniqlo","MEN","58070","액세서리 > 가방","navigation_only","","","","not_applicable","not_applicable","not_applicable","not_applicable","not_applicable","","","navigation_only","false","preserved existing rejected decision"
"uniqlo","MEN","58073","액세서리 > 선글라스","navigation_only","","","","not_applicable","not_applicable","not_applicable","not_applicable","not_applicable","","","navigation_only","false","preserved existing rejected decision"
"uniqlo","MEN","58072","액세서리 > 벨트","navigation_only","","","","not_applicable","not_applicable","not_applicable","not_applicable","not_applicable","","","navigation_only","false","preserved existing rejected decision"
"uniqlo","MEN","58071","액세서리 > 모자","navigation_only","","","","not_applicable","not_applicable","not_applicable","not_applicable","not_applicable","","","navigation_only","false","preserved existing rejected decision"
"uniqlo","MEN","62413","액세서리 > 신발","navigation_only","","","","not_applicable","not_applicable","not_applicable","not_applicable","not_applicable","","","navigation_only","false","preserved existing rejected decision"
"uniqlo","MEN","58074","액세서리 > 우산","navigation_only","","","","not_applicable","not_applicable","not_applicable","not_applicable","not_applicable","","","navigation_only","false","preserved existing rejected decision"
"uniqlo","MEN","82089","에어리즘 > 이너웨어 상의","navigation_only","","","","not_applicable","not_applicable","not_applicable","not_applicable","not_applicable","","","navigation_only","false","preserved existing confirmed decision"
"uniqlo","MEN","82090","에어리즘 > 언더웨어","navigation_only","","","","not_applicable","not_applicable","not_applicable","not_applicable","not_applicable","","","navigation_only","false","preserved existing rejected decision"
"uniqlo","MEN","82091","에어리즘 > 상의","navigation_only","","","","not_applicable","not_applicable","not_applicable","not_applicable","not_applicable","","","navigation_only","false","preserved existing review_required decision"
"uniqlo","MEN","82092","에어리즘 > 팬츠","navigation_only","","","","not_applicable","not_applicable","not_applicable","not_applicable","not_applicable","","","navigation_only","false","preserved existing confirmed decision"
"uniqlo","MEN","58057","스포츠 유틸리티 웨어 > 상의","navigation_only","","","","not_applicable","not_applicable","not_applicable","not_applicable","not_applicable","","","navigation_only","false","preserved existing confirmed decision"
"uniqlo","MEN","58058","스포츠 유틸리티 웨어 > 팬츠","navigation_only","","","","not_applicable","not_applicable","not_applicable","not_applicable","not_applicable","","","navigation_only","false","preserved existing confirmed decision"
"uniqlo","MEN","58056","스포츠 유틸리티 웨어 > 아우터","navigation_only","","","","not_applicable","not_applicable","not_applicable","not_applicable","not_applicable","","","navigation_only","false","preserved existing review_required decision"
"uniqlo","MEN","58059","스포츠 유틸리티 웨어 > 이너웨어","navigation_only","","","","not_applicable","not_applicable","not_applicable","not_applicable","not_applicable","","","navigation_only","false","preserved existing review_required decision"
"uniqlo","MEN","58060","스포츠 유틸리티 웨어 > 액세서리","navigation_only","","","","not_applicable","not_applicable","not_applicable","not_applicable","not_applicable","","","navigation_only","false","preserved existing rejected decision"
"uniqlo","MEN","114794","UV Protection > 파카","navigation_only","","","","not_applicable","not_applicable","not_applicable","not_applicable","not_applicable","","","navigation_only","false","preserved existing review_required decision"
"uniqlo","MEN","114796","UV Protection > 액세서리","navigation_only","","","","not_applicable","not_applicable","not_applicable","not_applicable","not_applicable","","","navigation_only","false","preserved existing rejected decision"
"uniqlo","MEN","116873","리넨 > 셔츠","navigation_only","","","","not_applicable","not_applicable","not_applicable","not_applicable","not_applicable","","","navigation_only","false","preserved existing confirmed decision"
"uniqlo","MEN","116874","리넨 > 팬츠","navigation_only","","","","not_applicable","not_applicable","not_applicable","not_applicable","not_applicable","","","navigation_only","false","preserved existing confirmed decision"
"uniqlo","MEN","116872","리넨 > 재킷","navigation_only","","","","not_applicable","not_applicable","not_applicable","not_applicable","not_applicable","","","navigation_only","false","preserved existing review_required decision"
"uniqlo","MEN","107551","Special Collaborations > UNIQLO : C","navigation_only","","","","not_applicable","not_applicable","not_applicable","not_applicable","not_applicable","","","navigation_only","false","preserved existing review_required decision"
"uniqlo","MEN","145183","Special Collaborations > UNIQLO F.RISSO","navigation_only","","","","not_applicable","not_applicable","not_applicable","not_applicable","not_applicable","","","navigation_only","false","preserved existing review_required decision"
"uniqlo","MEN","107550","Special Collaborations > Uniqlo U","navigation_only","","","","not_applicable","not_applicable","not_applicable","not_applicable","not_applicable","","","navigation_only","false","preserved existing review_required decision"
"uniqlo","MEN","107552","Special Collaborations > UNIQLO and JW ANDERSON","navigation_only","","","","not_applicable","not_applicable","not_applicable","not_applicable","not_applicable","","","navigation_only","false","preserved existing review_required decision"
"uniqlo","MEN","140769","Special Collaborations > The Roger Federer Collection","navigation_only","","","","not_applicable","not_applicable","not_applicable","not_applicable","not_applicable","","","navigation_only","false","preserved existing review_required decision"
"uniqlo","MEN","124431","GU > 상의","navigation_only","","","","not_applicable","not_applicable","not_applicable","not_applicable","not_applicable","","","navigation_only","false","preserved existing review_required decision"
"uniqlo","MEN","124432","GU > 팬츠","navigation_only","","","","not_applicable","not_applicable","not_applicable","not_applicable","not_applicable","","","navigation_only","false","preserved existing confirmed decision"
"uniqlo","MEN","139039","GU > 라운지웨어 & 홈웨어","navigation_only","","","","not_applicable","not_applicable","not_applicable","not_applicable","not_applicable","","","navigation_only","false","preserved existing rejected decision"
"uniqlo","KIDS","58078","티셔츠 & UT > 티셔츠 (반팔 & 긴팔)","navigation_only","","","","not_applicable","not_applicable","not_applicable","not_applicable","not_applicable","","","navigation_only","false","preserved existing confirmed decision"
"uniqlo","KIDS","58081","티셔츠 & UT > 그래픽티셔츠","navigation_only","","","","not_applicable","not_applicable","not_applicable","not_applicable","not_applicable","","","navigation_only","false","preserved existing confirmed decision"
"uniqlo","KIDS","58077","티셔츠 & UT > 스웨트셔츠 & 후드티","navigation_only","","","","not_applicable","not_applicable","not_applicable","not_applicable","not_applicable","","","navigation_only","false","preserved existing review_required decision"
"uniqlo","KIDS","58084","청바지 & 팬츠 > 반바지","navigation_only","","","","not_applicable","short_length","not_applicable","not_applicable","not_applicable","","","navigation_only","false","preserved existing confirmed decision"
"uniqlo","KIDS","58082","청바지 & 팬츠 > 청바지 & 팬츠","navigation_only","","","","not_applicable","not_applicable","not_applicable","not_applicable","not_applicable","","","navigation_only","false","preserved existing review_required decision"
"uniqlo","KIDS","105469","원피스 & 스커트 > 스커트","navigation_only","","","","not_applicable","not_applicable","not_applicable","not_applicable","not_applicable","","","navigation_only","false","preserved existing confirmed decision"
"uniqlo","KIDS","58085","원피스 & 스커트 > 원피스","navigation_only","","","","not_applicable","not_applicable","not_applicable","not_applicable","not_applicable","","","navigation_only","false","preserved existing rejected decision"
"uniqlo","KIDS","100067","니트 & 셔츠 > 니트","navigation_only","","","","not_applicable","not_applicable","not_applicable","not_applicable","not_applicable","","","navigation_only","false","preserved existing confirmed decision"
"uniqlo","KIDS","100068","니트 & 셔츠 > 셔츠","navigation_only","","","","not_applicable","not_applicable","not_applicable","not_applicable","not_applicable","","","navigation_only","false","preserved existing confirmed decision"
"uniqlo","KIDS","58075","아우터 > 재킷 & 파카","navigation_only","","","","not_applicable","not_applicable","not_applicable","not_applicable","not_applicable","","","navigation_only","false","preserved existing review_required decision"
"uniqlo","KIDS","58091","이너웨어 > 에어리즘","navigation_only","","","","not_applicable","not_applicable","not_applicable","not_applicable","not_applicable","","","navigation_only","false","preserved existing review_required decision"
"uniqlo","KIDS","58093","이너웨어 > 주니어브라 & 브라탑","navigation_only","","","","not_applicable","not_applicable","not_applicable","not_applicable","not_applicable","","","navigation_only","false","preserved existing rejected decision"
"uniqlo","KIDS","136619","이너웨어 > 코튼 이너","navigation_only","","","","not_applicable","not_applicable","not_applicable","not_applicable","not_applicable","","","navigation_only","false","preserved existing review_required decision"
"uniqlo","KIDS","58095","이너웨어 > 언더웨어","navigation_only","","","","not_applicable","not_applicable","not_applicable","not_applicable","not_applicable","","","navigation_only","false","preserved existing rejected decision"
"uniqlo","KIDS","58096","이너웨어 > 양말","navigation_only","","","","not_applicable","not_applicable","not_applicable","not_applicable","not_applicable","","","navigation_only","false","preserved existing rejected decision"
"uniqlo","KIDS","58092","이너웨어 > 히트텍","navigation_only","","","","not_applicable","not_applicable","not_applicable","not_applicable","not_applicable","","","navigation_only","false","preserved existing review_required decision"
"uniqlo","KIDS","58094","이너웨어 > 레깅스 & 타이즈","navigation_only","","","","not_applicable","not_applicable","not_applicable","not_applicable","not_applicable","","","navigation_only","false","preserved existing review_required decision"
"uniqlo","KIDS","59411","액세서리 > 액세서리","navigation_only","","","","not_applicable","not_applicable","not_applicable","not_applicable","not_applicable","","","navigation_only","false","preserved existing rejected decision"
"uniqlo","KIDS","82094","에어리즘 > 이너웨어 상의","navigation_only","","","","not_applicable","not_applicable","not_applicable","not_applicable","not_applicable","","","navigation_only","false","preserved existing confirmed decision"
"uniqlo","KIDS","82095","에어리즘 > 주니어브라 & 브라탑","navigation_only","","","","not_applicable","not_applicable","not_applicable","not_applicable","not_applicable","","","navigation_only","false","preserved existing rejected decision"
"uniqlo","KIDS","82096","에어리즘 > 티셔츠","navigation_only","","","","not_applicable","not_applicable","not_applicable","not_applicable","not_applicable","","","navigation_only","false","preserved existing confirmed decision"
"uniqlo","KIDS","82097","에어리즘 > 팬츠","navigation_only","","","","not_applicable","not_applicable","not_applicable","not_applicable","not_applicable","","","navigation_only","false","preserved existing confirmed decision"
"uniqlo","KIDS","86272","에어리즘 > 언더웨어","navigation_only","","","","not_applicable","not_applicable","not_applicable","not_applicable","not_applicable","","","navigation_only","false","preserved existing rejected decision"
"uniqlo","KIDS","58088","스포츠 유틸리티 웨어 > 상의","navigation_only","","","","not_applicable","not_applicable","not_applicable","not_applicable","not_applicable","","","navigation_only","false","preserved existing confirmed decision"
"uniqlo","KIDS","58089","스포츠 유틸리티 웨어 > 하의","navigation_only","","","","not_applicable","not_applicable","not_applicable","not_applicable","not_applicable","","","navigation_only","false","preserved existing confirmed decision"
"uniqlo","KIDS","58087","스포츠 유틸리티 웨어 > 아우터","navigation_only","","","","not_applicable","not_applicable","not_applicable","not_applicable","not_applicable","","","navigation_only","false","preserved existing review_required decision"
"uniqlo","KIDS","58090","스포츠 유틸리티 웨어 > 이너웨어","navigation_only","","","","not_applicable","not_applicable","not_applicable","not_applicable","not_applicable","","","navigation_only","false","preserved existing review_required decision"
"uniqlo","KIDS","59610","스포츠 유틸리티 웨어 > 액세서리","navigation_only","","","","not_applicable","not_applicable","not_applicable","not_applicable","not_applicable","","","navigation_only","false","preserved existing rejected decision"
"uniqlo","KIDS","114798","UV Protection > 파카","navigation_only","","","","not_applicable","not_applicable","not_applicable","not_applicable","not_applicable","","","navigation_only","false","preserved existing review_required decision"
"uniqlo","KIDS","139702","UV Protection > 액세서리","navigation_only","","","","not_applicable","not_applicable","not_applicable","not_applicable","not_applicable","","","navigation_only","false","preserved existing rejected decision"
"uniqlo","KIDS","143066","Special Collaborations > UNIQLO and Cecilie Bahnsen","navigation_only","","","","not_applicable","not_applicable","not_applicable","not_applicable","not_applicable","","","navigation_only","false","preserved existing review_required decision"
"uniqlo","BABY","58102","신생아(0개월~2세) > 바디수트","navigation_only","","","","not_applicable","not_applicable","not_applicable","not_applicable","not_applicable","","","navigation_only","false","preserved existing confirmed decision"
"uniqlo","BABY","58101","신생아(0개월~2세) > 커버올","navigation_only","","","","not_applicable","not_applicable","not_applicable","not_applicable","not_applicable","","","navigation_only","false","preserved existing rejected decision"
"uniqlo","BABY","58104","신생아(0개월~2세) > 티셔츠 & 스웨트셔츠","navigation_only","","","","not_applicable","not_applicable","not_applicable","not_applicable","not_applicable","","","navigation_only","false","preserved existing review_required decision"
"uniqlo","BABY","58105","신생아(0개월~2세) > 레깅스 & 팬츠","navigation_only","","","","not_applicable","not_applicable","not_applicable","not_applicable","not_applicable","","","navigation_only","false","preserved existing review_required decision"
"uniqlo","BABY","112672","신생아(0개월~2세) > 이너웨어","navigation_only","","","","not_applicable","not_applicable","not_applicable","not_applicable","not_applicable","","","navigation_only","false","preserved existing review_required decision"
"uniqlo","BABY","58106","신생아(0개월~2세) > 그래픽티셔츠","navigation_only","","","","not_applicable","not_applicable","not_applicable","not_applicable","not_applicable","","","navigation_only","false","preserved existing confirmed decision"
"uniqlo","BABY","58103","신생아(0개월~2세) > 아우터","navigation_only","","","","not_applicable","not_applicable","not_applicable","not_applicable","not_applicable","","","navigation_only","false","preserved existing review_required decision"
"uniqlo","BABY","58108","신생아(0개월~2세) > 양말","navigation_only","","","","not_applicable","not_applicable","not_applicable","not_applicable","not_applicable","","","navigation_only","false","preserved existing rejected decision"
"uniqlo","BABY","58115","영유아(6개월~5세) > 홈웨어 & 파자마","navigation_only","","","","not_applicable","not_applicable","not_applicable","not_applicable","not_applicable","","","navigation_only","false","preserved existing rejected decision"
"uniqlo","BABY","58111","영유아(6개월~5세) > 티셔츠 & 스웨트셔츠","navigation_only","","","","not_applicable","not_applicable","not_applicable","not_applicable","not_applicable","","","navigation_only","false","preserved existing review_required decision"
"uniqlo","BABY","58113","영유아(6개월~5세) > 레깅스 & 팬츠","navigation_only","","","","not_applicable","not_applicable","not_applicable","not_applicable","not_applicable","","","navigation_only","false","preserved existing review_required decision"
"uniqlo","BABY","58116","영유아(6개월~5세) > 이너웨어","navigation_only","","","","not_applicable","not_applicable","not_applicable","not_applicable","not_applicable","","","navigation_only","false","preserved existing review_required decision"
"uniqlo","BABY","58110","영유아(6개월~5세) > 아우터","navigation_only","","","","not_applicable","not_applicable","not_applicable","not_applicable","not_applicable","","","navigation_only","false","preserved existing review_required decision"
"uniqlo","BABY","58112","영유아(6개월~5세) > 그래픽티셔츠","navigation_only","","","","not_applicable","not_applicable","not_applicable","not_applicable","not_applicable","","","navigation_only","false","preserved existing confirmed decision"
"uniqlo","BABY","58117","영유아(6개월~5세) > 양말","navigation_only","","","","not_applicable","not_applicable","not_applicable","not_applicable","not_applicable","","","navigation_only","false","preserved existing rejected decision"
"uniqlo","WOMEN","98276","티셔츠 & UT > 티셔츠 (반팔 & 긴팔) > 미니T","confirmed","tops","tshirt","tshirt","not_applicable","not_applicable","not_applicable","not_applicable","not_applicable","tops","shirt_blouse","direct","true","preserved existing confirmed decision"
"uniqlo","WOMEN","58145","티셔츠 & UT > 티셔츠 (반팔 & 긴팔) > 슬리브리스","confirmed","tops","tshirt","tshirt","sleeveless","not_applicable","not_applicable","not_applicable","not_applicable","tops","sleeveless","direct","true","preserved existing confirmed decision"
"uniqlo","WOMEN","58144","티셔츠 & UT > 티셔츠 (반팔 & 긴팔) > 반팔","confirmed","tops","tshirt","tshirt","short_sleeve","not_applicable","not_applicable","not_applicable","not_applicable","tops","short_sleeve","direct","true","preserved existing confirmed decision"
"uniqlo","WOMEN","58142","티셔츠 & UT > 티셔츠 (반팔 & 긴팔) > 긴팔","confirmed","tops","tshirt","tshirt","long_sleeve","not_applicable","not_applicable","not_applicable","not_applicable","tops","long_sleeve","direct","true","preserved existing confirmed decision"
"uniqlo","WOMEN","149177","티셔츠 & UT > 티셔츠 (반팔 & 긴팔) > 슬림","confirmed","tops","tshirt","tshirt","not_applicable","not_applicable","not_applicable","not_applicable","not_applicable","tops","shirt_blouse","direct","true","preserved existing confirmed decision"
"uniqlo","WOMEN","149178","티셔츠 & UT > 티셔츠 (반팔 & 긴팔) > 레귤러","confirmed","tops","tshirt","tshirt","not_applicable","not_applicable","not_applicable","not_applicable","not_applicable","tops","shirt_blouse","direct","true","preserved existing confirmed decision"
"uniqlo","WOMEN","58147","티셔츠 & UT > 티셔츠 (반팔 & 긴팔) > 그 외","confirmed","tops","tshirt","tshirt","not_applicable","not_applicable","not_applicable","not_applicable","not_applicable","tops","shirt_blouse","direct","true","preserved existing confirmed decision"
"uniqlo","WOMEN","79210","티셔츠 & UT > 티셔츠 (반팔 & 긴팔) > 코튼","confirmed","tops","tshirt","tshirt","not_applicable","not_applicable","not_applicable","not_applicable","not_applicable","tops","shirt_blouse","direct","true","preserved existing confirmed decision"
"uniqlo","WOMEN","58141","티셔츠 & UT > 티셔츠 (반팔 & 긴팔) > 립","confirmed","tops","tshirt","tshirt","not_applicable","not_applicable","not_applicable","not_applicable","not_applicable","tops","shirt_blouse","direct","true","preserved existing confirmed decision"
"uniqlo","WOMEN","58140","티셔츠 & UT > 티셔츠 (반팔 & 긴팔) > AIRism","confirmed","tops","tshirt","tshirt","not_applicable","not_applicable","not_applicable","not_applicable","not_applicable","tops","shirt_blouse","direct","true","preserved existing confirmed decision"
"uniqlo","WOMEN","58146","티셔츠 & UT > 티셔츠 (반팔 & 긴팔) > 유니섹스","confirmed","tops","tshirt","tshirt","not_applicable","not_applicable","not_applicable","not_applicable","not_applicable","tops","shirt_blouse","direct","true","preserved existing confirmed decision"
"uniqlo","WOMEN","98273","티셔츠 & UT > 티셔츠 (반팔 & 긴팔) > 히트텍 후리스","confirmed","tops","tshirt","tshirt","not_applicable","not_applicable","not_applicable","not_applicable","not_applicable","tops","shirt_blouse","direct","true","preserved existing confirmed decision"
"uniqlo","WOMEN","98277","티셔츠 & UT > 티셔츠 (반팔 & 긴팔) > 터틀넥 & 하이넥","confirmed","tops","tshirt","tshirt","not_applicable","not_applicable","not_applicable","not_applicable","not_applicable","tops","shirt_blouse","direct","true","preserved existing confirmed decision"
"uniqlo","WOMEN","58135","티셔츠 & UT > 티셔츠 (반팔 & 긴팔) > GU","confirmed","tops","tshirt","tshirt","not_applicable","not_applicable","not_applicable","not_applicable","not_applicable","tops","shirt_blouse","direct","true","preserved existing confirmed decision"
"uniqlo","WOMEN","149179","티셔츠 & UT > 티셔츠 (반팔 & 긴팔) > 릴랙스","confirmed","tops","tshirt","tshirt","not_applicable","not_applicable","not_applicable","not_applicable","not_applicable","tops","shirt_blouse","direct","true","preserved existing confirmed decision"
"uniqlo","WOMEN","146993","티셔츠 & UT > 그래픽티셔츠 > CHIIKAWA","confirmed","tops","tshirt","tshirt","not_applicable","not_applicable","not_applicable","not_applicable","not_applicable","tops","shirt_blouse","direct","true","preserved existing confirmed decision"
"uniqlo","WOMEN","144587","티셔츠 & UT > 그래픽티셔츠 > ZO&FRIENDS","confirmed","tops","tshirt","tshirt","not_applicable","not_applicable","not_applicable","not_applicable","not_applicable","tops","shirt_blouse","direct","true","preserved existing confirmed decision"
"uniqlo","WOMEN","140591","티셔츠 & UT > 그래픽티셔츠 > Monchhichi","confirmed","tops","tshirt","tshirt","not_applicable","not_applicable","not_applicable","not_applicable","not_applicable","tops","shirt_blouse","direct","true","preserved existing confirmed decision"
"uniqlo","WOMEN","128018","티셔츠 & UT > 그래픽티셔츠 > miffy in bloom","confirmed","tops","tshirt","tshirt","not_applicable","not_applicable","not_applicable","not_applicable","not_applicable","tops","shirt_blouse","direct","true","preserved existing confirmed decision"
"uniqlo","WOMEN","126400","티셔츠 & UT > 그래픽티셔츠 > PEANUTS","confirmed","tops","tshirt","tshirt","not_applicable","not_applicable","not_applicable","not_applicable","not_applicable","tops","shirt_blouse","direct","true","preserved existing confirmed decision"
"uniqlo","WOMEN","115514","티셔츠 & UT > 그래픽티셔츠 > PEANUTS","confirmed","tops","tshirt","tshirt","not_applicable","not_applicable","not_applicable","not_applicable","not_applicable","tops","shirt_blouse","direct","true","preserved existing confirmed decision"
"uniqlo","WOMEN","128578","티셔츠 & UT > 그래픽티셔츠 > Disney","confirmed","tops","tshirt","tshirt","not_applicable","not_applicable","not_applicable","not_applicable","not_applicable","tops","shirt_blouse","direct","true","preserved existing confirmed decision"
"uniqlo","WOMEN","121813","티셔츠 & UT > 그래픽티셔츠 > The Super Mario Galaxy Movie","confirmed","tops","tshirt","tshirt","not_applicable","not_applicable","not_applicable","not_applicable","not_applicable","tops","shirt_blouse","direct","true","preserved existing confirmed decision"
"uniqlo","WOMEN","133562","티셔츠 & UT > 그래픽티셔츠 > Cheerful characters","confirmed","tops","tshirt","tshirt","not_applicable","not_applicable","not_applicable","not_applicable","not_applicable","tops","shirt_blouse","direct","true","preserved existing confirmed decision"
"uniqlo","WOMEN","136234","티셔츠 & UT > 그래픽티셔츠 > POP MART","confirmed","tops","tshirt","tshirt","not_applicable","not_applicable","not_applicable","not_applicable","not_applicable","tops","shirt_blouse","direct","true","preserved existing confirmed decision"
"uniqlo","WOMEN","132870","티셔츠 & UT > 그래픽티셔츠 > BABYMONSTER","confirmed","tops","tshirt","tshirt","not_applicable","not_applicable","not_applicable","not_applicable","not_applicable","tops","shirt_blouse","direct","true","preserved existing confirmed decision"
"uniqlo","WOMEN","127493","티셔츠 & UT > 그래픽티셔츠 > MAGIC FOR ALL TIMELESS","confirmed","tops","tshirt","tshirt","not_applicable","not_applicable","not_applicable","not_applicable","not_applicable","tops","shirt_blouse","direct","true","preserved existing confirmed decision"
"uniqlo","WOMEN","128056","티셔츠 & UT > 그래픽티셔츠 > Sanrio characters","confirmed","tops","tshirt","tshirt","not_applicable","not_applicable","not_applicable","not_applicable","not_applicable","tops","shirt_blouse","direct","true","preserved existing confirmed decision"
"uniqlo","WOMEN","142678","티셔츠 & UT > 그래픽티셔츠 > mofusand","confirmed","tops","tshirt","tshirt","not_applicable","not_applicable","not_applicable","not_applicable","not_applicable","tops","shirt_blouse","direct","true","preserved existing confirmed decision"
"uniqlo","WOMEN","141560","티셔츠 & UT > 그래픽티셔츠 > Disney/PIXAR","confirmed","tops","tshirt","tshirt","not_applicable","not_applicable","not_applicable","not_applicable","not_applicable","tops","shirt_blouse","direct","true","preserved existing confirmed decision"
"uniqlo","WOMEN","144517","티셔츠 & UT > 그래픽티셔츠 > Mickey & Friends","confirmed","tops","tshirt","tshirt","not_applicable","not_applicable","not_applicable","not_applicable","not_applicable","tops","shirt_blouse","direct","true","preserved existing confirmed decision"
"uniqlo","WOMEN","127799","티셔츠 & UT > 그래픽티셔츠 > Tamagotchi","confirmed","tops","tshirt","tshirt","not_applicable","not_applicable","not_applicable","not_applicable","not_applicable","tops","shirt_blouse","direct","true","preserved existing confirmed decision"
"uniqlo","WOMEN","135280","티셔츠 & UT > 그래픽티셔츠 > (X)MoMA Poster Art Collection","confirmed","tops","tshirt","tshirt","not_applicable","not_applicable","not_applicable","not_applicable","not_applicable","tops","shirt_blouse","direct","true","preserved existing confirmed decision"
"uniqlo","WOMEN","87344","티셔츠 & UT > 그래픽티셔츠 > (X)MAGIC FOR ALL ICONS","confirmed","tops","tshirt","tshirt","not_applicable","not_applicable","not_applicable","not_applicable","not_applicable","tops","shirt_blouse","direct","true","preserved existing confirmed decision"
"uniqlo","WOMEN","62554","티셔츠 & UT > 그래픽티셔츠 > (X)Disney Collection","confirmed","tops","tshirt","tshirt","not_applicable","not_applicable","not_applicable","not_applicable","not_applicable","tops","shirt_blouse","direct","true","preserved existing confirmed decision"
"uniqlo","WOMEN","62560","티셔츠 & UT > 그래픽티셔츠 > (X)Yu Nagaba","confirmed","tops","tshirt","tshirt","not_applicable","not_applicable","not_applicable","not_applicable","not_applicable","tops","shirt_blouse","direct","true","preserved existing confirmed decision"
"uniqlo","WOMEN","63129","티셔츠 & UT > 그래픽티셔츠 > (X)ZOOTOPIA","confirmed","tops","tshirt","tshirt","not_applicable","not_applicable","not_applicable","not_applicable","not_applicable","tops","shirt_blouse","direct","true","preserved existing confirmed decision"
"uniqlo","WOMEN","127490","티셔츠 & UT > 그래픽티셔츠 > (X)NY POP ART","confirmed","tops","tshirt","tshirt","not_applicable","not_applicable","not_applicable","not_applicable","not_applicable","tops","shirt_blouse","direct","true","preserved existing confirmed decision"
"uniqlo","WOMEN","128057","티셔츠 & UT > 그래픽티셔츠 > (X)Sanrio characters","confirmed","tops","tshirt","tshirt","not_applicable","not_applicable","not_applicable","not_applicable","not_applicable","tops","shirt_blouse","direct","true","preserved existing confirmed decision"
"uniqlo","WOMEN","125773","티셔츠 & UT > 그래픽티셔츠 > (X)WAGARA (Animals)","confirmed","tops","tshirt","tshirt","not_applicable","not_applicable","not_applicable","not_applicable","not_applicable","tops","shirt_blouse","direct","true","preserved existing confirmed decision"
"uniqlo","WOMEN","118119","티셔츠 & UT > 그래픽티셔츠 > (X)TOY STORY","confirmed","tops","tshirt","tshirt","not_applicable","not_applicable","not_applicable","not_applicable","not_applicable","tops","shirt_blouse","direct","true","preserved existing confirmed decision"
"uniqlo","WOMEN","120758","티셔츠 & UT > 그래픽티셔츠 > (X)MAGIC FOR ALL TIMELESS","confirmed","tops","tshirt","tshirt","not_applicable","not_applicable","not_applicable","not_applicable","not_applicable","tops","shirt_blouse","direct","true","preserved existing confirmed decision"
"uniqlo","WOMEN","120988","티셔츠 & UT > 그래픽티셔츠 > (X)Disney Art","confirmed","tops","tshirt","tshirt","not_applicable","not_applicable","not_applicable","not_applicable","not_applicable","tops","shirt_blouse","direct","true","preserved existing confirmed decision"
"uniqlo","WOMEN","104031","티셔츠 & UT > 그래픽티셔츠 > (X)PEANUTS","confirmed","tops","tshirt","tshirt","not_applicable","not_applicable","not_applicable","not_applicable","not_applicable","tops","shirt_blouse","direct","true","preserved existing confirmed decision"
"uniqlo","WOMEN","121692","티셔츠 & UT > 그래픽티셔츠 > (X)Sylvanian Families","confirmed","tops","tshirt","tshirt","not_applicable","not_applicable","not_applicable","not_applicable","not_applicable","tops","shirt_blouse","direct","true","preserved existing confirmed decision"
"uniqlo","WOMEN","123299","티셔츠 & UT > 그래픽티셔츠 > (X)Sesame Street","confirmed","tops","tshirt","tshirt","not_applicable","not_applicable","not_applicable","not_applicable","not_applicable","tops","shirt_blouse","direct","true","preserved existing confirmed decision"
"uniqlo","WOMEN","120197","티셔츠 & UT > 그래픽티셔츠 > (X)The Brands","confirmed","tops","tshirt","tshirt","not_applicable","not_applicable","not_applicable","not_applicable","not_applicable","tops","shirt_blouse","direct","true","preserved existing confirmed decision"
"uniqlo","WOMEN","123268","티셔츠 & UT > 그래픽티셔츠 > (X)WARNER BROS. MOVIES","confirmed","tops","tshirt","tshirt","not_applicable","not_applicable","not_applicable","not_applicable","not_applicable","tops","shirt_blouse","direct","true","preserved existing confirmed decision"
"uniqlo","WOMEN","123826","티셔츠 & UT > 그래픽티셔츠 > (X)WARNER BROS. MOVIES","confirmed","tops","tshirt","tshirt","not_applicable","not_applicable","not_applicable","not_applicable","not_applicable","tops","shirt_blouse","direct","true","preserved existing confirmed decision"
"uniqlo","WOMEN","120495","티셔츠 & UT > 그래픽티셔츠 > (X)UTGP2025 x TATE MODERN","confirmed","tops","tshirt","tshirt","not_applicable","not_applicable","not_applicable","not_applicable","not_applicable","tops","shirt_blouse","direct","true","preserved existing confirmed decision"
"uniqlo","WOMEN","121384","티셔츠 & UT > 그래픽티셔츠 > (X)ONE PIECE","confirmed","tops","tshirt","tshirt","not_applicable","not_applicable","not_applicable","not_applicable","not_applicable","tops","shirt_blouse","direct","true","preserved existing confirmed decision"
"uniqlo","WOMEN","120196","티셔츠 & UT > 그래픽티셔츠 > (X)Sanrio characters","confirmed","tops","tshirt","tshirt","not_applicable","not_applicable","not_applicable","not_applicable","not_applicable","tops","shirt_blouse","direct","true","preserved existing confirmed decision"
"uniqlo","WOMEN","112314","티셔츠 & UT > 그래픽티셔츠 > (X)miffy","confirmed","tops","tshirt","tshirt","not_applicable","not_applicable","not_applicable","not_applicable","not_applicable","tops","shirt_blouse","direct","true","preserved existing confirmed decision"
"uniqlo","WOMEN","122485","티셔츠 & UT > 그래픽티셔츠 > (X)Keith Haring","confirmed","tops","tshirt","tshirt","not_applicable","not_applicable","not_applicable","not_applicable","not_applicable","tops","shirt_blouse","direct","true","preserved existing confirmed decision"
"uniqlo","WOMEN","121385","티셔츠 & UT > 그래픽티셔츠 > (X)STUDIO GHIBLI","confirmed","tops","tshirt","tshirt","not_applicable","not_applicable","not_applicable","not_applicable","not_applicable","tops","shirt_blouse","direct","true","preserved existing confirmed decision"
"uniqlo","WOMEN","118744","티셔츠 & UT > 그래픽티셔츠 > (X)Ai Yazawa Collection","confirmed","tops","tshirt","tshirt","not_applicable","not_applicable","not_applicable","not_applicable","not_applicable","tops","shirt_blouse","direct","true","preserved existing confirmed decision"
"uniqlo","WOMEN","117094","티셔츠 & UT > 그래픽티셔츠 > (X)Mickey&Friends Sports","confirmed","tops","tshirt","tshirt","not_applicable","not_applicable","not_applicable","not_applicable","not_applicable","tops","shirt_blouse","direct","true","preserved existing confirmed decision"
"uniqlo","WOMEN","63127","티셔츠 & UT > 그래픽티셔츠 > (X)MoMA Art Icons","confirmed","tops","tshirt","tshirt","not_applicable","not_applicable","not_applicable","not_applicable","not_applicable","tops","shirt_blouse","direct","true","preserved existing confirmed decision"
"uniqlo","WOMEN","115513","티셔츠 & UT > 그래픽티셔츠 > (X)UT ARCHIVE ONE PIECE","confirmed","tops","tshirt","tshirt","not_applicable","not_applicable","not_applicable","not_applicable","not_applicable","tops","shirt_blouse","direct","true","preserved existing confirmed decision"
"uniqlo","WOMEN","58188","티셔츠 & UT > 그래픽티셔츠 > (X)CAT PHOTOGRAPHS","confirmed","tops","tshirt","tshirt","not_applicable","not_applicable","not_applicable","not_applicable","not_applicable","tops","shirt_blouse","direct","true","preserved existing confirmed decision"
"uniqlo","WOMEN","104204","티셔츠 & UT > 그래픽티셔츠 > (X)NY POP ART","confirmed","tops","tshirt","tshirt","not_applicable","not_applicable","not_applicable","not_applicable","not_applicable","tops","shirt_blouse","direct","true","preserved existing confirmed decision"
"uniqlo","WOMEN","112712","티셔츠 & UT > 그래픽티셔츠 > Pokémon","confirmed","tops","tshirt","tshirt","not_applicable","not_applicable","not_applicable","not_applicable","not_applicable","tops","shirt_blouse","direct","true","preserved existing confirmed decision"
"uniqlo","WOMEN","63112","티셔츠 & UT > 그래픽티셔츠 > (X)UT ARCHIVE Super Mario","confirmed","tops","tshirt","tshirt","not_applicable","not_applicable","not_applicable","not_applicable","not_applicable","tops","shirt_blouse","direct","true","preserved existing confirmed decision"
"uniqlo","WOMEN","112709","티셔츠 & UT > 그래픽티셔츠 > (X)Disney in Blue","confirmed","tops","tshirt","tshirt","not_applicable","not_applicable","not_applicable","not_applicable","not_applicable","tops","shirt_blouse","direct","true","preserved existing confirmed decision"
"uniqlo","WOMEN","112605","티셔츠 & UT > 그래픽티셔츠 > (X)Disney’s Mickey Faces","confirmed","tops","tshirt","tshirt","not_applicable","not_applicable","not_applicable","not_applicable","not_applicable","tops","shirt_blouse","direct","true","preserved existing confirmed decision"
"uniqlo","WOMEN","63123","티셔츠 & UT > 그래픽티셔츠 > Mobile Suit GUNDAM 45th Anniversary","confirmed","tops","tshirt","tshirt","not_applicable","not_applicable","not_applicable","not_applicable","not_applicable","tops","shirt_blouse","direct","true","preserved existing confirmed decision"
"uniqlo","WOMEN","109442","티셔츠 & UT > 그래픽티셔츠 > Universal Movies","confirmed","tops","tshirt","tshirt","not_applicable","not_applicable","not_applicable","not_applicable","not_applicable","tops","shirt_blouse","direct","true","preserved existing confirmed decision"
"uniqlo","WOMEN","104172","티셔츠 & UT > 그래픽티셔츠 > Sesame Street","confirmed","tops","tshirt","tshirt","not_applicable","not_applicable","not_applicable","not_applicable","not_applicable","tops","shirt_blouse","direct","true","preserved existing confirmed decision"
"uniqlo","WOMEN","112139","티셔츠 & UT > 그래픽티셔츠 > Pablo Picasso","confirmed","tops","tshirt","tshirt","not_applicable","not_applicable","not_applicable","not_applicable","not_applicable","tops","shirt_blouse","direct","true","preserved existing confirmed decision"
"uniqlo","WOMEN","62555","티셔츠 & UT > 그래픽티셔츠 > Henri Matisse","confirmed","tops","tshirt","tshirt","not_applicable","not_applicable","not_applicable","not_applicable","not_applicable","tops","shirt_blouse","direct","true","preserved existing confirmed decision"
"uniqlo","WOMEN","112604","티셔츠 & UT > 그래픽티셔츠 > Curated by Tate","confirmed","tops","tshirt","tshirt","not_applicable","not_applicable","not_applicable","not_applicable","not_applicable","tops","shirt_blouse","direct","true","preserved existing confirmed decision"
"uniqlo","WOMEN","107860","티셔츠 & UT > 그래픽티셔츠 > MAGNUM PHOTOS","confirmed","tops","tshirt","tshirt","not_applicable","not_applicable","not_applicable","not_applicable","not_applicable","tops","shirt_blouse","direct","true","preserved existing confirmed decision"
"uniqlo","WOMEN","104034","티셔츠 & UT > 그래픽티셔츠 > DRAGON BALL / DRAGON BALL DAIMA","confirmed","tops","tshirt","tshirt","not_applicable","not_applicable","not_applicable","not_applicable","not_applicable","tops","shirt_blouse","direct","true","preserved existing confirmed decision"
"uniqlo","WOMEN","112603","티셔츠 & UT > 그래픽티셔츠 > Dan Da Dan","confirmed","tops","tshirt","tshirt","not_applicable","not_applicable","not_applicable","not_applicable","not_applicable","tops","shirt_blouse","direct","true","preserved existing confirmed decision"
"uniqlo","WOMEN","112602","티셔츠 & UT > 그래픽티셔츠 > MANGA curation","confirmed","tops","tshirt","tshirt","not_applicable","not_applicable","not_applicable","not_applicable","not_applicable","tops","shirt_blouse","direct","true","preserved existing confirmed decision"
"uniqlo","WOMEN","112140","티셔츠 & UT > 그래픽티셔츠 > Keith Haring X Coca-Cola®","confirmed","tops","tshirt","tshirt","not_applicable","not_applicable","not_applicable","not_applicable","not_applicable","tops","shirt_blouse","direct","true","preserved existing confirmed decision"
"uniqlo","WOMEN","105666","티셔츠 & UT > 그래픽티셔츠 > SpongeBob SquarePants■Cactus Plant Flea Market","confirmed","tops","tshirt","tshirt","not_applicable","not_applicable","not_applicable","not_applicable","not_applicable","tops","shirt_blouse","direct","true","preserved existing confirmed decision"
"uniqlo","WOMEN","103565","티셔츠 & UT > 그래픽티셔츠 > ARCANE LEAGUE OF LEGENDS","confirmed","tops","tshirt","tshirt","not_applicable","not_applicable","not_applicable","not_applicable","not_applicable","tops","shirt_blouse","direct","true","preserved existing confirmed decision"
"uniqlo","WOMEN","98493","티셔츠 & UT > 그래픽티셔츠 > KENSHI YONEZU","confirmed","tops","tshirt","tshirt","not_applicable","not_applicable","not_applicable","not_applicable","not_applicable","tops","shirt_blouse","direct","true","preserved existing confirmed decision"
"uniqlo","WOMEN","98492","티셔츠 & UT > 그래픽티셔츠 > UT ARCHIVE Demon Slayer  / Jujutsu Kaisen","confirmed","tops","tshirt","tshirt","not_applicable","not_applicable","not_applicable","not_applicable","not_applicable","tops","shirt_blouse","direct","true","preserved existing confirmed decision"
"uniqlo","WOMEN","100381","티셔츠 & UT > 그래픽티셔츠 > Louvre Camille Henrot","confirmed","tops","tshirt","tshirt","not_applicable","not_applicable","not_applicable","not_applicable","not_applicable","tops","shirt_blouse","direct","true","preserved existing confirmed decision"
"uniqlo","WOMEN","62563","티셔츠 & UT > 그래픽티셔츠 > KAWS + Warhol","confirmed","tops","tshirt","tshirt","not_applicable","not_applicable","not_applicable","not_applicable","not_applicable","tops","shirt_blouse","direct","true","preserved existing confirmed decision"
"uniqlo","WOMEN","84853","티셔츠 & UT > 그래픽티셔츠 > UT ARCHIVE Andy Warhol / Keith Haring / Jean-Michel Basquiat","confirmed","tops","tshirt","tshirt","not_applicable","not_applicable","not_applicable","not_applicable","not_applicable","tops","shirt_blouse","direct","true","preserved existing confirmed decision"
"uniqlo","WOMEN","96735","티셔츠 & UT > 그래픽티셔츠 > PEANUTS","confirmed","tops","tshirt","tshirt","not_applicable","not_applicable","not_applicable","not_applicable","not_applicable","tops","shirt_blouse","direct","true","preserved existing confirmed decision"
"uniqlo","WOMEN","96342","티셔츠 & UT > 그래픽티셔츠 > miffy's stories","confirmed","tops","tshirt","tshirt","not_applicable","not_applicable","not_applicable","not_applicable","not_applicable","tops","shirt_blouse","direct","true","preserved existing confirmed decision"
"uniqlo","WOMEN","94167","티셔츠 & UT > 그래픽티셔츠 > MAGIC FOR ALL with Yu Nagaba","confirmed","tops","tshirt","tshirt","not_applicable","not_applicable","not_applicable","not_applicable","not_applicable","tops","shirt_blouse","direct","true","preserved existing confirmed decision"
"uniqlo","WOMEN","94546","티셔츠 & UT > 그래픽티셔츠 > Pokémon","confirmed","tops","tshirt","tshirt","not_applicable","not_applicable","not_applicable","not_applicable","not_applicable","tops","shirt_blouse","direct","true","preserved existing confirmed decision"
"uniqlo","WOMEN","86432","티셔츠 & UT > 그래픽티셔츠 > Mickey Stands","confirmed","tops","tshirt","tshirt","not_applicable","not_applicable","not_applicable","not_applicable","not_applicable","tops","shirt_blouse","direct","true","preserved existing confirmed decision"
"uniqlo","WOMEN","81236","티셔츠 & UT > 그래픽티셔츠 > Disney Beach Trip Collection","confirmed","tops","tshirt","tshirt","not_applicable","not_applicable","not_applicable","not_applicable","not_applicable","tops","shirt_blouse","direct","true","preserved existing confirmed decision"
"uniqlo","WOMEN","63106","티셔츠 & UT > 그래픽티셔츠 > Alice In Wonderland","confirmed","tops","tshirt","tshirt","not_applicable","not_applicable","not_applicable","not_applicable","not_applicable","tops","shirt_blouse","direct","true","preserved existing confirmed decision"
"uniqlo","WOMEN","63107","티셔츠 & UT > 그래픽티셔츠 > Animal Crossing New Horizons","confirmed","tops","tshirt","tshirt","not_applicable","not_applicable","not_applicable","not_applicable","not_applicable","tops","shirt_blouse","direct","true","preserved existing confirmed decision"
"uniqlo","WOMEN","63108","티셔츠 & UT > 그래픽티셔츠 > Celebrating Sofia Coppola","confirmed","tops","tshirt","tshirt","not_applicable","not_applicable","not_applicable","not_applicable","not_applicable","tops","shirt_blouse","direct","true","preserved existing confirmed decision"
"uniqlo","WOMEN","63113","티셔츠 & UT > 그래픽티셔츠 > MAGIC FOR ALL FOREVER","confirmed","tops","tshirt","tshirt","not_applicable","not_applicable","not_applicable","not_applicable","not_applicable","tops","shirt_blouse","direct","true","preserved existing confirmed decision"
"uniqlo","WOMEN","81251","티셔츠 & UT > 그래픽티셔츠 > STUDIO GHIBLI","confirmed","tops","tshirt","tshirt","not_applicable","not_applicable","not_applicable","not_applicable","not_applicable","tops","shirt_blouse","direct","true","preserved existing confirmed decision"
"uniqlo","WOMEN","63109","티셔츠 & UT > 그래픽티셔츠 > Disney Dearest Friends","confirmed","tops","tshirt","tshirt","not_applicable","not_applicable","not_applicable","not_applicable","not_applicable","tops","shirt_blouse","direct","true","preserved existing confirmed decision"
"uniqlo","WOMEN","63110","티셔츠 & UT > 그래픽티셔츠 > Disney Pajama Collection","confirmed","tops","tshirt","tshirt","not_applicable","not_applicable","not_applicable","not_applicable","not_applicable","tops","shirt_blouse","direct","true","preserved existing confirmed decision"
"uniqlo","WOMEN","63111","티셔츠 & UT > 그래픽티셔츠 > Doraemon Sustainability Mode","confirmed","tops","tshirt","tshirt","not_applicable","not_applicable","not_applicable","not_applicable","not_applicable","tops","shirt_blouse","direct","true","preserved existing confirmed decision"
"uniqlo","WOMEN","63124","티셔츠 & UT > 그래픽티셔츠 > Peanuts Vintage","confirmed","tops","tshirt","tshirt","not_applicable","not_applicable","not_applicable","not_applicable","not_applicable","tops","shirt_blouse","direct","true","preserved existing confirmed decision"
"uniqlo","WOMEN","63115","티셔츠 & UT > 그래픽티셔츠 > Mickey Motifs","confirmed","tops","tshirt","tshirt","not_applicable","not_applicable","not_applicable","not_applicable","not_applicable","tops","shirt_blouse","direct","true","preserved existing confirmed decision"
"uniqlo","WOMEN","63114","티셔츠 & UT > 그래픽티셔츠 > MARVEL Essentials","confirmed","tops","tshirt","tshirt","not_applicable","not_applicable","not_applicable","not_applicable","not_applicable","tops","shirt_blouse","direct","true","preserved existing confirmed decision"
"uniqlo","WOMEN","63116","티셔츠 & UT > 그래픽티셔츠 > Mickey Shines","confirmed","tops","tshirt","tshirt","not_applicable","not_applicable","not_applicable","not_applicable","not_applicable","tops","shirt_blouse","direct","true","preserved existing confirmed decision"
"uniqlo","WOMEN","63117","티셔츠 & UT > 그래픽티셔츠 > Monster Hunter Rise","confirmed","tops","tshirt","tshirt","not_applicable","not_applicable","not_applicable","not_applicable","not_applicable","tops","shirt_blouse","direct","true","preserved existing confirmed decision"
"uniqlo","WOMEN","63118","티셔츠 & UT > 그래픽티셔츠 > My Life with Animals","confirmed","tops","tshirt","tshirt","not_applicable","not_applicable","not_applicable","not_applicable","not_applicable","tops","shirt_blouse","direct","true","preserved existing confirmed decision"
"uniqlo","WOMEN","63119","티셔츠 & UT > 그래픽티셔츠 > OF THEIR NATURE","confirmed","tops","tshirt","tshirt","not_applicable","not_applicable","not_applicable","not_applicable","not_applicable","tops","shirt_blouse","direct","true","preserved existing confirmed decision"
"uniqlo","WOMEN","63122","티셔츠 & UT > 그래픽티셔츠 > PEANUTS Lounge","confirmed","tops","tshirt","tshirt","not_applicable","not_applicable","not_applicable","not_applicable","not_applicable","tops","shirt_blouse","direct","true","preserved existing confirmed decision"
"uniqlo","WOMEN","63128","티셔츠 & UT > 그래픽티셔츠 > The Brands The World of Record Stores","confirmed","tops","tshirt","tshirt","not_applicable","not_applicable","not_applicable","not_applicable","not_applicable","tops","shirt_blouse","direct","true","preserved existing confirmed decision"
"uniqlo","WOMEN","63126","티셔츠 & UT > 그래픽티셔츠 > Roy Lichtenstein","confirmed","tops","tshirt","tshirt","not_applicable","not_applicable","not_applicable","not_applicable","not_applicable","tops","shirt_blouse","direct","true","preserved existing confirmed decision"
"uniqlo","WOMEN","63130","티셔츠 & UT > 그래픽티셔츠 > Troye Sivan","confirmed","tops","tshirt","tshirt","not_applicable","not_applicable","not_applicable","not_applicable","not_applicable","tops","shirt_blouse","direct","true","preserved existing confirmed decision"
"uniqlo","WOMEN","81373","티셔츠 & UT > 그래픽티셔츠 > UTGP2024: The Louvre","confirmed","tops","tshirt","tshirt","not_applicable","not_applicable","not_applicable","not_applicable","not_applicable","tops","shirt_blouse","direct","true","preserved existing confirmed decision"
"uniqlo","WOMEN","62557","티셔츠 & UT > 그래픽티셔츠 > miffy","confirmed","tops","tshirt","tshirt","not_applicable","not_applicable","not_applicable","not_applicable","not_applicable","tops","shirt_blouse","direct","true","preserved existing confirmed decision"
"uniqlo","WOMEN","94356","티셔츠 & UT > 그래픽티셔츠 > PEANUTS You Can Be Anything!","confirmed","tops","tshirt","tshirt","not_applicable","not_applicable","not_applicable","not_applicable","not_applicable","tops","shirt_blouse","direct","true","preserved existing confirmed decision"
"uniqlo","WOMEN","75613","티셔츠 & UT > 그래픽티셔츠 > Find Your TREASURE","confirmed","tops","tshirt","tshirt","not_applicable","not_applicable","not_applicable","not_applicable","not_applicable","tops","shirt_blouse","direct","true","preserved existing confirmed decision"
"uniqlo","WOMEN","83236","티셔츠 & UT > 그래픽티셔츠 > Kaiju No.8","confirmed","tops","tshirt","tshirt","not_applicable","not_applicable","not_applicable","not_applicable","not_applicable","tops","shirt_blouse","direct","true","preserved existing confirmed decision"
"uniqlo","WOMEN","62562","티셔츠 & UT > 그래픽티셔츠 > UTGP2023: MAGIC FOR ALL","confirmed","tops","tshirt","tshirt","not_applicable","not_applicable","not_applicable","not_applicable","not_applicable","tops","shirt_blouse","direct","true","preserved existing confirmed decision"
"uniqlo","WOMEN","62558","티셔츠 & UT > 그래픽티셔츠 > Musee Du Louvre Blossoms Of Diversity","confirmed","tops","tshirt","tshirt","not_applicable","not_applicable","not_applicable","not_applicable","not_applicable","tops","shirt_blouse","direct","true","preserved existing confirmed decision"
"uniqlo","WOMEN","62561","티셔츠 & UT > 그래픽티셔츠 > Pokémon All-Stars","confirmed","tops","tshirt","tshirt","not_applicable","not_applicable","not_applicable","not_applicable","not_applicable","tops","shirt_blouse","direct","true","preserved existing confirmed decision"
"uniqlo","WOMEN","62556","티셔츠 & UT > 그래픽티셔츠 > LOVE, SUNSHINE & PEANUTS","confirmed","tops","tshirt","tshirt","not_applicable","not_applicable","not_applicable","not_applicable","not_applicable","tops","shirt_blouse","direct","true","preserved existing confirmed decision"
"uniqlo","WOMEN","63125","티셔츠 & UT > 그래픽티셔츠 > PEANUTS × Reyn Spooner","confirmed","tops","tshirt","tshirt","not_applicable","not_applicable","not_applicable","not_applicable","not_applicable","tops","shirt_blouse","direct","true","preserved existing confirmed decision"
"uniqlo","WOMEN","62553","티셔츠 & UT > 그래픽티셔츠 > Andy Warhol Flowers Collection","confirmed","tops","tshirt","tshirt","not_applicable","not_applicable","not_applicable","not_applicable","not_applicable","tops","shirt_blouse","direct","true","preserved existing confirmed decision"
"uniqlo","WOMEN","62559","티셔츠 & UT > 그래픽티셔츠 > PEANUTS Dance Time with Snoopy","confirmed","tops","tshirt","tshirt","not_applicable","not_applicable","not_applicable","not_applicable","not_applicable","tops","shirt_blouse","direct","true","preserved existing confirmed decision"
"uniqlo","WOMEN","65650","티셔츠 & UT > 그래픽티셔츠 > PEANUTS Sports Club","confirmed","tops","tshirt","tshirt","not_applicable","not_applicable","not_applicable","not_applicable","not_applicable","tops","shirt_blouse","direct","true","preserved existing confirmed decision"
"uniqlo","WOMEN","78154","티셔츠 & UT > 그래픽티셔츠 > Hello Kitty 50th anniversary.","confirmed","tops","tshirt","tshirt","not_applicable","not_applicable","not_applicable","not_applicable","not_applicable","tops","shirt_blouse","direct","true","preserved existing confirmed decision"
"uniqlo","WOMEN","63120","티셔츠 & UT > 그래픽티셔츠 > Anime Chainsaw Man","confirmed","tops","tshirt","tshirt","not_applicable","not_applicable","not_applicable","not_applicable","not_applicable","tops","shirt_blouse","direct","true","preserved existing confirmed decision"
"uniqlo","WOMEN","63121","티셔츠 & UT > 그래픽티셔츠 > PEANUTS Holiday","confirmed","tops","tshirt","tshirt","not_applicable","not_applicable","not_applicable","not_applicable","not_applicable","tops","shirt_blouse","direct","true","preserved existing confirmed decision"
"uniqlo","WOMEN","117033","티셔츠 & UT > 그래픽티셔츠 > 그 외","confirmed","tops","tshirt","tshirt","not_applicable","not_applicable","not_applicable","not_applicable","not_applicable","tops","shirt_blouse","direct","true","preserved existing confirmed decision"
"uniqlo","WOMEN","117300","티셔츠 & UT > 브라탑 > 코튼","rejected","","","","not_applicable","not_applicable","not_applicable","not_applicable","not_applicable","","","rejected","false","preserved existing rejected decision"
"uniqlo","WOMEN","117295","티셔츠 & UT > 브라탑 > 디자인","rejected","","","","not_applicable","not_applicable","not_applicable","not_applicable","not_applicable","","","rejected","false","preserved existing rejected decision"
"uniqlo","WOMEN","117299","티셔츠 & UT > 브라탑 > AIRism","rejected","","","","not_applicable","not_applicable","not_applicable","not_applicable","not_applicable","","","rejected","false","preserved existing rejected decision"
"uniqlo","WOMEN","58149","티셔츠 & UT > 브라탑 > 크롭","rejected","","","","not_applicable","not_applicable","not_applicable","not_applicable","not_applicable","","","rejected","false","preserved existing rejected decision"
"uniqlo","WOMEN","120000","티셔츠 & UT > 브라탑 > 브라 원피스","rejected","","","","not_applicable","not_applicable","not_applicable","not_applicable","not_applicable","","","rejected","false","preserved existing rejected decision"
"uniqlo","WOMEN","100073","티셔츠 & UT > 브라탑 > 브라 탱크탑","rejected","","","","not_applicable","not_applicable","not_applicable","not_applicable","not_applicable","","","rejected","false","preserved existing rejected decision"
"uniqlo","WOMEN","58148","티셔츠 & UT > 브라탑 > 브라 캐미솔","rejected","","","","not_applicable","not_applicable","not_applicable","not_applicable","not_applicable","","","rejected","false","preserved existing rejected decision"
"uniqlo","WOMEN","141489","티셔츠 & UT > 브라탑 > 에어리즘 코튼","rejected","","","","not_applicable","not_applicable","not_applicable","not_applicable","not_applicable","","","rejected","false","preserved existing rejected decision"
"uniqlo","WOMEN","58949","티셔츠 & UT > PEACE FOR ALL > 그래픽 티셔츠","confirmed","tops","tshirt","tshirt","not_applicable","not_applicable","not_applicable","not_applicable","not_applicable","tops","shirt_blouse","direct","true","preserved existing confirmed decision"
"uniqlo","WOMEN","98281","티셔츠 & UT > 스웨트셔츠 & 후드집업 > 후드집업","confirmed","tops","zip_hoodie","zip_hoodie","not_applicable","not_applicable","not_applicable","not_applicable","not_applicable","outerwear","zip_hoodie","direct","true","preserved existing confirmed decision"
"uniqlo","WOMEN","58154","티셔츠 & UT > 스웨트셔츠 & 후드집업 > 스웨트셔츠","confirmed","tops","sweatshirt","sweatshirt","not_applicable","not_applicable","not_applicable","not_applicable","not_applicable","outerwear","zip_hoodie","direct","true","preserved existing confirmed decision"
"uniqlo","WOMEN","63077","티셔츠 & UT > 스웨트셔츠 & 후드집업 > 유니섹스","review_required","","","","not_applicable","not_applicable","not_applicable","not_applicable","not_applicable","","","review_required","false","preserved existing review_required decision"
"uniqlo","WOMEN","102685","티셔츠 & UT > 스웨트셔츠 & 후드집업 > GU","review_required","","","","not_applicable","not_applicable","not_applicable","not_applicable","not_applicable","","","review_required","false","preserved existing review_required decision"
"uniqlo","WOMEN","58158","티셔츠 & UT > 스웨트셔츠 & 후드집업 > 그 외","review_required","","","","not_applicable","not_applicable","not_applicable","not_applicable","not_applicable","","","review_required","false","preserved existing review_required decision"
"uniqlo","WOMEN","58156","티셔츠 & UT > 스웨트셔츠 & 후드집업 > 그래픽 스웨트","confirmed","tops","sweatshirt","sweatshirt","not_applicable","not_applicable","not_applicable","not_applicable","not_applicable","outerwear","zip_hoodie","direct","true","preserved existing confirmed decision"
"uniqlo","WOMEN","58155","티셔츠 & UT > 스웨트셔츠 & 후드집업 > 스웨트 팬츠","confirmed","bottoms","sweat_jogger_pants","standard_pants","not_applicable","not_applicable","not_applicable","not_applicable","not_applicable","outerwear","zip_hoodie","direct","true","preserved existing confirmed decision"
"uniqlo","WOMEN","98279","티셔츠 & UT > 스웨트셔츠 & 후드집업 > 보아 스웨트","confirmed","tops","sweatshirt","sweatshirt","not_applicable","not_applicable","not_applicable","not_applicable","not_applicable","outerwear","zip_hoodie","direct","true","preserved existing confirmed decision"
"uniqlo","WOMEN","98278","티셔츠 & UT > 스웨트셔츠 & 후드집업 > 드라이 스웨트","confirmed","tops","sweatshirt","sweatshirt","not_applicable","not_applicable","not_applicable","not_applicable","not_applicable","outerwear","zip_hoodie","direct","true","preserved existing confirmed decision"
"uniqlo","WOMEN","98394","티셔츠 & UT > 스웨트셔츠 & 후드집업 > UV Protection","review_required","","","","not_applicable","not_applicable","not_applicable","not_applicable","not_applicable","","","review_required","false","preserved existing review_required decision"
"uniqlo","WOMEN","98282","티셔츠 & UT > 스웨트셔츠 & 후드집업 > 블루종","confirmed","outerwear","blouson","blouson","not_applicable","not_applicable","not_applicable","not_applicable","not_applicable","outerwear","zip_hoodie","direct","true","preserved existing confirmed decision"
"uniqlo","WOMEN","95386","셔츠 & 블라우스 & 폴로셔츠 > 셔츠 & 블라우스 > 리넨","confirmed","tops","shirt_blouse","shirt_blouse","not_applicable","not_applicable","not_applicable","not_applicable","not_applicable","tops","polo_shirt","direct","true","preserved existing confirmed decision"
"uniqlo","WOMEN","95383","셔츠 & 블라우스 & 폴로셔츠 > 셔츠 & 블라우스 > 반팔","confirmed","tops","shirt_blouse","shirt_blouse","short_sleeve","not_applicable","not_applicable","not_applicable","not_applicable","tops","short_sleeve","direct","true","preserved existing confirmed decision"
"uniqlo","WOMEN","102589","셔츠 & 블라우스 & 폴로셔츠 > 셔츠 & 블라우스 > UNIQLO and JW ANDERSON","confirmed","tops","shirt_blouse","shirt_blouse","not_applicable","not_applicable","not_applicable","not_applicable","not_applicable","tops","polo_shirt","direct","true","preserved existing confirmed decision"
"uniqlo","WOMEN","95388","셔츠 & 블라우스 & 폴로셔츠 > 셔츠 & 블라우스 > 코튼","confirmed","tops","shirt_blouse","shirt_blouse","not_applicable","not_applicable","not_applicable","not_applicable","not_applicable","tops","polo_shirt","direct","true","preserved existing confirmed decision"
"uniqlo","WOMEN","95385","셔츠 & 블라우스 & 폴로셔츠 > 셔츠 & 블라우스 > 레이온","confirmed","tops","shirt_blouse","shirt_blouse","not_applicable","not_applicable","not_applicable","not_applicable","not_applicable","tops","polo_shirt","direct","true","preserved existing confirmed decision"
"uniqlo","WOMEN","95384","셔츠 & 블라우스 & 폴로셔츠 > 셔츠 & 블라우스 > 슬리브리스","confirmed","tops","shirt_blouse","shirt_blouse","sleeveless","not_applicable","not_applicable","not_applicable","not_applicable","tops","sleeveless","direct","true","preserved existing confirmed decision"
"uniqlo","WOMEN","116008","셔츠 & 블라우스 & 폴로셔츠 > 셔츠 & 블라우스 > 박시 크롭","confirmed","tops","shirt_blouse","shirt_blouse","not_applicable","not_applicable","not_applicable","not_applicable","not_applicable","tops","polo_shirt","direct","true","preserved existing confirmed decision"
"uniqlo","WOMEN","95381","셔츠 & 블라우스 & 폴로셔츠 > 셔츠 & 블라우스 > 긴팔","confirmed","tops","shirt_blouse","shirt_blouse","long_sleeve","not_applicable","not_applicable","not_applicable","not_applicable","tops","long_sleeve","direct","true","preserved existing confirmed decision"
"uniqlo","WOMEN","136612","셔츠 & 블라우스 & 폴로셔츠 > 셔츠 & 블라우스 > 디자인 블라우스","confirmed","tops","shirt_blouse","shirt_blouse","not_applicable","not_applicable","not_applicable","not_applicable","not_applicable","tops","polo_shirt","direct","true","preserved existing confirmed decision"
"uniqlo","WOMEN","95382","셔츠 & 블라우스 & 폴로셔츠 > 셔츠 & 블라우스 > 7부","confirmed","tops","shirt_blouse","shirt_blouse","not_applicable","not_applicable","not_applicable","not_applicable","not_applicable","tops","three_quarter_sleeve","direct","true","preserved existing confirmed decision"
"uniqlo","WOMEN","95398","셔츠 & 블라우스 & 폴로셔츠 > 셔츠 & 블라우스 > 스키퍼(V넥)","confirmed","tops","shirt_blouse","shirt_blouse","not_applicable","not_applicable","not_applicable","not_applicable","not_applicable","tops","polo_shirt","direct","true","preserved existing confirmed decision"
"uniqlo","WOMEN","95394","셔츠 & 블라우스 & 폴로셔츠 > 셔츠 & 블라우스 > 데님","confirmed","tops","shirt_blouse","shirt_blouse","not_applicable","not_applicable","not_applicable","not_applicable","not_applicable","tops","polo_shirt","direct","true","preserved existing confirmed decision"
"uniqlo","WOMEN","101621","셔츠 & 블라우스 & 폴로셔츠 > 셔츠 & 블라우스 > Uniqlo U","confirmed","tops","shirt_blouse","shirt_blouse","not_applicable","not_applicable","not_applicable","not_applicable","not_applicable","tops","polo_shirt","direct","true","preserved existing confirmed decision"
"uniqlo","WOMEN","102590","셔츠 & 블라우스 & 폴로셔츠 > 셔츠 & 블라우스 > UNIQLO and COMPTOIR DES COTONNIERS","confirmed","tops","shirt_blouse","shirt_blouse","not_applicable","not_applicable","not_applicable","not_applicable","not_applicable","tops","polo_shirt","direct","true","preserved existing confirmed decision"
"uniqlo","WOMEN","100075","셔츠 & 블라우스 & 폴로셔츠 > 셔츠 & 블라우스 > UNIQLO : C","confirmed","tops","shirt_blouse","shirt_blouse","not_applicable","not_applicable","not_applicable","not_applicable","not_applicable","tops","polo_shirt","direct","true","preserved existing confirmed decision"
"uniqlo","WOMEN","95392","셔츠 & 블라우스 & 폴로셔츠 > 셔츠 & 블라우스 > 플란넬","confirmed","tops","shirt_blouse","shirt_blouse","not_applicable","not_applicable","not_applicable","not_applicable","not_applicable","tops","polo_shirt","direct","true","preserved existing confirmed decision"
"uniqlo","WOMEN","96799","셔츠 & 블라우스 & 폴로셔츠 > 셔츠 & 블라우스 > 유니섹스","confirmed","tops","shirt_blouse","shirt_blouse","not_applicable","not_applicable","not_applicable","not_applicable","not_applicable","tops","polo_shirt","direct","true","preserved existing confirmed decision"
"uniqlo","WOMEN","95389","셔츠 & 블라우스 & 폴로셔츠 > 셔츠 & 블라우스 > 오버사이즈","confirmed","tops","shirt_blouse","shirt_blouse","not_applicable","not_applicable","not_applicable","not_applicable","not_applicable","tops","polo_shirt","direct","true","preserved existing confirmed decision"
"uniqlo","WOMEN","95399","셔츠 & 블라우스 & 폴로셔츠 > 셔츠 & 블라우스 > GU","confirmed","tops","shirt_blouse","shirt_blouse","not_applicable","not_applicable","not_applicable","not_applicable","not_applicable","tops","polo_shirt","direct","true","preserved existing confirmed decision"
"uniqlo","WOMEN","142637","셔츠 & 블라우스 & 폴로셔츠 > 폴로셔츠 (카라티) > 반팔","confirmed","tops","polo_shirt","polo_shirt","short_sleeve","not_applicable","not_applicable","not_applicable","not_applicable","tops","short_sleeve","direct","true","preserved existing confirmed decision"
"uniqlo","WOMEN","142640","셔츠 & 블라우스 & 폴로셔츠 > 폴로셔츠 (카라티) > 유니섹스","confirmed","tops","polo_shirt","polo_shirt","not_applicable","not_applicable","not_applicable","not_applicable","not_applicable","tops","polo_shirt","direct","true","preserved existing confirmed decision"
"uniqlo","WOMEN","142638","셔츠 & 블라우스 & 폴로셔츠 > 폴로셔츠 (카라티) > 긴팔","confirmed","tops","polo_shirt","polo_shirt","long_sleeve","not_applicable","not_applicable","not_applicable","not_applicable","tops","long_sleeve","direct","true","preserved existing confirmed decision"
"uniqlo","WOMEN","142639","셔츠 & 블라우스 & 폴로셔츠 > 폴로셔츠 (카라티) > 스웨터","confirmed","tops","knit_sweater","knit_sweater","not_applicable","not_applicable","not_applicable","not_applicable","not_applicable","tops","polo_shirt","direct","true","preserved existing confirmed decision"
"uniqlo","WOMEN","142641","셔츠 & 블라우스 & 폴로셔츠 > 폴로셔츠 (카라티) > 그 외","confirmed","tops","polo_shirt","polo_shirt","not_applicable","not_applicable","not_applicable","not_applicable","not_applicable","tops","polo_shirt","direct","true","preserved existing confirmed decision"
"uniqlo","WOMEN","95372","니트 & 가디건 > 니트 > UV Protection","confirmed","tops","knit_sweater","knit_sweater","not_applicable","not_applicable","not_applicable","not_applicable","not_applicable","outerwear","cardigan","direct","true","preserved existing confirmed decision"
"uniqlo","WOMEN","95377","니트 & 가디건 > 니트 > V넥 니트","confirmed","tops","knit_sweater","knit_sweater","not_applicable","not_applicable","not_applicable","not_applicable","not_applicable","outerwear","cardigan","direct","true","preserved existing confirmed decision"
"uniqlo","WOMEN","95366","니트 & 가디건 > 니트 > 메리노 니트","confirmed","tops","knit_sweater","knit_sweater","not_applicable","not_applicable","not_applicable","not_applicable","not_applicable","outerwear","cardigan","direct","true","preserved existing confirmed decision"
"uniqlo","WOMEN","116336","니트 & 가디건 > 니트 > 폴로 니트","confirmed","tops","knit_sweater","knit_sweater","not_applicable","not_applicable","not_applicable","not_applicable","not_applicable","outerwear","cardigan","direct","true","preserved existing confirmed decision"
"uniqlo","WOMEN","95364","니트 & 가디건 > 니트 > 반팔 니트","confirmed","tops","knit_sweater","knit_sweater","short_sleeve","not_applicable","not_applicable","not_applicable","not_applicable","tops","short_sleeve","direct","true","preserved existing confirmed decision"
"uniqlo","WOMEN","95365","니트 & 가디건 > 니트 > 긴팔 니트","confirmed","tops","knit_sweater","knit_sweater","long_sleeve","not_applicable","not_applicable","not_applicable","not_applicable","tops","long_sleeve","direct","true","preserved existing confirmed decision"
"uniqlo","WOMEN","95376","니트 & 가디건 > 니트 > 크루넥 니트","confirmed","tops","knit_sweater","knit_sweater","not_applicable","not_applicable","not_applicable","not_applicable","not_applicable","outerwear","cardigan","direct","true","preserved existing confirmed decision"
"uniqlo","WOMEN","95374","니트 & 가디건 > 니트 > 디자인 니트","confirmed","tops","knit_sweater","knit_sweater","not_applicable","not_applicable","not_applicable","not_applicable","not_applicable","outerwear","cardigan","direct","true","preserved existing confirmed decision"
"uniqlo","WOMEN","100074","니트 & 가디건 > 니트 > UNIQLO : C","confirmed","tops","knit_sweater","knit_sweater","not_applicable","not_applicable","not_applicable","not_applicable","not_applicable","outerwear","cardigan","direct","true","preserved existing confirmed decision"
"uniqlo","WOMEN","103249","니트 & 가디건 > 니트 > UNIQLO and JW ANDERSON","confirmed","tops","knit_sweater","knit_sweater","not_applicable","not_applicable","not_applicable","not_applicable","not_applicable","outerwear","cardigan","direct","true","preserved existing confirmed decision"
"uniqlo","WOMEN","95380","니트 & 가디건 > 니트 > 스무드 코튼","confirmed","tops","knit_sweater","knit_sweater","not_applicable","not_applicable","not_applicable","not_applicable","not_applicable","outerwear","cardigan","direct","true","preserved existing confirmed decision"
"uniqlo","WOMEN","95370","니트 & 가디건 > 니트 > 3D 니트","confirmed","tops","knit_sweater","knit_sweater","not_applicable","not_applicable","not_applicable","not_applicable","not_applicable","outerwear","cardigan","direct","true","preserved existing confirmed decision"
"uniqlo","WOMEN","95373","니트 & 가디건 > 니트 > 워셔블","confirmed","tops","knit_sweater","knit_sweater","not_applicable","not_applicable","not_applicable","not_applicable","not_applicable","outerwear","cardigan","direct","true","preserved existing confirmed decision"
"uniqlo","WOMEN","95375","니트 & 가디건 > 니트 > 가디건","confirmed","tops","cardigan","cardigan","not_applicable","not_applicable","not_applicable","not_applicable","not_applicable","outerwear","cardigan","direct","true","preserved existing confirmed decision"
"uniqlo","WOMEN","95378","니트 & 가디건 > 니트 > 터틀넥","confirmed","tops","knit_sweater","knit_sweater","not_applicable","not_applicable","not_applicable","not_applicable","not_applicable","outerwear","cardigan","direct","true","preserved existing confirmed decision"
"uniqlo","WOMEN","95367","니트 & 가디건 > 니트 > 수플레 얀","confirmed","tops","knit_sweater","knit_sweater","not_applicable","not_applicable","not_applicable","not_applicable","not_applicable","outerwear","cardigan","direct","true","preserved existing confirmed decision"
"uniqlo","WOMEN","95368","니트 & 가디건 > 니트 > 캐시미어","confirmed","tops","knit_sweater","knit_sweater","not_applicable","not_applicable","not_applicable","not_applicable","not_applicable","outerwear","cardigan","direct","true","preserved existing confirmed decision"
"uniqlo","WOMEN","95363","니트 & 가디건 > 니트 > KAWS WINTER","confirmed","tops","knit_sweater","knit_sweater","not_applicable","not_applicable","not_applicable","not_applicable","not_applicable","outerwear","cardigan","direct","true","preserved existing confirmed decision"
"uniqlo","WOMEN","95369","니트 & 가디건 > 니트 > 램스울","confirmed","tops","knit_sweater","knit_sweater","not_applicable","not_applicable","not_applicable","not_applicable","not_applicable","outerwear","cardigan","direct","true","preserved existing confirmed decision"
"uniqlo","WOMEN","101620","니트 & 가디건 > 니트 > Uniqlo U","confirmed","tops","knit_sweater","knit_sweater","not_applicable","not_applicable","not_applicable","not_applicable","not_applicable","outerwear","cardigan","direct","true","preserved existing confirmed decision"
"uniqlo","WOMEN","113375","니트 & 가디건 > 니트 > UNIQLO and COMPTOIR DES COTONNIERS","confirmed","tops","knit_sweater","knit_sweater","not_applicable","not_applicable","not_applicable","not_applicable","not_applicable","outerwear","cardigan","direct","true","preserved existing confirmed decision"
"uniqlo","WOMEN","136608","니트 & 가디건 > 니트 > 슬리브리스","confirmed","tops","knit_sweater","knit_sweater","sleeveless","not_applicable","not_applicable","not_applicable","not_applicable","tops","sleeveless","direct","true","preserved existing confirmed decision"
"uniqlo","WOMEN","95379","니트 & 가디건 > 니트 > 유니섹스","confirmed","tops","knit_sweater","knit_sweater","not_applicable","not_applicable","not_applicable","not_applicable","not_applicable","outerwear","cardigan","direct","true","preserved existing confirmed decision"
"uniqlo","WOMEN","102686","니트 & 가디건 > 니트 > GU","confirmed","tops","knit_sweater","knit_sweater","not_applicable","not_applicable","not_applicable","not_applicable","not_applicable","outerwear","cardigan","direct","true","preserved existing confirmed decision"
"uniqlo","WOMEN","135281","니트 & 가디건 > 가디건 > UV Protection","confirmed","tops","cardigan","cardigan","not_applicable","not_applicable","not_applicable","not_applicable","not_applicable","outerwear","cardigan","direct","true","preserved existing confirmed decision"
"uniqlo","WOMEN","128386","니트 & 가디건 > 가디건 > 케이블","confirmed","tops","cardigan","cardigan","not_applicable","not_applicable","not_applicable","not_applicable","not_applicable","outerwear","cardigan","direct","true","preserved existing confirmed decision"
"uniqlo","WOMEN","128382","니트 & 가디건 > 가디건 > 메리노","confirmed","tops","cardigan","cardigan","not_applicable","not_applicable","not_applicable","not_applicable","not_applicable","outerwear","cardigan","direct","true","preserved existing confirmed decision"
"uniqlo","WOMEN","128388","니트 & 가디건 > 가디건 > 그 외","confirmed","tops","cardigan","cardigan","not_applicable","not_applicable","not_applicable","not_applicable","not_applicable","outerwear","cardigan","direct","true","preserved existing confirmed decision"
"uniqlo","WOMEN","136609","니트 & 가디건 > 가디건 > 브이넥","confirmed","tops","cardigan","cardigan","not_applicable","not_applicable","not_applicable","not_applicable","not_applicable","outerwear","cardigan","direct","true","preserved existing confirmed decision"
"uniqlo","WOMEN","135282","니트 & 가디건 > 가디건 > 스무드 코튼","confirmed","tops","cardigan","cardigan","not_applicable","not_applicable","not_applicable","not_applicable","not_applicable","outerwear","cardigan","direct","true","preserved existing confirmed decision"
"uniqlo","WOMEN","128383","니트 & 가디건 > 가디건 > 수플레 얀","confirmed","tops","cardigan","cardigan","not_applicable","not_applicable","not_applicable","not_applicable","not_applicable","outerwear","cardigan","direct","true","preserved existing confirmed decision"
"uniqlo","WOMEN","128384","니트 & 가디건 > 가디건 > 캐시미어","confirmed","tops","cardigan","cardigan","not_applicable","not_applicable","not_applicable","not_applicable","not_applicable","outerwear","cardigan","direct","true","preserved existing confirmed decision"
"uniqlo","WOMEN","130723","니트 & 가디건 > 가디건 > 후리스","confirmed","tops","cardigan","cardigan","not_applicable","not_applicable","not_applicable","not_applicable","not_applicable","outerwear","cardigan","direct","true","preserved existing confirmed decision"
"uniqlo","WOMEN","128387","니트 & 가디건 > 가디건 > 유니섹스","confirmed","tops","cardigan","cardigan","not_applicable","not_applicable","not_applicable","not_applicable","not_applicable","outerwear","cardigan","direct","true","preserved existing confirmed decision"
"uniqlo","WOMEN","128389","니트 & 가디건 > 가디건 > GU","confirmed","tops","cardigan","cardigan","not_applicable","not_applicable","not_applicable","not_applicable","not_applicable","outerwear","cardigan","direct","true","preserved existing confirmed decision"
"uniqlo","WOMEN","98251","아우터 > 파카 & 블루종 > 포켓터블","review_required","","","","not_applicable","not_applicable","not_applicable","not_applicable","not_applicable","","","review_required","false","preserved existing review_required decision"
"uniqlo","WOMEN","98253","아우터 > 파카 & 블루종 > 재킷","review_required","","","","not_applicable","not_applicable","not_applicable","not_applicable","not_applicable","","","review_required","false","preserved existing review_required decision"
"uniqlo","WOMEN","58119","아우터 > 파카 & 블루종 > 파카","review_required","","","","not_applicable","not_applicable","not_applicable","not_applicable","not_applicable","","","review_required","false","preserved existing review_required decision"
"uniqlo","WOMEN","94951","아우터 > 파카 & 블루종 > 울트라 스트레치(액티브)","review_required","","","","not_applicable","not_applicable","not_applicable","not_applicable","not_applicable","","","review_required","false","preserved existing review_required decision"
"uniqlo","WOMEN","58122","아우터 > 파카 & 블루종 > 그 외","review_required","","","","not_applicable","not_applicable","not_applicable","not_applicable","not_applicable","","","review_required","false","preserved existing review_required decision"
"uniqlo","WOMEN","65614","아우터 > 파카 & 블루종 > Uniqlo U","review_required","","","","not_applicable","not_applicable","not_applicable","not_applicable","not_applicable","","","review_required","false","preserved existing review_required decision"
"uniqlo","WOMEN","62519","아우터 > 파카 & 블루종 > UNIQLO : C","review_required","","","","not_applicable","not_applicable","not_applicable","not_applicable","not_applicable","","","review_required","false","preserved existing review_required decision"
"uniqlo","WOMEN","62520","아우터 > 파카 & 블루종 > UNIQLO and JW ANDERSON","review_required","","","","not_applicable","not_applicable","not_applicable","not_applicable","not_applicable","","","review_required","false","preserved existing review_required decision"
"uniqlo","WOMEN","98252","아우터 > 파카 & 블루종 > 후리스","confirmed","outerwear","fleece_jacket","fleece_jacket","not_applicable","not_applicable","not_applicable","not_applicable","not_applicable","outerwear","fleece","direct","true","preserved existing confirmed decision"
"uniqlo","WOMEN","63073","아우터 > 파카 & 블루종 > 유니섹스","review_required","","","","not_applicable","not_applicable","not_applicable","not_applicable","not_applicable","","","review_required","false","preserved existing review_required decision"
"uniqlo","WOMEN","69641","아우터 > 파카 & 블루종 > UNIQLO x Marimekko","review_required","","","","not_applicable","not_applicable","not_applicable","not_applicable","not_applicable","","","review_required","false","preserved existing review_required decision"
"uniqlo","WOMEN","98393","아우터 > 파카 & 블루종 > 퍼프테크","confirmed","outerwear","puffer_jacket","puffer_jacket","not_applicable","not_applicable","not_applicable","not_applicable","not_applicable","outerwear","other_outerwear","direct","true","preserved existing confirmed decision"
"uniqlo","WOMEN","136606","아우터 > 파카 & 블루종 > GU","review_required","","","","not_applicable","not_applicable","not_applicable","not_applicable","not_applicable","","","review_required","false","preserved existing review_required decision"
"uniqlo","WOMEN","58125","아우터 > 재킷 & 코트 > 캐주얼 재킷","review_required","","","","not_applicable","not_applicable","not_applicable","not_applicable","not_applicable","","","review_required","false","preserved existing review_required decision"
"uniqlo","WOMEN","94952","아우터 > 재킷 & 코트 > 재킷","review_required","","","","not_applicable","not_applicable","not_applicable","not_applicable","not_applicable","","","review_required","false","preserved existing review_required decision"
"uniqlo","WOMEN","101617","아우터 > 재킷 & 코트 > Uniqlo U","review_required","","","","not_applicable","not_applicable","not_applicable","not_applicable","not_applicable","","","review_required","false","preserved existing review_required decision"
"uniqlo","WOMEN","58124","아우터 > 재킷 & 코트 > 감탄 재킷","review_required","","","","not_applicable","not_applicable","not_applicable","not_applicable","not_applicable","","","review_required","false","preserved existing review_required decision"
"uniqlo","WOMEN","62523","아우터 > 재킷 & 코트 > UNIQLO and JW ANDERSON","review_required","","","","not_applicable","not_applicable","not_applicable","not_applicable","not_applicable","","","review_required","false","preserved existing review_required decision"
"uniqlo","WOMEN","62521","아우터 > 재킷 & 코트 > UNIQLO and COMPTOIR DES COTONNIERS","review_required","","","","not_applicable","not_applicable","not_applicable","not_applicable","not_applicable","","","review_required","false","preserved existing review_required decision"
"uniqlo","WOMEN","58128","아우터 > 재킷 & 코트 > 그 외","review_required","","","","not_applicable","not_applicable","not_applicable","not_applicable","not_applicable","","","review_required","false","preserved existing review_required decision"
"uniqlo","WOMEN","63074","아우터 > 재킷 & 코트 > 유니섹스","review_required","","","","not_applicable","not_applicable","not_applicable","not_applicable","not_applicable","","","review_required","false","preserved existing review_required decision"
"uniqlo","WOMEN","124366","아우터 > 재킷 & 코트 > GU","review_required","","","","not_applicable","not_applicable","not_applicable","not_applicable","not_applicable","","","review_required","false","preserved existing review_required decision"
"uniqlo","WOMEN","100396","아우터 > 경량 패딩 (PUFFTECH) > 파카","confirmed","outerwear","puffer_jacket","puffer_jacket","not_applicable","not_applicable","not_applicable","not_applicable","not_applicable","outerwear","padding","direct","true","preserved existing confirmed decision"
"uniqlo","WOMEN","58132","아우터 > 경량 패딩 (PUFFTECH) > 재킷","confirmed","outerwear","puffer_jacket","puffer_jacket","not_applicable","not_applicable","not_applicable","not_applicable","not_applicable","outerwear","jacket","direct","true","preserved existing confirmed decision"
"uniqlo","WOMEN","58131","아우터 > 경량 패딩 (PUFFTECH) > 베스트","confirmed","outerwear","puffer_vest","puffer_vest","not_applicable","not_applicable","not_applicable","not_applicable","not_applicable","outerwear","vest","direct","true","preserved existing confirmed decision"
"uniqlo","WOMEN","98254","아우터 > 경량 패딩 (PUFFTECH) > 코트","confirmed","outerwear","coat","coat","not_applicable","not_applicable","not_applicable","not_applicable","not_applicable","outerwear","coat","direct","true","preserved existing confirmed decision"
"uniqlo","WOMEN","98255","아우터 > 경량 패딩 (PUFFTECH) > 컴팩트","confirmed","outerwear","puffer_jacket","puffer_jacket","not_applicable","not_applicable","not_applicable","not_applicable","not_applicable","outerwear","other_outerwear","direct","true","preserved existing confirmed decision"
"uniqlo","WOMEN","58130","아우터 > 경량 패딩 (PUFFTECH) > 퍼프테크","confirmed","outerwear","puffer_jacket","puffer_jacket","not_applicable","not_applicable","not_applicable","not_applicable","not_applicable","outerwear","other_outerwear","direct","true","preserved existing confirmed decision"
"uniqlo","WOMEN","58129","아우터 > 경량 패딩 (PUFFTECH) > 울트라 라이트 다운","confirmed","outerwear","puffer_jacket","puffer_jacket","not_applicable","not_applicable","not_applicable","not_applicable","not_applicable","outerwear","other_outerwear","direct","true","preserved existing confirmed decision"
"uniqlo","WOMEN","123529","아우터 > 경량 패딩 (PUFFTECH) > UNIQLO : C","confirmed","outerwear","puffer_jacket","puffer_jacket","not_applicable","not_applicable","not_applicable","not_applicable","not_applicable","outerwear","other_outerwear","direct","true","preserved existing confirmed decision"
"uniqlo","WOMEN","101618","아우터 > 경량 패딩 (PUFFTECH) > Uniqlo U","confirmed","outerwear","puffer_jacket","puffer_jacket","not_applicable","not_applicable","not_applicable","not_applicable","not_applicable","outerwear","other_outerwear","direct","true","preserved existing confirmed decision"
"uniqlo","WOMEN","58134","아우터 > 경량 패딩 (PUFFTECH) > 그 외","confirmed","outerwear","puffer_jacket","puffer_jacket","not_applicable","not_applicable","not_applicable","not_applicable","not_applicable","outerwear","other_outerwear","direct","true","preserved existing confirmed decision"
"uniqlo","WOMEN","63075","아우터 > 경량 패딩 (PUFFTECH) > 유니섹스","confirmed","outerwear","puffer_jacket","puffer_jacket","not_applicable","not_applicable","not_applicable","not_applicable","not_applicable","outerwear","other_outerwear","direct","true","preserved existing confirmed decision"
"uniqlo","WOMEN","149938","팬츠 > 배럴 레그 팬츠 > 저지","review_required","","","","not_applicable","not_applicable","not_applicable","not_applicable","not_applicable","","","review_required","false","preserved existing review_required decision"
"uniqlo","WOMEN","149934","팬츠 > 배럴 레그 팬츠 > 데님","confirmed","bottoms","denim_pants","standard_pants","not_applicable","not_applicable","not_applicable","not_applicable","not_applicable","bottoms","jeans","direct","true","preserved existing confirmed decision"
"uniqlo","WOMEN","149933","팬츠 > 배럴 레그 팬츠 > 그 외","review_required","","","","not_applicable","not_applicable","not_applicable","not_applicable","not_applicable","","","review_required","false","preserved existing review_required decision"
"uniqlo","WOMEN","149935","팬츠 > 배럴 레그 팬츠 > 긴 기장","review_required","","","","not_applicable","not_applicable","not_applicable","not_applicable","not_applicable","","","review_required","false","preserved existing review_required decision"
"uniqlo","WOMEN","149936","팬츠 > 배럴 레그 팬츠 > 유니섹스","review_required","","","","not_applicable","not_applicable","not_applicable","not_applicable","not_applicable","","","review_required","false","preserved existing review_required decision"
"uniqlo","WOMEN","114719","팬츠 > 쇼트 팬츠(반바지) > 데님","confirmed","bottoms","denim_pants","standard_pants","not_applicable","short_length","not_applicable","not_applicable","not_applicable","bottoms","jeans","direct","true","preserved existing confirmed decision"
"uniqlo","WOMEN","84787","팬츠 > 쇼트 팬츠(반바지) > 리넨","confirmed","","other_standard_pants","standard_pants","not_applicable","short_length","not_applicable","not_applicable","not_applicable","bottoms","","direct","true","preserved existing confirmed decision"
"uniqlo","WOMEN","58231","팬츠 > 쇼트 팬츠(반바지) > 반바지","confirmed","","other_standard_pants","standard_pants","not_applicable","short_length","not_applicable","not_applicable","not_applicable","bottoms","shorts","direct","true","preserved existing confirmed decision"
"uniqlo","WOMEN","141892","팬츠 > 쇼트 팬츠(반바지) > 큐롯","confirmed","","other_standard_pants","standard_pants","not_applicable","short_length","not_applicable","not_applicable","not_applicable","bottoms","","direct","true","preserved existing confirmed decision"
"uniqlo","WOMEN","119481","팬츠 > 쇼트 팬츠(반바지) > 액티브","confirmed","","other_standard_pants","standard_pants","not_applicable","short_length","not_applicable","not_applicable","not_applicable","bottoms","","direct","true","preserved existing confirmed decision"
"uniqlo","WOMEN","96370","팬츠 > 쇼트 팬츠(반바지) > 스코츠","confirmed","","other_standard_pants","standard_pants","not_applicable","short_length","not_applicable","not_applicable","not_applicable","skirts","skirt","direct","true","preserved existing confirmed decision"
"uniqlo","WOMEN","61228","팬츠 > 쇼트 팬츠(반바지) > 버뮤다","confirmed","","other_standard_pants","standard_pants","not_applicable","short_length","not_applicable","not_applicable","not_applicable","bottoms","shorts","direct","true","preserved existing confirmed decision"
"uniqlo","WOMEN","123155","팬츠 > 쇼트 팬츠(반바지) > RELACO(7부)","confirmed","","other_standard_pants","standard_pants","not_applicable","three_quarter_length","not_applicable","not_applicable","not_applicable","bottoms","three_quarter_pants","direct","true","preserved existing confirmed decision"
"uniqlo","WOMEN","63087","팬츠 > 쇼트 팬츠(반바지) > 유니섹스","confirmed","","other_standard_pants","standard_pants","not_applicable","short_length","not_applicable","not_applicable","not_applicable","bottoms","","direct","true","preserved existing confirmed decision"
"uniqlo","WOMEN","62572","팬츠 > 쇼트 팬츠(반바지) > 그 외","confirmed","","other_standard_pants","standard_pants","not_applicable","short_length","not_applicable","not_applicable","not_applicable","bottoms","","direct","true","preserved existing confirmed decision"
"uniqlo","WOMEN","124363","팬츠 > 쇼트 팬츠(반바지) > GU","confirmed","","other_standard_pants","standard_pants","not_applicable","short_length","not_applicable","not_applicable","not_applicable","bottoms","","direct","true","preserved existing confirmed decision"
"uniqlo","WOMEN","115018","팬츠 > 쇼트 팬츠(반바지) > UNIQLO : C","confirmed","","other_standard_pants","standard_pants","not_applicable","short_length","not_applicable","not_applicable","not_applicable","bottoms","","direct","true","preserved existing confirmed decision"
"uniqlo","WOMEN","81718","팬츠 > 캐주얼 팬츠 > 유틸리티(커브ㆍ카고)","confirmed","bottoms","cargo_pants","standard_pants","not_applicable","not_applicable","not_applicable","not_applicable","not_applicable","bottoms","cargo_utility","direct","true","preserved existing confirmed decision"
"uniqlo","WOMEN","87954","팬츠 > 캐주얼 팬츠 > 이지(허리 밴딩)","review_required","","","","not_applicable","not_applicable","not_applicable","not_applicable","not_applicable","","","review_required","false","preserved existing review_required decision"
"uniqlo","WOMEN","58204","팬츠 > 캐주얼 팬츠 > 울트라 스트레치","review_required","","","","not_applicable","not_applicable","not_applicable","not_applicable","not_applicable","","","review_required","false","preserved existing review_required decision"
"uniqlo","WOMEN","58206","팬츠 > 캐주얼 팬츠 > 큐롯","review_required","","","","not_applicable","not_applicable","not_applicable","not_applicable","not_applicable","","","review_required","false","preserved existing review_required decision"
"uniqlo","WOMEN","58205","팬츠 > 캐주얼 팬츠 > 리넨","review_required","","","","not_applicable","not_applicable","not_applicable","not_applicable","not_applicable","","","review_required","false","preserved existing review_required decision"
"uniqlo","WOMEN","103994","팬츠 > 캐주얼 팬츠 > 스웨트","confirmed","bottoms","sweat_jogger_pants","standard_pants","not_applicable","not_applicable","not_applicable","not_applicable","not_applicable","bottoms","casual_pants","direct","true","preserved existing confirmed decision"
"uniqlo","WOMEN","125774","팬츠 > 캐주얼 팬츠 > 코튼 앵클","review_required","","","","not_applicable","not_applicable","not_applicable","not_applicable","not_applicable","","","review_required","false","preserved existing review_required decision"
"uniqlo","WOMEN","63084","팬츠 > 캐주얼 팬츠 > 웜 팬츠","review_required","","","","not_applicable","not_applicable","not_applicable","not_applicable","not_applicable","","","review_required","false","preserved existing review_required decision"
"uniqlo","WOMEN","63085","팬츠 > 캐주얼 팬츠 > 유니섹스","review_required","","","","not_applicable","not_applicable","not_applicable","not_applicable","not_applicable","","","review_required","false","preserved existing review_required decision"
"uniqlo","WOMEN","147619","팬츠 > 캐주얼 팬츠 > 립","review_required","","","","not_applicable","not_applicable","not_applicable","not_applicable","not_applicable","","","review_required","false","preserved existing review_required decision"
"uniqlo","WOMEN","125806","팬츠 > 캐주얼 팬츠 > 워셔블 니트","review_required","","","","not_applicable","not_applicable","not_applicable","not_applicable","not_applicable","","","review_required","false","preserved existing review_required decision"
"uniqlo","WOMEN","58208","팬츠 > 캐주얼 팬츠 > 그 외","review_required","","","","not_applicable","not_applicable","not_applicable","not_applicable","not_applicable","","","review_required","false","preserved existing review_required decision"
"uniqlo","WOMEN","124362","팬츠 > 캐주얼 팬츠 > GU","review_required","","","","not_applicable","not_applicable","not_applicable","not_applicable","not_applicable","","","review_required","false","preserved existing review_required decision"
"uniqlo","WOMEN","131453","팬츠 > 캐주얼 팬츠 > 후리스","confirmed","bottoms","casual_pants","standard_pants","not_applicable","not_applicable","not_applicable","not_applicable","not_applicable","bottoms","casual_pants","direct","true","preserved existing confirmed decision"
"uniqlo","WOMEN","62569","팬츠 > 캐주얼 팬츠 > UNIQLO : C","review_required","","","","not_applicable","not_applicable","not_applicable","not_applicable","not_applicable","","","review_required","false","preserved existing review_required decision"
"uniqlo","WOMEN","62566","팬츠 > 캐주얼 팬츠 > Uniqlo U","review_required","","","","not_applicable","not_applicable","not_applicable","not_applicable","not_applicable","","","review_required","false","preserved existing review_required decision"
"uniqlo","WOMEN","62567","팬츠 > 캐주얼 팬츠 > UNIQLO and COMPTOIR DES COTONNIERS","review_required","","","","not_applicable","not_applicable","not_applicable","not_applicable","not_applicable","","","review_required","false","preserved existing review_required decision"
"uniqlo","WOMEN","58193","팬츠 > 와이드 팬츠 > 유틸리티(커브ㆍ카고)","confirmed","bottoms","cargo_pants","standard_pants","not_applicable","not_applicable","not_applicable","not_applicable","not_applicable","bottoms","cargo_utility","direct","true","preserved existing confirmed decision"
"uniqlo","WOMEN","96140","팬츠 > 와이드 팬츠 > 이지(허리 밴딩)","review_required","","","","not_applicable","not_applicable","not_applicable","not_applicable","not_applicable","","","review_required","false","preserved existing review_required decision"
"uniqlo","WOMEN","58190","팬츠 > 와이드 팬츠 > 데님","confirmed","bottoms","denim_pants","standard_pants","not_applicable","not_applicable","not_applicable","not_applicable","not_applicable","bottoms","jeans","direct","true","preserved existing confirmed decision"
"uniqlo","WOMEN","58189","팬츠 > 와이드 팬츠 > 슬랙스","confirmed","bottoms","slacks_trousers","standard_pants","not_applicable","not_applicable","not_applicable","not_applicable","not_applicable","bottoms","slacks_trousers","direct","true","preserved existing confirmed decision"
"uniqlo","WOMEN","96139","팬츠 > 와이드 팬츠 > 치노","review_required","","","","not_applicable","not_applicable","not_applicable","not_applicable","not_applicable","","","review_required","false","preserved existing review_required decision"
"uniqlo","WOMEN","148875","팬츠 > 와이드 팬츠 > 스웨트","confirmed","bottoms","sweat_jogger_pants","standard_pants","not_applicable","not_applicable","not_applicable","not_applicable","not_applicable","bottoms","casual_pants","direct","true","preserved existing confirmed decision"
"uniqlo","WOMEN","136615","팬츠 > 와이드 팬츠 > 긴 기장","review_required","","","","not_applicable","not_applicable","not_applicable","not_applicable","not_applicable","","","review_required","false","preserved existing review_required decision"
"uniqlo","WOMEN","63081","팬츠 > 와이드 팬츠 > 유니섹스","review_required","","","","not_applicable","not_applicable","not_applicable","not_applicable","not_applicable","","","review_required","false","preserved existing review_required decision"
"uniqlo","WOMEN","103250","팬츠 > 와이드 팬츠 > UNIQLO and JW ANDERSON","review_required","","","","not_applicable","not_applicable","not_applicable","not_applicable","not_applicable","","","review_required","false","preserved existing review_required decision"
"uniqlo","WOMEN","65647","팬츠 > 와이드 팬츠 > UNIQLO : C","review_required","","","","not_applicable","not_applicable","not_applicable","not_applicable","not_applicable","","","review_required","false","preserved existing review_required decision"
"uniqlo","WOMEN","94118","팬츠 > 와이드 팬츠 > 그 외","review_required","","","","not_applicable","not_applicable","not_applicable","not_applicable","not_applicable","","","review_required","false","preserved existing review_required decision"
"uniqlo","WOMEN","124361","팬츠 > 와이드 팬츠 > GU","review_required","","","","not_applicable","not_applicable","not_applicable","not_applicable","not_applicable","","","review_required","false","preserved existing review_required decision"
"uniqlo","WOMEN","61227","팬츠 > 와이드 팬츠 > Uniqlo U","review_required","","","","not_applicable","not_applicable","not_applicable","not_applicable","not_applicable","","","review_required","false","preserved existing review_required decision"
"uniqlo","WOMEN","102591","팬츠 > 와이드 팬츠 > UNIQLO and COMPTOIR DES COTONNIERS","review_required","","","","not_applicable","not_applicable","not_applicable","not_applicable","not_applicable","","","review_required","false","preserved existing review_required decision"
"uniqlo","WOMEN","63082","팬츠 > 진(청바지) > 배기","confirmed","bottoms","denim_pants","standard_pants","not_applicable","long_length","not_applicable","not_applicable","not_applicable","bottoms","jeans","direct","true","preserved existing confirmed decision"
"uniqlo","WOMEN","94357","팬츠 > 진(청바지) > 와이드","confirmed","bottoms","denim_pants","standard_pants","not_applicable","long_length","not_applicable","not_applicable","not_applicable","bottoms","jeans","direct","true","preserved existing confirmed decision"
"uniqlo","WOMEN","107786","팬츠 > 진(청바지) > UNIQLO and JW ANDERSON","confirmed","bottoms","denim_pants","standard_pants","not_applicable","long_length","not_applicable","not_applicable","not_applicable","bottoms","jeans","direct","true","preserved existing confirmed decision"
"uniqlo","WOMEN","149272","팬츠 > 진(청바지) > 레귤러","confirmed","bottoms","denim_pants","standard_pants","not_applicable","long_length","not_applicable","not_applicable","not_applicable","bottoms","jeans","direct","true","preserved existing confirmed decision"
"uniqlo","WOMEN","123154","팬츠 > 진(청바지) > 슬림","confirmed","bottoms","denim_pants","standard_pants","not_applicable","long_length","not_applicable","not_applicable","not_applicable","bottoms","jeans","direct","true","preserved existing confirmed decision"
"uniqlo","WOMEN","58196","팬츠 > 진(청바지) > 스키니","confirmed","bottoms","denim_pants","standard_pants","not_applicable","long_length","not_applicable","not_applicable","not_applicable","bottoms","jeans","direct","true","preserved existing confirmed decision"
"uniqlo","WOMEN","65648","팬츠 > 진(청바지) > UNIQLO : C","confirmed","bottoms","denim_pants","standard_pants","not_applicable","long_length","not_applicable","not_applicable","not_applicable","bottoms","jeans","direct","true","preserved existing confirmed decision"
"uniqlo","WOMEN","58199","팬츠 > 진(청바지) > 그 외","confirmed","bottoms","denim_pants","standard_pants","not_applicable","long_length","not_applicable","not_applicable","not_applicable","bottoms","jeans","direct","true","preserved existing confirmed decision"
"uniqlo","WOMEN","61225","팬츠 > 진(청바지) > Uniqlo U","confirmed","bottoms","denim_pants","standard_pants","not_applicable","long_length","not_applicable","not_applicable","not_applicable","bottoms","jeans","direct","true","preserved existing confirmed decision"
"uniqlo","WOMEN","62564","팬츠 > 진(청바지) > 히트텍","confirmed","bottoms","denim_pants","standard_pants","not_applicable","long_length","not_applicable","not_applicable","not_applicable","bottoms","jeans","direct","true","preserved existing confirmed decision"
"uniqlo","WOMEN","63083","팬츠 > 진(청바지) > 유니섹스","confirmed","bottoms","denim_pants","standard_pants","not_applicable","long_length","not_applicable","not_applicable","not_applicable","bottoms","jeans","direct","true","preserved existing confirmed decision"
"uniqlo","WOMEN","125113","팬츠 > 진(청바지) > GU","confirmed","bottoms","denim_pants","standard_pants","not_applicable","long_length","not_applicable","not_applicable","not_applicable","bottoms","jeans","direct","true","preserved existing confirmed decision"
"uniqlo","WOMEN","149275","팬츠 > 진(청바지) > 긴 기장","confirmed","bottoms","denim_pants","standard_pants","not_applicable","long_length","not_applicable","not_applicable","not_applicable","bottoms","jeans","direct","true","preserved existing confirmed decision"
"uniqlo","WOMEN","58221","팬츠 > 슬랙스(트라우저) > 스마트 팬츠","confirmed","bottoms","slacks_trousers","standard_pants","not_applicable","not_applicable","not_applicable","not_applicable","not_applicable","bottoms","slacks_trousers","direct","true","preserved existing confirmed decision"
"uniqlo","WOMEN","98295","팬츠 > 슬랙스(트라우저) > 와이드 팬츠","confirmed","bottoms","slacks_trousers","standard_pants","not_applicable","not_applicable","not_applicable","not_applicable","not_applicable","bottoms","slacks_trousers","direct","true","preserved existing confirmed decision"
"uniqlo","WOMEN","58224","팬츠 > 슬랙스(트라우저) > 그 외","confirmed","bottoms","slacks_trousers","standard_pants","not_applicable","not_applicable","not_applicable","not_applicable","not_applicable","bottoms","slacks_trousers","direct","true","preserved existing confirmed decision"
"uniqlo","WOMEN","100076","팬츠 > 슬랙스(트라우저) > UNIQLO : C","confirmed","bottoms","slacks_trousers","standard_pants","not_applicable","not_applicable","not_applicable","not_applicable","not_applicable","bottoms","slacks_trousers","direct","true","preserved existing confirmed decision"
"uniqlo","WOMEN","102592","팬츠 > 슬랙스(트라우저) > UNIQLO and COMPTOIR DES COTONNIERS","confirmed","bottoms","slacks_trousers","standard_pants","not_applicable","not_applicable","not_applicable","not_applicable","not_applicable","bottoms","slacks_trousers","direct","true","preserved existing confirmed decision"
"uniqlo","WOMEN","123762","팬츠 > 슬랙스(트라우저) > 플레어","confirmed","bottoms","slacks_trousers","standard_pants","not_applicable","not_applicable","not_applicable","not_applicable","not_applicable","bottoms","slacks_trousers","direct","true","preserved existing confirmed decision"
"uniqlo","WOMEN","58222","팬츠 > 슬랙스(트라우저) > 감탄 팬츠","confirmed","bottoms","slacks_trousers","standard_pants","not_applicable","not_applicable","not_applicable","not_applicable","not_applicable","bottoms","slacks_trousers","direct","true","preserved existing confirmed decision"
"uniqlo","WOMEN","98296","팬츠 > 슬랙스(트라우저) > 테이퍼드 팬츠","confirmed","bottoms","slacks_trousers","standard_pants","not_applicable","not_applicable","not_applicable","not_applicable","not_applicable","bottoms","slacks_trousers","direct","true","preserved existing confirmed decision"
"uniqlo","WOMEN","62570","팬츠 > 슬랙스(트라우저) > 웜 팬츠(기모)","confirmed","bottoms","slacks_trousers","standard_pants","not_applicable","not_applicable","not_applicable","not_applicable","not_applicable","bottoms","slacks_trousers","direct","true","preserved existing confirmed decision"
"uniqlo","WOMEN","98297","팬츠 > 슬랙스(트라우저) > 셋업","confirmed","bottoms","slacks_trousers","standard_pants","not_applicable","not_applicable","not_applicable","not_applicable","not_applicable","bottoms","slacks_trousers","direct","true","preserved existing confirmed decision"
"uniqlo","WOMEN","117301","팬츠 > 스웨트 팬츠 & 조거 팬츠 > 조거 팬츠","confirmed","bottoms","sweat_jogger_pants","standard_pants","not_applicable","not_applicable","not_applicable","not_applicable","not_applicable","bottoms","sweat_jogger","direct","true","preserved existing confirmed decision"
"uniqlo","WOMEN","63086","팬츠 > 스웨트 팬츠 & 조거 팬츠 > 유니섹스","confirmed","bottoms","sweat_jogger_pants","standard_pants","not_applicable","not_applicable","not_applicable","not_applicable","not_applicable","bottoms","sweat_jogger","direct","true","preserved existing confirmed decision"
"uniqlo","WOMEN","58209","팬츠 > 스웨트 팬츠 & 조거 팬츠 > 스웨트","confirmed","bottoms","sweat_jogger_pants","standard_pants","not_applicable","not_applicable","not_applicable","not_applicable","not_applicable","bottoms","sweat_jogger","direct","true","preserved existing confirmed decision"
"uniqlo","WOMEN","58210","팬츠 > 스웨트 팬츠 & 조거 팬츠 > 드라이 스웨트","confirmed","tops","sweatshirt","sweatshirt","not_applicable","not_applicable","not_applicable","not_applicable","not_applicable","bottoms","sweat_jogger","direct","true","preserved existing confirmed decision"
"uniqlo","WOMEN","98298","팬츠 > 스웨트 팬츠 & 조거 팬츠 > 보아 스웨트","confirmed","tops","sweatshirt","sweatshirt","not_applicable","not_applicable","not_applicable","not_applicable","not_applicable","bottoms","sweat_jogger","direct","true","preserved existing confirmed decision"
"uniqlo","WOMEN","58212","팬츠 > 스웨트 팬츠 & 조거 팬츠 > 그 외","confirmed","bottoms","sweat_jogger_pants","standard_pants","not_applicable","not_applicable","not_applicable","not_applicable","not_applicable","bottoms","sweat_jogger","direct","true","preserved existing confirmed decision"
"uniqlo","WOMEN","58226","팬츠 > 레깅스 > 에어리즘","confirmed","leggings","leggings","leggings","not_applicable","not_applicable","not_applicable","not_applicable","not_applicable","leggings","other_leggings","direct","true","preserved existing confirmed decision"
"uniqlo","WOMEN","58225","팬츠 > 레깅스 > 울트라 스트레치","confirmed","leggings","leggings","leggings","not_applicable","not_applicable","not_applicable","not_applicable","not_applicable","leggings","other_leggings","direct","true","preserved existing confirmed decision"
"uniqlo","WOMEN","66013","팬츠 > 레깅스 > Uniqlo U","confirmed","leggings","leggings","leggings","not_applicable","not_applicable","not_applicable","not_applicable","not_applicable","leggings","other_leggings","direct","true","preserved existing confirmed decision"
"uniqlo","WOMEN","58227","팬츠 > 레깅스 > 크롭 팬츠","confirmed","leggings","leggings","leggings","not_applicable","cropped_length","not_applicable","not_applicable","not_applicable","leggings","other_leggings","direct","true","preserved existing confirmed decision"
"uniqlo","WOMEN","62571","팬츠 > 레깅스 > 히트텍 팬츠","confirmed","leggings","leggings","leggings","not_applicable","not_applicable","not_applicable","not_applicable","not_applicable","leggings","other_leggings","direct","true","preserved existing confirmed decision"
"uniqlo","WOMEN","58229","팬츠 > 레깅스 > 그 외","confirmed","leggings","leggings","leggings","not_applicable","not_applicable","not_applicable","not_applicable","not_applicable","leggings","other_leggings","direct","true","preserved existing confirmed decision"
"uniqlo","WOMEN","58243","원피스 & 스커트 > 원피스 > 슬리브리스 원피스","rejected","","","","not_applicable","not_applicable","not_applicable","not_applicable","not_applicable","","","rejected","false","preserved existing rejected decision"
"uniqlo","WOMEN","58232","원피스 & 스커트 > 원피스 > AIRism 원피스","rejected","","","","not_applicable","not_applicable","not_applicable","not_applicable","not_applicable","","","rejected","false","preserved existing rejected decision"
"uniqlo","WOMEN","58242","원피스 & 스커트 > 원피스 > 반팔원피스","rejected","","","","not_applicable","not_applicable","not_applicable","not_applicable","not_applicable","","","rejected","false","preserved existing rejected decision"
"uniqlo","WOMEN","58238","원피스 & 스커트 > 원피스 > 브라 원피스","rejected","","","","not_applicable","not_applicable","not_applicable","not_applicable","not_applicable","","","rejected","false","preserved existing rejected decision"
"uniqlo","WOMEN","58234","원피스 & 스커트 > 원피스 > 코튼 원피스","rejected","","","","not_applicable","not_applicable","not_applicable","not_applicable","not_applicable","","","rejected","false","preserved existing rejected decision"
"uniqlo","WOMEN","112141","원피스 & 스커트 > 원피스 > 리넨 블렌드 원피스","rejected","","","","not_applicable","not_applicable","not_applicable","not_applicable","not_applicable","","","rejected","false","preserved existing rejected decision"
"uniqlo","WOMEN","58240","원피스 & 스커트 > 원피스 > UNIQLO and Cecilie bahnsen","review_required","","","","not_applicable","not_applicable","not_applicable","not_applicable","not_applicable","","","review_required","false","preserved existing review_required decision"
"uniqlo","WOMEN","58244","원피스 & 스커트 > 원피스 > 그 외","review_required","","","","not_applicable","not_applicable","not_applicable","not_applicable","not_applicable","","","review_required","false","preserved existing review_required decision"
"uniqlo","WOMEN","62576","원피스 & 스커트 > 원피스 > UNIQLO and JW ANDERSON","review_required","","","","not_applicable","not_applicable","not_applicable","not_applicable","not_applicable","","","review_required","false","preserved existing review_required decision"
"uniqlo","WOMEN","62574","원피스 & 스커트 > 원피스 > Uniqlo U","review_required","","","","not_applicable","not_applicable","not_applicable","not_applicable","not_applicable","","","review_required","false","preserved existing review_required decision"
"uniqlo","WOMEN","58241","원피스 & 스커트 > 원피스 > 긴팔원피스","rejected","","","","not_applicable","not_applicable","not_applicable","not_applicable","not_applicable","","","rejected","false","preserved existing rejected decision"
"uniqlo","WOMEN","124364","원피스 & 스커트 > 원피스 > GU","review_required","","","","not_applicable","not_applicable","not_applicable","not_applicable","not_applicable","","","review_required","false","preserved existing review_required decision"
"uniqlo","WOMEN","98307","원피스 & 스커트 > 원피스 > 니트 원피스","rejected","","","","not_applicable","not_applicable","not_applicable","not_applicable","not_applicable","","","rejected","false","preserved existing rejected decision"
"uniqlo","WOMEN","62575","원피스 & 스커트 > 원피스 > UNIQLO : C","review_required","","","","not_applicable","not_applicable","not_applicable","not_applicable","not_applicable","","","review_required","false","preserved existing review_required decision"
"uniqlo","WOMEN","58247","원피스 & 스커트 > 스커트 > 플레어","confirmed","skirts","skirt","skirt","not_applicable","not_applicable","not_applicable","not_applicable","not_applicable","skirts","skirt","direct","true","preserved existing confirmed decision"
"uniqlo","WOMEN","58245","원피스 & 스커트 > 스커트 > 롱 (맥시)","confirmed","skirts","skirt","skirt","not_applicable","not_applicable","not_applicable","not_applicable","long_body","skirts","skirt","direct","true","preserved existing confirmed decision"
"uniqlo","WOMEN","96141","원피스 & 스커트 > 스커트 > 스코츠","confirmed","skirts","skirt","skirt","not_applicable","not_applicable","not_applicable","not_applicable","not_applicable","skirts","skirt","direct","true","preserved existing confirmed decision"
"uniqlo","WOMEN","58246","원피스 & 스커트 > 스커트 > 플리츠","confirmed","skirts","skirt","skirt","not_applicable","not_applicable","not_applicable","not_applicable","not_applicable","skirts","skirt","direct","true","preserved existing confirmed decision"
"uniqlo","WOMEN","96142","원피스 & 스커트 > 스커트 > 미디","confirmed","skirts","skirt","skirt","not_applicable","not_applicable","not_applicable","not_applicable","medium_body","skirts","skirt","direct","true","preserved existing confirmed decision"
"uniqlo","WOMEN","59443","원피스 & 스커트 > 스커트 > 리넨","confirmed","skirts","skirt","skirt","not_applicable","not_applicable","not_applicable","not_applicable","not_applicable","skirts","skirt","direct","true","preserved existing confirmed decision"
"uniqlo","WOMEN","58249","원피스 & 스커트 > 스커트 > 짧은 기장","confirmed","skirts","skirt","skirt","not_applicable","not_applicable","not_applicable","not_applicable","not_applicable","skirts","skirt","direct","true","preserved existing confirmed decision"
"uniqlo","WOMEN","122475","원피스 & 스커트 > 스커트 > 미니","confirmed","skirts","skirt","skirt","not_applicable","not_applicable","not_applicable","not_applicable","short_body","skirts","skirt","direct","true","preserved existing confirmed decision"
"uniqlo","WOMEN","62577","원피스 & 스커트 > 스커트 > UNIQLO and COMPTOIR DES COTONNIERS","confirmed","skirts","skirt","skirt","not_applicable","not_applicable","not_applicable","not_applicable","not_applicable","skirts","skirt","direct","true","preserved existing confirmed decision"
"uniqlo","WOMEN","65747","원피스 & 스커트 > 스커트 > UNIQLO and JW ANDERSON","confirmed","skirts","skirt","skirt","not_applicable","not_applicable","not_applicable","not_applicable","not_applicable","skirts","skirt","direct","true","preserved existing confirmed decision"
"uniqlo","WOMEN","65746","원피스 & 스커트 > 스커트 > Uniqlo U","confirmed","skirts","skirt","skirt","not_applicable","not_applicable","not_applicable","not_applicable","not_applicable","skirts","skirt","direct","true","preserved existing confirmed decision"
"uniqlo","WOMEN","62578","원피스 & 스커트 > 스커트 > UNIQLO : C","confirmed","skirts","skirt","skirt","not_applicable","not_applicable","not_applicable","not_applicable","not_applicable","skirts","skirt","direct","true","preserved existing confirmed decision"
"uniqlo","WOMEN","58250","원피스 & 스커트 > 스커트 > 그 외","confirmed","skirts","skirt","skirt","not_applicable","not_applicable","not_applicable","not_applicable","not_applicable","skirts","skirt","direct","true","preserved existing confirmed decision"
"uniqlo","WOMEN","124365","원피스 & 스커트 > 스커트 > GU","confirmed","skirts","skirt","skirt","not_applicable","not_applicable","not_applicable","not_applicable","not_applicable","skirts","skirt","direct","true","preserved existing confirmed decision"
"uniqlo","WOMEN","58280","이너웨어 > 에어리즘 > 브라탑","rejected","","","","not_applicable","not_applicable","not_applicable","not_applicable","not_applicable","","","rejected","false","preserved existing rejected decision"
"uniqlo","WOMEN","58272","이너웨어 > 에어리즘 > 에어리즘","review_required","","","","not_applicable","not_applicable","not_applicable","not_applicable","not_applicable","","","review_required","false","preserved existing review_required decision"
"uniqlo","WOMEN","58278","이너웨어 > 에어리즘 > 속바지","review_required","","","","not_applicable","not_applicable","not_applicable","not_applicable","not_applicable","","","review_required","false","preserved existing review_required decision"
"uniqlo","WOMEN","58281","이너웨어 > 에어리즘 > 브라","rejected","","","","not_applicable","not_applicable","not_applicable","not_applicable","not_applicable","","","rejected","false","preserved existing rejected decision"
"uniqlo","WOMEN","144485","이너웨어 > 에어리즘 > 쇼츠","review_required","","","","not_applicable","not_applicable","not_applicable","not_applicable","not_applicable","","","review_required","false","preserved existing review_required decision"
"uniqlo","WOMEN","58283","이너웨어 > 에어리즘 > 쇼츠 (힙허거)","review_required","","","","not_applicable","not_applicable","not_applicable","not_applicable","not_applicable","","","review_required","false","preserved existing review_required decision"
"uniqlo","WOMEN","58282","이너웨어 > 에어리즘 > 쇼츠 (저스트 웨이스트)","review_required","","","","not_applicable","not_applicable","not_applicable","not_applicable","not_applicable","","","review_required","false","preserved existing review_required decision"
"uniqlo","WOMEN","58285","이너웨어 > 에어리즘 > 바디쉐이퍼","review_required","","","","not_applicable","not_applicable","not_applicable","not_applicable","not_applicable","","","review_required","false","preserved existing review_required decision"
"uniqlo","WOMEN","58279","이너웨어 > 에어리즘 > 레깅스","confirmed","leggings","leggings","leggings","not_applicable","not_applicable","not_applicable","not_applicable","not_applicable","underwear","underwear","direct","true","preserved existing confirmed decision"
"uniqlo","WOMEN","58275","이너웨어 > 에어리즘 > 캐미솔","confirmed","tops","tank_top","tank_top","sleeveless","not_applicable","not_applicable","not_applicable","not_applicable","underwear","women_camisole","direct","true","preserved existing confirmed decision"
"uniqlo","WOMEN","58274","이너웨어 > 에어리즘 > 탱크탑","confirmed","tops","tank_top","tank_top","sleeveless","not_applicable","not_applicable","not_applicable","not_applicable","underwear","underwear","direct","true","preserved existing confirmed decision"
"uniqlo","WOMEN","58276","이너웨어 > 에어리즘 > 반팔","review_required","","","","not_applicable","not_applicable","not_applicable","not_applicable","not_applicable","","","review_required","false","preserved existing review_required decision"
"uniqlo","WOMEN","58277","이너웨어 > 에어리즘 > 긴팔","review_required","","","","not_applicable","not_applicable","not_applicable","not_applicable","not_applicable","","","review_required","false","preserved existing review_required decision"
"uniqlo","WOMEN","58286","이너웨어 > 에어리즘 > 그 외","review_required","","","","not_applicable","not_applicable","not_applicable","not_applicable","not_applicable","","","review_required","false","preserved existing review_required decision"
"uniqlo","WOMEN","58273","이너웨어 > 에어리즘 > 코튼","review_required","","","","not_applicable","not_applicable","not_applicable","not_applicable","not_applicable","","","review_required","false","preserved existing review_required decision"
"uniqlo","WOMEN","58284","이너웨어 > 에어리즘 > 쇼츠 (비키니)","review_required","","","","not_applicable","not_applicable","not_applicable","not_applicable","not_applicable","","","review_required","false","preserved existing review_required decision"
"uniqlo","WOMEN","58306","이너웨어 > 브라탑 > 코튼","rejected","","","","not_applicable","not_applicable","not_applicable","not_applicable","not_applicable","","","rejected","false","preserved existing rejected decision"
"uniqlo","WOMEN","58304","이너웨어 > 브라탑 > 에어리즘","rejected","","","","not_applicable","not_applicable","not_applicable","not_applicable","not_applicable","","","rejected","false","preserved existing rejected decision"
"uniqlo","WOMEN","58311","이너웨어 > 브라탑 > 그 외","rejected","","","","not_applicable","not_applicable","not_applicable","not_applicable","not_applicable","","","rejected","false","preserved existing rejected decision"
"uniqlo","WOMEN","58308","이너웨어 > 브라탑 > 브라 탱크탑","rejected","","","","not_applicable","not_applicable","not_applicable","not_applicable","not_applicable","","","rejected","false","preserved existing rejected decision"
"uniqlo","WOMEN","58309","이너웨어 > 브라탑 > 브라 캐미솔","rejected","","","","not_applicable","not_applicable","not_applicable","not_applicable","not_applicable","","","rejected","false","preserved existing rejected decision"
"uniqlo","WOMEN","58307","이너웨어 > 브라탑 > 히트텍","rejected","","","","not_applicable","not_applicable","not_applicable","not_applicable","not_applicable","","","rejected","false","preserved existing rejected decision"
"uniqlo","WOMEN","58301","이너웨어 > 와이어리스 브라 > 3D 홀드","rejected","","","","not_applicable","not_applicable","not_applicable","not_applicable","not_applicable","","","rejected","false","preserved existing rejected decision"
"uniqlo","WOMEN","58300","이너웨어 > 와이어리스 브라 > 릴랙스","rejected","","","","not_applicable","not_applicable","not_applicable","not_applicable","not_applicable","","","rejected","false","preserved existing rejected decision"
"uniqlo","WOMEN","62585","이너웨어 > 와이어리스 브라 > 코튼","rejected","","","","not_applicable","not_applicable","not_applicable","not_applicable","not_applicable","","","rejected","false","preserved existing rejected decision"
"uniqlo","WOMEN","112674","이너웨어 > 와이어리스 브라 > 액티브","rejected","","","","not_applicable","not_applicable","not_applicable","not_applicable","not_applicable","","","rejected","false","preserved existing rejected decision"
"uniqlo","WOMEN","58303","이너웨어 > 와이어리스 브라 > 스트레치 홀드","rejected","","","","not_applicable","not_applicable","not_applicable","not_applicable","not_applicable","","","rejected","false","preserved existing rejected decision"
"uniqlo","WOMEN","65812","이너웨어 > 와이어리스 브라 > UNIQLO and PRINCESSE tam・tam","rejected","","","","not_applicable","not_applicable","not_applicable","not_applicable","not_applicable","","","rejected","false","preserved existing rejected decision"
"uniqlo","WOMEN","149274","이너웨어 > 와이어리스 브라 > 그 외","rejected","","","","not_applicable","not_applicable","not_applicable","not_applicable","not_applicable","","","rejected","false","preserved existing rejected decision"
"uniqlo","WOMEN","141499","이너웨어 > 코튼 이너탑 > 탱크탑","confirmed","tops","tank_top","tank_top","sleeveless","not_applicable","not_applicable","not_applicable","not_applicable","underwear","underwear","direct","true","preserved existing confirmed decision"
"uniqlo","WOMEN","141498","이너웨어 > 코튼 이너탑 > 캐미솔","confirmed","tops","tank_top","tank_top","sleeveless","not_applicable","not_applicable","not_applicable","not_applicable","underwear","women_camisole","direct","true","preserved existing confirmed decision"
"uniqlo","WOMEN","58312","이너웨어 > 언더웨어 > 심리스","rejected","","","","not_applicable","not_applicable","not_applicable","not_applicable","not_applicable","","","rejected","false","preserved existing rejected decision"
"uniqlo","WOMEN","58313","이너웨어 > 언더웨어 > 코튼 저지","rejected","","","","not_applicable","not_applicable","not_applicable","not_applicable","not_applicable","","","rejected","false","preserved existing rejected decision"
"uniqlo","WOMEN","124368","이너웨어 > 언더웨어 > 소프트 모달","rejected","","","","not_applicable","not_applicable","not_applicable","not_applicable","not_applicable","","","rejected","false","preserved existing rejected decision"
"uniqlo","WOMEN","148067","이너웨어 > 언더웨어 > 미들 웨이스트","rejected","","","","not_applicable","not_applicable","not_applicable","not_applicable","not_applicable","","","rejected","false","preserved existing rejected decision"
"uniqlo","WOMEN","58315","이너웨어 > 언더웨어 > 저스트 웨이스트","rejected","","","","not_applicable","not_applicable","not_applicable","not_applicable","not_applicable","","","rejected","false","preserved existing rejected decision"
"uniqlo","WOMEN","148068","이너웨어 > 언더웨어 > 보이","rejected","","","","not_applicable","not_applicable","not_applicable","not_applicable","not_applicable","","","rejected","false","preserved existing rejected decision"
"uniqlo","WOMEN","58316","이너웨어 > 언더웨어 > 미들 웨이스트","rejected","","","","not_applicable","not_applicable","not_applicable","not_applicable","not_applicable","","","rejected","false","preserved existing rejected decision"
"uniqlo","WOMEN","58317","이너웨어 > 언더웨어 > 힙 허거","rejected","","","","not_applicable","not_applicable","not_applicable","not_applicable","not_applicable","","","rejected","false","preserved existing rejected decision"
"uniqlo","WOMEN","58319","이너웨어 > 언더웨어 > 바디 쉐이퍼","rejected","","","","not_applicable","not_applicable","not_applicable","not_applicable","not_applicable","","","rejected","false","preserved existing rejected decision"
"uniqlo","WOMEN","58320","이너웨어 > 언더웨어 > 그 외","rejected","","","","not_applicable","not_applicable","not_applicable","not_applicable","not_applicable","","","rejected","false","preserved existing rejected decision"
"uniqlo","WOMEN","58329","이너웨어 > 양말 > 컬러 삭스","rejected","","","","not_applicable","not_applicable","not_applicable","not_applicable","not_applicable","","","rejected","false","preserved existing rejected decision"
"uniqlo","WOMEN","58324","이너웨어 > 양말 > 레귤러 삭스","rejected","","","","not_applicable","not_applicable","not_applicable","not_applicable","not_applicable","","","rejected","false","preserved existing rejected decision"
"uniqlo","WOMEN","58325","이너웨어 > 양말 > 쇼트 삭스","rejected","","","","not_applicable","not_applicable","not_applicable","not_applicable","not_applicable","","","rejected","false","preserved existing rejected decision"
"uniqlo","WOMEN","58326","이너웨어 > 양말 > 베리 쇼트 삭스","rejected","","","","not_applicable","not_applicable","not_applicable","not_applicable","not_applicable","","","rejected","false","preserved existing rejected decision"
"uniqlo","WOMEN","58328","이너웨어 > 양말 > 스포츠 삭스","rejected","","","","not_applicable","not_applicable","not_applicable","not_applicable","not_applicable","","","rejected","false","preserved existing rejected decision"
"uniqlo","WOMEN","62590","이너웨어 > 양말 > 하이 삭스","rejected","","","","not_applicable","not_applicable","not_applicable","not_applicable","not_applicable","","","rejected","false","preserved existing rejected decision"
"uniqlo","WOMEN","58327","이너웨어 > 양말 > 히트텍 삭스","rejected","","","","not_applicable","not_applicable","not_applicable","not_applicable","not_applicable","","","rejected","false","preserved existing rejected decision"
"uniqlo","WOMEN","107787","이너웨어 > 양말 > UT 삭스","rejected","","","","not_applicable","not_applicable","not_applicable","not_applicable","not_applicable","","","rejected","false","preserved existing rejected decision"
"uniqlo","WOMEN","81319","이너웨어 > 양말 > UNIQLO and JW ANDERSON","rejected","","","","not_applicable","not_applicable","not_applicable","not_applicable","not_applicable","","","rejected","false","preserved existing rejected decision"
"uniqlo","WOMEN","58330","이너웨어 > 양말 > 그 외","rejected","","","","not_applicable","not_applicable","not_applicable","not_applicable","not_applicable","","","rejected","false","preserved existing rejected decision"
"uniqlo","WOMEN","58321","이너웨어 > 레깅스 & 타이즈 > 에어리즘","review_required","","","","not_applicable","not_applicable","not_applicable","not_applicable","not_applicable","","","review_required","false","preserved existing review_required decision"
"uniqlo","WOMEN","98309","이너웨어 > 레깅스 & 타이즈 > 타이즈","review_required","","","","not_applicable","not_applicable","not_applicable","not_applicable","not_applicable","","","review_required","false","preserved existing review_required decision"
"uniqlo","WOMEN","58322","이너웨어 > 레깅스 & 타이즈 > 히트텍","review_required","","","","not_applicable","not_applicable","not_applicable","not_applicable","not_applicable","","","review_required","false","preserved existing review_required decision"
"uniqlo","WOMEN","98308","이너웨어 > 레깅스 & 타이즈 > 레깅스","confirmed","leggings","leggings","leggings","not_applicable","not_applicable","not_applicable","not_applicable","not_applicable","leggings","other_leggings","direct","true","preserved existing confirmed decision"
"uniqlo","WOMEN","58323","이너웨어 > 레깅스 & 타이즈 > 그 외","review_required","","","","not_applicable","not_applicable","not_applicable","not_applicable","not_applicable","","","review_required","false","preserved existing review_required decision"
"uniqlo","WOMEN","98312","이너웨어 > 히트텍 > 히트텍 캐시미어 블렌드","confirmed","","base_layer_top","base_layer_top","not_applicable","not_applicable","not_applicable","not_applicable","not_applicable","underwear","underwear","direct","true","preserved existing confirmed decision"
"uniqlo","WOMEN","98311","이너웨어 > 히트텍 > 히트텍","review_required","","","","not_applicable","not_applicable","not_applicable","not_applicable","not_applicable","","","review_required","false","preserved existing review_required decision"
"uniqlo","WOMEN","98313","이너웨어 > 히트텍 > 히트텍 엑스트라 웜","confirmed","","base_layer_top","base_layer_top","not_applicable","not_applicable","not_applicable","not_applicable","not_applicable","underwear","underwear","direct","true","preserved existing confirmed decision"
"uniqlo","WOMEN","98314","이너웨어 > 히트텍 > 히트텍 울트라 웜","confirmed","","base_layer_top","base_layer_top","not_applicable","not_applicable","not_applicable","not_applicable","not_applicable","underwear","underwear","direct","true","preserved existing confirmed decision"
"uniqlo","WOMEN","98310","이너웨어 > 히트텍 > 히트텍 울트라 라이트","confirmed","","base_layer_top","base_layer_top","not_applicable","not_applicable","not_applicable","not_applicable","not_applicable","underwear","underwear","direct","true","preserved existing confirmed decision"
"uniqlo","WOMEN","58287","이너웨어 > 히트텍 > 반팔","review_required","","","","not_applicable","not_applicable","not_applicable","not_applicable","not_applicable","","","review_required","false","preserved existing review_required decision"
"uniqlo","WOMEN","58288","이너웨어 > 히트텍 > 캐미솔","confirmed","tops","tank_top","tank_top","sleeveless","not_applicable","not_applicable","not_applicable","not_applicable","underwear","women_camisole","direct","true","preserved existing confirmed decision"
"uniqlo","WOMEN","58289","이너웨어 > 히트텍 > 8부","review_required","","","","not_applicable","not_applicable","not_applicable","not_applicable","not_applicable","","","review_required","false","preserved existing review_required decision"
"uniqlo","WOMEN","58292","이너웨어 > 히트텍 > 크루넥","confirmed","","base_layer_top","base_layer_top","not_applicable","not_applicable","not_applicable","not_applicable","not_applicable","underwear","underwear","direct","true","preserved existing confirmed decision"
"uniqlo","WOMEN","58293","이너웨어 > 히트텍 > 하이넥","confirmed","","base_layer_top","base_layer_top","not_applicable","not_applicable","not_applicable","not_applicable","not_applicable","underwear","underwear","direct","true","preserved existing confirmed decision"
"uniqlo","WOMEN","58294","이너웨어 > 히트텍 > 터틀넥","confirmed","","base_layer_top","base_layer_top","not_applicable","not_applicable","not_applicable","not_applicable","not_applicable","underwear","underwear","direct","true","preserved existing confirmed decision"
"uniqlo","WOMEN","58295","이너웨어 > 히트텍 > 브라탑","rejected","","","","not_applicable","not_applicable","not_applicable","not_applicable","not_applicable","","","rejected","false","preserved existing rejected decision"
"uniqlo","WOMEN","58296","이너웨어 > 히트텍 > 타이즈","review_required","","","","not_applicable","not_applicable","not_applicable","not_applicable","not_applicable","","","review_required","false","preserved existing review_required decision"
"uniqlo","WOMEN","58297","이너웨어 > 히트텍 > 양말","rejected","","","","not_applicable","not_applicable","not_applicable","not_applicable","not_applicable","","","rejected","false","preserved existing rejected decision"
"uniqlo","WOMEN","58298","이너웨어 > 히트텍 > 레깅스","confirmed","leggings","leggings","leggings","not_applicable","not_applicable","not_applicable","not_applicable","not_applicable","underwear","underwear","direct","true","preserved existing confirmed decision"
"uniqlo","WOMEN","123530","이너웨어 > 히트텍 > UNIQLO : C","review_required","","","","not_applicable","not_applicable","not_applicable","not_applicable","not_applicable","","","review_required","false","preserved existing review_required decision"
"uniqlo","WOMEN","62583","이너웨어 > 히트텍 > UNIQLO and PRINCESSE tam・tam","review_required","","","","not_applicable","not_applicable","not_applicable","not_applicable","not_applicable","","","review_required","false","preserved existing review_required decision"
"uniqlo","WOMEN","58299","이너웨어 > 히트텍 > 그 외","review_required","","","","not_applicable","not_applicable","not_applicable","not_applicable","not_applicable","","","review_required","false","preserved existing review_required decision"
"uniqlo","WOMEN","149995","이너웨어 > 히트텍 > 히트텍 캐시미어","confirmed","","base_layer_top","base_layer_top","not_applicable","not_applicable","not_applicable","not_applicable","not_applicable","underwear","underwear","direct","true","preserved existing confirmed decision"
"uniqlo","WOMEN","58335","파자마 & 홈웨어 > 라운지 팬츠 > 이지 팬츠","rejected","","","","not_applicable","not_applicable","not_applicable","not_applicable","not_applicable","","","rejected","false","preserved existing rejected decision"
"uniqlo","WOMEN","112811","파자마 & 홈웨어 > 라운지 팬츠 > 리넨 블렌드","rejected","","","","not_applicable","not_applicable","not_applicable","not_applicable","not_applicable","","","rejected","false","preserved existing rejected decision"
"uniqlo","WOMEN","58336","파자마 & 홈웨어 > 라운지 팬츠 > 쇼트 팬츠","confirmed","","other_standard_pants","standard_pants","not_applicable","short_length","not_applicable","not_applicable","not_applicable","bottoms","short_pants","direct","true","preserved existing confirmed decision"
"uniqlo","WOMEN","94359","파자마 & 홈웨어 > 라운지 팬츠 > 앵클 팬츠","rejected","","","","not_applicable","not_applicable","not_applicable","not_applicable","not_applicable","","","rejected","false","preserved existing rejected decision"
"uniqlo","WOMEN","58337","파자마 & 홈웨어 > 라운지 팬츠 > 리라코 팬츠","rejected","","","","not_applicable","not_applicable","not_applicable","not_applicable","not_applicable","","","rejected","false","preserved existing rejected decision"
"uniqlo","WOMEN","62592","파자마 & 홈웨어 > 라운지 팬츠 > UNIQLO and PRINCESSE tam・tam","rejected","","","","not_applicable","not_applicable","not_applicable","not_applicable","not_applicable","","","rejected","false","preserved existing rejected decision"
"uniqlo","WOMEN","94358","파자마 & 홈웨어 > 라운지 팬츠 > 워셔블 니트 립 팬츠","rejected","","","","not_applicable","not_applicable","not_applicable","not_applicable","not_applicable","","","rejected","false","preserved existing rejected decision"
"uniqlo","WOMEN","127800","파자마 & 홈웨어 > 라운지 팬츠 > 후리스 팬츠","confirmed","bottoms","casual_pants","standard_pants","not_applicable","not_applicable","not_applicable","not_applicable","not_applicable","homewear","loungewear","direct","true","preserved existing confirmed decision"
"uniqlo","WOMEN","94360","파자마 & 홈웨어 > 라운지 팬츠 > 플란넬 팬츠","rejected","","","","not_applicable","not_applicable","not_applicable","not_applicable","not_applicable","","","rejected","false","preserved existing rejected decision"
"uniqlo","WOMEN","98317","파자마 & 홈웨어 > 라운지 팬츠 > 울트라 스트레치 웜","rejected","","","","not_applicable","not_applicable","not_applicable","not_applicable","not_applicable","","","rejected","false","preserved existing rejected decision"
"uniqlo","WOMEN","63089","파자마 & 홈웨어 > 라운지 팬츠 > 유니섹스","rejected","","","","not_applicable","not_applicable","not_applicable","not_applicable","not_applicable","","","rejected","false","preserved existing rejected decision"
"uniqlo","WOMEN","74427","파자마 & 홈웨어 > 파자마 > 반팔 파자마","rejected","","","","not_applicable","not_applicable","not_applicable","not_applicable","not_applicable","","","rejected","false","preserved existing rejected decision"
"uniqlo","WOMEN","58332","파자마 & 홈웨어 > 파자마 > 긴팔 파자마","rejected","","","","not_applicable","not_applicable","not_applicable","not_applicable","not_applicable","","","rejected","false","preserved existing rejected decision"
"uniqlo","WOMEN","117523","파자마 & 홈웨어 > 파자마 > 브라 원피스","rejected","","","","not_applicable","not_applicable","not_applicable","not_applicable","not_applicable","","","rejected","false","preserved existing rejected decision"
"uniqlo","WOMEN","58334","파자마 & 홈웨어 > 파자마 > 그 외","rejected","","","","not_applicable","not_applicable","not_applicable","not_applicable","not_applicable","","","rejected","false","preserved existing rejected decision"
"uniqlo","WOMEN","65944","파자마 & 홈웨어 > 파자마 > UNIQLO and PRINCESSE tam・tam","rejected","","","","not_applicable","not_applicable","not_applicable","not_applicable","not_applicable","","","rejected","false","preserved existing rejected decision"
"uniqlo","WOMEN","58331","파자마 & 홈웨어 > 파자마 > 울트라 스트레치","rejected","","","","not_applicable","not_applicable","not_applicable","not_applicable","not_applicable","","","rejected","false","preserved existing rejected decision"
"uniqlo","WOMEN","98315","파자마 & 홈웨어 > 파자마 > 후리스 세트","rejected","","","","not_applicable","not_applicable","not_applicable","not_applicable","not_applicable","","","rejected","false","preserved existing rejected decision"
"uniqlo","WOMEN","98316","파자마 & 홈웨어 > 파자마 > 레깅스 & 양말","rejected","","","","not_applicable","not_applicable","not_applicable","not_applicable","not_applicable","","","rejected","false","preserved existing rejected decision"
"uniqlo","WOMEN","63088","파자마 & 홈웨어 > 파자마 > 유니섹스","rejected","","","","not_applicable","not_applicable","not_applicable","not_applicable","not_applicable","","","rejected","false","preserved existing rejected decision"
"uniqlo","WOMEN","141118","파자마 & 홈웨어 > 파자마 > GU","rejected","","","","not_applicable","not_applicable","not_applicable","not_applicable","not_applicable","","","rejected","false","preserved existing rejected decision"
"uniqlo","WOMEN","99904","액세서리 > 가방 > 숄더백","rejected","","","","not_applicable","not_applicable","not_applicable","not_applicable","not_applicable","","","rejected","false","preserved existing rejected decision"
"uniqlo","WOMEN","99908","액세서리 > 가방 > 토트백","rejected","","","","not_applicable","not_applicable","not_applicable","not_applicable","not_applicable","","","rejected","false","preserved existing rejected decision"
"uniqlo","WOMEN","99909","액세서리 > 가방 > 백팩","rejected","","","","not_applicable","not_applicable","not_applicable","not_applicable","not_applicable","","","rejected","false","preserved existing rejected decision"
"uniqlo","WOMEN","99906","액세서리 > 가방 > Uniqlo U","rejected","","","","not_applicable","not_applicable","not_applicable","not_applicable","not_applicable","","","rejected","false","preserved existing rejected decision"
"uniqlo","WOMEN","99910","액세서리 > 가방 > 멀티포켓숄더백","rejected","","","","not_applicable","not_applicable","not_applicable","not_applicable","not_applicable","","","rejected","false","preserved existing rejected decision"
"uniqlo","WOMEN","99911","액세서리 > 가방 > 리유저블쇼핑백","rejected","","","","not_applicable","not_applicable","not_applicable","not_applicable","not_applicable","","","rejected","false","preserved existing rejected decision"
"uniqlo","WOMEN","99907","액세서리 > 가방 > 그 외","rejected","","","","not_applicable","not_applicable","not_applicable","not_applicable","not_applicable","","","rejected","false","preserved existing rejected decision"
"uniqlo","WOMEN","144154","액세서리 > 선글라스 > 내로우","rejected","","","","not_applicable","not_applicable","not_applicable","not_applicable","not_applicable","","","rejected","false","preserved existing rejected decision"
"uniqlo","WOMEN","144160","액세서리 > 선글라스 > 스탠다드","rejected","","","","not_applicable","not_applicable","not_applicable","not_applicable","not_applicable","","","rejected","false","preserved existing rejected decision"
"uniqlo","WOMEN","144155","액세서리 > 선글라스 > 와이드","rejected","","","","not_applicable","not_applicable","not_applicable","not_applicable","not_applicable","","","rejected","false","preserved existing rejected decision"
"uniqlo","WOMEN","144156","액세서리 > 선글라스 > 액티브","rejected","","","","not_applicable","not_applicable","not_applicable","not_applicable","not_applicable","","","rejected","false","preserved existing rejected decision"
"uniqlo","WOMEN","58366","액세서리 > 선글라스 > 편광 선글라스","rejected","","","","not_applicable","not_applicable","not_applicable","not_applicable","not_applicable","","","rejected","false","preserved existing rejected decision"
"uniqlo","WOMEN","58364","액세서리 > 선글라스 > 패션 선글라스","rejected","","","","not_applicable","not_applicable","not_applicable","not_applicable","not_applicable","","","rejected","false","preserved existing rejected decision"
"uniqlo","WOMEN","58365","액세서리 > 선글라스 > 스포츠 선글라스","rejected","","","","not_applicable","not_applicable","not_applicable","not_applicable","not_applicable","","","rejected","false","preserved existing rejected decision"
"uniqlo","WOMEN","58358","액세서리 > 벨트 > 클린벨트","rejected","","","","not_applicable","not_applicable","not_applicable","not_applicable","not_applicable","","","rejected","false","preserved existing rejected decision"
"uniqlo","WOMEN","58357","액세서리 > 벨트 > 메쉬벨트","rejected","","","","not_applicable","not_applicable","not_applicable","not_applicable","not_applicable","","","rejected","false","preserved existing rejected decision"
"uniqlo","WOMEN","58356","액세서리 > 벨트 > 빈티지벨트","rejected","","","","not_applicable","not_applicable","not_applicable","not_applicable","not_applicable","","","rejected","false","preserved existing rejected decision"
"uniqlo","WOMEN","58360","액세서리 > 벨트 > 그 외","rejected","","","","not_applicable","not_applicable","not_applicable","not_applicable","not_applicable","","","rejected","false","preserved existing rejected decision"
"uniqlo","WOMEN","58367","액세서리 > 우산 & 스카프 > 우산","rejected","","","","not_applicable","not_applicable","not_applicable","not_applicable","not_applicable","","","rejected","false","preserved existing rejected decision"
"uniqlo","WOMEN","62612","액세서리 > 우산 & 스카프 > 담요","rejected","","","","not_applicable","not_applicable","not_applicable","not_applicable","not_applicable","","","rejected","false","preserved existing rejected decision"
"uniqlo","WOMEN","62613","액세서리 > 우산 & 스카프 > 다마고치","rejected","","","","not_applicable","not_applicable","not_applicable","not_applicable","not_applicable","","","rejected","false","preserved existing rejected decision"
"uniqlo","WOMEN","58368","액세서리 > 우산 & 스카프 > 암커버","rejected","","","","not_applicable","not_applicable","not_applicable","not_applicable","not_applicable","","","rejected","false","preserved existing rejected decision"
"uniqlo","WOMEN","58370","액세서리 > 우산 & 스카프 > 그 외","rejected","","","","not_applicable","not_applicable","not_applicable","not_applicable","not_applicable","","","rejected","false","preserved existing rejected decision"
"uniqlo","WOMEN","58351","액세서리 > 모자 > UV Protection","rejected","","","","not_applicable","not_applicable","not_applicable","not_applicable","not_applicable","","","rejected","false","preserved existing rejected decision"
"uniqlo","WOMEN","58349","액세서리 > 모자 > 햇","rejected","","","","not_applicable","not_applicable","not_applicable","not_applicable","not_applicable","","","rejected","false","preserved existing rejected decision"
"uniqlo","WOMEN","58350","액세서리 > 모자 > 캡","rejected","","","","not_applicable","not_applicable","not_applicable","not_applicable","not_applicable","","","rejected","false","preserved existing rejected decision"
"uniqlo","WOMEN","62598","액세서리 > 모자 > 비니","rejected","","","","not_applicable","not_applicable","not_applicable","not_applicable","not_applicable","","","rejected","false","preserved existing rejected decision"
"uniqlo","WOMEN","62600","액세서리 > 모자 > UNIQLO and JW ANDERSON","rejected","","","","not_applicable","not_applicable","not_applicable","not_applicable","not_applicable","","","rejected","false","preserved existing rejected decision"
"uniqlo","WOMEN","62611","액세서리 > 신발 > UNIQLO : C","rejected","","","","not_applicable","not_applicable","not_applicable","not_applicable","not_applicable","","","rejected","false","preserved existing rejected decision"
"uniqlo","WOMEN","58362","액세서리 > 신발 > 스니커즈","rejected","","","","not_applicable","not_applicable","not_applicable","not_applicable","not_applicable","","","rejected","false","preserved existing rejected decision"
"uniqlo","WOMEN","148350","라운지 & 언더웨어 컬렉션 > Effortless Charm > 캐미솔","rejected","","","","not_applicable","not_applicable","not_applicable","not_applicable","not_applicable","","","rejected","false","preserved existing rejected decision"
"uniqlo","WOMEN","148335","라운지 & 언더웨어 컬렉션 > Effortless Charm > 슬리브리스","rejected","","","","not_applicable","not_applicable","not_applicable","not_applicable","not_applicable","","","rejected","false","preserved existing rejected decision"
"uniqlo","WOMEN","148336","라운지 & 언더웨어 컬렉션 > Effortless Charm > 브라","rejected","","","","not_applicable","not_applicable","not_applicable","not_applicable","not_applicable","","","rejected","false","preserved existing rejected decision"
"uniqlo","WOMEN","148356","라운지 & 언더웨어 컬렉션 > Effortless Charm > 언더웨어","rejected","","","","not_applicable","not_applicable","not_applicable","not_applicable","not_applicable","","","rejected","false","preserved existing rejected decision"
"uniqlo","WOMEN","148367","라운지 & 언더웨어 컬렉션 > Effortless Charm > 니트 & 가디건","rejected","","","","not_applicable","not_applicable","not_applicable","not_applicable","not_applicable","","","rejected","false","preserved existing rejected decision"
"uniqlo","WOMEN","148346","라운지 & 언더웨어 컬렉션 > Effortless Charm > 팬츠","review_required","","","","not_applicable","not_applicable","not_applicable","not_applicable","not_applicable","","","review_required","false","preserved existing review_required decision"
"uniqlo","WOMEN","148351","라운지 & 언더웨어 컬렉션 > Effortless Charm > 쇼트 팬츠","confirmed","","other_standard_pants","standard_pants","not_applicable","short_length","not_applicable","not_applicable","not_applicable","underwear","underwear","direct","true","preserved existing confirmed decision"
"uniqlo","WOMEN","148323","라운지 & 언더웨어 컬렉션 > Effortless Charm > 파자마","rejected","","","","not_applicable","not_applicable","not_applicable","not_applicable","not_applicable","","","rejected","false","preserved existing rejected decision"
"uniqlo","WOMEN","148347","라운지 & 언더웨어 컬렉션 > Effortless Charm > 에어리즘","rejected","","","","not_applicable","not_applicable","not_applicable","not_applicable","not_applicable","","","rejected","false","preserved existing rejected decision"
"uniqlo","WOMEN","148368","라운지 & 언더웨어 컬렉션 > Effortless Charm > 립 팬츠","rejected","","","","not_applicable","not_applicable","not_applicable","not_applicable","not_applicable","","","rejected","false","preserved existing rejected decision"
"uniqlo","WOMEN","148357","라운지 & 언더웨어 컬렉션 > Effortless Charm > 플란넬","rejected","","","","not_applicable","not_applicable","not_applicable","not_applicable","not_applicable","","","rejected","false","preserved existing rejected decision"
"uniqlo","WOMEN","148358","라운지 & 언더웨어 컬렉션 > Effortless Charm > 저스트 웨이스트","rejected","","","","not_applicable","not_applicable","not_applicable","not_applicable","not_applicable","","","rejected","false","preserved existing rejected decision"
"uniqlo","WOMEN","148324","라운지 & 언더웨어 컬렉션 > Effortless Charm > 힙허거","rejected","","","","not_applicable","not_applicable","not_applicable","not_applicable","not_applicable","","","rejected","false","preserved existing rejected decision"
"uniqlo","WOMEN","148359","라운지 & 언더웨어 컬렉션 > Effortless Charm > 미들 웨이스트","rejected","","","","not_applicable","not_applicable","not_applicable","not_applicable","not_applicable","","","rejected","false","preserved existing rejected decision"
"uniqlo","WOMEN","148360","라운지 & 언더웨어 컬렉션 > Effortless Charm > 보이","rejected","","","","not_applicable","not_applicable","not_applicable","not_applicable","not_applicable","","","rejected","false","preserved existing rejected decision"
"uniqlo","WOMEN","148361","라운지 & 언더웨어 컬렉션 > Effortless Charm > 가디건","confirmed","tops","cardigan","cardigan","not_applicable","not_applicable","not_applicable","not_applicable","not_applicable","underwear","underwear","direct","true","preserved existing confirmed decision"
"uniqlo","WOMEN","148369","라운지 & 언더웨어 컬렉션 > Effortless Charm > 코튼","rejected","","","","not_applicable","not_applicable","not_applicable","not_applicable","not_applicable","","","rejected","false","preserved existing rejected decision"
"uniqlo","WOMEN","148337","라운지 & 언더웨어 컬렉션 > Minimalist Classics > 브라탑","rejected","","","","not_applicable","not_applicable","not_applicable","not_applicable","not_applicable","","","rejected","false","preserved existing rejected decision"
"uniqlo","WOMEN","148338","라운지 & 언더웨어 컬렉션 > Minimalist Classics > 브라","rejected","","","","not_applicable","not_applicable","not_applicable","not_applicable","not_applicable","","","rejected","false","preserved existing rejected decision"
"uniqlo","WOMEN","148370","라운지 & 언더웨어 컬렉션 > Minimalist Classics > 언더웨어","rejected","","","","not_applicable","not_applicable","not_applicable","not_applicable","not_applicable","","","rejected","false","preserved existing rejected decision"
"uniqlo","WOMEN","148325","라운지 & 언더웨어 컬렉션 > Minimalist Classics > 니트 & 가디건","rejected","","","","not_applicable","not_applicable","not_applicable","not_applicable","not_applicable","","","rejected","false","preserved existing rejected decision"
"uniqlo","WOMEN","148339","라운지 & 언더웨어 컬렉션 > Minimalist Classics > 팬츠","review_required","","","","not_applicable","not_applicable","not_applicable","not_applicable","not_applicable","","","review_required","false","preserved existing review_required decision"
"uniqlo","WOMEN","148340","라운지 & 언더웨어 컬렉션 > Minimalist Classics > 파자마","rejected","","","","not_applicable","not_applicable","not_applicable","not_applicable","not_applicable","","","rejected","false","preserved existing rejected decision"
"uniqlo","WOMEN","148371","라운지 & 언더웨어 컬렉션 > Minimalist Classics > 새틴","rejected","","","","not_applicable","not_applicable","not_applicable","not_applicable","not_applicable","","","rejected","false","preserved existing rejected decision"
"uniqlo","WOMEN","148348","라운지 & 언더웨어 컬렉션 > Minimalist Classics > 심리스","rejected","","","","not_applicable","not_applicable","not_applicable","not_applicable","not_applicable","","","rejected","false","preserved existing rejected decision"
"uniqlo","WOMEN","148341","라운지 & 언더웨어 컬렉션 > Minimalist Classics > 바디 쉐이퍼","rejected","","","","not_applicable","not_applicable","not_applicable","not_applicable","not_applicable","","","rejected","false","preserved existing rejected decision"
"uniqlo","WOMEN","148328","라운지 & 언더웨어 컬렉션 > Minimalist Classics > 언더웨어(보이)","rejected","","","","not_applicable","not_applicable","not_applicable","not_applicable","not_applicable","","","rejected","false","preserved existing rejected decision"
"uniqlo","WOMEN","148329","라운지 & 언더웨어 컬렉션 > Minimalist Classics > 니트","confirmed","tops","knit_sweater","knit_sweater","not_applicable","not_applicable","not_applicable","not_applicable","not_applicable","underwear","underwear","direct","true","preserved existing confirmed decision"
"uniqlo","WOMEN","148372","라운지 & 언더웨어 컬렉션 > Minimalist Classics > 3D","rejected","","","","not_applicable","not_applicable","not_applicable","not_applicable","not_applicable","","","rejected","false","preserved existing rejected decision"
"uniqlo","WOMEN","148373","라운지 & 언더웨어 컬렉션 > Minimalist Classics > 릴랙스","rejected","","","","not_applicable","not_applicable","not_applicable","not_applicable","not_applicable","","","rejected","false","preserved existing rejected decision"
"uniqlo","WOMEN","148342","라운지 & 언더웨어 컬렉션 > 캐미솔 > 캐미솔","rejected","","","","not_applicable","not_applicable","not_applicable","not_applicable","not_applicable","","","rejected","false","preserved existing rejected decision"
"uniqlo","WOMEN","148330","라운지 & 언더웨어 컬렉션 > 캐미솔 > 슬리브리스","rejected","","","","not_applicable","not_applicable","not_applicable","not_applicable","not_applicable","","","rejected","false","preserved existing rejected decision"
"uniqlo","WOMEN","148331","라운지 & 언더웨어 컬렉션 > 캐미솔 > 브라탑","rejected","","","","not_applicable","not_applicable","not_applicable","not_applicable","not_applicable","","","rejected","false","preserved existing rejected decision"
"uniqlo","WOMEN","148362","라운지 & 언더웨어 컬렉션 > 브라 > 3D","rejected","","","","not_applicable","not_applicable","not_applicable","not_applicable","not_applicable","","","rejected","false","preserved existing rejected decision"
"uniqlo","WOMEN","148332","라운지 & 언더웨어 컬렉션 > 브라 > 코튼","rejected","","","","not_applicable","not_applicable","not_applicable","not_applicable","not_applicable","","","rejected","false","preserved existing rejected decision"
"uniqlo","WOMEN","148343","라운지 & 언더웨어 컬렉션 > 브라 > 릴랙스","rejected","","","","not_applicable","not_applicable","not_applicable","not_applicable","not_applicable","","","rejected","false","preserved existing rejected decision"
"uniqlo","WOMEN","148363","라운지 & 언더웨어 컬렉션 > 언더웨어 > 심리스","rejected","","","","not_applicable","not_applicable","not_applicable","not_applicable","not_applicable","","","rejected","false","preserved existing rejected decision"
"uniqlo","WOMEN","148326","라운지 & 언더웨어 컬렉션 > 언더웨어 > 바디 쉐이퍼","rejected","","","","not_applicable","not_applicable","not_applicable","not_applicable","not_applicable","","","rejected","false","preserved existing rejected decision"
"uniqlo","WOMEN","148364","라운지 & 언더웨어 컬렉션 > 언더웨어 > 저스트 웨이스트","rejected","","","","not_applicable","not_applicable","not_applicable","not_applicable","not_applicable","","","rejected","false","preserved existing rejected decision"
"uniqlo","WOMEN","148352","라운지 & 언더웨어 컬렉션 > 언더웨어 > 힙허거","rejected","","","","not_applicable","not_applicable","not_applicable","not_applicable","not_applicable","","","rejected","false","preserved existing rejected decision"
"uniqlo","WOMEN","148353","라운지 & 언더웨어 컬렉션 > 언더웨어 > 미들 웨이스트","rejected","","","","not_applicable","not_applicable","not_applicable","not_applicable","not_applicable","","","rejected","false","preserved existing rejected decision"
"uniqlo","WOMEN","148344","라운지 & 언더웨어 컬렉션 > 언더웨어 > 보이","rejected","","","","not_applicable","not_applicable","not_applicable","not_applicable","not_applicable","","","rejected","false","preserved existing rejected decision"
"uniqlo","WOMEN","148333","라운지 & 언더웨어 컬렉션 > 팬츠 > 쇼트 팬츠","confirmed","","other_standard_pants","standard_pants","not_applicable","short_length","not_applicable","not_applicable","not_applicable","bottoms","short_pants","direct","true","preserved existing confirmed decision"
"uniqlo","WOMEN","148354","라운지 & 언더웨어 컬렉션 > 팬츠 > 립 팬츠","rejected","","","","not_applicable","not_applicable","not_applicable","not_applicable","not_applicable","","","rejected","false","preserved existing rejected decision"
"uniqlo","WOMEN","148345","라운지 & 언더웨어 컬렉션 > 팬츠 > 플란넬","rejected","","","","not_applicable","not_applicable","not_applicable","not_applicable","not_applicable","","","rejected","false","preserved existing rejected decision"
"uniqlo","WOMEN","148365","라운지 & 언더웨어 컬렉션 > 팬츠 > 워셔블 니트","rejected","","","","not_applicable","not_applicable","not_applicable","not_applicable","not_applicable","","","rejected","false","preserved existing rejected decision"
"uniqlo","WOMEN","148374","라운지 & 언더웨어 컬렉션 > 니트 & 가디건 > 가디건","confirmed","tops","cardigan","cardigan","not_applicable","not_applicable","not_applicable","not_applicable","not_applicable","outerwear","cardigan","direct","true","preserved existing confirmed decision"
"uniqlo","WOMEN","148355","라운지 & 언더웨어 컬렉션 > 니트 & 가디건 > 니트","confirmed","tops","knit_sweater","knit_sweater","not_applicable","not_applicable","not_applicable","not_applicable","not_applicable","outerwear","cardigan","direct","true","preserved existing confirmed decision"
"uniqlo","WOMEN","148334","라운지 & 언더웨어 컬렉션 > 파자마 > 코튼","rejected","","","","not_applicable","not_applicable","not_applicable","not_applicable","not_applicable","","","rejected","false","preserved existing rejected decision"
"uniqlo","WOMEN","148327","라운지 & 언더웨어 컬렉션 > 파자마 > 에어리즘","rejected","","","","not_applicable","not_applicable","not_applicable","not_applicable","not_applicable","","","rejected","false","preserved existing rejected decision"
"uniqlo","WOMEN","148349","라운지 & 언더웨어 컬렉션 > 파자마 > 새틴","rejected","","","","not_applicable","not_applicable","not_applicable","not_applicable","not_applicable","","","rejected","false","preserved existing rejected decision"
"uniqlo","WOMEN","148366","라운지 & 언더웨어 컬렉션 > 파자마 > 플란넬","rejected","","","","not_applicable","not_applicable","not_applicable","not_applicable","not_applicable","","","rejected","false","preserved existing rejected decision"
"uniqlo","WOMEN","82128","에어리즘 > 이너웨어 상의 > AIRism","confirmed","","base_layer_top","base_layer_top","not_applicable","not_applicable","not_applicable","not_applicable","not_applicable","underwear","underwear","direct","true","preserved existing confirmed decision"
"uniqlo","WOMEN","82129","에어리즘 > 이너웨어 상의 > 캐미솔","confirmed","tops","tank_top","tank_top","sleeveless","not_applicable","not_applicable","not_applicable","not_applicable","underwear","women_camisole","direct","true","preserved existing confirmed decision"
"uniqlo","WOMEN","82130","에어리즘 > 이너웨어 상의 > 탱크탑","confirmed","tops","tank_top","tank_top","sleeveless","not_applicable","not_applicable","not_applicable","not_applicable","underwear","underwear","direct","true","preserved existing confirmed decision"
"uniqlo","WOMEN","82131","에어리즘 > 이너웨어 상의 > 반팔","confirmed","","base_layer_top","base_layer_top","short_sleeve","not_applicable","not_applicable","not_applicable","not_applicable","underwear","underwear","direct","true","preserved existing confirmed decision"
"uniqlo","WOMEN","82132","에어리즘 > 이너웨어 상의 > 긴팔","confirmed","","base_layer_top","base_layer_top","long_sleeve","not_applicable","not_applicable","not_applicable","not_applicable","underwear","underwear","direct","true","preserved existing confirmed decision"
"uniqlo","WOMEN","82479","에어리즘 > 이너웨어 상의 > 브라","confirmed","","base_layer_top","base_layer_top","not_applicable","not_applicable","not_applicable","not_applicable","not_applicable","underwear","women_bra","direct","true","preserved existing confirmed decision"
"uniqlo","WOMEN","82112","에어리즘 > 브라탑 > AIRism","rejected","","","","not_applicable","not_applicable","not_applicable","not_applicable","not_applicable","","","rejected","false","preserved existing rejected decision"
"uniqlo","WOMEN","82115","에어리즘 > 브라탑 > AIRism 코튼","rejected","","","","not_applicable","not_applicable","not_applicable","not_applicable","not_applicable","","","rejected","false","preserved existing rejected decision"
"uniqlo","WOMEN","82113","에어리즘 > 브라탑 > 캐미솔","confirmed","tops","tank_top","tank_top","sleeveless","not_applicable","not_applicable","not_applicable","not_applicable","underwear","women_camisole","direct","true","preserved existing confirmed decision"
"uniqlo","WOMEN","82114","에어리즘 > 브라탑 > 탱크탑","confirmed","tops","tank_top","tank_top","sleeveless","not_applicable","not_applicable","not_applicable","not_applicable","other","other","direct","true","preserved existing confirmed decision"
"uniqlo","WOMEN","82481","에어리즘 > 언더웨어 > 속바지","rejected","","","","not_applicable","not_applicable","not_applicable","not_applicable","not_applicable","","","rejected","false","preserved existing rejected decision"
"uniqlo","WOMEN","82489","에어리즘 > 언더웨어 > 심리스 쇼츠","rejected","","","","not_applicable","not_applicable","not_applicable","not_applicable","not_applicable","","","rejected","false","preserved existing rejected decision"
"uniqlo","WOMEN","82480","에어리즘 > 언더웨어 > 바디 쉐이퍼","rejected","","","","not_applicable","not_applicable","not_applicable","not_applicable","not_applicable","","","rejected","false","preserved existing rejected decision"
"uniqlo","WOMEN","112817","에어리즘 > 브라 > 브라","rejected","","","","not_applicable","not_applicable","not_applicable","not_applicable","not_applicable","","","rejected","false","preserved existing rejected decision"
"uniqlo","WOMEN","82482","에어리즘 > 상의 > 티셔츠","confirmed","tops","tshirt","tshirt","not_applicable","not_applicable","not_applicable","not_applicable","not_applicable","tops","shirt_blouse","direct","true","preserved existing confirmed decision"
"uniqlo","WOMEN","82133","에어리즘 > 상의 > 파카","review_required","","","","not_applicable","not_applicable","not_applicable","not_applicable","not_applicable","","","review_required","false","preserved existing review_required decision"
"uniqlo","WOMEN","82134","에어리즘 > 상의 > 반팔","review_required","","","","not_applicable","not_applicable","not_applicable","not_applicable","not_applicable","","","review_required","false","preserved existing review_required decision"
"uniqlo","WOMEN","82135","에어리즘 > 상의 > 긴팔","review_required","","","","not_applicable","not_applicable","not_applicable","not_applicable","not_applicable","","","review_required","false","preserved existing review_required decision"
"uniqlo","WOMEN","82136","에어리즘 > 팬츠 > 조거","confirmed","bottoms","sweat_jogger_pants","standard_pants","not_applicable","not_applicable","not_applicable","not_applicable","not_applicable","bottoms","sweat_jogger","direct","true","preserved existing confirmed decision"
"uniqlo","WOMEN","82138","에어리즘 > 팬츠 > 레깅스","confirmed","leggings","leggings","leggings","not_applicable","not_applicable","not_applicable","not_applicable","not_applicable","leggings","leggings","direct","true","preserved existing confirmed decision"
"uniqlo","WOMEN","116009","에어리즘 > 팬츠 > 쇼트 팬츠","confirmed","","other_standard_pants","standard_pants","not_applicable","short_length","not_applicable","not_applicable","not_applicable","bottoms","short_pants","direct","true","preserved existing confirmed decision"
"uniqlo","WOMEN","82116","에어리즘 > 원피스 > 원피스","rejected","","","","not_applicable","not_applicable","not_applicable","not_applicable","not_applicable","","","rejected","false","preserved existing rejected decision"
"uniqlo","WOMEN","82972","에어리즘 > 파자마 > 파자마","rejected","","","","not_applicable","not_applicable","not_applicable","not_applicable","not_applicable","","","rejected","false","preserved existing rejected decision"
"uniqlo","WOMEN","82973","에어리즘 > 파자마 > 룸팬츠","rejected","","","","not_applicable","not_applicable","not_applicable","not_applicable","not_applicable","","","rejected","false","preserved existing rejected decision"
"uniqlo","WOMEN","82118","에어리즘 > 파자마 > 반팔 파자마","rejected","","","","not_applicable","not_applicable","not_applicable","not_applicable","not_applicable","","","rejected","false","preserved existing rejected decision"
"uniqlo","WOMEN","112812","스포츠 유틸리티 웨어 > 팬츠 > 울트라 스트레치","confirmed","","sports_bottom","sports_bottom","not_applicable","not_applicable","not_applicable","not_applicable","not_applicable","bottoms","cargo_utility","direct","true","preserved existing confirmed decision"
"uniqlo","WOMEN","58258","스포츠 유틸리티 웨어 > 팬츠 > 스웨트","confirmed","bottoms","sweat_jogger_pants","standard_pants","not_applicable","not_applicable","not_applicable","not_applicable","not_applicable","bottoms","cargo_utility","direct","true","preserved existing confirmed decision"
"uniqlo","WOMEN","58263","스포츠 유틸리티 웨어 > 팬츠 > 조거 팬츠","confirmed","bottoms","sweat_jogger_pants","standard_pants","not_applicable","not_applicable","not_applicable","not_applicable","not_applicable","bottoms","sweat_jogger","direct","true","preserved existing confirmed decision"
"uniqlo","WOMEN","62579","스포츠 유틸리티 웨어 > 팬츠 > 그 외","confirmed","","sports_bottom","sports_bottom","not_applicable","not_applicable","not_applicable","not_applicable","not_applicable","bottoms","cargo_utility","direct","true","preserved existing confirmed decision"
"uniqlo","WOMEN","58261","스포츠 유틸리티 웨어 > 팬츠 > 레깅스","confirmed","leggings","leggings","leggings","not_applicable","not_applicable","not_applicable","not_applicable","not_applicable","leggings","leggings","direct","true","preserved existing confirmed decision"
"uniqlo","WOMEN","58262","스포츠 유틸리티 웨어 > 팬츠 > 쇼트 팬츠","confirmed","","other_standard_pants","standard_pants","not_applicable","short_length","not_applicable","not_applicable","not_applicable","bottoms","short_pants","direct","true","preserved existing confirmed decision"
"uniqlo","WOMEN","98324","스포츠 유틸리티 웨어 > 팬츠 > 스커트","confirmed","skirts","skirt","skirt","not_applicable","not_applicable","not_applicable","not_applicable","not_applicable","bottoms","cargo_utility","direct","true","preserved existing confirmed decision"
"uniqlo","WOMEN","58256","스포츠 유틸리티 웨어 > 상의 > 반팔","confirmed","","sports_top","sports_top","short_sleeve","not_applicable","not_applicable","not_applicable","not_applicable","tops","short_sleeve","direct","true","preserved existing confirmed decision"
"uniqlo","WOMEN","58255","스포츠 유틸리티 웨어 > 상의 > 긴팔","confirmed","","sports_top","sports_top","long_sleeve","not_applicable","not_applicable","not_applicable","not_applicable","tops","long_sleeve","direct","true","preserved existing confirmed decision"
"uniqlo","WOMEN","98323","스포츠 유틸리티 웨어 > 상의 > 스웨트","confirmed","tops","sweatshirt","sweatshirt","not_applicable","not_applicable","not_applicable","not_applicable","not_applicable","tops","sweatshirt","direct","true","preserved existing confirmed decision"
"uniqlo","WOMEN","58257","스포츠 유틸리티 웨어 > 상의 > 에어리즘","confirmed","","sports_top","sports_top","not_applicable","not_applicable","not_applicable","not_applicable","not_applicable","tops","sports_top","direct","true","preserved existing confirmed decision"
"uniqlo","WOMEN","98319","스포츠 유틸리티 웨어 > 상의 > 슬리브리스","confirmed","","sports_top","sports_top","sleeveless","not_applicable","not_applicable","not_applicable","not_applicable","tops","sleeveless","direct","true","preserved existing confirmed decision"
"uniqlo","WOMEN","83401","스포츠 유틸리티 웨어 > 상의 > 그 외","confirmed","","sports_top","sports_top","not_applicable","not_applicable","not_applicable","not_applicable","not_applicable","tops","sports_top","direct","true","preserved existing confirmed decision"
"uniqlo","WOMEN","98328","스포츠 유틸리티 웨어 > 아우터 > 포켓터블","review_required","","","","not_applicable","not_applicable","not_applicable","not_applicable","not_applicable","","","review_required","false","preserved existing review_required decision"
"uniqlo","WOMEN","105468","스포츠 유틸리티 웨어 > 아우터 > 풀집 후디","confirmed","tops","zip_hoodie","zip_hoodie","not_applicable","not_applicable","not_applicable","not_applicable","not_applicable","outerwear","other_outerwear","direct","true","preserved existing confirmed decision"
"uniqlo","WOMEN","58252","스포츠 유틸리티 웨어 > 아우터 > 재킷 & 블루종","review_required","","","","not_applicable","not_applicable","not_applicable","not_applicable","not_applicable","","","review_required","false","preserved existing review_required decision"
"uniqlo","WOMEN","58251","스포츠 유틸리티 웨어 > 아우터 > 베스트","confirmed","","outer_vest","outer_vest","not_applicable","not_applicable","not_applicable","not_applicable","not_applicable","outerwear","vest","direct","true","preserved existing confirmed decision"
"uniqlo","WOMEN","58254","스포츠 유틸리티 웨어 > 아우터 > 코트","confirmed","outerwear","coat","coat","not_applicable","not_applicable","not_applicable","not_applicable","not_applicable","outerwear","coat","direct","true","preserved existing confirmed decision"
"uniqlo","WOMEN","86764","스포츠 유틸리티 웨어 > 아우터 > 그 외","review_required","","","","not_applicable","not_applicable","not_applicable","not_applicable","not_applicable","","","review_required","false","preserved existing review_required decision"
"uniqlo","WOMEN","102217","스포츠 유틸리티 웨어 > 이너웨어 > 에어리즘","review_required","","","","not_applicable","not_applicable","not_applicable","not_applicable","not_applicable","","","review_required","false","preserved existing review_required decision"
"uniqlo","WOMEN","58266","스포츠 유틸리티 웨어 > 이너웨어 > 브라탑","rejected","","","","not_applicable","not_applicable","not_applicable","not_applicable","not_applicable","","","rejected","false","preserved existing rejected decision"
"uniqlo","WOMEN","58265","스포츠 유틸리티 웨어 > 이너웨어 > 브라","rejected","","","","not_applicable","not_applicable","not_applicable","not_applicable","not_applicable","","","rejected","false","preserved existing rejected decision"
"uniqlo","WOMEN","58267","스포츠 유틸리티 웨어 > 이너웨어 > 양말","rejected","","","","not_applicable","not_applicable","not_applicable","not_applicable","not_applicable","","","rejected","false","preserved existing rejected decision"
"uniqlo","WOMEN","58271","스포츠 유틸리티 웨어 > 액세서리 > 선글라스","rejected","","","","not_applicable","not_applicable","not_applicable","not_applicable","not_applicable","","","rejected","false","preserved existing rejected decision"
"uniqlo","WOMEN","58269","스포츠 유틸리티 웨어 > 액세서리 > 모자","rejected","","","","not_applicable","not_applicable","not_applicable","not_applicable","not_applicable","","","rejected","false","preserved existing rejected decision"
"uniqlo","WOMEN","73371","스포츠 유틸리티 웨어 > 액세서리 > 암커버","rejected","","","","not_applicable","not_applicable","not_applicable","not_applicable","not_applicable","","","rejected","false","preserved existing rejected decision"
"uniqlo","WOMEN","58270","스포츠 유틸리티 웨어 > 액세서리 > 신발","rejected","","","","not_applicable","not_applicable","not_applicable","not_applicable","not_applicable","","","rejected","false","preserved existing rejected decision"
"uniqlo","WOMEN","98330","스포츠 유틸리티 웨어 > 액세서리 > 장갑","rejected","","","","not_applicable","not_applicable","not_applicable","not_applicable","not_applicable","","","rejected","false","preserved existing rejected decision"
"uniqlo","WOMEN","58268","스포츠 유틸리티 웨어 > 액세서리 > 스카프 & 넥워머","rejected","","","","not_applicable","not_applicable","not_applicable","not_applicable","not_applicable","","","rejected","false","preserved existing rejected decision"
"uniqlo","WOMEN","62580","스포츠 유틸리티 웨어 > 액세서리 > 그 외","rejected","","","","not_applicable","not_applicable","not_applicable","not_applicable","not_applicable","","","rejected","false","preserved existing rejected decision"
"uniqlo","WOMEN","114799","UV Protection > 재킷 & 파카 > 포켓터블","review_required","","","","not_applicable","not_applicable","not_applicable","not_applicable","not_applicable","","","review_required","false","preserved existing review_required decision"
"uniqlo","WOMEN","114800","UV Protection > 재킷 & 파카 > 에어리즘","review_required","","","","not_applicable","not_applicable","not_applicable","not_applicable","not_applicable","","","review_required","false","preserved existing review_required decision"
"uniqlo","WOMEN","115518","UV Protection > 재킷 & 파카 > 그 외","review_required","","","","not_applicable","not_applicable","not_applicable","not_applicable","not_applicable","","","review_required","false","preserved existing review_required decision"
"uniqlo","WOMEN","114801","UV Protection > 가디건 > 가디건","confirmed","tops","cardigan","cardigan","not_applicable","not_applicable","not_applicable","not_applicable","not_applicable","other","other","direct","true","preserved existing confirmed decision"
"uniqlo","WOMEN","115519","UV Protection > 팬츠 & 레깅스 > 팬츠","review_required","","","","not_applicable","not_applicable","not_applicable","not_applicable","not_applicable","","","review_required","false","preserved existing review_required decision"
"uniqlo","WOMEN","114802","UV Protection > 팬츠 & 레깅스 > 레깅스","confirmed","leggings","leggings","leggings","not_applicable","not_applicable","not_applicable","not_applicable","not_applicable","leggings","other_leggings","direct","true","preserved existing confirmed decision"
"uniqlo","WOMEN","115580","UV Protection > 액세서리 > 선글라스","rejected","","","","not_applicable","not_applicable","not_applicable","not_applicable","not_applicable","","","rejected","false","preserved existing rejected decision"
"uniqlo","WOMEN","139700","UV Protection > 액세서리 > 그 외","rejected","","","","not_applicable","not_applicable","not_applicable","not_applicable","not_applicable","","","rejected","false","preserved existing rejected decision"
"uniqlo","WOMEN","114921","UV Protection > 액세서리 > 우산","rejected","","","","not_applicable","not_applicable","not_applicable","not_applicable","not_applicable","","","rejected","false","preserved existing rejected decision"
"uniqlo","WOMEN","114803","UV Protection > 액세서리 > 모자","rejected","","","","not_applicable","not_applicable","not_applicable","not_applicable","not_applicable","","","rejected","false","preserved existing rejected decision"
"uniqlo","WOMEN","116869","리넨 > 셔츠 & 티셔츠 > 셔츠","confirmed","tops","shirt_blouse","shirt_blouse","not_applicable","not_applicable","not_applicable","not_applicable","not_applicable","tops","shirt_blouse","direct","true","preserved existing confirmed decision"
"uniqlo","WOMEN","116870","리넨 > 셔츠 & 티셔츠 > 티셔츠","confirmed","tops","tshirt","tshirt","not_applicable","not_applicable","not_applicable","not_applicable","not_applicable","tops","shirt_blouse","direct","true","preserved existing confirmed decision"
"uniqlo","WOMEN","120300","리넨 > 셔츠 & 티셔츠 > 오픈칼라셔츠","confirmed","tops","shirt_blouse","shirt_blouse","not_applicable","not_applicable","not_applicable","not_applicable","not_applicable","tops","shirt_blouse","direct","true","preserved existing confirmed decision"
"uniqlo","WOMEN","120301","리넨 > 셔츠 & 티셔츠 > 그 외","review_required","","","","not_applicable","not_applicable","not_applicable","not_applicable","not_applicable","","","review_required","false","preserved existing review_required decision"
"uniqlo","WOMEN","116868","리넨 > 재킷 > 재킷","review_required","","","","not_applicable","not_applicable","not_applicable","not_applicable","not_applicable","","","review_required","false","preserved existing review_required decision"
"uniqlo","WOMEN","116871","리넨 > 팬츠 > 팬츠","confirmed","","other_standard_pants","standard_pants","not_applicable","not_applicable","not_applicable","not_applicable","not_applicable","bottoms","casual_pants","direct","true","preserved existing confirmed decision"
"uniqlo","WOMEN","116910","리넨 > 스커트 & 원피스 > 원피스 & 스커트","review_required","","","","not_applicable","not_applicable","not_applicable","not_applicable","not_applicable","","","review_required","false","preserved existing review_required decision"
"uniqlo","WOMEN","141910","리넨 > 액세서리 > 모자","rejected","","","","not_applicable","not_applicable","not_applicable","not_applicable","not_applicable","","","rejected","false","preserved existing rejected decision"
"uniqlo","WOMEN","122737","Special Collaborations > UNIQLO : C > Pre Launch","review_required","","","","not_applicable","not_applicable","not_applicable","not_applicable","not_applicable","","","review_required","false","preserved existing review_required decision"
"uniqlo","WOMEN","107565","Special Collaborations > UNIQLO : C > Outerwear","review_required","","","","not_applicable","not_applicable","not_applicable","not_applicable","not_applicable","","","review_required","false","preserved existing review_required decision"
"uniqlo","WOMEN","107567","Special Collaborations > UNIQLO : C > Knitwear","review_required","","","","not_applicable","not_applicable","not_applicable","not_applicable","not_applicable","","","review_required","false","preserved existing review_required decision"
"uniqlo","WOMEN","107566","Special Collaborations > UNIQLO : C > Shirts and Blouses","confirmed","tops","shirt_blouse","shirt_blouse","not_applicable","not_applicable","not_applicable","not_applicable","not_applicable","tops","shirt_blouse","direct","true","preserved existing confirmed decision"
"uniqlo","WOMEN","107569","Special Collaborations > UNIQLO : C > Sweats","confirmed","tops","sweatshirt","sweatshirt","not_applicable","not_applicable","not_applicable","not_applicable","not_applicable","tops","sweatshirt","direct","true","preserved existing confirmed decision"
"uniqlo","WOMEN","107570","Special Collaborations > UNIQLO : C > Bottoms","review_required","","","","not_applicable","not_applicable","not_applicable","not_applicable","not_applicable","","","review_required","false","preserved existing review_required decision"
"uniqlo","WOMEN","107571","Special Collaborations > UNIQLO : C > Skirts","confirmed","skirts","skirt","skirt","not_applicable","not_applicable","not_applicable","not_applicable","not_applicable","skirts","skirt","direct","true","preserved existing confirmed decision"
"uniqlo","WOMEN","107572","Special Collaborations > UNIQLO : C > Dresses","rejected","","","","not_applicable","not_applicable","not_applicable","not_applicable","not_applicable","","","rejected","false","preserved existing rejected decision"
"uniqlo","WOMEN","107573","Special Collaborations > UNIQLO : C > Heattech","review_required","","","","not_applicable","not_applicable","not_applicable","not_applicable","not_applicable","","","review_required","false","preserved existing review_required decision"
"uniqlo","WOMEN","107575","Special Collaborations > UNIQLO : C > Accessories","review_required","","","","not_applicable","not_applicable","not_applicable","not_applicable","not_applicable","","","review_required","false","preserved existing review_required decision"
"uniqlo","WOMEN","107576","Special Collaborations > UNIQLO : C > Shoes","rejected","","","","not_applicable","not_applicable","not_applicable","not_applicable","not_applicable","","","rejected","false","preserved existing rejected decision"
"uniqlo","WOMEN","107577","Special Collaborations > UNIQLO : C > Bags","rejected","","","","not_applicable","not_applicable","not_applicable","not_applicable","not_applicable","","","rejected","false","preserved existing rejected decision"
"uniqlo","WOMEN","135493","Special Collaborations > UNIQLO : C > Sunglasses","rejected","","","","not_applicable","not_applicable","not_applicable","not_applicable","not_applicable","","","rejected","false","preserved existing rejected decision"
"uniqlo","WOMEN","122738","Special Collaborations > UNIQLO : C > Knitwear","review_required","","","","not_applicable","not_applicable","not_applicable","not_applicable","not_applicable","","","review_required","false","preserved existing review_required decision"
"uniqlo","WOMEN","135482","Special Collaborations > UNIQLO : C > Coats","confirmed","outerwear","coat","coat","not_applicable","not_applicable","not_applicable","not_applicable","not_applicable","outerwear","coat","direct","true","preserved existing confirmed decision"
"uniqlo","WOMEN","135484","Special Collaborations > UNIQLO : C > Blousons","confirmed","outerwear","blouson","blouson","not_applicable","not_applicable","not_applicable","not_applicable","not_applicable","other","other","direct","true","preserved existing confirmed decision"
"uniqlo","WOMEN","135485","Special Collaborations > UNIQLO : C > Wide Fit","review_required","","","","not_applicable","not_applicable","not_applicable","not_applicable","not_applicable","","","review_required","false","preserved existing review_required decision"
"uniqlo","WOMEN","135489","Special Collaborations > UNIQLO : C > Midi","review_required","","","","not_applicable","not_applicable","not_applicable","not_applicable","not_applicable","","","review_required","false","preserved existing review_required decision"
"uniqlo","WOMEN","135490","Special Collaborations > UNIQLO : C > Long","review_required","","","","not_applicable","not_applicable","not_applicable","not_applicable","not_applicable","","","review_required","false","preserved existing review_required decision"
"uniqlo","WOMEN","135486","Special Collaborations > UNIQLO : C > Short Length","review_required","","","","not_applicable","not_applicable","not_applicable","not_applicable","not_applicable","","","review_required","false","preserved existing review_required decision"
"uniqlo","WOMEN","135491","Special Collaborations > UNIQLO : C > Sleeveless","review_required","","","","not_applicable","not_applicable","not_applicable","not_applicable","not_applicable","","","review_required","false","preserved existing review_required decision"
"uniqlo","WOMEN","146112","Special Collaborations > UNIQLO : C > Cashmere","review_required","","","","not_applicable","not_applicable","not_applicable","not_applicable","not_applicable","","","review_required","false","preserved existing review_required decision"
"uniqlo","WOMEN","146111","Special Collaborations > UNIQLO : C > Cotton","review_required","","","","not_applicable","not_applicable","not_applicable","not_applicable","not_applicable","","","review_required","false","preserved existing review_required decision"
"uniqlo","WOMEN","140172","Special Collaborations > UNIQLO : C > Premium Linen","review_required","","","","not_applicable","not_applicable","not_applicable","not_applicable","not_applicable","","","review_required","false","preserved existing review_required decision"
"uniqlo","WOMEN","146113","Special Collaborations > UNIQLO : C > Turtle neck","review_required","","","","not_applicable","not_applicable","not_applicable","not_applicable","not_applicable","","","review_required","false","preserved existing review_required decision"
"uniqlo","WOMEN","146114","Special Collaborations > UNIQLO : C > Crew neck","review_required","","","","not_applicable","not_applicable","not_applicable","not_applicable","not_applicable","","","review_required","false","preserved existing review_required decision"
"uniqlo","WOMEN","107578","Special Collaborations > UNIQLO : C > Unisex","review_required","","","","not_applicable","not_applicable","not_applicable","not_applicable","not_applicable","","","review_required","false","preserved existing review_required decision"
"uniqlo","WOMEN","107581","Special Collaborations > UNIQLO : C > Others","review_required","","","","not_applicable","not_applicable","not_applicable","not_applicable","not_applicable","","","review_required","false","preserved existing review_required decision"
"uniqlo","WOMEN","107580","Special Collaborations > UNIQLO : C > Fall And Winter","review_required","","","","not_applicable","not_applicable","not_applicable","not_applicable","not_applicable","","","review_required","false","preserved existing review_required decision"
"uniqlo","WOMEN","107579","Special Collaborations > UNIQLO : C > Spring And Summer","review_required","","","","not_applicable","not_applicable","not_applicable","not_applicable","not_applicable","","","review_required","false","preserved existing review_required decision"
"uniqlo","WOMEN","145308","Special Collaborations > UNIQLO F.RISSO > Shirts and Polo shirt","review_required","","","","not_applicable","not_applicable","not_applicable","not_applicable","not_applicable","","","review_required","false","preserved existing review_required decision"
"uniqlo","WOMEN","145309","Special Collaborations > UNIQLO F.RISSO > T-Shirts","confirmed","tops","tshirt","tshirt","not_applicable","not_applicable","not_applicable","not_applicable","not_applicable","tops","shirt_blouse","direct","true","preserved existing confirmed decision"
"uniqlo","WOMEN","145310","Special Collaborations > UNIQLO F.RISSO > Skirts and dresses","review_required","","","","not_applicable","not_applicable","not_applicable","not_applicable","not_applicable","","","review_required","false","preserved existing review_required decision"
"uniqlo","WOMEN","145311","Special Collaborations > UNIQLO F.RISSO > Skirt","confirmed","skirts","skirt","skirt","not_applicable","not_applicable","not_applicable","not_applicable","not_applicable","skirts","skirt","direct","true","preserved existing confirmed decision"
"uniqlo","WOMEN","145312","Special Collaborations > UNIQLO F.RISSO > Dresses","rejected","","","","not_applicable","not_applicable","not_applicable","not_applicable","not_applicable","","","rejected","false","preserved existing rejected decision"
"uniqlo","WOMEN","145313","Special Collaborations > UNIQLO F.RISSO > Bottoms","review_required","","","","not_applicable","not_applicable","not_applicable","not_applicable","not_applicable","","","review_required","false","preserved existing review_required decision"
"uniqlo","WOMEN","145314","Special Collaborations > UNIQLO F.RISSO > Accessories","review_required","","","","not_applicable","not_applicable","not_applicable","not_applicable","not_applicable","","","review_required","false","preserved existing review_required decision"
"uniqlo","WOMEN","145315","Special Collaborations > UNIQLO F.RISSO > Socks","rejected","","","","not_applicable","not_applicable","not_applicable","not_applicable","not_applicable","","","rejected","false","preserved existing rejected decision"
"uniqlo","WOMEN","145316","Special Collaborations > UNIQLO F.RISSO > Sleeveless","review_required","","","","not_applicable","not_applicable","not_applicable","not_applicable","not_applicable","","","review_required","false","preserved existing review_required decision"
"uniqlo","WOMEN","145317","Special Collaborations > UNIQLO F.RISSO > Long","review_required","","","","not_applicable","not_applicable","not_applicable","not_applicable","not_applicable","","","review_required","false","preserved existing review_required decision"
"uniqlo","WOMEN","145318","Special Collaborations > UNIQLO F.RISSO > Unisex","review_required","","","","not_applicable","not_applicable","not_applicable","not_applicable","not_applicable","","","review_required","false","preserved existing review_required decision"
"uniqlo","WOMEN","145319","Special Collaborations > UNIQLO F.RISSO > Others","review_required","","","","not_applicable","not_applicable","not_applicable","not_applicable","not_applicable","","","review_required","false","preserved existing review_required decision"
"uniqlo","WOMEN","143069","Special Collaborations > UNIQLO and Cecilie Bahnsen > Skirts","confirmed","skirts","skirt","skirt","not_applicable","not_applicable","not_applicable","not_applicable","not_applicable","skirts","skirt","direct","true","preserved existing confirmed decision"
"uniqlo","WOMEN","143067","Special Collaborations > UNIQLO and Cecilie Bahnsen > T-Shirts","confirmed","tops","tshirt","tshirt","not_applicable","not_applicable","not_applicable","not_applicable","not_applicable","tops","shirt_blouse","direct","true","preserved existing confirmed decision"
"uniqlo","WOMEN","143068","Special Collaborations > UNIQLO and Cecilie Bahnsen > Dresses","rejected","","","","not_applicable","not_applicable","not_applicable","not_applicable","not_applicable","","","rejected","false","preserved existing rejected decision"
"uniqlo","WOMEN","143070","Special Collaborations > UNIQLO and Cecilie Bahnsen > Short Half Sleeve","review_required","","","","not_applicable","not_applicable","not_applicable","not_applicable","not_applicable","","","review_required","false","preserved existing review_required decision"
"uniqlo","WOMEN","143071","Special Collaborations > UNIQLO and Cecilie Bahnsen > Sleeveless","review_required","","","","not_applicable","not_applicable","not_applicable","not_applicable","not_applicable","","","review_required","false","preserved existing review_required decision"
"uniqlo","WOMEN","143072","Special Collaborations > UNIQLO and Cecilie Bahnsen > Others","review_required","","","","not_applicable","not_applicable","not_applicable","not_applicable","not_applicable","","","review_required","false","preserved existing review_required decision"
"uniqlo","WOMEN","107556","Special Collaborations > Uniqlo U > Outerwear","review_required","","","","not_applicable","not_applicable","not_applicable","not_applicable","not_applicable","","","review_required","false","preserved existing review_required decision"
"uniqlo","WOMEN","107559","Special Collaborations > Uniqlo U > Cut and Sewn","review_required","","","","not_applicable","not_applicable","not_applicable","not_applicable","not_applicable","","","review_required","false","preserved existing review_required decision"
"uniqlo","WOMEN","107560","Special Collaborations > Uniqlo U > Shirts","confirmed","tops","shirt_blouse","shirt_blouse","not_applicable","not_applicable","not_applicable","not_applicable","not_applicable","tops","shirt_blouse","direct","true","preserved existing confirmed decision"
"uniqlo","WOMEN","139435","Special Collaborations > Uniqlo U > Knitwear","review_required","","","","not_applicable","not_applicable","not_applicable","not_applicable","not_applicable","","","review_required","false","preserved existing review_required decision"
"uniqlo","WOMEN","107562","Special Collaborations > Uniqlo U > Cardigan","confirmed","tops","cardigan","cardigan","not_applicable","not_applicable","not_applicable","not_applicable","not_applicable","other","other","direct","true","preserved existing confirmed decision"
"uniqlo","WOMEN","107557","Special Collaborations > Uniqlo U > Bottoms","review_required","","","","not_applicable","not_applicable","not_applicable","not_applicable","not_applicable","","","review_required","false","preserved existing review_required decision"
"uniqlo","WOMEN","107558","Special Collaborations > Uniqlo U > Skirt","confirmed","skirts","skirt","skirt","not_applicable","not_applicable","not_applicable","not_applicable","not_applicable","skirts","skirt","direct","true","preserved existing confirmed decision"
"uniqlo","WOMEN","107563","Special Collaborations > Uniqlo U > Dresses","rejected","","","","not_applicable","not_applicable","not_applicable","not_applicable","not_applicable","","","rejected","false","preserved existing rejected decision"
"uniqlo","WOMEN","107564","Special Collaborations > Uniqlo U > Accessories","review_required","","","","not_applicable","not_applicable","not_applicable","not_applicable","not_applicable","","","review_required","false","preserved existing review_required decision"
"uniqlo","WOMEN","139444","Special Collaborations > Uniqlo U > Bags","rejected","","","","not_applicable","not_applicable","not_applicable","not_applicable","not_applicable","","","rejected","false","preserved existing rejected decision"
"uniqlo","WOMEN","139443","Special Collaborations > Uniqlo U > Belts","rejected","","","","not_applicable","not_applicable","not_applicable","not_applicable","not_applicable","","","rejected","false","preserved existing rejected decision"
"uniqlo","WOMEN","139442","Special Collaborations > Uniqlo U > Vest","review_required","","","","not_applicable","not_applicable","not_applicable","not_applicable","not_applicable","","","review_required","false","preserved existing review_required decision"
"uniqlo","WOMEN","107561","Special Collaborations > Uniqlo U > Sweaters & Cardigan","review_required","","","","not_applicable","not_applicable","not_applicable","not_applicable","not_applicable","","","review_required","false","preserved existing review_required decision"
"uniqlo","WOMEN","139436","Special Collaborations > Uniqlo U > Blousons","confirmed","outerwear","blouson","blouson","not_applicable","not_applicable","not_applicable","not_applicable","not_applicable","other","other","direct","true","preserved existing confirmed decision"
"uniqlo","WOMEN","139438","Special Collaborations > Uniqlo U > Parkers","review_required","","","","not_applicable","not_applicable","not_applicable","not_applicable","not_applicable","","","review_required","false","preserved existing review_required decision"
"uniqlo","WOMEN","139437","Special Collaborations > Uniqlo U > Jackets","review_required","","","","not_applicable","not_applicable","not_applicable","not_applicable","not_applicable","","","review_required","false","preserved existing review_required decision"
"uniqlo","WOMEN","139439","Special Collaborations > Uniqlo U > Wide Fit","review_required","","","","not_applicable","not_applicable","not_applicable","not_applicable","not_applicable","","","review_required","false","preserved existing review_required decision"
"uniqlo","WOMEN","139441","Special Collaborations > Uniqlo U > Short Sleeve","review_required","","","","not_applicable","not_applicable","not_applicable","not_applicable","not_applicable","","","review_required","false","preserved existing review_required decision"
"uniqlo","WOMEN","139447","Special Collaborations > Uniqlo U > Short Half Sleeve","review_required","","","","not_applicable","not_applicable","not_applicable","not_applicable","not_applicable","","","review_required","false","preserved existing review_required decision"
"uniqlo","WOMEN","139440","Special Collaborations > Uniqlo U > Long Sleeve","review_required","","","","not_applicable","not_applicable","not_applicable","not_applicable","not_applicable","","","review_required","false","preserved existing review_required decision"
"uniqlo","WOMEN","139448","Special Collaborations > Uniqlo U > Long","review_required","","","","not_applicable","not_applicable","not_applicable","not_applicable","not_applicable","","","review_required","false","preserved existing review_required decision"
"uniqlo","WOMEN","139455","Special Collaborations > Uniqlo U > Short Length","review_required","","","","not_applicable","not_applicable","not_applicable","not_applicable","not_applicable","","","review_required","false","preserved existing review_required decision"
"uniqlo","WOMEN","139456","Special Collaborations > Uniqlo U > Regular Length","review_required","","","","not_applicable","not_applicable","not_applicable","not_applicable","not_applicable","","","review_required","false","preserved existing review_required decision"
"uniqlo","WOMEN","139457","Special Collaborations > Uniqlo U > Long Length","review_required","","","","not_applicable","not_applicable","not_applicable","not_applicable","not_applicable","","","review_required","false","preserved existing review_required decision"
"uniqlo","WOMEN","139450","Special Collaborations > Uniqlo U > Cotton","review_required","","","","not_applicable","not_applicable","not_applicable","not_applicable","not_applicable","","","review_required","false","preserved existing review_required decision"
"uniqlo","WOMEN","139445","Special Collaborations > Uniqlo U > Airism","review_required","","","","not_applicable","not_applicable","not_applicable","not_applicable","not_applicable","","","review_required","false","preserved existing review_required decision"
"uniqlo","WOMEN","141036","Special Collaborations > Uniqlo U > Coming Soon","review_required","","","","not_applicable","not_applicable","not_applicable","not_applicable","not_applicable","","","review_required","false","preserved existing review_required decision"
"uniqlo","WOMEN","126801","Special Collaborations > Uniqlo U > Unisex","review_required","","","","not_applicable","not_applicable","not_applicable","not_applicable","not_applicable","","","review_required","false","preserved existing review_required decision"
"uniqlo","WOMEN","139452","Special Collaborations > Uniqlo U > Others","review_required","","","","not_applicable","not_applicable","not_applicable","not_applicable","not_applicable","","","review_required","false","preserved existing review_required decision"
"uniqlo","WOMEN","149794","Special Collaborations > UNIQLO and JW ANDERSON > Pre launch","review_required","","","","unknown","unknown","not_applicable","not_applicable","unknown","","","review_required","false","official product identifiers unavailable within observed source"
"uniqlo","WOMEN","107594","Special Collaborations > UNIQLO and JW ANDERSON > Outerwear","review_required","","","","not_applicable","not_applicable","not_applicable","not_applicable","not_applicable","","","review_required","false","preserved existing review_required decision"
"uniqlo","WOMEN","107595","Special Collaborations > UNIQLO and JW ANDERSON > Bottoms","review_required","","","","not_applicable","not_applicable","not_applicable","not_applicable","not_applicable","","","review_required","false","preserved existing review_required decision"
"uniqlo","WOMEN","107597","Special Collaborations > UNIQLO and JW ANDERSON > Cut & Sewn","review_required","","","","not_applicable","not_applicable","not_applicable","not_applicable","not_applicable","","","review_required","false","preserved existing review_required decision"
"uniqlo","WOMEN","107598","Special Collaborations > UNIQLO and JW ANDERSON > Shirts","confirmed","tops","shirt_blouse","shirt_blouse","not_applicable","not_applicable","not_applicable","not_applicable","not_applicable","tops","shirt_blouse","direct","true","preserved existing confirmed decision"
"uniqlo","WOMEN","149790","Special Collaborations > UNIQLO and JW ANDERSON > Knitwear","review_required","","","","unknown","unknown","not_applicable","not_applicable","unknown","","","review_required","false","official product identifiers unavailable within observed source"
"uniqlo","WOMEN","126802","Special Collaborations > UNIQLO and JW ANDERSON > Sweaters","confirmed","tops","knit_sweater","knit_sweater","not_applicable","not_applicable","not_applicable","not_applicable","not_applicable","tops","knit_sweater","direct","true","preserved existing confirmed decision"
"uniqlo","WOMEN","149795","Special Collaborations > UNIQLO and JW ANDERSON > Cardigans","review_required","","","","unknown","unknown","not_applicable","not_applicable","unknown","","","review_required","false","official product identifiers unavailable within observed source"
"uniqlo","WOMEN","149788","Special Collaborations > UNIQLO and JW ANDERSON > Skirt And Dresses","review_required","","","","unknown","unknown","not_applicable","not_applicable","unknown","","","review_required","false","official product identifiers unavailable within observed source"
"uniqlo","WOMEN","107596","Special Collaborations > UNIQLO and JW ANDERSON > Skirt","confirmed","skirts","skirt","skirt","not_applicable","not_applicable","not_applicable","not_applicable","not_applicable","skirts","skirt","direct","true","preserved existing confirmed decision"
"uniqlo","WOMEN","107600","Special Collaborations > UNIQLO and JW ANDERSON > Dresses","rejected","","","","not_applicable","not_applicable","not_applicable","not_applicable","not_applicable","","","rejected","false","preserved existing rejected decision"
"uniqlo","WOMEN","127261","Special Collaborations > UNIQLO and JW ANDERSON > Socks","rejected","","","","not_applicable","not_applicable","not_applicable","not_applicable","not_applicable","","","rejected","false","preserved existing rejected decision"
"uniqlo","WOMEN","107601","Special Collaborations > UNIQLO and JW ANDERSON > Accessories","review_required","","","","not_applicable","not_applicable","not_applicable","not_applicable","not_applicable","","","review_required","false","preserved existing review_required decision"
"uniqlo","WOMEN","134548","Special Collaborations > UNIQLO and JW ANDERSON > Bags","rejected","","","","not_applicable","not_applicable","not_applicable","not_applicable","not_applicable","","","rejected","false","preserved existing rejected decision"
"uniqlo","WOMEN","134549","Special Collaborations > UNIQLO and JW ANDERSON > Regular Fit","review_required","","","","not_applicable","not_applicable","not_applicable","not_applicable","not_applicable","","","review_required","false","preserved existing review_required decision"
"uniqlo","WOMEN","134550","Special Collaborations > UNIQLO and JW ANDERSON > Barrel Leg","review_required","","","","not_applicable","not_applicable","not_applicable","not_applicable","not_applicable","","","review_required","false","preserved existing review_required decision"
"uniqlo","WOMEN","134551","Special Collaborations > UNIQLO and JW ANDERSON > Wide Fit","review_required","","","","not_applicable","not_applicable","not_applicable","not_applicable","not_applicable","","","review_required","false","preserved existing review_required decision"
"uniqlo","WOMEN","134552","Special Collaborations > UNIQLO and JW ANDERSON > Mini","review_required","","","","not_applicable","not_applicable","not_applicable","not_applicable","not_applicable","","","review_required","false","preserved existing review_required decision"
"uniqlo","WOMEN","134553","Special Collaborations > UNIQLO and JW ANDERSON > Regular Length","review_required","","","","not_applicable","not_applicable","not_applicable","not_applicable","not_applicable","","","review_required","false","preserved existing review_required decision"
"uniqlo","WOMEN","134554","Special Collaborations > UNIQLO and JW ANDERSON > Short Length","review_required","","","","not_applicable","not_applicable","not_applicable","not_applicable","not_applicable","","","review_required","false","preserved existing review_required decision"
"uniqlo","WOMEN","134555","Special Collaborations > UNIQLO and JW ANDERSON > Long Length","review_required","","","","not_applicable","not_applicable","not_applicable","not_applicable","not_applicable","","","review_required","false","preserved existing review_required decision"
"uniqlo","WOMEN","134556","Special Collaborations > UNIQLO and JW ANDERSON > Long Sleeve","review_required","","","","not_applicable","not_applicable","not_applicable","not_applicable","not_applicable","","","review_required","false","preserved existing review_required decision"
"uniqlo","WOMEN","134557","Special Collaborations > UNIQLO and JW ANDERSON > Short Half Sleeve","review_required","","","","not_applicable","not_applicable","not_applicable","not_applicable","not_applicable","","","review_required","false","preserved existing review_required decision"
"uniqlo","WOMEN","134558","Special Collaborations > UNIQLO and JW ANDERSON > Regular Socks","rejected","","","","not_applicable","not_applicable","not_applicable","not_applicable","not_applicable","","","rejected","false","preserved existing rejected decision"
"uniqlo","WOMEN","134559","Special Collaborations > UNIQLO and JW ANDERSON > Half Socks","rejected","","","","not_applicable","not_applicable","not_applicable","not_applicable","not_applicable","","","rejected","false","preserved existing rejected decision"
"uniqlo","WOMEN","134560","Special Collaborations > UNIQLO and JW ANDERSON > Denim","review_required","","","","not_applicable","not_applicable","not_applicable","not_applicable","not_applicable","","","review_required","false","preserved existing review_required decision"
"uniqlo","WOMEN","134561","Special Collaborations > UNIQLO and JW ANDERSON > Crew Neck","review_required","","","","not_applicable","not_applicable","not_applicable","not_applicable","not_applicable","","","review_required","false","preserved existing review_required decision"
"uniqlo","WOMEN","134562","Special Collaborations > UNIQLO and JW ANDERSON > Polo","confirmed","tops","polo_shirt","polo_shirt","not_applicable","not_applicable","not_applicable","not_applicable","not_applicable","tops","polo_shirt","direct","true","preserved existing confirmed decision"
"uniqlo","WOMEN","149787","Special Collaborations > UNIQLO and JW ANDERSON > Genderless","review_required","","","","unknown","unknown","not_applicable","not_applicable","unknown","","","review_required","false","official product identifiers unavailable within observed source"
"uniqlo","WOMEN","134563","Special Collaborations > UNIQLO and JW ANDERSON > Others","review_required","","","","not_applicable","not_applicable","not_applicable","not_applicable","not_applicable","","","review_required","false","preserved existing review_required decision"
"uniqlo","WOMEN","113240","Special Collaborations > UNIQLO and COMPTOIR DES COTONNIERS > Jackets","review_required","","","","not_applicable","not_applicable","not_applicable","not_applicable","not_applicable","","","review_required","false","preserved existing review_required decision"
"uniqlo","WOMEN","113237","Special Collaborations > UNIQLO and COMPTOIR DES COTONNIERS > Shirts","confirmed","tops","shirt_blouse","shirt_blouse","not_applicable","not_applicable","not_applicable","not_applicable","not_applicable","tops","shirt_blouse","direct","true","preserved existing confirmed decision"
"uniqlo","WOMEN","113238","Special Collaborations > UNIQLO and COMPTOIR DES COTONNIERS > Knitwear","review_required","","","","not_applicable","not_applicable","not_applicable","not_applicable","not_applicable","","","review_required","false","preserved existing review_required decision"
"uniqlo","WOMEN","137653","Special Collaborations > UNIQLO and COMPTOIR DES COTONNIERS > Sweaters","confirmed","tops","knit_sweater","knit_sweater","not_applicable","not_applicable","not_applicable","not_applicable","not_applicable","tops","knit_sweater","direct","true","preserved existing confirmed decision"
"uniqlo","WOMEN","113236","Special Collaborations > UNIQLO and COMPTOIR DES COTONNIERS > T-Shirts","confirmed","tops","tshirt","tshirt","not_applicable","not_applicable","not_applicable","not_applicable","not_applicable","tops","shirt_blouse","direct","true","preserved existing confirmed decision"
"uniqlo","WOMEN","137691","Special Collaborations > UNIQLO and COMPTOIR DES COTONNIERS > Polo","confirmed","tops","polo_shirt","polo_shirt","not_applicable","not_applicable","not_applicable","not_applicable","not_applicable","tops","polo_shirt","direct","true","preserved existing confirmed decision"
"uniqlo","WOMEN","113239","Special Collaborations > UNIQLO and COMPTOIR DES COTONNIERS > Bottoms","review_required","","","","not_applicable","not_applicable","not_applicable","not_applicable","not_applicable","","","review_required","false","preserved existing review_required decision"
"uniqlo","WOMEN","137654","Special Collaborations > UNIQLO and COMPTOIR DES COTONNIERS > Skirt and Dresses","review_required","","","","not_applicable","not_applicable","not_applicable","not_applicable","not_applicable","","","review_required","false","preserved existing review_required decision"
"uniqlo","WOMEN","137686","Special Collaborations > UNIQLO and COMPTOIR DES COTONNIERS > Skirt","confirmed","skirts","skirt","skirt","not_applicable","not_applicable","not_applicable","not_applicable","not_applicable","skirts","skirt","direct","true","preserved existing confirmed decision"
"uniqlo","WOMEN","113241","Special Collaborations > UNIQLO and COMPTOIR DES COTONNIERS > Dresses","rejected","","","","not_applicable","not_applicable","not_applicable","not_applicable","not_applicable","","","rejected","false","preserved existing rejected decision"
"uniqlo","WOMEN","137689","Special Collaborations > UNIQLO and COMPTOIR DES COTONNIERS > Jumpsuits","rejected","","","","not_applicable","not_applicable","not_applicable","not_applicable","not_applicable","","","rejected","false","preserved existing rejected decision"
"uniqlo","WOMEN","137687","Special Collaborations > UNIQLO and COMPTOIR DES COTONNIERS > Short Sleeve","review_required","","","","not_applicable","not_applicable","not_applicable","not_applicable","not_applicable","","","review_required","false","preserved existing review_required decision"
"uniqlo","WOMEN","137688","Special Collaborations > UNIQLO and COMPTOIR DES COTONNIERS > Sleeveless","review_required","","","","not_applicable","not_applicable","not_applicable","not_applicable","not_applicable","","","review_required","false","preserved existing review_required decision"
"uniqlo","WOMEN","137690","Special Collaborations > UNIQLO and COMPTOIR DES COTONNIERS > Straight Fit","review_required","","","","not_applicable","not_applicable","not_applicable","not_applicable","not_applicable","","","review_required","false","preserved existing review_required decision"
"uniqlo","WOMEN","137692","Special Collaborations > UNIQLO and COMPTOIR DES COTONNIERS > Crew Neck","review_required","","","","not_applicable","not_applicable","not_applicable","not_applicable","not_applicable","","","review_required","false","preserved existing review_required decision"
"uniqlo","WOMEN","137693","Special Collaborations > UNIQLO and COMPTOIR DES COTONNIERS > V Neck","review_required","","","","not_applicable","not_applicable","not_applicable","not_applicable","not_applicable","","","review_required","false","preserved existing review_required decision"
"uniqlo","WOMEN","137694","Special Collaborations > UNIQLO and COMPTOIR DES COTONNIERS > Others","review_required","","","","not_applicable","not_applicable","not_applicable","not_applicable","not_applicable","","","review_required","false","preserved existing review_required decision"
"uniqlo","WOMEN","124435","GU > 상의 > 티셔츠","confirmed","tops","tshirt","tshirt","not_applicable","not_applicable","not_applicable","not_applicable","not_applicable","tops","shirt_blouse","direct","true","preserved existing confirmed decision"
"uniqlo","WOMEN","124436","GU > 상의 > 스웨트","confirmed","tops","sweatshirt","sweatshirt","not_applicable","not_applicable","not_applicable","not_applicable","not_applicable","tops","sweatshirt","direct","true","preserved existing confirmed decision"
"uniqlo","WOMEN","124437","GU > 상의 > 셔츠","confirmed","tops","shirt_blouse","shirt_blouse","not_applicable","not_applicable","not_applicable","not_applicable","not_applicable","tops","shirt_blouse","direct","true","preserved existing confirmed decision"
"uniqlo","WOMEN","124438","GU > 상의 > 니트 & 가디건","review_required","","","","not_applicable","not_applicable","not_applicable","not_applicable","not_applicable","","","review_required","false","preserved existing review_required decision"
"uniqlo","WOMEN","126804","GU > 상의 > 유니섹스","review_required","","","","not_applicable","not_applicable","not_applicable","not_applicable","not_applicable","","","review_required","false","preserved existing review_required decision"
"uniqlo","WOMEN","124441","GU > 팬츠 > 진","confirmed","bottoms","denim_pants","standard_pants","not_applicable","long_length","not_applicable","not_applicable","not_applicable","bottoms","jeans","direct","true","preserved existing confirmed decision"
"uniqlo","WOMEN","124442","GU > 팬츠 > 팬츠","confirmed","","other_standard_pants","standard_pants","not_applicable","not_applicable","not_applicable","not_applicable","not_applicable","bottoms","casual_pants","direct","true","preserved existing confirmed decision"
"uniqlo","WOMEN","126805","GU > 팬츠 > 유니섹스","review_required","","","","not_applicable","not_applicable","not_applicable","not_applicable","not_applicable","","","review_required","false","preserved existing review_required decision"
"uniqlo","WOMEN","124439","GU > 원피스 & 스커트 > 원피스","rejected","","","","not_applicable","not_applicable","not_applicable","not_applicable","not_applicable","","","rejected","false","preserved existing rejected decision"
"uniqlo","WOMEN","124440","GU > 원피스 & 스커트 > 스커트","confirmed","skirts","skirt","skirt","not_applicable","not_applicable","not_applicable","not_applicable","not_applicable","skirts","skirt","direct","true","preserved existing confirmed decision"
"uniqlo","WOMEN","141120","GU > 라운지웨어 & 홈웨어 > 파자마","rejected","","","","not_applicable","not_applicable","not_applicable","not_applicable","not_applicable","","","rejected","false","preserved existing rejected decision"
"uniqlo","MEN","98353","티셔츠 & 스웨트셔츠 & UT > 티셔츠 (반팔 & 긴팔) > pick up","confirmed","tops","tshirt","tshirt","not_applicable","not_applicable","not_applicable","not_applicable","not_applicable","tops","sweatshirt","direct","true","preserved existing confirmed decision"
"uniqlo","MEN","58395","티셔츠 & 스웨트셔츠 & UT > 티셔츠 (반팔 & 긴팔) > 반팔","confirmed","tops","tshirt","tshirt","short_sleeve","not_applicable","not_applicable","not_applicable","not_applicable","tops","short_sleeve","direct","true","preserved existing confirmed decision"
"uniqlo","MEN","81226","티셔츠 & 스웨트셔츠 & UT > 티셔츠 (반팔 & 긴팔) > 코튼","confirmed","tops","tshirt","tshirt","not_applicable","not_applicable","not_applicable","not_applicable","not_applicable","tops","sweatshirt","direct","true","preserved existing confirmed decision"
"uniqlo","MEN","58397","티셔츠 & 스웨트셔츠 & UT > 티셔츠 (반팔 & 긴팔) > 슬리브리스","confirmed","tops","tshirt","tshirt","sleeveless","not_applicable","not_applicable","not_applicable","not_applicable","tops","sleeveless","direct","true","preserved existing confirmed decision"
"uniqlo","MEN","58394","티셔츠 & 스웨트셔츠 & UT > 티셔츠 (반팔 & 긴팔) > 긴팔","confirmed","tops","tshirt","tshirt","long_sleeve","not_applicable","not_applicable","not_applicable","not_applicable","tops","long_sleeve","direct","true","preserved existing confirmed decision"
"uniqlo","MEN","98354","티셔츠 & 스웨트셔츠 & UT > 티셔츠 (반팔 & 긴팔) > DRY","confirmed","tops","tshirt","tshirt","not_applicable","not_applicable","not_applicable","not_applicable","not_applicable","tops","sweatshirt","direct","true","preserved existing confirmed decision"
"uniqlo","MEN","58393","티셔츠 & 스웨트셔츠 & UT > 티셔츠 (반팔 & 긴팔) > DRY-EX","confirmed","tops","tshirt","tshirt","not_applicable","not_applicable","not_applicable","not_applicable","not_applicable","tops","sweatshirt","direct","true","preserved existing confirmed decision"
"uniqlo","MEN","58390","티셔츠 & 스웨트셔츠 & UT > 티셔츠 (반팔 & 긴팔) > 에어리즘 코튼","confirmed","tops","tshirt","tshirt","not_applicable","not_applicable","not_applicable","not_applicable","not_applicable","tops","sweatshirt","direct","true","preserved existing confirmed decision"
"uniqlo","MEN","58400","티셔츠 & 스웨트셔츠 & UT > 티셔츠 (반팔 & 긴팔) > 그 외","confirmed","tops","tshirt","tshirt","not_applicable","not_applicable","not_applicable","not_applicable","not_applicable","tops","sweatshirt","direct","true","preserved existing confirmed decision"
"uniqlo","MEN","98355","티셔츠 & 스웨트셔츠 & UT > 티셔츠 (반팔 & 긴팔) > GU","confirmed","tops","tshirt","tshirt","not_applicable","not_applicable","not_applicable","not_applicable","not_applicable","tops","sweatshirt","direct","true","preserved existing confirmed decision"
"uniqlo","MEN","98351","티셔츠 & 스웨트셔츠 & UT > 티셔츠 (반팔 & 긴팔) > (X)소프트 브러시드","confirmed","tops","tshirt","tshirt","not_applicable","not_applicable","not_applicable","not_applicable","not_applicable","tops","sweatshirt","direct","true","preserved existing confirmed decision"
"uniqlo","MEN","125775","티셔츠 & 스웨트셔츠 & UT > 티셔츠 (반팔 & 긴팔) > (X)후리스","confirmed","tops","tshirt","tshirt","not_applicable","not_applicable","not_applicable","not_applicable","not_applicable","tops","sweatshirt","direct","true","preserved existing confirmed decision"
"uniqlo","MEN","58399","티셔츠 & 스웨트셔츠 & UT > 티셔츠 (반팔 & 긴팔) > (X)브이넥","confirmed","tops","tshirt","tshirt","not_applicable","not_applicable","not_applicable","not_applicable","not_applicable","tops","sweatshirt","direct","true","preserved existing confirmed decision"
"uniqlo","MEN","98356","티셔츠 & 스웨트셔츠 & UT > 티셔츠 (반팔 & 긴팔) > (X)터틀넥","confirmed","tops","tshirt","tshirt","not_applicable","not_applicable","not_applicable","not_applicable","not_applicable","tops","sweatshirt","direct","true","preserved existing confirmed decision"
"uniqlo","MEN","151480","티셔츠 & 스웨트셔츠 & UT > 티셔츠 (반팔 & 긴팔) > 와플","review_required","","","","short_sleeve","unknown","not_applicable","not_applicable","unknown","","","review_required","false","official product identifiers unavailable within observed source"
"uniqlo","MEN","58441","티셔츠 & 스웨트셔츠 & UT > 그래픽티셔츠 > 그 외","confirmed","tops","tshirt","tshirt","not_applicable","not_applicable","not_applicable","not_applicable","not_applicable","tops","sweatshirt","direct","true","preserved existing confirmed decision"
"uniqlo","MEN","112711","티셔츠 & 스웨트셔츠 & UT > 그래픽티셔츠 > Pokémon","confirmed","tops","tshirt","tshirt","not_applicable","not_applicable","not_applicable","not_applicable","not_applicable","tops","sweatshirt","direct","true","preserved existing confirmed decision"
"uniqlo","MEN","126401","티셔츠 & 스웨트셔츠 & UT > 그래픽티셔츠 > PEANUTS","confirmed","tops","tshirt","tshirt","not_applicable","not_applicable","not_applicable","not_applicable","not_applicable","tops","sweatshirt","direct","true","preserved existing confirmed decision"
"uniqlo","MEN","132869","티셔츠 & 스웨트셔츠 & UT > 그래픽티셔츠 > MAGIC FOR ALL ICONS","confirmed","tops","tshirt","tshirt","not_applicable","not_applicable","not_applicable","not_applicable","not_applicable","tops","sweatshirt","direct","true","preserved existing confirmed decision"
"uniqlo","MEN","135246","티셔츠 & 스웨트셔츠 & UT > 그래픽티셔츠 > Pokémon","confirmed","tops","tshirt","tshirt","not_applicable","not_applicable","not_applicable","not_applicable","not_applicable","tops","sweatshirt","direct","true","preserved existing confirmed decision"
"uniqlo","MEN","127491","티셔츠 & 스웨트셔츠 & UT > 그래픽티셔츠 > NY POP ART","confirmed","tops","tshirt","tshirt","not_applicable","not_applicable","not_applicable","not_applicable","not_applicable","tops","sweatshirt","direct","true","preserved existing confirmed decision"
"uniqlo","MEN","120173","티셔츠 & 스웨트셔츠 & UT > 그래픽티셔츠 > STUDIO GHIBLI","confirmed","tops","tshirt","tshirt","not_applicable","not_applicable","not_applicable","not_applicable","not_applicable","tops","sweatshirt","direct","true","preserved existing confirmed decision"
"uniqlo","MEN","136804","티셔츠 & 스웨트셔츠 & UT > 그래픽티셔츠 > The Super Mario Galaxy Movie","confirmed","tops","tshirt","tshirt","not_applicable","not_applicable","not_applicable","not_applicable","not_applicable","tops","sweatshirt","direct","true","preserved existing confirmed decision"
"uniqlo","MEN","141284","티셔츠 & 스웨트셔츠 & UT > 그래픽티셔츠 > BLUE LOCK","confirmed","tops","tshirt","tshirt","not_applicable","not_applicable","not_applicable","not_applicable","not_applicable","tops","sweatshirt","direct","true","preserved existing confirmed decision"
"uniqlo","MEN","136805","티셔츠 & 스웨트셔츠 & UT > 그래픽티셔츠 > Musical Icons","confirmed","tops","tshirt","tshirt","not_applicable","not_applicable","not_applicable","not_applicable","not_applicable","tops","sweatshirt","direct","true","preserved existing confirmed decision"
"uniqlo","MEN","143662","티셔츠 & 스웨트셔츠 & UT > 그래픽티셔츠 > PIXAR ANIMATION STUDIOS","confirmed","tops","tshirt","tshirt","not_applicable","not_applicable","not_applicable","not_applicable","not_applicable","tops","sweatshirt","direct","true","preserved existing confirmed decision"
"uniqlo","MEN","145016","티셔츠 & 스웨트셔츠 & UT > 그래픽티셔츠 > YOASOBI","confirmed","tops","tshirt","tshirt","not_applicable","not_applicable","not_applicable","not_applicable","not_applicable","tops","sweatshirt","direct","true","preserved existing confirmed decision"
"uniqlo","MEN","144221","티셔츠 & 스웨트셔츠 & UT > 그래픽티셔츠 > ONE PIECE","confirmed","tops","tshirt","tshirt","not_applicable","not_applicable","not_applicable","not_applicable","not_applicable","tops","sweatshirt","direct","true","preserved existing confirmed decision"
"uniqlo","MEN","144588","티셔츠 & 스웨트셔츠 & UT > 그래픽티셔츠 > MARIO KART WORLD","confirmed","tops","tshirt","tshirt","not_applicable","not_applicable","not_applicable","not_applicable","not_applicable","tops","sweatshirt","direct","true","preserved existing confirmed decision"
"uniqlo","MEN","143924","티셔츠 & 스웨트셔츠 & UT > 그래픽티셔츠 > Andy Warhol Transformation","confirmed","tops","tshirt","tshirt","not_applicable","not_applicable","not_applicable","not_applicable","not_applicable","tops","sweatshirt","direct","true","preserved existing confirmed decision"
"uniqlo","MEN","146107","티셔츠 & 스웨트셔츠 & UT > 그래픽티셔츠 > Jason Polan","confirmed","tops","tshirt","tshirt","not_applicable","not_applicable","not_applicable","not_applicable","not_applicable","tops","sweatshirt","direct","true","preserved existing confirmed decision"
"uniqlo","MEN","132571","티셔츠 & 스웨트셔츠 & UT > 그래픽티셔츠 > MoMA Poster Art Collection","confirmed","tops","tshirt","tshirt","not_applicable","not_applicable","not_applicable","not_applicable","not_applicable","tops","sweatshirt","direct","true","preserved existing confirmed decision"
"uniqlo","MEN","133595","티셔츠 & 스웨트셔츠 & UT > 그래픽티셔츠 > The Louvre","confirmed","tops","tshirt","tshirt","not_applicable","not_applicable","not_applicable","not_applicable","not_applicable","tops","sweatshirt","direct","true","preserved existing confirmed decision"
"uniqlo","MEN","132572","티셔츠 & 스웨트셔츠 & UT > 그래픽티셔츠 > Elliott Erwitt","confirmed","tops","tshirt","tshirt","not_applicable","not_applicable","not_applicable","not_applicable","not_applicable","tops","sweatshirt","direct","true","preserved existing confirmed decision"
"uniqlo","MEN","133594","티셔츠 & 스웨트셔츠 & UT > 그래픽티셔츠 > Curated by Tate: From the Collection","confirmed","tops","tshirt","tshirt","not_applicable","not_applicable","not_applicable","not_applicable","not_applicable","tops","sweatshirt","direct","true","preserved existing confirmed decision"
"uniqlo","MEN","135706","티셔츠 & 스웨트셔츠 & UT > 그래픽티셔츠 > MAGIC FOR ALL TIMELESS","confirmed","tops","tshirt","tshirt","not_applicable","not_applicable","not_applicable","not_applicable","not_applicable","tops","sweatshirt","direct","true","preserved existing confirmed decision"
"uniqlo","MEN","127027","티셔츠 & 스웨트셔츠 & UT > 그래픽티셔츠 > Yu Nagaba","confirmed","tops","tshirt","tshirt","not_applicable","not_applicable","not_applicable","not_applicable","not_applicable","tops","sweatshirt","direct","true","preserved existing confirmed decision"
"uniqlo","MEN","128579","티셔츠 & 스웨트셔츠 & UT > 그래픽티셔츠 > ZOOTOPIA","confirmed","tops","tshirt","tshirt","not_applicable","not_applicable","not_applicable","not_applicable","not_applicable","tops","sweatshirt","direct","true","preserved existing confirmed decision"
"uniqlo","MEN","123587","티셔츠 & 스웨트셔츠 & UT > 그래픽티셔츠 > (X)Anime Chainsaw Man","confirmed","tops","tshirt","tshirt","not_applicable","not_applicable","not_applicable","not_applicable","not_applicable","tops","sweatshirt","direct","true","preserved existing confirmed decision"
"uniqlo","MEN","104032","티셔츠 & 스웨트셔츠 & UT > 그래픽티셔츠 > (X)PEANUTS","confirmed","tops","tshirt","tshirt","not_applicable","not_applicable","not_applicable","not_applicable","not_applicable","tops","sweatshirt","direct","true","preserved existing confirmed decision"
"uniqlo","MEN","116571","티셔츠 & 스웨트셔츠 & UT > 그래픽티셔츠 > MAGIC FOR ALL TIMELESS","confirmed","tops","tshirt","tshirt","not_applicable","not_applicable","not_applicable","not_applicable","not_applicable","tops","sweatshirt","direct","true","preserved existing confirmed decision"
"uniqlo","MEN","120759","티셔츠 & 스웨트셔츠 & UT > 그래픽티셔츠 > Disney Art","confirmed","tops","tshirt","tshirt","not_applicable","not_applicable","not_applicable","not_applicable","not_applicable","tops","sweatshirt","direct","true","preserved existing confirmed decision"
"uniqlo","MEN","123298","티셔츠 & 스웨트셔츠 & UT > 그래픽티셔츠 > Sesame Street","confirmed","tops","tshirt","tshirt","not_applicable","not_applicable","not_applicable","not_applicable","not_applicable","tops","sweatshirt","direct","true","preserved existing confirmed decision"
"uniqlo","MEN","123267","티셔츠 & 스웨트셔츠 & UT > 그래픽티셔츠 > WARNER BROS. MOVIES","confirmed","tops","tshirt","tshirt","not_applicable","not_applicable","not_applicable","not_applicable","not_applicable","tops","sweatshirt","direct","true","preserved existing confirmed decision"
"uniqlo","MEN","120668","티셔츠 & 스웨트셔츠 & UT > 그래픽티셔츠 > The Brands","confirmed","tops","tshirt","tshirt","not_applicable","not_applicable","not_applicable","not_applicable","not_applicable","tops","sweatshirt","direct","true","preserved existing confirmed decision"
"uniqlo","MEN","120494","티셔츠 & 스웨트셔츠 & UT > 그래픽티셔츠 > UTGP2025 x TATE MODERN","confirmed","tops","tshirt","tshirt","not_applicable","not_applicable","not_applicable","not_applicable","not_applicable","tops","sweatshirt","direct","true","preserved existing confirmed decision"
"uniqlo","MEN","104203","티셔츠 & 스웨트셔츠 & UT > 그래픽티셔츠 > NY POP ART","confirmed","tops","tshirt","tshirt","not_applicable","not_applicable","not_applicable","not_applicable","not_applicable","tops","sweatshirt","direct","true","preserved existing confirmed decision"
"uniqlo","MEN","118745","티셔츠 & 스웨트셔츠 & UT > 그래픽티셔츠 > ONE PIECE","confirmed","tops","tshirt","tshirt","not_applicable","not_applicable","not_applicable","not_applicable","not_applicable","tops","sweatshirt","direct","true","preserved existing confirmed decision"
"uniqlo","MEN","122906","티셔츠 & 스웨트셔츠 & UT > 그래픽티셔츠 > Jean-Michel Basquiat","confirmed","tops","tshirt","tshirt","not_applicable","not_applicable","not_applicable","not_applicable","not_applicable","tops","sweatshirt","direct","true","preserved existing confirmed decision"
"uniqlo","MEN","122483","티셔츠 & 스웨트셔츠 & UT > 그래픽티셔츠 > Keith Haring","confirmed","tops","tshirt","tshirt","not_applicable","not_applicable","not_applicable","not_applicable","not_applicable","tops","sweatshirt","direct","true","preserved existing confirmed decision"
"uniqlo","MEN","108046","티셔츠 & 스웨트셔츠 & UT > 그래픽티셔츠 > MoMA Art Icons","confirmed","tops","tshirt","tshirt","not_applicable","not_applicable","not_applicable","not_applicable","not_applicable","tops","sweatshirt","direct","true","preserved existing confirmed decision"
"uniqlo","MEN","107761","티셔츠 & 스웨트셔츠 & UT > 그래픽티셔츠 > MANGA curation","confirmed","tops","tshirt","tshirt","not_applicable","not_applicable","not_applicable","not_applicable","not_applicable","tops","sweatshirt","direct","true","preserved existing confirmed decision"
"uniqlo","MEN","115447","티셔츠 & 스웨트셔츠 & UT > 그래픽티셔츠 > UT ARCHIVE ONE PIECE","confirmed","tops","tshirt","tshirt","not_applicable","not_applicable","not_applicable","not_applicable","not_applicable","tops","sweatshirt","direct","true","preserved existing confirmed decision"
"uniqlo","MEN","107319","티셔츠 & 스웨트셔츠 & UT > 그래픽티셔츠 > Disney’s Mickey Faces","confirmed","tops","tshirt","tshirt","not_applicable","not_applicable","not_applicable","not_applicable","not_applicable","tops","sweatshirt","direct","true","preserved existing confirmed decision"
"uniqlo","MEN","118120","티셔츠 & 스웨트셔츠 & UT > 그래픽티셔츠 > TOY STORY","confirmed","tops","tshirt","tshirt","not_applicable","not_applicable","not_applicable","not_applicable","not_applicable","tops","sweatshirt","direct","true","preserved existing confirmed decision"
"uniqlo","MEN","116219","티셔츠 & 스웨트셔츠 & UT > 그래픽티셔츠 > UT ARCHIVE Super Mario","confirmed","tops","tshirt","tshirt","not_applicable","not_applicable","not_applicable","not_applicable","not_applicable","tops","sweatshirt","direct","true","preserved existing confirmed decision"
"uniqlo","MEN","113563","티셔츠 & 스웨트셔츠 & UT > 그래픽티셔츠 > Mobile Suit GUNDAM 45th Anniversary","confirmed","tops","tshirt","tshirt","not_applicable","not_applicable","not_applicable","not_applicable","not_applicable","tops","sweatshirt","direct","true","preserved existing confirmed decision"
"uniqlo","MEN","115446","티셔츠 & 스웨트셔츠 & UT > 그래픽티셔츠 > Doraemon meets the Louvre","confirmed","tops","tshirt","tshirt","not_applicable","not_applicable","not_applicable","not_applicable","not_applicable","tops","sweatshirt","direct","true","preserved existing confirmed decision"
"uniqlo","MEN","104171","티셔츠 & 스웨트셔츠 & UT > 그래픽티셔츠 > Sesame Street","confirmed","tops","tshirt","tshirt","not_applicable","not_applicable","not_applicable","not_applicable","not_applicable","tops","sweatshirt","direct","true","preserved existing confirmed decision"
"uniqlo","MEN","109443","티셔츠 & 스웨트셔츠 & UT > 그래픽티셔츠 > Universal Movies","confirmed","tops","tshirt","tshirt","not_applicable","not_applicable","not_applicable","not_applicable","not_applicable","tops","sweatshirt","direct","true","preserved existing confirmed decision"
"uniqlo","MEN","112710","티셔츠 & 스웨트셔츠 & UT > 그래픽티셔츠 > Disney in Blue","confirmed","tops","tshirt","tshirt","not_applicable","not_applicable","not_applicable","not_applicable","not_applicable","tops","sweatshirt","direct","true","preserved existing confirmed decision"
"uniqlo","MEN","109440","티셔츠 & 스웨트셔츠 & UT > 그래픽티셔츠 > Pablo Picasso","confirmed","tops","tshirt","tshirt","not_applicable","not_applicable","not_applicable","not_applicable","not_applicable","tops","sweatshirt","direct","true","preserved existing confirmed decision"
"uniqlo","MEN","112210","티셔츠 & 스웨트셔츠 & UT > 그래픽티셔츠 > Henri Matisse","confirmed","tops","tshirt","tshirt","not_applicable","not_applicable","not_applicable","not_applicable","not_applicable","tops","sweatshirt","direct","true","preserved existing confirmed decision"
"uniqlo","MEN","107762","티셔츠 & 스웨트셔츠 & UT > 그래픽티셔츠 > MAGNUM PHOTOS","confirmed","tops","tshirt","tshirt","not_applicable","not_applicable","not_applicable","not_applicable","not_applicable","tops","sweatshirt","direct","true","preserved existing confirmed decision"
"uniqlo","MEN","105895","티셔츠 & 스웨트셔츠 & UT > 그래픽티셔츠 > Curated by Tate","confirmed","tops","tshirt","tshirt","not_applicable","not_applicable","not_applicable","not_applicable","not_applicable","tops","sweatshirt","direct","true","preserved existing confirmed decision"
"uniqlo","MEN","104033","티셔츠 & 스웨트셔츠 & UT > 그래픽티셔츠 > DRAGON BALL / DRAGON BALL DAIMA","confirmed","tops","tshirt","tshirt","not_applicable","not_applicable","not_applicable","not_applicable","not_applicable","tops","sweatshirt","direct","true","preserved existing confirmed decision"
"uniqlo","MEN","107760","티셔츠 & 스웨트셔츠 & UT > 그래픽티셔츠 > Dan Da Dan","confirmed","tops","tshirt","tshirt","not_applicable","not_applicable","not_applicable","not_applicable","not_applicable","tops","sweatshirt","direct","true","preserved existing confirmed decision"
"uniqlo","MEN","105843","티셔츠 & 스웨트셔츠 & UT > 그래픽티셔츠 > Keith Haring X Coca-Cola®","confirmed","tops","tshirt","tshirt","not_applicable","not_applicable","not_applicable","not_applicable","not_applicable","tops","sweatshirt","direct","true","preserved existing confirmed decision"
"uniqlo","MEN","105623","티셔츠 & 스웨트셔츠 & UT > 그래픽티셔츠 > SpongeBob SquarePants■Cactus Plant Flea Market","confirmed","tops","tshirt","tshirt","not_applicable","not_applicable","not_applicable","not_applicable","not_applicable","tops","sweatshirt","direct","true","preserved existing confirmed decision"
"uniqlo","MEN","103564","티셔츠 & 스웨트셔츠 & UT > 그래픽티셔츠 > ARCANE LEAGUE OF LEGENDS","confirmed","tops","tshirt","tshirt","not_applicable","not_applicable","not_applicable","not_applicable","not_applicable","tops","sweatshirt","direct","true","preserved existing confirmed decision"
"uniqlo","MEN","98491","티셔츠 & 스웨트셔츠 & UT > 그래픽티셔츠 > KENSHI YONEZU","confirmed","tops","tshirt","tshirt","not_applicable","not_applicable","not_applicable","not_applicable","not_applicable","tops","sweatshirt","direct","true","preserved existing confirmed decision"
"uniqlo","MEN","98490","티셔츠 & 스웨트셔츠 & UT > 그래픽티셔츠 > UT ARCHIVE Demon Slayer  / Jujutsu Kaisen","confirmed","tops","tshirt","tshirt","not_applicable","not_applicable","not_applicable","not_applicable","not_applicable","tops","sweatshirt","direct","true","preserved existing confirmed decision"
"uniqlo","MEN","96645","티셔츠 & 스웨트셔츠 & UT > 그래픽티셔츠 > KAWS + Warhol","confirmed","tops","tshirt","tshirt","not_applicable","not_applicable","not_applicable","not_applicable","not_applicable","tops","sweatshirt","direct","true","preserved existing confirmed decision"
"uniqlo","MEN","83632","티셔츠 & 스웨트셔츠 & UT > 그래픽티셔츠 > UT ARCHIVE Andy Warhol / Keith Haring / Jean-Michel Basquiat","confirmed","tops","tshirt","tshirt","not_applicable","not_applicable","not_applicable","not_applicable","not_applicable","tops","sweatshirt","direct","true","preserved existing confirmed decision"
"uniqlo","MEN","65786","티셔츠 & 스웨트셔츠 & UT > 그래픽티셔츠 > UT ARCHIVE Andy Warhol / Keith Haring / Jean-Michel Basquiat","confirmed","tops","tshirt","tshirt","not_applicable","not_applicable","not_applicable","not_applicable","not_applicable","tops","sweatshirt","direct","true","preserved existing confirmed decision"
"uniqlo","MEN","96734","티셔츠 & 스웨트셔츠 & UT > 그래픽티셔츠 > PEANUTS","confirmed","tops","tshirt","tshirt","not_applicable","not_applicable","not_applicable","not_applicable","not_applicable","tops","sweatshirt","direct","true","preserved existing confirmed decision"
"uniqlo","MEN","94168","티셔츠 & 스웨트셔츠 & UT > 그래픽티셔츠 > MAGIC FOR ALL with Yu Nagaba","confirmed","tops","tshirt","tshirt","not_applicable","not_applicable","not_applicable","not_applicable","not_applicable","tops","sweatshirt","direct","true","preserved existing confirmed decision"
"uniqlo","MEN","86460","티셔츠 & 스웨트셔츠 & UT > 그래픽티셔츠 > Pokémon","confirmed","tops","tshirt","tshirt","not_applicable","not_applicable","not_applicable","not_applicable","not_applicable","tops","sweatshirt","direct","true","preserved existing confirmed decision"
"uniqlo","MEN","81252","티셔츠 & 스웨트셔츠 & UT > 그래픽티셔츠 > (X)STUDIO GHIBLI","confirmed","tops","tshirt","tshirt","not_applicable","not_applicable","not_applicable","not_applicable","not_applicable","tops","sweatshirt","direct","true","preserved existing confirmed decision"
"uniqlo","MEN","99869","티셔츠 & 스웨트셔츠 & UT > 그래픽티셔츠 > Louvre x Camille Henrot","confirmed","tops","tshirt","tshirt","not_applicable","not_applicable","not_applicable","not_applicable","not_applicable","tops","sweatshirt","direct","true","preserved existing confirmed decision"
"uniqlo","MEN","62677","티셔츠 & 스웨트셔츠 & UT > 그래픽티셔츠 > UT ARCHIVE Andy Warhol / Keith Haring / Jean-Michel Basquiat","confirmed","tops","tshirt","tshirt","not_applicable","not_applicable","not_applicable","not_applicable","not_applicable","tops","sweatshirt","direct","true","preserved existing confirmed decision"
"uniqlo","MEN","62662","티셔츠 & 스웨트셔츠 & UT > 그래픽티셔츠 > Mickey Stands","confirmed","tops","tshirt","tshirt","not_applicable","not_applicable","not_applicable","not_applicable","not_applicable","tops","sweatshirt","direct","true","preserved existing confirmed decision"
"uniqlo","MEN","86693","티셔츠 & 스웨트셔츠 & UT > 그래픽티셔츠 > TV animation ONE PIECE 25th","confirmed","tops","tshirt","tshirt","not_applicable","not_applicable","not_applicable","not_applicable","not_applicable","tops","sweatshirt","direct","true","preserved existing confirmed decision"
"uniqlo","MEN","78156","티셔츠 & 스웨트셔츠 & UT > 그래픽티셔츠 > PEANUTS You Can Be Anything!","confirmed","tops","tshirt","tshirt","not_applicable","not_applicable","not_applicable","not_applicable","not_applicable","tops","sweatshirt","direct","true","preserved existing confirmed decision"
"uniqlo","MEN","65785","티셔츠 & 스웨트셔츠 & UT > 그래픽티셔츠 > PEANUTS You Can Be Anything!","confirmed","tops","tshirt","tshirt","not_applicable","not_applicable","not_applicable","not_applicable","not_applicable","tops","sweatshirt","direct","true","preserved existing confirmed decision"
"uniqlo","MEN","81751","티셔츠 & 스웨트셔츠 & UT > 그래픽티셔츠 > 【OSHI NO KO】","confirmed","tops","tshirt","tshirt","not_applicable","not_applicable","not_applicable","not_applicable","not_applicable","tops","sweatshirt","direct","true","preserved existing confirmed decision"
"uniqlo","MEN","81752","티셔츠 & 스웨트셔츠 & UT > 그래픽티셔츠 > FINAL FANTASY","confirmed","tops","tshirt","tshirt","not_applicable","not_applicable","not_applicable","not_applicable","not_applicable","tops","sweatshirt","direct","true","preserved existing confirmed decision"
"uniqlo","MEN","81257","티셔츠 & 스웨트셔츠 & UT > 그래픽티셔츠 > Kaiju No.8","confirmed","tops","tshirt","tshirt","not_applicable","not_applicable","not_applicable","not_applicable","not_applicable","tops","sweatshirt","direct","true","preserved existing confirmed decision"
"uniqlo","MEN","81374","티셔츠 & 스웨트셔츠 & UT > 그래픽티셔츠 > UTGP2024: The Louvre","confirmed","tops","tshirt","tshirt","not_applicable","not_applicable","not_applicable","not_applicable","not_applicable","tops","sweatshirt","direct","true","preserved existing confirmed decision"
"uniqlo","MEN","65780","티셔츠 & 스웨트셔츠 & UT > 그래픽티셔츠 > Disney Vintage Poster Collection","confirmed","tops","tshirt","tshirt","not_applicable","not_applicable","not_applicable","not_applicable","not_applicable","tops","sweatshirt","direct","true","preserved existing confirmed decision"
"uniqlo","MEN","81221","티셔츠 & 스웨트셔츠 & UT > 그래픽티셔츠 > Star Wars: Remastered by Kosuke Kawamura","confirmed","tops","tshirt","tshirt","not_applicable","not_applicable","not_applicable","not_applicable","not_applicable","tops","sweatshirt","direct","true","preserved existing confirmed decision"
"uniqlo","MEN","81222","티셔츠 & 스웨트셔츠 & UT > 그래픽티셔츠 > The Legend of Zelda: Tears of the Kingdom","confirmed","tops","tshirt","tshirt","not_applicable","not_applicable","not_applicable","not_applicable","not_applicable","tops","sweatshirt","direct","true","preserved existing confirmed decision"
"uniqlo","MEN","71884","티셔츠 & 스웨트셔츠 & UT > 그래픽티셔츠 > CAPCOM 40th","confirmed","tops","tshirt","tshirt","not_applicable","not_applicable","not_applicable","not_applicable","not_applicable","tops","sweatshirt","direct","true","preserved existing confirmed decision"
"uniqlo","MEN","71885","티셔츠 & 스웨트셔츠 & UT > 그래픽티셔츠 > Curated by Tate","confirmed","tops","tshirt","tshirt","not_applicable","not_applicable","not_applicable","not_applicable","not_applicable","tops","sweatshirt","direct","true","preserved existing confirmed decision"
"uniqlo","MEN","65791","티셔츠 & 스웨트셔츠 & UT > 그래픽티셔츠 > MoMA Art Icons","confirmed","tops","tshirt","tshirt","not_applicable","not_applicable","not_applicable","not_applicable","not_applicable","tops","sweatshirt","direct","true","preserved existing confirmed decision"
"uniqlo","MEN","65790","티셔츠 & 스웨트셔츠 & UT > 그래픽티셔츠 > Jean-Michel Basquiat King Pleasure","confirmed","tops","tshirt","tshirt","not_applicable","not_applicable","not_applicable","not_applicable","not_applicable","tops","sweatshirt","direct","true","preserved existing confirmed decision"
"uniqlo","MEN","65779","티셔츠 & 스웨트셔츠 & UT > 그래픽티셔츠 > Andy Warhol’s Collages","confirmed","tops","tshirt","tshirt","not_applicable","not_applicable","not_applicable","not_applicable","not_applicable","tops","sweatshirt","direct","true","preserved existing confirmed decision"
"uniqlo","MEN","62641","티셔츠 & 스웨트셔츠 & UT > 그래픽티셔츠 > Andy Warhol x Kosuke Kawamura","confirmed","tops","tshirt","tshirt","not_applicable","not_applicable","not_applicable","not_applicable","not_applicable","tops","sweatshirt","direct","true","preserved existing confirmed decision"
"uniqlo","MEN","65783","티셔츠 & 스웨트셔츠 & UT > 그래픽티셔츠 > METAL GEAR Archive","confirmed","tops","tshirt","tshirt","not_applicable","not_applicable","not_applicable","not_applicable","not_applicable","tops","sweatshirt","direct","true","preserved existing confirmed decision"
"uniqlo","MEN","65782","티셔츠 & 스웨트셔츠 & UT > 그래픽티셔츠 > HUNTER×HUNTER","confirmed","tops","tshirt","tshirt","not_applicable","not_applicable","not_applicable","not_applicable","not_applicable","tops","sweatshirt","direct","true","preserved existing confirmed decision"
"uniqlo","MEN","62646","티셔츠 & 스웨트셔츠 & UT > 그래픽티셔츠 > Disney Good Vibes","confirmed","tops","tshirt","tshirt","not_applicable","not_applicable","not_applicable","not_applicable","not_applicable","tops","sweatshirt","direct","true","preserved existing confirmed decision"
"uniqlo","MEN","65781","티셔츠 & 스웨트셔츠 & UT > 그래픽티셔츠 > Fighting Game Legends","confirmed","tops","tshirt","tshirt","not_applicable","not_applicable","not_applicable","not_applicable","not_applicable","tops","sweatshirt","direct","true","preserved existing confirmed decision"
"uniqlo","MEN","62651","티셔츠 & 스웨트셔츠 & UT > 그래픽티셔츠 > KAWS","confirmed","tops","tshirt","tshirt","not_applicable","not_applicable","not_applicable","not_applicable","not_applicable","tops","sweatshirt","direct","true","preserved existing confirmed decision"
"uniqlo","MEN","62652","티셔츠 & 스웨트셔츠 & UT > 그래픽티셔츠 > Keith Haring Subway Drawings","confirmed","tops","tshirt","tshirt","not_applicable","not_applicable","not_applicable","not_applicable","not_applicable","tops","sweatshirt","direct","true","preserved existing confirmed decision"
"uniqlo","MEN","78155","티셔츠 & 스웨트셔츠 & UT > 그래픽티셔츠 > other","confirmed","tops","tshirt","tshirt","not_applicable","not_applicable","not_applicable","not_applicable","not_applicable","tops","sweatshirt","direct","true","preserved existing confirmed decision"
"uniqlo","MEN","58951","티셔츠 & 스웨트셔츠 & UT > PEACE FOR ALL > 그래픽 티셔츠","confirmed","tops","tshirt","tshirt","not_applicable","not_applicable","not_applicable","not_applicable","not_applicable","tops","sweatshirt","direct","true","preserved existing confirmed decision"
"uniqlo","MEN","58401","티셔츠 & 스웨트셔츠 & UT > 스웨트셔츠 & 후드집업 > 스웨트셔츠","confirmed","tops","sweatshirt","sweatshirt","not_applicable","not_applicable","not_applicable","not_applicable","not_applicable","outerwear","zip_hoodie","direct","true","preserved existing confirmed decision"
"uniqlo","MEN","102253","티셔츠 & 스웨트셔츠 & UT > 스웨트셔츠 & 후드집업 > 후드","confirmed","tops","hoodie","hoodie","not_applicable","not_applicable","not_applicable","not_applicable","not_applicable","outerwear","zip_hoodie","direct","true","preserved existing confirmed decision"
"uniqlo","MEN","58404","티셔츠 & 스웨트셔츠 & UT > 스웨트셔츠 & 후드집업 > 팬츠","review_required","","","","not_applicable","not_applicable","not_applicable","not_applicable","not_applicable","","","review_required","false","preserved existing review_required decision"
"uniqlo","MEN","58406","티셔츠 & 스웨트셔츠 & UT > 스웨트셔츠 & 후드집업 > 드라이스웨트","confirmed","tops","sweatshirt","sweatshirt","not_applicable","not_applicable","not_applicable","not_applicable","not_applicable","outerwear","zip_hoodie","direct","true","preserved existing confirmed decision"
"uniqlo","MEN","58405","티셔츠 & 스웨트셔츠 & UT > 스웨트셔츠 & 후드집업 > GU","review_required","","","","not_applicable","not_applicable","not_applicable","not_applicable","not_applicable","","","review_required","false","preserved existing review_required decision"
"uniqlo","MEN","58403","티셔츠 & 스웨트셔츠 & UT > 스웨트셔츠 & 후드집업 > 유니섹스","review_required","","","","not_applicable","not_applicable","not_applicable","not_applicable","not_applicable","","","review_required","false","preserved existing review_required decision"
"uniqlo","MEN","58408","티셔츠 & 스웨트셔츠 & UT > 스웨트셔츠 & 후드집업 > 그 외","review_required","","","","not_applicable","not_applicable","not_applicable","not_applicable","not_applicable","","","review_required","false","preserved existing review_required decision"
"uniqlo","MEN","58407","티셔츠 & 스웨트셔츠 & UT > 스웨트셔츠 & 후드집업 > (X)그래픽 스웨트","confirmed","tops","sweatshirt","sweatshirt","not_applicable","not_applicable","not_applicable","not_applicable","not_applicable","outerwear","zip_hoodie","direct","true","preserved existing confirmed decision"
"uniqlo","MEN","58402","티셔츠 & 스웨트셔츠 & UT > 스웨트셔츠 & 후드집업 > (X)후드 집업","confirmed","tops","zip_hoodie","zip_hoodie","not_applicable","not_applicable","not_applicable","not_applicable","not_applicable","outerwear","zip_hoodie","direct","true","preserved existing confirmed decision"
"uniqlo","MEN","98357","티셔츠 & 스웨트셔츠 & UT > 스웨트셔츠 & 후드집업 > 보아 스웨트","confirmed","tops","sweatshirt","sweatshirt","not_applicable","not_applicable","not_applicable","not_applicable","not_applicable","outerwear","zip_hoodie","direct","true","preserved existing confirmed decision"
"uniqlo","MEN","95427","셔츠 > 캐주얼셔츠 > 리넨","confirmed","tops","shirt_blouse","shirt_blouse","not_applicable","not_applicable","not_applicable","not_applicable","not_applicable","tops","shirt_blouse","direct","true","preserved existing confirmed decision"
"uniqlo","MEN","95422","셔츠 > 캐주얼셔츠 > 반팔","confirmed","tops","shirt_blouse","shirt_blouse","short_sleeve","not_applicable","not_applicable","not_applicable","not_applicable","tops","short_sleeve","direct","true","preserved existing confirmed decision"
"uniqlo","MEN","100084","셔츠 > 캐주얼셔츠 > UNIQLO : C","confirmed","tops","shirt_blouse","shirt_blouse","not_applicable","not_applicable","not_applicable","not_applicable","not_applicable","tops","shirt_blouse","direct","true","preserved existing confirmed decision"
"uniqlo","MEN","95426","셔츠 > 캐주얼셔츠 > 브로드 클로스(코튼100%)","confirmed","tops","shirt_blouse","shirt_blouse","not_applicable","not_applicable","not_applicable","not_applicable","not_applicable","tops","shirt_blouse","direct","true","preserved existing confirmed decision"
"uniqlo","MEN","95424","셔츠 > 캐주얼셔츠 > 옥스포드","confirmed","tops","shirt_blouse","shirt_blouse","not_applicable","not_applicable","not_applicable","not_applicable","not_applicable","tops","shirt_blouse","direct","true","preserved existing confirmed decision"
"uniqlo","MEN","95425","셔츠 > 캐주얼셔츠 > 데님 & 샴브레이","confirmed","tops","shirt_blouse","shirt_blouse","not_applicable","not_applicable","not_applicable","not_applicable","not_applicable","tops","shirt_blouse","direct","true","preserved existing confirmed decision"
"uniqlo","MEN","102594","셔츠 > 캐주얼셔츠 > UNIQLO and JW ANDERSON","confirmed","tops","shirt_blouse","shirt_blouse","not_applicable","not_applicable","not_applicable","not_applicable","not_applicable","tops","shirt_blouse","direct","true","preserved existing confirmed decision"
"uniqlo","MEN","101624","셔츠 > 캐주얼셔츠 > Uniqlo U","confirmed","tops","shirt_blouse","shirt_blouse","not_applicable","not_applicable","not_applicable","not_applicable","not_applicable","tops","shirt_blouse","direct","true","preserved existing confirmed decision"
"uniqlo","MEN","95430","셔츠 > 캐주얼셔츠 > 오픈 칼라","confirmed","tops","shirt_blouse","shirt_blouse","not_applicable","not_applicable","not_applicable","not_applicable","not_applicable","tops","shirt_blouse","direct","true","preserved existing confirmed decision"
"uniqlo","MEN","95431","셔츠 > 캐주얼셔츠 > 긴팔","confirmed","tops","shirt_blouse","shirt_blouse","long_sleeve","not_applicable","not_applicable","not_applicable","not_applicable","tops","long_sleeve","direct","true","preserved existing confirmed decision"
"uniqlo","MEN","95433","셔츠 > 캐주얼셔츠 > 스트라이프","confirmed","tops","shirt_blouse","shirt_blouse","not_applicable","not_applicable","not_applicable","not_applicable","not_applicable","tops","shirt_blouse","direct","true","preserved existing confirmed decision"
"uniqlo","MEN","95429","셔츠 > 캐주얼셔츠 > 오버사이즈","confirmed","tops","shirt_blouse","shirt_blouse","not_applicable","not_applicable","not_applicable","not_applicable","not_applicable","tops","shirt_blouse","direct","true","preserved existing confirmed decision"
"uniqlo","MEN","95432","셔츠 > 캐주얼셔츠 > 프린트","confirmed","tops","shirt_blouse","shirt_blouse","not_applicable","not_applicable","not_applicable","not_applicable","not_applicable","tops","shirt_blouse","direct","true","preserved existing confirmed decision"
"uniqlo","MEN","95423","셔츠 > 캐주얼셔츠 > 플란넬","confirmed","tops","shirt_blouse","shirt_blouse","not_applicable","not_applicable","not_applicable","not_applicable","not_applicable","tops","shirt_blouse","direct","true","preserved existing confirmed decision"
"uniqlo","MEN","95428","셔츠 > 캐주얼셔츠 > 코듀로이","confirmed","tops","shirt_blouse","shirt_blouse","not_applicable","not_applicable","not_applicable","not_applicable","not_applicable","tops","shirt_blouse","direct","true","preserved existing confirmed decision"
"uniqlo","MEN","95435","셔츠 > 캐주얼셔츠 > GU","confirmed","tops","shirt_blouse","shirt_blouse","not_applicable","not_applicable","not_applicable","not_applicable","not_applicable","tops","shirt_blouse","direct","true","preserved existing confirmed decision"
"uniqlo","MEN","95437","셔츠 > 폴로셔츠 (카라티) > 반팔","confirmed","tops","polo_shirt","polo_shirt","short_sleeve","not_applicable","not_applicable","not_applicable","not_applicable","tops","short_sleeve","direct","true","preserved existing confirmed decision"
"uniqlo","MEN","95440","셔츠 > 폴로셔츠 (카라티) > DRY-EX","confirmed","tops","polo_shirt","polo_shirt","not_applicable","not_applicable","not_applicable","not_applicable","not_applicable","tops","polo_shirt","direct","true","preserved existing confirmed decision"
"uniqlo","MEN","95439","셔츠 > 폴로셔츠 (카라티) > 에어리즘 코튼","confirmed","tops","polo_shirt","polo_shirt","not_applicable","not_applicable","not_applicable","not_applicable","not_applicable","tops","polo_shirt","direct","true","preserved existing confirmed decision"
"uniqlo","MEN","95438","셔츠 > 폴로셔츠 (카라티) > 드라이 피케","confirmed","tops","polo_shirt","polo_shirt","not_applicable","not_applicable","not_applicable","not_applicable","not_applicable","tops","polo_shirt","direct","true","preserved existing confirmed decision"
"uniqlo","MEN","116338","셔츠 > 폴로셔츠 (카라티) > 니트","confirmed","tops","knit_sweater","knit_sweater","not_applicable","not_applicable","not_applicable","not_applicable","not_applicable","tops","polo_shirt","direct","true","preserved existing confirmed decision"
"uniqlo","MEN","95441","셔츠 > 폴로셔츠 (카라티) > GU","confirmed","tops","polo_shirt","polo_shirt","not_applicable","not_applicable","not_applicable","not_applicable","not_applicable","tops","polo_shirt","direct","true","preserved existing confirmed decision"
"uniqlo","MEN","95436","셔츠 > 폴로셔츠 (카라티) > 그 외","confirmed","tops","polo_shirt","polo_shirt","not_applicable","not_applicable","not_applicable","not_applicable","not_applicable","tops","polo_shirt","direct","true","preserved existing confirmed decision"
"uniqlo","MEN","95412","셔츠 > 정장셔츠 (와이셔츠) > 슈퍼 논 아이론","confirmed","tops","shirt_blouse","shirt_blouse","not_applicable","not_applicable","not_applicable","not_applicable","not_applicable","tops","shirt_blouse","direct","true","preserved existing confirmed decision"
"uniqlo","MEN","95415","셔츠 > 정장셔츠 (와이셔츠) > 슈퍼 논 아이론 저지","confirmed","tops","shirt_blouse","shirt_blouse","not_applicable","not_applicable","not_applicable","not_applicable","not_applicable","tops","shirt_blouse","direct","true","preserved existing confirmed decision"
"uniqlo","MEN","95418","셔츠 > 정장셔츠 (와이셔츠) > 세미 와이드","confirmed","tops","shirt_blouse","shirt_blouse","not_applicable","not_applicable","not_applicable","not_applicable","not_applicable","tops","shirt_blouse","direct","true","preserved existing confirmed decision"
"uniqlo","MEN","95417","셔츠 > 정장셔츠 (와이셔츠) > 버튼 다운","confirmed","tops","shirt_blouse","shirt_blouse","not_applicable","not_applicable","not_applicable","not_applicable","not_applicable","tops","shirt_blouse","direct","true","preserved existing confirmed decision"
"uniqlo","MEN","95414","셔츠 > 정장셔츠 (와이셔츠) > 이지 케어","confirmed","tops","shirt_blouse","shirt_blouse","not_applicable","not_applicable","not_applicable","not_applicable","not_applicable","tops","shirt_blouse","direct","true","preserved existing confirmed decision"
"uniqlo","MEN","95419","셔츠 > 정장셔츠 (와이셔츠) > 논 아이론 저지(반팔)","confirmed","tops","shirt_blouse","shirt_blouse","short_sleeve","not_applicable","not_applicable","not_applicable","not_applicable","tops","short_sleeve","direct","true","preserved existing confirmed decision"
"uniqlo","MEN","95421","셔츠 > 정장셔츠 (와이셔츠) > 그 외","confirmed","tops","shirt_blouse","shirt_blouse","not_applicable","not_applicable","not_applicable","not_applicable","not_applicable","tops","shirt_blouse","direct","true","preserved existing confirmed decision"
"uniqlo","MEN","95408","니트 & 가디건 > 니트 > 반팔 니트","confirmed","tops","knit_sweater","knit_sweater","short_sleeve","not_applicable","not_applicable","not_applicable","not_applicable","tops","short_sleeve","direct","true","preserved existing confirmed decision"
"uniqlo","MEN","95405","니트 & 가디건 > 니트 > 크루넥 니트","confirmed","tops","knit_sweater","knit_sweater","not_applicable","not_applicable","not_applicable","not_applicable","not_applicable","outerwear","cardigan","direct","true","preserved existing confirmed decision"
"uniqlo","MEN","133396","니트 & 가디건 > 니트 > 워셔블","confirmed","tops","knit_sweater","knit_sweater","not_applicable","not_applicable","not_applicable","not_applicable","not_applicable","outerwear","cardigan","direct","true","preserved existing confirmed decision"
"uniqlo","MEN","95400","니트 & 가디건 > 니트 > 메리노","confirmed","tops","knit_sweater","knit_sweater","not_applicable","not_applicable","not_applicable","not_applicable","not_applicable","outerwear","cardigan","direct","true","preserved existing confirmed decision"
"uniqlo","MEN","95404","니트 & 가디건 > 니트 > 밀라노 립","confirmed","tops","knit_sweater","knit_sweater","not_applicable","not_applicable","not_applicable","not_applicable","not_applicable","outerwear","cardigan","direct","true","preserved existing confirmed decision"
"uniqlo","MEN","100315","니트 & 가디건 > 니트 > 긴팔 니트","confirmed","tops","knit_sweater","knit_sweater","long_sleeve","not_applicable","not_applicable","not_applicable","not_applicable","tops","long_sleeve","direct","true","preserved existing confirmed decision"
"uniqlo","MEN","95402","니트 & 가디건 > 니트 > 램스울","confirmed","tops","knit_sweater","knit_sweater","not_applicable","not_applicable","not_applicable","not_applicable","not_applicable","outerwear","cardigan","direct","true","preserved existing confirmed decision"
"uniqlo","MEN","95403","니트 & 가디건 > 니트 > 캐시미어","confirmed","tops","knit_sweater","knit_sweater","not_applicable","not_applicable","not_applicable","not_applicable","not_applicable","outerwear","cardigan","direct","true","preserved existing confirmed decision"
"uniqlo","MEN","95407","니트 & 가디건 > 니트 > 터틀넥","confirmed","tops","knit_sweater","knit_sweater","not_applicable","not_applicable","not_applicable","not_applicable","not_applicable","outerwear","cardigan","direct","true","preserved existing confirmed decision"
"uniqlo","MEN","95401","니트 & 가디건 > 니트 > 수플레 얀","confirmed","tops","knit_sweater","knit_sweater","not_applicable","not_applicable","not_applicable","not_applicable","not_applicable","outerwear","cardigan","direct","true","preserved existing confirmed decision"
"uniqlo","MEN","95406","니트 & 가디건 > 니트 > 브이넥","confirmed","tops","knit_sweater","knit_sweater","not_applicable","not_applicable","not_applicable","not_applicable","not_applicable","outerwear","cardigan","direct","true","preserved existing confirmed decision"
"uniqlo","MEN","95409","니트 & 가디건 > 니트 > 가디건","confirmed","tops","cardigan","cardigan","not_applicable","not_applicable","not_applicable","not_applicable","not_applicable","outerwear","cardigan","direct","true","preserved existing confirmed decision"
"uniqlo","MEN","95410","니트 & 가디건 > 니트 > 베스트","confirmed","","knit_vest","knit_vest","sleeveless","not_applicable","not_applicable","not_applicable","not_applicable","outerwear","cardigan","direct","true","preserved existing confirmed decision"
"uniqlo","MEN","103255","니트 & 가디건 > 니트 > UNIQLO and JW ANDERSON","confirmed","tops","knit_sweater","knit_sweater","not_applicable","not_applicable","not_applicable","not_applicable","not_applicable","outerwear","cardigan","direct","true","preserved existing confirmed decision"
"uniqlo","MEN","101623","니트 & 가디건 > 니트 > Uniqlo U","confirmed","tops","knit_sweater","knit_sweater","not_applicable","not_applicable","not_applicable","not_applicable","not_applicable","outerwear","cardigan","direct","true","preserved existing confirmed decision"
"uniqlo","MEN","100083","니트 & 가디건 > 니트 > UNIQLO : C","confirmed","tops","knit_sweater","knit_sweater","not_applicable","not_applicable","not_applicable","not_applicable","not_applicable","outerwear","cardigan","direct","true","preserved existing confirmed decision"
"uniqlo","MEN","95411","니트 & 가디건 > 니트 > 그 외","confirmed","tops","knit_sweater","knit_sweater","not_applicable","not_applicable","not_applicable","not_applicable","not_applicable","outerwear","cardigan","direct","true","preserved existing confirmed decision"
"uniqlo","MEN","102687","니트 & 가디건 > 니트 > GU","confirmed","tops","knit_sweater","knit_sweater","not_applicable","not_applicable","not_applicable","not_applicable","not_applicable","outerwear","cardigan","direct","true","preserved existing confirmed decision"
"uniqlo","MEN","128429","니트 & 가디건 > 가디건 > 그 외","confirmed","tops","cardigan","cardigan","not_applicable","not_applicable","not_applicable","not_applicable","not_applicable","outerwear","cardigan","direct","true","preserved existing confirmed decision"
"uniqlo","MEN","128427","니트 & 가디건 > 가디건 > 수플레 얀","confirmed","tops","cardigan","cardigan","not_applicable","not_applicable","not_applicable","not_applicable","not_applicable","outerwear","cardigan","direct","true","preserved existing confirmed decision"
"uniqlo","MEN","128426","니트 & 가디건 > 가디건 > 램스울","confirmed","tops","cardigan","cardigan","not_applicable","not_applicable","not_applicable","not_applicable","not_applicable","outerwear","cardigan","direct","true","preserved existing confirmed decision"
"uniqlo","MEN","128425","니트 & 가디건 > 가디건 > 메리노","confirmed","tops","cardigan","cardigan","not_applicable","not_applicable","not_applicable","not_applicable","not_applicable","outerwear","cardigan","direct","true","preserved existing confirmed decision"
"uniqlo","MEN","128430","니트 & 가디건 > 가디건 > GU","confirmed","tops","cardigan","cardigan","not_applicable","not_applicable","not_applicable","not_applicable","not_applicable","outerwear","cardigan","direct","true","preserved existing confirmed decision"
"uniqlo","MEN","94361","아우터 > 파카 & 블루종 > 포켓터블","review_required","","","","not_applicable","not_applicable","not_applicable","not_applicable","not_applicable","","","review_required","false","preserved existing review_required decision"
"uniqlo","MEN","98331","아우터 > 파카 & 블루종 > 재킷","review_required","","","","not_applicable","not_applicable","not_applicable","not_applicable","not_applicable","","","review_required","false","preserved existing review_required decision"
"uniqlo","MEN","58371","아우터 > 파카 & 블루종 > 블루종","confirmed","outerwear","blouson","blouson","not_applicable","not_applicable","not_applicable","not_applicable","not_applicable","outerwear","blouson","direct","true","preserved existing confirmed decision"
"uniqlo","MEN","58372","아우터 > 파카 & 블루종 > 셔츠재킷","review_required","","","","not_applicable","not_applicable","not_applicable","not_applicable","not_applicable","","","review_required","false","preserved existing review_required decision"
"uniqlo","MEN","112644","아우터 > 파카 & 블루종 > 윈드블럭","review_required","","","","not_applicable","not_applicable","not_applicable","not_applicable","not_applicable","","","review_required","false","preserved existing review_required decision"
"uniqlo","MEN","94362","아우터 > 파카 & 블루종 > 블록테크","review_required","","","","not_applicable","not_applicable","not_applicable","not_applicable","not_applicable","","","review_required","false","preserved existing review_required decision"
"uniqlo","MEN","58373","아우터 > 파카 & 블루종 > 파카","review_required","","","","not_applicable","not_applicable","not_applicable","not_applicable","not_applicable","","","review_required","false","preserved existing review_required decision"
"uniqlo","MEN","58374","아우터 > 파카 & 블루종 > 코치재킷","confirmed","outerwear","windbreaker","windbreaker","not_applicable","not_applicable","not_applicable","not_applicable","not_applicable","outerwear","jacket","direct","true","preserved existing confirmed decision"
"uniqlo","MEN","62619","아우터 > 파카 & 블루종 > Uniqlo U","review_required","","","","not_applicable","not_applicable","not_applicable","not_applicable","not_applicable","","","review_required","false","preserved existing review_required decision"
"uniqlo","MEN","114720","아우터 > 파카 & 블루종 > UNIQLO : C","review_required","","","","not_applicable","not_applicable","not_applicable","not_applicable","not_applicable","","","review_required","false","preserved existing review_required decision"
"uniqlo","MEN","62620","아우터 > 파카 & 블루종 > UNIQLO and JW ANDERSON","review_required","","","","not_applicable","not_applicable","not_applicable","not_applicable","not_applicable","","","review_required","false","preserved existing review_required decision"
"uniqlo","MEN","98333","아우터 > 파카 & 블루종 > 후리스","confirmed","outerwear","fleece_jacket","fleece_jacket","not_applicable","not_applicable","not_applicable","not_applicable","not_applicable","outerwear","fleece","direct","true","preserved existing confirmed decision"
"uniqlo","MEN","136617","아우터 > 파카 & 블루종 > GU","review_required","","","","not_applicable","not_applicable","not_applicable","not_applicable","not_applicable","","","review_required","false","preserved existing review_required decision"
"uniqlo","MEN","58375","아우터 > 감탄 재킷 > 감탄 재킷","review_required","","","","not_applicable","not_applicable","not_applicable","not_applicable","not_applicable","","","review_required","false","preserved existing review_required decision"
"uniqlo","MEN","58376","아우터 > 감탄 재킷 > 감탄 재킷 (라이트)","review_required","","","","not_applicable","not_applicable","not_applicable","not_applicable","not_applicable","","","review_required","false","preserved existing review_required decision"
"uniqlo","MEN","58377","아우터 > 감탄 재킷 > 쇼트","review_required","","","","not_applicable","not_applicable","not_applicable","not_applicable","not_applicable","","","review_required","false","preserved existing review_required decision"
"uniqlo","MEN","116908","아우터 > 감탄 재킷 > 감탄 재킷 (CUSTOM ORDER)","review_required","","","","not_applicable","not_applicable","not_applicable","not_applicable","not_applicable","","","review_required","false","preserved existing review_required decision"
"uniqlo","MEN","117359","아우터 > 감탄 재킷 (CUSTOM ORDER) > 감탄 재킷 (CUSTOM ORDER)","review_required","","","","not_applicable","not_applicable","not_applicable","not_applicable","not_applicable","","","review_required","false","preserved existing review_required decision"
"uniqlo","MEN","114721","아우터 > 재킷 & 블레이저 > UNIQLO : C","review_required","","","","not_applicable","not_applicable","not_applicable","not_applicable","not_applicable","","","review_required","false","preserved existing review_required decision"
"uniqlo","MEN","62622","아우터 > 재킷 & 블레이저 > UNIQLO and JW ANDERSON","review_required","","","","not_applicable","not_applicable","not_applicable","not_applicable","not_applicable","","","review_required","false","preserved existing review_required decision"
"uniqlo","MEN","96146","아우터 > 재킷 & 블레이저 > 캐주얼 재킷","review_required","","","","not_applicable","not_applicable","not_applicable","not_applicable","not_applicable","","","review_required","false","preserved existing review_required decision"
"uniqlo","MEN","94953","아우터 > 재킷 & 블레이저 > 재킷","review_required","","","","not_applicable","not_applicable","not_applicable","not_applicable","not_applicable","","","review_required","false","preserved existing review_required decision"
"uniqlo","MEN","58379","아우터 > 재킷 & 블레이저 > 컴포트","review_required","","","","not_applicable","not_applicable","not_applicable","not_applicable","not_applicable","","","review_required","false","preserved existing review_required decision"
"uniqlo","MEN","58382","아우터 > 재킷 & 블레이저 > 셋업","review_required","","","","not_applicable","not_applicable","not_applicable","not_applicable","not_applicable","","","review_required","false","preserved existing review_required decision"
"uniqlo","MEN","58380","아우터 > 재킷 & 블레이저 > 감탄 재킷","review_required","","","","not_applicable","not_applicable","not_applicable","not_applicable","not_applicable","","","review_required","false","preserved existing review_required decision"
"uniqlo","MEN","116907","아우터 > 재킷 & 블레이저 > 감탄 재킷 (CUSTOM ORDER)","review_required","","","","not_applicable","not_applicable","not_applicable","not_applicable","not_applicable","","","review_required","false","preserved existing review_required decision"
"uniqlo","MEN","58384","아우터 > 재킷 & 블레이저 > 그 외","review_required","","","","not_applicable","not_applicable","not_applicable","not_applicable","not_applicable","","","review_required","false","preserved existing review_required decision"
"uniqlo","MEN","58381","아우터 > 재킷 & 블레이저 > 쇼트","review_required","","","","not_applicable","not_applicable","not_applicable","not_applicable","not_applicable","","","review_required","false","preserved existing review_required decision"
"uniqlo","MEN","100397","아우터 > 경량 패딩 (PUFFTECH) > 파카","confirmed","outerwear","puffer_jacket","puffer_jacket","not_applicable","not_applicable","not_applicable","not_applicable","not_applicable","outerwear","padding","direct","true","preserved existing confirmed decision"
"uniqlo","MEN","58387","아우터 > 경량 패딩 (PUFFTECH) > 재킷","confirmed","outerwear","puffer_jacket","puffer_jacket","not_applicable","not_applicable","not_applicable","not_applicable","not_applicable","outerwear","jacket","direct","true","preserved existing confirmed decision"
"uniqlo","MEN","58388","아우터 > 경량 패딩 (PUFFTECH) > 베스트","confirmed","outerwear","puffer_vest","puffer_vest","not_applicable","not_applicable","not_applicable","not_applicable","not_applicable","outerwear","vest","direct","true","preserved existing confirmed decision"
"uniqlo","MEN","98335","아우터 > 경량 패딩 (PUFFTECH) > 코트","confirmed","outerwear","coat","coat","not_applicable","not_applicable","not_applicable","not_applicable","not_applicable","outerwear","coat","direct","true","preserved existing confirmed decision"
"uniqlo","MEN","58386","아우터 > 경량 패딩 (PUFFTECH) > 퍼프테크","confirmed","outerwear","puffer_jacket","puffer_jacket","not_applicable","not_applicable","not_applicable","not_applicable","not_applicable","outerwear","other_outerwear","direct","true","preserved existing confirmed decision"
"uniqlo","MEN","98334","아우터 > 경량 패딩 (PUFFTECH) > 컴팩트","confirmed","outerwear","puffer_jacket","puffer_jacket","not_applicable","not_applicable","not_applicable","not_applicable","not_applicable","outerwear","other_outerwear","direct","true","preserved existing confirmed decision"
"uniqlo","MEN","58385","아우터 > 경량 패딩 (PUFFTECH) > 울트라 라이트 다운","confirmed","outerwear","puffer_jacket","puffer_jacket","not_applicable","not_applicable","not_applicable","not_applicable","not_applicable","outerwear","other_outerwear","direct","true","preserved existing confirmed decision"
"uniqlo","MEN","123532","아우터 > 경량 패딩 (PUFFTECH) > UNIQLO : C","confirmed","outerwear","puffer_jacket","puffer_jacket","not_applicable","not_applicable","not_applicable","not_applicable","not_applicable","outerwear","other_outerwear","direct","true","preserved existing confirmed decision"
"uniqlo","MEN","62624","아우터 > 경량 패딩 (PUFFTECH) > Uniqlo U","confirmed","outerwear","puffer_jacket","puffer_jacket","not_applicable","not_applicable","not_applicable","not_applicable","not_applicable","outerwear","other_outerwear","direct","true","preserved existing confirmed decision"
"uniqlo","MEN","62625","아우터 > 경량 패딩 (PUFFTECH) > UNIQLO and Engineered Garments","confirmed","outerwear","puffer_jacket","puffer_jacket","not_applicable","not_applicable","not_applicable","not_applicable","not_applicable","outerwear","other_outerwear","direct","true","preserved existing confirmed decision"
"uniqlo","MEN","58389","아우터 > 경량 패딩 (PUFFTECH) > 그 외","confirmed","outerwear","puffer_jacket","puffer_jacket","not_applicable","not_applicable","not_applicable","not_applicable","not_applicable","outerwear","other_outerwear","direct","true","preserved existing confirmed decision"
"uniqlo","MEN","149939","팬츠 > 배럴 레그 팬츠 > 코튼","review_required","","","","not_applicable","not_applicable","not_applicable","not_applicable","not_applicable","","","review_required","false","preserved existing review_required decision"
"uniqlo","MEN","149937","팬츠 > 배럴 레그 팬츠 > 데님","confirmed","bottoms","denim_pants","standard_pants","not_applicable","not_applicable","not_applicable","not_applicable","not_applicable","bottoms","jeans","direct","true","preserved existing confirmed decision"
"uniqlo","MEN","149941","팬츠 > 배럴 레그 팬츠 > 그 외","review_required","","","","not_applicable","not_applicable","not_applicable","not_applicable","not_applicable","","","review_required","false","preserved existing review_required decision"
"uniqlo","MEN","149940","팬츠 > 배럴 레그 팬츠 > 긴 기장","review_required","","","","not_applicable","not_applicable","not_applicable","not_applicable","not_applicable","","","review_required","false","preserved existing review_required decision"
"uniqlo","MEN","113378","팬츠 > 쇼트 팬츠(반바지) > 데님 & 코튼","confirmed","bottoms","denim_pants","standard_pants","not_applicable","short_length","not_applicable","not_applicable","not_applicable","bottoms","jeans","direct","true","preserved existing confirmed decision"
"uniqlo","MEN","58475","팬츠 > 쇼트 팬츠(반바지) > 이지(허리 밴딩)","confirmed","","other_standard_pants","standard_pants","not_applicable","short_length","not_applicable","not_applicable","not_applicable","bottoms","","direct","true","preserved existing confirmed decision"
"uniqlo","MEN","86465","팬츠 > 쇼트 팬츠(반바지) > 스웨트","confirmed","bottoms","sweat_jogger_pants","standard_pants","not_applicable","short_length","not_applicable","not_applicable","not_applicable","bottoms","sweat_jogger","direct","true","preserved existing confirmed decision"
"uniqlo","MEN","79441","팬츠 > 쇼트 팬츠(반바지) > 카고 & 기어","confirmed","bottoms","cargo_pants","standard_pants","not_applicable","short_length","not_applicable","not_applicable","not_applicable","bottoms","cargo_utility","direct","true","preserved existing confirmed decision"
"uniqlo","MEN","58474","팬츠 > 쇼트 팬츠(반바지) > 울트라 스트레치","confirmed","","other_standard_pants","standard_pants","not_applicable","short_length","not_applicable","not_applicable","not_applicable","bottoms","","direct","true","preserved existing confirmed decision"
"uniqlo","MEN","58473","팬츠 > 쇼트 팬츠(반바지) > 치노","confirmed","","other_standard_pants","standard_pants","not_applicable","short_length","not_applicable","not_applicable","not_applicable","bottoms","chino_cotton","direct","true","preserved existing confirmed decision"
"uniqlo","MEN","139701","팬츠 > 쇼트 팬츠(반바지) > GU","confirmed","","other_standard_pants","standard_pants","not_applicable","short_length","not_applicable","not_applicable","not_applicable","bottoms","","direct","true","preserved existing confirmed decision"
"uniqlo","MEN","148874","팬츠 > 쇼트 팬츠(반바지) > 그 외","confirmed","","other_standard_pants","standard_pants","not_applicable","short_length","not_applicable","not_applicable","not_applicable","bottoms","","direct","true","preserved existing confirmed decision"
"uniqlo","MEN","58443","팬츠 > 와이드 팬츠 > 유틸리티(카고ㆍ커브)","confirmed","bottoms","cargo_pants","standard_pants","not_applicable","not_applicable","not_applicable","not_applicable","not_applicable","bottoms","cargo_utility","direct","true","preserved existing confirmed decision"
"uniqlo","MEN","100085","팬츠 > 와이드 팬츠 > UNIQLO : C","review_required","","","","not_applicable","not_applicable","not_applicable","not_applicable","not_applicable","","","review_required","false","preserved existing review_required decision"
"uniqlo","MEN","58444","팬츠 > 와이드 팬츠 > 데님","confirmed","bottoms","denim_pants","standard_pants","not_applicable","not_applicable","not_applicable","not_applicable","not_applicable","bottoms","jeans","direct","true","preserved existing confirmed decision"
"uniqlo","MEN","96144","팬츠 > 와이드 팬츠 > 치노","review_required","","","","not_applicable","not_applicable","not_applicable","not_applicable","not_applicable","","","review_required","false","preserved existing review_required decision"
"uniqlo","MEN","58442","팬츠 > 와이드 팬츠 > 슬랙스","confirmed","bottoms","slacks_trousers","standard_pants","not_applicable","not_applicable","not_applicable","not_applicable","not_applicable","bottoms","slacks_trousers","direct","true","preserved existing confirmed decision"
"uniqlo","MEN","148873","팬츠 > 와이드 팬츠 > 스웨트","confirmed","bottoms","sweat_jogger_pants","standard_pants","not_applicable","not_applicable","not_applicable","not_applicable","not_applicable","bottoms","casual_pants","direct","true","preserved existing confirmed decision"
"uniqlo","MEN","102595","팬츠 > 와이드 팬츠 > UNIQLO and JW ANDERSON","review_required","","","","not_applicable","not_applicable","not_applicable","not_applicable","not_applicable","","","review_required","false","preserved existing review_required decision"
"uniqlo","MEN","136618","팬츠 > 와이드 팬츠 > 긴 기장","review_required","","","","not_applicable","not_applicable","not_applicable","not_applicable","not_applicable","","","review_required","false","preserved existing review_required decision"
"uniqlo","MEN","138812","팬츠 > 와이드 팬츠 > 유니섹스","review_required","","","","not_applicable","not_applicable","not_applicable","not_applicable","not_applicable","","","review_required","false","preserved existing review_required decision"
"uniqlo","MEN","58445","팬츠 > 와이드 팬츠 > 그 외","review_required","","","","not_applicable","not_applicable","not_applicable","not_applicable","not_applicable","","","review_required","false","preserved existing review_required decision"
"uniqlo","MEN","124370","팬츠 > 와이드 팬츠 > GU","review_required","","","","not_applicable","not_applicable","not_applicable","not_applicable","not_applicable","","","review_required","false","preserved existing review_required decision"
"uniqlo","MEN","58456","팬츠 > 캐주얼 팬츠 > 조거","confirmed","bottoms","sweat_jogger_pants","standard_pants","not_applicable","not_applicable","not_applicable","not_applicable","not_applicable","bottoms","sweat_jogger","direct","true","preserved existing confirmed decision"
"uniqlo","MEN","114926","팬츠 > 캐주얼 팬츠 > 울트라 스트레치","review_required","","","","not_applicable","not_applicable","not_applicable","not_applicable","not_applicable","","","review_required","false","preserved existing review_required decision"
"uniqlo","MEN","62687","팬츠 > 캐주얼 팬츠 > 리넨","review_required","","","","not_applicable","not_applicable","not_applicable","not_applicable","not_applicable","","","review_required","false","preserved existing review_required decision"
"uniqlo","MEN","58455","팬츠 > 캐주얼 팬츠 > 유틸리티(카고ㆍ커브)","confirmed","bottoms","cargo_pants","standard_pants","not_applicable","not_applicable","not_applicable","not_applicable","not_applicable","bottoms","cargo_utility","direct","true","preserved existing confirmed decision"
"uniqlo","MEN","58458","팬츠 > 캐주얼 팬츠 > 이지(허리 밴딩)","review_required","","","","not_applicable","not_applicable","not_applicable","not_applicable","not_applicable","","","review_required","false","preserved existing review_required decision"
"uniqlo","MEN","116010","팬츠 > 캐주얼 팬츠 > 스웨트 팬츠","confirmed","bottoms","sweat_jogger_pants","standard_pants","not_applicable","not_applicable","not_applicable","not_applicable","not_applicable","bottoms","sweat_jogger","direct","true","preserved existing confirmed decision"
"uniqlo","MEN","120002","팬츠 > 캐주얼 팬츠 > 슬랙스(트라우저)","confirmed","bottoms","slacks_trousers","standard_pants","not_applicable","not_applicable","not_applicable","not_applicable","not_applicable","bottoms","slacks_trousers","direct","true","preserved existing confirmed decision"
"uniqlo","MEN","62974","팬츠 > 캐주얼 팬츠 > 웜 팬츠","review_required","","","","not_applicable","not_applicable","not_applicable","not_applicable","not_applicable","","","review_required","false","preserved existing review_required decision"
"uniqlo","MEN","98358","팬츠 > 캐주얼 팬츠 > 후리스 팬츠","confirmed","bottoms","casual_pants","standard_pants","not_applicable","not_applicable","not_applicable","not_applicable","not_applicable","bottoms","casual_pants","direct","true","preserved existing confirmed decision"
"uniqlo","MEN","58459","팬츠 > 캐주얼 팬츠 > 그 외","review_required","","","","not_applicable","not_applicable","not_applicable","not_applicable","not_applicable","","","review_required","false","preserved existing review_required decision"
"uniqlo","MEN","124371","팬츠 > 캐주얼 팬츠 > GU","review_required","","","","not_applicable","not_applicable","not_applicable","not_applicable","not_applicable","","","review_required","false","preserved existing review_required decision"
"uniqlo","MEN","98359","팬츠 > 캐주얼 팬츠 > 코듀로이 팬츠","review_required","","","","not_applicable","not_applicable","not_applicable","not_applicable","not_applicable","","","review_required","false","preserved existing review_required decision"
"uniqlo","MEN","149797","팬츠 > 캐주얼 팬츠 > 치노","review_required","","","","not_applicable","not_applicable","not_applicable","not_applicable","not_applicable","","","review_required","false","preserved existing review_required decision"
"uniqlo","MEN","58466","팬츠 > 감탄 팬츠 > 감탄 팬츠","confirmed","bottoms","slacks_trousers","standard_pants","not_applicable","not_applicable","not_applicable","not_applicable","not_applicable","bottoms","slacks_trousers","direct","true","preserved existing confirmed decision"
"uniqlo","MEN","58467","팬츠 > 감탄 팬츠 > 감탄 팬츠(라이트)","confirmed","bottoms","slacks_trousers","standard_pants","not_applicable","not_applicable","not_applicable","not_applicable","not_applicable","bottoms","slacks_trousers","direct","true","preserved existing confirmed decision"
"uniqlo","MEN","58468","팬츠 > 감탄 팬츠 > 그 외","confirmed","bottoms","slacks_trousers","standard_pants","not_applicable","not_applicable","not_applicable","not_applicable","not_applicable","bottoms","slacks_trousers","direct","true","preserved existing confirmed decision"
"uniqlo","MEN","87337","팬츠 > 감탄 팬츠 > 반바지","confirmed","bottoms","slacks_trousers","standard_pants","not_applicable","short_length","not_applicable","not_applicable","not_applicable","bottoms","shorts","direct","true","preserved existing confirmed decision"
"uniqlo","MEN","100101","팬츠 > 진(청바지) > UNIQLO : C","confirmed","bottoms","denim_pants","standard_pants","not_applicable","long_length","not_applicable","not_applicable","not_applicable","bottoms","jeans","direct","true","preserved existing confirmed decision"
"uniqlo","MEN","62686","팬츠 > 진(청바지) > UNIQLO and JW ANDERSON","confirmed","bottoms","denim_pants","standard_pants","not_applicable","long_length","not_applicable","not_applicable","not_applicable","bottoms","jeans","direct","true","preserved existing confirmed decision"
"uniqlo","MEN","58453","팬츠 > 진(청바지) > 와이드","confirmed","bottoms","denim_pants","standard_pants","not_applicable","long_length","not_applicable","not_applicable","not_applicable","bottoms","jeans","direct","true","preserved existing confirmed decision"
"uniqlo","MEN","149796","팬츠 > 진(청바지) > 배기","confirmed","bottoms","denim_pants","standard_pants","not_applicable","long_length","not_applicable","not_applicable","not_applicable","bottoms","jeans","direct","true","preserved existing confirmed decision"
"uniqlo","MEN","123531","팬츠 > 진(청바지) > 스트레이트","confirmed","bottoms","denim_pants","standard_pants","not_applicable","long_length","not_applicable","not_applicable","not_applicable","bottoms","jeans","direct","true","preserved existing confirmed decision"
"uniqlo","MEN","58452","팬츠 > 진(청바지) > 레귤러","confirmed","bottoms","denim_pants","standard_pants","not_applicable","long_length","not_applicable","not_applicable","not_applicable","bottoms","jeans","direct","true","preserved existing confirmed decision"
"uniqlo","MEN","58450","팬츠 > 진(청바지) > 슬림","confirmed","bottoms","denim_pants","standard_pants","not_applicable","long_length","not_applicable","not_applicable","not_applicable","bottoms","jeans","direct","true","preserved existing confirmed decision"
"uniqlo","MEN","58451","팬츠 > 진(청바지) > 셀비지","confirmed","bottoms","denim_pants","standard_pants","not_applicable","long_length","not_applicable","not_applicable","not_applicable","bottoms","jeans","direct","true","preserved existing confirmed decision"
"uniqlo","MEN","62684","팬츠 > 진(청바지) > 히트텍","confirmed","bottoms","denim_pants","standard_pants","not_applicable","long_length","not_applicable","not_applicable","not_applicable","bottoms","jeans","direct","true","preserved existing confirmed decision"
"uniqlo","MEN","107791","팬츠 > 진(청바지) > GU","confirmed","bottoms","denim_pants","standard_pants","not_applicable","long_length","not_applicable","not_applicable","not_applicable","bottoms","jeans","direct","true","preserved existing confirmed decision"
"uniqlo","MEN","125776","팬츠 > 진(청바지) > Uniqlo U","confirmed","bottoms","denim_pants","standard_pants","not_applicable","long_length","not_applicable","not_applicable","not_applicable","bottoms","jeans","direct","true","preserved existing confirmed decision"
"uniqlo","MEN","58460","팬츠 > 스웨트 팬츠 & 조거 팬츠 > 스웨트","confirmed","bottoms","sweat_jogger_pants","standard_pants","not_applicable","not_applicable","not_applicable","not_applicable","not_applicable","bottoms","sweat_jogger","direct","true","preserved existing confirmed decision"
"uniqlo","MEN","117292","팬츠 > 스웨트 팬츠 & 조거 팬츠 > 조거 팬츠","confirmed","bottoms","sweat_jogger_pants","standard_pants","not_applicable","not_applicable","not_applicable","not_applicable","not_applicable","bottoms","sweat_jogger","direct","true","preserved existing confirmed decision"
"uniqlo","MEN","117524","팬츠 > 스웨트 팬츠 & 조거 팬츠 > 쇼트 팬츠","confirmed","","other_standard_pants","standard_pants","not_applicable","short_length","not_applicable","not_applicable","not_applicable","bottoms","short_pants","direct","true","preserved existing confirmed decision"
"uniqlo","MEN","58461","팬츠 > 스웨트 팬츠 & 조거 팬츠 > 드라이 스웨트","confirmed","tops","sweatshirt","sweatshirt","not_applicable","not_applicable","not_applicable","not_applicable","not_applicable","bottoms","sweat_jogger","direct","true","preserved existing confirmed decision"
"uniqlo","MEN","62979","팬츠 > 스웨트 팬츠 & 조거 팬츠 > 그 외","confirmed","bottoms","sweat_jogger_pants","standard_pants","not_applicable","not_applicable","not_applicable","not_applicable","not_applicable","bottoms","sweat_jogger","direct","true","preserved existing confirmed decision"
"uniqlo","MEN","98363","팬츠 > 스웨트 팬츠 & 조거 팬츠 > 보아 스웨트","confirmed","tops","sweatshirt","sweatshirt","not_applicable","not_applicable","not_applicable","not_applicable","not_applicable","bottoms","sweat_jogger","direct","true","preserved existing confirmed decision"
"uniqlo","MEN","98360","팬츠 > 치노 팬츠 > 와이드","confirmed","bottoms","chino_cotton_pants","standard_pants","not_applicable","not_applicable","not_applicable","not_applicable","not_applicable","bottoms","chino_cotton","direct","true","preserved existing confirmed decision"
"uniqlo","MEN","98361","팬츠 > 치노 팬츠 > 레귤러","confirmed","bottoms","chino_cotton_pants","standard_pants","not_applicable","not_applicable","not_applicable","not_applicable","not_applicable","bottoms","chino_cotton","direct","true","preserved existing confirmed decision"
"uniqlo","MEN","58446","팬츠 > 치노 팬츠 > 슬림","confirmed","bottoms","chino_cotton_pants","standard_pants","not_applicable","not_applicable","not_applicable","not_applicable","not_applicable","bottoms","chino_cotton","direct","true","preserved existing confirmed decision"
"uniqlo","MEN","58447","팬츠 > 치노 팬츠 > 그 외","confirmed","bottoms","chino_cotton_pants","standard_pants","not_applicable","not_applicable","not_applicable","not_applicable","not_applicable","bottoms","chino_cotton","direct","true","preserved existing confirmed decision"
"uniqlo","MEN","58471","팬츠 > 슬랙스(트라우저) > 스마트 앵클 팬츠","confirmed","bottoms","slacks_trousers","standard_pants","not_applicable","ankle_length","not_applicable","not_applicable","not_applicable","bottoms","slacks_trousers","direct","true","preserved existing confirmed decision"
"uniqlo","MEN","58470","팬츠 > 슬랙스(트라우저) > 감탄 팬츠","confirmed","bottoms","slacks_trousers","standard_pants","not_applicable","not_applicable","not_applicable","not_applicable","not_applicable","bottoms","slacks_trousers","direct","true","preserved existing confirmed decision"
"uniqlo","MEN","100087","팬츠 > 슬랙스(트라우저) > 와이드 팬츠","confirmed","bottoms","slacks_trousers","standard_pants","not_applicable","not_applicable","not_applicable","not_applicable","not_applicable","bottoms","slacks_trousers","direct","true","preserved existing confirmed decision"
"uniqlo","MEN","98362","팬츠 > 슬랙스(트라우저) > 셋업","confirmed","bottoms","slacks_trousers","standard_pants","not_applicable","not_applicable","not_applicable","not_applicable","not_applicable","bottoms","slacks_trousers","direct","true","preserved existing confirmed decision"
"uniqlo","MEN","58472","팬츠 > 슬랙스(트라우저) > 그 외","confirmed","bottoms","slacks_trousers","standard_pants","not_applicable","not_applicable","not_applicable","not_applicable","not_applicable","bottoms","slacks_trousers","direct","true","preserved existing confirmed decision"
"uniqlo","MEN","62980","팬츠 > 슬랙스(트라우저) > 히트텍 팬츠","confirmed","bottoms","slacks_trousers","standard_pants","not_applicable","not_applicable","not_applicable","not_applicable","not_applicable","bottoms","slacks_trousers","direct","true","preserved existing confirmed decision"
"uniqlo","MEN","58507","이너웨어 > 에어리즘 > 메쉬","review_required","","","","not_applicable","not_applicable","not_applicable","not_applicable","not_applicable","","","review_required","false","preserved existing review_required decision"
"uniqlo","MEN","58505","이너웨어 > 에어리즘 > 에어리즘","review_required","","","","not_applicable","not_applicable","not_applicable","not_applicable","not_applicable","","","review_required","false","preserved existing review_required decision"
"uniqlo","MEN","58506","이너웨어 > 에어리즘 > 코튼","review_required","","","","not_applicable","not_applicable","not_applicable","not_applicable","not_applicable","","","review_required","false","preserved existing review_required decision"
"uniqlo","MEN","58510","이너웨어 > 에어리즘 > 심리스","review_required","","","","not_applicable","not_applicable","not_applicable","not_applicable","not_applicable","","","review_required","false","preserved existing review_required decision"
"uniqlo","MEN","58511","이너웨어 > 에어리즘 > 브리프 (레귤러)","review_required","","","","not_applicable","not_applicable","not_applicable","not_applicable","not_applicable","","","review_required","false","preserved existing review_required decision"
"uniqlo","MEN","58512","이너웨어 > 에어리즘 > 브리프 (로라이즈)","review_required","","","","not_applicable","not_applicable","not_applicable","not_applicable","not_applicable","","","review_required","false","preserved existing review_required decision"
"uniqlo","MEN","58513","이너웨어 > 에어리즘 > 트렁크","review_required","","","","not_applicable","not_applicable","not_applicable","not_applicable","not_applicable","","","review_required","false","preserved existing review_required decision"
"uniqlo","MEN","58514","이너웨어 > 에어리즘 > V넥","confirmed","","base_layer_top","base_layer_top","not_applicable","not_applicable","not_applicable","not_applicable","not_applicable","underwear","underwear","direct","true","preserved existing confirmed decision"
"uniqlo","MEN","58515","이너웨어 > 에어리즘 > 크루넥","confirmed","","base_layer_top","base_layer_top","not_applicable","not_applicable","not_applicable","not_applicable","not_applicable","underwear","underwear","direct","true","preserved existing confirmed decision"
"uniqlo","MEN","82708","이너웨어 > 에어리즘 > 슬리브리스","review_required","","","","not_applicable","not_applicable","not_applicable","not_applicable","not_applicable","","","review_required","false","preserved existing review_required decision"
"uniqlo","MEN","58509","이너웨어 > 에어리즘 > 긴팔","review_required","","","","not_applicable","not_applicable","not_applicable","not_applicable","not_applicable","","","review_required","false","preserved existing review_required decision"
"uniqlo","MEN","58516","이너웨어 > 에어리즘 > 그 외","review_required","","","","not_applicable","not_applicable","not_applicable","not_applicable","not_applicable","","","review_required","false","preserved existing review_required decision"
"uniqlo","MEN","58525","이너웨어 > 언더웨어 > 에어리즘 심리스 브리프","rejected","","","","not_applicable","not_applicable","not_applicable","not_applicable","not_applicable","","","rejected","false","preserved existing rejected decision"
"uniqlo","MEN","58526","이너웨어 > 언더웨어 > 에어리즘 브리프","rejected","","","","not_applicable","not_applicable","not_applicable","not_applicable","not_applicable","","","rejected","false","preserved existing rejected decision"
"uniqlo","MEN","58528","이너웨어 > 언더웨어 > 에어리즘 트렁크","rejected","","","","not_applicable","not_applicable","not_applicable","not_applicable","not_applicable","","","rejected","false","preserved existing rejected decision"
"uniqlo","MEN","118977","이너웨어 > 언더웨어 > 코튼 브리프","rejected","","","","not_applicable","not_applicable","not_applicable","not_applicable","not_applicable","","","rejected","false","preserved existing rejected decision"
"uniqlo","MEN","58531","이너웨어 > 언더웨어 > 코튼 트렁크","rejected","","","","not_applicable","not_applicable","not_applicable","not_applicable","not_applicable","","","rejected","false","preserved existing rejected decision"
"uniqlo","MEN","58532","이너웨어 > 언더웨어 > 그 외","rejected","","","","not_applicable","not_applicable","not_applicable","not_applicable","not_applicable","","","rejected","false","preserved existing rejected decision"
"uniqlo","MEN","58533","이너웨어 > 양말 > 컬러 삭스","rejected","","","","not_applicable","not_applicable","not_applicable","not_applicable","not_applicable","","","rejected","false","preserved existing rejected decision"
"uniqlo","MEN","58534","이너웨어 > 양말 > 레귤러 삭스","rejected","","","","not_applicable","not_applicable","not_applicable","not_applicable","not_applicable","","","rejected","false","preserved existing rejected decision"
"uniqlo","MEN","58535","이너웨어 > 양말 > 하프 삭스","rejected","","","","not_applicable","not_applicable","not_applicable","not_applicable","not_applicable","","","rejected","false","preserved existing rejected decision"
"uniqlo","MEN","58536","이너웨어 > 양말 > 쇼트 삭스","rejected","","","","not_applicable","not_applicable","not_applicable","not_applicable","not_applicable","","","rejected","false","preserved existing rejected decision"
"uniqlo","MEN","58537","이너웨어 > 양말 > 베리 쇼트 삭스","rejected","","","","not_applicable","not_applicable","not_applicable","not_applicable","not_applicable","","","rejected","false","preserved existing rejected decision"
"uniqlo","MEN","58539","이너웨어 > 양말 > 스포츠 삭스","rejected","","","","not_applicable","not_applicable","not_applicable","not_applicable","not_applicable","","","rejected","false","preserved existing rejected decision"
"uniqlo","MEN","58540","이너웨어 > 양말 > 히트텍 삭스","rejected","","","","not_applicable","not_applicable","not_applicable","not_applicable","not_applicable","","","rejected","false","preserved existing rejected decision"
"uniqlo","MEN","58538","이너웨어 > 양말 > 하이 삭스","rejected","","","","not_applicable","not_applicable","not_applicable","not_applicable","not_applicable","","","rejected","false","preserved existing rejected decision"
"uniqlo","MEN","107792","이너웨어 > 양말 > UT 삭스","rejected","","","","not_applicable","not_applicable","not_applicable","not_applicable","not_applicable","","","rejected","false","preserved existing rejected decision"
"uniqlo","MEN","58541","이너웨어 > 양말 > 그 외","rejected","","","","not_applicable","not_applicable","not_applicable","not_applicable","not_applicable","","","rejected","false","preserved existing rejected decision"
"uniqlo","MEN","62987","이너웨어 > 양말 > UNIQLO and JW ANDERSON","rejected","","","","not_applicable","not_applicable","not_applicable","not_applicable","not_applicable","","","rejected","false","preserved existing rejected decision"
"uniqlo","MEN","123533","이너웨어 > 히트텍 > 히트텍 캐시미어 블렌드","confirmed","","base_layer_top","base_layer_top","not_applicable","not_applicable","not_applicable","not_applicable","not_applicable","underwear","underwear","direct","true","preserved existing confirmed decision"
"uniqlo","MEN","98370","이너웨어 > 히트텍 > 히트텍","review_required","","","","not_applicable","not_applicable","not_applicable","not_applicable","not_applicable","","","review_required","false","preserved existing review_required decision"
"uniqlo","MEN","98371","이너웨어 > 히트텍 > 히트텍 엑스트라 웜","confirmed","","base_layer_top","base_layer_top","not_applicable","not_applicable","not_applicable","not_applicable","not_applicable","underwear","underwear","direct","true","preserved existing confirmed decision"
"uniqlo","MEN","98372","이너웨어 > 히트텍 > 히트텍 울트라 웜","confirmed","","base_layer_top","base_layer_top","not_applicable","not_applicable","not_applicable","not_applicable","not_applicable","underwear","underwear","direct","true","preserved existing confirmed decision"
"uniqlo","MEN","98373","이너웨어 > 히트텍 > 9부","review_required","","","","not_applicable","not_applicable","not_applicable","not_applicable","not_applicable","","","review_required","false","preserved existing review_required decision"
"uniqlo","MEN","58519","이너웨어 > 히트텍 > 반팔","review_required","","","","not_applicable","not_applicable","not_applicable","not_applicable","not_applicable","","","review_required","false","preserved existing review_required decision"
"uniqlo","MEN","58517","이너웨어 > 히트텍 > 긴팔","review_required","","","","not_applicable","not_applicable","not_applicable","not_applicable","not_applicable","","","review_required","false","preserved existing review_required decision"
"uniqlo","MEN","58520","이너웨어 > 히트텍 > V넥","confirmed","","base_layer_top","base_layer_top","not_applicable","not_applicable","not_applicable","not_applicable","not_applicable","underwear","underwear","direct","true","preserved existing confirmed decision"
"uniqlo","MEN","58521","이너웨어 > 히트텍 > 크루넥","confirmed","","base_layer_top","base_layer_top","not_applicable","not_applicable","not_applicable","not_applicable","not_applicable","underwear","underwear","direct","true","preserved existing confirmed decision"
"uniqlo","MEN","58522","이너웨어 > 히트텍 > 터틀넥","confirmed","","base_layer_top","base_layer_top","not_applicable","not_applicable","not_applicable","not_applicable","not_applicable","underwear","underwear","direct","true","preserved existing confirmed decision"
"uniqlo","MEN","58523","이너웨어 > 히트텍 > 타이즈","review_required","","","","not_applicable","not_applicable","not_applicable","not_applicable","not_applicable","","","review_required","false","preserved existing review_required decision"
"uniqlo","MEN","102255","이너웨어 > 히트텍 > 양말","rejected","","","","not_applicable","not_applicable","not_applicable","not_applicable","not_applicable","","","rejected","false","preserved existing rejected decision"
"uniqlo","MEN","58524","이너웨어 > 히트텍 > 그 외","review_required","","","","not_applicable","not_applicable","not_applicable","not_applicable","not_applicable","","","review_required","false","preserved existing review_required decision"
"uniqlo","MEN","58546","라운지 팬츠 > 라운지 팬츠 > 그 외","review_required","","","","not_applicable","not_applicable","not_applicable","not_applicable","not_applicable","","","review_required","false","preserved existing review_required decision"
"uniqlo","MEN","58545","라운지 팬츠 > 라운지 팬츠 > 쇼트 팬츠","confirmed","","other_standard_pants","standard_pants","not_applicable","short_length","not_applicable","not_applicable","not_applicable","bottoms","short_pants","direct","true","preserved existing confirmed decision"
"uniqlo","MEN","98376","라운지 팬츠 > 라운지 팬츠 > 롱 팬츠","confirmed","","other_standard_pants","standard_pants","not_applicable","long_length","not_applicable","not_applicable","not_applicable","bottoms","long_pants","direct","true","preserved existing confirmed decision"
"uniqlo","MEN","87332","라운지 팬츠 > 라운지 팬츠 > 파자마","rejected","","","","not_applicable","not_applicable","not_applicable","not_applicable","not_applicable","","","rejected","false","preserved existing rejected decision"
"uniqlo","MEN","79442","라운지 팬츠 > 라운지 팬츠 > 반팔 파자마","rejected","","","","not_applicable","not_applicable","not_applicable","not_applicable","not_applicable","","","rejected","false","preserved existing rejected decision"
"uniqlo","MEN","98375","라운지 팬츠 > 라운지 팬츠 > 긴팔 파자마","rejected","","","","not_applicable","not_applicable","not_applicable","not_applicable","not_applicable","","","rejected","false","preserved existing rejected decision"
"uniqlo","MEN","127801","라운지 팬츠 > 라운지 팬츠 > 후리스 팬츠","confirmed","bottoms","casual_pants","standard_pants","not_applicable","not_applicable","not_applicable","not_applicable","not_applicable","homewear","loungewear","direct","true","preserved existing confirmed decision"
"uniqlo","MEN","58553","액세서리 > 가방 > 백팩","rejected","","","","not_applicable","not_applicable","not_applicable","not_applicable","not_applicable","","","rejected","false","preserved existing rejected decision"
"uniqlo","MEN","58552","액세서리 > 가방 > 숄더백","rejected","","","","not_applicable","not_applicable","not_applicable","not_applicable","not_applicable","","","rejected","false","preserved existing rejected decision"
"uniqlo","MEN","141902","액세서리 > 가방 > Uniqlo U","rejected","","","","not_applicable","not_applicable","not_applicable","not_applicable","not_applicable","","","rejected","false","preserved existing rejected decision"
"uniqlo","MEN","58557","액세서리 > 가방 > 멀티포켓숄더백","rejected","","","","not_applicable","not_applicable","not_applicable","not_applicable","not_applicable","","","rejected","false","preserved existing rejected decision"
"uniqlo","MEN","58556","액세서리 > 가방 > 리유저블백","rejected","","","","not_applicable","not_applicable","not_applicable","not_applicable","not_applicable","","","rejected","false","preserved existing rejected decision"
"uniqlo","MEN","62988","액세서리 > 가방 > 그 외","rejected","","","","not_applicable","not_applicable","not_applicable","not_applicable","not_applicable","","","rejected","false","preserved existing rejected decision"
"uniqlo","MEN","144157","액세서리 > 선글라스 > 내로우","rejected","","","","not_applicable","not_applicable","not_applicable","not_applicable","not_applicable","","","rejected","false","preserved existing rejected decision"
"uniqlo","MEN","144161","액세서리 > 선글라스 > 스탠다드","rejected","","","","not_applicable","not_applicable","not_applicable","not_applicable","not_applicable","","","rejected","false","preserved existing rejected decision"
"uniqlo","MEN","144158","액세서리 > 선글라스 > 와이드","rejected","","","","not_applicable","not_applicable","not_applicable","not_applicable","not_applicable","","","rejected","false","preserved existing rejected decision"
"uniqlo","MEN","144159","액세서리 > 선글라스 > 액티브","rejected","","","","not_applicable","not_applicable","not_applicable","not_applicable","not_applicable","","","rejected","false","preserved existing rejected decision"
"uniqlo","MEN","58568","액세서리 > 선글라스 > 편광 선글라스","rejected","","","","not_applicable","not_applicable","not_applicable","not_applicable","not_applicable","","","rejected","false","preserved existing rejected decision"
"uniqlo","MEN","58566","액세서리 > 선글라스 > 패션 선글라스","rejected","","","","not_applicable","not_applicable","not_applicable","not_applicable","not_applicable","","","rejected","false","preserved existing rejected decision"
"uniqlo","MEN","58567","액세서리 > 선글라스 > 스포츠 선글라스","rejected","","","","not_applicable","not_applicable","not_applicable","not_applicable","not_applicable","","","rejected","false","preserved existing rejected decision"
"uniqlo","MEN","58562","액세서리 > 벨트 > 정장벨트","rejected","","","","not_applicable","not_applicable","not_applicable","not_applicable","not_applicable","","","rejected","false","preserved existing rejected decision"
"uniqlo","MEN","58563","액세서리 > 벨트 > 메쉬벨트","rejected","","","","not_applicable","not_applicable","not_applicable","not_applicable","not_applicable","","","rejected","false","preserved existing rejected decision"
"uniqlo","MEN","58565","액세서리 > 벨트 > 그 외","rejected","","","","not_applicable","not_applicable","not_applicable","not_applicable","not_applicable","","","rejected","false","preserved existing rejected decision"
"uniqlo","MEN","58558","액세서리 > 모자 > 캡","rejected","","","","not_applicable","not_applicable","not_applicable","not_applicable","not_applicable","","","rejected","false","preserved existing rejected decision"
"uniqlo","MEN","58559","액세서리 > 모자 > 햇","rejected","","","","not_applicable","not_applicable","not_applicable","not_applicable","not_applicable","","","rejected","false","preserved existing rejected decision"
"uniqlo","MEN","62990","액세서리 > 모자 > 비니","rejected","","","","not_applicable","not_applicable","not_applicable","not_applicable","not_applicable","","","rejected","false","preserved existing rejected decision"
"uniqlo","MEN","58560","액세서리 > 모자 > UV Protection","rejected","","","","not_applicable","not_applicable","not_applicable","not_applicable","not_applicable","","","rejected","false","preserved existing rejected decision"
"uniqlo","MEN","62992","액세서리 > 모자 > UNIQLO and JW ANDERSON","rejected","","","","not_applicable","not_applicable","not_applicable","not_applicable","not_applicable","","","rejected","false","preserved existing rejected decision"
"uniqlo","MEN","62991","액세서리 > 모자 > KAWS WINTER","rejected","","","","not_applicable","not_applicable","not_applicable","not_applicable","not_applicable","","","rejected","false","preserved existing rejected decision"
"uniqlo","MEN","98403","액세서리 > 신발 > Uniqlo C","rejected","","","","not_applicable","not_applicable","not_applicable","not_applicable","not_applicable","","","rejected","false","preserved existing rejected decision"
"uniqlo","MEN","62994","액세서리 > 신발 > 스니커즈","rejected","","","","not_applicable","not_applicable","not_applicable","not_applicable","not_applicable","","","rejected","false","preserved existing rejected decision"
"uniqlo","MEN","58570","액세서리 > 우산 > 우산","rejected","","","","not_applicable","not_applicable","not_applicable","not_applicable","not_applicable","","","rejected","false","preserved existing rejected decision"
"uniqlo","MEN","62999","액세서리 > 우산 > 담요","rejected","","","","not_applicable","not_applicable","not_applicable","not_applicable","not_applicable","","","rejected","false","preserved existing rejected decision"
"uniqlo","MEN","63000","액세서리 > 우산 > 다마고치","rejected","","","","not_applicable","not_applicable","not_applicable","not_applicable","not_applicable","","","rejected","false","preserved existing rejected decision"
"uniqlo","MEN","73369","액세서리 > 우산 > 암커버","rejected","","","","not_applicable","not_applicable","not_applicable","not_applicable","not_applicable","","","rejected","false","preserved existing rejected decision"
"uniqlo","MEN","82139","에어리즘 > 이너웨어 상의 > AIRism","confirmed","","base_layer_top","base_layer_top","not_applicable","not_applicable","not_applicable","not_applicable","not_applicable","underwear","underwear","direct","true","preserved existing confirmed decision"
"uniqlo","MEN","83302","에어리즘 > 이너웨어 상의 > 메쉬","confirmed","","base_layer_top","base_layer_top","not_applicable","not_applicable","not_applicable","not_applicable","not_applicable","underwear","underwear","direct","true","preserved existing confirmed decision"
"uniqlo","MEN","82140","에어리즘 > 이너웨어 상의 > 코튼","confirmed","","base_layer_top","base_layer_top","not_applicable","not_applicable","not_applicable","not_applicable","not_applicable","underwear","underwear","direct","true","preserved existing confirmed decision"
"uniqlo","MEN","82142","에어리즘 > 이너웨어 상의 > 슬리브리스","confirmed","","base_layer_top","base_layer_top","sleeveless","not_applicable","not_applicable","not_applicable","not_applicable","underwear","underwear","direct","true","preserved existing confirmed decision"
"uniqlo","MEN","82141","에어리즘 > 이너웨어 상의 > 반팔","confirmed","","base_layer_top","base_layer_top","short_sleeve","not_applicable","not_applicable","not_applicable","not_applicable","underwear","underwear","direct","true","preserved existing confirmed decision"
"uniqlo","MEN","82143","에어리즘 > 이너웨어 상의 > V넥","confirmed","","base_layer_top","base_layer_top","not_applicable","not_applicable","not_applicable","not_applicable","not_applicable","underwear","underwear","direct","true","preserved existing confirmed decision"
"uniqlo","MEN","82144","에어리즘 > 이너웨어 상의 > 크루넥","confirmed","","base_layer_top","base_layer_top","not_applicable","not_applicable","not_applicable","not_applicable","not_applicable","underwear","underwear","direct","true","preserved existing confirmed decision"
"uniqlo","MEN","82122","에어리즘 > 언더웨어 > 심리스","rejected","","","","not_applicable","not_applicable","not_applicable","not_applicable","not_applicable","","","rejected","false","preserved existing rejected decision"
"uniqlo","MEN","82974","에어리즘 > 언더웨어 > 레귤러","rejected","","","","not_applicable","not_applicable","not_applicable","not_applicable","not_applicable","","","rejected","false","preserved existing rejected decision"
"uniqlo","MEN","82975","에어리즘 > 언더웨어 > 로라이즈","rejected","","","","not_applicable","not_applicable","not_applicable","not_applicable","not_applicable","","","rejected","false","preserved existing rejected decision"
"uniqlo","MEN","82123","에어리즘 > 언더웨어 > 트렁크","rejected","","","","not_applicable","not_applicable","not_applicable","not_applicable","not_applicable","","","rejected","false","preserved existing rejected decision"
"uniqlo","MEN","82146","에어리즘 > 상의 > 반팔","review_required","","","","not_applicable","not_applicable","not_applicable","not_applicable","not_applicable","","","review_required","false","preserved existing review_required decision"
"uniqlo","MEN","82148","에어리즘 > 상의 > 슬리브리스","review_required","","","","not_applicable","not_applicable","not_applicable","not_applicable","not_applicable","","","review_required","false","preserved existing review_required decision"
"uniqlo","MEN","82145","에어리즘 > 상의 > 폴로셔츠","confirmed","tops","polo_shirt","polo_shirt","not_applicable","not_applicable","not_applicable","not_applicable","not_applicable","tops","polo_shirt","direct","true","preserved existing confirmed decision"
"uniqlo","MEN","82147","에어리즘 > 상의 > 긴팔","review_required","","","","not_applicable","not_applicable","not_applicable","not_applicable","not_applicable","","","review_required","false","preserved existing review_required decision"
"uniqlo","MEN","82483","에어리즘 > 상의 > 티셔츠","confirmed","tops","tshirt","tshirt","not_applicable","not_applicable","not_applicable","not_applicable","not_applicable","tops","shirt_blouse","direct","true","preserved existing confirmed decision"
"uniqlo","MEN","140359","에어리즘 > 팬츠 > 긴 기장","review_required","","","","not_applicable","not_applicable","not_applicable","not_applicable","not_applicable","","","review_required","false","preserved existing review_required decision"
"uniqlo","MEN","86457","스포츠 유틸리티 웨어 > 상의 > 폴로 셔츠","confirmed","tops","polo_shirt","polo_shirt","not_applicable","not_applicable","not_applicable","not_applicable","not_applicable","tops","polo_shirt","direct","true","preserved existing confirmed decision"
"uniqlo","MEN","82121","스포츠 유틸리티 웨어 > 상의 > DRY-EX","confirmed","","sports_top","sports_top","not_applicable","not_applicable","not_applicable","not_applicable","not_applicable","tops","sports_top","direct","true","preserved existing confirmed decision"
"uniqlo","MEN","58493","스포츠 유틸리티 웨어 > 상의 > 반팔","confirmed","","sports_top","sports_top","short_sleeve","not_applicable","not_applicable","not_applicable","not_applicable","tops","short_sleeve","direct","true","preserved existing confirmed decision"
"uniqlo","MEN","58492","스포츠 유틸리티 웨어 > 상의 > 긴팔","confirmed","","sports_top","sports_top","long_sleeve","not_applicable","not_applicable","not_applicable","not_applicable","tops","long_sleeve","direct","true","preserved existing confirmed decision"
"uniqlo","MEN","58494","스포츠 유틸리티 웨어 > 상의 > 스웨트","confirmed","tops","sweatshirt","sweatshirt","not_applicable","not_applicable","not_applicable","not_applicable","not_applicable","tops","sweatshirt","direct","true","preserved existing confirmed decision"
"uniqlo","MEN","98378","스포츠 유틸리티 웨어 > 상의 > 슬리브리스","confirmed","","sports_top","sports_top","sleeveless","not_applicable","not_applicable","not_applicable","not_applicable","tops","sleeveless","direct","true","preserved existing confirmed decision"
"uniqlo","MEN","61192","스포츠 유틸리티 웨어 > 팬츠 > 그 외","confirmed","","sports_bottom","sports_bottom","not_applicable","not_applicable","not_applicable","not_applicable","not_applicable","bottoms","cargo_utility","direct","true","preserved existing confirmed decision"
"uniqlo","MEN","58497","스포츠 유틸리티 웨어 > 팬츠 > 반바지","confirmed","","other_standard_pants","standard_pants","not_applicable","short_length","not_applicable","not_applicable","not_applicable","bottoms","shorts","direct","true","preserved existing confirmed decision"
"uniqlo","MEN","112643","스포츠 유틸리티 웨어 > 팬츠 > 울트라 스트레치 팬츠","confirmed","","sports_bottom","sports_bottom","not_applicable","not_applicable","not_applicable","not_applicable","not_applicable","bottoms","cargo_utility","direct","true","preserved existing confirmed decision"
"uniqlo","MEN","58496","스포츠 유틸리티 웨어 > 팬츠 > 조거 팬츠","confirmed","bottoms","sweat_jogger_pants","standard_pants","not_applicable","not_applicable","not_applicable","not_applicable","not_applicable","bottoms","sweat_jogger","direct","true","preserved existing confirmed decision"
"uniqlo","MEN","58498","스포츠 유틸리티 웨어 > 팬츠 > 기어 팬츠","confirmed","","sports_bottom","sports_bottom","not_applicable","not_applicable","not_applicable","not_applicable","not_applicable","bottoms","cargo_utility","direct","true","preserved existing confirmed decision"
"uniqlo","MEN","58495","스포츠 유틸리티 웨어 > 팬츠 > 스웨트 팬츠","confirmed","bottoms","sweat_jogger_pants","standard_pants","not_applicable","not_applicable","not_applicable","not_applicable","not_applicable","bottoms","sweat_jogger","direct","true","preserved existing confirmed decision"
"uniqlo","MEN","105481","스포츠 유틸리티 웨어 > 아우터 > 포켓터블","review_required","","","","not_applicable","not_applicable","not_applicable","not_applicable","not_applicable","","","review_required","false","preserved existing review_required decision"
"uniqlo","MEN","58488","스포츠 유틸리티 웨어 > 아우터 > 블럭테크","review_required","","","","not_applicable","not_applicable","not_applicable","not_applicable","not_applicable","","","review_required","false","preserved existing review_required decision"
"uniqlo","MEN","58486","스포츠 유틸리티 웨어 > 아우터 > 파카","review_required","","","","not_applicable","not_applicable","not_applicable","not_applicable","not_applicable","","","review_required","false","preserved existing review_required decision"
"uniqlo","MEN","112645","스포츠 유틸리티 웨어 > 아우터 > 윈드블럭","review_required","","","","not_applicable","not_applicable","not_applicable","not_applicable","not_applicable","","","review_required","false","preserved existing review_required decision"
"uniqlo","MEN","58485","스포츠 유틸리티 웨어 > 아우터 > 재킷 & 블루종","review_required","","","","not_applicable","not_applicable","not_applicable","not_applicable","not_applicable","","","review_required","false","preserved existing review_required decision"
"uniqlo","MEN","98385","스포츠 유틸리티 웨어 > 아우터 > 그 외","review_required","","","","not_applicable","not_applicable","not_applicable","not_applicable","not_applicable","","","review_required","false","preserved existing review_required decision"
"uniqlo","MEN","58499","스포츠 유틸리티 웨어 > 이너웨어 > 에어리즘","review_required","","","","not_applicable","not_applicable","not_applicable","not_applicable","not_applicable","","","review_required","false","preserved existing review_required decision"
"uniqlo","MEN","58500","스포츠 유틸리티 웨어 > 이너웨어 > 양말","rejected","","","","not_applicable","not_applicable","not_applicable","not_applicable","not_applicable","","","rejected","false","preserved existing rejected decision"
"uniqlo","MEN","74062","스포츠 유틸리티 웨어 > 이너웨어 > 그 외","review_required","","","","not_applicable","not_applicable","not_applicable","not_applicable","not_applicable","","","review_required","false","preserved existing review_required decision"
"uniqlo","MEN","58503","스포츠 유틸리티 웨어 > 액세서리 > 선글라스","rejected","","","","not_applicable","not_applicable","not_applicable","not_applicable","not_applicable","","","rejected","false","preserved existing rejected decision"
"uniqlo","MEN","58501","스포츠 유틸리티 웨어 > 액세서리 > 모자","rejected","","","","not_applicable","not_applicable","not_applicable","not_applicable","not_applicable","","","rejected","false","preserved existing rejected decision"
"uniqlo","MEN","58502","스포츠 유틸리티 웨어 > 액세서리 > 가방","rejected","","","","not_applicable","not_applicable","not_applicable","not_applicable","not_applicable","","","rejected","false","preserved existing rejected decision"
"uniqlo","MEN","58504","스포츠 유틸리티 웨어 > 액세서리 > 벨트","rejected","","","","not_applicable","not_applicable","not_applicable","not_applicable","not_applicable","","","rejected","false","preserved existing rejected decision"
"uniqlo","MEN","73370","스포츠 유틸리티 웨어 > 액세서리 > 암커버","rejected","","","","not_applicable","not_applicable","not_applicable","not_applicable","not_applicable","","","rejected","false","preserved existing rejected decision"
"uniqlo","MEN","62986","스포츠 유틸리티 웨어 > 액세서리 > Others 그 외","rejected","","","","not_applicable","not_applicable","not_applicable","not_applicable","not_applicable","","","rejected","false","preserved existing rejected decision"
"uniqlo","MEN","98387","스포츠 유틸리티 웨어 > 액세서리 > 장갑","rejected","","","","not_applicable","not_applicable","not_applicable","not_applicable","not_applicable","","","rejected","false","preserved existing rejected decision"
"uniqlo","MEN","62985","스포츠 유틸리티 웨어 > 액세서리 > 스카프 & 넥워머","rejected","","","","not_applicable","not_applicable","not_applicable","not_applicable","not_applicable","","","rejected","false","preserved existing rejected decision"
"uniqlo","MEN","114805","UV Protection > 파카 > 포켓터블","review_required","","","","not_applicable","not_applicable","not_applicable","not_applicable","not_applicable","","","review_required","false","preserved existing review_required decision"
"uniqlo","MEN","114806","UV Protection > 파카 > DRY-EX","review_required","","","","not_applicable","not_applicable","not_applicable","not_applicable","not_applicable","","","review_required","false","preserved existing review_required decision"
"uniqlo","MEN","115521","UV Protection > 파카 > 그 외","review_required","","","","not_applicable","not_applicable","not_applicable","not_applicable","not_applicable","","","review_required","false","preserved existing review_required decision"
"uniqlo","MEN","115579","UV Protection > 액세서리 > 선글라스","rejected","","","","not_applicable","not_applicable","not_applicable","not_applicable","not_applicable","","","rejected","false","preserved existing rejected decision"
"uniqlo","MEN","114808","UV Protection > 액세서리 > 모자","rejected","","","","not_applicable","not_applicable","not_applicable","not_applicable","not_applicable","","","rejected","false","preserved existing rejected decision"
"uniqlo","MEN","114922","UV Protection > 액세서리 > 우산 & 암커버","rejected","","","","not_applicable","not_applicable","not_applicable","not_applicable","not_applicable","","","rejected","false","preserved existing rejected decision"
"uniqlo","MEN","116876","리넨 > 셔츠 > 셔츠","confirmed","tops","shirt_blouse","shirt_blouse","not_applicable","not_applicable","not_applicable","not_applicable","not_applicable","tops","shirt_blouse","direct","true","preserved existing confirmed decision"
"uniqlo","MEN","120302","리넨 > 셔츠 > 반팔셔츠","confirmed","tops","shirt_blouse","shirt_blouse","short_sleeve","not_applicable","not_applicable","not_applicable","not_applicable","tops","short_sleeve","direct","true","preserved existing confirmed decision"
"uniqlo","MEN","116877","리넨 > 팬츠 > 롱팬츠","confirmed","","other_standard_pants","standard_pants","not_applicable","long_length","not_applicable","not_applicable","not_applicable","bottoms","long_pants","direct","true","preserved existing confirmed decision"
"uniqlo","MEN","116878","리넨 > 팬츠 > 쇼트팬츠","confirmed","","other_standard_pants","standard_pants","not_applicable","short_length","not_applicable","not_applicable","not_applicable","bottoms","short_pants","direct","true","preserved existing confirmed decision"
"uniqlo","MEN","116875","리넨 > 재킷 > 재킷","review_required","","","","not_applicable","not_applicable","not_applicable","not_applicable","not_applicable","","","review_required","false","preserved existing review_required decision"
"uniqlo","MEN","122739","Special Collaborations > UNIQLO : C > Pre Launch","review_required","","","","not_applicable","not_applicable","not_applicable","not_applicable","not_applicable","","","review_required","false","preserved existing review_required decision"
"uniqlo","MEN","107609","Special Collaborations > UNIQLO : C > Outerwear","review_required","","","","not_applicable","not_applicable","not_applicable","not_applicable","not_applicable","","","review_required","false","preserved existing review_required decision"
"uniqlo","MEN","107611","Special Collaborations > UNIQLO : C > Knitwear","review_required","","","","not_applicable","not_applicable","not_applicable","not_applicable","not_applicable","","","review_required","false","preserved existing review_required decision"
"uniqlo","MEN","122740","Special Collaborations > UNIQLO : C > Knitwear","review_required","","","","not_applicable","not_applicable","not_applicable","not_applicable","not_applicable","","","review_required","false","preserved existing review_required decision"
"uniqlo","MEN","107610","Special Collaborations > UNIQLO : C > Shirts","confirmed","tops","shirt_blouse","shirt_blouse","not_applicable","not_applicable","not_applicable","not_applicable","not_applicable","tops","shirt_blouse","direct","true","preserved existing confirmed decision"
"uniqlo","MEN","107612","Special Collaborations > UNIQLO : C > Sweats","confirmed","tops","sweatshirt","sweatshirt","not_applicable","not_applicable","not_applicable","not_applicable","not_applicable","tops","sweatshirt","direct","true","preserved existing confirmed decision"
"uniqlo","MEN","107613","Special Collaborations > UNIQLO : C > Bottoms","review_required","","","","not_applicable","not_applicable","not_applicable","not_applicable","not_applicable","","","review_required","false","preserved existing review_required decision"
"uniqlo","MEN","107614","Special Collaborations > UNIQLO : C > Accessories","review_required","","","","not_applicable","not_applicable","not_applicable","not_applicable","not_applicable","","","review_required","false","preserved existing review_required decision"
"uniqlo","MEN","107615","Special Collaborations > UNIQLO : C > Shoes","rejected","","","","not_applicable","not_applicable","not_applicable","not_applicable","not_applicable","","","rejected","false","preserved existing rejected decision"
"uniqlo","MEN","107616","Special Collaborations > UNIQLO : C > Bags","rejected","","","","not_applicable","not_applicable","not_applicable","not_applicable","not_applicable","","","rejected","false","preserved existing rejected decision"
"uniqlo","MEN","135498","Special Collaborations > UNIQLO : C > Sunglasses","rejected","","","","not_applicable","not_applicable","not_applicable","not_applicable","not_applicable","","","rejected","false","preserved existing rejected decision"
"uniqlo","MEN","135495","Special Collaborations > UNIQLO : C > Coats","confirmed","outerwear","coat","coat","not_applicable","not_applicable","not_applicable","not_applicable","not_applicable","outerwear","coat","direct","true","preserved existing confirmed decision"
"uniqlo","MEN","135494","Special Collaborations > UNIQLO : C > Jackets","review_required","","","","not_applicable","not_applicable","not_applicable","not_applicable","not_applicable","","","review_required","false","preserved existing review_required decision"
"uniqlo","MEN","135496","Special Collaborations > UNIQLO : C > Wide Fit","review_required","","","","not_applicable","not_applicable","not_applicable","not_applicable","not_applicable","","","review_required","false","preserved existing review_required decision"
"uniqlo","MEN","122708","Special Collaborations > UNIQLO : C > Heattech","review_required","","","","not_applicable","not_applicable","not_applicable","not_applicable","not_applicable","","","review_required","false","preserved existing review_required decision"
"uniqlo","MEN","140173","Special Collaborations > UNIQLO : C > Premium Linen","review_required","","","","not_applicable","not_applicable","not_applicable","not_applicable","not_applicable","","","review_required","false","preserved existing review_required decision"
"uniqlo","MEN","135497","Special Collaborations > UNIQLO : C > Linen","review_required","","","","not_applicable","not_applicable","not_applicable","not_applicable","not_applicable","","","review_required","false","preserved existing review_required decision"
"uniqlo","MEN","146116","Special Collaborations > UNIQLO : C > Cardigan","confirmed","tops","cardigan","cardigan","not_applicable","not_applicable","not_applicable","not_applicable","not_applicable","other","other","direct","true","preserved existing confirmed decision"
"uniqlo","MEN","146117","Special Collaborations > UNIQLO : C > Turtle neck","review_required","","","","not_applicable","not_applicable","not_applicable","not_applicable","not_applicable","","","review_required","false","preserved existing review_required decision"
"uniqlo","MEN","137989","Special Collaborations > UNIQLO : C > Genderless","review_required","","","","not_applicable","not_applicable","not_applicable","not_applicable","not_applicable","","","review_required","false","preserved existing review_required decision"
"uniqlo","MEN","107619","Special Collaborations > UNIQLO : C > Others","review_required","","","","not_applicable","not_applicable","not_applicable","not_applicable","not_applicable","","","review_required","false","preserved existing review_required decision"
"uniqlo","MEN","107617","Special Collaborations > UNIQLO : C > Spring And Summer","review_required","","","","not_applicable","not_applicable","not_applicable","not_applicable","not_applicable","","","review_required","false","preserved existing review_required decision"
"uniqlo","MEN","107618","Special Collaborations > UNIQLO : C > Fall And Winter","review_required","","","","not_applicable","not_applicable","not_applicable","not_applicable","not_applicable","","","review_required","false","preserved existing review_required decision"
"uniqlo","MEN","145320","Special Collaborations > UNIQLO F.RISSO > Shirts and Polo shirt","review_required","","","","not_applicable","not_applicable","not_applicable","not_applicable","not_applicable","","","review_required","false","preserved existing review_required decision"
"uniqlo","MEN","145321","Special Collaborations > UNIQLO F.RISSO > T-Shirts","confirmed","tops","tshirt","tshirt","not_applicable","not_applicable","not_applicable","not_applicable","not_applicable","tops","shirt_blouse","direct","true","preserved existing confirmed decision"
"uniqlo","MEN","145322","Special Collaborations > UNIQLO F.RISSO > Bottoms","review_required","","","","not_applicable","not_applicable","not_applicable","not_applicable","not_applicable","","","review_required","false","preserved existing review_required decision"
"uniqlo","MEN","145323","Special Collaborations > UNIQLO F.RISSO > Accessories","review_required","","","","not_applicable","not_applicable","not_applicable","not_applicable","not_applicable","","","review_required","false","preserved existing review_required decision"
"uniqlo","MEN","145324","Special Collaborations > UNIQLO F.RISSO > Socks","rejected","","","","not_applicable","not_applicable","not_applicable","not_applicable","not_applicable","","","rejected","false","preserved existing rejected decision"
"uniqlo","MEN","145325","Special Collaborations > UNIQLO F.RISSO > Broad","review_required","","","","not_applicable","not_applicable","not_applicable","not_applicable","not_applicable","","","review_required","false","preserved existing review_required decision"
"uniqlo","MEN","145326","Special Collaborations > UNIQLO F.RISSO > Oxford","review_required","","","","not_applicable","not_applicable","not_applicable","not_applicable","not_applicable","","","review_required","false","preserved existing review_required decision"
"uniqlo","MEN","145327","Special Collaborations > UNIQLO F.RISSO > Wide","review_required","","","","not_applicable","not_applicable","not_applicable","not_applicable","not_applicable","","","review_required","false","preserved existing review_required decision"
"uniqlo","MEN","145328","Special Collaborations > UNIQLO F.RISSO > Others","review_required","","","","not_applicable","not_applicable","not_applicable","not_applicable","not_applicable","","","review_required","false","preserved existing review_required decision"
"uniqlo","MEN","107603","Special Collaborations > Uniqlo U > Outerwear","review_required","","","","not_applicable","not_applicable","not_applicable","not_applicable","not_applicable","","","review_required","false","preserved existing review_required decision"
"uniqlo","MEN","107604","Special Collaborations > Uniqlo U > T-Shirts","confirmed","tops","tshirt","tshirt","not_applicable","not_applicable","not_applicable","not_applicable","not_applicable","tops","shirt_blouse","direct","true","preserved existing confirmed decision"
"uniqlo","MEN","107605","Special Collaborations > Uniqlo U > Shirts","confirmed","tops","shirt_blouse","shirt_blouse","not_applicable","not_applicable","not_applicable","not_applicable","not_applicable","tops","shirt_blouse","direct","true","preserved existing confirmed decision"
"uniqlo","MEN","107607","Special Collaborations > Uniqlo U > Bottoms","review_required","","","","not_applicable","not_applicable","not_applicable","not_applicable","not_applicable","","","review_required","false","preserved existing review_required decision"
"uniqlo","MEN","107608","Special Collaborations > Uniqlo U > Accessories","review_required","","","","not_applicable","not_applicable","not_applicable","not_applicable","not_applicable","","","review_required","false","preserved existing review_required decision"
"uniqlo","MEN","139484","Special Collaborations > Uniqlo U > Bags","rejected","","","","not_applicable","not_applicable","not_applicable","not_applicable","not_applicable","","","rejected","false","preserved existing rejected decision"
"uniqlo","MEN","139483","Special Collaborations > Uniqlo U > Belts","rejected","","","","not_applicable","not_applicable","not_applicable","not_applicable","not_applicable","","","rejected","false","preserved existing rejected decision"
"uniqlo","MEN","107606","Special Collaborations > Uniqlo U > Sweaters","confirmed","tops","knit_sweater","knit_sweater","not_applicable","not_applicable","not_applicable","not_applicable","not_applicable","tops","knit_sweater","direct","true","preserved existing confirmed decision"
"uniqlo","MEN","139462","Special Collaborations > Uniqlo U > Blousons","confirmed","outerwear","blouson","blouson","not_applicable","not_applicable","not_applicable","not_applicable","not_applicable","other","other","direct","true","preserved existing confirmed decision"
"uniqlo","MEN","139464","Special Collaborations > Uniqlo U > Parkers","review_required","","","","not_applicable","not_applicable","not_applicable","not_applicable","not_applicable","","","review_required","false","preserved existing review_required decision"
"uniqlo","MEN","139463","Special Collaborations > Uniqlo U > Jackets","review_required","","","","not_applicable","not_applicable","not_applicable","not_applicable","not_applicable","","","review_required","false","preserved existing review_required decision"
"uniqlo","MEN","139465","Special Collaborations > Uniqlo U > Wide Fit","review_required","","","","not_applicable","not_applicable","not_applicable","not_applicable","not_applicable","","","review_required","false","preserved existing review_required decision"
"uniqlo","MEN","139471","Special Collaborations > Uniqlo U > Short Sleeve","review_required","","","","not_applicable","not_applicable","not_applicable","not_applicable","not_applicable","","","review_required","false","preserved existing review_required decision"
"uniqlo","MEN","139473","Special Collaborations > Uniqlo U > Short Half Sleeve","review_required","","","","not_applicable","not_applicable","not_applicable","not_applicable","not_applicable","","","review_required","false","preserved existing review_required decision"
"uniqlo","MEN","139470","Special Collaborations > Uniqlo U > Long Sleeve","review_required","","","","not_applicable","not_applicable","not_applicable","not_applicable","not_applicable","","","review_required","false","preserved existing review_required decision"
"uniqlo","MEN","139481","Special Collaborations > Uniqlo U > Regular Lengths","review_required","","","","not_applicable","not_applicable","not_applicable","not_applicable","not_applicable","","","review_required","false","preserved existing review_required decision"
"uniqlo","MEN","139482","Special Collaborations > Uniqlo U > Long Length","review_required","","","","not_applicable","not_applicable","not_applicable","not_applicable","not_applicable","","","review_required","false","preserved existing review_required decision"
"uniqlo","MEN","139476","Special Collaborations > Uniqlo U > Airism","review_required","","","","not_applicable","not_applicable","not_applicable","not_applicable","not_applicable","","","review_required","false","preserved existing review_required decision"
"uniqlo","MEN","139467","Special Collaborations > Uniqlo U > Cotton","review_required","","","","not_applicable","not_applicable","not_applicable","not_applicable","not_applicable","","","review_required","false","preserved existing review_required decision"
"uniqlo","MEN","139466","Special Collaborations > Uniqlo U > Cargo","review_required","","","","not_applicable","not_applicable","not_applicable","not_applicable","not_applicable","","","review_required","false","preserved existing review_required decision"
"uniqlo","MEN","139474","Special Collaborations > Uniqlo U > Dry Ex","review_required","","","","not_applicable","not_applicable","not_applicable","not_applicable","not_applicable","","","review_required","false","preserved existing review_required decision"
"uniqlo","MEN","139480","Special Collaborations > Uniqlo U > Sweat","confirmed","tops","sweatshirt","sweatshirt","not_applicable","not_applicable","not_applicable","not_applicable","not_applicable","tops","sweatshirt","direct","true","preserved existing confirmed decision"
"uniqlo","MEN","139475","Special Collaborations > Uniqlo U > Tank Top","confirmed","tops","tank_top","tank_top","sleeveless","not_applicable","not_applicable","not_applicable","not_applicable","other","other","direct","true","preserved existing confirmed decision"
"uniqlo","MEN","139477","Special Collaborations > Uniqlo U > Crew Neck","review_required","","","","not_applicable","not_applicable","not_applicable","not_applicable","not_applicable","","","review_required","false","preserved existing review_required decision"
"uniqlo","MEN","139468","Special Collaborations > Uniqlo U > Shorts","confirmed","","other_standard_pants","standard_pants","not_applicable","short_length","not_applicable","not_applicable","not_applicable","bottoms","shorts","direct","true","preserved existing confirmed decision"
"uniqlo","MEN","141037","Special Collaborations > Uniqlo U > Coming Soon","review_required","","","","not_applicable","not_applicable","not_applicable","not_applicable","not_applicable","","","review_required","false","preserved existing review_required decision"
"uniqlo","MEN","139479","Special Collaborations > Uniqlo U > Others","review_required","","","","not_applicable","not_applicable","not_applicable","not_applicable","not_applicable","","","review_required","false","preserved existing review_required decision"
"uniqlo","MEN","149789","Special Collaborations > UNIQLO and JW ANDERSON > Pre launch","review_required","","","","unknown","unknown","not_applicable","not_applicable","unknown","","","review_required","false","official product identifiers unavailable within observed source"
"uniqlo","MEN","107620","Special Collaborations > UNIQLO and JW ANDERSON > Outerwear","review_required","","","","not_applicable","not_applicable","not_applicable","not_applicable","not_applicable","","","review_required","false","preserved existing review_required decision"
"uniqlo","MEN","107624","Special Collaborations > UNIQLO and JW ANDERSON > Bottoms","review_required","","","","not_applicable","not_applicable","not_applicable","not_applicable","not_applicable","","","review_required","false","preserved existing review_required decision"
"uniqlo","MEN","107621","Special Collaborations > UNIQLO and JW ANDERSON > Cut & Sewn","review_required","","","","not_applicable","not_applicable","not_applicable","not_applicable","not_applicable","","","review_required","false","preserved existing review_required decision"
"uniqlo","MEN","107622","Special Collaborations > UNIQLO and JW ANDERSON > Shirts","confirmed","tops","shirt_blouse","shirt_blouse","not_applicable","not_applicable","not_applicable","not_applicable","not_applicable","tops","shirt_blouse","direct","true","preserved existing confirmed decision"
"uniqlo","MEN","126806","Special Collaborations > UNIQLO and JW ANDERSON > Sweaters","confirmed","tops","knit_sweater","knit_sweater","not_applicable","not_applicable","not_applicable","not_applicable","not_applicable","tops","knit_sweater","direct","true","preserved existing confirmed decision"
"uniqlo","MEN","107625","Special Collaborations > UNIQLO and JW ANDERSON > Socks","rejected","","","","not_applicable","not_applicable","not_applicable","not_applicable","not_applicable","","","rejected","false","preserved existing rejected decision"
"uniqlo","MEN","107626","Special Collaborations > UNIQLO and JW ANDERSON > Accessories","review_required","","","","not_applicable","not_applicable","not_applicable","not_applicable","not_applicable","","","review_required","false","preserved existing review_required decision"
"uniqlo","MEN","134564","Special Collaborations > UNIQLO and JW ANDERSON > Bags","rejected","","","","not_applicable","not_applicable","not_applicable","not_applicable","not_applicable","","","rejected","false","preserved existing rejected decision"
"uniqlo","MEN","134566","Special Collaborations > UNIQLO and JW ANDERSON > Regular Fit","review_required","","","","not_applicable","not_applicable","not_applicable","not_applicable","not_applicable","","","review_required","false","preserved existing review_required decision"
"uniqlo","MEN","134567","Special Collaborations > UNIQLO and JW ANDERSON > Wide Fit","review_required","","","","not_applicable","not_applicable","not_applicable","not_applicable","not_applicable","","","review_required","false","preserved existing review_required decision"
"uniqlo","MEN","134568","Special Collaborations > UNIQLO and JW ANDERSON > Regular Length","review_required","","","","not_applicable","not_applicable","not_applicable","not_applicable","not_applicable","","","review_required","false","preserved existing review_required decision"
"uniqlo","MEN","134570","Special Collaborations > UNIQLO and JW ANDERSON > Short Length","review_required","","","","not_applicable","not_applicable","not_applicable","not_applicable","not_applicable","","","review_required","false","preserved existing review_required decision"
"uniqlo","MEN","134569","Special Collaborations > UNIQLO and JW ANDERSON > Long Length","review_required","","","","not_applicable","not_applicable","not_applicable","not_applicable","not_applicable","","","review_required","false","preserved existing review_required decision"
"uniqlo","MEN","134571","Special Collaborations > UNIQLO and JW ANDERSON > Short Half Sleeve","review_required","","","","not_applicable","not_applicable","not_applicable","not_applicable","not_applicable","","","review_required","false","preserved existing review_required decision"
"uniqlo","MEN","134572","Special Collaborations > UNIQLO and JW ANDERSON > Regular Socks","rejected","","","","not_applicable","not_applicable","not_applicable","not_applicable","not_applicable","","","rejected","false","preserved existing rejected decision"
"uniqlo","MEN","134573","Special Collaborations > UNIQLO and JW ANDERSON > Half Socks","rejected","","","","not_applicable","not_applicable","not_applicable","not_applicable","not_applicable","","","rejected","false","preserved existing rejected decision"
"uniqlo","MEN","134574","Special Collaborations > UNIQLO and JW ANDERSON > Denim","review_required","","","","not_applicable","not_applicable","not_applicable","not_applicable","not_applicable","","","review_required","false","preserved existing review_required decision"
"uniqlo","MEN","134575","Special Collaborations > UNIQLO and JW ANDERSON > Cotton","review_required","","","","not_applicable","not_applicable","not_applicable","not_applicable","not_applicable","","","review_required","false","preserved existing review_required decision"
"uniqlo","MEN","134576","Special Collaborations > UNIQLO and JW ANDERSON > Crew Neck","review_required","","","","not_applicable","not_applicable","not_applicable","not_applicable","not_applicable","","","review_required","false","preserved existing review_required decision"
"uniqlo","MEN","134577","Special Collaborations > UNIQLO and JW ANDERSON > Polo","confirmed","tops","polo_shirt","polo_shirt","not_applicable","not_applicable","not_applicable","not_applicable","not_applicable","tops","polo_shirt","direct","true","preserved existing confirmed decision"
"uniqlo","MEN","149792","Special Collaborations > UNIQLO and JW ANDERSON > Genderless","review_required","","","","unknown","unknown","not_applicable","not_applicable","unknown","","","review_required","false","official product identifiers unavailable within observed source"
"uniqlo","MEN","107627","Special Collaborations > UNIQLO and JW ANDERSON > Others","review_required","","","","not_applicable","not_applicable","not_applicable","not_applicable","not_applicable","","","review_required","false","preserved existing review_required decision"
"uniqlo","MEN","140770","Special Collaborations > The Roger Federer Collection > DRY-EX Polo Shirts","confirmed","tops","polo_shirt","polo_shirt","not_applicable","not_applicable","not_applicable","not_applicable","not_applicable","tops","polo_shirt","direct","true","preserved existing confirmed decision"
"uniqlo","MEN","140771","Special Collaborations > The Roger Federer Collection > Ultra Stretch Shorts","confirmed","","other_standard_pants","standard_pants","not_applicable","short_length","not_applicable","not_applicable","not_applicable","bottoms","shorts","direct","true","preserved existing confirmed decision"
"uniqlo","MEN","140772","Special Collaborations > The Roger Federer Collection > 3D Knit","confirmed","tops","knit_sweater","knit_sweater","not_applicable","not_applicable","not_applicable","not_applicable","not_applicable","tops","knit_sweater","direct","true","preserved existing confirmed decision"
"uniqlo","MEN","140773","Special Collaborations > The Roger Federer Collection > Dry Stretch Sweats","review_required","","","","not_applicable","not_applicable","not_applicable","not_applicable","not_applicable","","","review_required","false","preserved existing review_required decision"
"uniqlo","MEN","140774","Special Collaborations > The Roger Federer Collection > Others","review_required","","","","not_applicable","not_applicable","not_applicable","not_applicable","not_applicable","","","review_required","false","preserved existing review_required decision"
"uniqlo","MEN","124445","GU > 상의 > 티셔츠","confirmed","tops","tshirt","tshirt","not_applicable","not_applicable","not_applicable","not_applicable","not_applicable","tops","shirt_blouse","direct","true","preserved existing confirmed decision"
"uniqlo","MEN","124446","GU > 상의 > 스웨트","confirmed","tops","sweatshirt","sweatshirt","not_applicable","not_applicable","not_applicable","not_applicable","not_applicable","tops","sweatshirt","direct","true","preserved existing confirmed decision"
"uniqlo","MEN","124447","GU > 상의 > 셔츠","confirmed","tops","shirt_blouse","shirt_blouse","not_applicable","not_applicable","not_applicable","not_applicable","not_applicable","tops","shirt_blouse","direct","true","preserved existing confirmed decision"
"uniqlo","MEN","124448","GU > 상의 > 니트","confirmed","tops","knit_sweater","knit_sweater","not_applicable","not_applicable","not_applicable","not_applicable","not_applicable","tops","knit_sweater","direct","true","preserved existing confirmed decision"
"uniqlo","MEN","124449","GU > 팬츠 > 진","confirmed","bottoms","denim_pants","standard_pants","not_applicable","long_length","not_applicable","not_applicable","not_applicable","bottoms","jeans","direct","true","preserved existing confirmed decision"
"uniqlo","MEN","124450","GU > 팬츠 > 팬츠","confirmed","","other_standard_pants","standard_pants","not_applicable","not_applicable","not_applicable","not_applicable","not_applicable","bottoms","casual_pants","direct","true","preserved existing confirmed decision"
"uniqlo","MEN","139040","GU > 라운지웨어 & 홈웨어 > 파자마","rejected","","","","not_applicable","not_applicable","not_applicable","not_applicable","not_applicable","","","rejected","false","preserved existing rejected decision"
"uniqlo","KIDS","58587","티셔츠 & UT > 티셔츠 (반팔 & 긴팔) > 에어리즘 코튼","confirmed","tops","tshirt","tshirt","not_applicable","not_applicable","not_applicable","not_applicable","not_applicable","tops","shirt_blouse","direct","true","preserved existing confirmed decision"
"uniqlo","KIDS","58585","티셔츠 & UT > 티셔츠 (반팔 & 긴팔) > 반팔","confirmed","tops","tshirt","tshirt","short_sleeve","not_applicable","not_applicable","not_applicable","not_applicable","tops","short_sleeve","direct","true","preserved existing confirmed decision"
"uniqlo","KIDS","94366","티셔츠 & UT > 티셔츠 (반팔 & 긴팔) > 그래픽 티셔츠","confirmed","tops","tshirt","tshirt","not_applicable","not_applicable","not_applicable","not_applicable","not_applicable","tops","shirt_blouse","direct","true","preserved existing confirmed decision"
"uniqlo","KIDS","58586","티셔츠 & UT > 티셔츠 (반팔 & 긴팔) > 걸즈","confirmed","tops","tshirt","tshirt","not_applicable","not_applicable","not_applicable","not_applicable","not_applicable","tops","shirt_blouse","direct","true","preserved existing confirmed decision"
"uniqlo","KIDS","58589","티셔츠 & UT > 티셔츠 (반팔 & 긴팔) > DRY-EX","confirmed","tops","tshirt","tshirt","not_applicable","not_applicable","not_applicable","not_applicable","not_applicable","tops","shirt_blouse","direct","true","preserved existing confirmed decision"
"uniqlo","KIDS","58584","티셔츠 & UT > 티셔츠 (반팔 & 긴팔) > 긴팔","confirmed","tops","tshirt","tshirt","long_sleeve","not_applicable","not_applicable","not_applicable","not_applicable","tops","long_sleeve","direct","true","preserved existing confirmed decision"
"uniqlo","KIDS","58591","티셔츠 & UT > 티셔츠 (반팔 & 긴팔) > 그 외","confirmed","tops","tshirt","tshirt","not_applicable","not_applicable","not_applicable","not_applicable","not_applicable","tops","shirt_blouse","direct","true","preserved existing confirmed decision"
"uniqlo","KIDS","151483","티셔츠 & UT > 그래픽티셔츠 > Pokémon","confirmed","tops","tshirt","tshirt","not_applicable","not_applicable","not_applicable","not_applicable","not_applicable","tops","shirt_blouse","direct","true","preserved existing confirmed decision"
"uniqlo","KIDS","132868","티셔츠 & UT > 그래픽티셔츠 > MAGIC FOR ALL ICONS","confirmed","tops","tshirt","tshirt","not_applicable","not_applicable","not_applicable","not_applicable","not_applicable","tops","shirt_blouse","direct","true","preserved existing confirmed decision"
"uniqlo","KIDS","136168","티셔츠 & UT > 그래픽티셔츠 > PEANUTS","confirmed","tops","tshirt","tshirt","not_applicable","not_applicable","not_applicable","not_applicable","not_applicable","tops","shirt_blouse","direct","true","preserved existing confirmed decision"
"uniqlo","KIDS","140590","티셔츠 & UT > 그래픽티셔츠 > Monchhichi","confirmed","tops","tshirt","tshirt","not_applicable","not_applicable","not_applicable","not_applicable","not_applicable","tops","shirt_blouse","direct","true","preserved existing confirmed decision"
"uniqlo","KIDS","144584","티셔츠 & UT > 그래픽티셔츠 > MARIO KART WORLD","confirmed","tops","tshirt","tshirt","not_applicable","not_applicable","not_applicable","not_applicable","not_applicable","tops","shirt_blouse","direct","true","preserved existing confirmed decision"
"uniqlo","KIDS","146992","티셔츠 & UT > 그래픽티셔츠 > CHIIKAWA","confirmed","tops","tshirt","tshirt","not_applicable","not_applicable","not_applicable","not_applicable","not_applicable","tops","shirt_blouse","direct","true","preserved existing confirmed decision"
"uniqlo","KIDS","136135","티셔츠 & UT > 그래픽티셔츠 > mofusand","confirmed","tops","tshirt","tshirt","not_applicable","not_applicable","not_applicable","not_applicable","not_applicable","tops","shirt_blouse","direct","true","preserved existing confirmed decision"
"uniqlo","KIDS","131941","티셔츠 & UT > 그래픽티셔츠 > Jason Polan","confirmed","tops","tshirt","tshirt","not_applicable","not_applicable","not_applicable","not_applicable","not_applicable","tops","shirt_blouse","direct","true","preserved existing confirmed decision"
"uniqlo","KIDS","134044","티셔츠 & UT > 그래픽티셔츠 > Pokémon","confirmed","tops","tshirt","tshirt","not_applicable","not_applicable","not_applicable","not_applicable","not_applicable","tops","shirt_blouse","direct","true","preserved existing confirmed decision"
"uniqlo","KIDS","128636","티셔츠 & UT > 그래픽티셔츠 > Minecraft","confirmed","tops","tshirt","tshirt","not_applicable","not_applicable","not_applicable","not_applicable","not_applicable","tops","shirt_blouse","direct","true","preserved existing confirmed decision"
"uniqlo","KIDS","128633","티셔츠 & UT > 그래픽티셔츠 > Sanrio characters","confirmed","tops","tshirt","tshirt","not_applicable","not_applicable","not_applicable","not_applicable","not_applicable","tops","shirt_blouse","direct","true","preserved existing confirmed decision"
"uniqlo","KIDS","127489","티셔츠 & UT > 그래픽티셔츠 > NY POP ART","confirmed","tops","tshirt","tshirt","not_applicable","not_applicable","not_applicable","not_applicable","not_applicable","tops","shirt_blouse","direct","true","preserved existing confirmed decision"
"uniqlo","KIDS","139969","티셔츠 & UT > 그래픽티셔츠 > The Super Mario Galaxy Movie","confirmed","tops","tshirt","tshirt","not_applicable","not_applicable","not_applicable","not_applicable","not_applicable","tops","shirt_blouse","direct","true","preserved existing confirmed decision"
"uniqlo","KIDS","136201","티셔츠 & UT > 그래픽티셔츠 > POP MART","confirmed","tops","tshirt","tshirt","not_applicable","not_applicable","not_applicable","not_applicable","not_applicable","tops","shirt_blouse","direct","true","preserved existing confirmed decision"
"uniqlo","KIDS","128545","티셔츠 & UT > 그래픽티셔츠 > ZOOTOPIA","confirmed","tops","tshirt","tshirt","not_applicable","not_applicable","not_applicable","not_applicable","not_applicable","tops","shirt_blouse","direct","true","preserved existing confirmed decision"
"uniqlo","KIDS","128051","티셔츠 & UT > 그래픽티셔츠 > Sanrio characters","confirmed","tops","tshirt","tshirt","not_applicable","not_applicable","not_applicable","not_applicable","not_applicable","tops","shirt_blouse","direct","true","preserved existing confirmed decision"
"uniqlo","KIDS","124882","티셔츠 & UT > 그래픽티셔츠 > PEANUTS","confirmed","tops","tshirt","tshirt","not_applicable","not_applicable","not_applicable","not_applicable","not_applicable","tops","shirt_blouse","direct","true","preserved existing confirmed decision"
"uniqlo","KIDS","121582","티셔츠 & UT > 그래픽티셔츠 > POP MART","confirmed","tops","tshirt","tshirt","not_applicable","not_applicable","not_applicable","not_applicable","not_applicable","tops","shirt_blouse","direct","true","preserved existing confirmed decision"
"uniqlo","KIDS","120172","티셔츠 & UT > 그래픽티셔츠 > STUDIO GHIBLI","confirmed","tops","tshirt","tshirt","not_applicable","not_applicable","not_applicable","not_applicable","not_applicable","tops","shirt_blouse","direct","true","preserved existing confirmed decision"
"uniqlo","KIDS","121219","티셔츠 & UT > 그래픽티셔츠 > CHIIKAWA x JOKE BEAR AND FRIENDS","confirmed","tops","tshirt","tshirt","not_applicable","not_applicable","not_applicable","not_applicable","not_applicable","tops","shirt_blouse","direct","true","preserved existing confirmed decision"
"uniqlo","KIDS","122143","티셔츠 & UT > 그래픽티셔츠 > PEANUTS","confirmed","tops","tshirt","tshirt","not_applicable","not_applicable","not_applicable","not_applicable","not_applicable","tops","shirt_blouse","direct","true","preserved existing confirmed decision"
"uniqlo","KIDS","120757","티셔츠 & UT > 그래픽티셔츠 > MAGIC FOR ALL TIMELESS","confirmed","tops","tshirt","tshirt","not_applicable","not_applicable","not_applicable","not_applicable","not_applicable","tops","shirt_blouse","direct","true","preserved existing confirmed decision"
"uniqlo","KIDS","118121","티셔츠 & UT > 그래픽티셔츠 > TOY STORY","confirmed","tops","tshirt","tshirt","not_applicable","not_applicable","not_applicable","not_applicable","not_applicable","tops","shirt_blouse","direct","true","preserved existing confirmed decision"
"uniqlo","KIDS","112705","티셔츠 & UT > 그래픽티셔츠 > mofusand","confirmed","tops","tshirt","tshirt","not_applicable","not_applicable","not_applicable","not_applicable","not_applicable","tops","shirt_blouse","direct","true","preserved existing confirmed decision"
"uniqlo","KIDS","117028","티셔츠 & UT > 그래픽티셔츠 > NY POP ART","confirmed","tops","tshirt","tshirt","not_applicable","not_applicable","not_applicable","not_applicable","not_applicable","tops","shirt_blouse","direct","true","preserved existing confirmed decision"
"uniqlo","KIDS","107759","티셔츠 & UT > 그래픽티셔츠 > Minecraft","confirmed","tops","tshirt","tshirt","not_applicable","not_applicable","not_applicable","not_applicable","not_applicable","tops","shirt_blouse","direct","true","preserved existing confirmed decision"
"uniqlo","KIDS","112753","티셔츠 & UT > 그래픽티셔츠 > Pokémon","confirmed","tops","tshirt","tshirt","not_applicable","not_applicable","not_applicable","not_applicable","not_applicable","tops","shirt_blouse","direct","true","preserved existing confirmed decision"
"uniqlo","KIDS","112706","티셔츠 & UT > 그래픽티셔츠 > Disney in Blue","confirmed","tops","tshirt","tshirt","not_applicable","not_applicable","not_applicable","not_applicable","not_applicable","tops","shirt_blouse","direct","true","preserved existing confirmed decision"
"uniqlo","KIDS","108044","티셔츠 & UT > 그래픽티셔츠 > Sanrio characters","confirmed","tops","tshirt","tshirt","not_applicable","not_applicable","not_applicable","not_applicable","not_applicable","tops","shirt_blouse","direct","true","preserved existing confirmed decision"
"uniqlo","KIDS","105622","티셔츠 & UT > 그래픽티셔츠 > SpongeBob SquarePants■Cactus Plant Flea Market","confirmed","tops","tshirt","tshirt","not_applicable","not_applicable","not_applicable","not_applicable","not_applicable","tops","shirt_blouse","direct","true","preserved existing confirmed decision"
"uniqlo","KIDS","105181","티셔츠 & UT > 그래픽티셔츠 > NY POP ART","confirmed","tops","tshirt","tshirt","not_applicable","not_applicable","not_applicable","not_applicable","not_applicable","tops","shirt_blouse","direct","true","preserved existing confirmed decision"
"uniqlo","KIDS","104030","티셔츠 & UT > 그래픽티셔츠 > DRAGON BALL / DRAGON BALL DAIMA","confirmed","tops","tshirt","tshirt","not_applicable","not_applicable","not_applicable","not_applicable","not_applicable","tops","shirt_blouse","direct","true","preserved existing confirmed decision"
"uniqlo","KIDS","87966","티셔츠 & UT > 그래픽티셔츠 > Sanrio characters","confirmed","tops","tshirt","tshirt","not_applicable","not_applicable","not_applicable","not_applicable","not_applicable","tops","shirt_blouse","direct","true","preserved existing confirmed decision"
"uniqlo","KIDS","94166","티셔츠 & UT > 그래픽티셔츠 > MAGIC FOR ALL with Yu Nagaba","confirmed","tops","tshirt","tshirt","not_applicable","not_applicable","not_applicable","not_applicable","not_applicable","tops","shirt_blouse","direct","true","preserved existing confirmed decision"
"uniqlo","KIDS","81250","티셔츠 & UT > 그래픽티셔츠 > STUDIO GHIBLI","confirmed","tops","tshirt","tshirt","not_applicable","not_applicable","not_applicable","not_applicable","not_applicable","tops","shirt_blouse","direct","true","preserved existing confirmed decision"
"uniqlo","KIDS","86692","티셔츠 & UT > 그래픽티셔츠 > TV animation ONE PIECE 25th","confirmed","tops","tshirt","tshirt","not_applicable","not_applicable","not_applicable","not_applicable","not_applicable","tops","shirt_blouse","direct","true","preserved existing confirmed decision"
"uniqlo","KIDS","83567","티셔츠 & UT > 그래픽티셔츠 > mofusand","confirmed","tops","tshirt","tshirt","not_applicable","not_applicable","not_applicable","not_applicable","not_applicable","tops","shirt_blouse","direct","true","preserved existing confirmed decision"
"uniqlo","KIDS","86459","티셔츠 & UT > 그래픽티셔츠 > Pokémon","confirmed","tops","tshirt","tshirt","not_applicable","not_applicable","not_applicable","not_applicable","not_applicable","tops","shirt_blouse","direct","true","preserved existing confirmed decision"
"uniqlo","KIDS","81753","티셔츠 & UT > 그래픽티셔츠 > 【OSHI NO KO】","confirmed","tops","tshirt","tshirt","not_applicable","not_applicable","not_applicable","not_applicable","not_applicable","tops","shirt_blouse","direct","true","preserved existing confirmed decision"
"uniqlo","KIDS","64823","티셔츠 & UT > 그래픽티셔츠 > PEANUTS Sports Club","confirmed","tops","tshirt","tshirt","not_applicable","not_applicable","not_applicable","not_applicable","not_applicable","tops","shirt_blouse","direct","true","preserved existing confirmed decision"
"uniqlo","KIDS","65713","티셔츠 & UT > 그래픽티셔츠 > UT ARCHIVE Andy Warhol / Keith Haring / Jean-Michel Basquiat","confirmed","tops","tshirt","tshirt","not_applicable","not_applicable","not_applicable","not_applicable","not_applicable","tops","shirt_blouse","direct","true","preserved existing confirmed decision"
"uniqlo","KIDS","79276","티셔츠 & UT > 그래픽티셔츠 > Pokémon: A New Adventure","confirmed","tops","tshirt","tshirt","not_applicable","not_applicable","not_applicable","not_applicable","not_applicable","tops","shirt_blouse","direct","true","preserved existing confirmed decision"
"uniqlo","KIDS","81220","티셔츠 & UT > 그래픽티셔츠 > MINECRAFT","confirmed","tops","tshirt","tshirt","not_applicable","not_applicable","not_applicable","not_applicable","not_applicable","tops","shirt_blouse","direct","true","preserved existing confirmed decision"
"uniqlo","KIDS","79243","티셔츠 & UT > 그래픽티셔츠 > Chiikawa × Sanrio characters: Sweets Collection","confirmed","tops","tshirt","tshirt","not_applicable","not_applicable","not_applicable","not_applicable","not_applicable","tops","shirt_blouse","direct","true","preserved existing confirmed decision"
"uniqlo","KIDS","63022","티셔츠 & UT > 그래픽티셔츠 > PEANUTS","confirmed","tops","tshirt","tshirt","not_applicable","not_applicable","not_applicable","not_applicable","not_applicable","tops","shirt_blouse","direct","true","preserved existing confirmed decision"
"uniqlo","KIDS","64825","티셔츠 & UT > 그래픽티셔츠 > Sanrio characters","confirmed","tops","tshirt","tshirt","not_applicable","not_applicable","not_applicable","not_applicable","not_applicable","tops","shirt_blouse","direct","true","preserved existing confirmed decision"
"uniqlo","KIDS","64824","티셔츠 & UT > 그래픽티셔츠 > mofusand Fruits Paradise","confirmed","tops","tshirt","tshirt","not_applicable","not_applicable","not_applicable","not_applicable","not_applicable","tops","shirt_blouse","direct","true","preserved existing confirmed decision"
"uniqlo","KIDS","64822","티셔츠 & UT > 그래픽티셔츠 > Micky Stands","confirmed","tops","tshirt","tshirt","not_applicable","not_applicable","not_applicable","not_applicable","not_applicable","tops","shirt_blouse","direct","true","preserved existing confirmed decision"
"uniqlo","KIDS","63009","티셔츠 & UT > 그래픽티셔츠 > Disney Collection","confirmed","tops","tshirt","tshirt","not_applicable","not_applicable","not_applicable","not_applicable","not_applicable","tops","shirt_blouse","direct","true","preserved existing confirmed decision"
"uniqlo","KIDS","63012","티셔츠 & UT > 그래픽티셔츠 > KAWS","confirmed","tops","tshirt","tshirt","not_applicable","not_applicable","not_applicable","not_applicable","not_applicable","tops","shirt_blouse","direct","true","preserved existing confirmed decision"
"uniqlo","KIDS","73042","티셔츠 & UT > 그래픽티셔츠 > MAGIC FOR ALL Girls Collection","confirmed","tops","tshirt","tshirt","not_applicable","not_applicable","not_applicable","not_applicable","not_applicable","tops","shirt_blouse","direct","true","preserved existing confirmed decision"
"uniqlo","KIDS","63005","티셔츠 & UT > 그래픽티셔츠 > Andy Warhol x Kosuke Kawamura","confirmed","tops","tshirt","tshirt","not_applicable","not_applicable","not_applicable","not_applicable","not_applicable","tops","shirt_blouse","direct","true","preserved existing confirmed decision"
"uniqlo","KIDS","63006","티셔츠 & UT > 그래픽티셔츠 > Andy Warhol Flowers Collection","confirmed","tops","tshirt","tshirt","not_applicable","not_applicable","not_applicable","not_applicable","not_applicable","tops","shirt_blouse","direct","true","preserved existing confirmed decision"
"uniqlo","KIDS","63007","티셔츠 & UT > 그래픽티셔츠 > Animal Crossing New Horizons","confirmed","tops","tshirt","tshirt","not_applicable","not_applicable","not_applicable","not_applicable","not_applicable","tops","shirt_blouse","direct","true","preserved existing confirmed decision"
"uniqlo","KIDS","63008","티셔츠 & UT > 그래픽티셔츠 > Disney Beyond Time","confirmed","tops","tshirt","tshirt","not_applicable","not_applicable","not_applicable","not_applicable","not_applicable","tops","shirt_blouse","direct","true","preserved existing confirmed decision"
"uniqlo","KIDS","63158","티셔츠 & UT > 그래픽티셔츠 > Disney Furry Friends","confirmed","tops","tshirt","tshirt","not_applicable","not_applicable","not_applicable","not_applicable","not_applicable","tops","shirt_blouse","direct","true","preserved existing confirmed decision"
"uniqlo","KIDS","63010","티셔츠 & UT > 그래픽티셔츠 > Disney Heroines","confirmed","tops","tshirt","tshirt","not_applicable","not_applicable","not_applicable","not_applicable","not_applicable","tops","shirt_blouse","direct","true","preserved existing confirmed decision"
"uniqlo","KIDS","63159","티셔츠 & UT > 그래픽티셔츠 > Disney Heroines in Blooming","confirmed","tops","tshirt","tshirt","not_applicable","not_applicable","not_applicable","not_applicable","not_applicable","tops","shirt_blouse","direct","true","preserved existing confirmed decision"
"uniqlo","KIDS","63160","티셔츠 & UT > 그래픽티셔츠 > Disney Memories","confirmed","tops","tshirt","tshirt","not_applicable","not_applicable","not_applicable","not_applicable","not_applicable","tops","shirt_blouse","direct","true","preserved existing confirmed decision"
"uniqlo","KIDS","63011","티셔츠 & UT > 그래픽티셔츠 > Disney Mickey Mouse & Minnie Mouse art by Yuni Yoshida","confirmed","tops","tshirt","tshirt","not_applicable","not_applicable","not_applicable","not_applicable","not_applicable","tops","shirt_blouse","direct","true","preserved existing confirmed decision"
"uniqlo","KIDS","63161","티셔츠 & UT > 그래픽티셔츠 > Doraemon Sustainability Mode","confirmed","tops","tshirt","tshirt","not_applicable","not_applicable","not_applicable","not_applicable","not_applicable","tops","shirt_blouse","direct","true","preserved existing confirmed decision"
"uniqlo","KIDS","63162","티셔츠 & UT > 그래픽티셔츠 > Doraemon’s Wonderful Day","confirmed","tops","tshirt","tshirt","not_applicable","not_applicable","not_applicable","not_applicable","not_applicable","tops","shirt_blouse","direct","true","preserved existing confirmed decision"
"uniqlo","KIDS","63163","티셔츠 & UT > 그래픽티셔츠 > Jason Polan","confirmed","tops","tshirt","tshirt","not_applicable","not_applicable","not_applicable","not_applicable","not_applicable","tops","shirt_blouse","direct","true","preserved existing confirmed decision"
"uniqlo","KIDS","63164","티셔츠 & UT > 그래픽티셔츠 > Jurassic World x HAJIME SORAYAMA","confirmed","tops","tshirt","tshirt","not_applicable","not_applicable","not_applicable","not_applicable","not_applicable","tops","shirt_blouse","direct","true","preserved existing confirmed decision"
"uniqlo","KIDS","63165","티셔츠 & UT > 그래픽티셔츠 > LEGO® City","confirmed","tops","tshirt","tshirt","not_applicable","not_applicable","not_applicable","not_applicable","not_applicable","tops","shirt_blouse","direct","true","preserved existing confirmed decision"
"uniqlo","KIDS","63013","티셔츠 & UT > 그래픽티셔츠 > LEGO® NINJAGO®","confirmed","tops","tshirt","tshirt","not_applicable","not_applicable","not_applicable","not_applicable","not_applicable","tops","shirt_blouse","direct","true","preserved existing confirmed decision"
"uniqlo","KIDS","63014","티셔츠 & UT > 그래픽티셔츠 > LOVE, SUNSHINE & PEANUTS","confirmed","tops","tshirt","tshirt","not_applicable","not_applicable","not_applicable","not_applicable","not_applicable","tops","shirt_blouse","direct","true","preserved existing confirmed decision"
"uniqlo","KIDS","63166","티셔츠 & UT > 그래픽티셔츠 > MAGIC FOR ALL TIMELESS FAVORITES","confirmed","tops","tshirt","tshirt","not_applicable","not_applicable","not_applicable","not_applicable","not_applicable","tops","shirt_blouse","direct","true","preserved existing confirmed decision"
"uniqlo","KIDS","63167","티셔츠 & UT > 그래픽티셔츠 > Marvel Studios The Infinity Saga","confirmed","tops","tshirt","tshirt","not_applicable","not_applicable","not_applicable","not_applicable","not_applicable","tops","shirt_blouse","direct","true","preserved existing confirmed decision"
"uniqlo","KIDS","63168","티셔츠 & UT > 그래픽티셔츠 > Mickey & Friends Art by Steven Harrington","confirmed","tops","tshirt","tshirt","not_applicable","not_applicable","not_applicable","not_applicable","not_applicable","tops","shirt_blouse","direct","true","preserved existing confirmed decision"
"uniqlo","KIDS","63169","티셔츠 & UT > 그래픽티셔츠 > MICKEY MOUSE PHOTO DAYS","confirmed","tops","tshirt","tshirt","not_applicable","not_applicable","not_applicable","not_applicable","not_applicable","tops","shirt_blouse","direct","true","preserved existing confirmed decision"
"uniqlo","KIDS","63015","티셔츠 & UT > 그래픽티셔츠 > Mickey Stands","confirmed","tops","tshirt","tshirt","not_applicable","not_applicable","not_applicable","not_applicable","not_applicable","tops","shirt_blouse","direct","true","preserved existing confirmed decision"
"uniqlo","KIDS","63017","티셔츠 & UT > 그래픽티셔츠 > Minions: The Rise of Gru","confirmed","tops","tshirt","tshirt","not_applicable","not_applicable","not_applicable","not_applicable","not_applicable","tops","shirt_blouse","direct","true","preserved existing confirmed decision"
"uniqlo","KIDS","63170","티셔츠 & UT > 그래픽티셔츠 > Monochrome Mickey Mouse Art by Joshua Vides","confirmed","tops","tshirt","tshirt","not_applicable","not_applicable","not_applicable","not_applicable","not_applicable","tops","shirt_blouse","direct","true","preserved existing confirmed decision"
"uniqlo","KIDS","63018","티셔츠 & UT > 그래픽티셔츠 > Monster Hunter Rise","confirmed","tops","tshirt","tshirt","not_applicable","not_applicable","not_applicable","not_applicable","not_applicable","tops","shirt_blouse","direct","true","preserved existing confirmed decision"
"uniqlo","KIDS","63019","티셔츠 & UT > 그래픽티셔츠 > National Museum of Nature and Science, Tokyo","confirmed","tops","tshirt","tshirt","not_applicable","not_applicable","not_applicable","not_applicable","not_applicable","tops","shirt_blouse","direct","true","preserved existing confirmed decision"
"uniqlo","KIDS","63020","티셔츠 & UT > 그래픽티셔츠 > New York weekend trip","confirmed","tops","tshirt","tshirt","not_applicable","not_applicable","not_applicable","not_applicable","not_applicable","tops","shirt_blouse","direct","true","preserved existing confirmed decision"
"uniqlo","KIDS","63021","티셔츠 & UT > 그래픽티셔츠 > PAUL & JOE","confirmed","tops","tshirt","tshirt","not_applicable","not_applicable","not_applicable","not_applicable","not_applicable","tops","shirt_blouse","direct","true","preserved existing confirmed decision"
"uniqlo","KIDS","63023","티셔츠 & UT > 그래픽티셔츠 > PEANUTS Charlie Brown's Baseball Team","confirmed","tops","tshirt","tshirt","not_applicable","not_applicable","not_applicable","not_applicable","not_applicable","tops","shirt_blouse","direct","true","preserved existing confirmed decision"
"uniqlo","KIDS","63024","티셔츠 & UT > 그래픽티셔츠 > Peanuts Holiday","confirmed","tops","tshirt","tshirt","not_applicable","not_applicable","not_applicable","not_applicable","not_applicable","tops","shirt_blouse","direct","true","preserved existing confirmed decision"
"uniqlo","KIDS","63025","티셔츠 & UT > 그래픽티셔츠 > Peanuts x Yu Nagaba","confirmed","tops","tshirt","tshirt","not_applicable","not_applicable","not_applicable","not_applicable","not_applicable","tops","shirt_blouse","direct","true","preserved existing confirmed decision"
"uniqlo","KIDS","63171","티셔츠 & UT > 그래픽티셔츠 > PIXAR COLLECTION","confirmed","tops","tshirt","tshirt","not_applicable","not_applicable","not_applicable","not_applicable","not_applicable","tops","shirt_blouse","direct","true","preserved existing confirmed decision"
"uniqlo","KIDS","63172","티셔츠 & UT > 그래픽티셔츠 > Pokémon – Become a Pokémon Professor!","confirmed","tops","tshirt","tshirt","not_applicable","not_applicable","not_applicable","not_applicable","not_applicable","tops","shirt_blouse","direct","true","preserved existing confirmed decision"
"uniqlo","KIDS","63173","티셔츠 & UT > 그래픽티셔츠 > Pokémon All-Stars","confirmed","tops","tshirt","tshirt","not_applicable","not_applicable","not_applicable","not_applicable","not_applicable","tops","shirt_blouse","direct","true","preserved existing confirmed decision"
"uniqlo","KIDS","63026","티셔츠 & UT > 그래픽티셔츠 > Pokémon Masters EX","confirmed","tops","tshirt","tshirt","not_applicable","not_applicable","not_applicable","not_applicable","not_applicable","tops","shirt_blouse","direct","true","preserved existing confirmed decision"
"uniqlo","KIDS","63027","티셔츠 & UT > 그래픽티셔츠 > Pokémon Meets Artist","confirmed","tops","tshirt","tshirt","not_applicable","not_applicable","not_applicable","not_applicable","not_applicable","tops","shirt_blouse","direct","true","preserved existing confirmed decision"
"uniqlo","KIDS","63028","티셔츠 & UT > 그래픽티셔츠 > RETRO PEANUTS","confirmed","tops","tshirt","tshirt","not_applicable","not_applicable","not_applicable","not_applicable","not_applicable","tops","shirt_blouse","direct","true","preserved existing confirmed decision"
"uniqlo","KIDS","63030","티셔츠 & UT > 그래픽티셔츠 > Splatoon 3","confirmed","tops","tshirt","tshirt","not_applicable","not_applicable","not_applicable","not_applicable","not_applicable","tops","shirt_blouse","direct","true","preserved existing confirmed decision"
"uniqlo","KIDS","63031","티셔츠 & UT > 그래픽티셔츠 > SPYxFAMILY","confirmed","tops","tshirt","tshirt","not_applicable","not_applicable","not_applicable","not_applicable","not_applicable","tops","shirt_blouse","direct","true","preserved existing confirmed decision"
"uniqlo","KIDS","63032","티셔츠 & UT > 그래픽티셔츠 > Sumikkogurashi","confirmed","tops","tshirt","tshirt","not_applicable","not_applicable","not_applicable","not_applicable","not_applicable","tops","shirt_blouse","direct","true","preserved existing confirmed decision"
"uniqlo","KIDS","63174","티셔츠 & UT > 그래픽티셔츠 > The Smithsonian National Museum of Natural History","confirmed","tops","tshirt","tshirt","not_applicable","not_applicable","not_applicable","not_applicable","not_applicable","tops","shirt_blouse","direct","true","preserved existing confirmed decision"
"uniqlo","KIDS","63033","티셔츠 & UT > 그래픽티셔츠 > THE SUPER MARIO BROS. MOVIE","confirmed","tops","tshirt","tshirt","not_applicable","not_applicable","not_applicable","not_applicable","not_applicable","tops","shirt_blouse","direct","true","preserved existing confirmed decision"
"uniqlo","KIDS","63034","티셔츠 & UT > 그래픽티셔츠 > UNIVERSITY LOGO","confirmed","tops","tshirt","tshirt","not_applicable","not_applicable","not_applicable","not_applicable","not_applicable","tops","shirt_blouse","direct","true","preserved existing confirmed decision"
"uniqlo","KIDS","63175","티셔츠 & UT > 그래픽티셔츠 > UTGP2022 × PEANUTS","confirmed","tops","tshirt","tshirt","not_applicable","not_applicable","not_applicable","not_applicable","not_applicable","tops","shirt_blouse","direct","true","preserved existing confirmed decision"
"uniqlo","KIDS","63035","티셔츠 & UT > 그래픽티셔츠 > UTGP2023: MAGIC FOR ALL","confirmed","tops","tshirt","tshirt","not_applicable","not_applicable","not_applicable","not_applicable","not_applicable","tops","shirt_blouse","direct","true","preserved existing confirmed decision"
"uniqlo","KIDS","63016","티셔츠 & UT > 그래픽티셔츠 > MINECRAFT","confirmed","tops","tshirt","tshirt","not_applicable","not_applicable","not_applicable","not_applicable","not_applicable","tops","shirt_blouse","direct","true","preserved existing confirmed decision"
"uniqlo","KIDS","58580","티셔츠 & UT > 스웨트셔츠 & 후드티 > 스웨트셔츠","confirmed","tops","sweatshirt","sweatshirt","not_applicable","not_applicable","not_applicable","not_applicable","not_applicable","tops","hoodie","direct","true","preserved existing confirmed decision"
"uniqlo","KIDS","58581","티셔츠 & UT > 스웨트셔츠 & 후드티 > 스웨트파카","confirmed","tops","zip_hoodie","zip_hoodie","not_applicable","not_applicable","not_applicable","not_applicable","not_applicable","outerwear","jumper","direct","true","preserved existing confirmed decision"
"uniqlo","KIDS","58582","티셔츠 & UT > 스웨트셔츠 & 후드티 > 스웨트팬츠","confirmed","bottoms","sweat_jogger_pants","standard_pants","not_applicable","not_applicable","not_applicable","not_applicable","not_applicable","tops","hoodie","direct","true","preserved existing confirmed decision"
"uniqlo","KIDS","96145","티셔츠 & UT > 스웨트셔츠 & 후드티 > 스웨트풀집","confirmed","tops","zip_hoodie","zip_hoodie","not_applicable","not_applicable","not_applicable","not_applicable","not_applicable","tops","hoodie","direct","true","preserved existing confirmed decision"
"uniqlo","KIDS","96147","티셔츠 & UT > 스웨트셔츠 & 후드티 > 스웨트후디","confirmed","tops","hoodie","hoodie","not_applicable","not_applicable","not_applicable","not_applicable","not_applicable","tops","hoodie","direct","true","preserved existing confirmed decision"
"uniqlo","KIDS","58583","티셔츠 & UT > 스웨트셔츠 & 후드티 > 그 외","review_required","","","","not_applicable","not_applicable","not_applicable","not_applicable","not_applicable","","","review_required","false","preserved existing review_required decision"
"uniqlo","KIDS","58607","청바지 & 팬츠 > 반바지 > 반바지","confirmed","","other_standard_pants","standard_pants","not_applicable","short_length","not_applicable","not_applicable","not_applicable","bottoms","shorts","direct","true","preserved existing confirmed decision"
"uniqlo","KIDS","58608","청바지 & 팬츠 > 반바지 > 스커트 팬츠","review_required","","","","not_applicable","not_applicable","not_applicable","not_applicable","not_applicable","","","review_required","false","preserved existing review_required decision"
"uniqlo","KIDS","87957","청바지 & 팬츠 > 반바지 > 울트라 스트레치","review_required","","","","not_applicable","not_applicable","not_applicable","not_applicable","not_applicable","","","review_required","false","preserved existing review_required decision"
"uniqlo","KIDS","58600","청바지 & 팬츠 > 청바지 & 팬츠 > 진","confirmed","bottoms","denim_pants","standard_pants","not_applicable","long_length","not_applicable","not_applicable","not_applicable","bottoms","jeans","direct","true","preserved existing confirmed decision"
"uniqlo","KIDS","58601","청바지 & 팬츠 > 청바지 & 팬츠 > 조거 팬츠","confirmed","bottoms","sweat_jogger_pants","standard_pants","not_applicable","not_applicable","not_applicable","not_applicable","not_applicable","bottoms","jeans","direct","true","preserved existing confirmed decision"
"uniqlo","KIDS","58599","청바지 & 팬츠 > 청바지 & 팬츠 > 스웨트 팬츠","confirmed","bottoms","sweat_jogger_pants","standard_pants","not_applicable","not_applicable","not_applicable","not_applicable","not_applicable","bottoms","jeans","direct","true","preserved existing confirmed decision"
"uniqlo","KIDS","63036","청바지 & 팬츠 > 청바지 & 팬츠 > 웜 팬츠","review_required","","","","not_applicable","not_applicable","not_applicable","not_applicable","not_applicable","","","review_required","false","preserved existing review_required decision"
"uniqlo","KIDS","116011","청바지 & 팬츠 > 청바지 & 팬츠 > Girls","review_required","","","","not_applicable","not_applicable","not_applicable","not_applicable","not_applicable","","","review_required","false","preserved existing review_required decision"
"uniqlo","KIDS","58603","청바지 & 팬츠 > 청바지 & 팬츠 > 스트레치 팬츠","review_required","","","","not_applicable","not_applicable","not_applicable","not_applicable","not_applicable","","","review_required","false","preserved existing review_required decision"
"uniqlo","KIDS","58597","청바지 & 팬츠 > 청바지 & 팬츠 > 카고 팬츠","confirmed","bottoms","cargo_pants","standard_pants","not_applicable","not_applicable","not_applicable","not_applicable","not_applicable","bottoms","jeans","direct","true","preserved existing confirmed decision"
"uniqlo","KIDS","105470","원피스 & 스커트 > 스커트 > 스커트","confirmed","skirts","skirt","skirt","not_applicable","not_applicable","not_applicable","not_applicable","not_applicable","skirts","skirt","direct","true","preserved existing confirmed decision"
"uniqlo","KIDS","105471","원피스 & 스커트 > 스커트 > 원피스","rejected","","","","not_applicable","not_applicable","not_applicable","not_applicable","not_applicable","","","rejected","false","preserved existing rejected decision"
"uniqlo","KIDS","58610","원피스 & 스커트 > 원피스 > 긴팔","review_required","","","","not_applicable","not_applicable","not_applicable","not_applicable","not_applicable","","","review_required","false","preserved existing review_required decision"
"uniqlo","KIDS","58612","원피스 & 스커트 > 원피스 > 반팔","review_required","","","","not_applicable","not_applicable","not_applicable","not_applicable","not_applicable","","","review_required","false","preserved existing review_required decision"
"uniqlo","KIDS","58611","원피스 & 스커트 > 원피스 > 슬리브리스","review_required","","","","not_applicable","not_applicable","not_applicable","not_applicable","not_applicable","","","review_required","false","preserved existing review_required decision"
"uniqlo","KIDS","100314","원피스 & 스커트 > 원피스 > 스코츠","review_required","","","","not_applicable","not_applicable","not_applicable","not_applicable","not_applicable","","","review_required","false","preserved existing review_required decision"
"uniqlo","KIDS","100089","니트 & 셔츠 > 니트 > 가디건","confirmed","tops","cardigan","cardigan","not_applicable","not_applicable","not_applicable","not_applicable","not_applicable","outerwear","cardigan","direct","true","preserved existing confirmed decision"
"uniqlo","KIDS","100102","니트 & 셔츠 > 니트 > 스웨터","confirmed","tops","knit_sweater","knit_sweater","not_applicable","not_applicable","not_applicable","not_applicable","not_applicable","tops","shirt_blouse","direct","true","preserved existing confirmed decision"
"uniqlo","KIDS","100091","니트 & 셔츠 > 셔츠 > 셔츠","review_required","","","","unknown","unknown","not_applicable","not_applicable","unknown","","","review_required","false","official product identifiers unavailable within observed source"
"uniqlo","KIDS","58573","아우터 > 재킷 & 파카 > 파카","review_required","","","","not_applicable","not_applicable","not_applicable","not_applicable","not_applicable","","","review_required","false","preserved existing review_required decision"
"uniqlo","KIDS","58574","아우터 > 재킷 & 파카 > 재킷","review_required","","","","not_applicable","not_applicable","not_applicable","not_applicable","not_applicable","","","review_required","false","preserved existing review_required decision"
"uniqlo","KIDS","58577","아우터 > 재킷 & 파카 > 그 외","review_required","","","","not_applicable","not_applicable","not_applicable","not_applicable","not_applicable","","","review_required","false","preserved existing review_required decision"
"uniqlo","KIDS","105253","아우터 > 재킷 & 파카 > 후리스","confirmed","outerwear","fleece_jacket","fleece_jacket","not_applicable","not_applicable","not_applicable","not_applicable","not_applicable","outerwear","fleece","direct","true","preserved existing confirmed decision"
"uniqlo","KIDS","58576","아우터 > 재킷 & 파카 > 패딩","confirmed","outerwear","puffer_jacket","puffer_jacket","not_applicable","not_applicable","not_applicable","not_applicable","not_applicable","outerwear","padding","direct","true","preserved existing confirmed decision"
"uniqlo","KIDS","58632","이너웨어 > 에어리즘 > 에어리즘 메쉬","review_required","","","","not_applicable","not_applicable","not_applicable","not_applicable","not_applicable","","","review_required","false","preserved existing review_required decision"
"uniqlo","KIDS","58633","이너웨어 > 에어리즘 > 에어리즘 코튼 블렌드","review_required","","","","not_applicable","not_applicable","not_applicable","not_applicable","not_applicable","","","review_required","false","preserved existing review_required decision"
"uniqlo","KIDS","58634","이너웨어 > 에어리즘 > 반팔","review_required","","","","not_applicable","not_applicable","not_applicable","not_applicable","not_applicable","","","review_required","false","preserved existing review_required decision"
"uniqlo","KIDS","58635","이너웨어 > 에어리즘 > 탱크탑","confirmed","tops","tank_top","tank_top","sleeveless","not_applicable","not_applicable","not_applicable","not_applicable","underwear","underwear","direct","true","preserved existing confirmed decision"
"uniqlo","KIDS","58636","이너웨어 > 에어리즘 > 캐미솔","confirmed","tops","tank_top","tank_top","sleeveless","not_applicable","not_applicable","not_applicable","not_applicable","underwear","women_camisole","direct","true","preserved existing confirmed decision"
"uniqlo","KIDS","58637","이너웨어 > 에어리즘 > 브라탑","rejected","","","","not_applicable","not_applicable","not_applicable","not_applicable","not_applicable","","","rejected","false","preserved existing rejected decision"
"uniqlo","KIDS","58638","이너웨어 > 에어리즘 > 주니어브라 & 브라탑","rejected","","","","not_applicable","not_applicable","not_applicable","not_applicable","not_applicable","","","rejected","false","preserved existing rejected decision"
"uniqlo","KIDS","58639","이너웨어 > 에어리즘 > 언더웨어","rejected","","","","not_applicable","not_applicable","not_applicable","not_applicable","not_applicable","","","rejected","false","preserved existing rejected decision"
"uniqlo","KIDS","58640","이너웨어 > 에어리즘 > 그 외","review_required","","","","not_applicable","not_applicable","not_applicable","not_applicable","not_applicable","","","review_required","false","preserved existing review_required decision"
"uniqlo","KIDS","58645","이너웨어 > 주니어브라 & 브라탑 > 주니어브라","rejected","","","","not_applicable","not_applicable","not_applicable","not_applicable","not_applicable","","","rejected","false","preserved existing rejected decision"
"uniqlo","KIDS","58646","이너웨어 > 주니어브라 & 브라탑 > 브라탑","rejected","","","","not_applicable","not_applicable","not_applicable","not_applicable","not_applicable","","","rejected","false","preserved existing rejected decision"
"uniqlo","KIDS","58647","이너웨어 > 주니어브라 & 브라탑 > 함께 착용하기 좋은 쇼츠","rejected","","","","not_applicable","not_applicable","not_applicable","not_applicable","not_applicable","","","rejected","false","preserved existing rejected decision"
"uniqlo","KIDS","136621","이너웨어 > 코튼 이너 > 탱크탑","confirmed","tops","tank_top","tank_top","sleeveless","not_applicable","not_applicable","not_applicable","not_applicable","underwear","underwear","direct","true","preserved existing confirmed decision"
"uniqlo","KIDS","58650","이너웨어 > 언더웨어 > 복서브리프","rejected","","","","not_applicable","not_applicable","not_applicable","not_applicable","not_applicable","","","rejected","false","preserved existing rejected decision"
"uniqlo","KIDS","58651","이너웨어 > 언더웨어 > 쇼츠","rejected","","","","not_applicable","not_applicable","not_applicable","not_applicable","not_applicable","","","rejected","false","preserved existing rejected decision"
"uniqlo","KIDS","58652","이너웨어 > 언더웨어 > Others 그 외","rejected","","","","not_applicable","not_applicable","not_applicable","not_applicable","not_applicable","","","rejected","false","preserved existing rejected decision"
"uniqlo","KIDS","58653","이너웨어 > 양말 > 레귤러삭스","rejected","","","","not_applicable","not_applicable","not_applicable","not_applicable","not_applicable","","","rejected","false","preserved existing rejected decision"
"uniqlo","KIDS","58654","이너웨어 > 양말 > 쇼트삭스","rejected","","","","not_applicable","not_applicable","not_applicable","not_applicable","not_applicable","","","rejected","false","preserved existing rejected decision"
"uniqlo","KIDS","58655","이너웨어 > 양말 > 하이삭스","rejected","","","","not_applicable","not_applicable","not_applicable","not_applicable","not_applicable","","","rejected","false","preserved existing rejected decision"
"uniqlo","KIDS","64758","이너웨어 > 양말 > UNIQLO x Marimekko","rejected","","","","not_applicable","not_applicable","not_applicable","not_applicable","not_applicable","","","rejected","false","preserved existing rejected decision"
"uniqlo","KIDS","58656","이너웨어 > 양말 > 그 외","rejected","","","","not_applicable","not_applicable","not_applicable","not_applicable","not_applicable","","","rejected","false","preserved existing rejected decision"
"uniqlo","KIDS","58641","이너웨어 > 히트텍 > 히트텍","review_required","","","","not_applicable","not_applicable","not_applicable","not_applicable","not_applicable","","","review_required","false","preserved existing review_required decision"
"uniqlo","KIDS","100098","이너웨어 > 히트텍 > 히트텍 엑스트라 웜","confirmed","","base_layer_top","base_layer_top","not_applicable","not_applicable","not_applicable","not_applicable","not_applicable","underwear","underwear","direct","true","preserved existing confirmed decision"
"uniqlo","KIDS","100099","이너웨어 > 히트텍 > 히트텍 울트라 웜","confirmed","","base_layer_top","base_layer_top","not_applicable","not_applicable","not_applicable","not_applicable","not_applicable","underwear","underwear","direct","true","preserved existing confirmed decision"
"uniqlo","KIDS","100097","이너웨어 > 히트텍 > 긴팔","review_required","","","","not_applicable","not_applicable","not_applicable","not_applicable","not_applicable","","","review_required","false","preserved existing review_required decision"
"uniqlo","KIDS","100100","이너웨어 > 히트텍 > 레깅스","confirmed","leggings","leggings","leggings","not_applicable","not_applicable","not_applicable","not_applicable","not_applicable","underwear","underwear","direct","true","preserved existing confirmed decision"
"uniqlo","KIDS","58644","이너웨어 > 히트텍 > 양말","rejected","","","","not_applicable","not_applicable","not_applicable","not_applicable","not_applicable","","","rejected","false","preserved existing rejected decision"
"uniqlo","KIDS","102597","이너웨어 > 히트텍 > 액세서리","rejected","","","","not_applicable","not_applicable","not_applicable","not_applicable","not_applicable","","","rejected","false","preserved existing rejected decision"
"uniqlo","KIDS","58642","이너웨어 > 히트텍 > 9부","review_required","","","","not_applicable","not_applicable","not_applicable","not_applicable","not_applicable","","","review_required","false","preserved existing review_required decision"
"uniqlo","KIDS","58643","이너웨어 > 히트텍 > 반팔","review_required","","","","not_applicable","not_applicable","not_applicable","not_applicable","not_applicable","","","review_required","false","preserved existing review_required decision"
"uniqlo","KIDS","64856","이너웨어 > 히트텍 > 반팔","review_required","","","","not_applicable","not_applicable","not_applicable","not_applicable","not_applicable","","","review_required","false","preserved existing review_required decision"
"uniqlo","KIDS","58648","이너웨어 > 레깅스 & 타이즈 > HEATTECH","review_required","","","","not_applicable","not_applicable","not_applicable","not_applicable","not_applicable","","","review_required","false","preserved existing review_required decision"
"uniqlo","KIDS","58649","이너웨어 > 레깅스 & 타이즈 > 그 외","review_required","","","","not_applicable","not_applicable","not_applicable","not_applicable","not_applicable","","","review_required","false","preserved existing review_required decision"
"uniqlo","KIDS","63038","액세서리 > 액세서리 > 모자","rejected","","","","not_applicable","not_applicable","not_applicable","not_applicable","not_applicable","","","rejected","false","preserved existing rejected decision"
"uniqlo","KIDS","63039","액세서리 > 액세서리 > 장갑","rejected","","","","not_applicable","not_applicable","not_applicable","not_applicable","not_applicable","","","rejected","false","preserved existing rejected decision"
"uniqlo","KIDS","82485","에어리즘 > 이너웨어 상의 > 메쉬","confirmed","","base_layer_top","base_layer_top","not_applicable","not_applicable","not_applicable","not_applicable","not_applicable","underwear","underwear","direct","true","preserved existing confirmed decision"
"uniqlo","KIDS","82977","에어리즘 > 이너웨어 상의 > 코튼 블렌드","confirmed","","base_layer_top","base_layer_top","not_applicable","not_applicable","not_applicable","not_applicable","not_applicable","underwear","underwear","direct","true","preserved existing confirmed decision"
"uniqlo","KIDS","82125","에어리즘 > 이너웨어 상의 > 탱크탑","confirmed","tops","tank_top","tank_top","sleeveless","not_applicable","not_applicable","not_applicable","not_applicable","underwear","underwear","direct","true","preserved existing confirmed decision"
"uniqlo","KIDS","82126","에어리즘 > 이너웨어 상의 > 캐미솔","confirmed","tops","tank_top","tank_top","sleeveless","not_applicable","not_applicable","not_applicable","not_applicable","underwear","women_camisole","direct","true","preserved existing confirmed decision"
"uniqlo","KIDS","82978","에어리즘 > 주니어브라 & 브라탑 > 주니어브라","rejected","","","","not_applicable","not_applicable","not_applicable","not_applicable","not_applicable","","","rejected","false","preserved existing rejected decision"
"uniqlo","KIDS","82486","에어리즘 > 주니어브라 & 브라탑 > 브라탑","rejected","","","","not_applicable","not_applicable","not_applicable","not_applicable","not_applicable","","","rejected","false","preserved existing rejected decision"
"uniqlo","KIDS","82488","에어리즘 > 티셔츠 > 티셔츠","confirmed","tops","tshirt","tshirt","not_applicable","not_applicable","not_applicable","not_applicable","not_applicable","tops","shirt_blouse","direct","true","preserved existing confirmed decision"
"uniqlo","KIDS","82127","에어리즘 > 티셔츠 > 파카","review_required","","","","not_applicable","not_applicable","not_applicable","not_applicable","not_applicable","","","review_required","false","preserved existing review_required decision"
"uniqlo","KIDS","105986","에어리즘 > 팬츠 > 팬츠","confirmed","","other_standard_pants","standard_pants","not_applicable","not_applicable","not_applicable","not_applicable","not_applicable","bottoms","casual_pants","direct","true","preserved existing confirmed decision"
"uniqlo","KIDS","86273","에어리즘 > 언더웨어 > Others 그 외","rejected","","","","not_applicable","not_applicable","not_applicable","not_applicable","not_applicable","","","rejected","false","preserved existing rejected decision"
"uniqlo","KIDS","58624","스포츠 유틸리티 웨어 > 상의 > 반팔","confirmed","","sports_top","sports_top","short_sleeve","not_applicable","not_applicable","not_applicable","not_applicable","tops","short_sleeve","direct","true","preserved existing confirmed decision"
"uniqlo","KIDS","58623","스포츠 유틸리티 웨어 > 상의 > 긴팔","confirmed","","sports_top","sports_top","long_sleeve","not_applicable","not_applicable","not_applicable","not_applicable","tops","long_sleeve","direct","true","preserved existing confirmed decision"
"uniqlo","KIDS","60533","스포츠 유틸리티 웨어 > 상의 > 그 외","confirmed","","sports_top","sports_top","not_applicable","not_applicable","not_applicable","not_applicable","not_applicable","tops","sports_top","direct","true","preserved existing confirmed decision"
"uniqlo","KIDS","58626","스포츠 유틸리티 웨어 > 하의 > 바지","confirmed","","sports_bottom","sports_bottom","not_applicable","not_applicable","not_applicable","not_applicable","not_applicable","bottoms","cargo_utility","direct","true","preserved existing confirmed decision"
"uniqlo","KIDS","58627","스포츠 유틸리티 웨어 > 하의 > 반바지","confirmed","","other_standard_pants","standard_pants","not_applicable","short_length","not_applicable","not_applicable","not_applicable","bottoms","shorts","direct","true","preserved existing confirmed decision"
"uniqlo","KIDS","58628","스포츠 유틸리티 웨어 > 하의 > 그 외","confirmed","","sports_bottom","sports_bottom","not_applicable","not_applicable","not_applicable","not_applicable","not_applicable","bottoms","cargo_utility","direct","true","preserved existing confirmed decision"
"uniqlo","KIDS","58620","스포츠 유틸리티 웨어 > 아우터 > 파카","review_required","","","","not_applicable","not_applicable","not_applicable","not_applicable","not_applicable","","","review_required","false","preserved existing review_required decision"
"uniqlo","KIDS","58621","스포츠 유틸리티 웨어 > 아우터 > 스웨트","review_required","","","","not_applicable","not_applicable","not_applicable","not_applicable","not_applicable","","","review_required","false","preserved existing review_required decision"
"uniqlo","KIDS","58630","스포츠 유틸리티 웨어 > 이너웨어 > AIRism","review_required","","","","not_applicable","not_applicable","not_applicable","not_applicable","not_applicable","","","review_required","false","preserved existing review_required decision"
"uniqlo","KIDS","58631","스포츠 유틸리티 웨어 > 이너웨어 > 양말","rejected","","","","not_applicable","not_applicable","not_applicable","not_applicable","not_applicable","","","rejected","false","preserved existing rejected decision"
"uniqlo","KIDS","60534","스포츠 유틸리티 웨어 > 이너웨어 > 그 외","review_required","","","","not_applicable","not_applicable","not_applicable","not_applicable","not_applicable","","","review_required","false","preserved existing review_required decision"
"uniqlo","KIDS","59611","스포츠 유틸리티 웨어 > 액세서리 > Others 그 외","rejected","","","","not_applicable","not_applicable","not_applicable","not_applicable","not_applicable","","","rejected","false","preserved existing rejected decision"
"uniqlo","KIDS","114809","UV Protection > 파카 > 포켓터블","review_required","","","","not_applicable","not_applicable","not_applicable","not_applicable","not_applicable","","","review_required","false","preserved existing review_required decision"
"uniqlo","KIDS","139703","UV Protection > 액세서리 > 모자","rejected","","","","not_applicable","not_applicable","not_applicable","not_applicable","not_applicable","","","rejected","false","preserved existing rejected decision"
"uniqlo","KIDS","143073","Special Collaborations > UNIQLO and Cecilie Bahnsen > T-Shirts","confirmed","tops","tshirt","tshirt","not_applicable","not_applicable","not_applicable","not_applicable","not_applicable","tops","shirt_blouse","direct","true","preserved existing confirmed decision"
"uniqlo","KIDS","143074","Special Collaborations > UNIQLO and Cecilie Bahnsen > Dresses","rejected","","","","not_applicable","not_applicable","not_applicable","not_applicable","not_applicable","","","rejected","false","preserved existing rejected decision"
"uniqlo","KIDS","143075","Special Collaborations > UNIQLO and Cecilie Bahnsen > Skorts","review_required","","","","not_applicable","not_applicable","not_applicable","not_applicable","not_applicable","","","review_required","false","preserved existing review_required decision"
"uniqlo","KIDS","143076","Special Collaborations > UNIQLO and Cecilie Bahnsen > Sleeveless","review_required","","","","not_applicable","not_applicable","not_applicable","not_applicable","not_applicable","","","review_required","false","preserved existing review_required decision"
"uniqlo","KIDS","143077","Special Collaborations > UNIQLO and Cecilie Bahnsen > Others","review_required","","","","not_applicable","not_applicable","not_applicable","not_applicable","not_applicable","","","review_required","false","preserved existing review_required decision"
"uniqlo","BABY","58673","신생아(0개월~2세) > 바디수트 > 코튼메쉬","confirmed","","bodysuit_top","bodysuit_top","not_applicable","not_applicable","not_applicable","not_applicable","not_applicable","other","other","direct","true","preserved existing confirmed decision"
"uniqlo","BABY","58675","신생아(0개월~2세) > 바디수트 > 반팔","confirmed","","bodysuit_top","bodysuit_top","short_sleeve","not_applicable","not_applicable","not_applicable","not_applicable","other","other","direct","true","preserved existing confirmed decision"
"uniqlo","BABY","58676","신생아(0개월~2세) > 바디수트 > 슬리브리스","confirmed","","bodysuit_top","bodysuit_top","sleeveless","not_applicable","not_applicable","not_applicable","not_applicable","other","other","direct","true","preserved existing confirmed decision"
"uniqlo","BABY","58674","신생아(0개월~2세) > 바디수트 > 긴팔","confirmed","","bodysuit_top","bodysuit_top","long_sleeve","not_applicable","not_applicable","not_applicable","not_applicable","other","other","direct","true","preserved existing confirmed decision"
"uniqlo","BABY","58672","신생아(0개월~2세) > 바디수트 > 코튼","confirmed","","bodysuit_top","bodysuit_top","not_applicable","not_applicable","not_applicable","not_applicable","not_applicable","other","other","direct","true","preserved existing confirmed decision"
"uniqlo","BABY","58678","신생아(0개월~2세) > 바디수트 > 전면 오픈 타입","confirmed","","bodysuit_top","bodysuit_top","not_applicable","not_applicable","not_applicable","not_applicable","not_applicable","other","other","direct","true","preserved existing confirmed decision"
"uniqlo","BABY","58677","신생아(0개월~2세) > 바디수트 > 티셔츠 타입","confirmed","","bodysuit_top","bodysuit_top","not_applicable","not_applicable","not_applicable","not_applicable","not_applicable","tops","shirt_blouse","direct","true","preserved existing confirmed decision"
"uniqlo","BABY","58669","신생아(0개월~2세) > 커버올 > 반팔","rejected","","","","not_applicable","not_applicable","not_applicable","not_applicable","not_applicable","","","rejected","false","preserved existing rejected decision"
"uniqlo","BABY","58670","신생아(0개월~2세) > 커버올 > 슬리브리스","rejected","","","","not_applicable","not_applicable","not_applicable","not_applicable","not_applicable","","","rejected","false","preserved existing rejected decision"
"uniqlo","BABY","58668","신생아(0개월~2세) > 커버올 > 긴팔","rejected","","","","not_applicable","not_applicable","not_applicable","not_applicable","not_applicable","","","rejected","false","preserved existing rejected decision"
"uniqlo","BABY","58671","신생아(0개월~2세) > 커버올 > 그 외","rejected","","","","not_applicable","not_applicable","not_applicable","not_applicable","not_applicable","","","rejected","false","preserved existing rejected decision"
"uniqlo","BABY","126278","신생아(0개월~2세) > 티셔츠 & 스웨트셔츠 > 티셔츠(반팔)","confirmed","tops","tshirt","tshirt","short_sleeve","not_applicable","not_applicable","not_applicable","not_applicable","tops","short_sleeve","direct","true","preserved existing confirmed decision"
"uniqlo","BABY","58685","신생아(0개월~2세) > 티셔츠 & 스웨트셔츠 > 티셔츠(긴팔)","confirmed","tops","tshirt","tshirt","long_sleeve","not_applicable","not_applicable","not_applicable","not_applicable","tops","long_sleeve","direct","true","preserved existing confirmed decision"
"uniqlo","BABY","58686","신생아(0개월~2세) > 티셔츠 & 스웨트셔츠 > 스웨트","confirmed","tops","sweatshirt","sweatshirt","not_applicable","not_applicable","not_applicable","not_applicable","not_applicable","tops","sweatshirt","direct","true","preserved existing confirmed decision"
"uniqlo","BABY","58688","신생아(0개월~2세) > 티셔츠 & 스웨트셔츠 > 니트","confirmed","tops","knit_sweater","knit_sweater","not_applicable","not_applicable","not_applicable","not_applicable","not_applicable","tops","sweatshirt","direct","true","preserved existing confirmed decision"
"uniqlo","BABY","58690","신생아(0개월~2세) > 레깅스 & 팬츠 > 크롭레깅스","confirmed","leggings","leggings","leggings","not_applicable","cropped_length","not_applicable","not_applicable","not_applicable","leggings","other_leggings","direct","true","preserved existing confirmed decision"
"uniqlo","BABY","58691","신생아(0개월~2세) > 레깅스 & 팬츠 > 쇼트팬츠","confirmed","","other_standard_pants","standard_pants","not_applicable","short_length","not_applicable","not_applicable","not_applicable","leggings","other_leggings","direct","true","preserved existing confirmed decision"
"uniqlo","BABY","58689","신생아(0개월~2세) > 레깅스 & 팬츠 > 레깅스","confirmed","leggings","leggings","leggings","not_applicable","not_applicable","not_applicable","not_applicable","not_applicable","leggings","other_leggings","direct","true","preserved existing confirmed decision"
"uniqlo","BABY","58694","신생아(0개월~2세) > 레깅스 & 팬츠 > 롱팬츠","confirmed","","other_standard_pants","standard_pants","not_applicable","long_length","not_applicable","not_applicable","not_applicable","leggings","long_leggings","direct","true","preserved existing confirmed decision"
"uniqlo","BABY","128396","신생아(0개월~2세) > 레깅스 & 팬츠 > 후리스레깅스","confirmed","leggings","leggings","leggings","not_applicable","not_applicable","not_applicable","not_applicable","not_applicable","leggings","other_leggings","direct","true","preserved existing confirmed decision"
"uniqlo","BABY","112815","신생아(0개월~2세) > 이너웨어 > 코튼메쉬","review_required","","","","not_applicable","not_applicable","not_applicable","not_applicable","not_applicable","","","review_required","false","preserved existing review_required decision"
"uniqlo","BABY","144586","신생아(0개월~2세) > 그래픽티셔츠 > PEANUTS","confirmed","tops","tshirt","tshirt","not_applicable","not_applicable","not_applicable","not_applicable","not_applicable","tops","shirt_blouse","direct","true","preserved existing confirmed decision"
"uniqlo","BABY","143660","신생아(0개월~2세) > 그래픽티셔츠 > Mickey＆Friends","confirmed","tops","tshirt","tshirt","not_applicable","not_applicable","not_applicable","not_applicable","not_applicable","tops","shirt_blouse","direct","true","preserved existing confirmed decision"
"uniqlo","BABY","128054","신생아(0개월~2세) > 그래픽티셔츠 > The Picture Book Collection","confirmed","tops","tshirt","tshirt","not_applicable","not_applicable","not_applicable","not_applicable","not_applicable","tops","shirt_blouse","direct","true","preserved existing confirmed decision"
"uniqlo","BABY","134782","신생아(0개월~2세) > 그래픽티셔츠 > Sanrio characters","confirmed","tops","tshirt","tshirt","not_applicable","not_applicable","not_applicable","not_applicable","not_applicable","tops","shirt_blouse","direct","true","preserved existing confirmed decision"
"uniqlo","BABY","112078","신생아(0개월~2세) > 그래픽티셔츠 > Jason Polan","confirmed","tops","tshirt","tshirt","not_applicable","not_applicable","not_applicable","not_applicable","not_applicable","tops","shirt_blouse","direct","true","preserved existing confirmed decision"
"uniqlo","BABY","65714","신생아(0개월~2세) > 그래픽티셔츠 > STUDIO GHIBLI","confirmed","tops","tshirt","tshirt","not_applicable","not_applicable","not_applicable","not_applicable","not_applicable","tops","shirt_blouse","direct","true","preserved existing confirmed decision"
"uniqlo","BABY","138052","신생아(0개월~2세) > 그래픽티셔츠 > other","confirmed","tops","tshirt","tshirt","not_applicable","not_applicable","not_applicable","not_applicable","not_applicable","tops","shirt_blouse","direct","true","preserved existing confirmed decision"
"uniqlo","BABY","58681","신생아(0개월~2세) > 아우터 > UV Protection","review_required","","","","not_applicable","not_applicable","not_applicable","not_applicable","not_applicable","","","review_required","false","preserved existing review_required decision"
"uniqlo","BABY","58682","신생아(0개월~2세) > 아우터 > 스웨트","review_required","","","","not_applicable","not_applicable","not_applicable","not_applicable","not_applicable","","","review_required","false","preserved existing review_required decision"
"uniqlo","BABY","123764","신생아(0개월~2세) > 아우터 > 베스트","confirmed","","outer_vest","outer_vest","not_applicable","not_applicable","not_applicable","not_applicable","not_applicable","outerwear","vest","direct","true","preserved existing confirmed decision"
"uniqlo","BABY","98389","신생아(0개월~2세) > 아우터 > 후리스","confirmed","outerwear","fleece_jacket","fleece_jacket","not_applicable","not_applicable","not_applicable","not_applicable","not_applicable","outerwear","fleece","direct","true","preserved existing confirmed decision"
"uniqlo","BABY","58680","신생아(0개월~2세) > 아우터 > 패딩","confirmed","outerwear","puffer_jacket","puffer_jacket","not_applicable","not_applicable","not_applicable","not_applicable","not_applicable","outerwear","padding","direct","true","preserved existing confirmed decision"
"uniqlo","BABY","58698","신생아(0개월~2세) > 양말 > 레귤러삭스","rejected","","","","not_applicable","not_applicable","not_applicable","not_applicable","not_applicable","","","rejected","false","preserved existing rejected decision"
"uniqlo","BABY","58699","신생아(0개월~2세) > 양말 > 쇼트삭스","rejected","","","","not_applicable","not_applicable","not_applicable","not_applicable","not_applicable","","","rejected","false","preserved existing rejected decision"
"uniqlo","BABY","58700","신생아(0개월~2세) > 양말 > 그 외","rejected","","","","not_applicable","not_applicable","not_applicable","not_applicable","not_applicable","","","rejected","false","preserved existing rejected decision"
"uniqlo","BABY","58722","영유아(6개월~5세) > 홈웨어 & 파자마 > 반팔","rejected","","","","not_applicable","not_applicable","not_applicable","not_applicable","not_applicable","","","rejected","false","preserved existing rejected decision"
"uniqlo","BABY","58721","영유아(6개월~5세) > 홈웨어 & 파자마 > 긴팔","rejected","","","","not_applicable","not_applicable","not_applicable","not_applicable","not_applicable","","","rejected","false","preserved existing rejected decision"
"uniqlo","BABY","126281","영유아(6개월~5세) > 홈웨어 & 파자마 > 퀼팅 파자마","rejected","","","","not_applicable","not_applicable","not_applicable","not_applicable","not_applicable","","","rejected","false","preserved existing rejected decision"
"uniqlo","BABY","58723","영유아(6개월~5세) > 홈웨어 & 파자마 > 그 외","rejected","","","","not_applicable","not_applicable","not_applicable","not_applicable","not_applicable","","","rejected","false","preserved existing rejected decision"
"uniqlo","BABY","126279","영유아(6개월~5세) > 티셔츠 & 스웨트셔츠 > 티셔츠(반팔)","confirmed","tops","tshirt","tshirt","short_sleeve","not_applicable","not_applicable","not_applicable","not_applicable","tops","short_sleeve","direct","true","preserved existing confirmed decision"
"uniqlo","BABY","87958","영유아(6개월~5세) > 티셔츠 & 스웨트셔츠 > 티셔츠(긴팔)","confirmed","tops","tshirt","tshirt","long_sleeve","not_applicable","not_applicable","not_applicable","not_applicable","tops","long_sleeve","direct","true","preserved existing confirmed decision"
"uniqlo","BABY","58709","영유아(6개월~5세) > 티셔츠 & 스웨트셔츠 > 스웨트","confirmed","tops","sweatshirt","sweatshirt","not_applicable","not_applicable","not_applicable","not_applicable","not_applicable","tops","sweatshirt","direct","true","preserved existing confirmed decision"
"uniqlo","BABY","58712","영유아(6개월~5세) > 티셔츠 & 스웨트셔츠 > 니트","confirmed","tops","knit_sweater","knit_sweater","not_applicable","not_applicable","not_applicable","not_applicable","not_applicable","tops","sweatshirt","direct","true","preserved existing confirmed decision"
"uniqlo","BABY","58716","영유아(6개월~5세) > 레깅스 & 팬츠 > 쇼트팬츠","confirmed","","other_standard_pants","standard_pants","not_applicable","short_length","not_applicable","not_applicable","not_applicable","leggings","other_leggings","direct","true","preserved existing confirmed decision"
"uniqlo","BABY","58715","영유아(6개월~5세) > 레깅스 & 팬츠 > 크롭레깅스","confirmed","leggings","leggings","leggings","not_applicable","cropped_length","not_applicable","not_applicable","not_applicable","leggings","other_leggings","direct","true","preserved existing confirmed decision"
"uniqlo","BABY","58714","영유아(6개월~5세) > 레깅스 & 팬츠 > 레깅스","confirmed","leggings","leggings","leggings","not_applicable","not_applicable","not_applicable","not_applicable","not_applicable","leggings","other_leggings","direct","true","preserved existing confirmed decision"
"uniqlo","BABY","58719","영유아(6개월~5세) > 레깅스 & 팬츠 > 롱팬츠","confirmed","","other_standard_pants","standard_pants","not_applicable","long_length","not_applicable","not_applicable","not_applicable","leggings","long_leggings","direct","true","preserved existing confirmed decision"
"uniqlo","BABY","126280","영유아(6개월~5세) > 레깅스 & 팬츠 > 후리스레깅스","confirmed","leggings","leggings","leggings","not_applicable","not_applicable","not_applicable","not_applicable","not_applicable","leggings","other_leggings","direct","true","preserved existing confirmed decision"
"uniqlo","BABY","58725","영유아(6개월~5세) > 이너웨어 > 코튼메쉬","review_required","","","","not_applicable","not_applicable","not_applicable","not_applicable","not_applicable","","","review_required","false","preserved existing review_required decision"
"uniqlo","BABY","58705","영유아(6개월~5세) > 아우터 > UV Protection","review_required","","","","not_applicable","not_applicable","not_applicable","not_applicable","not_applicable","","","review_required","false","preserved existing review_required decision"
"uniqlo","BABY","58706","영유아(6개월~5세) > 아우터 > 스웨트","review_required","","","","not_applicable","not_applicable","not_applicable","not_applicable","not_applicable","","","review_required","false","preserved existing review_required decision"
"uniqlo","BABY","124091","영유아(6개월~5세) > 아우터 > 베스트","confirmed","","outer_vest","outer_vest","not_applicable","not_applicable","not_applicable","not_applicable","not_applicable","outerwear","vest","direct","true","preserved existing confirmed decision"
"uniqlo","BABY","105313","영유아(6개월~5세) > 아우터 > 후리스","confirmed","outerwear","fleece_jacket","fleece_jacket","not_applicable","not_applicable","not_applicable","not_applicable","not_applicable","outerwear","fleece","direct","true","preserved existing confirmed decision"
"uniqlo","BABY","58704","영유아(6개월~5세) > 아우터 > 패딩","confirmed","outerwear","puffer_jacket","puffer_jacket","not_applicable","not_applicable","not_applicable","not_applicable","not_applicable","outerwear","padding","direct","true","preserved existing confirmed decision"
"uniqlo","BABY","145573","영유아(6개월~5세) > 그래픽티셔츠 > PAW Patrol","confirmed","tops","tshirt","tshirt","not_applicable","not_applicable","not_applicable","not_applicable","not_applicable","tops","shirt_blouse","direct","true","preserved existing confirmed decision"
"uniqlo","BABY","144816","영유아(6개월~5세) > 그래픽티셔츠 > Disney Winnie the Pooh","confirmed","tops","tshirt","tshirt","not_applicable","not_applicable","not_applicable","not_applicable","not_applicable","tops","shirt_blouse","direct","true","preserved existing confirmed decision"
"uniqlo","BABY","144585","영유아(6개월~5세) > 그래픽티셔츠 > PEANUTS","confirmed","tops","tshirt","tshirt","not_applicable","not_applicable","not_applicable","not_applicable","not_applicable","tops","shirt_blouse","direct","true","preserved existing confirmed decision"
"uniqlo","BABY","143661","영유아(6개월~5세) > 그래픽티셔츠 > Mickey＆Friends","confirmed","tops","tshirt","tshirt","not_applicable","not_applicable","not_applicable","not_applicable","not_applicable","tops","shirt_blouse","direct","true","preserved existing confirmed decision"
"uniqlo","BABY","134783","영유아(6개월~5세) > 그래픽티셔츠 > Sanrio characters","confirmed","tops","tshirt","tshirt","not_applicable","not_applicable","not_applicable","not_applicable","not_applicable","tops","shirt_blouse","direct","true","preserved existing confirmed decision"
"uniqlo","BABY","128055","영유아(6개월~5세) > 그래픽티셔츠 > The Picture Book Collection","confirmed","tops","tshirt","tshirt","not_applicable","not_applicable","not_applicable","not_applicable","not_applicable","tops","shirt_blouse","direct","true","preserved existing confirmed decision"
"uniqlo","BABY","131942","영유아(6개월~5세) > 그래픽티셔츠 > Jason Polan","confirmed","tops","tshirt","tshirt","not_applicable","not_applicable","not_applicable","not_applicable","not_applicable","tops","shirt_blouse","direct","true","preserved existing confirmed decision"
"uniqlo","BABY","81253","영유아(6개월~5세) > 그래픽티셔츠 > STUDIO GHIBLI","confirmed","tops","tshirt","tshirt","not_applicable","not_applicable","not_applicable","not_applicable","not_applicable","tops","shirt_blouse","direct","true","preserved existing confirmed decision"
"uniqlo","BABY","112079","영유아(6개월~5세) > 그래픽티셔츠 > other02","confirmed","tops","tshirt","tshirt","not_applicable","not_applicable","not_applicable","not_applicable","not_applicable","tops","shirt_blouse","direct","true","preserved existing confirmed decision"
"uniqlo","BABY","136650","영유아(6개월~5세) > 그래픽티셔츠 > other01","confirmed","tops","tshirt","tshirt","not_applicable","not_applicable","not_applicable","not_applicable","not_applicable","tops","shirt_blouse","direct","true","preserved existing confirmed decision"
"uniqlo","BABY","122905","영유아(6개월~5세) > 그래픽티셔츠 > Clay Animation","confirmed","tops","tshirt","tshirt","not_applicable","not_applicable","not_applicable","not_applicable","not_applicable","tops","shirt_blouse","direct","true","preserved existing confirmed decision"
"uniqlo","BABY","63048","영유아(6개월~5세) > 그래픽티셔츠 > The Picture Book Collection","confirmed","tops","tshirt","tshirt","not_applicable","not_applicable","not_applicable","not_applicable","not_applicable","tops","shirt_blouse","direct","true","preserved existing confirmed decision"
"uniqlo","BABY","58731","영유아(6개월~5세) > 양말 > 레귤러삭스","rejected","","","","not_applicable","not_applicable","not_applicable","not_applicable","not_applicable","","","rejected","false","preserved existing rejected decision"
"uniqlo","BABY","58732","영유아(6개월~5세) > 양말 > 쇼트삭스","rejected","","","","not_applicable","not_applicable","not_applicable","not_applicable","not_applicable","","","rejected","false","preserved existing rejected decision"
"uniqlo","BABY","58733","영유아(6개월~5세) > 양말 > 그 외","rejected","","","","not_applicable","not_applicable","not_applicable","not_applicable","not_applicable","","","rejected","false","preserved existing rejected decision"
