"조사 시각(KST)","쇼핑몰","상품 URL","상품 ID 또는 코드","브랜드","상품명","성별","쇼핑몰 원본 카테고리 전체 경로","조사자 앱 대분류 후보","조사자 상세분류 후보","판매·품절 상태","치수 정보 출처","제공되는 사이즈명","사이즈 행 개수","원본 치수 항목명 전체","어깨","가슴","총장","소매","허리","엉덩이","허벅지","밑위","인심","밑단","추가 치수","단위","빈 값·문자 값·혼합 단위","중복 사이즈 행","파싱 특이사항","FitMatch 비교 가능 여부","비교 불가·제한 사유","메타데이터 확보","API 확보","HTML 확보","카테고리 판별 불확실","dedup_status","categoryDepth1 이름","categoryDepth1 ID","categoryDepth2 이름","categoryDepth2 ID","categoryDepth3 이름","categoryDepth3 ID","categoryDepth4 이름","categoryDepth4 ID","카테고리 출처","원본 실측 행 JSON"
"2026-07-23 22:56:14 KST","무신사","https://www.musinsa.com/products/6708161","6708161","필루미네이트","데일리 롤업 레이어드 ST 크롭 티셔츠-3Color","남성","상의 / 반소매 티셔츠","상의","반소매 티셔츠","정상 판매·할인","API","S|M|L","3","총장|어깨너비|가슴단면|소매길이","49.5","52","65","19","","","","","","","","cm(응답 관행; 명시 확인 불가)","","아니오","","가능","","성공","성공","미검증","아니오","고유","상의","001","반소매 티셔츠","001001","","","","","https://goods-detail.musinsa.com/api2/goods/6708161","[{""name"":""S"",""items"":[{""name"":""총장"",""value"":65},{""name"":""어깨너비"",""value"":49.5},{""name"":""가슴단면"",""value"":52},{""name"":""소매길이"",""value"":19}]},{""name"":""M"",""items"":[{""name"":""총장"",""value"":66.5},{""name"":""어깨너비"",""value"":51},{""name"":""가슴단면"",""value"":54.5},{""name"":""소매길이"",""value"":20.5}]},{""name"":""L"",""items"":[{""name"":""총장"",""value"":68},{""name"":""어깨너비"",""value"":52.5},{""name"":""가슴단면"",""value"":57},{""name"":""소매길이"",""value"":22}]}]"
"2026-07-23 22:56:14 KST","무신사","https://www.musinsa.com/products/6797266","6797266","일리오","[SET] Black Square Neck Lace Pocket T-shirt + Lace Belted Shorts","여성","상의 / 반소매 티셔츠","상의","반소매 티셔츠","정상 판매","API","NONE","1","총장|어깨너비|가슴단면|소매길이","35","38","49","11.5","","","","","","","","cm(응답 관행; 명시 확인 불가)","","아니오","","가능","","성공","성공","미검증","아니오","고유","상의","001","반소매 티셔츠","001001","","","","","https://goods-detail.musinsa.com/api2/goods/6797266","[{""name"":""NONE"",""items"":[{""name"":""총장"",""value"":49},{""name"":""어깨너비"",""value"":35},{""name"":""가슴단면"",""value"":38},{""name"":""소매길이"",""value"":11.5}]}]"
"2026-07-23 22:56:14 KST","무신사","https://www.musinsa.com/products/6693832","6693832","어패럴아카이브","Enter half sleeve button tee - Pink","여성","상의 / 반소매 티셔츠","상의","반소매 티셔츠","정상 판매·할인","API","FREE","1","총장|어깨너비|가슴단면|소매길이","30.5","34","56","12","","","","","","","","cm(응답 관행; 명시 확인 불가)","","아니오","","가능","","성공","성공","미검증","아니오","고유","상의","001","반소매 티셔츠","001001","","","","","https://goods-detail.musinsa.com/api2/goods/6693832","[{""name"":""FREE"",""items"":[{""name"":""총장"",""value"":56},{""name"":""어깨너비"",""value"":30.5},{""name"":""가슴단면"",""value"":34},{""name"":""소매길이"",""value"":12}]}]"
"2026-07-23 22:56:14 KST","무신사","https://www.musinsa.com/products/6755330","6755330","에잇세컨즈","캉캉이 라운드넥 반소매 블라우스 네이비","여성","상의 / 셔츠/블라우스","상의","셔츠/블라우스","일부 사이즈 품절/재고 제한","없음","","0","","","","","","","","","","","","","cm(응답 관행; 명시 확인 불가)","","아니오","actual-size data null","제한/불가","치수 행 없음","성공","실패","미검증","아니오","고유","상의","001","셔츠/블라우스","001002","","","","","https://goods-detail.musinsa.com/api2/goods/6755330","[]"
"2026-07-23 22:56:15 KST","무신사","https://www.musinsa.com/products/6732631","6732631","에스이에스티","Hearts Slim Fit T-shirts Lime","여성","상의 / 반소매 티셔츠","상의","반소매 티셔츠","정상 판매·할인","API","S","1","총장|어깨너비|가슴단면|소매길이","34","39","51","13","","","","","","","","cm(응답 관행; 명시 확인 불가)","","아니오","","가능","","성공","성공","미검증","아니오","고유","상의","001","반소매 티셔츠","001001","","","","","https://goods-detail.musinsa.com/api2/goods/6732631","[{""name"":""S"",""items"":[{""name"":""총장"",""value"":51},{""name"":""어깨너비"",""value"":34},{""name"":""가슴단면"",""value"":39},{""name"":""소매길이"",""value"":13}]}]"
"2026-07-23 22:56:15 KST","무신사","https://www.musinsa.com/products/6797265","6797265","일리오","[SET] Charcoal Square Neck Lace Pocket T-shirt + Lace Belted Shorts","여성","상의 / 반소매 티셔츠","상의","반소매 티셔츠","정상 판매","API","NONE","1","총장|어깨너비|가슴단면|소매길이","35","38","49","11.5","","","","","","","","cm(응답 관행; 명시 확인 불가)","","아니오","","가능","","성공","성공","미검증","아니오","고유","상의","001","반소매 티셔츠","001001","","","","","https://goods-detail.musinsa.com/api2/goods/6797265","[{""name"":""NONE"",""items"":[{""name"":""총장"",""value"":49},{""name"":""어깨너비"",""value"":35},{""name"":""가슴단면"",""value"":38},{""name"":""소매길이"",""value"":11.5}]}]"
"2026-07-23 22:56:15 KST","무신사","https://www.musinsa.com/products/6709666","6709666","오실롯","C106 롤업 트림 링거 반팔 티셔츠_블랙","남성|여성","상의 / 반소매 티셔츠","상의","반소매 티셔츠","정상 판매·할인","API","M|L","2","총장|어깨너비|가슴단면|소매길이","51","58","71","23","","","","","","","","cm(응답 관행; 명시 확인 불가)","","아니오","","가능","","성공","성공","미검증","아니오","고유","상의","001","반소매 티셔츠","001001","","","","","https://goods-detail.musinsa.com/api2/goods/6709666","[{""name"":""M"",""items"":[{""name"":""총장"",""value"":71},{""name"":""어깨너비"",""value"":51},{""name"":""가슴단면"",""value"":58},{""name"":""소매길이"",""value"":23}]},{""name"":""L"",""items"":[{""name"":""총장"",""value"":74},{""name"":""어깨너비"",""value"":57},{""name"":""가슴단면"",""value"":62},{""name"":""소매길이"",""value"":25}]}]"
"2026-07-23 22:56:15 KST","무신사","https://www.musinsa.com/products/6708096","6708096","필루미네이트","데일리 롤업 레이어드 크롭 티셔츠-3Color","남성","상의 / 반소매 티셔츠","상의","반소매 티셔츠","정상 판매·할인","API","S|M|L","3","총장|어깨너비|가슴단면|소매길이","49.5","52","65","19","","","","","","","","cm(응답 관행; 명시 확인 불가)","","아니오","","가능","","성공","성공","미검증","아니오","고유","상의","001","반소매 티셔츠","001001","","","","","https://goods-detail.musinsa.com/api2/goods/6708096","[{""name"":""S"",""items"":[{""name"":""총장"",""value"":65},{""name"":""어깨너비"",""value"":49.5},{""name"":""가슴단면"",""value"":52},{""name"":""소매길이"",""value"":19}]},{""name"":""M"",""items"":[{""name"":""총장"",""value"":66.5},{""name"":""어깨너비"",""value"":51},{""name"":""가슴단면"",""value"":54.5},{""name"":""소매길이"",""value"":20.5}]},{""name"":""L"",""items"":[{""name"":""총장"",""value"":68},{""name"":""어깨너비"",""value"":52.5},{""name"":""가슴단면"",""value"":57},{""name"":""소매길이"",""value"":22}]}]"
"2026-07-23 22:56:16 KST","무신사","https://www.musinsa.com/products/6797271","6797271","일리오","[SET] Black dots Square Neck Lace Pocket T-shirt + Lace Belted Shorts","여성","상의 / 반소매 티셔츠","상의","반소매 티셔츠","정상 판매","API","NONE","1","총장|어깨너비|가슴단면|소매길이","35","38","49","11.5","","","","","","","","cm(응답 관행; 명시 확인 불가)","","아니오","","가능","","성공","성공","미검증","아니오","고유","상의","001","반소매 티셔츠","001001","","","","","https://goods-detail.musinsa.com/api2/goods/6797271","[{""name"":""NONE"",""items"":[{""name"":""총장"",""value"":49},{""name"":""어깨너비"",""value"":35},{""name"":""가슴단면"",""value"":38},{""name"":""소매길이"",""value"":11.5}]}]"
"2026-07-23 22:56:16 KST","무신사","https://www.musinsa.com/products/6008535","6008535","아디다스","RIM BREZ 싱글렛 - 블랙 / KR5093","남성","스포츠/레저 / 상의 / 나시/민소매 티셔츠","상의","상의","정상 판매·할인","API","S|M|L|XL|2XL","5","총장|가슴단면|어깨너비","47","36","70","","","","","","","","","cm(응답 관행; 명시 확인 불가)","","아니오","","가능","","성공","성공","미검증","아니오","고유","스포츠/레저","017","상의","017016","나시/민소매 티셔츠","017016003","","","https://goods-detail.musinsa.com/api2/goods/6008535","[{""name"":""S"",""items"":[{""name"":""총장"",""value"":70},{""name"":""가슴단면"",""value"":36},{""name"":""어깨너비"",""value"":47}]},{""name"":""M"",""items"":[{""name"":""총장"",""value"":71},{""name"":""가슴단면"",""value"":36.5},{""name"":""어깨너비"",""value"":49}]},{""name"":""L"",""items"":[{""name"":""총장"",""value"":72.5},{""name"":""가슴단면"",""value"":37},{""name"":""어깨너비"",""value"":52}]},{""name"":""XL"",""items"":[{""name"":""총장"",""value"":74},{""name"":""가슴단면"",""value"":37.5},{""name"":""어깨너비"",""value"":55}]},{""name"":""2XL"",""items"":[{""name"":""총장"",""value"":76},{""name"":""가슴단면"",""value"":38},{""name"":""어깨너비"",""value"":58}]}]"
"2026-07-23 22:56:16 KST","무신사","https://www.musinsa.com/products/6722931","6722931","유니버스 가먼트","Happy 패밀리 크롭 티셔츠_PURPLE","남성|여성","상의 / 반소매 티셔츠","상의","반소매 티셔츠","정상 판매·할인","API","S|L","2","총장|어깨너비|가슴단면|소매길이","49","59","58","13","","","","","","","","cm(응답 관행; 명시 확인 불가)","","아니오","","가능","","성공","성공","미검증","아니오","고유","상의","001","반소매 티셔츠","001001","","","","","https://goods-detail.musinsa.com/api2/goods/6722931","[{""name"":""S"",""items"":[{""name"":""총장"",""value"":58},{""name"":""어깨너비"",""value"":49},{""name"":""가슴단면"",""value"":59},{""name"":""소매길이"",""value"":13}]},{""name"":""L"",""items"":[{""name"":""총장"",""value"":68},{""name"":""어깨너비"",""value"":59},{""name"":""가슴단면"",""value"":69},{""name"":""소매길이"",""value"":17}]}]"
"2026-07-23 22:56:16 KST","무신사","https://www.musinsa.com/products/6673687","6673687","시아오시코","피그먼트 헨리넥 머슬핏 반팔","남성","상의 / 반소매 티셔츠","상의","반소매 티셔츠","정상 판매·할인","API","M|L","2","총장|어깨너비|가슴단면|소매길이","45","47","65","21","","","","","","","","cm(응답 관행; 명시 확인 불가)","","아니오","","가능","","성공","성공","미검증","아니오","고유","상의","001","반소매 티셔츠","001001","","","","","https://goods-detail.musinsa.com/api2/goods/6673687","[{""name"":""M"",""items"":[{""name"":""총장"",""value"":65},{""name"":""어깨너비"",""value"":45},{""name"":""가슴단면"",""value"":47},{""name"":""소매길이"",""value"":21}]},{""name"":""L"",""items"":[{""name"":""총장"",""value"":66},{""name"":""어깨너비"",""value"":47},{""name"":""가슴단면"",""value"":48},{""name"":""소매길이"",""value"":22}]}]"
"2026-07-23 22:56:17 KST","무신사","https://www.musinsa.com/products/6632593","6632593","스노우피크 어패럴","[스노우피크 I 도라에몽] 캠핑 반팔 티셔츠 (S26MUFTS94) Off White","남성","스포츠/레저 / 상의 / 반소매 티셔츠","상의","상의","정상 판매·할인","API","90(S)|95(M)|100(L)|105(XL)|110(2XL)","5","총장|어깨너비|가슴단면|소매길이","44","53","66","23","","","","","","","","cm(응답 관행; 명시 확인 불가)","","아니오","","가능","","성공","성공","미검증","아니오","고유","스포츠/레저","017","상의","017016","반소매 티셔츠","017016005","","","https://goods-detail.musinsa.com/api2/goods/6632593","[{""name"":""90(S)"",""items"":[{""name"":""총장"",""value"":66},{""name"":""어깨너비"",""value"":44},{""name"":""가슴단면"",""value"":53},{""name"":""소매길이"",""value"":23}]},{""name"":""95(M)"",""items"":[{""name"":""총장"",""value"":68},{""name"":""어깨너비"",""value"":46},{""name"":""가슴단면"",""value"":55.5},{""name"":""소매길이"",""value"":23.5}]},{""name"":""100(L)"",""items"":[{""name"":""총장"",""value"":70},{""name"":""어깨너비"",""value"":48},{""name"":""가슴단면"",""value"":58},{""name"":""소매길이"",""value"":24}]},{""name"":""105(XL)"",""items"":[{""name"":""총장"",""value"":72},{""name"":""어깨너비"",""value"":50},{""name"":""가슴단면"",""value"":60.5},{""name"":""소매길이"",""value"":24.5}]},{""name"":""110(2XL)"",""items"":[{""name"":""총장"",""value"":74},{""name"":""어깨너비"",""value"":52},{""name"":""가슴단면"",""value"":62},{""name"":""소매길이"",""value"":25}]}]"
"2026-07-23 22:56:17 KST","무신사","https://www.musinsa.com/products/6760735","6760735","요세미티","배색 롤업 레이어드 반팔티 YT-3Y31","남성","상의 / 반소매 티셔츠","상의","반소매 티셔츠","정상 판매·할인","API","M|L|XL","3","총장|어깨너비|가슴단면|소매길이","52","53","63","22","","","","","","","","cm(응답 관행; 명시 확인 불가)","","아니오","","가능","","성공","성공","미검증","아니오","고유","상의","001","반소매 티셔츠","001001","","","","","https://goods-detail.musinsa.com/api2/goods/6760735","[{""name"":""M"",""items"":[{""name"":""총장"",""value"":63},{""name"":""어깨너비"",""value"":52},{""name"":""가슴단면"",""value"":53},{""name"":""소매길이"",""value"":22}]},{""name"":""L"",""items"":[{""name"":""총장"",""value"":66},{""name"":""어깨너비"",""value"":55},{""name"":""가슴단면"",""value"":56},{""name"":""소매길이"",""value"":23}]},{""name"":""XL"",""items"":[{""name"":""총장"",""value"":69},{""name"":""어깨너비"",""value"":58},{""name"":""가슴단면"",""value"":59},{""name"":""소매길이"",""value"":24}]}]"
"2026-07-23 22:56:17 KST","무신사","https://www.musinsa.com/products/6632608","6632608","스노우피크 어패럴","[스노우피크 I 도라에몽] 캠프파이어 반팔 티셔츠 (S26MUFTS95) Dark Khaki","남성","스포츠/레저 / 상의 / 반소매 티셔츠","상의","상의","정상 판매·할인","API","90(S)|95(M)|100(L)|105(XL)|110(2XL)","5","총장|어깨너비|가슴단면|소매길이","44","53","66","23","","","","","","","","cm(응답 관행; 명시 확인 불가)","","아니오","","가능","","성공","성공","미검증","아니오","고유","스포츠/레저","017","상의","017016","반소매 티셔츠","017016005","","","https://goods-detail.musinsa.com/api2/goods/6632608","[{""name"":""90(S)"",""items"":[{""name"":""총장"",""value"":66},{""name"":""어깨너비"",""value"":44},{""name"":""가슴단면"",""value"":53},{""name"":""소매길이"",""value"":23}]},{""name"":""95(M)"",""items"":[{""name"":""총장"",""value"":68},{""name"":""어깨너비"",""value"":46},{""name"":""가슴단면"",""value"":55.5},{""name"":""소매길이"",""value"":23.5}]},{""name"":""100(L)"",""items"":[{""name"":""총장"",""value"":70},{""name"":""어깨너비"",""value"":48},{""name"":""가슴단면"",""value"":58},{""name"":""소매길이"",""value"":24}]},{""name"":""105(XL)"",""items"":[{""name"":""총장"",""value"":72},{""name"":""어깨너비"",""value"":50},{""name"":""가슴단면"",""value"":60.5},{""name"":""소매길이"",""value"":24.5}]},{""name"":""110(2XL)"",""items"":[{""name"":""총장"",""value"":74},{""name"":""어깨너비"",""value"":52},{""name"":""가슴단면"",""value"":62},{""name"":""소매길이"",""value"":25}]}]"
"2026-07-23 22:56:17 KST","무신사","https://www.musinsa.com/products/6696689","6696689","1993스튜디오","W 베이직 스퀘어넥 티셔츠 (3colors)","여성","상의 / 반소매 티셔츠","상의","반소매 티셔츠","정상 판매·할인","API","S|M|L","3","총장|어깨너비|가슴단면|소매길이","34.5","38.5","50.5","13.5","","","","","","","","cm(응답 관행; 명시 확인 불가)","","아니오","","가능","","성공","성공","미검증","아니오","고유","상의","001","반소매 티셔츠","001001","","","","","https://goods-detail.musinsa.com/api2/goods/6696689","[{""name"":""S"",""items"":[{""name"":""총장"",""value"":50.5},{""name"":""어깨너비"",""value"":34.5},{""name"":""가슴단면"",""value"":38.5},{""name"":""소매길이"",""value"":13.5}]},{""name"":""M"",""items"":[{""name"":""총장"",""value"":52},{""name"":""어깨너비"",""value"":36},{""name"":""가슴단면"",""value"":41},{""name"":""소매길이"",""value"":14}]},{""name"":""L"",""items"":[{""name"":""총장"",""value"":53.5},{""name"":""어깨너비"",""value"":37.5},{""name"":""가슴단면"",""value"":43.5},{""name"":""소매길이"",""value"":14.5}]}]"
"2026-07-23 22:56:18 KST","무신사","https://www.musinsa.com/products/6708755","6708755","슬로우스텝","SP2605 빈티지 캠핑 그래픽 피그먼트 오버핏 반팔티 블랙","남성","상의 / 반소매 티셔츠","상의","반소매 티셔츠","정상 판매·할인","API","블랙","1","총장|어깨너비|가슴단면|소매길이","63","67","83.5","0","","","","","","","","cm(응답 관행; 명시 확인 불가)","","아니오","","가능","","성공","성공","미검증","아니오","고유","상의","001","반소매 티셔츠","001001","","","","","https://goods-detail.musinsa.com/api2/goods/6708755","[{""name"":""블랙"",""items"":[{""name"":""총장"",""value"":83.5},{""name"":""어깨너비"",""value"":63},{""name"":""가슴단면"",""value"":67},{""name"":""소매길이"",""value"":0}]}]"
"2026-07-23 22:56:18 KST","무신사","https://www.musinsa.com/products/3182421","3182421","트래블","커브드 라인 래글런 반팔티 차콜","남성|여성","상의 / 반소매 티셔츠","상의","반소매 티셔츠","정상 판매·할인","API","SMALL|MEDIUM|LARGE|EXTRA LARGE","4","총장|가슴단면|소매길이","","49","63","47","","","","","","","","cm(응답 관행; 명시 확인 불가)","","아니오","","가능","","성공","성공","미검증","아니오","고유","상의","001","반소매 티셔츠","001001","","","","","https://goods-detail.musinsa.com/api2/goods/3182421","[{""name"":""SMALL"",""items"":[{""name"":""총장"",""value"":63},{""name"":""가슴단면"",""value"":49},{""name"":""소매길이"",""value"":47}]},{""name"":""MEDIUM"",""items"":[{""name"":""총장"",""value"":70},{""name"":""가슴단면"",""value"":56},{""name"":""소매길이"",""value"":53}]},{""name"":""LARGE"",""items"":[{""name"":""총장"",""value"":72},{""name"":""가슴단면"",""value"":58.5},{""name"":""소매길이"",""value"":56}]},{""name"":""EXTRA LARGE"",""items"":[{""name"":""총장"",""value"":74},{""name"":""가슴단면"",""value"":61},{""name"":""소매길이"",""value"":59}]}]"
"2026-07-23 22:56:18 KST","무신사","https://www.musinsa.com/products/5982920","5982920","몽돌","[SET] 사이드 셔링 레이어드 티셔츠 라이트그레이 MDTS067LGRAY","여성","상의 / 긴소매 티셔츠","상의","긴소매 티셔츠","정상 판매·할인","API","F","1","총장|어깨너비|가슴단면|소매길이","37","40","57","61","","","","","","","","cm(응답 관행; 명시 확인 불가)","","아니오","","가능","","성공","성공","미검증","아니오","고유","상의","001","긴소매 티셔츠","001010","","","","","https://goods-detail.musinsa.com/api2/goods/5982920","[{""name"":""F"",""items"":[{""name"":""총장"",""value"":57},{""name"":""어깨너비"",""value"":37},{""name"":""가슴단면"",""value"":40},{""name"":""소매길이"",""value"":61}]}]"
"2026-07-23 22:56:18 KST","무신사","https://www.musinsa.com/products/4989733","4989733","르아르","링클 시어서커 체크 반팔 셔츠 [차콜]","남성","상의 / 셔츠/블라우스","상의","셔츠/블라우스","정상 판매·할인","API","M|L|XL","3","총장|어깨너비|가슴단면|소매길이","60","65.5","75","24","","","","","","","","cm(응답 관행; 명시 확인 불가)","","아니오","","가능","","성공","성공","미검증","아니오","고유","상의","001","셔츠/블라우스","001002","","","","","https://goods-detail.musinsa.com/api2/goods/4989733","[{""name"":""M"",""items"":[{""name"":""총장"",""value"":75},{""name"":""어깨너비"",""value"":60},{""name"":""가슴단면"",""value"":65.5},{""name"":""소매길이"",""value"":24}]},{""name"":""L"",""items"":[{""name"":""총장"",""value"":77},{""name"":""어깨너비"",""value"":62},{""name"":""가슴단면"",""value"":67.5},{""name"":""소매길이"",""value"":25}]},{""name"":""XL"",""items"":[{""name"":""총장"",""value"":79},{""name"":""어깨너비"",""value"":64},{""name"":""가슴단면"",""value"":69.5},{""name"":""소매길이"",""value"":26}]}]"
"2026-07-23 22:56:19 KST","무신사","https://www.musinsa.com/products/6418260","6418260","8톤트럭케이스","[반팔티셔츠 흘려도티안나]남여공용 오버핏","라이프","상의 / 반소매 티셔츠","상의","반소매 티셔츠","정상 판매","API","화이트S|화이트M|화이트L|블랙S|블랙M|블랙L","6","총장|어깨너비|가슴단면|소매길이","52","55","67","23","","","","","","","","cm(응답 관행; 명시 확인 불가)","","아니오","","가능","","성공","성공","미검증","아니오","고유","상의","001","반소매 티셔츠","001001","","","","","https://goods-detail.musinsa.com/api2/goods/6418260","[{""name"":""화이트S"",""items"":[{""name"":""총장"",""value"":67},{""name"":""어깨너비"",""value"":52},{""name"":""가슴단면"",""value"":55},{""name"":""소매길이"",""value"":23}]},{""name"":""화이트M"",""items"":[{""name"":""총장"",""value"":71},{""name"":""어깨너비"",""value"":54},{""name"":""가슴단면"",""value"":58},{""name"":""소매길이"",""value"":24}]},{""name"":""화이트L"",""items"":[{""name"":""총장"",""value"":74},{""name"":""어깨너비"",""value"":56},{""name"":""가슴단면"",""value"":61},{""name"":""소매길이"",""value"":25}]},{""name"":""블랙S"",""items"":[{""name"":""총장"",""value"":67},{""name"":""어깨너비"",""value"":52},{""name"":""가슴단면"",""value"":55},{""name"":""소매길이"",""value"":23}]},{""name"":""블랙M"",""items"":[{""name"":""총장"",""value"":71},{""name"":""어깨너비"",""value"":54},{""name"":""가슴단면"",""value"":58},{""name"":""소매길이"",""value"":24}]},{""name"":""블랙L"",""items"":[{""name"":""총장"",""value"":74},{""name"":""어깨너비"",""value"":56},{""name"":""가슴단면"",""value"":61},{""name"":""소매길이"",""value"":25}]}]"
"2026-07-23 22:56:19 KST","무신사","https://www.musinsa.com/products/6515855","6515855","레터프롬문","레터즈 라벨 홀터넥 탑 ( 올리브 )","여성","상의 / 민소매 티셔츠","상의","민소매 티셔츠","정상 판매·할인","API","FREE","1","총장|가슴단면|어깨너비","0","29","48","","","","","","","","","cm(응답 관행; 명시 확인 불가)","","아니오","","가능","","성공","성공","미검증","아니오","고유","상의","001","민소매 티셔츠","001011","","","","","https://goods-detail.musinsa.com/api2/goods/6515855","[{""name"":""FREE"",""items"":[{""name"":""총장"",""value"":48},{""name"":""가슴단면"",""value"":29},{""name"":""어깨너비"",""value"":0}]}]"
"2026-07-23 22:56:19 KST","무신사","https://www.musinsa.com/products/6453592","6453592","토피","[S-XXL] 슬림 크롭 헨리넥 하프 티셔츠 (BLUE)","남성","상의 / 반소매 티셔츠","상의","반소매 티셔츠","정상 판매·할인","API","S|M|L|XL|XXL","5","총장|어깨너비|가슴단면|소매길이","42","50.5","61","20","","","","","","","","cm(응답 관행; 명시 확인 불가)","","아니오","","가능","","성공","성공","미검증","아니오","고유","상의","001","반소매 티셔츠","001001","","","","","https://goods-detail.musinsa.com/api2/goods/6453592","[{""name"":""S"",""items"":[{""name"":""총장"",""value"":61},{""name"":""어깨너비"",""value"":42},{""name"":""가슴단면"",""value"":50.5},{""name"":""소매길이"",""value"":20}]},{""name"":""M"",""items"":[{""name"":""총장"",""value"":62.5},{""name"":""어깨너비"",""value"":43.5},{""name"":""가슴단면"",""value"":52},{""name"":""소매길이"",""value"":21}]},{""name"":""L"",""items"":[{""name"":""총장"",""value"":64},{""name"":""어깨너비"",""value"":45},{""name"":""가슴단면"",""value"":53.5},{""name"":""소매길이"",""value"":22}]},{""name"":""XL"",""items"":[{""name"":""총장"",""value"":65.5},{""name"":""어깨너비"",""value"":46.5},{""name"":""가슴단면"",""value"":55},{""name"":""소매길이"",""value"":23}]},{""name"":""XXL"",""items"":[{""name"":""총장"",""value"":67},{""name"":""어깨너비"",""value"":48},{""name"":""가슴단면"",""value"":56.5},{""name"":""소매길이"",""value"":24}]}]"
"2026-07-23 22:56:19 KST","무신사","https://www.musinsa.com/products/6687292","6687292","셋업이엑스이","LACE CROSS T-SHIRT / PINK","여성","상의 / 반소매 티셔츠","상의","반소매 티셔츠","정상 판매·할인","API","OS","1","총장|어깨너비|가슴단면|소매길이","34","38","54","11","","","","","","","","cm(응답 관행; 명시 확인 불가)","","아니오","","가능","","성공","성공","미검증","아니오","고유","상의","001","반소매 티셔츠","001001","","","","","https://goods-detail.musinsa.com/api2/goods/6687292","[{""name"":""OS"",""items"":[{""name"":""총장"",""value"":54},{""name"":""어깨너비"",""value"":34},{""name"":""가슴단면"",""value"":38},{""name"":""소매길이"",""value"":11}]}]"
"2026-07-23 22:56:19 KST","무신사","https://www.musinsa.com/products/6562698","6562698","스파오","[토이스토리] 반팔 티셔츠(Mix)_SPRLG37U27","라이프","상의 / 반소매 티셔츠","상의","반소매 티셔츠","정상 판매","API","S[090]|M[095]|L[100]|XL[105]","4","총장|어깨너비|가슴단면|소매길이","46.5","50.5","67","23.5","","","","","","","","cm(응답 관행; 명시 확인 불가)","","아니오","","가능","","성공","성공","미검증","아니오","고유","상의","001","반소매 티셔츠","001001","","","","","https://goods-detail.musinsa.com/api2/goods/6562698","[{""name"":""S[090]"",""items"":[{""name"":""총장"",""value"":67},{""name"":""어깨너비"",""value"":46.5},{""name"":""가슴단면"",""value"":50.5},{""name"":""소매길이"",""value"":23.5}]},{""name"":""M[095]"",""items"":[{""name"":""총장"",""value"":69},{""name"":""어깨너비"",""value"":48},{""name"":""가슴단면"",""value"":53},{""name"":""소매길이"",""value"":24.5}]},{""name"":""L[100]"",""items"":[{""name"":""총장"",""value"":71},{""name"":""어깨너비"",""value"":49.5},{""name"":""가슴단면"",""value"":55.5},{""name"":""소매길이"",""value"":25.5}]},{""name"":""XL[105]"",""items"":[{""name"":""총장"",""value"":73},{""name"":""어깨너비"",""value"":51},{""name"":""가슴단면"",""value"":58},{""name"":""소매길이"",""value"":26.5}]}]"
"2026-07-23 22:56:20 KST","무신사","https://www.musinsa.com/products/6689505","6689505","유라고","Vintage estival t-shirt_3colors","여성","상의 / 반소매 티셔츠","상의","반소매 티셔츠","정상 판매·할인","API","FREE","1","총장|어깨너비|가슴단면|소매길이","47","53.5","66","19","","","","","","","","cm(응답 관행; 명시 확인 불가)","","아니오","","가능","","성공","성공","미검증","아니오","고유","상의","001","반소매 티셔츠","001001","","","","","https://goods-detail.musinsa.com/api2/goods/6689505","[{""name"":""FREE"",""items"":[{""name"":""총장"",""value"":66},{""name"":""어깨너비"",""value"":47},{""name"":""가슴단면"",""value"":53.5},{""name"":""소매길이"",""value"":19}]}]"
"2026-07-23 22:56:20 KST","무신사","https://www.musinsa.com/products/6723404","6723404","앨빈클로","RIDE HARD 헨리넥 크롭핏 반팔티 AST3680 (2COLOR)","남성","상의 / 반소매 티셔츠","상의","반소매 티셔츠","정상 판매·할인","API","L|XL","2","총장|어깨너비|가슴단면|소매길이","52","56","62.5","18","","","","","","","","cm(응답 관행; 명시 확인 불가)","","아니오","","가능","","성공","성공","미검증","아니오","고유","상의","001","반소매 티셔츠","001001","","","","","https://goods-detail.musinsa.com/api2/goods/6723404","[{""name"":""L"",""items"":[{""name"":""총장"",""value"":62.5},{""name"":""어깨너비"",""value"":52},{""name"":""가슴단면"",""value"":56},{""name"":""소매길이"",""value"":18}]},{""name"":""XL"",""items"":[{""name"":""총장"",""value"":65},{""name"":""어깨너비"",""value"":54},{""name"":""가슴단면"",""value"":58},{""name"":""소매길이"",""value"":19}]}]"
"2026-07-23 22:56:20 KST","무신사","https://www.musinsa.com/products/6656624","6656624","밀로 아카이브","[Pokémon] 블랭크 티셔츠 [딥 차콜]","남성","상의 / 반소매 티셔츠","상의","반소매 티셔츠","정상 판매·할인","API","M|L|XL","3","총장|어깨너비|가슴단면|소매길이","53","60","67.5","21","","","","","","","","cm(응답 관행; 명시 확인 불가)","","아니오","","가능","","성공","성공","미검증","아니오","고유","상의","001","반소매 티셔츠","001001","","","","","https://goods-detail.musinsa.com/api2/goods/6656624","[{""name"":""M"",""items"":[{""name"":""총장"",""value"":67.5},{""name"":""어깨너비"",""value"":53},{""name"":""가슴단면"",""value"":60},{""name"":""소매길이"",""value"":21}]},{""name"":""L"",""items"":[{""name"":""총장"",""value"":69.5},{""name"":""어깨너비"",""value"":55.5},{""name"":""가슴단면"",""value"":62},{""name"":""소매길이"",""value"":22}]},{""name"":""XL"",""items"":[{""name"":""총장"",""value"":71.5},{""name"":""어깨너비"",""value"":58},{""name"":""가슴단면"",""value"":64},{""name"":""소매길이"",""value"":23}]}]"
"2026-07-23 22:56:21 KST","무신사","https://www.musinsa.com/products/3132891","3132891","트래블","리즌 트레일 피그먼트 반팔티 마젠타","남성|여성","상의 / 반소매 티셔츠","상의","반소매 티셔츠","정상 판매·할인","API","SMALL|MEDIUM|LARGE|EXTRA LARGE","4","총장|어깨너비|가슴단면|소매길이","50","52","68","21","","","","","","","","cm(응답 관행; 명시 확인 불가)","","아니오","","가능","","성공","성공","미검증","아니오","고유","상의","001","반소매 티셔츠","001001","","","","","https://goods-detail.musinsa.com/api2/goods/3132891","[{""name"":""SMALL"",""items"":[{""name"":""총장"",""value"":68},{""name"":""어깨너비"",""value"":50},{""name"":""가슴단면"",""value"":52},{""name"":""소매길이"",""value"":21}]},{""name"":""MEDIUM"",""items"":[{""name"":""총장"",""value"":71},{""name"":""어깨너비"",""value"":53},{""name"":""가슴단면"",""value"":56},{""name"":""소매길이"",""value"":23}]},{""name"":""LARGE"",""items"":[{""name"":""총장"",""value"":73},{""name"":""어깨너비"",""value"":55},{""name"":""가슴단면"",""value"":58.5},{""name"":""소매길이"",""value"":24}]},{""name"":""EXTRA LARGE"",""items"":[{""name"":""총장"",""value"":75},{""name"":""어깨너비"",""value"":57},{""name"":""가슴단면"",""value"":61},{""name"":""소매길이"",""value"":25}]}]"
"2026-07-23 22:56:21 KST","무신사","https://www.musinsa.com/products/6534177","6534177","플랫웨이브 인 서울","Ohai Pirnt Muscle Navy","남성","상의 / 민소매 티셔츠","상의","민소매 티셔츠","정상 판매·할인","API","S|M|L|XL","4","총장|가슴단면|어깨너비","36","50","66","","","","","","","","","cm(응답 관행; 명시 확인 불가)","","아니오","","가능","","성공","성공","미검증","아니오","고유","상의","001","민소매 티셔츠","001011","","","","","https://goods-detail.musinsa.com/api2/goods/6534177","[{""name"":""S"",""items"":[{""name"":""총장"",""value"":66},{""name"":""가슴단면"",""value"":50},{""name"":""어깨너비"",""value"":36}]},{""name"":""M"",""items"":[{""name"":""총장"",""value"":69},{""name"":""가슴단면"",""value"":52},{""name"":""어깨너비"",""value"":38}]},{""name"":""L"",""items"":[{""name"":""총장"",""value"":72},{""name"":""가슴단면"",""value"":54},{""name"":""어깨너비"",""value"":40}]},{""name"":""XL"",""items"":[{""name"":""총장"",""value"":75},{""name"":""가슴단면"",""value"":56},{""name"":""어깨너비"",""value"":42}]}]"
"2026-07-23 22:56:21 KST","무신사","https://www.musinsa.com/products/6778749","6778749","아메스 월드와이드","PPG HEART CHERRY TEE CHARCOAL","여성","상의 / 반소매 티셔츠","상의","반소매 티셔츠","정상 판매·할인","API","차콜 M|차콜 L","2","총장|어깨너비|가슴단면|소매길이","51","55.5","69.5","21","","","","","","","","cm(응답 관행; 명시 확인 불가)","","아니오","","가능","","성공","성공","미검증","아니오","고유","상의","001","반소매 티셔츠","001001","","","","","https://goods-detail.musinsa.com/api2/goods/6778749","[{""name"":""차콜 M"",""items"":[{""name"":""총장"",""value"":69.5},{""name"":""어깨너비"",""value"":51},{""name"":""가슴단면"",""value"":55.5},{""name"":""소매길이"",""value"":21}]},{""name"":""차콜 L"",""items"":[{""name"":""총장"",""value"":73.5},{""name"":""어깨너비"",""value"":55},{""name"":""가슴단면"",""value"":61},{""name"":""소매길이"",""value"":22.5}]}]"
"2026-07-23 22:56:21 KST","무신사","https://www.musinsa.com/products/4059353","4059353","데밀","LOT.052 프리덤 티셔츠 티크 브라운","남성","상의 / 반소매 티셔츠","상의","반소매 티셔츠","정상 판매·할인","API","1|2|3","3","총장|가슴단면|소매길이","","54.5","68","40","","","","","","","","cm(응답 관행; 명시 확인 불가)","","아니오","","가능","","성공","성공","미검증","아니오","고유","상의","001","반소매 티셔츠","001001","","","","","https://goods-detail.musinsa.com/api2/goods/4059353","[{""name"":""1"",""items"":[{""name"":""총장"",""value"":68},{""name"":""가슴단면"",""value"":54.5},{""name"":""소매길이"",""value"":40}]},{""name"":""2"",""items"":[{""name"":""총장"",""value"":70},{""name"":""가슴단면"",""value"":58.5},{""name"":""소매길이"",""value"":40.5}]},{""name"":""3"",""items"":[{""name"":""총장"",""value"":72},{""name"":""가슴단면"",""value"":60},{""name"":""소매길이"",""value"":41}]}]"
"2026-07-23 22:56:22 KST","무신사","https://www.musinsa.com/products/6666875","6666875","스파오","레이어드 셔링 반팔티 (RE)_SPRWG37G30","여성","상의 / 반소매 티셔츠","상의","반소매 티셔츠","정상 판매","API","S[085]|M[090]|L[095]","3","총장|어깨너비|가슴단면|소매길이","36","37","51","13","","","","","","","","cm(응답 관행; 명시 확인 불가)","","아니오","","가능","","성공","성공","미검증","아니오","고유","상의","001","반소매 티셔츠","001001","","","","","https://goods-detail.musinsa.com/api2/goods/6666875","[{""name"":""S[085]"",""items"":[{""name"":""총장"",""value"":51},{""name"":""어깨너비"",""value"":36},{""name"":""가슴단면"",""value"":37},{""name"":""소매길이"",""value"":13}]},{""name"":""M[090]"",""items"":[{""name"":""총장"",""value"":53},{""name"":""어깨너비"",""value"":37.5},{""name"":""가슴단면"",""value"":39.5},{""name"":""소매길이"",""value"":13.5}]},{""name"":""L[095]"",""items"":[{""name"":""총장"",""value"":55},{""name"":""어깨너비"",""value"":39},{""name"":""가슴단면"",""value"":42},{""name"":""소매길이"",""value"":14}]}]"
"2026-07-23 22:56:22 KST","무신사","https://www.musinsa.com/products/6761404","6761404","라이크더모스트","도트 듀얼스타 레귤러 반팔 티셔츠_7colors","여성","상의 / 반소매 티셔츠","상의","반소매 티셔츠","정상 판매·할인","API","S|M|L","3","총장|어깨너비|가슴단면|소매길이","36","45","59","20","","","","","","","","cm(응답 관행; 명시 확인 불가)","","아니오","","가능","","성공","성공","미검증","아니오","고유","상의","001","반소매 티셔츠","001001","","","","","https://goods-detail.musinsa.com/api2/goods/6761404","[{""name"":""S"",""items"":[{""name"":""총장"",""value"":59},{""name"":""어깨너비"",""value"":36},{""name"":""가슴단면"",""value"":45},{""name"":""소매길이"",""value"":20}]},{""name"":""M"",""items"":[{""name"":""총장"",""value"":62},{""name"":""어깨너비"",""value"":38},{""name"":""가슴단면"",""value"":48},{""name"":""소매길이"",""value"":21}]},{""name"":""L"",""items"":[{""name"":""총장"",""value"":64},{""name"":""어깨너비"",""value"":39.5},{""name"":""가슴단면"",""value"":50},{""name"":""소매길이"",""value"":22}]}]"
"2026-07-23 22:56:22 KST","무신사","https://www.musinsa.com/products/6789405","6789405","마스컴퍼니","26/27 Mascompany United Jersey","남성","상의 / 반소매 티셔츠","상의","반소매 티셔츠","정상 판매·할인","API","L|XL","2","총장|어깨너비|가슴단면|소매길이","45","54.75","77.5","0","","","","","","","","cm(응답 관행; 명시 확인 불가)","","아니오","","가능","","성공","성공","미검증","아니오","고유","상의","001","반소매 티셔츠","001001","","","","","https://goods-detail.musinsa.com/api2/goods/6789405","[{""name"":""L"",""items"":[{""name"":""총장"",""value"":77.5},{""name"":""어깨너비"",""value"":45},{""name"":""가슴단면"",""value"":54.75},{""name"":""소매길이"",""value"":0}]},{""name"":""XL"",""items"":[{""name"":""총장"",""value"":79.5},{""name"":""어깨너비"",""value"":46.5},{""name"":""가슴단면"",""value"":57.25},{""name"":""소매길이"",""value"":0}]}]"
"2026-07-23 22:56:22 KST","무신사","https://www.musinsa.com/products/6656593","6656593","밀로 아카이브","[Pokémon] 심볼 서클 롱 슬리브 [블랙]","남성","상의 / 긴소매 티셔츠","상의","긴소매 티셔츠","정상 판매·할인","API","M|L|XL","3","총장|어깨너비|가슴단면|소매길이","54.5","59.5","68","60.5","","","","","","","","cm(응답 관행; 명시 확인 불가)","","아니오","","가능","","성공","성공","미검증","아니오","고유","상의","001","긴소매 티셔츠","001010","","","","","https://goods-detail.musinsa.com/api2/goods/6656593","[{""name"":""M"",""items"":[{""name"":""총장"",""value"":68},{""name"":""어깨너비"",""value"":54.5},{""name"":""가슴단면"",""value"":59.5},{""name"":""소매길이"",""value"":60.5}]},{""name"":""L"",""items"":[{""name"":""총장"",""value"":70},{""name"":""어깨너비"",""value"":56.5},{""name"":""가슴단면"",""value"":62},{""name"":""소매길이"",""value"":61.5}]},{""name"":""XL"",""items"":[{""name"":""총장"",""value"":72},{""name"":""어깨너비"",""value"":58.5},{""name"":""가슴단면"",""value"":64.5},{""name"":""소매길이"",""value"":62.5}]}]"
"2026-07-23 22:56:23 KST","무신사","https://www.musinsa.com/products/6689485","6689485","유라고","Deep V long sleeve t-shirt_4colors","여성","상의 / 긴소매 티셔츠","상의","긴소매 티셔츠","정상 판매·할인","API","FREE","1","총장|어깨너비|가슴단면|소매길이","57","63","65","57","","","","","","","","cm(응답 관행; 명시 확인 불가)","","아니오","","가능","","성공","성공","미검증","아니오","고유","상의","001","긴소매 티셔츠","001010","","","","","https://goods-detail.musinsa.com/api2/goods/6689485","[{""name"":""FREE"",""items"":[{""name"":""총장"",""value"":65},{""name"":""어깨너비"",""value"":57},{""name"":""가슴단면"",""value"":63},{""name"":""소매길이"",""value"":57}]}]"
"2026-07-23 22:56:23 KST","무신사","https://www.musinsa.com/products/6737107","6737107","도톤","SKETCH STAR T-SHIRTS (White)","여성","상의 / 반소매 티셔츠","상의","반소매 티셔츠","정상 판매·할인","API","S|M|L","3","총장|어깨너비|가슴단면|소매길이","42","46","65","20","","","","","","","","cm(응답 관행; 명시 확인 불가)","","아니오","","가능","","성공","성공","미검증","아니오","고유","상의","001","반소매 티셔츠","001001","","","","","https://goods-detail.musinsa.com/api2/goods/6737107","[{""name"":""S"",""items"":[{""name"":""총장"",""value"":65},{""name"":""어깨너비"",""value"":42},{""name"":""가슴단면"",""value"":46},{""name"":""소매길이"",""value"":20}]},{""name"":""M"",""items"":[{""name"":""총장"",""value"":71},{""name"":""어깨너비"",""value"":48},{""name"":""가슴단면"",""value"":52},{""name"":""소매길이"",""value"":20}]},{""name"":""L"",""items"":[{""name"":""총장"",""value"":75},{""name"":""어깨너비"",""value"":54},{""name"":""가슴단면"",""value"":58},{""name"":""소매길이"",""value"":21}]}]"
"2026-07-23 22:56:23 KST","무신사","https://www.musinsa.com/products/6590780","6590780","마인드브릿지","워셔블 헨리넥 반팔 니트 - 4color","남성","상의 / 니트/스웨터","상의","니트/스웨터","정상 판매·할인","API","095|100|105|110","4","총장|어깨너비|가슴단면|소매길이","48.5","54.5","66.5","23","","","","","","","","cm(응답 관행; 명시 확인 불가)","","아니오","","가능","","성공","성공","미검증","아니오","고유","상의","001","니트/스웨터","001006","","","","","https://goods-detail.musinsa.com/api2/goods/6590780","[{""name"":""095"",""items"":[{""name"":""총장"",""value"":66.5},{""name"":""어깨너비"",""value"":48.5},{""name"":""가슴단면"",""value"":54.5},{""name"":""소매길이"",""value"":23}]},{""name"":""100"",""items"":[{""name"":""총장"",""value"":68},{""name"":""어깨너비"",""value"":50},{""name"":""가슴단면"",""value"":57},{""name"":""소매길이"",""value"":24}]},{""name"":""105"",""items"":[{""name"":""총장"",""value"":69.5},{""name"":""어깨너비"",""value"":51.5},{""name"":""가슴단면"",""value"":59.5},{""name"":""소매길이"",""value"":25}]},{""name"":""110"",""items"":[{""name"":""총장"",""value"":71},{""name"":""어깨너비"",""value"":53},{""name"":""가슴단면"",""value"":63},{""name"":""소매길이"",""value"":26}]}]"
"2026-07-23 22:56:23 KST","무신사","https://www.musinsa.com/products/6709673","6709673","디파이클럽로버스","Flight 666 원 오프 숄더 보트넥 반팔 티셔츠 (민트)","여성","상의 / 반소매 티셔츠","상의","반소매 티셔츠","일부 사이즈 품절/재고 제한","API","NONE","1","총장|어깨너비|가슴단면|소매길이","51.5","51","65.5","21","","","","","","","","cm(응답 관행; 명시 확인 불가)","","아니오","","가능","","성공","성공","미검증","아니오","고유","상의","001","반소매 티셔츠","001001","","","","","https://goods-detail.musinsa.com/api2/goods/6709673","[{""name"":""NONE"",""items"":[{""name"":""총장"",""value"":65.5},{""name"":""어깨너비"",""value"":51.5},{""name"":""가슴단면"",""value"":51},{""name"":""소매길이"",""value"":21}]}]"
"2026-07-23 22:56:24 KST","무신사","https://www.musinsa.com/products/6745094","6745094","뉴발란스","NBNEG35613 / UNI FROZEN 픽토그램 반팔티 (NAVY)","남성","스포츠/레저 / 상의 / 반소매 티셔츠","상의","상의","정상 판매","없음","","0","","","","","","","","","","","","","cm(응답 관행; 명시 확인 불가)","","아니오","actual-size data null","제한/불가","치수 행 없음","성공","실패","미검증","아니오","고유","스포츠/레저","017","상의","017016","반소매 티셔츠","017016005","","","https://goods-detail.musinsa.com/api2/goods/6745094","[]"
"2026-07-23 22:56:24 KST","무신사","https://www.musinsa.com/products/6385445","6385445","페이지플린","셔링체크카라셔츠_P6BSH003M","여성","상의 / 셔츠/블라우스","상의","셔츠/블라우스","정상 판매·할인","API","FREE","1","총장|어깨너비|가슴단면|소매길이","38","44","52","15","","","","","","","","cm(응답 관행; 명시 확인 불가)","","아니오","","가능","","성공","성공","미검증","아니오","고유","상의","001","셔츠/블라우스","001002","","","","","https://goods-detail.musinsa.com/api2/goods/6385445","[{""name"":""FREE"",""items"":[{""name"":""총장"",""value"":52},{""name"":""어깨너비"",""value"":38},{""name"":""가슴단면"",""value"":44},{""name"":""소매길이"",""value"":15}]}]"
"2026-07-23 22:56:24 KST","무신사","https://www.musinsa.com/products/6408788","6408788","제너럴아이디어","스냅 헨리넥 티셔츠 [KHAKI] / GF2LTS528","여성","상의 / 반소매 티셔츠","상의","반소매 티셔츠","정상 판매·할인","API","S|M|L|XL","4","총장|가슴단면|소매길이","","39.5","47.5","18.5","","","","","","","","cm(응답 관행; 명시 확인 불가)","","아니오","","가능","","성공","성공","미검증","아니오","고유","상의","001","반소매 티셔츠","001001","","","","","https://goods-detail.musinsa.com/api2/goods/6408788","[{""name"":""S"",""items"":[{""name"":""총장"",""value"":47.5},{""name"":""가슴단면"",""value"":39.5},{""name"":""소매길이"",""value"":18.5}]},{""name"":""M"",""items"":[{""name"":""총장"",""value"":48.5},{""name"":""가슴단면"",""value"":41.5},{""name"":""소매길이"",""value"":19.5}]},{""name"":""L"",""items"":[{""name"":""총장"",""value"":49.5},{""name"":""가슴단면"",""value"":43.5},{""name"":""소매길이"",""value"":20.5}]},{""name"":""XL"",""items"":[{""name"":""총장"",""value"":50.5},{""name"":""가슴단면"",""value"":45.5},{""name"":""소매길이"",""value"":21.5}]}]"
"2026-07-23 22:56:24 KST","무신사","https://www.musinsa.com/products/6774915","6774915","로우클래식","UNIVERSAL WASHED OVERSIZED TEE_CHARCOAL BLACK [LC262TS86CB]","여성","상의 / 반소매 티셔츠","상의","반소매 티셔츠","정상 판매","API","S|M|L","3","총장|어깨너비|가슴단면|소매길이","49","56","68","25","","","","","","","","cm(응답 관행; 명시 확인 불가)","","아니오","","가능","","성공","성공","미검증","아니오","고유","상의","001","반소매 티셔츠","001001","","","","","https://goods-detail.musinsa.com/api2/goods/6774915","[{""name"":""S"",""items"":[{""name"":""총장"",""value"":68},{""name"":""어깨너비"",""value"":49},{""name"":""가슴단면"",""value"":56},{""name"":""소매길이"",""value"":25}]},{""name"":""M"",""items"":[{""name"":""총장"",""value"":69.5},{""name"":""어깨너비"",""value"":51},{""name"":""가슴단면"",""value"":58},{""name"":""소매길이"",""value"":26}]},{""name"":""L"",""items"":[{""name"":""총장"",""value"":71},{""name"":""어깨너비"",""value"":53},{""name"":""가슴단면"",""value"":60},{""name"":""소매길이"",""value"":27}]}]"
"2026-07-23 22:56:25 KST","무신사","https://www.musinsa.com/products/6693866","6693866","데이","피그먼트 세미 크롭 라운드 반팔 티셔츠_CHARCOAL","남성","상의 / 반소매 티셔츠","상의","반소매 티셔츠","정상 판매·할인","API","M|L|XL","3","총장|어깨너비|가슴단면|소매길이","47","56","63","20","","","","","","","","cm(응답 관행; 명시 확인 불가)","","아니오","","가능","","성공","성공","미검증","아니오","고유","상의","001","반소매 티셔츠","001001","","","","","https://goods-detail.musinsa.com/api2/goods/6693866","[{""name"":""M"",""items"":[{""name"":""총장"",""value"":63},{""name"":""어깨너비"",""value"":47},{""name"":""가슴단면"",""value"":56},{""name"":""소매길이"",""value"":20}]},{""name"":""L"",""items"":[{""name"":""총장"",""value"":65},{""name"":""어깨너비"",""value"":49},{""name"":""가슴단면"",""value"":58},{""name"":""소매길이"",""value"":21}]},{""name"":""XL"",""items"":[{""name"":""총장"",""value"":67},{""name"":""어깨너비"",""value"":51},{""name"":""가슴단면"",""value"":60},{""name"":""소매길이"",""value"":22}]}]"
"2026-07-23 22:56:25 KST","무신사","https://www.musinsa.com/products/4093932","4093932","르아브","모먼트 워시드 하프셔츠(4COL)","남성","상의 / 셔츠/블라우스","상의","셔츠/블라우스","정상 판매·할인","API","S|M|L","3","총장|어깨너비|가슴단면|소매길이","54","55","70","23","","","","","","","","cm(응답 관행; 명시 확인 불가)","","아니오","","가능","","성공","성공","미검증","아니오","고유","상의","001","셔츠/블라우스","001002","","","","","https://goods-detail.musinsa.com/api2/goods/4093932","[{""name"":""S"",""items"":[{""name"":""총장"",""value"":70},{""name"":""어깨너비"",""value"":54},{""name"":""가슴단면"",""value"":55},{""name"":""소매길이"",""value"":23}]},{""name"":""M"",""items"":[{""name"":""총장"",""value"":72},{""name"":""어깨너비"",""value"":55.5},{""name"":""가슴단면"",""value"":57.5},{""name"":""소매길이"",""value"":24}]},{""name"":""L"",""items"":[{""name"":""총장"",""value"":74},{""name"":""어깨너비"",""value"":57},{""name"":""가슴단면"",""value"":60},{""name"":""소매길이"",""value"":25}]}]"
"2026-07-23 22:56:25 KST","무신사","https://www.musinsa.com/products/6704378","6704378","길단","Gildan X 디자인컬렉션 세미 크롭티셔츠 모음전","남성","상의 / 반소매 티셔츠","상의","반소매 티셔츠","정상 판매·할인","API","S|M|L|XL","4","총장|어깨너비|가슴단면|소매길이","41","45.7","60","17.8","","","","","","","","cm(응답 관행; 명시 확인 불가)","","아니오","","가능","","성공","성공","미검증","아니오","고유","상의","001","반소매 티셔츠","001001","","","","","https://goods-detail.musinsa.com/api2/goods/6704378","[{""name"":""S"",""items"":[{""name"":""총장"",""value"":60},{""name"":""어깨너비"",""value"":41},{""name"":""가슴단면"",""value"":45.7},{""name"":""소매길이"",""value"":17.8}]},{""name"":""M"",""items"":[{""name"":""총장"",""value"":63},{""name"":""어깨너비"",""value"":46},{""name"":""가슴단면"",""value"":50.8},{""name"":""소매길이"",""value"":19.1}]},{""name"":""L"",""items"":[{""name"":""총장"",""value"":66},{""name"":""어깨너비"",""value"":51},{""name"":""가슴단면"",""value"":55.9},{""name"":""소매길이"",""value"":20.3}]},{""name"":""XL"",""items"":[{""name"":""총장"",""value"":69},{""name"":""어깨너비"",""value"":56},{""name"":""가슴단면"",""value"":61},{""name"":""소매길이"",""value"":0}]}]"
"2026-07-23 22:56:25 KST","무신사","https://www.musinsa.com/products/6755261","6755261","에잇세컨즈","레이스 트리밍 저지탑 그레이","여성","상의 / 반소매 티셔츠","상의","반소매 티셔츠","정상 판매","없음","","0","","","","","","","","","","","","","cm(응답 관행; 명시 확인 불가)","","아니오","actual-size data null","제한/불가","치수 행 없음","성공","실패","미검증","아니오","고유","상의","001","반소매 티셔츠","001001","","","","","https://goods-detail.musinsa.com/api2/goods/6755261","[]"
"2026-07-23 22:56:26 KST","무신사","https://www.musinsa.com/products/6656633","6656633","밀로 아카이브","[Pokémon] 슬리핑 잠만보 티셔츠 [애쉬 그레이]","남성","상의 / 반소매 티셔츠","상의","반소매 티셔츠","정상 판매·할인","API","M|L|XL","3","총장|어깨너비|가슴단면|소매길이","56","62","70","23","","","","","","","","cm(응답 관행; 명시 확인 불가)","","아니오","","가능","","성공","성공","미검증","아니오","고유","상의","001","반소매 티셔츠","001001","","","","","https://goods-detail.musinsa.com/api2/goods/6656633","[{""name"":""M"",""items"":[{""name"":""총장"",""value"":70},{""name"":""어깨너비"",""value"":56},{""name"":""가슴단면"",""value"":62},{""name"":""소매길이"",""value"":23}]},{""name"":""L"",""items"":[{""name"":""총장"",""value"":72},{""name"":""어깨너비"",""value"":58},{""name"":""가슴단면"",""value"":64.5},{""name"":""소매길이"",""value"":24}]},{""name"":""XL"",""items"":[{""name"":""총장"",""value"":74},{""name"":""어깨너비"",""value"":60},{""name"":""가슴단면"",""value"":67},{""name"":""소매길이"",""value"":25}]}]"
"2026-07-23 22:56:26 KST","무신사","https://www.musinsa.com/products/4739114","4739114","데밀","LOT.051 튜뷸러 티셔츠 더 프레쉬 맨","남성","상의 / 반소매 티셔츠","상의","반소매 티셔츠","정상 판매·할인","API","1|2|3|4","4","총장|어깨너비|가슴단면|소매길이","45.5","53","71.5","22.5","","","","","","","","cm(응답 관행; 명시 확인 불가)","","아니오","","가능","","성공","성공","미검증","아니오","고유","상의","001","반소매 티셔츠","001001","","","","","https://goods-detail.musinsa.com/api2/goods/4739114","[{""name"":""1"",""items"":[{""name"":""총장"",""value"":71.5},{""name"":""어깨너비"",""value"":45.5},{""name"":""가슴단면"",""value"":53},{""name"":""소매길이"",""value"":22.5}]},{""name"":""2"",""items"":[{""name"":""총장"",""value"":73},{""name"":""어깨너비"",""value"":47.5},{""name"":""가슴단면"",""value"":56},{""name"":""소매길이"",""value"":24}]},{""name"":""3"",""items"":[{""name"":""총장"",""value"":74.5},{""name"":""어깨너비"",""value"":49.5},{""name"":""가슴단면"",""value"":59},{""name"":""소매길이"",""value"":25.5}]},{""name"":""4"",""items"":[{""name"":""총장"",""value"":76},{""name"":""어깨너비"",""value"":51.5},{""name"":""가슴단면"",""value"":62},{""name"":""소매길이"",""value"":27}]}]"
"2026-07-23 22:56:26 KST","무신사","https://www.musinsa.com/products/5897661","5897661","토피","멀티 스트라이프 셔츠 (SKY BLUE)","남성","상의 / 셔츠/블라우스","상의","셔츠/블라우스","정상 판매·할인","API","S|M|L|XL","4","총장|어깨너비|가슴단면|소매길이","49.5","59","70","56","","","","","","","","cm(응답 관행; 명시 확인 불가)","","아니오","","가능","","성공","성공","미검증","아니오","고유","상의","001","셔츠/블라우스","001002","","","","","https://goods-detail.musinsa.com/api2/goods/5897661","[{""name"":""S"",""items"":[{""name"":""총장"",""value"":70},{""name"":""어깨너비"",""value"":49.5},{""name"":""가슴단면"",""value"":59},{""name"":""소매길이"",""value"":56}]},{""name"":""M"",""items"":[{""name"":""총장"",""value"":72},{""name"":""어깨너비"",""value"":51.5},{""name"":""가슴단면"",""value"":61},{""name"":""소매길이"",""value"":58}]},{""name"":""L"",""items"":[{""name"":""총장"",""value"":74},{""name"":""어깨너비"",""value"":53.5},{""name"":""가슴단면"",""value"":63},{""name"":""소매길이"",""value"":60}]},{""name"":""XL"",""items"":[{""name"":""총장"",""value"":76},{""name"":""어깨너비"",""value"":55.5},{""name"":""가슴단면"",""value"":65},{""name"":""소매길이"",""value"":62}]}]"
"2026-07-23 22:56:26 KST","무신사","https://www.musinsa.com/products/6715231","6715231","글로니","GLOWNY X MY MELODY BIG BOW BOXY TEE (WHITE)","여성","상의 / 반소매 티셔츠","상의","반소매 티셔츠","정상 판매","API","OS","1","총장|어깨너비|가슴단면|소매길이","53","60","69","20","","","","","","","","cm(응답 관행; 명시 확인 불가)","","아니오","","가능","","성공","성공","미검증","아니오","고유","상의","001","반소매 티셔츠","001001","","","","","https://goods-detail.musinsa.com/api2/goods/6715231","[{""name"":""OS"",""items"":[{""name"":""총장"",""value"":69},{""name"":""어깨너비"",""value"":53},{""name"":""가슴단면"",""value"":60},{""name"":""소매길이"",""value"":20}]}]"
"2026-07-23 22:56:27 KST","무신사","https://www.musinsa.com/products/6786576","6786576","일리오","[빛오 x 일리오] Pink-Brown lace layered cardigan set","여성","상의 / 기타 상의","상의","기타 상의","정상 판매","API","NONE","1","총장|가슴단면|어깨너비","19","36","58","","","","","","","","","cm(응답 관행; 명시 확인 불가)","","아니오","","가능","","성공","성공","미검증","아니오","고유","상의","001","기타 상의","001008","","","","","https://goods-detail.musinsa.com/api2/goods/6786576","[{""name"":""NONE"",""items"":[{""name"":""총장"",""value"":58},{""name"":""가슴단면"",""value"":36},{""name"":""어깨너비"",""value"":19}]}]"
"2026-07-23 22:56:27 KST","무신사","https://www.musinsa.com/products/5310167","5310167","지플리시","롤업 체크 셔츠 블랙","남성","상의 / 셔츠/블라우스","상의","셔츠/블라우스","정상 판매·할인","API","M|L|XL","3","총장|어깨너비|가슴단면|소매길이","53.5","61","75","61","","","","","","","","cm(응답 관행; 명시 확인 불가)","","아니오","","가능","","성공","성공","미검증","아니오","고유","상의","001","셔츠/블라우스","001002","","","","","https://goods-detail.musinsa.com/api2/goods/5310167","[{""name"":""M"",""items"":[{""name"":""총장"",""value"":75},{""name"":""어깨너비"",""value"":53.5},{""name"":""가슴단면"",""value"":61},{""name"":""소매길이"",""value"":61}]},{""name"":""L"",""items"":[{""name"":""총장"",""value"":76},{""name"":""어깨너비"",""value"":55},{""name"":""가슴단면"",""value"":63.5},{""name"":""소매길이"",""value"":62}]},{""name"":""XL"",""items"":[{""name"":""총장"",""value"":77},{""name"":""어깨너비"",""value"":56},{""name"":""가슴단면"",""value"":66},{""name"":""소매길이"",""value"":63}]}]"
"2026-07-23 22:56:27 KST","무신사","https://www.musinsa.com/products/6656596","6656596","밀로 아카이브","[Pokémon] 리피트 팬텀 롱 슬리브 [블랙]","남성","상의 / 긴소매 티셔츠","상의","긴소매 티셔츠","정상 판매·할인","API","M|L|XL","3","총장|어깨너비|가슴단면|소매길이","54.5","59.5","68","60.5","","","","","","","","cm(응답 관행; 명시 확인 불가)","","아니오","","가능","","성공","성공","미검증","아니오","고유","상의","001","긴소매 티셔츠","001010","","","","","https://goods-detail.musinsa.com/api2/goods/6656596","[{""name"":""M"",""items"":[{""name"":""총장"",""value"":68},{""name"":""어깨너비"",""value"":54.5},{""name"":""가슴단면"",""value"":59.5},{""name"":""소매길이"",""value"":60.5}]},{""name"":""L"",""items"":[{""name"":""총장"",""value"":70},{""name"":""어깨너비"",""value"":56.5},{""name"":""가슴단면"",""value"":62},{""name"":""소매길이"",""value"":61.5}]},{""name"":""XL"",""items"":[{""name"":""총장"",""value"":72},{""name"":""어깨너비"",""value"":58.5},{""name"":""가슴단면"",""value"":64.5},{""name"":""소매길이"",""value"":62.5}]}]"
"2026-07-23 22:56:27 KST","무신사","https://www.musinsa.com/products/6609390","6609390","엘리메노","EL 갬블 래글런 라인 반팔티셔츠 5Color","남성","상의 / 반소매 티셔츠","상의","반소매 티셔츠","정상 판매·할인","API","5|6","2","총장|가슴단면|소매길이","","63","75","52.5","","","","","","","","cm(응답 관행; 명시 확인 불가)","","아니오","","가능","","성공","성공","미검증","아니오","고유","상의","001","반소매 티셔츠","001001","","","","","https://goods-detail.musinsa.com/api2/goods/6609390","[{""name"":""5"",""items"":[{""name"":""총장"",""value"":75},{""name"":""가슴단면"",""value"":63},{""name"":""소매길이"",""value"":52.5}]},{""name"":""6"",""items"":[{""name"":""총장"",""value"":77},{""name"":""가슴단면"",""value"":65},{""name"":""소매길이"",""value"":53.5}]}]"
"2026-07-23 22:56:28 KST","무신사","https://www.musinsa.com/products/6706361","6706361","제로시","(W) ZRS Symbol Applique Tee (MINT)","여성","상의 / 반소매 티셔츠","상의","반소매 티셔츠","정상 판매·할인","API","NONE","1","총장|어깨너비|가슴단면|소매길이","41","44","57.8","16.5","","","","","","","","cm(응답 관행; 명시 확인 불가)","","아니오","","가능","","성공","성공","미검증","아니오","고유","상의","001","반소매 티셔츠","001001","","","","","https://goods-detail.musinsa.com/api2/goods/6706361","[{""name"":""NONE"",""items"":[{""name"":""총장"",""value"":57.8},{""name"":""어깨너비"",""value"":41},{""name"":""가슴단면"",""value"":44},{""name"":""소매길이"",""value"":16.5}]}]"
"2026-07-23 22:56:28 KST","무신사","https://www.musinsa.com/products/6305662","6305662","비터셀즈","엘로디 하프 체크 셔츠-블루","여성","상의 / 셔츠/블라우스","상의","셔츠/블라우스","정상 판매·할인","API","1(S)|1.5(M)","2","총장|어깨너비|가슴단면|소매길이","37","44","53","16","","","","","","","","cm(응답 관행; 명시 확인 불가)","","아니오","","가능","","성공","성공","미검증","아니오","고유","상의","001","셔츠/블라우스","001002","","","","","https://goods-detail.musinsa.com/api2/goods/6305662","[{""name"":""1(S)"",""items"":[{""name"":""총장"",""value"":53},{""name"":""어깨너비"",""value"":37},{""name"":""가슴단면"",""value"":44},{""name"":""소매길이"",""value"":16}]},{""name"":""1.5(M)"",""items"":[{""name"":""총장"",""value"":54.5},{""name"":""어깨너비"",""value"":39},{""name"":""가슴단면"",""value"":45},{""name"":""소매길이"",""value"":17.5}]}]"
"2026-07-23 22:56:28 KST","무신사","https://www.musinsa.com/products/6768741","6768741","후아유","One-Shoulder T-shirt(F) / WHRPG3723F","여성","상의 / 반소매 티셔츠","상의","반소매 티셔츠","정상 판매·할인","API","S(085)|M(090)","2","총장|어깨너비|가슴단면|소매길이","50","46.5","41.4","12.5","","","","","","","","cm(응답 관행; 명시 확인 불가)","","아니오","","가능","","성공","성공","미검증","아니오","고유","상의","001","반소매 티셔츠","001001","","","","","https://goods-detail.musinsa.com/api2/goods/6768741","[{""name"":""S(085)"",""items"":[{""name"":""총장"",""value"":41.4},{""name"":""어깨너비"",""value"":50},{""name"":""가슴단면"",""value"":46.5},{""name"":""소매길이"",""value"":12.5}]},{""name"":""M(090)"",""items"":[{""name"":""총장"",""value"":42.9},{""name"":""어깨너비"",""value"":51.5},{""name"":""가슴단면"",""value"":49},{""name"":""소매길이"",""value"":13}]}]"
"2026-07-23 22:56:28 KST","무신사","https://www.musinsa.com/products/6200629","6200629","비터셀즈","에센셜 골지 하프 티-레몬","여성","상의 / 반소매 티셔츠","상의","반소매 티셔츠","정상 판매·할인","API","FREE","1","총장|어깨너비|가슴단면|소매길이","33","38.5","53","14.5","","","","","","","","cm(응답 관행; 명시 확인 불가)","","아니오","","가능","","성공","성공","미검증","아니오","고유","상의","001","반소매 티셔츠","001001","","","","","https://goods-detail.musinsa.com/api2/goods/6200629","[{""name"":""FREE"",""items"":[{""name"":""총장"",""value"":53},{""name"":""어깨너비"",""value"":33},{""name"":""가슴단면"",""value"":38.5},{""name"":""소매길이"",""value"":14.5}]}]"
"2026-07-23 22:56:29 KST","무신사","https://www.musinsa.com/products/4513309","4513309","가니","헤비 플리스 집업 후드 - 스카이 캡틴 / T4029683","여성","아우터 / 후드 집업","아우터","후드 집업","정상 판매·할인","API","S|M|L","3","총장|가슴단면|소매길이","","37","55","69","","","","","","","","cm(응답 관행; 명시 확인 불가)","","아니오","","가능","","성공","성공","미검증","아니오","고유","아우터","002","후드 집업","002022","","","","","https://goods-detail.musinsa.com/api2/goods/4513309","[{""name"":""S"",""items"":[{""name"":""총장"",""value"":55},{""name"":""가슴단면"",""value"":37},{""name"":""소매길이"",""value"":69}]},{""name"":""M"",""items"":[{""name"":""총장"",""value"":57},{""name"":""가슴단면"",""value"":40},{""name"":""소매길이"",""value"":73}]},{""name"":""L"",""items"":[{""name"":""총장"",""value"":59},{""name"":""가슴단면"",""value"":43},{""name"":""소매길이"",""value"":73}]}]"
"2026-07-23 22:56:30 KST","무신사","https://www.musinsa.com/products/6499914","6499914","지오다노","포인텔 가디건 326540 [4color]","여성","아우터 / 카디건","아우터","카디건","정상 판매·할인","없음","","0","","","","","","","","","","","","","cm(응답 관행; 명시 확인 불가)","","아니오","actual-size data null","제한/불가","치수 행 없음","성공","실패","미검증","아니오","고유","아우터","002","카디건","002020","","","","","https://goods-detail.musinsa.com/api2/goods/6499914","[]"
"2026-07-23 22:56:30 KST","무신사","https://www.musinsa.com/products/4336062","4336062","아디다스","파이어버드 니트 탑 - 블랙 / IY7278","여성","아우터 / 트레이닝 재킷","아우터","트레이닝 재킷","정상 판매·할인","API","2XS|XS|S|M|L|XL","6","총장|어깨너비|가슴단면|소매길이","35","45","49.5","55.5","","","","","","","","cm(응답 관행; 명시 확인 불가)","","아니오","","가능","","성공","성공","미검증","아니오","고유","아우터","002","트레이닝 재킷","002018","","","","","https://goods-detail.musinsa.com/api2/goods/4336062","[{""name"":""2XS"",""items"":[{""name"":""총장"",""value"":0},{""name"":""어깨너비"",""value"":0},{""name"":""가슴단면"",""value"":0},{""name"":""소매길이"",""value"":0}]},{""name"":""XS"",""items"":[{""name"":""총장"",""value"":49.5},{""name"":""어깨너비"",""value"":35},{""name"":""가슴단면"",""value"":45},{""name"":""소매길이"",""value"":55.5}]},{""name"":""S"",""items"":[{""name"":""총장"",""value"":50},{""name"":""어깨너비"",""value"":37},{""name"":""가슴단면"",""value"":46},{""name"":""소매길이"",""value"":56}]},{""name"":""M"",""items"":[{""name"":""총장"",""value"":50.5},{""name"":""어깨너비"",""value"":37.5},{""name"":""가슴단면"",""value"":47},{""name"":""소매길이"",""value"":56.5}]},{""name"":""L"",""items"":[{""name"":""총장"",""value"":51},{""name"":""어깨너비"",""value"":39},{""name"":""가슴단면"",""value"":50},{""name"":""소매길이"",""value"":57}]},{""name"":""XL"",""items"":[{""name"":""총장"",""value"":51.5},{""name"":""어깨너비"",""value"":41},{""name"":""가슴단면"",""value"":53},{""name"":""소매길이"",""value"":59}]}]"
"2026-07-23 22:56:30 KST","무신사","https://www.musinsa.com/products/4652853","4652853","무신사 스탠다드","[시티 레저] 에어웨이트 시어 윈드브레이커 재킷 [클라우디 블루]","남성","아우터 / 나일론/코치 재킷","아우터","나일론/코치 재킷","정상 판매·할인","API","M|L|XL|2XL","4","총장|가슴단면|소매길이","","61.5","68","86.7","","","","","","","","cm(응답 관행; 명시 확인 불가)","","아니오","","가능","","성공","성공","미검증","아니오","고유","아우터","002","나일론/코치 재킷","002006","","","","","https://goods-detail.musinsa.com/api2/goods/4652853","[{""name"":""M"",""items"":[{""name"":""총장"",""value"":68},{""name"":""가슴단면"",""value"":61.5},{""name"":""소매길이"",""value"":86.7}]},{""name"":""L"",""items"":[{""name"":""총장"",""value"":70},{""name"":""가슴단면"",""value"":64},{""name"":""소매길이"",""value"":89}]},{""name"":""XL"",""items"":[{""name"":""총장"",""value"":72},{""name"":""가슴단면"",""value"":66.5},{""name"":""소매길이"",""value"":91.3}]},{""name"":""2XL"",""items"":[{""name"":""총장"",""value"":74},{""name"":""가슴단면"",""value"":69},{""name"":""소매길이"",""value"":93.6}]}]"
"2026-07-23 22:56:30 KST","무신사","https://www.musinsa.com/products/4719977","4719977","어반디타입","에어라이트 하이넥 윈드브레이커_크림","여성","아우터 / 나일론/코치 재킷","아우터","나일론/코치 재킷","정상 판매·할인","API","F","1","총장|가슴단면|소매길이","","60","55","84","","","","","","","","cm(응답 관행; 명시 확인 불가)","","아니오","","가능","","성공","성공","미검증","아니오","고유","아우터","002","나일론/코치 재킷","002006","","","","","https://goods-detail.musinsa.com/api2/goods/4719977","[{""name"":""F"",""items"":[{""name"":""총장"",""value"":55},{""name"":""가슴단면"",""value"":60},{""name"":""소매길이"",""value"":84}]}]"
"2026-07-23 22:56:31 KST","무신사","https://www.musinsa.com/products/6319969","6319969","드헤베","Airy Raglan Cardigan [Sky Blue]","여성","아우터 / 카디건","아우터","카디건","정상 판매·할인","API","OS","1","총장|가슴단면|소매길이","","47","48","78","","","","","","","","cm(응답 관행; 명시 확인 불가)","","아니오","","가능","","성공","성공","미검증","아니오","고유","아우터","002","카디건","002020","","","","","https://goods-detail.musinsa.com/api2/goods/6319969","[{""name"":""OS"",""items"":[{""name"":""총장"",""value"":48},{""name"":""가슴단면"",""value"":47},{""name"":""소매길이"",""value"":78}]}]"
"2026-07-23 22:56:31 KST","무신사","https://www.musinsa.com/products/6695701","6695701","오도어","Molly V-neck hoodie - Loose ver.","여성","아우터 / 후드 집업","아우터","후드 집업","정상 판매·할인","API","LOOSE","1","총장|가슴단면|소매길이","","53.5","48.5","46","","","","","","","","cm(응답 관행; 명시 확인 불가)","","아니오","","가능","","성공","성공","미검증","아니오","고유","아우터","002","후드 집업","002022","","","","","https://goods-detail.musinsa.com/api2/goods/6695701","[{""name"":""LOOSE"",""items"":[{""name"":""총장"",""value"":48.5},{""name"":""가슴단면"",""value"":53.5},{""name"":""소매길이"",""value"":46}]}]"
"2026-07-23 22:56:31 KST","무신사","https://www.musinsa.com/products/5104486","5104486","웬즈데이오아시스 포 우먼","썸머 시스루 니트 가디건_6COLOR(WC25-KN29)","여성","아우터 / 카디건","아우터","카디건","정상 판매·할인","API","OS","1","총장|어깨너비|가슴단면|소매길이","35","47","48","59.5","","","","","","","","cm(응답 관행; 명시 확인 불가)","","아니오","","가능","","성공","성공","미검증","아니오","고유","아우터","002","카디건","002020","","","","","https://goods-detail.musinsa.com/api2/goods/5104486","[{""name"":""OS"",""items"":[{""name"":""총장"",""value"":48},{""name"":""어깨너비"",""value"":35},{""name"":""가슴단면"",""value"":47},{""name"":""소매길이"",""value"":59.5}]}]"
"2026-07-23 22:56:31 KST","무신사","https://www.musinsa.com/products/6273570","6273570","로엠","올데이 린넨 긴팔 골지가디건 RMCKG25R98","여성","아우터 / 카디건","아우터","카디건","정상 판매·할인","API","S(090)|M(095)|L(100)","3","총장|어깨너비|가슴단면|소매길이","39","47","45","60","","","","","","","","cm(응답 관행; 명시 확인 불가)","","아니오","","가능","","성공","성공","미검증","아니오","고유","아우터","002","카디건","002020","","","","","https://goods-detail.musinsa.com/api2/goods/6273570","[{""name"":""S(090)"",""items"":[{""name"":""총장"",""value"":45},{""name"":""어깨너비"",""value"":39},{""name"":""가슴단면"",""value"":47},{""name"":""소매길이"",""value"":60}]},{""name"":""M(095)"",""items"":[{""name"":""총장"",""value"":47},{""name"":""어깨너비"",""value"":41},{""name"":""가슴단면"",""value"":50},{""name"":""소매길이"",""value"":61}]},{""name"":""L(100)"",""items"":[{""name"":""총장"",""value"":49},{""name"":""어깨너비"",""value"":43},{""name"":""가슴단면"",""value"":53},{""name"":""소매길이"",""value"":62}]}]"
"2026-07-23 22:56:32 KST","무신사","https://www.musinsa.com/products/6005543","6005543","디키즈","그리드 체크 라이트 윈드브레이커 Sky Blue","남성|여성","아우터 / 나일론/코치 재킷","아우터","나일론/코치 재킷","정상 판매·할인","API","S|M|L|XL","4","총장|어깨너비|가슴단면|소매길이","48","57","67","61","","","","","","","","cm(응답 관행; 명시 확인 불가)","","아니오","","가능","","성공","성공","미검증","아니오","고유","아우터","002","나일론/코치 재킷","002006","","","","","https://goods-detail.musinsa.com/api2/goods/6005543","[{""name"":""S"",""items"":[{""name"":""총장"",""value"":67},{""name"":""어깨너비"",""value"":48},{""name"":""가슴단면"",""value"":57},{""name"":""소매길이"",""value"":61}]},{""name"":""M"",""items"":[{""name"":""총장"",""value"":69},{""name"":""어깨너비"",""value"":51},{""name"":""가슴단면"",""value"":60},{""name"":""소매길이"",""value"":63}]},{""name"":""L"",""items"":[{""name"":""총장"",""value"":72},{""name"":""어깨너비"",""value"":54},{""name"":""가슴단면"",""value"":64},{""name"":""소매길이"",""value"":64}]},{""name"":""XL"",""items"":[{""name"":""총장"",""value"":74},{""name"":""어깨너비"",""value"":57},{""name"":""가슴단면"",""value"":67},{""name"":""소매길이"",""value"":66}]}]"
"2026-07-23 22:56:32 KST","무신사","https://www.musinsa.com/products/2398609","2398609","무신사 스탠다드 우먼","우먼즈 라이트웨이트 크롭 반팔 블레이저 [블랙]","여성","아우터 / 슈트/블레이저 재킷","아우터","슈트/블레이저 재킷","정상 판매·할인","API","XS|S|M|L","4","총장|어깨너비|가슴단면|소매길이","39.7","46.5","45.5","22.8","","","","","","","","cm(응답 관행; 명시 확인 불가)","","아니오","","가능","","성공","성공","미검증","아니오","고유","아우터","002","슈트/블레이저 재킷","002003","","","","","https://goods-detail.musinsa.com/api2/goods/2398609","[{""name"":""XS"",""items"":[{""name"":""총장"",""value"":45.5},{""name"":""어깨너비"",""value"":39.7},{""name"":""가슴단면"",""value"":46.5},{""name"":""소매길이"",""value"":22.8}]},{""name"":""S"",""items"":[{""name"":""총장"",""value"":46.5},{""name"":""어깨너비"",""value"":41},{""name"":""가슴단면"",""value"":49},{""name"":""소매길이"",""value"":23.5}]},{""name"":""M"",""items"":[{""name"":""총장"",""value"":47.5},{""name"":""어깨너비"",""value"":42.3},{""name"":""가슴단면"",""value"":51.5},{""name"":""소매길이"",""value"":24.2}]},{""name"":""L"",""items"":[{""name"":""총장"",""value"":48.5},{""name"":""어깨너비"",""value"":43.6},{""name"":""가슴단면"",""value"":54},{""name"":""소매길이"",""value"":24.9}]}]"
"2026-07-23 22:56:32 KST","무신사","https://www.musinsa.com/products/6127744","6127744","미쏘","[에센셜] 썸머 시스루 가디건_MIWCKG520T","여성","아우터 / 카디건","아우터","카디건","정상 판매","없음","","0","","","","","","","","","","","","","cm(응답 관행; 명시 확인 불가)","","아니오","actual-size data null","제한/불가","치수 행 없음","성공","실패","미검증","아니오","고유","아우터","002","카디건","002020","","","","","https://goods-detail.musinsa.com/api2/goods/6127744","[]"
"2026-07-23 22:56:32 KST","무신사","https://www.musinsa.com/products/6401861","6401861","커스텀어클락 우먼","린넨 시스루 골지 라운드 가디건 5 COLOR COWCD008","여성","아우터 / 카디건","아우터","카디건","정상 판매·할인","API","F","1","총장|어깨너비|가슴단면|소매길이","40","49","48","59","","","","","","","","cm(응답 관행; 명시 확인 불가)","","아니오","","가능","","성공","성공","미검증","아니오","고유","아우터","002","카디건","002020","","","","","https://goods-detail.musinsa.com/api2/goods/6401861","[{""name"":""F"",""items"":[{""name"":""총장"",""value"":48},{""name"":""어깨너비"",""value"":40},{""name"":""가슴단면"",""value"":49},{""name"":""소매길이"",""value"":59}]}]"
"2026-07-23 22:56:33 KST","무신사","https://www.musinsa.com/products/5980112","5980112","미치코런던 코시노","에센셜 라운드 니트 가디건 틸 블루","여성","아우터 / 카디건","아우터","카디건","정상 판매·할인","API","S|M","2","총장|어깨너비|가슴단면|소매길이","34.5","46","52.5","64.5","","","","","","","","cm(응답 관행; 명시 확인 불가)","","아니오","","가능","","성공","성공","미검증","아니오","고유","아우터","002","카디건","002020","","","","","https://goods-detail.musinsa.com/api2/goods/5980112","[{""name"":""S"",""items"":[{""name"":""총장"",""value"":52.5},{""name"":""어깨너비"",""value"":34.5},{""name"":""가슴단면"",""value"":46},{""name"":""소매길이"",""value"":64.5}]},{""name"":""M"",""items"":[{""name"":""총장"",""value"":54.5},{""name"":""어깨너비"",""value"":36},{""name"":""가슴단면"",""value"":48.5},{""name"":""소매길이"",""value"":66}]}]"
"2026-07-23 22:56:33 KST","무신사","https://www.musinsa.com/products/6480709","6480709","케이케이이이이","시그니처 시스루 바람막이","여성","아우터 / 나일론/코치 재킷","아우터","나일론/코치 재킷","정상 판매·할인","API","FREE","1","총장|어깨너비|가슴단면|소매길이","48","58","65.5","62","","","","","","","","cm(응답 관행; 명시 확인 불가)","","아니오","","가능","","성공","성공","미검증","아니오","고유","아우터","002","나일론/코치 재킷","002006","","","","","https://goods-detail.musinsa.com/api2/goods/6480709","[{""name"":""FREE"",""items"":[{""name"":""총장"",""value"":65.5},{""name"":""어깨너비"",""value"":48},{""name"":""가슴단면"",""value"":58},{""name"":""소매길이"",""value"":62}]}]"
"2026-07-23 22:56:33 KST","무신사","https://www.musinsa.com/products/6026203","6026203","미쏘","V넥 변형 자켓_MIWJKG311C MIWJKG51QC","여성","아우터 / 슈트/블레이저 재킷","아우터","슈트/블레이저 재킷","정상 판매","없음","","0","","","","","","","","","","","","","cm(응답 관행; 명시 확인 불가)","","아니오","actual-size data null","제한/불가","치수 행 없음","성공","실패","미검증","아니오","고유","아우터","002","슈트/블레이저 재킷","002003","","","","","https://goods-detail.musinsa.com/api2/goods/6026203","[]"
"2026-07-23 22:56:33 KST","무신사","https://www.musinsa.com/products/4821229","4821229","씨피 컴퍼니","메트로폴리스 퍼텍스 오버셔츠 재킷 - 블랙 / 18CLOS020A110033A999","남성","아우터 / 기타 아우터","아우터","기타 아우터","일부 사이즈 품절/재고 제한","API","M|L|XL","3","총장|어깨너비|가슴단면|소매길이","49","56","69","64","","","","","","","","cm(응답 관행; 명시 확인 불가)","","아니오","","가능","","성공","성공","미검증","아니오","고유","아우터","002","기타 아우터","002015","","","","","https://goods-detail.musinsa.com/api2/goods/4821229","[{""name"":""M"",""items"":[{""name"":""총장"",""value"":69},{""name"":""어깨너비"",""value"":49},{""name"":""가슴단면"",""value"":56},{""name"":""소매길이"",""value"":64}]},{""name"":""L"",""items"":[{""name"":""총장"",""value"":71},{""name"":""어깨너비"",""value"":50},{""name"":""가슴단면"",""value"":59},{""name"":""소매길이"",""value"":65}]},{""name"":""XL"",""items"":[{""name"":""총장"",""value"":74},{""name"":""어깨너비"",""value"":51},{""name"":""가슴단면"",""value"":63},{""name"":""소매길이"",""value"":67}]}]"
"2026-07-23 22:56:34 KST","무신사","https://www.musinsa.com/products/6041618","6041618","마인드브릿지","후드 경량 세미 오버핏 바람막이 - 3color","남성","아우터 / 나일론/코치 재킷","아우터","나일론/코치 재킷","정상 판매·할인","API","095|100|105|110","4","총장|어깨너비|가슴단면|소매길이","54.4","60.5","66.5","58.5","","","","","","","","cm(응답 관행; 명시 확인 불가)","","아니오","","가능","","성공","성공","미검증","아니오","고유","아우터","002","나일론/코치 재킷","002006","","","","","https://goods-detail.musinsa.com/api2/goods/6041618","[{""name"":""095"",""items"":[{""name"":""총장"",""value"":66.5},{""name"":""어깨너비"",""value"":54.4},{""name"":""가슴단면"",""value"":60.5},{""name"":""소매길이"",""value"":58.5}]},{""name"":""100"",""items"":[{""name"":""총장"",""value"":68},{""name"":""어깨너비"",""value"":56},{""name"":""가슴단면"",""value"":63},{""name"":""소매길이"",""value"":60}]},{""name"":""105"",""items"":[{""name"":""총장"",""value"":69.5},{""name"":""어깨너비"",""value"":57.6},{""name"":""가슴단면"",""value"":65.5},{""name"":""소매길이"",""value"":61.5}]},{""name"":""110"",""items"":[{""name"":""총장"",""value"":70.5},{""name"":""어깨너비"",""value"":59.6},{""name"":""가슴단면"",""value"":69},{""name"":""소매길이"",""value"":62.5}]}]"
"2026-07-23 22:56:34 KST","무신사","https://www.musinsa.com/products/6284785","6284785","스파오","시어서커 체크 윈드브레이커_SPJJG37C03","남성|여성","아우터 / 기타 아우터","아우터","기타 아우터","정상 판매·할인","API","S[090]|M[095]|L[100]|XL[105]","4","총장|어깨너비|가슴단면|소매길이","51","60","66","58","","","","","","","","cm(응답 관행; 명시 확인 불가)","","아니오","","가능","","성공","성공","미검증","아니오","고유","아우터","002","기타 아우터","002015","","","","","https://goods-detail.musinsa.com/api2/goods/6284785","[{""name"":""S[090]"",""items"":[{""name"":""총장"",""value"":66},{""name"":""어깨너비"",""value"":51},{""name"":""가슴단면"",""value"":60},{""name"":""소매길이"",""value"":58}]},{""name"":""M[095]"",""items"":[{""name"":""총장"",""value"":68},{""name"":""어깨너비"",""value"":52.5},{""name"":""가슴단면"",""value"":62.5},{""name"":""소매길이"",""value"":59.5}]},{""name"":""L[100]"",""items"":[{""name"":""총장"",""value"":70},{""name"":""어깨너비"",""value"":54},{""name"":""가슴단면"",""value"":65},{""name"":""소매길이"",""value"":61}]},{""name"":""XL[105]"",""items"":[{""name"":""총장"",""value"":72},{""name"":""어깨너비"",""value"":53.5},{""name"":""가슴단면"",""value"":67.5},{""name"":""소매길이"",""value"":62.5}]}]"
"2026-07-23 22:56:34 KST","무신사","https://www.musinsa.com/products/2444810","2444810","무신사 스탠다드","[쿨탠다드] 릴렉스드 베이식 블레이저 [그레이]","남성","아우터 / 슈트/블레이저 재킷","아우터","슈트/블레이저 재킷","정상 판매·할인","API","M|L|XL|2XL","4","총장|어깨너비|가슴단면|소매길이","45.4","53","71","60.5","","","","","","","","cm(응답 관행; 명시 확인 불가)","","아니오","","가능","","성공","성공","미검증","아니오","고유","아우터","002","슈트/블레이저 재킷","002003","","","","","https://goods-detail.musinsa.com/api2/goods/2444810","[{""name"":""M"",""items"":[{""name"":""총장"",""value"":71},{""name"":""어깨너비"",""value"":45.4},{""name"":""가슴단면"",""value"":53},{""name"":""소매길이"",""value"":60.5}]},{""name"":""L"",""items"":[{""name"":""총장"",""value"":73},{""name"":""어깨너비"",""value"":47},{""name"":""가슴단면"",""value"":55.5},{""name"":""소매길이"",""value"":61.5}]},{""name"":""XL"",""items"":[{""name"":""총장"",""value"":75},{""name"":""어깨너비"",""value"":48.6},{""name"":""가슴단면"",""value"":58},{""name"":""소매길이"",""value"":62.5}]},{""name"":""2XL"",""items"":[{""name"":""총장"",""value"":77},{""name"":""어깨너비"",""value"":50.2},{""name"":""가슴단면"",""value"":60.5},{""name"":""소매길이"",""value"":63.5}]}]"
"2026-07-23 22:56:34 KST","무신사","https://www.musinsa.com/products/6721671","6721671","스파오","[우사하나] 크롭 후드 집업(Oatmeal Melange)_SPMZG37U06","남성","아우터 / 후드 집업","아우터","후드 집업","정상 판매","API","S[090]|M[095]|L[100]|XL[105]","4","총장|어깨너비|가슴단면|소매길이","60","58","52","51","","","","","","","","cm(응답 관행; 명시 확인 불가)","","아니오","","가능","","성공","성공","미검증","아니오","고유","아우터","002","후드 집업","002022","","","","","https://goods-detail.musinsa.com/api2/goods/6721671","[{""name"":""S[090]"",""items"":[{""name"":""총장"",""value"":52},{""name"":""어깨너비"",""value"":60},{""name"":""가슴단면"",""value"":58},{""name"":""소매길이"",""value"":51}]},{""name"":""M[095]"",""items"":[{""name"":""총장"",""value"":54},{""name"":""어깨너비"",""value"":61.5},{""name"":""가슴단면"",""value"":60.5},{""name"":""소매길이"",""value"":52}]},{""name"":""L[100]"",""items"":[{""name"":""총장"",""value"":56},{""name"":""어깨너비"",""value"":63},{""name"":""가슴단면"",""value"":63},{""name"":""소매길이"",""value"":53}]},{""name"":""XL[105]"",""items"":[{""name"":""총장"",""value"":58},{""name"":""어깨너비"",""value"":64.5},{""name"":""가슴단면"",""value"":65.5},{""name"":""소매길이"",""value"":54}]}]"
"2026-07-23 22:56:35 KST","무신사","https://www.musinsa.com/products/5992470","5992470","디스이즈네버댓","T-Light Jacket Grey","남성|여성","아우터 / 나일론/코치 재킷","아우터","나일론/코치 재킷","일부 사이즈 품절/재고 제한","API","S|M|L|XL","4","총장|어깨너비|가슴단면|소매길이","49","60","68","65","","","","","","","","cm(응답 관행; 명시 확인 불가)","","아니오","","가능","","성공","성공","미검증","아니오","고유","아우터","002","나일론/코치 재킷","002006","","","","","https://goods-detail.musinsa.com/api2/goods/5992470","[{""name"":""S"",""items"":[{""name"":""총장"",""value"":68},{""name"":""어깨너비"",""value"":49},{""name"":""가슴단면"",""value"":60},{""name"":""소매길이"",""value"":65}]},{""name"":""M"",""items"":[{""name"":""총장"",""value"":70},{""name"":""어깨너비"",""value"":51},{""name"":""가슴단면"",""value"":62.5},{""name"":""소매길이"",""value"":66.5}]},{""name"":""L"",""items"":[{""name"":""총장"",""value"":72},{""name"":""어깨너비"",""value"":53},{""name"":""가슴단면"",""value"":65},{""name"":""소매길이"",""value"":68}]},{""name"":""XL"",""items"":[{""name"":""총장"",""value"":74},{""name"":""어깨너비"",""value"":55},{""name"":""가슴단면"",""value"":67.5},{""name"":""소매길이"",""value"":69.5}]}]"
"2026-07-23 22:56:35 KST","무신사","https://www.musinsa.com/products/5990761","5990761","무신사 스탠다드","[시티 레저] 시어 윈드브레이커 재킷 [오렌지]","남성|여성","아우터 / 나일론/코치 재킷","아우터","나일론/코치 재킷","정상 판매·할인","API","S|M|L|XL|2XL","5","총장|가슴단면|소매길이","","59","67","85.4","","","","","","","","cm(응답 관행; 명시 확인 불가)","","아니오","","가능","","성공","성공","미검증","아니오","고유","아우터","002","나일론/코치 재킷","002006","","","","","https://goods-detail.musinsa.com/api2/goods/5990761","[{""name"":""S"",""items"":[{""name"":""총장"",""value"":67},{""name"":""가슴단면"",""value"":59},{""name"":""소매길이"",""value"":85.4}]},{""name"":""M"",""items"":[{""name"":""총장"",""value"":68.5},{""name"":""가슴단면"",""value"":61.5},{""name"":""소매길이"",""value"":87.2}]},{""name"":""L"",""items"":[{""name"":""총장"",""value"":70},{""name"":""가슴단면"",""value"":64},{""name"":""소매길이"",""value"":89}]},{""name"":""XL"",""items"":[{""name"":""총장"",""value"":71.5},{""name"":""가슴단면"",""value"":66.5},{""name"":""소매길이"",""value"":90.8}]},{""name"":""2XL"",""items"":[{""name"":""총장"",""value"":72.5},{""name"":""가슴단면"",""value"":69},{""name"":""소매길이"",""value"":92.1}]}]"
"2026-07-23 22:56:35 KST","무신사","https://www.musinsa.com/products/6227070","6227070","커스텀어클락 우먼","[ITALY] 펀칭 브이넥 하프 가디건 10 COLOR COWCD005","여성","아우터 / 카디건","아우터","카디건","정상 판매·할인","API","F","1","총장|어깨너비|가슴단면|소매길이","32","36","48","19","","","","","","","","cm(응답 관행; 명시 확인 불가)","","아니오","","가능","","성공","성공","미검증","아니오","고유","아우터","002","카디건","002020","","","","","https://goods-detail.musinsa.com/api2/goods/6227070","[{""name"":""F"",""items"":[{""name"":""총장"",""value"":48},{""name"":""어깨너비"",""value"":32},{""name"":""가슴단면"",""value"":36},{""name"":""소매길이"",""value"":19}]}]"
"2026-07-23 22:56:35 KST","무신사","https://www.musinsa.com/products/5626716","5626716","무신사 스탠다드 우먼","우먼즈 리브드 슬림 후디드 저지 가디건 [블랙]","여성","아우터 / 카디건","아우터","카디건","정상 판매·할인","API","XS|S|M|L","4","총장|어깨너비|가슴단면|소매길이","33.9","36.5","46.3","63.3","","","","","","","","cm(응답 관행; 명시 확인 불가)","","아니오","","가능","","성공","성공","미검증","아니오","고유","아우터","002","카디건","002020","","","","","https://goods-detail.musinsa.com/api2/goods/5626716","[{""name"":""XS"",""items"":[{""name"":""총장"",""value"":46.3},{""name"":""어깨너비"",""value"":33.9},{""name"":""가슴단면"",""value"":36.5},{""name"":""소매길이"",""value"":63.3}]},{""name"":""S"",""items"":[{""name"":""총장"",""value"":48},{""name"":""어깨너비"",""value"":35.5},{""name"":""가슴단면"",""value"":39},{""name"":""소매길이"",""value"":64.3}]},{""name"":""M"",""items"":[{""name"":""총장"",""value"":49.7},{""name"":""어깨너비"",""value"":37.1},{""name"":""가슴단면"",""value"":41.5},{""name"":""소매길이"",""value"":65.3}]},{""name"":""L"",""items"":[{""name"":""총장"",""value"":51.4},{""name"":""어깨너비"",""value"":38.7},{""name"":""가슴단면"",""value"":44},{""name"":""소매길이"",""value"":66.3}]}]"
"2026-07-23 22:56:36 KST","무신사","https://www.musinsa.com/products/5973119","5973119","필루미네이트","(W) 워터컬러 시어 윈드브레이커-스카이블루","여성","아우터 / 나일론/코치 재킷","아우터","나일론/코치 재킷","정상 판매·할인","API","F","1","총장|가슴단면|소매길이","","55","55","84.5","","","","","","","","cm(응답 관행; 명시 확인 불가)","","아니오","","가능","","성공","성공","미검증","아니오","고유","아우터","002","나일론/코치 재킷","002006","","","","","https://goods-detail.musinsa.com/api2/goods/5973119","[{""name"":""F"",""items"":[{""name"":""총장"",""value"":55},{""name"":""가슴단면"",""value"":55},{""name"":""소매길이"",""value"":84.5}]}]"
"2026-07-23 22:56:36 KST","무신사","https://www.musinsa.com/products/5345115","5345115","랜덤오프","R:SIGNET OVER FIT 2-WAY ZIP-UP (4color)","여성","아우터 / 후드 집업","아우터","후드 집업","정상 판매·할인","API","S|M|L|XL","4","총장|어깨너비|가슴단면|소매길이","60","61","70","59","","","","","","","","cm(응답 관행; 명시 확인 불가)","","아니오","","가능","","성공","성공","미검증","아니오","고유","아우터","002","후드 집업","002022","","","","","https://goods-detail.musinsa.com/api2/goods/5345115","[{""name"":""S"",""items"":[{""name"":""총장"",""value"":70},{""name"":""어깨너비"",""value"":60},{""name"":""가슴단면"",""value"":61},{""name"":""소매길이"",""value"":59}]},{""name"":""M"",""items"":[{""name"":""총장"",""value"":72},{""name"":""어깨너비"",""value"":62},{""name"":""가슴단면"",""value"":63},{""name"":""소매길이"",""value"":60}]},{""name"":""L"",""items"":[{""name"":""총장"",""value"":74},{""name"":""어깨너비"",""value"":64},{""name"":""가슴단면"",""value"":65},{""name"":""소매길이"",""value"":61}]},{""name"":""XL"",""items"":[{""name"":""총장"",""value"":76},{""name"":""어깨너비"",""value"":66},{""name"":""가슴단면"",""value"":67},{""name"":""소매길이"",""value"":62}]}]"
"2026-07-23 22:56:36 KST","무신사","https://www.musinsa.com/products/3776694","3776694","어반디타입","에어라이트 래글런 윈드브레이커_블루","여성","아우터 / 나일론/코치 재킷","아우터","나일론/코치 재킷","정상 판매·할인","API","S|M|L","3","총장|가슴단면|소매길이","","60","65","73","","","","","","","","cm(응답 관행; 명시 확인 불가)","","아니오","","가능","","성공","성공","미검증","아니오","고유","아우터","002","나일론/코치 재킷","002006","","","","","https://goods-detail.musinsa.com/api2/goods/3776694","[{""name"":""S"",""items"":[{""name"":""총장"",""value"":65},{""name"":""가슴단면"",""value"":60},{""name"":""소매길이"",""value"":73}]},{""name"":""M"",""items"":[{""name"":""총장"",""value"":68},{""name"":""가슴단면"",""value"":63},{""name"":""소매길이"",""value"":77}]},{""name"":""L"",""items"":[{""name"":""총장"",""value"":71},{""name"":""가슴단면"",""value"":66},{""name"":""소매길이"",""value"":81}]}]"
"2026-07-23 22:56:37 KST","무신사","https://www.musinsa.com/products/4795032","4795032","후아유","Steve Packable Windbreaker / WHJJG3711U","남성|여성","아우터 / 나일론/코치 재킷","아우터","나일론/코치 재킷","정상 판매·할인","API","S_090|M_095|L_100|XL_105","4","총장|가슴단면|소매길이","","59.5","64.5","84.8","","","","","","","","cm(응답 관행; 명시 확인 불가)","","아니오","","가능","","성공","성공","미검증","아니오","고유","아우터","002","나일론/코치 재킷","002006","","","","","https://goods-detail.musinsa.com/api2/goods/4795032","[{""name"":""S_090"",""items"":[{""name"":""총장"",""value"":64.5},{""name"":""가슴단면"",""value"":59.5},{""name"":""소매길이"",""value"":84.8}]},{""name"":""M_095"",""items"":[{""name"":""총장"",""value"":66.5},{""name"":""가슴단면"",""value"":62},{""name"":""소매길이"",""value"":86.9}]},{""name"":""L_100"",""items"":[{""name"":""총장"",""value"":68.5},{""name"":""가슴단면"",""value"":64.5},{""name"":""소매길이"",""value"":89}]},{""name"":""XL_105"",""items"":[{""name"":""총장"",""value"":70.5},{""name"":""가슴단면"",""value"":67},{""name"":""소매길이"",""value"":91.1}]}]"
"2026-07-23 22:56:37 KST","무신사","https://www.musinsa.com/products/6593581","6593581","무신사 스탠다드 우먼","우먼즈 슬럽 리브드 탑 가디건 세트 [아이보리]","여성","아우터 / 카디건","아우터","카디건","정상 판매·할인","API","XS|S|M|L","4","총장|어깨너비|가슴단면|소매길이","33.4","36.5","45.3","60.5","","","","","","","","cm(응답 관행; 명시 확인 불가)","","아니오","","가능","","성공","성공","미검증","아니오","고유","아우터","002","카디건","002020","","","","","https://goods-detail.musinsa.com/api2/goods/6593581","[{""name"":""XS"",""items"":[{""name"":""총장"",""value"":45.3},{""name"":""어깨너비"",""value"":33.4},{""name"":""가슴단면"",""value"":36.5},{""name"":""소매길이"",""value"":60.5}]},{""name"":""S"",""items"":[{""name"":""총장"",""value"":47},{""name"":""어깨너비"",""value"":35},{""name"":""가슴단면"",""value"":39},{""name"":""소매길이"",""value"":61.5}]},{""name"":""M"",""items"":[{""name"":""총장"",""value"":48.7},{""name"":""어깨너비"",""value"":36.6},{""name"":""가슴단면"",""value"":41.5},{""name"":""소매길이"",""value"":62.5}]},{""name"":""L"",""items"":[{""name"":""총장"",""value"":50.4},{""name"":""어깨너비"",""value"":38.2},{""name"":""가슴단면"",""value"":44},{""name"":""소매길이"",""value"":63.5}]}]"
"2026-07-23 22:56:37 KST","무신사","https://www.musinsa.com/products/6794273","6794273","닉켈하우스","닉켈 동키 나그랑 후드집업","여성","아우터 / 후드 집업","아우터","후드 집업","정상 판매·할인","API","1|2","2","총장|가슴단면|소매길이","","68","62","75","","","","","","","","cm(응답 관행; 명시 확인 불가)","","아니오","","가능","","성공","성공","미검증","아니오","고유","아우터","002","후드 집업","002022","","","","","https://goods-detail.musinsa.com/api2/goods/6794273","[{""name"":""1"",""items"":[{""name"":""총장"",""value"":62},{""name"":""가슴단면"",""value"":68},{""name"":""소매길이"",""value"":75}]},{""name"":""2"",""items"":[{""name"":""총장"",""value"":66},{""name"":""가슴단면"",""value"":71},{""name"":""소매길이"",""value"":80}]}]"
"2026-07-23 22:56:37 KST","무신사","https://www.musinsa.com/products/1803462","1803462","무신사 스탠다드 우먼","우먼즈 베이식 블레이저 [블랙]","여성","아우터 / 슈트/블레이저 재킷","아우터","슈트/블레이저 재킷","정상 판매·할인","API","XS|S|M|L|XL","5","총장|어깨너비|가슴단면|소매길이","38.7","44.5","67","57.8","","","","","","","","cm(응답 관행; 명시 확인 불가)","","아니오","","가능","","성공","성공","미검증","아니오","고유","아우터","002","슈트/블레이저 재킷","002003","","","","","https://goods-detail.musinsa.com/api2/goods/1803462","[{""name"":""XS"",""items"":[{""name"":""총장"",""value"":67},{""name"":""어깨너비"",""value"":38.7},{""name"":""가슴단면"",""value"":44.5},{""name"":""소매길이"",""value"":57.8}]},{""name"":""S"",""items"":[{""name"":""총장"",""value"":68},{""name"":""어깨너비"",""value"":40},{""name"":""가슴단면"",""value"":47},{""name"":""소매길이"",""value"":58.5}]},{""name"":""M"",""items"":[{""name"":""총장"",""value"":69},{""name"":""어깨너비"",""value"":41.3},{""name"":""가슴단면"",""value"":49.5},{""name"":""소매길이"",""value"":59.2}]},{""name"":""L"",""items"":[{""name"":""총장"",""value"":70},{""name"":""어깨너비"",""value"":42.6},{""name"":""가슴단면"",""value"":52},{""name"":""소매길이"",""value"":59.9}]},{""name"":""XL"",""items"":[{""name"":""총장"",""value"":71},{""name"":""어깨너비"",""value"":44},{""name"":""가슴단면"",""value"":54.5},{""name"":""소매길이"",""value"":61}]}]"
"2026-07-23 22:56:38 KST","무신사","https://www.musinsa.com/products/6458651","6458651","제너럴아이디어","온도컷 쿨 에센셜 하프 가디건 [SAGE MINT] / GF2LKC541","여성","아우터 / 카디건","아우터","카디건","정상 판매·할인","API","S|M|L|XL","4","총장|어깨너비|가슴단면|소매길이","37","47.5","55","17.5","","","","","","","","cm(응답 관행; 명시 확인 불가)","","아니오","","가능","","성공","성공","미검증","아니오","고유","아우터","002","카디건","002020","","","","","https://goods-detail.musinsa.com/api2/goods/6458651","[{""name"":""S"",""items"":[{""name"":""총장"",""value"":55},{""name"":""어깨너비"",""value"":37},{""name"":""가슴단면"",""value"":47.5},{""name"":""소매길이"",""value"":17.5}]},{""name"":""M"",""items"":[{""name"":""총장"",""value"":57},{""name"":""어깨너비"",""value"":39},{""name"":""가슴단면"",""value"":49.5},{""name"":""소매길이"",""value"":18.5}]},{""name"":""L"",""items"":[{""name"":""총장"",""value"":59},{""name"":""어깨너비"",""value"":41},{""name"":""가슴단면"",""value"":51.5},{""name"":""소매길이"",""value"":19.5}]},{""name"":""XL"",""items"":[{""name"":""총장"",""value"":61},{""name"":""어깨너비"",""value"":43},{""name"":""가슴단면"",""value"":53.5},{""name"":""소매길이"",""value"":20.5}]}]"
"2026-07-23 22:56:38 KST","무신사","https://www.musinsa.com/products/6402661","6402661","비바셔스","링클 브이넥 크롭 가디건_2Colors","여성","아우터 / 카디건","아우터","카디건","정상 판매·할인","API","S|M","2","총장|어깨너비|가슴단면|소매길이","38","42","45","64.5","","","","","","","","cm(응답 관행; 명시 확인 불가)","","아니오","","가능","","성공","성공","미검증","아니오","고유","아우터","002","카디건","002020","","","","","https://goods-detail.musinsa.com/api2/goods/6402661","[{""name"":""S"",""items"":[{""name"":""총장"",""value"":45},{""name"":""어깨너비"",""value"":38},{""name"":""가슴단면"",""value"":42},{""name"":""소매길이"",""value"":64.5}]},{""name"":""M"",""items"":[{""name"":""총장"",""value"":47},{""name"":""어깨너비"",""value"":39.5},{""name"":""가슴단면"",""value"":44.5},{""name"":""소매길이"",""value"":65.5}]}]"
"2026-07-23 22:56:38 KST","무신사","https://www.musinsa.com/products/6806873","6806873","유에스 폴로 어신","코튼 블렌디드 후드집업_블랙","여성","아우터 / 후드 집업","아우터","후드 집업","정상 판매","API","90|95|100|105|110","5","총장|어깨너비|가슴단면|소매길이","44","51","60","60","","","","","","","","cm(응답 관행; 명시 확인 불가)","","아니오","","가능","","성공","성공","미검증","아니오","고유","아우터","002","후드 집업","002022","","","","","https://goods-detail.musinsa.com/api2/goods/6806873","[{""name"":""90"",""items"":[{""name"":""총장"",""value"":60},{""name"":""어깨너비"",""value"":44},{""name"":""가슴단면"",""value"":51},{""name"":""소매길이"",""value"":60}]},{""name"":""95"",""items"":[{""name"":""총장"",""value"":62},{""name"":""어깨너비"",""value"":45.5},{""name"":""가슴단면"",""value"":53.5},{""name"":""소매길이"",""value"":61}]},{""name"":""100"",""items"":[{""name"":""총장"",""value"":64},{""name"":""어깨너비"",""value"":47},{""name"":""가슴단면"",""value"":56},{""name"":""소매길이"",""value"":62}]},{""name"":""105"",""items"":[{""name"":""총장"",""value"":66},{""name"":""어깨너비"",""value"":48.5},{""name"":""가슴단면"",""value"":58.5},{""name"":""소매길이"",""value"":63}]},{""name"":""110"",""items"":[{""name"":""총장"",""value"":68},{""name"":""어깨너비"",""value"":50},{""name"":""가슴단면"",""value"":61},{""name"":""소매길이"",""value"":64}]}]"
"2026-07-23 22:56:38 KST","무신사","https://www.musinsa.com/products/4651436","4651436","무신사 스탠다드 우먼","우먼즈 리브드 슬림 스쿱 넥 저지 가디건 [멜란지 그레이]","여성","아우터 / 카디건","아우터","카디건","정상 판매·할인","API","XS|S|M|L","4","총장|어깨너비|가슴단면|소매길이","31.7","34.5","45","60.3","","","","","","","","cm(응답 관행; 명시 확인 불가)","","아니오","","가능","","성공","성공","미검증","아니오","고유","아우터","002","카디건","002020","","","","","https://goods-detail.musinsa.com/api2/goods/4651436","[{""name"":""XS"",""items"":[{""name"":""총장"",""value"":45},{""name"":""어깨너비"",""value"":31.7},{""name"":""가슴단면"",""value"":34.5},{""name"":""소매길이"",""value"":60.3}]},{""name"":""S"",""items"":[{""name"":""총장"",""value"":46},{""name"":""어깨너비"",""value"":33},{""name"":""가슴단면"",""value"":37},{""name"":""소매길이"",""value"":61}]},{""name"":""M"",""items"":[{""name"":""총장"",""value"":47},{""name"":""어깨너비"",""value"":34.3},{""name"":""가슴단면"",""value"":39.5},{""name"":""소매길이"",""value"":61.7}]},{""name"":""L"",""items"":[{""name"":""총장"",""value"":48},{""name"":""어깨너비"",""value"":35.6},{""name"":""가슴단면"",""value"":42},{""name"":""소매길이"",""value"":62.4}]}]"
"2026-07-23 22:56:39 KST","무신사","https://www.musinsa.com/products/6291325","6291325","트위","키린드 썸머 긴팔 가디건","여성","아우터 / 카디건","아우터","카디건","정상 판매·할인","API","FF","1","총장|어깨너비|가슴단면|소매길이","34.5","39","48","62","","","","","","","","cm(응답 관행; 명시 확인 불가)","","아니오","","가능","","성공","성공","미검증","아니오","고유","아우터","002","카디건","002020","","","","","https://goods-detail.musinsa.com/api2/goods/6291325","[{""name"":""FF"",""items"":[{""name"":""총장"",""value"":48},{""name"":""어깨너비"",""value"":34.5},{""name"":""가슴단면"",""value"":39},{""name"":""소매길이"",""value"":62}]}]"
"2026-07-23 22:56:39 KST","무신사","https://www.musinsa.com/products/5178636","5178636","노드유","골지 라운드 반팔 가디건 [블랙]","남성","아우터 / 카디건","아우터","카디건","정상 판매·할인","API","M|L","2","총장|어깨너비|가슴단면|소매길이","46","54","67","24","","","","","","","","cm(응답 관행; 명시 확인 불가)","","아니오","","가능","","성공","성공","미검증","아니오","고유","아우터","002","카디건","002020","","","","","https://goods-detail.musinsa.com/api2/goods/5178636","[{""name"":""M"",""items"":[{""name"":""총장"",""value"":67},{""name"":""어깨너비"",""value"":46},{""name"":""가슴단면"",""value"":54},{""name"":""소매길이"",""value"":24}]},{""name"":""L"",""items"":[{""name"":""총장"",""value"":69},{""name"":""어깨너비"",""value"":48},{""name"":""가슴단면"",""value"":56},{""name"":""소매길이"",""value"":25}]}]"
"2026-07-23 22:56:39 KST","무신사","https://www.musinsa.com/products/6127741","6127741","미쏘","[에센셜] 린넨 시스루 골지 가디건_MIWCKG510T MIWCKG74QT","여성","아우터 / 카디건","아우터","카디건","정상 판매·할인","없음","","0","","","","","","","","","","","","","cm(응답 관행; 명시 확인 불가)","","아니오","actual-size data null","제한/불가","치수 행 없음","성공","실패","미검증","아니오","고유","아우터","002","카디건","002020","","","","","https://goods-detail.musinsa.com/api2/goods/6127741","[]"
"2026-07-23 22:56:39 KST","무신사","https://www.musinsa.com/products/5097306","5097306","프레리","[셋업] 에어플로우 루즈핏 블레이저 셋업","남성","아우터 / 슈트/블레이저 재킷","아우터","슈트/블레이저 재킷","정상 판매·할인","API","S|M|L","3","총장|어깨너비|가슴단면|소매길이","48","54","75","63","","","","","","","","cm(응답 관행; 명시 확인 불가)","","아니오","","가능","","성공","성공","미검증","아니오","고유","아우터","002","슈트/블레이저 재킷","002003","","","","","https://goods-detail.musinsa.com/api2/goods/5097306","[{""name"":""S"",""items"":[{""name"":""총장"",""value"":75},{""name"":""어깨너비"",""value"":48},{""name"":""가슴단면"",""value"":54},{""name"":""소매길이"",""value"":63}]},{""name"":""M"",""items"":[{""name"":""총장"",""value"":77},{""name"":""어깨너비"",""value"":50},{""name"":""가슴단면"",""value"":56.5},{""name"":""소매길이"",""value"":65}]},{""name"":""L"",""items"":[{""name"":""총장"",""value"":79},{""name"":""어깨너비"",""value"":52},{""name"":""가슴단면"",""value"":59},{""name"":""소매길이"",""value"":67}]}]"
"2026-07-23 22:56:40 KST","무신사","https://www.musinsa.com/products/5329361","5329361","아디다스","후드 집업 - 그레이:블랙 / KC9317","남성|여성","아우터 / 후드 집업","아우터","후드 집업","정상 판매·할인","API","XXS|XS|S|M|L|XL|2XL|3XL|4XL","9","총장|어깨너비|가슴단면|소매길이","59","56","59","56","","","","","","","","cm(응답 관행; 명시 확인 불가)","","아니오","","가능","","성공","성공","미검증","아니오","고유","아우터","002","후드 집업","002022","","","","","https://goods-detail.musinsa.com/api2/goods/5329361","[{""name"":""XXS"",""items"":[{""name"":""총장"",""value"":59},{""name"":""어깨너비"",""value"":59},{""name"":""가슴단면"",""value"":56},{""name"":""소매길이"",""value"":56}]},{""name"":""XS"",""items"":[{""name"":""총장"",""value"":60},{""name"":""어깨너비"",""value"":60},{""name"":""가슴단면"",""value"":56},{""name"":""소매길이"",""value"":57}]},{""name"":""S"",""items"":[{""name"":""총장"",""value"":61.5},{""name"":""어깨너비"",""value"":60.5},{""name"":""가슴단면"",""value"":58.5},{""name"":""소매길이"",""value"":57.5}]},{""name"":""M"",""items"":[{""name"":""총장"",""value"":62},{""name"":""어깨너비"",""value"":62},{""name"":""가슴단면"",""value"":60.5},{""name"":""소매길이"",""value"":58}]},{""name"":""L"",""items"":[{""name"":""총장"",""value"":64},{""name"":""어깨너비"",""value"":64},{""name"":""가슴단면"",""value"":62.5},{""name"":""소매길이"",""value"":58.5}]},{""name"":""XL"",""items"":[{""name"":""총장"",""value"":66},{""name"":""어깨너비"",""value"":65},{""name"":""가슴단면"",""value"":68},{""name"":""소매길이"",""value"":59}]},{""name"":""2XL"",""items"":[{""name"":""총장"",""value"":68},{""name"":""어깨너비"",""value"":65.5},{""name"":""가슴단면"",""value"":69},{""name"":""소매길이"",""value"":59.5}]},{""name"":""3XL"",""items"":[{""name"":""총장"",""value"":68},{""name"":""어깨너비"",""value"":66},{""name"":""가슴단면"",""value"":72.5},{""name"":""소매길이"",""value"":60}]},{""name"":""4XL"",""items"":[{""name"":""총장"",""value"":70},{""name"":""어깨너비"",""value"":67},{""name"":""가슴단면"",""value"":75.5},{""name"":""소매길이"",""value"":61}]}]"
"2026-07-23 22:56:40 KST","무신사","https://www.musinsa.com/products/6219777","6219777","노스페이스","NJ3BS07J 화이트라벨 아이스펄스 자켓 BLACK","남성","아우터 / 나일론/코치 재킷","아우터","나일론/코치 재킷","일부 사이즈 품절/재고 제한","없음","","0","","","","","","","","","","","","","cm(응답 관행; 명시 확인 불가)","","아니오","actual-size data null","제한/불가","치수 행 없음","성공","실패","미검증","아니오","고유","아우터","002","나일론/코치 재킷","002006","","","","","https://goods-detail.musinsa.com/api2/goods/6219777","[]"
"2026-07-23 22:56:40 KST","무신사","https://www.musinsa.com/products/6426535","6426535","크림소다랩","피그먼트 4선 트랙 크롭 반팔 집업 후드 그레이","여성","아우터 / 후드 집업","아우터","후드 집업","정상 판매·할인","API","1(S)|2(M)","2","총장|가슴단면|소매길이","","52","55","31","","","","","","","","cm(응답 관행; 명시 확인 불가)","","아니오","","가능","","성공","성공","미검증","아니오","고유","아우터","002","후드 집업","002022","","","","","https://goods-detail.musinsa.com/api2/goods/6426535","[{""name"":""1(S)"",""items"":[{""name"":""총장"",""value"":55},{""name"":""가슴단면"",""value"":52},{""name"":""소매길이"",""value"":31}]},{""name"":""2(M)"",""items"":[{""name"":""총장"",""value"":57},{""name"":""가슴단면"",""value"":54},{""name"":""소매길이"",""value"":35}]}]"
"2026-07-23 22:56:40 KST","무신사","https://www.musinsa.com/products/6048605","6048605","스파오","[UV차단] 라이트 체크 후드 윈드브레이커_SPJJG25G11","여성","아우터 / 트레이닝 재킷","아우터","트레이닝 재킷","정상 판매·할인","API","S[085]|M[090]|L[095]|XL[100]","4","총장|가슴단면|소매길이","","60","56","82","","","","","","","","cm(응답 관행; 명시 확인 불가)","","아니오","","가능","","성공","성공","미검증","아니오","고유","아우터","002","트레이닝 재킷","002018","","","","","https://goods-detail.musinsa.com/api2/goods/6048605","[{""name"":""S[085]"",""items"":[{""name"":""총장"",""value"":56},{""name"":""가슴단면"",""value"":60},{""name"":""소매길이"",""value"":82}]},{""name"":""M[090]"",""items"":[{""name"":""총장"",""value"":58},{""name"":""가슴단면"",""value"":62.5},{""name"":""소매길이"",""value"":83}]},{""name"":""L[095]"",""items"":[{""name"":""총장"",""value"":60},{""name"":""가슴단면"",""value"":65},{""name"":""소매길이"",""value"":84}]},{""name"":""XL[100]"",""items"":[{""name"":""총장"",""value"":62},{""name"":""가슴단면"",""value"":67.5},{""name"":""소매길이"",""value"":85}]}]"
"2026-07-23 22:56:41 KST","무신사","https://www.musinsa.com/products/3972476","3972476","르아브","카멜리아 라운드넥 니트가디건 핑크","남성","아우터 / 카디건","아우터","카디건","정상 판매·할인","API","M|L","2","총장|어깨너비|가슴단면|소매길이","55","58","66","60.5","","","","","","","","cm(응답 관행; 명시 확인 불가)","","아니오","","가능","","성공","성공","미검증","아니오","고유","아우터","002","카디건","002020","","","","","https://goods-detail.musinsa.com/api2/goods/3972476","[{""name"":""M"",""items"":[{""name"":""총장"",""value"":66},{""name"":""어깨너비"",""value"":55},{""name"":""가슴단면"",""value"":58},{""name"":""소매길이"",""value"":60.5}]},{""name"":""L"",""items"":[{""name"":""총장"",""value"":67.5},{""name"":""어깨너비"",""value"":57.5},{""name"":""가슴단면"",""value"":61.5},{""name"":""소매길이"",""value"":62.5}]}]"
"2026-07-23 22:56:41 KST","무신사","https://www.musinsa.com/products/5283519","5283519","바닐라니트","아이스 실키 브이넥 반팔 니트 가디건","여성","아우터 / 카디건","아우터","카디건","일부 사이즈 품절/재고 제한","API","FREE","1","총장|어깨너비|가슴단면|소매길이","0","47","53","28","","","","","","","","cm(응답 관행; 명시 확인 불가)","","아니오","","가능","","성공","성공","미검증","아니오","고유","아우터","002","카디건","002020","","","","","https://goods-detail.musinsa.com/api2/goods/5283519","[{""name"":""FREE"",""items"":[{""name"":""총장"",""value"":53},{""name"":""어깨너비"",""value"":0},{""name"":""가슴단면"",""value"":47},{""name"":""소매길이"",""value"":28}]}]"
"2026-07-23 22:56:41 KST","무신사","https://www.musinsa.com/products/6326050","6326050","효지","26 SS 워셔블 케이블 라운드 크롭 니트 가디건 (6컬러)","남성","아우터 / 카디건","아우터","카디건","정상 판매·할인","API","0. S|1. M|2. L|3. XL","4","총장|어깨너비|가슴단면|소매길이","44","56","61","23","","","","","","","","cm(응답 관행; 명시 확인 불가)","","아니오","","가능","","성공","성공","미검증","아니오","고유","아우터","002","카디건","002020","","","","","https://goods-detail.musinsa.com/api2/goods/6326050","[{""name"":""0. S"",""items"":[{""name"":""총장"",""value"":61},{""name"":""어깨너비"",""value"":44},{""name"":""가슴단면"",""value"":56},{""name"":""소매길이"",""value"":23}]},{""name"":""1. M"",""items"":[{""name"":""총장"",""value"":63},{""name"":""어깨너비"",""value"":46},{""name"":""가슴단면"",""value"":58},{""name"":""소매길이"",""value"":24}]},{""name"":""2. L"",""items"":[{""name"":""총장"",""value"":65},{""name"":""어깨너비"",""value"":48},{""name"":""가슴단면"",""value"":60},{""name"":""소매길이"",""value"":25}]},{""name"":""3. XL"",""items"":[{""name"":""총장"",""value"":67},{""name"":""어깨너비"",""value"":50},{""name"":""가슴단면"",""value"":62},{""name"":""소매길이"",""value"":26}]}]"
"2026-07-23 22:56:41 KST","무신사","https://www.musinsa.com/products/5695795","5695795","무신사 스탠다드 우먼","우먼즈 린넨 라이크 시어 저지 가디건 [블랙]","여성","아우터 / 카디건","아우터","카디건","정상 판매·할인","API","XS|S|M|L","4","총장|어깨너비|가슴단면|소매길이","36.4","38","43.3","62","","","","","","","","cm(응답 관행; 명시 확인 불가)","","아니오","","가능","","성공","성공","미검증","아니오","고유","아우터","002","카디건","002020","","","","","https://goods-detail.musinsa.com/api2/goods/5695795","[{""name"":""XS"",""items"":[{""name"":""총장"",""value"":43.3},{""name"":""어깨너비"",""value"":36.4},{""name"":""가슴단면"",""value"":38},{""name"":""소매길이"",""value"":62}]},{""name"":""S"",""items"":[{""name"":""총장"",""value"":45},{""name"":""어깨너비"",""value"":38},{""name"":""가슴단면"",""value"":40.5},{""name"":""소매길이"",""value"":63}]},{""name"":""M"",""items"":[{""name"":""총장"",""value"":46.7},{""name"":""어깨너비"",""value"":39.6},{""name"":""가슴단면"",""value"":43},{""name"":""소매길이"",""value"":64}]},{""name"":""L"",""items"":[{""name"":""총장"",""value"":48.4},{""name"":""어깨너비"",""value"":41.2},{""name"":""가슴단면"",""value"":45.5},{""name"":""소매길이"",""value"":65}]}]"
"2026-07-23 22:56:41 KST","무신사","https://www.musinsa.com/products/4619961","4619961","무신사 스탠다드 우먼","우먼즈 라운드 넥 트위드 크롭 반소매 재킷 [블랙]","여성","아우터 / 슈트/블레이저 재킷","아우터","슈트/블레이저 재킷","정상 판매·할인","API","XS|S|M|L","4","총장|어깨너비|가슴단면|소매길이","38.7","46","46","21.3","","","","","","","","cm(응답 관행; 명시 확인 불가)","","아니오","","가능","","성공","성공","미검증","아니오","고유","아우터","002","슈트/블레이저 재킷","002003","","","","","https://goods-detail.musinsa.com/api2/goods/4619961","[{""name"":""XS"",""items"":[{""name"":""총장"",""value"":46},{""name"":""어깨너비"",""value"":38.7},{""name"":""가슴단면"",""value"":46},{""name"":""소매길이"",""value"":21.3}]},{""name"":""S"",""items"":[{""name"":""총장"",""value"":47},{""name"":""어깨너비"",""value"":40},{""name"":""가슴단면"",""value"":48.5},{""name"":""소매길이"",""value"":22}]},{""name"":""M"",""items"":[{""name"":""총장"",""value"":48},{""name"":""어깨너비"",""value"":41.3},{""name"":""가슴단면"",""value"":51},{""name"":""소매길이"",""value"":22.7}]},{""name"":""L"",""items"":[{""name"":""총장"",""value"":49},{""name"":""어깨너비"",""value"":42.6},{""name"":""가슴단면"",""value"":53.5},{""name"":""소매길이"",""value"":23.4}]}]"
"2026-07-23 22:56:42 KST","무신사","https://www.musinsa.com/products/6670811","6670811","아크테릭스","솔라노 후디 남성 - BLACK / AJQSM09568","남성","스포츠/레저 / 아우터 / 나일론/코치 재킷","아우터","아우터","정상 판매·할인","API","S|M|L|XL","4","총장|어깨너비|가슴단면|소매길이","43.5","39","71","63","","","","","","","","cm(응답 관행; 명시 확인 불가)","","아니오","","가능","","성공","성공","미검증","아니오","고유","스포츠/레저","017","아우터","017018","나일론/코치 재킷","017018003","","","https://goods-detail.musinsa.com/api2/goods/6670811","[{""name"":""S"",""items"":[{""name"":""총장"",""value"":71},{""name"":""어깨너비"",""value"":43.5},{""name"":""가슴단면"",""value"":39},{""name"":""소매길이"",""value"":63}]},{""name"":""M"",""items"":[{""name"":""총장"",""value"":73.5},{""name"":""어깨너비"",""value"":47},{""name"":""가슴단면"",""value"":43},{""name"":""소매길이"",""value"":64}]},{""name"":""L"",""items"":[{""name"":""총장"",""value"":76},{""name"":""어깨너비"",""value"":50},{""name"":""가슴단면"",""value"":46},{""name"":""소매길이"",""value"":65.5}]},{""name"":""XL"",""items"":[{""name"":""총장"",""value"":78},{""name"":""어깨너비"",""value"":53},{""name"":""가슴단면"",""value"":48},{""name"":""소매길이"",""value"":66.3}]}]"
"2026-07-23 22:56:42 KST","무신사","https://www.musinsa.com/products/6401860","6401860","커스텀어클락 우먼","린넨 시스루 슬림 라운드 가디건 4 COLOR COWCD009","여성","아우터 / 카디건","아우터","카디건","정상 판매·할인","API","F","1","총장|어깨너비|가슴단면|소매길이","34","40","58","63","","","","","","","","cm(응답 관행; 명시 확인 불가)","","아니오","","가능","","성공","성공","미검증","아니오","고유","아우터","002","카디건","002020","","","","","https://goods-detail.musinsa.com/api2/goods/6401860","[{""name"":""F"",""items"":[{""name"":""총장"",""value"":58},{""name"":""어깨너비"",""value"":34},{""name"":""가슴단면"",""value"":40},{""name"":""소매길이"",""value"":63}]}]"
"2026-07-23 22:56:42 KST","무신사","https://www.musinsa.com/products/5479465","5479465","르아르","에센셜 후디드 라이트 패딩 자켓 (8color)","남성","아우터 / 경량 패딩/패딩 베스트 / 경량 패딩","아우터","경량 패딩/패딩 베스트","정상 판매·할인","API","S|M|L","3","총장|어깨너비|가슴단면|소매길이","43","53","65","62","","","","","","","","cm(응답 관행; 명시 확인 불가)","","아니오","","가능","","성공","성공","미검증","아니오","고유","아우터","002","경량 패딩/패딩 베스트","002027","경량 패딩","002027001","","","https://goods-detail.musinsa.com/api2/goods/5479465","[{""name"":""S"",""items"":[{""name"":""총장"",""value"":65},{""name"":""어깨너비"",""value"":43},{""name"":""가슴단면"",""value"":53},{""name"":""소매길이"",""value"":62}]},{""name"":""M"",""items"":[{""name"":""총장"",""value"":67},{""name"":""어깨너비"",""value"":50},{""name"":""가슴단면"",""value"":58},{""name"":""소매길이"",""value"":66}]},{""name"":""L"",""items"":[{""name"":""총장"",""value"":69},{""name"":""어깨너비"",""value"":53},{""name"":""가슴단면"",""value"":61},{""name"":""소매길이"",""value"":67.5}]}]"
"2026-07-23 22:56:43 KST","무신사","https://www.musinsa.com/products/6111537","6111537","에스티코","[여름셋업]Motion-Free 쿨터치 셋업 세트_그레이 (슬렌더핏)_SEJVB07SET","남성","아우터 / 슈트/블레이저 재킷","아우터","슈트/블레이저 재킷","정상 판매·할인","API","95|100|105|110","4","총장|어깨너비|가슴단면|소매길이","44.5","49.5","69","60.5","","","","","","","","cm(응답 관행; 명시 확인 불가)","","아니오","","가능","","성공","성공","미검증","아니오","고유","아우터","002","슈트/블레이저 재킷","002003","","","","","https://goods-detail.musinsa.com/api2/goods/6111537","[{""name"":""95"",""items"":[{""name"":""총장"",""value"":69},{""name"":""어깨너비"",""value"":44.5},{""name"":""가슴단면"",""value"":49.5},{""name"":""소매길이"",""value"":60.5}]},{""name"":""100"",""items"":[{""name"":""총장"",""value"":71},{""name"":""어깨너비"",""value"":45.5},{""name"":""가슴단면"",""value"":52},{""name"":""소매길이"",""value"":62}]},{""name"":""105"",""items"":[{""name"":""총장"",""value"":73},{""name"":""어깨너비"",""value"":46.5},{""name"":""가슴단면"",""value"":54.5},{""name"":""소매길이"",""value"":63.5}]},{""name"":""110"",""items"":[{""name"":""총장"",""value"":74},{""name"":""어깨너비"",""value"":47.5},{""name"":""가슴단면"",""value"":57},{""name"":""소매길이"",""value"":64.2}]}]"
"2026-07-23 22:56:43 KST","무신사","https://www.musinsa.com/products/4109246","4109246","플레이스 스튜디오","스트링 시어 레이스 투웨이 자수 바람막이 긴팔 점퍼 _2COLOR","여성","아우터 / 나일론/코치 재킷","아우터","나일론/코치 재킷","정상 판매·할인","API","FREE","1","총장|어깨너비|가슴단면|소매길이","0","61","56","71","","","","","","","","cm(응답 관행; 명시 확인 불가)","","아니오","","가능","","성공","성공","미검증","아니오","고유","아우터","002","나일론/코치 재킷","002006","","","","","https://goods-detail.musinsa.com/api2/goods/4109246","[{""name"":""FREE"",""items"":[{""name"":""총장"",""value"":56},{""name"":""어깨너비"",""value"":0},{""name"":""가슴단면"",""value"":61},{""name"":""소매길이"",""value"":71}]}]"
"2026-07-23 22:56:43 KST","무신사","https://www.musinsa.com/products/3790852","3790852","무신사 스탠다드 우먼","우먼즈 시어 후디드 윈드브레이커 재킷 [민트 그레이]","여성","아우터 / 나일론/코치 재킷","아우터","나일론/코치 재킷","정상 판매·할인","API","S|M|L","3","총장|어깨너비|가슴단면|소매길이","57","61","57","83","","","","","","","","cm(응답 관행; 명시 확인 불가)","","아니오","","가능","","성공","성공","미검증","아니오","고유","아우터","002","나일론/코치 재킷","002006","","","","","https://goods-detail.musinsa.com/api2/goods/3790852","[{""name"":""S"",""items"":[{""name"":""총장"",""value"":57},{""name"":""어깨너비"",""value"":57},{""name"":""가슴단면"",""value"":61},{""name"":""소매길이"",""value"":83}]},{""name"":""M"",""items"":[{""name"":""총장"",""value"":58},{""name"":""어깨너비"",""value"":58.3},{""name"":""가슴단면"",""value"":63.5},{""name"":""소매길이"",""value"":83.7}]},{""name"":""L"",""items"":[{""name"":""총장"",""value"":59},{""name"":""어깨너비"",""value"":59.6},{""name"":""가슴단면"",""value"":66},{""name"":""소매길이"",""value"":84.4}]}]"
"2026-07-23 22:56:43 KST","무신사","https://www.musinsa.com/products/6271693","6271693","리복","헤리티지 저지 트랙탑 - 블랙","남성|여성","아우터 / 트레이닝 재킷","아우터","트레이닝 재킷","정상 판매·할인","없음","","0","","","","","","","","","","","","","cm(응답 관행; 명시 확인 불가)","","아니오","actual-size data null","제한/불가","치수 행 없음","성공","실패","미검증","아니오","고유","아우터","002","트레이닝 재킷","002018","","","","","https://goods-detail.musinsa.com/api2/goods/6271693","[]"
"2026-07-23 22:56:44 KST","무신사","https://www.musinsa.com/products/6314223","6314223","씨타","Essential Linen Round Knit Cardigan_CTK231(16color)","여성","아우터 / 카디건","아우터","카디건","일부 사이즈 품절/재고 제한","API","Free","1","총장|어깨너비|가슴단면|소매길이","39","49","48.5","64","","","","","","","","cm(응답 관행; 명시 확인 불가)","","아니오","","가능","","성공","성공","미검증","아니오","고유","아우터","002","카디건","002020","","","","","https://goods-detail.musinsa.com/api2/goods/6314223","[{""name"":""Free"",""items"":[{""name"":""총장"",""value"":48.5},{""name"":""어깨너비"",""value"":39},{""name"":""가슴단면"",""value"":49},{""name"":""소매길이"",""value"":64}]}]"
"2026-07-23 22:56:44 KST","무신사","https://www.musinsa.com/products/1558197","1558197","무신사 스탠다드","릴렉스드 베이식 블레이저 [블랙]","남성","아우터 / 슈트/블레이저 재킷","아우터","슈트/블레이저 재킷","정상 판매·할인","API","M|L|XL|2XL","4","총장|어깨너비|가슴단면|소매길이","45.4","53","71","60","","","","","","","","cm(응답 관행; 명시 확인 불가)","","아니오","","가능","","성공","성공","미검증","아니오","고유","아우터","002","슈트/블레이저 재킷","002003","","","","","https://goods-detail.musinsa.com/api2/goods/1558197","[{""name"":""M"",""items"":[{""name"":""총장"",""value"":71},{""name"":""어깨너비"",""value"":45.4},{""name"":""가슴단면"",""value"":53},{""name"":""소매길이"",""value"":60}]},{""name"":""L"",""items"":[{""name"":""총장"",""value"":73},{""name"":""어깨너비"",""value"":47},{""name"":""가슴단면"",""value"":55.5},{""name"":""소매길이"",""value"":61.5}]},{""name"":""XL"",""items"":[{""name"":""총장"",""value"":75},{""name"":""어깨너비"",""value"":48.6},{""name"":""가슴단면"",""value"":58},{""name"":""소매길이"",""value"":63}]},{""name"":""2XL"",""items"":[{""name"":""총장"",""value"":77},{""name"":""어깨너비"",""value"":50.2},{""name"":""가슴단면"",""value"":60.5},{""name"":""소매길이"",""value"":64.5}]}]"
"2026-07-23 22:56:44 KST","무신사","https://www.musinsa.com/products/5894308","5894308","마인드브릿지 우먼","[W]후드 경량 덕 다운 패딩 점퍼 - 2color","여성","아우터 / 경량 패딩/패딩 베스트 / 경량 패딩","아우터","경량 패딩/패딩 베스트","정상 판매·할인","API","055|066","2","총장|어깨너비|가슴단면|소매길이","54","61","62","53","","","","","","","","cm(응답 관행; 명시 확인 불가)","","아니오","","가능","","성공","성공","미검증","아니오","고유","아우터","002","경량 패딩/패딩 베스트","002027","경량 패딩","002027001","","","https://goods-detail.musinsa.com/api2/goods/5894308","[{""name"":""055"",""items"":[{""name"":""총장"",""value"":62},{""name"":""어깨너비"",""value"":54},{""name"":""가슴단면"",""value"":61},{""name"":""소매길이"",""value"":53}]},{""name"":""066"",""items"":[{""name"":""총장"",""value"":62.6},{""name"":""어깨너비"",""value"":55},{""name"":""가슴단면"",""value"":63.5},{""name"":""소매길이"",""value"":53.6}]}]"
"2026-07-23 22:56:44 KST","무신사","https://www.musinsa.com/products/4800605","4800605","워크온바디오프","[여름/사계절] 시비코 세미 오버핏 싱글 셋업 수트 [그레이]","남성","아우터 / 슈트/블레이저 재킷","아우터","슈트/블레이저 재킷","정상 판매·할인","API","M|L|XL|2XL","4","총장|어깨너비|가슴단면|소매길이","47.5","54","71","63","","","","","","","","cm(응답 관행; 명시 확인 불가)","","아니오","","가능","","성공","성공","미검증","아니오","고유","아우터","002","슈트/블레이저 재킷","002003","","","","","https://goods-detail.musinsa.com/api2/goods/4800605","[{""name"":""M"",""items"":[{""name"":""총장"",""value"":71},{""name"":""어깨너비"",""value"":47.5},{""name"":""가슴단면"",""value"":54},{""name"":""소매길이"",""value"":63}]},{""name"":""L"",""items"":[{""name"":""총장"",""value"":73},{""name"":""어깨너비"",""value"":49},{""name"":""가슴단면"",""value"":56.5},{""name"":""소매길이"",""value"":64}]},{""name"":""XL"",""items"":[{""name"":""총장"",""value"":75},{""name"":""어깨너비"",""value"":50.5},{""name"":""가슴단면"",""value"":59},{""name"":""소매길이"",""value"":65}]},{""name"":""2XL"",""items"":[{""name"":""총장"",""value"":77},{""name"":""어깨너비"",""value"":52},{""name"":""가슴단면"",""value"":61.5},{""name"":""소매길이"",""value"":66}]}]"
"2026-07-23 22:56:45 KST","무신사","https://www.musinsa.com/products/6719352","6719352","토피","[여름 기획 원단] 커브드 배럴 데님 팬츠 (BLACK)","남성","바지 / 데님 팬츠","하의","데님 팬츠","정상 판매·할인","API","S|M|L|XL","4","총장|허리단면|엉덩이단면|허벅지단면|밑위|밑단단면","","","104","","37","54","34","32","","22","","cm(응답 관행; 명시 확인 불가)","","아니오","","가능","","성공","성공","미검증","아니오","고유","바지","003","데님 팬츠","003002","","","","","https://goods-detail.musinsa.com/api2/goods/6719352","[{""name"":""S"",""items"":[{""name"":""총장"",""value"":104},{""name"":""허리단면"",""value"":37},{""name"":""엉덩이단면"",""value"":54},{""name"":""허벅지단면"",""value"":34},{""name"":""밑위"",""value"":32},{""name"":""밑단단면"",""value"":22}]},{""name"":""M"",""items"":[{""name"":""총장"",""value"":106},{""name"":""허리단면"",""value"":39},{""name"":""엉덩이단면"",""value"":56},{""name"":""허벅지단면"",""value"":35},{""name"":""밑위"",""value"":33},{""name"":""밑단단면"",""value"":23}]},{""name"":""L"",""items"":[{""name"":""총장"",""value"":108},{""name"":""허리단면"",""value"":41},{""name"":""엉덩이단면"",""value"":58},{""name"":""허벅지단면"",""value"":36},{""name"":""밑위"",""value"":34},{""name"":""밑단단면"",""value"":24}]},{""name"":""XL"",""items"":[{""name"":""총장"",""value"":110},{""name"":""허리단면"",""value"":43},{""name"":""엉덩이단면"",""value"":60},{""name"":""허벅지단면"",""value"":37},{""name"":""밑위"",""value"":35},{""name"":""밑단단면"",""value"":25}]}]"
"2026-07-23 22:56:45 KST","무신사","https://www.musinsa.com/products/6724257","6724257","브랜디드","1755 SOFT WHITE JEANS [WIDE FLARE]","남성","바지 / 데님 팬츠","하의","데님 팬츠","정상 판매·할인","API","28|30|32|34","4","총장|허리단면|엉덩이단면|허벅지단면|밑위|밑단단면","","","108","","38","0","30","31","","28","","cm(응답 관행; 명시 확인 불가)","","아니오","","가능","","성공","성공","미검증","아니오","고유","바지","003","데님 팬츠","003002","","","","","https://goods-detail.musinsa.com/api2/goods/6724257","[{""name"":""28"",""items"":[{""name"":""총장"",""value"":108},{""name"":""허리단면"",""value"":38},{""name"":""엉덩이단면"",""value"":0},{""name"":""허벅지단면"",""value"":30},{""name"":""밑위"",""value"":31},{""name"":""밑단단면"",""value"":28}]},{""name"":""30"",""items"":[{""name"":""총장"",""value"":109},{""name"":""허리단면"",""value"":40},{""name"":""엉덩이단면"",""value"":0},{""name"":""허벅지단면"",""value"":31},{""name"":""밑위"",""value"":32},{""name"":""밑단단면"",""value"":29}]},{""name"":""32"",""items"":[{""name"":""총장"",""value"":110},{""name"":""허리단면"",""value"":42},{""name"":""엉덩이단면"",""value"":0},{""name"":""허벅지단면"",""value"":32},{""name"":""밑위"",""value"":33},{""name"":""밑단단면"",""value"":30}]},{""name"":""34"",""items"":[{""name"":""총장"",""value"":111},{""name"":""허리단면"",""value"":44},{""name"":""엉덩이단면"",""value"":0},{""name"":""허벅지단면"",""value"":33},{""name"":""밑위"",""value"":34},{""name"":""밑단단면"",""value"":31}]}]"
"2026-07-23 22:56:46 KST","무신사","https://www.musinsa.com/products/6609200","6609200","시그니처","썸머 와이드 커브드 린넨 라이크 팬츠[2COLORS]","남성|여성","바지 / 코튼 팬츠","하의","코튼 팬츠","정상 판매·할인","API","S|M|L|XL","4","총장|허리단면|엉덩이단면|허벅지단면|밑위|밑단단면","","","108","","37","55","35","30","","27","","cm(응답 관행; 명시 확인 불가)","","아니오","","가능","","성공","성공","미검증","아니오","고유","바지","003","코튼 팬츠","003007","","","","","https://goods-detail.musinsa.com/api2/goods/6609200","[{""name"":""S"",""items"":[{""name"":""총장"",""value"":108},{""name"":""허리단면"",""value"":37},{""name"":""엉덩이단면"",""value"":55},{""name"":""허벅지단면"",""value"":35},{""name"":""밑위"",""value"":30},{""name"":""밑단단면"",""value"":27}]},{""name"":""M"",""items"":[{""name"":""총장"",""value"":109},{""name"":""허리단면"",""value"":39},{""name"":""엉덩이단면"",""value"":58},{""name"":""허벅지단면"",""value"":37},{""name"":""밑위"",""value"":31},{""name"":""밑단단면"",""value"":28}]},{""name"":""L"",""items"":[{""name"":""총장"",""value"":110},{""name"":""허리단면"",""value"":42},{""name"":""엉덩이단면"",""value"":60},{""name"":""허벅지단면"",""value"":38},{""name"":""밑위"",""value"":32},{""name"":""밑단단면"",""value"":29}]},{""name"":""XL"",""items"":[{""name"":""총장"",""value"":111},{""name"":""허리단면"",""value"":44},{""name"":""엉덩이단면"",""value"":62},{""name"":""허벅지단면"",""value"":40},{""name"":""밑위"",""value"":33},{""name"":""밑단단면"",""value"":30}]}]"
"2026-07-23 22:56:46 KST","무신사","https://www.musinsa.com/products/2578996","2578996","시그니처","[여름원단추가]더블턱 와이드 슬랙스[블랙]","남성|여성","바지 / 슈트 팬츠/슬랙스","하의","슈트 팬츠/슬랙스","정상 판매·할인","API","4계절원단 S|4계절원단 M|4계절원단 L|4계절원단 XL|겨울원단S|겨울원단M|겨울원단L|겨울원단XL|여름원단 S|여름원단 M|여름원단 L|여름원단 XL","12","총장|허리단면|엉덩이단면|허벅지단면|밑위|밑단단면","","","108","","36","0","34","34.5","","25","","cm(응답 관행; 명시 확인 불가)","","아니오","","가능","","성공","성공","미검증","아니오","고유","바지","003","슈트 팬츠/슬랙스","003008","","","","","https://goods-detail.musinsa.com/api2/goods/2578996","[{""name"":""4계절원단 S"",""items"":[{""name"":""총장"",""value"":108},{""name"":""허리단면"",""value"":36},{""name"":""엉덩이단면"",""value"":0},{""name"":""허벅지단면"",""value"":34},{""name"":""밑위"",""value"":34.5},{""name"":""밑단단면"",""value"":25}]},{""name"":""4계절원단 M"",""items"":[{""name"":""총장"",""value"":109},{""name"":""허리단면"",""value"":38},{""name"":""엉덩이단면"",""value"":0},{""name"":""허벅지단면"",""value"":36},{""name"":""밑위"",""value"":35.5},{""name"":""밑단단면"",""value"":26}]},{""name"":""4계절원단 L"",""items"":[{""name"":""총장"",""value"":110},{""name"":""허리단면"",""value"":40},{""name"":""엉덩이단면"",""value"":0},{""name"":""허벅지단면"",""value"":38},{""name"":""밑위"",""value"":36.5},{""name"":""밑단단면"",""value"":27}]},{""name"":""4계절원단 XL"",""items"":[{""name"":""총장"",""value"":111},{""name"":""허리단면"",""value"":42},{""name"":""엉덩이단면"",""value"":0},{""name"":""허벅지단면"",""value"":40},{""name"":""밑위"",""value"":37.5},{""name"":""밑단단면"",""value"":28}]},{""name"":""겨울원단S"",""items"":[{""name"":""총장"",""value"":108},{""name"":""허리단면"",""value"":36},{""name"":""엉덩이단면"",""value"":0},{""name"":""허벅지단면"",""value"":34},{""name"":""밑위"",""value"":34.5},{""name"":""밑단단면"",""value"":25}]},{""name"":""겨울원단M"",""items"":[{""name"":""총장"",""value"":109},{""name"":""허리단면"",""value"":38},{""name"":""엉덩이단면"",""value"":0},{""name"":""허벅지단면"",""value"":36},{""name"":""밑위"",""value"":35.5},{""name"":""밑단단면"",""value"":26}]},{""name"":""겨울원단L"",""items"":[{""name"":""총장"",""value"":110},{""name"":""허리단면"",""value"":40},{""name"":""엉덩이단면"",""value"":0},{""name"":""허벅지단면"",""value"":38},{""name"":""밑위"",""value"":36.5},{""name"":""밑단단면"",""value"":27}]},{""name"":""겨울원단XL"",""items"":[{""name"":""총장"",""value"":111},{""name"":""허리단면"",""value"":42},{""name"":""엉덩이단면"",""value"":0},{""name"":""허벅지단면"",""value"":40},{""name"":""밑위"",""value"":37.5},{""name"":""밑단단면"",""value"":28}]},{""name"":""여름원단 S"",""items"":[{""name"":""총장"",""value"":108},{""name"":""허리단면"",""value"":36},{""name"":""엉덩이단면"",""value"":0},{""name"":""허벅지단면"",""value"":34},{""name"":""밑위"",""value"":34.5},{""name"":""밑단단면"",""value"":25}]},{""name"":""여름원단 M"",""items"":[{""name"":""총장"",""value"":109},{""name"":""허리단면"",""value"":38},{""name"":""엉덩이단면"",""value"":0},{""name"":""허벅지단면"",""value"":36},{""name"":""밑위"",""value"":35.5},{""name"":""밑단단면"",""value"":26}]},{""name"":""여름원단 L"",""items"":[{""name"":""총장"",""value"":110},{""name"":""허리단면"",""value"":40},{""name"":""엉덩이단면"",""value"":0},{""name"":""허벅지단면"",""value"":38},{""name"":""밑위"",""value"":36.5},{""name"":""밑단단면"",""value"":27}]},{""name"":""여름원단 XL"",""items"":[{""name"":""총장"",""value"":111},{""name"":""허리단면"",""value"":42},{""name"":""엉덩이단면"",""value"":0},{""name"":""허벅지단면"",""value"":40},{""name"":""밑위"",""value"":37.5},{""name"":""밑단단면"",""value"":28}]}]"
"2026-07-23 22:56:46 KST","무신사","https://www.musinsa.com/products/6829724","6829724","무드인사이드","워시드 레귤러 워크 팬츠_Blue","남성","바지 / 기타 하의","하의","기타 하의","정상 판매·할인","API","M|L|XL","3","총장|허리단면|엉덩이단면|허벅지단면|밑위|밑단단면","","","105.5","","39.5","0","34","28.5","","23","","cm(응답 관행; 명시 확인 불가)","","아니오","","가능","","성공","성공","미검증","아니오","고유","바지","003","기타 하의","003006","","","","","https://goods-detail.musinsa.com/api2/goods/6829724","[{""name"":""M"",""items"":[{""name"":""총장"",""value"":105.5},{""name"":""허리단면"",""value"":39.5},{""name"":""엉덩이단면"",""value"":0},{""name"":""허벅지단면"",""value"":34},{""name"":""밑위"",""value"":28.5},{""name"":""밑단단면"",""value"":23}]},{""name"":""L"",""items"":[{""name"":""총장"",""value"":107},{""name"":""허리단면"",""value"":41.5},{""name"":""엉덩이단면"",""value"":0},{""name"":""허벅지단면"",""value"":35},{""name"":""밑위"",""value"":29.5},{""name"":""밑단단면"",""value"":24}]},{""name"":""XL"",""items"":[{""name"":""총장"",""value"":108.5},{""name"":""허리단면"",""value"":43.5},{""name"":""엉덩이단면"",""value"":0},{""name"":""허벅지단면"",""value"":36},{""name"":""밑위"",""value"":30.5},{""name"":""밑단단면"",""value"":25}]}]"
"2026-07-23 22:56:46 KST","무신사","https://www.musinsa.com/products/6461382","6461382","토피","클래식 옥스포드 워크 팬츠 (BLACK)","남성","바지 / 코튼 팬츠","하의","코튼 팬츠","정상 판매·할인","API","S|M|L|XL","4","총장|허리단면|엉덩이단면|허벅지단면|밑위|밑단단면","","","102","","37","53","36","33","","23","","cm(응답 관행; 명시 확인 불가)","","아니오","","가능","","성공","성공","미검증","아니오","고유","바지","003","코튼 팬츠","003007","","","","","https://goods-detail.musinsa.com/api2/goods/6461382","[{""name"":""S"",""items"":[{""name"":""총장"",""value"":102},{""name"":""허리단면"",""value"":37},{""name"":""엉덩이단면"",""value"":53},{""name"":""허벅지단면"",""value"":36},{""name"":""밑위"",""value"":33},{""name"":""밑단단면"",""value"":23}]},{""name"":""M"",""items"":[{""name"":""총장"",""value"":104},{""name"":""허리단면"",""value"":39},{""name"":""엉덩이단면"",""value"":55},{""name"":""허벅지단면"",""value"":37},{""name"":""밑위"",""value"":34},{""name"":""밑단단면"",""value"":24}]},{""name"":""L"",""items"":[{""name"":""총장"",""value"":106},{""name"":""허리단면"",""value"":41},{""name"":""엉덩이단면"",""value"":57},{""name"":""허벅지단면"",""value"":38},{""name"":""밑위"",""value"":35},{""name"":""밑단단면"",""value"":25}]},{""name"":""XL"",""items"":[{""name"":""총장"",""value"":108},{""name"":""허리단면"",""value"":43},{""name"":""엉덩이단면"",""value"":59},{""name"":""허벅지단면"",""value"":39},{""name"":""밑위"",""value"":36},{""name"":""밑단단면"",""value"":26}]}]"
"2026-07-23 22:56:47 KST","무신사","https://www.musinsa.com/products/5987009","5987009","유희","[YOUHEEXOTZ] STAR PATTERN LAYERED BANDING TRACK PANTS_GREY","여성","바지 / 트레이닝/조거 팬츠","하의","트레이닝/조거 팬츠","정상 판매·할인","API","FREE","1","총장|허리단면|엉덩이단면|허벅지단면|밑위|밑단단면","","","102.5","","31.7","54","37","27","","27.5","","cm(응답 관행; 명시 확인 불가)","","아니오","","가능","","성공","성공","미검증","아니오","고유","바지","003","트레이닝/조거 팬츠","003004","","","","","https://goods-detail.musinsa.com/api2/goods/5987009","[{""name"":""FREE"",""items"":[{""name"":""총장"",""value"":102.5},{""name"":""허리단면"",""value"":31.7},{""name"":""엉덩이단면"",""value"":54},{""name"":""허벅지단면"",""value"":37},{""name"":""밑위"",""value"":27},{""name"":""밑단단면"",""value"":27.5}]}]"
"2026-07-23 22:56:47 KST","무신사","https://www.musinsa.com/products/6837218","6837218","유니온블루","CHAMBRAY EASY PANTS [BLUE]","남성","바지 / 기타 하의","하의","기타 하의","정상 판매·할인","API","S|M|L|XL","4","총장|허리단면|엉덩이단면|허벅지단면|밑위|밑단단면","","","105","","36","0","37.5","33","","23","","cm(응답 관행; 명시 확인 불가)","","아니오","","가능","","성공","성공","미검증","아니오","고유","바지","003","기타 하의","003006","","","","","https://goods-detail.musinsa.com/api2/goods/6837218","[{""name"":""S"",""items"":[{""name"":""총장"",""value"":105},{""name"":""허리단면"",""value"":36},{""name"":""엉덩이단면"",""value"":0},{""name"":""허벅지단면"",""value"":37.5},{""name"":""밑위"",""value"":33},{""name"":""밑단단면"",""value"":23}]},{""name"":""M"",""items"":[{""name"":""총장"",""value"":107},{""name"":""허리단면"",""value"":38},{""name"":""엉덩이단면"",""value"":0},{""name"":""허벅지단면"",""value"":38.5},{""name"":""밑위"",""value"":34},{""name"":""밑단단면"",""value"":24}]},{""name"":""L"",""items"":[{""name"":""총장"",""value"":109},{""name"":""허리단면"",""value"":40},{""name"":""엉덩이단면"",""value"":0},{""name"":""허벅지단면"",""value"":39.5},{""name"":""밑위"",""value"":35},{""name"":""밑단단면"",""value"":25}]},{""name"":""XL"",""items"":[{""name"":""총장"",""value"":111},{""name"":""허리단면"",""value"":42},{""name"":""엉덩이단면"",""value"":0},{""name"":""허벅지단면"",""value"":40.5},{""name"":""밑위"",""value"":36},{""name"":""밑단단면"",""value"":26}]}]"
"2026-07-23 22:56:47 KST","무신사","https://www.musinsa.com/products/6518709","6518709","유니온블루","CHAMBRAY EASY PANTS [INDIGO]","남성","바지 / 기타 하의","하의","기타 하의","일부 사이즈 품절/재고 제한","API","S|M|L|XL","4","총장|허리단면|엉덩이단면|허벅지단면|밑위|밑단단면","","","105","","36","0","37.5","33","","23","","cm(응답 관행; 명시 확인 불가)","","아니오","","가능","","성공","성공","미검증","아니오","고유","바지","003","기타 하의","003006","","","","","https://goods-detail.musinsa.com/api2/goods/6518709","[{""name"":""S"",""items"":[{""name"":""총장"",""value"":105},{""name"":""허리단면"",""value"":36},{""name"":""엉덩이단면"",""value"":0},{""name"":""허벅지단면"",""value"":37.5},{""name"":""밑위"",""value"":33},{""name"":""밑단단면"",""value"":23}]},{""name"":""M"",""items"":[{""name"":""총장"",""value"":107},{""name"":""허리단면"",""value"":38},{""name"":""엉덩이단면"",""value"":0},{""name"":""허벅지단면"",""value"":38.5},{""name"":""밑위"",""value"":34},{""name"":""밑단단면"",""value"":24}]},{""name"":""L"",""items"":[{""name"":""총장"",""value"":109},{""name"":""허리단면"",""value"":40},{""name"":""엉덩이단면"",""value"":0},{""name"":""허벅지단면"",""value"":39.5},{""name"":""밑위"",""value"":35},{""name"":""밑단단면"",""value"":25}]},{""name"":""XL"",""items"":[{""name"":""총장"",""value"":111},{""name"":""허리단면"",""value"":42},{""name"":""엉덩이단면"",""value"":0},{""name"":""허벅지단면"",""value"":40.5},{""name"":""밑위"",""value"":36},{""name"":""밑단단면"",""value"":26}]}]"
"2026-07-23 22:56:47 KST","무신사","https://www.musinsa.com/products/2796118","2796118","밀리언코르","7160 캣 브러쉬 슬림 진청 부츠컷 데님팬츠","여성","바지 / 데님 팬츠","하의","데님 팬츠","정상 판매·할인","API","S|M|L|XL","4","총장|허리단면|엉덩이단면|허벅지단면|밑위|밑단단면","","","103","","34","42","25","24","","21","","cm(응답 관행; 명시 확인 불가)","","아니오","","가능","","성공","성공","미검증","아니오","고유","바지","003","데님 팬츠","003002","","","","","https://goods-detail.musinsa.com/api2/goods/2796118","[{""name"":""S"",""items"":[{""name"":""총장"",""value"":103},{""name"":""허리단면"",""value"":34},{""name"":""엉덩이단면"",""value"":42},{""name"":""허벅지단면"",""value"":25},{""name"":""밑위"",""value"":24},{""name"":""밑단단면"",""value"":21}]},{""name"":""M"",""items"":[{""name"":""총장"",""value"":104},{""name"":""허리단면"",""value"":36},{""name"":""엉덩이단면"",""value"":44},{""name"":""허벅지단면"",""value"":26},{""name"":""밑위"",""value"":25},{""name"":""밑단단면"",""value"":22}]},{""name"":""L"",""items"":[{""name"":""총장"",""value"":105},{""name"":""허리단면"",""value"":38},{""name"":""엉덩이단면"",""value"":46},{""name"":""허벅지단면"",""value"":27},{""name"":""밑위"",""value"":26},{""name"":""밑단단면"",""value"":23}]},{""name"":""XL"",""items"":[{""name"":""총장"",""value"":106},{""name"":""허리단면"",""value"":40},{""name"":""엉덩이단면"",""value"":48},{""name"":""허벅지단면"",""value"":28},{""name"":""밑위"",""value"":27},{""name"":""밑단단면"",""value"":24}]}]"
"2026-07-23 22:56:48 KST","무신사","https://www.musinsa.com/products/750908","750908","후러브스아트","[여름원단추가] 유니섹스 세미 와이드 밴딩 슬랙스 블랙","남성","바지 / 슈트 팬츠/슬랙스","하의","슈트 팬츠/슬랙스","정상 판매·할인","API","S|M|L|XL|XXL|여름원단 S|여름원단 M|여름원단 L|여름원단 XL|여름원단 XXL|S-겨울기모|M-겨울기모|L-겨울기모|XL-겨울기모|XXL-겨울기모","15","총장|허리단면|엉덩이단면|허벅지단면|밑위|밑단단면","","","96","","29","51","30","31.5","","19.5","","cm(응답 관행; 명시 확인 불가)","","아니오","","가능","","성공","성공","미검증","아니오","고유","바지","003","슈트 팬츠/슬랙스","003008","","","","","https://goods-detail.musinsa.com/api2/goods/750908","[{""name"":""S"",""items"":[{""name"":""총장"",""value"":96},{""name"":""허리단면"",""value"":29},{""name"":""엉덩이단면"",""value"":51},{""name"":""허벅지단면"",""value"":30},{""name"":""밑위"",""value"":31.5},{""name"":""밑단단면"",""value"":19.5}]},{""name"":""M"",""items"":[{""name"":""총장"",""value"":98},{""name"":""허리단면"",""value"":31},{""name"":""엉덩이단면"",""value"":52},{""name"":""허벅지단면"",""value"":31},{""name"":""밑위"",""value"":32},{""name"":""밑단단면"",""value"":21}]},{""name"":""L"",""items"":[{""name"":""총장"",""value"":100},{""name"":""허리단면"",""value"":32},{""name"":""엉덩이단면"",""value"":53},{""name"":""허벅지단면"",""value"":32},{""name"":""밑위"",""value"":33},{""name"":""밑단단면"",""value"":22.5}]},{""name"":""XL"",""items"":[{""name"":""총장"",""value"":103},{""name"":""허리단면"",""value"":34.5},{""name"":""엉덩이단면"",""value"":55},{""name"":""허벅지단면"",""value"":32.5},{""name"":""밑위"",""value"":33},{""name"":""밑단단면"",""value"":23}]},{""name"":""XXL"",""items"":[{""name"":""총장"",""value"":107},{""name"":""허리단면"",""value"":35.5},{""name"":""엉덩이단면"",""value"":56},{""name"":""허벅지단면"",""value"":33.5},{""name"":""밑위"",""value"":34},{""name"":""밑단단면"",""value"":24.5}]},{""name"":""여름원단 S"",""items"":[{""name"":""총장"",""value"":0},{""name"":""허리단면"",""value"":0},{""name"":""엉덩이단면"",""value"":0},{""name"":""허벅지단면"",""value"":0},{""name"":""밑위"",""value"":0},{""name"":""밑단단면"",""value"":0}]},{""name"":""여름원단 M"",""items"":[{""name"":""총장"",""value"":0},{""name"":""허리단면"",""value"":0},{""name"":""엉덩이단면"",""value"":0},{""name"":""허벅지단면"",""value"":0},{""name"":""밑위"",""value"":0},{""name"":""밑단단면"",""value"":0}]},{""name"":""여름원단 L"",""items"":[{""name"":""총장"",""value"":0},{""name"":""허리단면"",""value"":0},{""name"":""엉덩이단면"",""value"":0},{""name"":""허벅지단면"",""value"":0},{""name"":""밑위"",""value"":0},{""name"":""밑단단면"",""value"":0}]},{""name"":""여름원단 XL"",""items"":[{""name"":""총장"",""value"":0},{""name"":""허리단면"",""value"":0},{""name"":""엉덩이단면"",""value"":0},{""name"":""허벅지단면"",""value"":0},{""name"":""밑위"",""value"":0},{""name"":""밑단단면"",""value"":0}]},{""name"":""여름원단 XXL"",""items"":[{""name"":""총장"",""value"":0},{""name"":""허리단면"",""value"":0},{""name"":""엉덩이단면"",""value"":0},{""name"":""허벅지단면"",""value"":0},{""name"":""밑위"",""value"":0},{""name"":""밑단단면"",""value"":0}]},{""name"":""S-겨울기모"",""items"":[{""name"":""총장"",""value"":0},{""name"":""허리단면"",""value"":0},{""name"":""엉덩이단면"",""value"":0},{""name"":""허벅지단면"",""value"":0},{""name"":""밑위"",""value"":0},{""name"":""밑단단면"",""value"":0}]},{""name"":""M-겨울기모"",""items"":[{""name"":""총장"",""value"":0},{""name"":""허리단면"",""value"":0},{""name"":""엉덩이단면"",""value"":0},{""name"":""허벅지단면"",""value"":0},{""name"":""밑위"",""value"":0},{""name"":""밑단단면"",""value"":0}]},{""name"":""L-겨울기모"",""items"":[{""name"":""총장"",""value"":0},{""name"":""허리단면"",""value"":0},{""name"":""엉덩이단면"",""value"":0},{""name"":""허벅지단면"",""value"":0},{""name"":""밑위"",""value"":0},{""name"":""밑단단면"",""value"":0}]},{""name"":""XL-겨울기모"",""items"":[{""name"":""총장"",""value"":0},{""name"":""허리단면"",""value"":0},{""name"":""엉덩이단면"",""value"":0},{""name"":""허벅지단면"",""value"":0},{""name"":""밑위"",""value"":0},{""name"":""밑단단면"",""value"":0}]},{""name"":""XXL-겨울기모"",""items"":[{""name"":""총장"",""value"":0},{""name"":""허리단면"",""value"":0},{""name"":""엉덩이단면"",""value"":0},{""name"":""허벅지단면"",""value"":0},{""name"":""밑위"",""value"":0},{""name"":""밑단단면"",""value"":0}]}]"
"2026-07-23 22:56:48 KST","무신사","https://www.musinsa.com/products/6656659","6656659","밀로 아카이브","[Pokémon] 그루핑 스웻 팬츠 [멜란지 그레이]","남성","바지 / 숏 팬츠","하의","숏 팬츠","정상 판매·할인","API","M|L|XL","3","총장|허리단면|엉덩이단면|허벅지단면|밑위|밑단단면","","","68","","37.5","58","40","38","","37","","cm(응답 관행; 명시 확인 불가)","","아니오","","가능","","성공","성공","미검증","아니오","고유","바지","003","숏 팬츠","003009","","","","","https://goods-detail.musinsa.com/api2/goods/6656659","[{""name"":""M"",""items"":[{""name"":""총장"",""value"":68},{""name"":""허리단면"",""value"":37.5},{""name"":""엉덩이단면"",""value"":58},{""name"":""허벅지단면"",""value"":40},{""name"":""밑위"",""value"":38},{""name"":""밑단단면"",""value"":37}]},{""name"":""L"",""items"":[{""name"":""총장"",""value"":70},{""name"":""허리단면"",""value"":39.5},{""name"":""엉덩이단면"",""value"":60},{""name"":""허벅지단면"",""value"":41},{""name"":""밑위"",""value"":39},{""name"":""밑단단면"",""value"":38}]},{""name"":""XL"",""items"":[{""name"":""총장"",""value"":72},{""name"":""허리단면"",""value"":41.5},{""name"":""엉덩이단면"",""value"":62},{""name"":""허벅지단면"",""value"":42},{""name"":""밑위"",""value"":40},{""name"":""밑단단면"",""value"":39}]}]"
"2026-07-23 22:56:48 KST","무신사","https://www.musinsa.com/products/5886363","5886363","아웃스탠딩","USAF UTILITY TROUSERS_SAGE GREEN","남성","바지 / 코튼 팬츠","하의","코튼 팬츠","정상 판매·할인","API","S|M|L","3","총장|허리단면|엉덩이단면|허벅지단면|밑위|밑단단면","","","106","","40","61","38","32","","24","","cm(응답 관행; 명시 확인 불가)","","아니오","","가능","","성공","성공","미검증","아니오","고유","바지","003","코튼 팬츠","003007","","","","","https://goods-detail.musinsa.com/api2/goods/5886363","[{""name"":""S"",""items"":[{""name"":""총장"",""value"":106},{""name"":""허리단면"",""value"":40},{""name"":""엉덩이단면"",""value"":61},{""name"":""허벅지단면"",""value"":38},{""name"":""밑위"",""value"":32},{""name"":""밑단단면"",""value"":24}]},{""name"":""M"",""items"":[{""name"":""총장"",""value"":108},{""name"":""허리단면"",""value"":42},{""name"":""엉덩이단면"",""value"":63},{""name"":""허벅지단면"",""value"":39},{""name"":""밑위"",""value"":33},{""name"":""밑단단면"",""value"":25}]},{""name"":""L"",""items"":[{""name"":""총장"",""value"":110},{""name"":""허리단면"",""value"":44},{""name"":""엉덩이단면"",""value"":65},{""name"":""허벅지단면"",""value"":40},{""name"":""밑위"",""value"":34},{""name"":""밑단단면"",""value"":26}]}]"
"2026-07-23 22:56:48 KST","무신사","https://www.musinsa.com/products/5279560","5279560","지크립","​​블랙 커브드 절개라인 와이드 코튼 팬츠","남성","바지 / 코튼 팬츠","하의","코튼 팬츠","정상 판매·할인","API","26|28|30|32|34|36|38","7","총장|허리단면|엉덩이단면|허벅지단면|밑위|밑단단면","","","101","","35.5","59","34","33.5","","26.5","","cm(응답 관행; 명시 확인 불가)","","아니오","","가능","","성공","성공","미검증","아니오","고유","바지","003","코튼 팬츠","003007","","","","","https://goods-detail.musinsa.com/api2/goods/5279560","[{""name"":""26"",""items"":[{""name"":""총장"",""value"":101},{""name"":""허리단면"",""value"":35.5},{""name"":""엉덩이단면"",""value"":59},{""name"":""허벅지단면"",""value"":34},{""name"":""밑위"",""value"":33.5},{""name"":""밑단단면"",""value"":26.5}]},{""name"":""28"",""items"":[{""name"":""총장"",""value"":103},{""name"":""허리단면"",""value"":38},{""name"":""엉덩이단면"",""value"":61.5},{""name"":""허벅지단면"",""value"":35.25},{""name"":""밑위"",""value"":34.5},{""name"":""밑단단면"",""value"":27.5}]},{""name"":""30"",""items"":[{""name"":""총장"",""value"":105},{""name"":""허리단면"",""value"":40.5},{""name"":""엉덩이단면"",""value"":64},{""name"":""허벅지단면"",""value"":36.5},{""name"":""밑위"",""value"":35.5},{""name"":""밑단단면"",""value"":28.5}]},{""name"":""32"",""items"":[{""name"":""총장"",""value"":107},{""name"":""허리단면"",""value"":43},{""name"":""엉덩이단면"",""value"":66.5},{""name"":""허벅지단면"",""value"":37.75},{""name"":""밑위"",""value"":36.5},{""name"":""밑단단면"",""value"":29.5}]},{""name"":""34"",""items"":[{""name"":""총장"",""value"":109},{""name"":""허리단면"",""value"":45.5},{""name"":""엉덩이단면"",""value"":69},{""name"":""허벅지단면"",""value"":39},{""name"":""밑위"",""value"":37.5},{""name"":""밑단단면"",""value"":30.5}]},{""name"":""36"",""items"":[{""name"":""총장"",""value"":111},{""name"":""허리단면"",""value"":48},{""name"":""엉덩이단면"",""value"":71.5},{""name"":""허벅지단면"",""value"":40.25},{""name"":""밑위"",""value"":38.5},{""name"":""밑단단면"",""value"":31.5}]},{""name"":""38"",""items"":[{""name"":""총장"",""value"":113},{""name"":""허리단면"",""value"":50.5},{""name"":""엉덩이단면"",""value"":74},{""name"":""허벅지단면"",""value"":41.5},{""name"":""밑위"",""value"":39.5},{""name"":""밑단단면"",""value"":32.5}]}]"
"2026-07-23 22:56:49 KST","무신사","https://www.musinsa.com/products/6723562","6723562","토피","[2PACK][여름 기획 원단] 커브드 배럴 데님 팬츠 (2 COLORUS)","남성","바지 / 데님 팬츠","하의","데님 팬츠","정상 판매·할인","API","S|M|L|XL","4","총장|허리단면|엉덩이단면|허벅지단면|밑위|밑단단면","","","104","","37","54","34","32","","22","","cm(응답 관행; 명시 확인 불가)","","아니오","","가능","","성공","성공","미검증","아니오","고유","바지","003","데님 팬츠","003002","","","","","https://goods-detail.musinsa.com/api2/goods/6723562","[{""name"":""S"",""items"":[{""name"":""총장"",""value"":104},{""name"":""허리단면"",""value"":37},{""name"":""엉덩이단면"",""value"":54},{""name"":""허벅지단면"",""value"":34},{""name"":""밑위"",""value"":32},{""name"":""밑단단면"",""value"":22}]},{""name"":""M"",""items"":[{""name"":""총장"",""value"":106},{""name"":""허리단면"",""value"":39},{""name"":""엉덩이단면"",""value"":56},{""name"":""허벅지단면"",""value"":35},{""name"":""밑위"",""value"":33},{""name"":""밑단단면"",""value"":23}]},{""name"":""L"",""items"":[{""name"":""총장"",""value"":108},{""name"":""허리단면"",""value"":41},{""name"":""엉덩이단면"",""value"":58},{""name"":""허벅지단면"",""value"":36},{""name"":""밑위"",""value"":34},{""name"":""밑단단면"",""value"":24}]},{""name"":""XL"",""items"":[{""name"":""총장"",""value"":110},{""name"":""허리단면"",""value"":43},{""name"":""엉덩이단면"",""value"":60},{""name"":""허벅지단면"",""value"":37},{""name"":""밑위"",""value"":35},{""name"":""밑단단면"",""value"":25}]}]"
"2026-07-23 22:56:49 KST","무신사","https://www.musinsa.com/products/6786592","6786592","일리오","[빛오 x 일리오] Black Lace Belted Shorts","여성","바지 / 숏 팬츠","하의","숏 팬츠","정상 판매","API","NONE","1","총장|허리단면|엉덩이단면|허벅지단면|밑위|밑단단면","","","28","","32","46","32","32","","31","","cm(응답 관행; 명시 확인 불가)","","아니오","","가능","","성공","성공","미검증","아니오","고유","바지","003","숏 팬츠","003009","","","","","https://goods-detail.musinsa.com/api2/goods/6786592","[{""name"":""NONE"",""items"":[{""name"":""총장"",""value"":28},{""name"":""허리단면"",""value"":32},{""name"":""엉덩이단면"",""value"":46},{""name"":""허벅지단면"",""value"":32},{""name"":""밑위"",""value"":32},{""name"":""밑단단면"",""value"":31}]}]"
"2026-07-23 22:56:49 KST","무신사","https://www.musinsa.com/products/6385539","6385539","엔티비씨","[COOL] 유니섹스 세미 와이드 쿨 터치 스트레치 밴딩 슬랙스","남성","바지 / 슈트 팬츠/슬랙스","하의","슈트 팬츠/슬랙스","정상 판매·할인","API","S|M|L|XL","4","총장|허리단면|엉덩이단면|허벅지단면|밑위|밑단단면","","","105","","35.5","58","34","30","","23.5","","cm(응답 관행; 명시 확인 불가)","","아니오","","가능","","성공","성공","미검증","아니오","고유","바지","003","슈트 팬츠/슬랙스","003008","","","","","https://goods-detail.musinsa.com/api2/goods/6385539","[{""name"":""S"",""items"":[{""name"":""총장"",""value"":105},{""name"":""허리단면"",""value"":35.5},{""name"":""엉덩이단면"",""value"":58},{""name"":""허벅지단면"",""value"":34},{""name"":""밑위"",""value"":30},{""name"":""밑단단면"",""value"":23.5}]},{""name"":""M"",""items"":[{""name"":""총장"",""value"":98},{""name"":""허리단면"",""value"":31.5},{""name"":""엉덩이단면"",""value"":55},{""name"":""허벅지단면"",""value"":31},{""name"":""밑위"",""value"":27},{""name"":""밑단단면"",""value"":22}]},{""name"":""L"",""items"":[{""name"":""총장"",""value"":100},{""name"":""허리단면"",""value"":33.5},{""name"":""엉덩이단면"",""value"":56},{""name"":""허벅지단면"",""value"":32},{""name"":""밑위"",""value"":28},{""name"":""밑단단면"",""value"":22.5}]},{""name"":""XL"",""items"":[{""name"":""총장"",""value"":103},{""name"":""허리단면"",""value"":34.5},{""name"":""엉덩이단면"",""value"":57},{""name"":""허벅지단면"",""value"":33},{""name"":""밑위"",""value"":29},{""name"":""밑단단면"",""value"":23}]}]"
"2026-07-23 22:56:49 KST","무신사","https://www.musinsa.com/products/1803235","1803235","메종미네드","SAINT TWO TUCK WIDE PANTS BROWN","남성","바지 / 슈트 팬츠/슬랙스","하의","슈트 팬츠/슬랙스","정상 판매·할인","API","S|M|L","3","총장|허리단면|엉덩이단면|허벅지단면|밑위|밑단단면","","","106","","39","0","31.1","31.2","","26.5","","cm(응답 관행; 명시 확인 불가)","","아니오","","가능","","성공","성공","미검증","아니오","고유","바지","003","슈트 팬츠/슬랙스","003008","","","","","https://goods-detail.musinsa.com/api2/goods/1803235","[{""name"":""S"",""items"":[{""name"":""총장"",""value"":106},{""name"":""허리단면"",""value"":39},{""name"":""엉덩이단면"",""value"":0},{""name"":""허벅지단면"",""value"":31.1},{""name"":""밑위"",""value"":31.2},{""name"":""밑단단면"",""value"":26.5}]},{""name"":""M"",""items"":[{""name"":""총장"",""value"":108},{""name"":""허리단면"",""value"":41.5},{""name"":""엉덩이단면"",""value"":0},{""name"":""허벅지단면"",""value"":32.5},{""name"":""밑위"",""value"":32},{""name"":""밑단단면"",""value"":27}]},{""name"":""L"",""items"":[{""name"":""총장"",""value"":110},{""name"":""허리단면"",""value"":44},{""name"":""엉덩이단면"",""value"":0},{""name"":""허벅지단면"",""value"":33.9},{""name"":""밑위"",""value"":32.8},{""name"":""밑단단면"",""value"":27.5}]}]"
"2026-07-23 22:56:50 KST","무신사","https://www.musinsa.com/products/6729879","6729879","섭듀드","윙즈 커프스 팬츠 (펄 그레이 멜란지) (펄 그레이 멜란지)","여성","바지 / 트레이닝/조거 팬츠","하의","트레이닝/조거 팬츠","정상 판매","없음","","0","","","","","","","","","","","","","cm(응답 관행; 명시 확인 불가)","","아니오","actual-size data null","제한/불가","치수 행 없음","성공","실패","미검증","아니오","고유","바지","003","트레이닝/조거 팬츠","003004","","","","","https://goods-detail.musinsa.com/api2/goods/6729879","[]"
"2026-07-23 22:56:50 KST","무신사","https://www.musinsa.com/products/6729526","6729526","모어아웃","여성요가복 하렘 와이드 팬츠 5PP6513","여성","스포츠/레저 / 하의 / 기타 바지","하의","하의","일부 사이즈 품절/재고 제한","API","S|M|L","3","총장|허리단면|엉덩이단면|허벅지단면|밑위|밑단단면","","","96","","30","66","40","35","","13.5","","cm(응답 관행; 명시 확인 불가)","","아니오","","가능","","성공","성공","미검증","아니오","고유","스포츠/레저","017","하의","017020","기타 바지","017020001","","","https://goods-detail.musinsa.com/api2/goods/6729526","[{""name"":""S"",""items"":[{""name"":""총장"",""value"":96},{""name"":""허리단면"",""value"":30},{""name"":""엉덩이단면"",""value"":66},{""name"":""허벅지단면"",""value"":40},{""name"":""밑위"",""value"":35},{""name"":""밑단단면"",""value"":13.5}]},{""name"":""M"",""items"":[{""name"":""총장"",""value"":98},{""name"":""허리단면"",""value"":32},{""name"":""엉덩이단면"",""value"":68},{""name"":""허벅지단면"",""value"":41},{""name"":""밑위"",""value"":36},{""name"":""밑단단면"",""value"":14.5}]},{""name"":""L"",""items"":[{""name"":""총장"",""value"":100},{""name"":""허리단면"",""value"":34},{""name"":""엉덩이단면"",""value"":70},{""name"":""허벅지단면"",""value"":42},{""name"":""밑위"",""value"":37},{""name"":""밑단단면"",""value"":15.5}]}]"
"2026-07-23 22:56:50 KST","무신사","https://www.musinsa.com/products/6679899","6679899","대한민국 육군","트레이닝 쇼츠 - 블랙","남성|여성","스포츠/레저 / 하의 / 기타 바지","하의","하의","정상 판매","API","00S|00M|00L|0XL|2XL","5","총장|허리단면|엉덩이단면|허벅지단면|밑위|밑단단면","","","41","","34","51","32.5","30","","30","","cm(응답 관행; 명시 확인 불가)","","아니오","","가능","","성공","성공","미검증","아니오","고유","스포츠/레저","017","하의","017020","기타 바지","017020001","","","https://goods-detail.musinsa.com/api2/goods/6679899","[{""name"":""00S"",""items"":[{""name"":""총장"",""value"":41},{""name"":""허리단면"",""value"":34},{""name"":""엉덩이단면"",""value"":51},{""name"":""허벅지단면"",""value"":32.5},{""name"":""밑위"",""value"":30},{""name"":""밑단단면"",""value"":30}]},{""name"":""00M"",""items"":[{""name"":""총장"",""value"":42.5},{""name"":""허리단면"",""value"":36.5},{""name"":""엉덩이단면"",""value"":53.5},{""name"":""허벅지단면"",""value"":34},{""name"":""밑위"",""value"":31},{""name"":""밑단단면"",""value"":31}]},{""name"":""00L"",""items"":[{""name"":""총장"",""value"":44},{""name"":""허리단면"",""value"":39},{""name"":""엉덩이단면"",""value"":56},{""name"":""허벅지단면"",""value"":35.5},{""name"":""밑위"",""value"":32},{""name"":""밑단단면"",""value"":32}]},{""name"":""0XL"",""items"":[{""name"":""총장"",""value"":45.5},{""name"":""허리단면"",""value"":41.5},{""name"":""엉덩이단면"",""value"":58.5},{""name"":""허벅지단면"",""value"":37},{""name"":""밑위"",""value"":33},{""name"":""밑단단면"",""value"":33}]},{""name"":""2XL"",""items"":[{""name"":""총장"",""value"":47},{""name"":""허리단면"",""value"":44},{""name"":""엉덩이단면"",""value"":61},{""name"":""허벅지단면"",""value"":38.5},{""name"":""밑위"",""value"":34},{""name"":""밑단단면"",""value"":34}]}]"
"2026-07-23 22:56:50 KST","무신사","https://www.musinsa.com/products/6532779","6532779","후러브스아트","LVS 린넨 라이크 세미 와이드 밴딩 팬츠 3color","남성","바지 / 코튼 팬츠","하의","코튼 팬츠","정상 판매·할인","API","M|L|XL","3","총장|허리단면|엉덩이단면|허벅지단면|밑위|밑단단면","","","103","","33","0","30","28","","22","","cm(응답 관행; 명시 확인 불가)","","아니오","","가능","","성공","성공","미검증","아니오","고유","바지","003","코튼 팬츠","003007","","","","","https://goods-detail.musinsa.com/api2/goods/6532779","[{""name"":""M"",""items"":[{""name"":""총장"",""value"":103},{""name"":""허리단면"",""value"":33},{""name"":""엉덩이단면"",""value"":0},{""name"":""허벅지단면"",""value"":30},{""name"":""밑위"",""value"":28},{""name"":""밑단단면"",""value"":22}]},{""name"":""L"",""items"":[{""name"":""총장"",""value"":105},{""name"":""허리단면"",""value"":34.5},{""name"":""엉덩이단면"",""value"":0},{""name"":""허벅지단면"",""value"":31},{""name"":""밑위"",""value"":29},{""name"":""밑단단면"",""value"":23}]},{""name"":""XL"",""items"":[{""name"":""총장"",""value"":107},{""name"":""허리단면"",""value"":35.5},{""name"":""엉덩이단면"",""value"":0},{""name"":""허벅지단면"",""value"":32},{""name"":""밑위"",""value"":31},{""name"":""밑단단면"",""value"":24}]}]"
"2026-07-23 22:56:51 KST","무신사","https://www.musinsa.com/products/6754165","6754165","어반드레스","88 사이드 플래시 릴랙스 새깅 팬츠_3COL","여성","바지 / 트레이닝/조거 팬츠","하의","트레이닝/조거 팬츠","정상 판매·할인","API","L|XL","2","총장|허리단면|엉덩이단면|허벅지단면|밑위|밑단단면","","","106","","37","48.5","39.5","35","","29","","cm(응답 관행; 명시 확인 불가)","","아니오","","가능","","성공","성공","미검증","아니오","고유","바지","003","트레이닝/조거 팬츠","003004","","","","","https://goods-detail.musinsa.com/api2/goods/6754165","[{""name"":""L"",""items"":[{""name"":""총장"",""value"":106},{""name"":""허리단면"",""value"":37},{""name"":""엉덩이단면"",""value"":48.5},{""name"":""허벅지단면"",""value"":39.5},{""name"":""밑위"",""value"":35},{""name"":""밑단단면"",""value"":29}]},{""name"":""XL"",""items"":[{""name"":""총장"",""value"":108},{""name"":""허리단면"",""value"":38.5},{""name"":""엉덩이단면"",""value"":50.5},{""name"":""허벅지단면"",""value"":40.5},{""name"":""밑위"",""value"":35.5},{""name"":""밑단단면"",""value"":30}]}]"
"2026-07-23 22:56:51 KST","무신사","https://www.musinsa.com/products/3791988","3791988","필루미네이트","데미지 워시드 데님 팬츠-미디엄 블루","남성","바지 / 데님 팬츠","하의","데님 팬츠","정상 판매·할인","API","XS|S|M|L|XL","5","총장|허리단면|엉덩이단면|허벅지단면|밑위|밑단단면","","","102","","34.5","53","38","35.5","","26","","cm(응답 관행; 명시 확인 불가)","","아니오","","가능","","성공","성공","미검증","아니오","고유","바지","003","데님 팬츠","003002","","","","","https://goods-detail.musinsa.com/api2/goods/3791988","[{""name"":""XS"",""items"":[{""name"":""총장"",""value"":102},{""name"":""허리단면"",""value"":34.5},{""name"":""엉덩이단면"",""value"":53},{""name"":""허벅지단면"",""value"":38},{""name"":""밑위"",""value"":35.5},{""name"":""밑단단면"",""value"":26}]},{""name"":""S"",""items"":[{""name"":""총장"",""value"":103.5},{""name"":""허리단면"",""value"":37},{""name"":""엉덩이단면"",""value"":55},{""name"":""허벅지단면"",""value"":39},{""name"":""밑위"",""value"":36.5},{""name"":""밑단단면"",""value"":27}]},{""name"":""M"",""items"":[{""name"":""총장"",""value"":105},{""name"":""허리단면"",""value"":39.5},{""name"":""엉덩이단면"",""value"":57},{""name"":""허벅지단면"",""value"":40},{""name"":""밑위"",""value"":37.5},{""name"":""밑단단면"",""value"":28}]},{""name"":""L"",""items"":[{""name"":""총장"",""value"":106.5},{""name"":""허리단면"",""value"":42},{""name"":""엉덩이단면"",""value"":59},{""name"":""허벅지단면"",""value"":41},{""name"":""밑위"",""value"":38.5},{""name"":""밑단단면"",""value"":29}]},{""name"":""XL"",""items"":[{""name"":""총장"",""value"":108},{""name"":""허리단면"",""value"":44.5},{""name"":""엉덩이단면"",""value"":61},{""name"":""허벅지단면"",""value"":42},{""name"":""밑위"",""value"":39.5},{""name"":""밑단단면"",""value"":30}]}]"
"2026-07-23 22:56:51 KST","무신사","https://www.musinsa.com/products/3154695","3154695","드로우핏","투턱 밴딩 와이드 린넨 슬랙스 [OATMEAL]","남성","바지 / 슈트 팬츠/슬랙스","하의","슈트 팬츠/슬랙스","정상 판매·할인","API","S|M|L|XL|XXL","5","총장|허리단면|엉덩이단면|허벅지단면|밑위|밑단단면","","","104","","37.5","53","34","30.5","","26","","cm(응답 관행; 명시 확인 불가)","","아니오","","가능","","성공","성공","미검증","아니오","고유","바지","003","슈트 팬츠/슬랙스","003008","","","","","https://goods-detail.musinsa.com/api2/goods/3154695","[{""name"":""S"",""items"":[{""name"":""총장"",""value"":104},{""name"":""허리단면"",""value"":37.5},{""name"":""엉덩이단면"",""value"":53},{""name"":""허벅지단면"",""value"":34},{""name"":""밑위"",""value"":30.5},{""name"":""밑단단면"",""value"":26}]},{""name"":""M"",""items"":[{""name"":""총장"",""value"":105},{""name"":""허리단면"",""value"":38.5},{""name"":""엉덩이단면"",""value"":54},{""name"":""허벅지단면"",""value"":34.5},{""name"":""밑위"",""value"":31},{""name"":""밑단단면"",""value"":27}]},{""name"":""L"",""items"":[{""name"":""총장"",""value"":106},{""name"":""허리단면"",""value"":40.5},{""name"":""엉덩이단면"",""value"":56},{""name"":""허벅지단면"",""value"":36},{""name"":""밑위"",""value"":32},{""name"":""밑단단면"",""value"":28}]},{""name"":""XL"",""items"":[{""name"":""총장"",""value"":107.5},{""name"":""허리단면"",""value"":42.5},{""name"":""엉덩이단면"",""value"":58.5},{""name"":""허벅지단면"",""value"":37},{""name"":""밑위"",""value"":32.5},{""name"":""밑단단면"",""value"":29.5}]},{""name"":""XXL"",""items"":[{""name"":""총장"",""value"":108.5},{""name"":""허리단면"",""value"":44.5},{""name"":""엉덩이단면"",""value"":60.5},{""name"":""허벅지단면"",""value"":38},{""name"":""밑위"",""value"":33.5},{""name"":""밑단단면"",""value"":30.5}]}]"
"2026-07-23 22:56:51 KST","무신사","https://www.musinsa.com/products/6697003","6697003","1993스튜디오","W 베이직 마이크로 미니 데님 쇼츠_라이트블루","여성","바지 / 숏 팬츠","하의","숏 팬츠","정상 판매·할인","API","S|M","2","총장|허리단면|엉덩이단면|허벅지단면|밑위|밑단단면","","","28.5","","34","44.5","29","26","","29","","cm(응답 관행; 명시 확인 불가)","","아니오","","가능","","성공","성공","미검증","아니오","고유","바지","003","숏 팬츠","003009","","","","","https://goods-detail.musinsa.com/api2/goods/6697003","[{""name"":""S"",""items"":[{""name"":""총장"",""value"":28.5},{""name"":""허리단면"",""value"":34},{""name"":""엉덩이단면"",""value"":44.5},{""name"":""허벅지단면"",""value"":29},{""name"":""밑위"",""value"":26},{""name"":""밑단단면"",""value"":29}]},{""name"":""M"",""items"":[{""name"":""총장"",""value"":30},{""name"":""허리단면"",""value"":36},{""name"":""엉덩이단면"",""value"":47},{""name"":""허벅지단면"",""value"":30},{""name"":""밑위"",""value"":27},{""name"":""밑단단면"",""value"":30}]}]"
"2026-07-23 22:56:52 KST","무신사","https://www.musinsa.com/products/1884480","1884480","제멋","[2PACK] 코스모 밴딩 숏팬츠 2PACK JMSP2332","남성","바지 / 숏 팬츠","하의","숏 팬츠","정상 판매·할인","API","M|L|XL|2XL|3XL","5","총장|허리단면|엉덩이단면|허벅지단면|밑위|밑단단면","","","43.5","","35","0","34","30","","30","","cm(응답 관행; 명시 확인 불가)","","아니오","","가능","","성공","성공","미검증","아니오","고유","바지","003","숏 팬츠","003009","","","","","https://goods-detail.musinsa.com/api2/goods/1884480","[{""name"":""M"",""items"":[{""name"":""총장"",""value"":43.5},{""name"":""허리단면"",""value"":35},{""name"":""엉덩이단면"",""value"":0},{""name"":""허벅지단면"",""value"":34},{""name"":""밑위"",""value"":30},{""name"":""밑단단면"",""value"":30}]},{""name"":""L"",""items"":[{""name"":""총장"",""value"":45},{""name"":""허리단면"",""value"":37.5},{""name"":""엉덩이단면"",""value"":0},{""name"":""허벅지단면"",""value"":35.6},{""name"":""밑위"",""value"":31},{""name"":""밑단단면"",""value"":31}]},{""name"":""XL"",""items"":[{""name"":""총장"",""value"":46.5},{""name"":""허리단면"",""value"":40},{""name"":""엉덩이단면"",""value"":0},{""name"":""허벅지단면"",""value"":36.6},{""name"":""밑위"",""value"":32},{""name"":""밑단단면"",""value"":32}]},{""name"":""2XL"",""items"":[{""name"":""총장"",""value"":48},{""name"":""허리단면"",""value"":42.5},{""name"":""엉덩이단면"",""value"":0},{""name"":""허벅지단면"",""value"":37.9},{""name"":""밑위"",""value"":33},{""name"":""밑단단면"",""value"":33}]},{""name"":""3XL"",""items"":[{""name"":""총장"",""value"":48},{""name"":""허리단면"",""value"":45},{""name"":""엉덩이단면"",""value"":0},{""name"":""허벅지단면"",""value"":39.2},{""name"":""밑위"",""value"":33},{""name"":""밑단단면"",""value"":34}]}]"
"2026-07-23 22:56:52 KST","무신사","https://www.musinsa.com/products/2124438","2124438","시그니처","원턱 와이드 슬랙스[딥브라운]","남성|여성","바지 / 슈트 팬츠/슬랙스","하의","슈트 팬츠/슬랙스","정상 판매·할인","API","S|M|L","3","총장|허리단면|엉덩이단면|허벅지단면|밑위|밑단단면","","","107","","38.5","0","34","34","","28.5","","cm(응답 관행; 명시 확인 불가)","","아니오","","가능","","성공","성공","미검증","아니오","고유","바지","003","슈트 팬츠/슬랙스","003008","","","","","https://goods-detail.musinsa.com/api2/goods/2124438","[{""name"":""S"",""items"":[{""name"":""총장"",""value"":107},{""name"":""허리단면"",""value"":38.5},{""name"":""엉덩이단면"",""value"":0},{""name"":""허벅지단면"",""value"":34},{""name"":""밑위"",""value"":34},{""name"":""밑단단면"",""value"":28.5}]},{""name"":""M"",""items"":[{""name"":""총장"",""value"":108},{""name"":""허리단면"",""value"":41},{""name"":""엉덩이단면"",""value"":0},{""name"":""허벅지단면"",""value"":36},{""name"":""밑위"",""value"":35},{""name"":""밑단단면"",""value"":29.5}]},{""name"":""L"",""items"":[{""name"":""총장"",""value"":109},{""name"":""허리단면"",""value"":43},{""name"":""엉덩이단면"",""value"":0},{""name"":""허벅지단면"",""value"":38},{""name"":""밑위"",""value"":36},{""name"":""밑단단면"",""value"":30.5}]}]"
"2026-07-23 22:56:52 KST","무신사","https://www.musinsa.com/products/4827195","4827195","무신사 스탠다드","라이트 플레인 원 턱 와이드 히든 밴딩 슬랙스 [네이비]","남성","바지 / 슈트 팬츠/슬랙스","하의","슈트 팬츠/슬랙스","정상 판매·할인","API","26|27|28|29|30|31|32|33|34|36|38|40|42","13","총장|허리단면|엉덩이단면|허벅지단면|밑위|밑단단면","","","103","","35","49.5","32.25","30.5","","23","","cm(응답 관행; 명시 확인 불가)","","아니오","","가능","","성공","성공","미검증","아니오","고유","바지","003","슈트 팬츠/슬랙스","003008","","","","","https://goods-detail.musinsa.com/api2/goods/4827195","[{""name"":""26"",""items"":[{""name"":""총장"",""value"":103},{""name"":""허리단면"",""value"":35},{""name"":""엉덩이단면"",""value"":49.5},{""name"":""허벅지단면"",""value"":32.25},{""name"":""밑위"",""value"":30.5},{""name"":""밑단단면"",""value"":23}]},{""name"":""27"",""items"":[{""name"":""총장"",""value"":103},{""name"":""허리단면"",""value"":36.25},{""name"":""엉덩이단면"",""value"":50.75},{""name"":""허벅지단면"",""value"":32.875},{""name"":""밑위"",""value"":30.5},{""name"":""밑단단면"",""value"":23.25}]},{""name"":""28"",""items"":[{""name"":""총장"",""value"":104},{""name"":""허리단면"",""value"":37.5},{""name"":""엉덩이단면"",""value"":52},{""name"":""허벅지단면"",""value"":33.5},{""name"":""밑위"",""value"":31},{""name"":""밑단단면"",""value"":23.5}]},{""name"":""29"",""items"":[{""name"":""총장"",""value"":104},{""name"":""허리단면"",""value"":38.75},{""name"":""엉덩이단면"",""value"":53.25},{""name"":""허벅지단면"",""value"":34.125},{""name"":""밑위"",""value"":31},{""name"":""밑단단면"",""value"":23.75}]},{""name"":""30"",""items"":[{""name"":""총장"",""value"":105},{""name"":""허리단면"",""value"":40},{""name"":""엉덩이단면"",""value"":54.5},{""name"":""허벅지단면"",""value"":34.75},{""name"":""밑위"",""value"":31.5},{""name"":""밑단단면"",""value"":24}]},{""name"":""31"",""items"":[{""name"":""총장"",""value"":105},{""name"":""허리단면"",""value"":41.25},{""name"":""엉덩이단면"",""value"":55.75},{""name"":""허벅지단면"",""value"":35.375},{""name"":""밑위"",""value"":31.5},{""name"":""밑단단면"",""value"":24.25}]},{""name"":""32"",""items"":[{""name"":""총장"",""value"":105},{""name"":""허리단면"",""value"":42.5},{""name"":""엉덩이단면"",""value"":57},{""name"":""허벅지단면"",""value"":36},{""name"":""밑위"",""value"":32},{""name"":""밑단단면"",""value"":24.5}]},{""name"":""33"",""items"":[{""name"":""총장"",""value"":105},{""name"":""허리단면"",""value"":43.75},{""name"":""엉덩이단면"",""value"":58.25},{""name"":""허벅지단면"",""value"":36.625},{""name"":""밑위"",""value"":32.5},{""name"":""밑단단면"",""value"":24.75}]},{""name"":""34"",""items"":[{""name"":""총장"",""value"":106},{""name"":""허리단면"",""value"":45},{""name"":""엉덩이단면"",""value"":59.5},{""name"":""허벅지단면"",""value"":37.25},{""name"":""밑위"",""value"":33},{""name"":""밑단단면"",""value"":25}]},{""name"":""36"",""items"":[{""name"":""총장"",""value"":106},{""name"":""허리단면"",""value"":47.5},{""name"":""엉덩이단면"",""value"":62},{""name"":""허벅지단면"",""value"":38.5},{""name"":""밑위"",""value"":34},{""name"":""밑단단면"",""value"":25.5}]},{""name"":""38"",""items"":[{""name"":""총장"",""value"":107},{""name"":""허리단면"",""value"":50},{""name"":""엉덩이단면"",""value"":64.5},{""name"":""허벅지단면"",""value"":39.75},{""name"":""밑위"",""value"":35},{""name"":""밑단단면"",""value"":26}]},{""name"":""40"",""items"":[{""name"":""총장"",""value"":107},{""name"":""허리단면"",""value"":52.5},{""name"":""엉덩이단면"",""value"":67},{""name"":""허벅지단면"",""value"":41},{""name"":""밑위"",""value"":36},{""name"":""밑단단면"",""value"":26.5}]},{""name"":""42"",""items"":[{""name"":""총장"",""value"":108},{""name"":""허리단면"",""value"":55},{""name"":""엉덩이단면"",""value"":69.5},{""name"":""허벅지단면"",""value"":42.25},{""name"":""밑위"",""value"":37},{""name"":""밑단단면"",""value"":27}]}]"
"2026-07-23 22:56:52 KST","무신사","https://www.musinsa.com/products/3201942","3201942","토피","내츄럴 린넨 데님 와이드 팬츠 (OFF WHITE)","남성","바지 / 데님 팬츠","하의","데님 팬츠","정상 판매·할인","API","S|M|L|XL","4","총장|허리단면|엉덩이단면|허벅지단면|밑위|밑단단면","","","102.5","","37","52","33.5","30","","23","","cm(응답 관행; 명시 확인 불가)","","아니오","","가능","","성공","성공","미검증","아니오","고유","바지","003","데님 팬츠","003002","","","","","https://goods-detail.musinsa.com/api2/goods/3201942","[{""name"":""S"",""items"":[{""name"":""총장"",""value"":102.5},{""name"":""허리단면"",""value"":37},{""name"":""엉덩이단면"",""value"":52},{""name"":""허벅지단면"",""value"":33.5},{""name"":""밑위"",""value"":30},{""name"":""밑단단면"",""value"":23}]},{""name"":""M"",""items"":[{""name"":""총장"",""value"":104},{""name"":""허리단면"",""value"":39},{""name"":""엉덩이단면"",""value"":54},{""name"":""허벅지단면"",""value"":35},{""name"":""밑위"",""value"":31},{""name"":""밑단단면"",""value"":24}]},{""name"":""L"",""items"":[{""name"":""총장"",""value"":105.5},{""name"":""허리단면"",""value"":41},{""name"":""엉덩이단면"",""value"":56},{""name"":""허벅지단면"",""value"":36.5},{""name"":""밑위"",""value"":32},{""name"":""밑단단면"",""value"":25}]},{""name"":""XL"",""items"":[{""name"":""총장"",""value"":107},{""name"":""허리단면"",""value"":43},{""name"":""엉덩이단면"",""value"":58},{""name"":""허벅지단면"",""value"":38},{""name"":""밑위"",""value"":33},{""name"":""밑단단면"",""value"":26}]}]"
"2026-07-23 22:56:53 KST","무신사","https://www.musinsa.com/products/6697020","6697020","썬번프로젝트","SUNBURN X PAUL FRANK COTTON BANDING PANTS, MULTI","여성","바지 / 트레이닝/조거 팬츠","하의","트레이닝/조거 팬츠","정상 판매","API","S|M","2","총장|허리단면|엉덩이단면|허벅지단면|밑위|밑단단면","","","98","","38.5","49","29.5","20.5","","28","","cm(응답 관행; 명시 확인 불가)","","아니오","","가능","","성공","성공","미검증","아니오","고유","바지","003","트레이닝/조거 팬츠","003004","","","","","https://goods-detail.musinsa.com/api2/goods/6697020","[{""name"":""S"",""items"":[{""name"":""총장"",""value"":98},{""name"":""허리단면"",""value"":38.5},{""name"":""엉덩이단면"",""value"":49},{""name"":""허벅지단면"",""value"":29.5},{""name"":""밑위"",""value"":20.5},{""name"":""밑단단면"",""value"":28}]},{""name"":""M"",""items"":[{""name"":""총장"",""value"":100},{""name"":""허리단면"",""value"":40.5},{""name"":""엉덩이단면"",""value"":51},{""name"":""허벅지단면"",""value"":30.5},{""name"":""밑위"",""value"":21.5},{""name"":""밑단단면"",""value"":29}]}]"
"2026-07-23 22:56:53 KST","무신사","https://www.musinsa.com/products/5358816","5358816","드로우핏","유주얼 세미 와이드 데님 팬츠 [RAW BLACK]","남성","바지 / 데님 팬츠","하의","데님 팬츠","정상 판매·할인","API","M|L|XL","3","총장|허리단면|엉덩이단면|허벅지단면|밑위|밑단단면","","","104.5","","39.5","53","32","30","","22.5","","cm(응답 관행; 명시 확인 불가)","","아니오","","가능","","성공","성공","미검증","아니오","고유","바지","003","데님 팬츠","003002","","","","","https://goods-detail.musinsa.com/api2/goods/5358816","[{""name"":""M"",""items"":[{""name"":""총장"",""value"":104.5},{""name"":""허리단면"",""value"":39.5},{""name"":""엉덩이단면"",""value"":53},{""name"":""허벅지단면"",""value"":32},{""name"":""밑위"",""value"":30},{""name"":""밑단단면"",""value"":22.5}]},{""name"":""L"",""items"":[{""name"":""총장"",""value"":106},{""name"":""허리단면"",""value"":41.5},{""name"":""엉덩이단면"",""value"":55},{""name"":""허벅지단면"",""value"":33},{""name"":""밑위"",""value"":30.5},{""name"":""밑단단면"",""value"":23.5}]},{""name"":""XL"",""items"":[{""name"":""총장"",""value"":107.5},{""name"":""허리단면"",""value"":43.5},{""name"":""엉덩이단면"",""value"":57},{""name"":""허벅지단면"",""value"":34},{""name"":""밑위"",""value"":31},{""name"":""밑단단면"",""value"":24.5}]}]"
"2026-07-23 22:56:53 KST","무신사","https://www.musinsa.com/products/4663938","4663938","무신사 스탠다드","시어서커 원 턱 와이드 밴딩 팬츠 [그레이]","남성","바지 / 기타 하의","하의","기타 하의","정상 판매·할인","API","26|28|30|32|34|36|38|40|42","9","총장|허리단면|엉덩이단면|허벅지단면|밑위|밑단단면","","","104","","32.5","51.5","32.25","30.5","","23","","cm(응답 관행; 명시 확인 불가)","","아니오","","가능","","성공","성공","미검증","아니오","고유","바지","003","기타 하의","003006","","","","","https://goods-detail.musinsa.com/api2/goods/4663938","[{""name"":""26"",""items"":[{""name"":""총장"",""value"":104},{""name"":""허리단면"",""value"":32.5},{""name"":""엉덩이단면"",""value"":51.5},{""name"":""허벅지단면"",""value"":32.25},{""name"":""밑위"",""value"":30.5},{""name"":""밑단단면"",""value"":23}]},{""name"":""28"",""items"":[{""name"":""총장"",""value"":105},{""name"":""허리단면"",""value"":35},{""name"":""엉덩이단면"",""value"":54},{""name"":""허벅지단면"",""value"":33.5},{""name"":""밑위"",""value"":31},{""name"":""밑단단면"",""value"":23.5}]},{""name"":""30"",""items"":[{""name"":""총장"",""value"":106},{""name"":""허리단면"",""value"":37.5},{""name"":""엉덩이단면"",""value"":56.5},{""name"":""허벅지단면"",""value"":34.75},{""name"":""밑위"",""value"":31.5},{""name"":""밑단단면"",""value"":24}]},{""name"":""32"",""items"":[{""name"":""총장"",""value"":106},{""name"":""허리단면"",""value"":40},{""name"":""엉덩이단면"",""value"":59},{""name"":""허벅지단면"",""value"":36},{""name"":""밑위"",""value"":32},{""name"":""밑단단면"",""value"":24.5}]},{""name"":""34"",""items"":[{""name"":""총장"",""value"":107},{""name"":""허리단면"",""value"":42.5},{""name"":""엉덩이단면"",""value"":61.5},{""name"":""허벅지단면"",""value"":37.25},{""name"":""밑위"",""value"":33},{""name"":""밑단단면"",""value"":25}]},{""name"":""36"",""items"":[{""name"":""총장"",""value"":107},{""name"":""허리단면"",""value"":45},{""name"":""엉덩이단면"",""value"":64},{""name"":""허벅지단면"",""value"":38.5},{""name"":""밑위"",""value"":34},{""name"":""밑단단면"",""value"":25.5}]},{""name"":""38"",""items"":[{""name"":""총장"",""value"":108},{""name"":""허리단면"",""value"":47.5},{""name"":""엉덩이단면"",""value"":66.5},{""name"":""허벅지단면"",""value"":39.75},{""name"":""밑위"",""value"":35},{""name"":""밑단단면"",""value"":26}]},{""name"":""40"",""items"":[{""name"":""총장"",""value"":108},{""name"":""허리단면"",""value"":50},{""name"":""엉덩이단면"",""value"":69},{""name"":""허벅지단면"",""value"":41},{""name"":""밑위"",""value"":36},{""name"":""밑단단면"",""value"":26.5}]},{""name"":""42"",""items"":[{""name"":""총장"",""value"":109},{""name"":""허리단면"",""value"":52.5},{""name"":""엉덩이단면"",""value"":71.5},{""name"":""허벅지단면"",""value"":42.25},{""name"":""밑위"",""value"":37},{""name"":""밑단단면"",""value"":27}]}]"
"2026-07-23 22:56:53 KST","무신사","https://www.musinsa.com/products/2609006","2609006","무신사 스탠다드","라이트웨이트 쓰리 턱 세미 벌룬 슬랙스 [블랙]","남성","바지 / 슈트 팬츠/슬랙스","하의","슈트 팬츠/슬랙스","정상 판매·할인","API","26|27|28|29|30|31|32|33|34|36|38|40|42","13","총장|허리단면|엉덩이단면|허벅지단면|밑위|밑단단면","","","103","","35","57.5","35.25","29.2","","22.25","","cm(응답 관행; 명시 확인 불가)","","아니오","","가능","","성공","성공","미검증","아니오","고유","바지","003","슈트 팬츠/슬랙스","003008","","","","","https://goods-detail.musinsa.com/api2/goods/2609006","[{""name"":""26"",""items"":[{""name"":""총장"",""value"":103},{""name"":""허리단면"",""value"":35},{""name"":""엉덩이단면"",""value"":57.5},{""name"":""허벅지단면"",""value"":35.25},{""name"":""밑위"",""value"":29.2},{""name"":""밑단단면"",""value"":22.25}]},{""name"":""27"",""items"":[{""name"":""총장"",""value"":103},{""name"":""허리단면"",""value"":36.25},{""name"":""엉덩이단면"",""value"":58.75},{""name"":""허벅지단면"",""value"":35.875},{""name"":""밑위"",""value"":29.2},{""name"":""밑단단면"",""value"":22.5}]},{""name"":""28"",""items"":[{""name"":""총장"",""value"":104},{""name"":""허리단면"",""value"":37.5},{""name"":""엉덩이단면"",""value"":60},{""name"":""허벅지단면"",""value"":36.5},{""name"":""밑위"",""value"":29.7},{""name"":""밑단단면"",""value"":22.75}]},{""name"":""29"",""items"":[{""name"":""총장"",""value"":104},{""name"":""허리단면"",""value"":38.75},{""name"":""엉덩이단면"",""value"":61.25},{""name"":""허벅지단면"",""value"":37.125},{""name"":""밑위"",""value"":29.7},{""name"":""밑단단면"",""value"":23}]},{""name"":""30"",""items"":[{""name"":""총장"",""value"":105},{""name"":""허리단면"",""value"":40},{""name"":""엉덩이단면"",""value"":62.5},{""name"":""허벅지단면"",""value"":37.75},{""name"":""밑위"",""value"":30.2},{""name"":""밑단단면"",""value"":23.25}]},{""name"":""31"",""items"":[{""name"":""총장"",""value"":105},{""name"":""허리단면"",""value"":41.25},{""name"":""엉덩이단면"",""value"":63.75},{""name"":""허벅지단면"",""value"":38.375},{""name"":""밑위"",""value"":30.2},{""name"":""밑단단면"",""value"":23.5}]},{""name"":""32"",""items"":[{""name"":""총장"",""value"":105},{""name"":""허리단면"",""value"":42.5},{""name"":""엉덩이단면"",""value"":65},{""name"":""허벅지단면"",""value"":39},{""name"":""밑위"",""value"":30.7},{""name"":""밑단단면"",""value"":23.75}]},{""name"":""33"",""items"":[{""name"":""총장"",""value"":105},{""name"":""허리단면"",""value"":43.75},{""name"":""엉덩이단면"",""value"":66.25},{""name"":""허벅지단면"",""value"":39.625},{""name"":""밑위"",""value"":31.2},{""name"":""밑단단면"",""value"":24}]},{""name"":""34"",""items"":[{""name"":""총장"",""value"":106},{""name"":""허리단면"",""value"":45},{""name"":""엉덩이단면"",""value"":67.5},{""name"":""허벅지단면"",""value"":40.25},{""name"":""밑위"",""value"":31.7},{""name"":""밑단단면"",""value"":24.25}]},{""name"":""36"",""items"":[{""name"":""총장"",""value"":106},{""name"":""허리단면"",""value"":47.5},{""name"":""엉덩이단면"",""value"":70},{""name"":""허벅지단면"",""value"":41.5},{""name"":""밑위"",""value"":32.7},{""name"":""밑단단면"",""value"":24.75}]},{""name"":""38"",""items"":[{""name"":""총장"",""value"":107},{""name"":""허리단면"",""value"":50},{""name"":""엉덩이단면"",""value"":72.5},{""name"":""허벅지단면"",""value"":42.75},{""name"":""밑위"",""value"":33.7},{""name"":""밑단단면"",""value"":25.25}]},{""name"":""40"",""items"":[{""name"":""총장"",""value"":107},{""name"":""허리단면"",""value"":52.5},{""name"":""엉덩이단면"",""value"":75},{""name"":""허벅지단면"",""value"":44},{""name"":""밑위"",""value"":34.7},{""name"":""밑단단면"",""value"":25.75}]},{""name"":""42"",""items"":[{""name"":""총장"",""value"":108},{""name"":""허리단면"",""value"":55},{""name"":""엉덩이단면"",""value"":77.5},{""name"":""허벅지단면"",""value"":45.25},{""name"":""밑위"",""value"":35.7},{""name"":""밑단단면"",""value"":26.25}]}]"
"2026-07-23 22:56:54 KST","무신사","https://www.musinsa.com/products/6146614","6146614","토피","백포켓 카고 버뮤다 팬츠 (BLACK)","남성","바지 / 숏 팬츠","하의","숏 팬츠","정상 판매·할인","API","S|M|L|XL","4","총장|허리단면|엉덩이단면|허벅지단면|밑위|밑단단면","","","66","","37","56","37","32","","36","","cm(응답 관행; 명시 확인 불가)","","아니오","","가능","","성공","성공","미검증","아니오","고유","바지","003","숏 팬츠","003009","","","","","https://goods-detail.musinsa.com/api2/goods/6146614","[{""name"":""S"",""items"":[{""name"":""총장"",""value"":66},{""name"":""허리단면"",""value"":37},{""name"":""엉덩이단면"",""value"":56},{""name"":""허벅지단면"",""value"":37},{""name"":""밑위"",""value"":32},{""name"":""밑단단면"",""value"":36}]},{""name"":""M"",""items"":[{""name"":""총장"",""value"":68},{""name"":""허리단면"",""value"":39},{""name"":""엉덩이단면"",""value"":58},{""name"":""허벅지단면"",""value"":38},{""name"":""밑위"",""value"":33},{""name"":""밑단단면"",""value"":37}]},{""name"":""L"",""items"":[{""name"":""총장"",""value"":70},{""name"":""허리단면"",""value"":41},{""name"":""엉덩이단면"",""value"":60},{""name"":""허벅지단면"",""value"":39},{""name"":""밑위"",""value"":34},{""name"":""밑단단면"",""value"":38}]},{""name"":""XL"",""items"":[{""name"":""총장"",""value"":72},{""name"":""허리단면"",""value"":43},{""name"":""엉덩이단면"",""value"":62},{""name"":""허벅지단면"",""value"":40},{""name"":""밑위"",""value"":35},{""name"":""밑단단면"",""value"":39}]}]"
"2026-07-23 22:56:54 KST","무신사","https://www.musinsa.com/products/5413150","5413150","탄산마그네슘","코튼 와이드 스터드 팬츠 (스트라이프 버건디)","남성|여성","바지 / 코튼 팬츠","하의","코튼 팬츠","정상 판매·할인","API","1|2","2","총장|허리단면|엉덩이단면|허벅지단면|밑위|밑단단면","","","116.5","","38.5","56","32","34","","31","","cm(응답 관행; 명시 확인 불가)","","아니오","","가능","","성공","성공","미검증","아니오","고유","바지","003","코튼 팬츠","003007","","","","","https://goods-detail.musinsa.com/api2/goods/5413150","[{""name"":""1"",""items"":[{""name"":""총장"",""value"":116.5},{""name"":""허리단면"",""value"":38.5},{""name"":""엉덩이단면"",""value"":56},{""name"":""허벅지단면"",""value"":32},{""name"":""밑위"",""value"":34},{""name"":""밑단단면"",""value"":31}]},{""name"":""2"",""items"":[{""name"":""총장"",""value"":118},{""name"":""허리단면"",""value"":41},{""name"":""엉덩이단면"",""value"":56.5},{""name"":""허벅지단면"",""value"":34},{""name"":""밑위"",""value"":34.5},{""name"":""밑단단면"",""value"":33}]}]"
"2026-07-23 22:56:54 KST","무신사","https://www.musinsa.com/products/5354512","5354512","후러브스아트","스트라이프 와이드 밴딩 슬랙스 블랙","남성","바지 / 슈트 팬츠/슬랙스","하의","슈트 팬츠/슬랙스","정상 판매·할인","API","M|L|XL|기모 M|기모 L|기모 XL","6","총장|허리단면|엉덩이단면|허벅지단면|밑위|밑단단면","","","104","","33","55.5","34","32","","26","","cm(응답 관행; 명시 확인 불가)","","아니오","","가능","","성공","성공","미검증","아니오","고유","바지","003","슈트 팬츠/슬랙스","003008","","","","","https://goods-detail.musinsa.com/api2/goods/5354512","[{""name"":""M"",""items"":[{""name"":""총장"",""value"":104},{""name"":""허리단면"",""value"":33},{""name"":""엉덩이단면"",""value"":55.5},{""name"":""허벅지단면"",""value"":34},{""name"":""밑위"",""value"":32},{""name"":""밑단단면"",""value"":26}]},{""name"":""L"",""items"":[{""name"":""총장"",""value"":106},{""name"":""허리단면"",""value"":34.5},{""name"":""엉덩이단면"",""value"":56.5},{""name"":""허벅지단면"",""value"":35},{""name"":""밑위"",""value"":33},{""name"":""밑단단면"",""value"":27}]},{""name"":""XL"",""items"":[{""name"":""총장"",""value"":108},{""name"":""허리단면"",""value"":36},{""name"":""엉덩이단면"",""value"":58},{""name"":""허벅지단면"",""value"":36},{""name"":""밑위"",""value"":34},{""name"":""밑단단면"",""value"":28}]},{""name"":""기모 M"",""items"":[{""name"":""총장"",""value"":0},{""name"":""허리단면"",""value"":0},{""name"":""엉덩이단면"",""value"":0},{""name"":""허벅지단면"",""value"":0},{""name"":""밑위"",""value"":0},{""name"":""밑단단면"",""value"":0}]},{""name"":""기모 L"",""items"":[{""name"":""총장"",""value"":0},{""name"":""허리단면"",""value"":0},{""name"":""엉덩이단면"",""value"":0},{""name"":""허벅지단면"",""value"":0},{""name"":""밑위"",""value"":0},{""name"":""밑단단면"",""value"":0}]},{""name"":""기모 XL"",""items"":[{""name"":""총장"",""value"":0},{""name"":""허리단면"",""value"":0},{""name"":""엉덩이단면"",""value"":0},{""name"":""허벅지단면"",""value"":0},{""name"":""밑위"",""value"":0},{""name"":""밑단단면"",""value"":0}]}]"
"2026-07-23 22:56:54 KST","무신사","https://www.musinsa.com/products/4702364","4702364","엑스컨테이너","[여름용] 사이드 라인 나일론 트랙 팬츠 (BLACK)","남성","바지 / 트레이닝/조거 팬츠","하의","트레이닝/조거 팬츠","정상 판매·할인","API","M|L|XL","3","총장|허리단면|엉덩이단면|허벅지단면|밑위|밑단단면","","","106","","34","62","41","35","","28","","cm(응답 관행; 명시 확인 불가)","","아니오","","가능","","성공","성공","미검증","아니오","고유","바지","003","트레이닝/조거 팬츠","003004","","","","","https://goods-detail.musinsa.com/api2/goods/4702364","[{""name"":""M"",""items"":[{""name"":""총장"",""value"":106},{""name"":""허리단면"",""value"":34},{""name"":""엉덩이단면"",""value"":62},{""name"":""허벅지단면"",""value"":41},{""name"":""밑위"",""value"":35},{""name"":""밑단단면"",""value"":28}]},{""name"":""L"",""items"":[{""name"":""총장"",""value"":107},{""name"":""허리단면"",""value"":36},{""name"":""엉덩이단면"",""value"":64},{""name"":""허벅지단면"",""value"":42},{""name"":""밑위"",""value"":36},{""name"":""밑단단면"",""value"":29}]},{""name"":""XL"",""items"":[{""name"":""총장"",""value"":108},{""name"":""허리단면"",""value"":38},{""name"":""엉덩이단면"",""value"":66},{""name"":""허벅지단면"",""value"":43},{""name"":""밑위"",""value"":37},{""name"":""밑단단면"",""value"":30}]}]"
"2026-07-23 22:56:55 KST","무신사","https://www.musinsa.com/products/4933453","4933453","플랙","[메르고X플랙] 셀비지 베를린 K94 블랙 로우","남성","바지 / 데님 팬츠","하의","데님 팬츠","정상 판매·할인","API","29|30|31|32|33|34|36","7","총장|허리단면|엉덩이단면|허벅지단면|밑위|밑단단면","","","95","","40","50.25","29.7","29.5","","20.05","","cm(응답 관행; 명시 확인 불가)","","아니오","","가능","","성공","성공","미검증","아니오","고유","바지","003","데님 팬츠","003002","","","","","https://goods-detail.musinsa.com/api2/goods/4933453","[{""name"":""29"",""items"":[{""name"":""총장"",""value"":95},{""name"":""허리단면"",""value"":40},{""name"":""엉덩이단면"",""value"":50.25},{""name"":""허벅지단면"",""value"":29.7},{""name"":""밑위"",""value"":29.5},{""name"":""밑단단면"",""value"":20.05}]},{""name"":""30"",""items"":[{""name"":""총장"",""value"":95.5},{""name"":""허리단면"",""value"":41.25},{""name"":""엉덩이단면"",""value"":51.5},{""name"":""허벅지단면"",""value"":30.35},{""name"":""밑위"",""value"":30},{""name"":""밑단단면"",""value"":20.4}]},{""name"":""31"",""items"":[{""name"":""총장"",""value"":96},{""name"":""허리단면"",""value"":42.5},{""name"":""엉덩이단면"",""value"":52.75},{""name"":""허벅지단면"",""value"":31},{""name"":""밑위"",""value"":30.5},{""name"":""밑단단면"",""value"":20.75}]},{""name"":""32"",""items"":[{""name"":""총장"",""value"":99},{""name"":""허리단면"",""value"":43.75},{""name"":""엉덩이단면"",""value"":54},{""name"":""허벅지단면"",""value"":31.65},{""name"":""밑위"",""value"":31},{""name"":""밑단단면"",""value"":21.1}]},{""name"":""33"",""items"":[{""name"":""총장"",""value"":99.5},{""name"":""허리단면"",""value"":45},{""name"":""엉덩이단면"",""value"":55.25},{""name"":""허벅지단면"",""value"":32.3},{""name"":""밑위"",""value"":31.5},{""name"":""밑단단면"",""value"":21.45}]},{""name"":""34"",""items"":[{""name"":""총장"",""value"":100},{""name"":""허리단면"",""value"":46.25},{""name"":""엉덩이단면"",""value"":56.5},{""name"":""허벅지단면"",""value"":32.95},{""name"":""밑위"",""value"":32},{""name"":""밑단단면"",""value"":21.8}]},{""name"":""36"",""items"":[{""name"":""총장"",""value"":101},{""name"":""허리단면"",""value"":48.75},{""name"":""엉덩이단면"",""value"":59},{""name"":""허벅지단면"",""value"":34.25},{""name"":""밑위"",""value"":33},{""name"":""밑단단면"",""value"":22.5}]}]"
"2026-07-23 22:56:55 KST","무신사","https://www.musinsa.com/products/4190655","4190655","제로","Deep One Tuck Sweat Shorts [Light Grey]","남성","바지 / 숏 팬츠","하의","숏 팬츠","정상 판매·할인","API","S|M|L|FREE","4","총장|허리단면|엉덩이단면|허벅지단면|밑위|밑단단면","","","58","","31.5","0","32","33","","30","","cm(응답 관행; 명시 확인 불가)","","아니오","","가능","","성공","성공","미검증","아니오","고유","바지","003","숏 팬츠","003009","","","","","https://goods-detail.musinsa.com/api2/goods/4190655","[{""name"":""S"",""items"":[{""name"":""총장"",""value"":58},{""name"":""허리단면"",""value"":31.5},{""name"":""엉덩이단면"",""value"":0},{""name"":""허벅지단면"",""value"":32},{""name"":""밑위"",""value"":33},{""name"":""밑단단면"",""value"":30}]},{""name"":""M"",""items"":[{""name"":""총장"",""value"":60},{""name"":""허리단면"",""value"":32.5},{""name"":""엉덩이단면"",""value"":0},{""name"":""허벅지단면"",""value"":33.5},{""name"":""밑위"",""value"":34.5},{""name"":""밑단단면"",""value"":31.5}]},{""name"":""L"",""items"":[{""name"":""총장"",""value"":62},{""name"":""허리단면"",""value"":34.5},{""name"":""엉덩이단면"",""value"":0},{""name"":""허벅지단면"",""value"":35},{""name"":""밑위"",""value"":36},{""name"":""밑단단면"",""value"":33}]},{""name"":""FREE"",""items"":[{""name"":""총장"",""value"":68},{""name"":""허리단면"",""value"":34.5},{""name"":""엉덩이단면"",""value"":0},{""name"":""허벅지단면"",""value"":35},{""name"":""밑위"",""value"":36},{""name"":""밑단단면"",""value"":36}]}]"
"2026-07-23 22:56:55 KST","무신사","https://www.musinsa.com/products/6809660","6809660","노스페이스","NS6NS02A 남성 플렉스코어 쇼츠 BLACK","남성","스포츠/레저 / 하의 / 숏팬츠","하의","하의","정상 판매·할인","없음","","0","","","","","","","","","","","","","cm(응답 관행; 명시 확인 불가)","","아니오","actual-size data null","제한/불가","치수 행 없음","성공","실패","미검증","아니오","고유","스포츠/레저","017","하의","017020","숏팬츠","017020002","","","https://goods-detail.musinsa.com/api2/goods/6809660","[]"
"2026-07-23 22:56:55 KST","무신사","https://www.musinsa.com/products/4071959","4071959","오더아카이브","다트 버뮤다 데님 하프팬츠 샌드블랙","남성","바지 / 숏 팬츠","하의","숏 팬츠","정상 판매·할인","API","26|28|30|32|34","5","총장|허리단면|엉덩이단면|허벅지단면|밑위|밑단단면","","","56","","36","0","35","32","","32","","cm(응답 관행; 명시 확인 불가)","","아니오","","가능","","성공","성공","미검증","아니오","고유","바지","003","숏 팬츠","003009","","","","","https://goods-detail.musinsa.com/api2/goods/4071959","[{""name"":""26"",""items"":[{""name"":""총장"",""value"":56},{""name"":""허리단면"",""value"":36},{""name"":""엉덩이단면"",""value"":0},{""name"":""허벅지단면"",""value"":35},{""name"":""밑위"",""value"":32},{""name"":""밑단단면"",""value"":32}]},{""name"":""28"",""items"":[{""name"":""총장"",""value"":57},{""name"":""허리단면"",""value"":38},{""name"":""엉덩이단면"",""value"":0},{""name"":""허벅지단면"",""value"":36},{""name"":""밑위"",""value"":32.5},{""name"":""밑단단면"",""value"":32.5}]},{""name"":""30"",""items"":[{""name"":""총장"",""value"":58},{""name"":""허리단면"",""value"":40},{""name"":""엉덩이단면"",""value"":0},{""name"":""허벅지단면"",""value"":37},{""name"":""밑위"",""value"":33},{""name"":""밑단단면"",""value"":33}]},{""name"":""32"",""items"":[{""name"":""총장"",""value"":59},{""name"":""허리단면"",""value"":42},{""name"":""엉덩이단면"",""value"":0},{""name"":""허벅지단면"",""value"":38},{""name"":""밑위"",""value"":33.5},{""name"":""밑단단면"",""value"":33.5}]},{""name"":""34"",""items"":[{""name"":""총장"",""value"":60},{""name"":""허리단면"",""value"":44},{""name"":""엉덩이단면"",""value"":0},{""name"":""허벅지단면"",""value"":39},{""name"":""밑위"",""value"":34},{""name"":""밑단단면"",""value"":34}]}]"
"2026-07-23 22:56:56 KST","무신사","https://www.musinsa.com/products/6694431","6694431","그레이버","[SET]STAR CROSS 부츠컷팬츠+WAIST BAND","여성","바지 / 트레이닝/조거 팬츠","하의","트레이닝/조거 팬츠","정상 판매·할인","API","ONE SIZE","1","총장|허리단면|엉덩이단면|허벅지단면|밑위|밑단단면","","","106","","30","0","25","20","","0","","cm(응답 관행; 명시 확인 불가)","","아니오","","가능","","성공","성공","미검증","아니오","고유","바지","003","트레이닝/조거 팬츠","003004","","","","","https://goods-detail.musinsa.com/api2/goods/6694431","[{""name"":""ONE SIZE"",""items"":[{""name"":""총장"",""value"":106},{""name"":""허리단면"",""value"":30},{""name"":""엉덩이단면"",""value"":0},{""name"":""허벅지단면"",""value"":25},{""name"":""밑위"",""value"":20},{""name"":""밑단단면"",""value"":0}]}]"
"2026-07-23 22:56:56 KST","무신사","https://www.musinsa.com/products/4993190","4993190","언탭트 스튜디오","라이크 린넨 원턱 와이드 밴딩 팬츠 3Color","남성","바지 / 코튼 팬츠","하의","코튼 팬츠","정상 판매·할인","API","M(28-30)|L(31-32)|XL(33-34)|2XL(35-36)|3XL(37-40)","5","총장|허리단면|엉덩이단면|허벅지단면|밑위|밑단단면","","","105","","37","64","38","33","","26","","cm(응답 관행; 명시 확인 불가)","","아니오","","가능","","성공","성공","미검증","아니오","고유","바지","003","코튼 팬츠","003007","","","","","https://goods-detail.musinsa.com/api2/goods/4993190","[{""name"":""M(28-30)"",""items"":[{""name"":""총장"",""value"":105},{""name"":""허리단면"",""value"":37},{""name"":""엉덩이단면"",""value"":64},{""name"":""허벅지단면"",""value"":38},{""name"":""밑위"",""value"":33},{""name"":""밑단단면"",""value"":26}]},{""name"":""L(31-32)"",""items"":[{""name"":""총장"",""value"":106},{""name"":""허리단면"",""value"":39},{""name"":""엉덩이단면"",""value"":66},{""name"":""허벅지단면"",""value"":39},{""name"":""밑위"",""value"":34},{""name"":""밑단단면"",""value"":27}]},{""name"":""XL(33-34)"",""items"":[{""name"":""총장"",""value"":107},{""name"":""허리단면"",""value"":41},{""name"":""엉덩이단면"",""value"":68},{""name"":""허벅지단면"",""value"":40},{""name"":""밑위"",""value"":35},{""name"":""밑단단면"",""value"":28}]},{""name"":""2XL(35-36)"",""items"":[{""name"":""총장"",""value"":108},{""name"":""허리단면"",""value"":43},{""name"":""엉덩이단면"",""value"":70},{""name"":""허벅지단면"",""value"":41},{""name"":""밑위"",""value"":36},{""name"":""밑단단면"",""value"":29}]},{""name"":""3XL(37-40)"",""items"":[{""name"":""총장"",""value"":109},{""name"":""허리단면"",""value"":45},{""name"":""엉덩이단면"",""value"":72},{""name"":""허벅지단면"",""value"":42},{""name"":""밑위"",""value"":37},{""name"":""밑단단면"",""value"":30}]}]"
"2026-07-23 22:56:56 KST","무신사","https://www.musinsa.com/products/5152458","5152458","마인드브릿지","두굿_와이드 원턱 쿨맥스 밴딩 슬랙스 - 2color","남성","바지 / 슈트 팬츠/슬랙스","하의","슈트 팬츠/슬랙스","정상 판매·할인","API","029|030|032|034|036|038","6","총장|허리단면|엉덩이단면|허벅지단면|밑위|밑단단면","","","105.5","","37.25","52.75","32.55","26.5","","24.8","","cm(응답 관행; 명시 확인 불가)","","아니오","","가능","","성공","성공","미검증","아니오","고유","바지","003","슈트 팬츠/슬랙스","003008","","","","","https://goods-detail.musinsa.com/api2/goods/5152458","[{""name"":""029"",""items"":[{""name"":""총장"",""value"":105.5},{""name"":""허리단면"",""value"":37.25},{""name"":""엉덩이단면"",""value"":52.75},{""name"":""허벅지단면"",""value"":32.55},{""name"":""밑위"",""value"":26.5},{""name"":""밑단단면"",""value"":24.8}]},{""name"":""030"",""items"":[{""name"":""총장"",""value"":106},{""name"":""허리단면"",""value"":38.5},{""name"":""엉덩이단면"",""value"":54},{""name"":""허벅지단면"",""value"":33.2},{""name"":""밑위"",""value"":27},{""name"":""밑단단면"",""value"":25}]},{""name"":""032"",""items"":[{""name"":""총장"",""value"":107},{""name"":""허리단면"",""value"":41},{""name"":""엉덩이단면"",""value"":56.5},{""name"":""허벅지단면"",""value"":34.5},{""name"":""밑위"",""value"":28},{""name"":""밑단단면"",""value"":25.5}]},{""name"":""034"",""items"":[{""name"":""총장"",""value"":108},{""name"":""허리단면"",""value"":43.5},{""name"":""엉덩이단면"",""value"":59},{""name"":""허벅지단면"",""value"":35.8},{""name"":""밑위"",""value"":29},{""name"":""밑단단면"",""value"":26}]},{""name"":""036"",""items"":[{""name"":""총장"",""value"":109},{""name"":""허리단면"",""value"":46},{""name"":""엉덩이단면"",""value"":61.5},{""name"":""허벅지단면"",""value"":37.1},{""name"":""밑위"",""value"":30},{""name"":""밑단단면"",""value"":26.5}]},{""name"":""038"",""items"":[{""name"":""총장"",""value"":110},{""name"":""허리단면"",""value"":48.5},{""name"":""엉덩이단면"",""value"":63.5},{""name"":""허벅지단면"",""value"":38.4},{""name"":""밑위"",""value"":31},{""name"":""밑단단면"",""value"":27}]}]"
"2026-07-23 22:56:56 KST","무신사","https://www.musinsa.com/products/6733025","6733025","애즈온","SUNFADE DENIM PANTS / LIGHT BLUE","여성","바지 / 데님 팬츠","하의","데님 팬츠","정상 판매","API","S|M","2","총장|허리단면|엉덩이단면|허벅지단면|밑위|밑단단면","","","103","","35.5","53","33","33.8","","26","","cm(응답 관행; 명시 확인 불가)","","아니오","","가능","","성공","성공","미검증","아니오","고유","바지","003","데님 팬츠","003002","","","","","https://goods-detail.musinsa.com/api2/goods/6733025","[{""name"":""S"",""items"":[{""name"":""총장"",""value"":103},{""name"":""허리단면"",""value"":35.5},{""name"":""엉덩이단면"",""value"":53},{""name"":""허벅지단면"",""value"":33},{""name"":""밑위"",""value"":33.8},{""name"":""밑단단면"",""value"":26}]},{""name"":""M"",""items"":[{""name"":""총장"",""value"":105.3},{""name"":""허리단면"",""value"":37.5},{""name"":""엉덩이단면"",""value"":55},{""name"":""허벅지단면"",""value"":34},{""name"":""밑위"",""value"":35},{""name"":""밑단단면"",""value"":27.5}]}]"
"2026-07-23 22:56:57 KST","무신사","https://www.musinsa.com/products/4108579","4108579","드로우핏","[패션플래닛X드로우핏] 쿨링 릴렉스드 와이드 밴딩 팬츠 [BLACK]","남성","바지 / 슈트 팬츠/슬랙스","하의","슈트 팬츠/슬랙스","정상 판매·할인","API","M|L|XL","3","총장|허리단면|엉덩이단면|허벅지단면|밑위|밑단단면","","","102.5","","37","55","35","26","","24","","cm(응답 관행; 명시 확인 불가)","","아니오","","가능","","성공","성공","미검증","아니오","고유","바지","003","슈트 팬츠/슬랙스","003008","","","","","https://goods-detail.musinsa.com/api2/goods/4108579","[{""name"":""M"",""items"":[{""name"":""총장"",""value"":102.5},{""name"":""허리단면"",""value"":37},{""name"":""엉덩이단면"",""value"":55},{""name"":""허벅지단면"",""value"":35},{""name"":""밑위"",""value"":26},{""name"":""밑단단면"",""value"":24}]},{""name"":""L"",""items"":[{""name"":""총장"",""value"":104},{""name"":""허리단면"",""value"":39},{""name"":""엉덩이단면"",""value"":57},{""name"":""허벅지단면"",""value"":36},{""name"":""밑위"",""value"":26.5},{""name"":""밑단단면"",""value"":25}]},{""name"":""XL"",""items"":[{""name"":""총장"",""value"":105.5},{""name"":""허리단면"",""value"":41},{""name"":""엉덩이단면"",""value"":59},{""name"":""허벅지단면"",""value"":37},{""name"":""밑위"",""value"":27},{""name"":""밑단단면"",""value"":26}]}]"
"2026-07-23 22:56:57 KST","무신사","https://www.musinsa.com/products/6373202","6373202","미쏘","카고 스트링 팬츠_MIWTCG603C","여성","바지 / 코튼 팬츠","하의","코튼 팬츠","정상 판매","없음","","0","","","","","","","","","","","","","cm(응답 관행; 명시 확인 불가)","","아니오","actual-size data null","제한/불가","치수 행 없음","성공","실패","미검증","아니오","고유","바지","003","코튼 팬츠","003007","","","","","https://goods-detail.musinsa.com/api2/goods/6373202","[]"
"2026-07-23 22:56:57 KST","무신사","https://www.musinsa.com/products/2303284","2303284","무신사 스탠다드 우먼","우먼즈 스트레이트 데님 팬츠 [미디엄 인디고]","여성","바지 / 데님 팬츠","하의","데님 팬츠","정상 판매·할인","API","23|24|25|26|27|28|29|30|32","9","총장|허리단면|엉덩이단면|허벅지단면|밑위|밑단단면","","","102","","30.25","41.75","26.63","27.5","","21.25","","cm(응답 관행; 명시 확인 불가)","","아니오","","가능","","성공","성공","미검증","아니오","고유","바지","003","데님 팬츠","003002","","","","","https://goods-detail.musinsa.com/api2/goods/2303284","[{""name"":""23"",""items"":[{""name"":""총장"",""value"":102},{""name"":""허리단면"",""value"":30.25},{""name"":""엉덩이단면"",""value"":41.75},{""name"":""허벅지단면"",""value"":26.63},{""name"":""밑위"",""value"":27.5},{""name"":""밑단단면"",""value"":21.25}]},{""name"":""24"",""items"":[{""name"":""총장"",""value"":103},{""name"":""허리단면"",""value"":31.5},{""name"":""엉덩이단면"",""value"":43},{""name"":""허벅지단면"",""value"":27.25},{""name"":""밑위"",""value"":28},{""name"":""밑단단면"",""value"":21.5}]},{""name"":""25"",""items"":[{""name"":""총장"",""value"":103},{""name"":""허리단면"",""value"":32.75},{""name"":""엉덩이단면"",""value"":44.25},{""name"":""허벅지단면"",""value"":27.88},{""name"":""밑위"",""value"":28.5},{""name"":""밑단단면"",""value"":21.75}]},{""name"":""26"",""items"":[{""name"":""총장"",""value"":104},{""name"":""허리단면"",""value"":34},{""name"":""엉덩이단면"",""value"":45.5},{""name"":""허벅지단면"",""value"":28.5},{""name"":""밑위"",""value"":29},{""name"":""밑단단면"",""value"":22}]},{""name"":""27"",""items"":[{""name"":""총장"",""value"":104},{""name"":""허리단면"",""value"":35.25},{""name"":""엉덩이단면"",""value"":46.75},{""name"":""허벅지단면"",""value"":29.13},{""name"":""밑위"",""value"":29.5},{""name"":""밑단단면"",""value"":22.25}]},{""name"":""28"",""items"":[{""name"":""총장"",""value"":104},{""name"":""허리단면"",""value"":36.5},{""name"":""엉덩이단면"",""value"":48},{""name"":""허벅지단면"",""value"":29.75},{""name"":""밑위"",""value"":30},{""name"":""밑단단면"",""value"":22.5}]},{""name"":""29"",""items"":[{""name"":""총장"",""value"":105},{""name"":""허리단면"",""value"":37.75},{""name"":""엉덩이단면"",""value"":49.25},{""name"":""허벅지단면"",""value"":30.38},{""name"":""밑위"",""value"":30.5},{""name"":""밑단단면"",""value"":22.75}]},{""name"":""30"",""items"":[{""name"":""총장"",""value"":105},{""name"":""허리단면"",""value"":39},{""name"":""엉덩이단면"",""value"":50.5},{""name"":""허벅지단면"",""value"":31},{""name"":""밑위"",""value"":31},{""name"":""밑단단면"",""value"":23}]},{""name"":""32"",""items"":[{""name"":""총장"",""value"":106},{""name"":""허리단면"",""value"":41.5},{""name"":""엉덩이단면"",""value"":54},{""name"":""허벅지단면"",""value"":32.75},{""name"":""밑위"",""value"":32},{""name"":""밑단단면"",""value"":23.5}]}]"
"2026-07-23 22:56:58 KST","무신사","https://www.musinsa.com/products/6152463","6152463","모즈모즈","컴포트 썸머 와이드 팬츠 블랙","남성|여성","바지 / 기타 하의","하의","기타 하의","정상 판매·할인","API","1(M-L)|2(XL-2XL)|3(2XL-3XL)|4(3XL-4XL)","4","총장|허리단면|엉덩이단면|허벅지단면|밑위|밑단단면","","","100.5","","31","51","40","31.5","","25","","cm(응답 관행; 명시 확인 불가)","","아니오","","가능","","성공","성공","미검증","아니오","고유","바지","003","기타 하의","003006","","","","","https://goods-detail.musinsa.com/api2/goods/6152463","[{""name"":""1(M-L)"",""items"":[{""name"":""총장"",""value"":100.5},{""name"":""허리단면"",""value"":31},{""name"":""엉덩이단면"",""value"":51},{""name"":""허벅지단면"",""value"":40},{""name"":""밑위"",""value"":31.5},{""name"":""밑단단면"",""value"":25}]},{""name"":""2(XL-2XL)"",""items"":[{""name"":""총장"",""value"":104},{""name"":""허리단면"",""value"":34},{""name"":""엉덩이단면"",""value"":55},{""name"":""허벅지단면"",""value"":42},{""name"":""밑위"",""value"":33},{""name"":""밑단단면"",""value"":27}]},{""name"":""3(2XL-3XL)"",""items"":[{""name"":""총장"",""value"":107.5},{""name"":""허리단면"",""value"":37},{""name"":""엉덩이단면"",""value"":59},{""name"":""허벅지단면"",""value"":44},{""name"":""밑위"",""value"":34.5},{""name"":""밑단단면"",""value"":29}]},{""name"":""4(3XL-4XL)"",""items"":[{""name"":""총장"",""value"":109},{""name"":""허리단면"",""value"":40},{""name"":""엉덩이단면"",""value"":63},{""name"":""허벅지단면"",""value"":46},{""name"":""밑위"",""value"":35},{""name"":""밑단단면"",""value"":31}]}]"
"2026-07-23 22:56:58 KST","무신사","https://www.musinsa.com/products/3306719","3306719","브렌슨","라이크린넨 원턱 밴딩 팬츠 ( 5Color )","남성|여성","바지 / 코튼 팬츠","하의","코튼 팬츠","정상 판매·할인","API","M|L|XL","3","총장|허리단면|엉덩이단면|허벅지단면|밑위|밑단단면","","","102","","35","58","36","32.5","","23","","cm(응답 관행; 명시 확인 불가)","","아니오","","가능","","성공","성공","미검증","아니오","고유","바지","003","코튼 팬츠","003007","","","","","https://goods-detail.musinsa.com/api2/goods/3306719","[{""name"":""M"",""items"":[{""name"":""총장"",""value"":102},{""name"":""허리단면"",""value"":35},{""name"":""엉덩이단면"",""value"":58},{""name"":""허벅지단면"",""value"":36},{""name"":""밑위"",""value"":32.5},{""name"":""밑단단면"",""value"":23}]},{""name"":""L"",""items"":[{""name"":""총장"",""value"":103.5},{""name"":""허리단면"",""value"":37},{""name"":""엉덩이단면"",""value"":60},{""name"":""허벅지단면"",""value"":37},{""name"":""밑위"",""value"":33.5},{""name"":""밑단단면"",""value"":24}]},{""name"":""XL"",""items"":[{""name"":""총장"",""value"":105},{""name"":""허리단면"",""value"":39},{""name"":""엉덩이단면"",""value"":62},{""name"":""허벅지단면"",""value"":38},{""name"":""밑위"",""value"":34.5},{""name"":""밑단단면"",""value"":25}]}]"
"2026-07-23 22:56:58 KST","무신사","https://www.musinsa.com/products/4719540","4719540","무신사 스탠다드","투 턱 와이드 치노 쇼츠 [베이지]","남성","바지 / 숏 팬츠","하의","숏 팬츠","정상 판매·할인","API","26|27|28|29|30|31|32|33|34|36|38|40|42","13","총장|허리단면|엉덩이단면|허벅지단면|밑위|밑단단면","","","56","","35","55.5","33.75","30.5","","29.5","","cm(응답 관행; 명시 확인 불가)","","아니오","","가능","","성공","성공","미검증","아니오","고유","바지","003","숏 팬츠","003009","","","","","https://goods-detail.musinsa.com/api2/goods/4719540","[{""name"":""26"",""items"":[{""name"":""총장"",""value"":56},{""name"":""허리단면"",""value"":35},{""name"":""엉덩이단면"",""value"":55.5},{""name"":""허벅지단면"",""value"":33.75},{""name"":""밑위"",""value"":30.5},{""name"":""밑단단면"",""value"":29.5}]},{""name"":""27"",""items"":[{""name"":""총장"",""value"":56},{""name"":""허리단면"",""value"":36.25},{""name"":""엉덩이단면"",""value"":56.75},{""name"":""허벅지단면"",""value"":34.375},{""name"":""밑위"",""value"":30.5},{""name"":""밑단단면"",""value"":30}]},{""name"":""28"",""items"":[{""name"":""총장"",""value"":57},{""name"":""허리단면"",""value"":37.5},{""name"":""엉덩이단면"",""value"":58},{""name"":""허벅지단면"",""value"":35},{""name"":""밑위"",""value"":31},{""name"":""밑단단면"",""value"":30.5}]},{""name"":""29"",""items"":[{""name"":""총장"",""value"":57},{""name"":""허리단면"",""value"":38.75},{""name"":""엉덩이단면"",""value"":59.25},{""name"":""허벅지단면"",""value"":35.625},{""name"":""밑위"",""value"":31},{""name"":""밑단단면"",""value"":31}]},{""name"":""30"",""items"":[{""name"":""총장"",""value"":58},{""name"":""허리단면"",""value"":40},{""name"":""엉덩이단면"",""value"":60.5},{""name"":""허벅지단면"",""value"":36.25},{""name"":""밑위"",""value"":31.5},{""name"":""밑단단면"",""value"":31.5}]},{""name"":""31"",""items"":[{""name"":""총장"",""value"":58},{""name"":""허리단면"",""value"":41.25},{""name"":""엉덩이단면"",""value"":61.75},{""name"":""허벅지단면"",""value"":36.875},{""name"":""밑위"",""value"":31.5},{""name"":""밑단단면"",""value"":32}]},{""name"":""32"",""items"":[{""name"":""총장"",""value"":58},{""name"":""허리단면"",""value"":42.5},{""name"":""엉덩이단면"",""value"":63},{""name"":""허벅지단면"",""value"":37.5},{""name"":""밑위"",""value"":32},{""name"":""밑단단면"",""value"":32.5}]},{""name"":""33"",""items"":[{""name"":""총장"",""value"":58},{""name"":""허리단면"",""value"":43.75},{""name"":""엉덩이단면"",""value"":64.25},{""name"":""허벅지단면"",""value"":38.125},{""name"":""밑위"",""value"":32.5},{""name"":""밑단단면"",""value"":33}]},{""name"":""34"",""items"":[{""name"":""총장"",""value"":59},{""name"":""허리단면"",""value"":45},{""name"":""엉덩이단면"",""value"":65.5},{""name"":""허벅지단면"",""value"":38.75},{""name"":""밑위"",""value"":33},{""name"":""밑단단면"",""value"":33.5}]},{""name"":""36"",""items"":[{""name"":""총장"",""value"":59},{""name"":""허리단면"",""value"":47.5},{""name"":""엉덩이단면"",""value"":68},{""name"":""허벅지단면"",""value"":40},{""name"":""밑위"",""value"":34},{""name"":""밑단단면"",""value"":34.5}]},{""name"":""38"",""items"":[{""name"":""총장"",""value"":60},{""name"":""허리단면"",""value"":50},{""name"":""엉덩이단면"",""value"":70.5},{""name"":""허벅지단면"",""value"":41.25},{""name"":""밑위"",""value"":35},{""name"":""밑단단면"",""value"":35.5}]},{""name"":""40"",""items"":[{""name"":""총장"",""value"":60},{""name"":""허리단면"",""value"":52.5},{""name"":""엉덩이단면"",""value"":73},{""name"":""허벅지단면"",""value"":42.5},{""name"":""밑위"",""value"":36},{""name"":""밑단단면"",""value"":36.5}]},{""name"":""42"",""items"":[{""name"":""총장"",""value"":61},{""name"":""허리단면"",""value"":55},{""name"":""엉덩이단면"",""value"":75.5},{""name"":""허벅지단면"",""value"":43.75},{""name"":""밑위"",""value"":37},{""name"":""밑단단면"",""value"":37.5}]}]"
"2026-07-23 22:56:58 KST","무신사","https://www.musinsa.com/products/3189629","3189629","퍼스텝","[2PACK] 쿨믹스 와이드 린넨 라이크 롱팬츠 8종 2PACK BJLP4539","남성","바지 / 코튼 팬츠","하의","코튼 팬츠","정상 판매·할인","API","M|L|XL|2XL","4","총장|허리단면|엉덩이단면|허벅지단면|밑위|밑단단면","","","98","","36","55","35","33","","23","","cm(응답 관행; 명시 확인 불가)","","아니오","","가능","","성공","성공","미검증","아니오","고유","바지","003","코튼 팬츠","003007","","","","","https://goods-detail.musinsa.com/api2/goods/3189629","[{""name"":""M"",""items"":[{""name"":""총장"",""value"":98},{""name"":""허리단면"",""value"":36},{""name"":""엉덩이단면"",""value"":55},{""name"":""허벅지단면"",""value"":35},{""name"":""밑위"",""value"":33},{""name"":""밑단단면"",""value"":23}]},{""name"":""L"",""items"":[{""name"":""총장"",""value"":100},{""name"":""허리단면"",""value"":39},{""name"":""엉덩이단면"",""value"":58},{""name"":""허벅지단면"",""value"":36.5},{""name"":""밑위"",""value"":34},{""name"":""밑단단면"",""value"":24.5}]},{""name"":""XL"",""items"":[{""name"":""총장"",""value"":102},{""name"":""허리단면"",""value"":42},{""name"":""엉덩이단면"",""value"":61},{""name"":""허벅지단면"",""value"":38},{""name"":""밑위"",""value"":35},{""name"":""밑단단면"",""value"":26}]},{""name"":""2XL"",""items"":[{""name"":""총장"",""value"":104},{""name"":""허리단면"",""value"":45},{""name"":""엉덩이단면"",""value"":64},{""name"":""허벅지단면"",""value"":39.5},{""name"":""밑위"",""value"":36},{""name"":""밑단단면"",""value"":27.5}]}]"
"2026-07-23 22:56:59 KST","무신사","https://www.musinsa.com/products/6102673","6102673","마인드브릿지","[ON]린넨 혼방 와이드 원턱 풀 밴딩 데일리 코튼 팬츠 - 3color","남성","바지 / 코튼 팬츠","하의","코튼 팬츠","정상 판매·할인","API","029|030|032|034|036","5","총장|허리단면|엉덩이단면|허벅지단면|밑위|밑단단면","","","104.5","","36.25","55.25","34.05","30.5","","25.25","","cm(응답 관행; 명시 확인 불가)","","아니오","","가능","","성공","성공","미검증","아니오","고유","바지","003","코튼 팬츠","003007","","","","","https://goods-detail.musinsa.com/api2/goods/6102673","[{""name"":""029"",""items"":[{""name"":""총장"",""value"":104.5},{""name"":""허리단면"",""value"":36.25},{""name"":""엉덩이단면"",""value"":55.25},{""name"":""허벅지단면"",""value"":34.05},{""name"":""밑위"",""value"":30.5},{""name"":""밑단단면"",""value"":25.25}]},{""name"":""030"",""items"":[{""name"":""총장"",""value"":105},{""name"":""허리단면"",""value"":37.5},{""name"":""엉덩이단면"",""value"":56.5},{""name"":""허벅지단면"",""value"":34.7},{""name"":""밑위"",""value"":31},{""name"":""밑단단면"",""value"":25.5}]},{""name"":""032"",""items"":[{""name"":""총장"",""value"":106},{""name"":""허리단면"",""value"":40},{""name"":""엉덩이단면"",""value"":59},{""name"":""허벅지단면"",""value"":36},{""name"":""밑위"",""value"":32},{""name"":""밑단단면"",""value"":26}]},{""name"":""034"",""items"":[{""name"":""총장"",""value"":107},{""name"":""허리단면"",""value"":42.5},{""name"":""엉덩이단면"",""value"":61.5},{""name"":""허벅지단면"",""value"":37.3},{""name"":""밑위"",""value"":33},{""name"":""밑단단면"",""value"":26.5}]},{""name"":""036"",""items"":[{""name"":""총장"",""value"":108},{""name"":""허리단면"",""value"":45},{""name"":""엉덩이단면"",""value"":64},{""name"":""허벅지단면"",""value"":38.6},{""name"":""밑위"",""value"":34},{""name"":""밑단단면"",""value"":27}]}]"
"2026-07-23 22:56:59 KST","무신사","https://www.musinsa.com/products/3943088","3943088","음","배색라인 와이드 트레이닝 트랙팬츠","여성","바지 / 트레이닝/조거 팬츠","하의","트레이닝/조거 팬츠","정상 판매·할인","API","F","1","총장|허리단면|엉덩이단면|허벅지단면|밑위|밑단단면","","","104","","29","62","36","64","","28","","cm(응답 관행; 명시 확인 불가)","","아니오","","가능","","성공","성공","미검증","아니오","고유","바지","003","트레이닝/조거 팬츠","003004","","","","","https://goods-detail.musinsa.com/api2/goods/3943088","[{""name"":""F"",""items"":[{""name"":""총장"",""value"":104},{""name"":""허리단면"",""value"":29},{""name"":""엉덩이단면"",""value"":62},{""name"":""허벅지단면"",""value"":36},{""name"":""밑위"",""value"":64},{""name"":""밑단단면"",""value"":28}]}]"
"2026-07-23 22:56:59 KST","무신사","https://www.musinsa.com/products/6454409","6454409","토피","[여름 기획 원단] 커브드 와이드 코튼 팬츠 (BEIGE)","남성","바지 / 코튼 팬츠","하의","코튼 팬츠","정상 판매·할인","API","S|M|L|XL","4","총장|허리단면|엉덩이단면|허벅지단면|밑위|밑단단면","","","104","","37","56","38","34","","25","","cm(응답 관행; 명시 확인 불가)","","아니오","","가능","","성공","성공","미검증","아니오","고유","바지","003","코튼 팬츠","003007","","","","","https://goods-detail.musinsa.com/api2/goods/6454409","[{""name"":""S"",""items"":[{""name"":""총장"",""value"":104},{""name"":""허리단면"",""value"":37},{""name"":""엉덩이단면"",""value"":56},{""name"":""허벅지단면"",""value"":38},{""name"":""밑위"",""value"":34},{""name"":""밑단단면"",""value"":25}]},{""name"":""M"",""items"":[{""name"":""총장"",""value"":106},{""name"":""허리단면"",""value"":39},{""name"":""엉덩이단면"",""value"":58},{""name"":""허벅지단면"",""value"":39},{""name"":""밑위"",""value"":35},{""name"":""밑단단면"",""value"":26}]},{""name"":""L"",""items"":[{""name"":""총장"",""value"":108},{""name"":""허리단면"",""value"":41},{""name"":""엉덩이단면"",""value"":60},{""name"":""허벅지단면"",""value"":40},{""name"":""밑위"",""value"":36},{""name"":""밑단단면"",""value"":27}]},{""name"":""XL"",""items"":[{""name"":""총장"",""value"":110},{""name"":""허리단면"",""value"":43},{""name"":""엉덩이단면"",""value"":62},{""name"":""허벅지단면"",""value"":41},{""name"":""밑위"",""value"":37},{""name"":""밑단단면"",""value"":28}]}]"
"2026-07-23 22:56:59 KST","무신사","https://www.musinsa.com/products/3837942","3837942","아디다스","아디브레이크 팬츠 - 블랙 / IU2519","여성","바지 / 트레이닝/조거 팬츠","하의","트레이닝/조거 팬츠","정상 판매·할인","API","2XS|XS|S|M|L|XL|2XL","7","총장|허리단면|엉덩이단면|허벅지단면|밑위|밑단단면","","","102","","34.5","50","28","28","","18.5","","cm(응답 관행; 명시 확인 불가)","","아니오","","가능","","성공","성공","미검증","아니오","고유","바지","003","트레이닝/조거 팬츠","003004","","","","","https://goods-detail.musinsa.com/api2/goods/3837942","[{""name"":""2XS"",""items"":[{""name"":""총장"",""value"":0},{""name"":""허리단면"",""value"":0},{""name"":""엉덩이단면"",""value"":0},{""name"":""허벅지단면"",""value"":0},{""name"":""밑위"",""value"":0},{""name"":""밑단단면"",""value"":0}]},{""name"":""XS"",""items"":[{""name"":""총장"",""value"":102},{""name"":""허리단면"",""value"":34.5},{""name"":""엉덩이단면"",""value"":50},{""name"":""허벅지단면"",""value"":28},{""name"":""밑위"",""value"":28},{""name"":""밑단단면"",""value"":18.5}]},{""name"":""S"",""items"":[{""name"":""총장"",""value"":102.5},{""name"":""허리단면"",""value"":35},{""name"":""엉덩이단면"",""value"":51},{""name"":""허벅지단면"",""value"":29},{""name"":""밑위"",""value"":32},{""name"":""밑단단면"",""value"":19}]},{""name"":""M"",""items"":[{""name"":""총장"",""value"":103},{""name"":""허리단면"",""value"":36},{""name"":""엉덩이단면"",""value"":52},{""name"":""허벅지단면"",""value"":31},{""name"":""밑위"",""value"":32},{""name"":""밑단단면"",""value"":20}]},{""name"":""L"",""items"":[{""name"":""총장"",""value"":103},{""name"":""허리단면"",""value"":40},{""name"":""엉덩이단면"",""value"":56},{""name"":""허벅지단면"",""value"":31.5},{""name"":""밑위"",""value"":34.5},{""name"":""밑단단면"",""value"":20}]},{""name"":""XL"",""items"":[{""name"":""총장"",""value"":104},{""name"":""허리단면"",""value"":44.5},{""name"":""엉덩이단면"",""value"":60},{""name"":""허벅지단면"",""value"":32.5},{""name"":""밑위"",""value"":35},{""name"":""밑단단면"",""value"":21}]},{""name"":""2XL"",""items"":[{""name"":""총장"",""value"":0},{""name"":""허리단면"",""value"":0},{""name"":""엉덩이단면"",""value"":0},{""name"":""허벅지단면"",""value"":0},{""name"":""밑위"",""value"":0},{""name"":""밑단단면"",""value"":0}]}]"
"2026-07-23 22:57:00 KST","무신사","https://www.musinsa.com/products/3274287","3274287","드로우핏","카고 파라슈트 치노 팬츠 [KHAKI]","남성","바지 / 트레이닝/조거 팬츠","하의","트레이닝/조거 팬츠","정상 판매·할인","API","M|L|XL","3","총장|허리단면|엉덩이단면|허벅지단면|밑위|밑단단면","","","103.5","","36","0","39","32.5","","26","","cm(응답 관행; 명시 확인 불가)","","아니오","","가능","","성공","성공","미검증","아니오","고유","바지","003","트레이닝/조거 팬츠","003004","","","","","https://goods-detail.musinsa.com/api2/goods/3274287","[{""name"":""M"",""items"":[{""name"":""총장"",""value"":103.5},{""name"":""허리단면"",""value"":36},{""name"":""엉덩이단면"",""value"":0},{""name"":""허벅지단면"",""value"":39},{""name"":""밑위"",""value"":32.5},{""name"":""밑단단면"",""value"":26}]},{""name"":""L"",""items"":[{""name"":""총장"",""value"":105},{""name"":""허리단면"",""value"":38},{""name"":""엉덩이단면"",""value"":0},{""name"":""허벅지단면"",""value"":40},{""name"":""밑위"",""value"":33},{""name"":""밑단단면"",""value"":27}]},{""name"":""XL"",""items"":[{""name"":""총장"",""value"":106.5},{""name"":""허리단면"",""value"":40},{""name"":""엉덩이단면"",""value"":0},{""name"":""허벅지단면"",""value"":41},{""name"":""밑위"",""value"":33.5},{""name"":""밑단단면"",""value"":28.5}]}]"
"2026-07-23 22:57:00 KST","무신사","https://www.musinsa.com/products/5946738","5946738","커스텀어클락 우먼","루즈핏 부츠컷 데님 팬츠 화이트 COWPT002WHITE","여성","바지 / 데님 팬츠","하의","데님 팬츠","정상 판매·할인","API","S|M|L","3","총장|허리단면|엉덩이단면|허벅지단면|밑위|밑단단면","","","104","","35","48.5","30","30","","27.5","","cm(응답 관행; 명시 확인 불가)","","아니오","","가능","","성공","성공","미검증","아니오","고유","바지","003","데님 팬츠","003002","","","","","https://goods-detail.musinsa.com/api2/goods/5946738","[{""name"":""S"",""items"":[{""name"":""총장"",""value"":104},{""name"":""허리단면"",""value"":35},{""name"":""엉덩이단면"",""value"":48.5},{""name"":""허벅지단면"",""value"":30},{""name"":""밑위"",""value"":30},{""name"":""밑단단면"",""value"":27.5}]},{""name"":""M"",""items"":[{""name"":""총장"",""value"":105},{""name"":""허리단면"",""value"":37},{""name"":""엉덩이단면"",""value"":50.5},{""name"":""허벅지단면"",""value"":31},{""name"":""밑위"",""value"":31},{""name"":""밑단단면"",""value"":28.5}]},{""name"":""L"",""items"":[{""name"":""총장"",""value"":106},{""name"":""허리단면"",""value"":39},{""name"":""엉덩이단면"",""value"":52.5},{""name"":""허벅지단면"",""value"":32},{""name"":""밑위"",""value"":32},{""name"":""밑단단면"",""value"":29.5}]}]"
"2026-07-23 22:57:00 KST","무신사","https://www.musinsa.com/products/6390295","6390295","밀리언코르","[여름원단]르체 다크그레이 원 턱 와이드 팬츠","여성","바지 / 데님 팬츠","하의","데님 팬츠","정상 판매·할인","API","S|M|L|XL","4","총장|허리단면|엉덩이단면|허벅지단면|밑위|밑단단면","","","104","","36","49","33.5","32","","28","","cm(응답 관행; 명시 확인 불가)","","아니오","","가능","","성공","성공","미검증","아니오","고유","바지","003","데님 팬츠","003002","","","","","https://goods-detail.musinsa.com/api2/goods/6390295","[{""name"":""S"",""items"":[{""name"":""총장"",""value"":104},{""name"":""허리단면"",""value"":36},{""name"":""엉덩이단면"",""value"":49},{""name"":""허벅지단면"",""value"":33.5},{""name"":""밑위"",""value"":32},{""name"":""밑단단면"",""value"":28}]},{""name"":""M"",""items"":[{""name"":""총장"",""value"":105},{""name"":""허리단면"",""value"":38},{""name"":""엉덩이단면"",""value"":51},{""name"":""허벅지단면"",""value"":34.5},{""name"":""밑위"",""value"":33},{""name"":""밑단단면"",""value"":29}]},{""name"":""L"",""items"":[{""name"":""총장"",""value"":106},{""name"":""허리단면"",""value"":40},{""name"":""엉덩이단면"",""value"":53},{""name"":""허벅지단면"",""value"":35.5},{""name"":""밑위"",""value"":34},{""name"":""밑단단면"",""value"":30}]},{""name"":""XL"",""items"":[{""name"":""총장"",""value"":107},{""name"":""허리단면"",""value"":42},{""name"":""엉덩이단면"",""value"":55},{""name"":""허벅지단면"",""value"":36.5},{""name"":""밑위"",""value"":35},{""name"":""밑단단면"",""value"":31}]}]"
"2026-07-23 22:57:01 KST","무신사","https://www.musinsa.com/products/6696985","6696985","아디다스","폴로 드레스 - 나이트인디고 / KU0510","여성","원피스/스커트 / 미니원피스","원피스·언더웨어·기타","미니원피스","정상 판매","API","XS|S|M|L|XL","5","총장|어깨너비|가슴단면|소매길이|엉덩이단면","0","38","75.5","22","","0","","","","","","cm(응답 관행; 명시 확인 불가)","","아니오","","가능","","성공","성공","미검증","아니오","고유","원피스/스커트","100","미니원피스","100001","","","","","https://goods-detail.musinsa.com/api2/goods/6696985","[{""name"":""XS"",""items"":[{""name"":""총장"",""value"":75.5},{""name"":""어깨너비"",""value"":0},{""name"":""가슴단면"",""value"":38},{""name"":""소매길이"",""value"":22},{""name"":""엉덩이단면"",""value"":0}]},{""name"":""S"",""items"":[{""name"":""총장"",""value"":75.5},{""name"":""어깨너비"",""value"":0},{""name"":""가슴단면"",""value"":38.5},{""name"":""소매길이"",""value"":22},{""name"":""엉덩이단면"",""value"":0}]},{""name"":""M"",""items"":[{""name"":""총장"",""value"":76},{""name"":""어깨너비"",""value"":0},{""name"":""가슴단면"",""value"":40},{""name"":""소매길이"",""value"":22},{""name"":""엉덩이단면"",""value"":0}]},{""name"":""L"",""items"":[{""name"":""총장"",""value"":78.5},{""name"":""어깨너비"",""value"":0},{""name"":""가슴단면"",""value"":44},{""name"":""소매길이"",""value"":24},{""name"":""엉덩이단면"",""value"":0}]},{""name"":""XL"",""items"":[{""name"":""총장"",""value"":79.5},{""name"":""어깨너비"",""value"":0},{""name"":""가슴단면"",""value"":48},{""name"":""소매길이"",""value"":24.5},{""name"":""엉덩이단면"",""value"":0}]}]"
"2026-07-23 22:57:01 KST","무신사","https://www.musinsa.com/products/6515986","6515986","스파오","레이어드 미디 스커트_SPWHG25W02","여성","원피스/스커트 / 미디스커트","원피스·언더웨어·기타","미디스커트","정상 판매","API","S[070]|M[075]|L[080]","3","총장|허리단면|엉덩이단면|밑단단면","","","61","","32.5","50","","","","53","","cm(응답 관행; 명시 확인 불가)","","아니오","","가능","","성공","성공","미검증","아니오","고유","원피스/스커트","100","미디스커트","100005","","","","","https://goods-detail.musinsa.com/api2/goods/6515986","[{""name"":""S[070]"",""items"":[{""name"":""총장"",""value"":61},{""name"":""허리단면"",""value"":32.5},{""name"":""엉덩이단면"",""value"":50},{""name"":""밑단단면"",""value"":53}]},{""name"":""M[075]"",""items"":[{""name"":""총장"",""value"":62},{""name"":""허리단면"",""value"":35},{""name"":""엉덩이단면"",""value"":52.5},{""name"":""밑단단면"",""value"":55.5}]},{""name"":""L[080]"",""items"":[{""name"":""총장"",""value"":63},{""name"":""허리단면"",""value"":37.5},{""name"":""엉덩이단면"",""value"":55},{""name"":""밑단단면"",""value"":58}]}]"
"2026-07-23 22:57:01 KST","무신사","https://www.musinsa.com/products/6786600","6786600","일리오","[빛오 x 일리오] Gray Asymmetric Chiffon Dress","여성","원피스/스커트 / 미디원피스","원피스·언더웨어·기타","미디원피스","정상 판매","API","NONE","1","총장|어깨너비|가슴단면|소매길이|엉덩이단면","0","32","94","0","","0","","","","","","cm(응답 관행; 명시 확인 불가)","","아니오","","가능","","성공","성공","미검증","아니오","고유","원피스/스커트","100","미디원피스","100002","","","","","https://goods-detail.musinsa.com/api2/goods/6786600","[{""name"":""NONE"",""items"":[{""name"":""총장"",""value"":94},{""name"":""어깨너비"",""value"":0},{""name"":""가슴단면"",""value"":32},{""name"":""소매길이"",""value"":0},{""name"":""엉덩이단면"",""value"":0}]}]"
"2026-07-23 22:57:02 KST","무신사","https://www.musinsa.com/products/6677393","6677393","스파오","웨스턴 데님 원피스 (RE)_SPOJG37G01","여성","원피스/스커트 / 미디원피스","원피스·언더웨어·기타","미디원피스","정상 판매·할인","API","S[085]|M[090]|L[095]|XL[100]","4","총장|어깨너비|가슴단면|소매길이|엉덩이단면","39","46","84","17","","0","","","","","","cm(응답 관행; 명시 확인 불가)","","아니오","","가능","","성공","성공","미검증","아니오","고유","원피스/스커트","100","미디원피스","100002","","","","","https://goods-detail.musinsa.com/api2/goods/6677393","[{""name"":""S[085]"",""items"":[{""name"":""총장"",""value"":84},{""name"":""어깨너비"",""value"":39},{""name"":""가슴단면"",""value"":46},{""name"":""소매길이"",""value"":17},{""name"":""엉덩이단면"",""value"":0}]},{""name"":""M[090]"",""items"":[{""name"":""총장"",""value"":86},{""name"":""어깨너비"",""value"":40.5},{""name"":""가슴단면"",""value"":48.5},{""name"":""소매길이"",""value"":17.5},{""name"":""엉덩이단면"",""value"":0}]},{""name"":""L[095]"",""items"":[{""name"":""총장"",""value"":88},{""name"":""어깨너비"",""value"":42},{""name"":""가슴단면"",""value"":51},{""name"":""소매길이"",""value"":18},{""name"":""엉덩이단면"",""value"":0}]},{""name"":""XL[100]"",""items"":[{""name"":""총장"",""value"":90},{""name"":""어깨너비"",""value"":43.5},{""name"":""가슴단면"",""value"":53.5},{""name"":""소매길이"",""value"":18.5},{""name"":""엉덩이단면"",""value"":0}]}]"
"2026-07-23 22:57:02 KST","무신사","https://www.musinsa.com/products/6458570","6458570","제너럴아이디어","스트라이프 브이넥 퍼프 롱 원피스 [SKY BLUE] / GF2LOP514","여성","원피스/스커트 / 맥시원피스","원피스·언더웨어·기타","맥시원피스","정상 판매·할인","API","S|M|L|XL","4","총장|어깨너비|가슴단면|소매길이|엉덩이단면","37","45","119","24.5","","0","","","","","","cm(응답 관행; 명시 확인 불가)","","아니오","","가능","","성공","성공","미검증","아니오","고유","원피스/스커트","100","맥시원피스","100003","","","","","https://goods-detail.musinsa.com/api2/goods/6458570","[{""name"":""S"",""items"":[{""name"":""총장"",""value"":119},{""name"":""어깨너비"",""value"":37},{""name"":""가슴단면"",""value"":45},{""name"":""소매길이"",""value"":24.5},{""name"":""엉덩이단면"",""value"":0}]},{""name"":""M"",""items"":[{""name"":""총장"",""value"":120},{""name"":""어깨너비"",""value"":39},{""name"":""가슴단면"",""value"":47},{""name"":""소매길이"",""value"":25.5},{""name"":""엉덩이단면"",""value"":0}]},{""name"":""L"",""items"":[{""name"":""총장"",""value"":121},{""name"":""어깨너비"",""value"":41},{""name"":""가슴단면"",""value"":49},{""name"":""소매길이"",""value"":26.5},{""name"":""엉덩이단면"",""value"":0}]},{""name"":""XL"",""items"":[{""name"":""총장"",""value"":122},{""name"":""어깨너비"",""value"":43},{""name"":""가슴단면"",""value"":51},{""name"":""소매길이"",""value"":27.5},{""name"":""엉덩이단면"",""value"":0}]}]"
"2026-07-23 22:57:02 KST","무신사","https://www.musinsa.com/products/6411854","6411854","에트오소메","Double Layer Lace Back Corset Slip (Ivory)","여성","원피스/스커트 / 미니원피스","원피스·언더웨어·기타","미니원피스","정상 판매·할인","API","FREE","1","총장|어깨너비|가슴단면|소매길이|엉덩이단면","30","45.3","66.5","0","","0","","","","","","cm(응답 관행; 명시 확인 불가)","","아니오","","가능","","성공","성공","미검증","아니오","고유","원피스/스커트","100","미니원피스","100001","","","","","https://goods-detail.musinsa.com/api2/goods/6411854","[{""name"":""FREE"",""items"":[{""name"":""총장"",""value"":66.5},{""name"":""어깨너비"",""value"":30},{""name"":""가슴단면"",""value"":45.3},{""name"":""소매길이"",""value"":0},{""name"":""엉덩이단면"",""value"":0}]}]"
"2026-07-23 22:57:02 KST","무신사","https://www.musinsa.com/products/6721706","6721706","에잇세컨즈","아일렛 캉캉이 미니 스커트 화이트","여성","원피스/스커트 / 미니스커트","원피스·언더웨어·기타","미니스커트","정상 판매·할인","없음","","0","","","","","","","","","","","","","cm(응답 관행; 명시 확인 불가)","","아니오","actual-size data null","제한/불가","치수 행 없음","성공","실패","미검증","아니오","고유","원피스/스커트","100","미니스커트","100004","","","","","https://goods-detail.musinsa.com/api2/goods/6721706","[]"
"2026-07-23 22:57:03 KST","무신사","https://www.musinsa.com/products/6693986","6693986","미헤브","[블루클로젯 X 미헤브] 체크 레이어드 슬리브리스 원피스 버터옐로우","여성","원피스/스커트 / 미니원피스","원피스·언더웨어·기타","미니원피스","정상 판매·할인","API","NONE","1","총장|어깨너비|가슴단면|소매길이|엉덩이단면","25","44.5","75","0","","61.5","","","","","","cm(응답 관행; 명시 확인 불가)","","아니오","","가능","","성공","성공","미검증","아니오","고유","원피스/스커트","100","미니원피스","100001","","","","","https://goods-detail.musinsa.com/api2/goods/6693986","[{""name"":""NONE"",""items"":[{""name"":""총장"",""value"":75},{""name"":""어깨너비"",""value"":25},{""name"":""가슴단면"",""value"":44.5},{""name"":""소매길이"",""value"":0},{""name"":""엉덩이단면"",""value"":61.5}]}]"
"2026-07-23 22:57:03 KST","무신사","https://www.musinsa.com/products/5991125","5991125","미쏘","프릴 레이어드 원피스_MIWOWG309C","여성","원피스/스커트 / 미디원피스","원피스·언더웨어·기타","미디원피스","정상 판매·할인","없음","","0","","","","","","","","","","","","","cm(응답 관행; 명시 확인 불가)","","아니오","actual-size data null","제한/불가","치수 행 없음","성공","실패","미검증","아니오","고유","원피스/스커트","100","미디원피스","100002","","","","","https://goods-detail.musinsa.com/api2/goods/5991125","[]"
"2026-07-23 22:57:03 KST","무신사","https://www.musinsa.com/products/4687212","4687212","무신사 스탠다드 우먼","우먼즈 레이어드 미니 스코츠 [차콜 그레이]","여성","원피스/스커트 / 미니스커트","원피스·언더웨어·기타","미니스커트","정상 판매·할인","API","XS|S|M|L","4","총장|허리단면|엉덩이단면|밑단단면","","","31","","33.5","45.75","","","","49","","cm(응답 관행; 명시 확인 불가)","","아니오","","가능","","성공","성공","미검증","아니오","고유","원피스/스커트","100","미니스커트","100004","","","","","https://goods-detail.musinsa.com/api2/goods/4687212","[{""name"":""XS"",""items"":[{""name"":""총장"",""value"":31},{""name"":""허리단면"",""value"":33.5},{""name"":""엉덩이단면"",""value"":45.75},{""name"":""밑단단면"",""value"":49}]},{""name"":""S"",""items"":[{""name"":""총장"",""value"":32},{""name"":""허리단면"",""value"":36},{""name"":""엉덩이단면"",""value"":48.25},{""name"":""밑단단면"",""value"":51.5}]},{""name"":""M"",""items"":[{""name"":""총장"",""value"":33},{""name"":""허리단면"",""value"":38.5},{""name"":""엉덩이단면"",""value"":50.75},{""name"":""밑단단면"",""value"":54}]},{""name"":""L"",""items"":[{""name"":""총장"",""value"":34},{""name"":""허리단면"",""value"":41},{""name"":""엉덩이단면"",""value"":53.25},{""name"":""밑단단면"",""value"":56.5}]}]"
"2026-07-23 22:57:03 KST","무신사","https://www.musinsa.com/products/6786762","6786762","글로니","G BOX MINI SKIRT (BLACK)","여성","원피스/스커트 / 미니스커트","원피스·언더웨어·기타","미니스커트","정상 판매·할인","API","S|M|L","3","총장|허리단면|엉덩이단면|밑단단면","","","22.5","","30","48","","","","50","","cm(응답 관행; 명시 확인 불가)","","아니오","","가능","","성공","성공","미검증","아니오","고유","원피스/스커트","100","미니스커트","100004","","","","","https://goods-detail.musinsa.com/api2/goods/6786762","[{""name"":""S"",""items"":[{""name"":""총장"",""value"":22.5},{""name"":""허리단면"",""value"":30},{""name"":""엉덩이단면"",""value"":48},{""name"":""밑단단면"",""value"":50}]},{""name"":""M"",""items"":[{""name"":""총장"",""value"":23.5},{""name"":""허리단면"",""value"":32},{""name"":""엉덩이단면"",""value"":50},{""name"":""밑단단면"",""value"":52}]},{""name"":""L"",""items"":[{""name"":""총장"",""value"":24.5},{""name"":""허리단면"",""value"":34},{""name"":""엉덩이단면"",""value"":52},{""name"":""밑단단면"",""value"":54}]}]"
"2026-07-23 22:57:04 KST","무신사","https://www.musinsa.com/products/5134734","5134734","트위","플브 슬리브리스 롱 원피스","여성","원피스/스커트 / 맥시원피스","원피스·언더웨어·기타","맥시원피스","정상 판매·할인","API","FF","1","총장|어깨너비|가슴단면|소매길이|엉덩이단면","24","43","118","0","","0","","","","","","cm(응답 관행; 명시 확인 불가)","","아니오","","가능","","성공","성공","미검증","아니오","고유","원피스/스커트","100","맥시원피스","100003","","","","","https://goods-detail.musinsa.com/api2/goods/5134734","[{""name"":""FF"",""items"":[{""name"":""총장"",""value"":118},{""name"":""어깨너비"",""value"":24},{""name"":""가슴단면"",""value"":43},{""name"":""소매길이"",""value"":0},{""name"":""엉덩이단면"",""value"":0}]}]"
"2026-07-23 22:57:04 KST","무신사","https://www.musinsa.com/products/4154987","4154987","프렌치시크","블룸 오브 조이 아노락 원피스_42ON1801","여성","원피스/스커트 / 맥시원피스","원피스·언더웨어·기타","맥시원피스","정상 판매·할인","API","FREE","1","총장|어깨너비|가슴단면|소매길이|엉덩이단면","63","59","117","0","","0","","","","","","cm(응답 관행; 명시 확인 불가)","","아니오","","가능","","성공","성공","미검증","아니오","고유","원피스/스커트","100","맥시원피스","100003","","","","","https://goods-detail.musinsa.com/api2/goods/4154987","[{""name"":""FREE"",""items"":[{""name"":""총장"",""value"":117},{""name"":""어깨너비"",""value"":63},{""name"":""가슴단면"",""value"":59},{""name"":""소매길이"",""value"":0},{""name"":""엉덩이단면"",""value"":0}]}]"
"2026-07-23 22:57:04 KST","무신사","https://www.musinsa.com/products/4622191","4622191","무신사 스탠다드 우먼","우먼즈 코튼 베이비 돌 미니 드레스 [화이트]","여성","원피스/스커트 / 미니원피스","원피스·언더웨어·기타","미니원피스","정상 판매·할인","API","XS|S|M|L","4","총장|어깨너비|가슴단면|소매길이|엉덩이단면","0","40","65.5","18.8","","0","","","","","","cm(응답 관행; 명시 확인 불가)","","아니오","","가능","","성공","성공","미검증","아니오","고유","원피스/스커트","100","미니원피스","100001","","","","","https://goods-detail.musinsa.com/api2/goods/4622191","[{""name"":""XS"",""items"":[{""name"":""총장"",""value"":65.5},{""name"":""어깨너비"",""value"":0},{""name"":""가슴단면"",""value"":40},{""name"":""소매길이"",""value"":18.8},{""name"":""엉덩이단면"",""value"":0}]},{""name"":""S"",""items"":[{""name"":""총장"",""value"":66.5},{""name"":""어깨너비"",""value"":0},{""name"":""가슴단면"",""value"":42.5},{""name"":""소매길이"",""value"":19.5},{""name"":""엉덩이단면"",""value"":0}]},{""name"":""M"",""items"":[{""name"":""총장"",""value"":67.5},{""name"":""어깨너비"",""value"":0},{""name"":""가슴단면"",""value"":45},{""name"":""소매길이"",""value"":20.2},{""name"":""엉덩이단면"",""value"":0}]},{""name"":""L"",""items"":[{""name"":""총장"",""value"":68.5},{""name"":""어깨너비"",""value"":0},{""name"":""가슴단면"",""value"":47.5},{""name"":""소매길이"",""value"":20.9},{""name"":""엉덩이단면"",""value"":0}]}]"
"2026-07-23 22:57:04 KST","무신사","https://www.musinsa.com/products/5199474","5199474","신스덴","그린 플로우 브이넥 미니원피스","여성","원피스/스커트 / 미니원피스","원피스·언더웨어·기타","미니원피스","정상 판매·할인","API","S|M|L","3","총장|어깨너비|가슴단면|소매길이|엉덩이단면","0","42","84","0","","0","","","","","","cm(응답 관행; 명시 확인 불가)","","아니오","","가능","","성공","성공","미검증","아니오","고유","원피스/스커트","100","미니원피스","100001","","","","","https://goods-detail.musinsa.com/api2/goods/5199474","[{""name"":""S"",""items"":[{""name"":""총장"",""value"":84},{""name"":""어깨너비"",""value"":0},{""name"":""가슴단면"",""value"":42},{""name"":""소매길이"",""value"":0},{""name"":""엉덩이단면"",""value"":0}]},{""name"":""M"",""items"":[{""name"":""총장"",""value"":86},{""name"":""어깨너비"",""value"":0},{""name"":""가슴단면"",""value"":44.5},{""name"":""소매길이"",""value"":0},{""name"":""엉덩이단면"",""value"":0}]},{""name"":""L"",""items"":[{""name"":""총장"",""value"":88},{""name"":""어깨너비"",""value"":0},{""name"":""가슴단면"",""value"":47},{""name"":""소매길이"",""value"":0},{""name"":""엉덩이단면"",""value"":0}]}]"
"2026-07-23 22:57:05 KST","무신사","https://www.musinsa.com/products/6746766","6746766","루즈슬립오버","퍼프 로제트 드레스 *네이비","여성","원피스/스커트 / 미니원피스","원피스·언더웨어·기타","미니원피스","정상 판매·할인","API","NONE","1","총장|어깨너비|가슴단면|소매길이|엉덩이단면","0","30.5","61","0","","0","","","","","","cm(응답 관행; 명시 확인 불가)","","아니오","","가능","","성공","성공","미검증","아니오","고유","원피스/스커트","100","미니원피스","100001","","","","","https://goods-detail.musinsa.com/api2/goods/6746766","[{""name"":""NONE"",""items"":[{""name"":""총장"",""value"":61},{""name"":""어깨너비"",""value"":0},{""name"":""가슴단면"",""value"":30.5},{""name"":""소매길이"",""value"":0},{""name"":""엉덩이단면"",""value"":0}]}]"
"2026-07-23 22:57:05 KST","무신사","https://www.musinsa.com/products/5698175","5698175","무신사 스탠다드 우먼","우먼즈 더블 레이어 미디 스커트 [아이보리]","여성","원피스/스커트 / 미디스커트","원피스·언더웨어·기타","미디스커트","정상 판매·할인","API","XS|S|M|L","4","총장|허리단면|엉덩이단면|밑단단면","","","64","","34.25","44.5","","","","57.5","","cm(응답 관행; 명시 확인 불가)","","아니오","","가능","","성공","성공","미검증","아니오","고유","원피스/스커트","100","미디스커트","100005","","","","","https://goods-detail.musinsa.com/api2/goods/5698175","[{""name"":""XS"",""items"":[{""name"":""총장"",""value"":64},{""name"":""허리단면"",""value"":34.25},{""name"":""엉덩이단면"",""value"":44.5},{""name"":""밑단단면"",""value"":57.5}]},{""name"":""S"",""items"":[{""name"":""총장"",""value"":65},{""name"":""허리단면"",""value"":36.75},{""name"":""엉덩이단면"",""value"":47},{""name"":""밑단단면"",""value"":60}]},{""name"":""M"",""items"":[{""name"":""총장"",""value"":66},{""name"":""허리단면"",""value"":39.25},{""name"":""엉덩이단면"",""value"":49.5},{""name"":""밑단단면"",""value"":62.5}]},{""name"":""L"",""items"":[{""name"":""총장"",""value"":67},{""name"":""허리단면"",""value"":41.75},{""name"":""엉덩이단면"",""value"":52},{""name"":""밑단단면"",""value"":65}]}]"
"2026-07-23 22:57:05 KST","무신사","https://www.musinsa.com/products/6305730","6305730","비터셀즈","지젤 저지 롱 스커트-올리브","여성","원피스/스커트 / 롱스커트","원피스·언더웨어·기타","롱스커트","정상 판매·할인","API","1(S)|1.5(M)","2","총장|허리단면|엉덩이단면|밑단단면","","","74","","30.5","42.5","","","","53","","cm(응답 관행; 명시 확인 불가)","","아니오","","가능","","성공","성공","미검증","아니오","고유","원피스/스커트","100","롱스커트","100006","","","","","https://goods-detail.musinsa.com/api2/goods/6305730","[{""name"":""1(S)"",""items"":[{""name"":""총장"",""value"":74},{""name"":""허리단면"",""value"":30.5},{""name"":""엉덩이단면"",""value"":42.5},{""name"":""밑단단면"",""value"":53}]},{""name"":""1.5(M)"",""items"":[{""name"":""총장"",""value"":76.5},{""name"":""허리단면"",""value"":32.5},{""name"":""엉덩이단면"",""value"":44.5},{""name"":""밑단단면"",""value"":55}]}]"
"2026-07-23 22:57:05 KST","무신사","https://www.musinsa.com/products/6488982","6488982","하이파이브","썸머 셔링 스트랩 코튼 캉캉 원피스","여성","원피스/스커트 / 맥시원피스","원피스·언더웨어·기타","맥시원피스","정상 판매·할인","없음","","0","","","","","","","","","","","","","cm(응답 관행; 명시 확인 불가)","","아니오","actual-size data null","제한/불가","치수 행 없음","성공","실패","미검증","아니오","고유","원피스/스커트","100","맥시원피스","100003","","","","","https://goods-detail.musinsa.com/api2/goods/6488982","[]"
"2026-07-23 22:57:06 KST","무신사","https://www.musinsa.com/products/6472215","6472215","하네","도트 레이어 미디 스커트_Butter Cream","여성","원피스/스커트 / 미디스커트","원피스·언더웨어·기타","미디스커트","정상 판매·할인","API","S|M","2","총장|허리단면|엉덩이단면|밑단단면","","","61.5","","35","46","","","","59","","cm(응답 관행; 명시 확인 불가)","","아니오","","가능","","성공","성공","미검증","아니오","고유","원피스/스커트","100","미디스커트","100005","","","","","https://goods-detail.musinsa.com/api2/goods/6472215","[{""name"":""S"",""items"":[{""name"":""총장"",""value"":61.5},{""name"":""허리단면"",""value"":35},{""name"":""엉덩이단면"",""value"":46},{""name"":""밑단단면"",""value"":59}]},{""name"":""M"",""items"":[{""name"":""총장"",""value"":63.5},{""name"":""허리단면"",""value"":37},{""name"":""엉덩이단면"",""value"":47},{""name"":""밑단단면"",""value"":60}]}]"
"2026-07-23 22:57:10 KST","유니클로","https://www.uniqlo.com/kr/ko/products/E465755-000","E465755-000","UNIQLO","여성 AIRism코튼T | UNIQLO KR","여성","/kr/ko/women/tops/t-shirts","상의","t-shirts","품절/일부 품절 표시 존재","API","XS|S|M|L|XL|XXL|3XL","7","전체 길이|어깨너비(솔기에서 솔기까지)|가슴너비|등 중심부터 소매까지 길이","43.5","46","54.5","41","","","","","","","","cm|inch","","아니오","","가능","","성공","성공","성공","예","고유","women","","tops","","t-shirts","","","","카테고리 URL 경로","[{""name"":""XS"",""items"":[{""name"":""전체 길이"",""code"":""body-length-back"",""value"":""54.5"",""unit"":""cm|inch""},{""name"":""어깨너비(솔기에서 솔기까지)"",""code"":""shoulder-width"",""value"":""43.5"",""unit"":""cm|inch""},{""name"":""가슴너비"",""code"":""body-width"",""value"":""46"",""unit"":""cm|inch""},{""name"":""등 중심부터 소매까지 길이"",""code"":""sleeve-length-cb"",""value"":""41"",""unit"":""cm|inch""}]},{""name"":""S"",""items"":[{""name"":""전체 길이"",""code"":""body-length-back"",""value"":""56"",""unit"":""cm|inch""},{""name"":""어깨너비(솔기에서 솔기까지)"",""code"":""shoulder-width"",""value"":""44.5"",""unit"":""cm|inch""},{""name"":""가슴너비"",""code"":""body-width"",""value"":""48.5"",""unit"":""cm|inch""},{""name"":""등 중심부터 소매까지 길이"",""code"":""sleeve-length-cb"",""value"":""42"",""unit"":""cm|inch""}]},{""name"":""M"",""items"":[{""name"":""전체 길이"",""code"":""body-length-back"",""value"":""58"",""unit"":""cm|inch""},{""name"":""어깨너비(솔기에서 솔기까지)"",""code"":""shoulder-width"",""value"":""45.5"",""unit"":""cm|inch""},{""name"":""가슴너비"",""code"":""body-width"",""value"":""51"",""unit"":""cm|inch""},{""name"":""등 중심부터 소매까지 길이"",""code"":""sleeve-length-cb"",""value"":""43"",""unit"":""cm|inch""}]},{""name"":""L"",""items"":[{""name"":""전체 길이"",""code"":""body-length-back"",""value"":""60"",""unit"":""cm|inch""},{""name"":""어깨너비(솔기에서 솔기까지)"",""code"":""shoulder-width"",""value"":""47"",""unit"":""cm|inch""},{""name"":""가슴너비"",""code"":""body-width"",""value"":""54"",""unit"":""cm|inch""},{""name"":""등 중심부터 소매까지 길이"",""code"":""sleeve-length-cb"",""value"":""44.5"",""unit"":""cm|inch""}]},{""name"":""XL"",""items"":[{""name"":""전체 길이"",""code"":""body-length-back"",""value"":""62"",""unit"":""cm|inch""},{""name"":""어깨너비(솔기에서 솔기까지)"",""code"":""shoulder-width"",""value"":""48.5"",""unit"":""cm|inch""},{""name"":""가슴너비"",""code"":""body-width"",""value"":""57"",""unit"":""cm|inch""},{""name"":""등 중심부터 소매까지 길이"",""code"":""sleeve-length-cb"",""value"":""46"",""unit"":""cm|inch""}]},{""name"":""XXL"",""items"":[{""name"":""전체 길이"",""code"":""body-length-back"",""value"":""62"",""unit"":""cm|inch""},{""name"":""어깨너비(솔기에서 솔기까지)"",""code"":""shoulder-width"",""value"":""49.5"",""unit"":""cm|inch""},{""name"":""가슴너비"",""code"":""body-width"",""value"":""60"",""unit"":""cm|inch""},{""name"":""등 중심부터 소매까지 길이"",""code"":""sleeve-length-cb"",""value"":""47"",""unit"":""cm|inch""}]},{""name"":""3XL"",""items"":[{""name"":""전체 길이"",""code"":""body-length-back"",""value"":""64.5"",""unit"":""cm|inch""},{""name"":""어깨너비(솔기에서 솔기까지)"",""code"":""shoulder-width"",""value"":""50.5"",""unit"":""cm|inch""},{""name"":""가슴너비"",""code"":""body-width"",""value"":""63"",""unit"":""cm|inch""},{""name"":""등 중심부터 소매까지 길이"",""code"":""sleeve-length-cb"",""value"":""48.5"",""unit"":""cm|inch""}]}]"
"2026-07-23 22:57:11 KST","유니클로","https://www.uniqlo.com/kr/ko/products/E480054-000","E480054-000","UNIQLO","여성 AIRism코튼T(스트라이프) | UNIQLO KR","여성","/kr/ko/women/tops/t-shirts","상의","t-shirts","품절/일부 품절 표시 존재","API","XS|S|M|L|XL|XXL|3XL","7","전체 길이|어깨너비(솔기에서 솔기까지)|가슴너비|등 중심부터 소매까지 길이","43.5","46","54.5","41","","","","","","","","cm|inch","","아니오","","가능","","성공","성공","성공","예","고유","women","","tops","","t-shirts","","","","카테고리 URL 경로","[{""name"":""XS"",""items"":[{""name"":""전체 길이"",""code"":""body-length-back"",""value"":""54.5"",""unit"":""cm|inch""},{""name"":""어깨너비(솔기에서 솔기까지)"",""code"":""shoulder-width"",""value"":""43.5"",""unit"":""cm|inch""},{""name"":""가슴너비"",""code"":""body-width"",""value"":""46"",""unit"":""cm|inch""},{""name"":""등 중심부터 소매까지 길이"",""code"":""sleeve-length-cb"",""value"":""41"",""unit"":""cm|inch""}]},{""name"":""S"",""items"":[{""name"":""전체 길이"",""code"":""body-length-back"",""value"":""56"",""unit"":""cm|inch""},{""name"":""어깨너비(솔기에서 솔기까지)"",""code"":""shoulder-width"",""value"":""44.5"",""unit"":""cm|inch""},{""name"":""가슴너비"",""code"":""body-width"",""value"":""48.5"",""unit"":""cm|inch""},{""name"":""등 중심부터 소매까지 길이"",""code"":""sleeve-length-cb"",""value"":""42"",""unit"":""cm|inch""}]},{""name"":""M"",""items"":[{""name"":""전체 길이"",""code"":""body-length-back"",""value"":""58"",""unit"":""cm|inch""},{""name"":""어깨너비(솔기에서 솔기까지)"",""code"":""shoulder-width"",""value"":""45.5"",""unit"":""cm|inch""},{""name"":""가슴너비"",""code"":""body-width"",""value"":""51"",""unit"":""cm|inch""},{""name"":""등 중심부터 소매까지 길이"",""code"":""sleeve-length-cb"",""value"":""43"",""unit"":""cm|inch""}]},{""name"":""L"",""items"":[{""name"":""전체 길이"",""code"":""body-length-back"",""value"":""60"",""unit"":""cm|inch""},{""name"":""어깨너비(솔기에서 솔기까지)"",""code"":""shoulder-width"",""value"":""47"",""unit"":""cm|inch""},{""name"":""가슴너비"",""code"":""body-width"",""value"":""54"",""unit"":""cm|inch""},{""name"":""등 중심부터 소매까지 길이"",""code"":""sleeve-length-cb"",""value"":""44.5"",""unit"":""cm|inch""}]},{""name"":""XL"",""items"":[{""name"":""전체 길이"",""code"":""body-length-back"",""value"":""62"",""unit"":""cm|inch""},{""name"":""어깨너비(솔기에서 솔기까지)"",""code"":""shoulder-width"",""value"":""48.5"",""unit"":""cm|inch""},{""name"":""가슴너비"",""code"":""body-width"",""value"":""57"",""unit"":""cm|inch""},{""name"":""등 중심부터 소매까지 길이"",""code"":""sleeve-length-cb"",""value"":""46"",""unit"":""cm|inch""}]},{""name"":""XXL"",""items"":[{""name"":""전체 길이"",""code"":""body-length-back"",""value"":""62"",""unit"":""cm|inch""},{""name"":""어깨너비(솔기에서 솔기까지)"",""code"":""shoulder-width"",""value"":""49.5"",""unit"":""cm|inch""},{""name"":""가슴너비"",""code"":""body-width"",""value"":""60"",""unit"":""cm|inch""},{""name"":""등 중심부터 소매까지 길이"",""code"":""sleeve-length-cb"",""value"":""47"",""unit"":""cm|inch""}]},{""name"":""3XL"",""items"":[{""name"":""전체 길이"",""code"":""body-length-back"",""value"":""64.5"",""unit"":""cm|inch""},{""name"":""어깨너비(솔기에서 솔기까지)"",""code"":""shoulder-width"",""value"":""50.5"",""unit"":""cm|inch""},{""name"":""가슴너비"",""code"":""body-width"",""value"":""63"",""unit"":""cm|inch""},{""name"":""등 중심부터 소매까지 길이"",""code"":""sleeve-length-cb"",""value"":""48.5"",""unit"":""cm|inch""}]}]"
"2026-07-23 22:57:12 KST","유니클로","https://www.uniqlo.com/kr/ko/products/E424873-000","E424873-000","UNIQLO","여성 크루넥T | UNIQLO KR","여성","/kr/ko/women/tops/t-shirts","상의","t-shirts","품절/일부 품절 표시 존재","API","XS|S|M|L|XL|XXL|3XL","7","전체 길이|어깨너비(솔기에서 솔기까지)|가슴너비|등 중심부터 소매까지 길이","34","38","58","32.5","","","","","","","","cm|inch","","아니오","","가능","","성공","성공","성공","예","고유","women","","tops","","t-shirts","","","","카테고리 URL 경로","[{""name"":""XS"",""items"":[{""name"":""전체 길이"",""code"":""body-length-back"",""value"":""58"",""unit"":""cm|inch""},{""name"":""어깨너비(솔기에서 솔기까지)"",""code"":""shoulder-width"",""value"":""34"",""unit"":""cm|inch""},{""name"":""가슴너비"",""code"":""body-width"",""value"":""38"",""unit"":""cm|inch""},{""name"":""등 중심부터 소매까지 길이"",""code"":""sleeve-length-cb"",""value"":""32.5"",""unit"":""cm|inch""}]},{""name"":""S"",""items"":[{""name"":""전체 길이"",""code"":""body-length-back"",""value"":""59.5"",""unit"":""cm|inch""},{""name"":""어깨너비(솔기에서 솔기까지)"",""code"":""shoulder-width"",""value"":""35"",""unit"":""cm|inch""},{""name"":""가슴너비"",""code"":""body-width"",""value"":""40.5"",""unit"":""cm|inch""},{""name"":""등 중심부터 소매까지 길이"",""code"":""sleeve-length-cb"",""value"":""33.5"",""unit"":""cm|inch""}]},{""name"":""M"",""items"":[{""name"":""전체 길이"",""code"":""body-length-back"",""value"":""61.5"",""unit"":""cm|inch""},{""name"":""어깨너비(솔기에서 솔기까지)"",""code"":""shoulder-width"",""value"":""36"",""unit"":""cm|inch""},{""name"":""가슴너비"",""code"":""body-width"",""value"":""43"",""unit"":""cm|inch""},{""name"":""등 중심부터 소매까지 길이"",""code"":""sleeve-length-cb"",""value"":""34.5"",""unit"":""cm|inch""}]},{""name"":""L"",""items"":[{""name"":""전체 길이"",""code"":""body-length-back"",""value"":""63.5"",""unit"":""cm|inch""},{""name"":""어깨너비(솔기에서 솔기까지)"",""code"":""shoulder-width"",""value"":""37.5"",""unit"":""cm|inch""},{""name"":""가슴너비"",""code"":""body-width"",""value"":""46"",""unit"":""cm|inch""},{""name"":""등 중심부터 소매까지 길이"",""code"":""sleeve-length-cb"",""value"":""35.5"",""unit"":""cm|inch""}]},{""name"":""XL"",""items"":[{""name"":""전체 길이"",""code"":""body-length-back"",""value"":""66"",""unit"":""cm|inch""},{""name"":""어깨너비(솔기에서 솔기까지)"",""code"":""shoulder-width"",""value"":""39"",""unit"":""cm|inch""},{""name"":""가슴너비"",""code"":""body-width"",""value"":""49"",""unit"":""cm|inch""},{""name"":""등 중심부터 소매까지 길이"",""code"":""sleeve-length-cb"",""value"":""37"",""unit"":""cm|inch""}]},{""name"":""XXL"",""items"":[{""name"":""전체 길이"",""code"":""body-length-back"",""value"":""68"",""unit"":""cm|inch""},{""name"":""어깨너비(솔기에서 솔기까지)"",""code"":""shoulder-width"",""value"":""40"",""unit"":""cm|inch""},{""name"":""가슴너비"",""code"":""body-width"",""value"":""52"",""unit"":""cm|inch""},{""name"":""등 중심부터 소매까지 길이"",""code"":""sleeve-length-cb"",""value"":""38.5"",""unit"":""cm|inch""}]},{""name"":""3XL"",""items"":[{""name"":""전체 길이"",""code"":""body-length-back"",""value"":""69.5"",""unit"":""cm|inch""},{""name"":""어깨너비(솔기에서 솔기까지)"",""code"":""shoulder-width"",""value"":""41"",""unit"":""cm|inch""},{""name"":""가슴너비"",""code"":""body-width"",""value"":""55"",""unit"":""cm|inch""},{""name"":""등 중심부터 소매까지 길이"",""code"":""sleeve-length-cb"",""value"":""39.5"",""unit"":""cm|inch""}]}]"
"2026-07-23 22:57:13 KST","유니클로","https://www.uniqlo.com/kr/ko/products/E488087-000","E488087-000","UNIQLO","여성 프릴T | UNIQLO KR","여성","/kr/ko/women/tops/t-shirts","상의","t-shirts","품절/일부 품절 표시 존재","API","XS|S|M|L|XL|XXL|3XL","7","전체 길이|어깨너비(솔기에서 솔기까지)|가슴너비|등 중심부터 소매까지 길이","39","42","59.5","41.5","","","","","","","","cm|inch","","아니오","","가능","","성공","성공","성공","예","고유","women","","tops","","t-shirts","","","","카테고리 URL 경로","[{""name"":""XS"",""items"":[{""name"":""전체 길이"",""code"":""body-length-back"",""value"":""59.5"",""unit"":""cm|inch""},{""name"":""어깨너비(솔기에서 솔기까지)"",""code"":""shoulder-width"",""value"":""39"",""unit"":""cm|inch""},{""name"":""가슴너비"",""code"":""body-width"",""value"":""42"",""unit"":""cm|inch""},{""name"":""등 중심부터 소매까지 길이"",""code"":""sleeve-length-cb"",""value"":""41.5"",""unit"":""cm|inch""}]},{""name"":""S"",""items"":[{""name"":""전체 길이"",""code"":""body-length-back"",""value"":""61"",""unit"":""cm|inch""},{""name"":""어깨너비(솔기에서 솔기까지)"",""code"":""shoulder-width"",""value"":""40"",""unit"":""cm|inch""},{""name"":""가슴너비"",""code"":""body-width"",""value"":""44.5"",""unit"":""cm|inch""},{""name"":""등 중심부터 소매까지 길이"",""code"":""sleeve-length-cb"",""value"":""42.5"",""unit"":""cm|inch""}]},{""name"":""M"",""items"":[{""name"":""전체 길이"",""code"":""body-length-back"",""value"":""63"",""unit"":""cm|inch""},{""name"":""어깨너비(솔기에서 솔기까지)"",""code"":""shoulder-width"",""value"":""41"",""unit"":""cm|inch""},{""name"":""가슴너비"",""code"":""body-width"",""value"":""47"",""unit"":""cm|inch""},{""name"":""등 중심부터 소매까지 길이"",""code"":""sleeve-length-cb"",""value"":""43"",""unit"":""cm|inch""}]},{""name"":""L"",""items"":[{""name"":""전체 길이"",""code"":""body-length-back"",""value"":""65.5"",""unit"":""cm|inch""},{""name"":""어깨너비(솔기에서 솔기까지)"",""code"":""shoulder-width"",""value"":""42"",""unit"":""cm|inch""},{""name"":""가슴너비"",""code"":""body-width"",""value"":""49.5"",""unit"":""cm|inch""},{""name"":""등 중심부터 소매까지 길이"",""code"":""sleeve-length-cb"",""value"":""44.5"",""unit"":""cm|inch""}]},{""name"":""XL"",""items"":[{""name"":""전체 길이"",""code"":""body-length-back"",""value"":""67.5"",""unit"":""cm|inch""},{""name"":""어깨너비(솔기에서 솔기까지)"",""code"":""shoulder-width"",""value"":""43.5"",""unit"":""cm|inch""},{""name"":""가슴너비"",""code"":""body-width"",""value"":""52.5"",""unit"":""cm|inch""},{""name"":""등 중심부터 소매까지 길이"",""code"":""sleeve-length-cb"",""value"":""46"",""unit"":""cm|inch""}]},{""name"":""XXL"",""items"":[{""name"":""전체 길이"",""code"":""body-length-back"",""value"":""67.5"",""unit"":""cm|inch""},{""name"":""어깨너비(솔기에서 솔기까지)"",""code"":""shoulder-width"",""value"":""44.5"",""unit"":""cm|inch""},{""name"":""가슴너비"",""code"":""body-width"",""value"":""55.5"",""unit"":""cm|inch""},{""name"":""등 중심부터 소매까지 길이"",""code"":""sleeve-length-cb"",""value"":""47.5"",""unit"":""cm|inch""}]},{""name"":""3XL"",""items"":[{""name"":""전체 길이"",""code"":""body-length-back"",""value"":""69.5"",""unit"":""cm|inch""},{""name"":""어깨너비(솔기에서 솔기까지)"",""code"":""shoulder-width"",""value"":""45.5"",""unit"":""cm|inch""},{""name"":""가슴너비"",""code"":""body-width"",""value"":""58.5"",""unit"":""cm|inch""},{""name"":""등 중심부터 소매까지 길이"",""code"":""sleeve-length-cb"",""value"":""48.5"",""unit"":""cm|inch""}]}]"
"2026-07-23 22:57:15 KST","유니클로","https://www.uniqlo.com/kr/ko/products/E483268-000","E483268-000","UNIQLO","여성 그래픽T A | UNIQLO KR","여성","/kr/ko/women/tops/t-shirts","상의","t-shirts","품절/일부 품절 표시 존재","API","XS|S|M|L|XL|XXL|3XL","7","전체 길이|어깨너비(솔기에서 솔기까지)|가슴너비|등 중심부터 소매까지 길이","40.5","47.5","58.5","40","","","","","","","","cm|inch","","아니오","","가능","","성공","성공","성공","예","고유","women","","tops","","t-shirts","","","","카테고리 URL 경로","[{""name"":""XS"",""items"":[{""name"":""전체 길이"",""code"":""body-length-back"",""value"":""58.5"",""unit"":""cm|inch""},{""name"":""어깨너비(솔기에서 솔기까지)"",""code"":""shoulder-width"",""value"":""40.5"",""unit"":""cm|inch""},{""name"":""가슴너비"",""code"":""body-width"",""value"":""47.5"",""unit"":""cm|inch""},{""name"":""등 중심부터 소매까지 길이"",""code"":""sleeve-length-cb"",""value"":""40"",""unit"":""cm|inch""}]},{""name"":""S"",""items"":[{""name"":""전체 길이"",""code"":""body-length-back"",""value"":""60"",""unit"":""cm|inch""},{""name"":""어깨너비(솔기에서 솔기까지)"",""code"":""shoulder-width"",""value"":""41.5"",""unit"":""cm|inch""},{""name"":""가슴너비"",""code"":""body-width"",""value"":""50"",""unit"":""cm|inch""},{""name"":""등 중심부터 소매까지 길이"",""code"":""sleeve-length-cb"",""value"":""41"",""unit"":""cm|inch""}]},{""name"":""M"",""items"":[{""name"":""전체 길이"",""code"":""body-length-back"",""value"":""62"",""unit"":""cm|inch""},{""name"":""어깨너비(솔기에서 솔기까지)"",""code"":""shoulder-width"",""value"":""42.5"",""unit"":""cm|inch""},{""name"":""가슴너비"",""code"":""body-width"",""value"":""52.5"",""unit"":""cm|inch""},{""name"":""등 중심부터 소매까지 길이"",""code"":""sleeve-length-cb"",""value"":""42"",""unit"":""cm|inch""}]},{""name"":""L"",""items"":[{""name"":""전체 길이"",""code"":""body-length-back"",""value"":""64.5"",""unit"":""cm|inch""},{""name"":""어깨너비(솔기에서 솔기까지)"",""code"":""shoulder-width"",""value"":""43.5"",""unit"":""cm|inch""},{""name"":""가슴너비"",""code"":""body-width"",""value"":""55"",""unit"":""cm|inch""},{""name"":""등 중심부터 소매까지 길이"",""code"":""sleeve-length-cb"",""value"":""43.5"",""unit"":""cm|inch""}]},{""name"":""XL"",""items"":[{""name"":""전체 길이"",""code"":""body-length-back"",""value"":""66.5"",""unit"":""cm|inch""},{""name"":""어깨너비(솔기에서 솔기까지)"",""code"":""shoulder-width"",""value"":""45"",""unit"":""cm|inch""},{""name"":""가슴너비"",""code"":""body-width"",""value"":""58"",""unit"":""cm|inch""},{""name"":""등 중심부터 소매까지 길이"",""code"":""sleeve-length-cb"",""value"":""45"",""unit"":""cm|inch""}]},{""name"":""XXL"",""items"":[{""name"":""전체 길이"",""code"":""body-length-back"",""value"":""66.5"",""unit"":""cm|inch""},{""name"":""어깨너비(솔기에서 솔기까지)"",""code"":""shoulder-width"",""value"":""46"",""unit"":""cm|inch""},{""name"":""가슴너비"",""code"":""body-width"",""value"":""61"",""unit"":""cm|inch""},{""name"":""등 중심부터 소매까지 길이"",""code"":""sleeve-length-cb"",""value"":""46"",""unit"":""cm|inch""}]},{""name"":""3XL"",""items"":[{""name"":""전체 길이"",""code"":""body-length-back"",""value"":""68.5"",""unit"":""cm|inch""},{""name"":""어깨너비(솔기에서 솔기까지)"",""code"":""shoulder-width"",""value"":""47"",""unit"":""cm|inch""},{""name"":""가슴너비"",""code"":""body-width"",""value"":""64"",""unit"":""cm|inch""},{""name"":""등 중심부터 소매까지 길이"",""code"":""sleeve-length-cb"",""value"":""47.5"",""unit"":""cm|inch""}]}]"
"2026-07-23 22:57:16 KST","유니클로","https://www.uniqlo.com/kr/ko/products/E484418-001","E484418-001","UNIQLO","여성 셔링볼륨슬리브T | UNIQLO KR","여성","/kr/ko/women/tops/t-shirts","상의","t-shirts","품절/일부 품절 표시 존재","API","XS|S|M|L|XL|XXL|3XL","7","전체 길이|어깨너비(솔기에서 솔기까지)|가슴너비|등 중심부터 소매까지 길이","31","33","49","39","","","","","","","","cm|inch","","아니오","","가능","","성공","성공","성공","예","고유","women","","tops","","t-shirts","","","","카테고리 URL 경로","[{""name"":""XS"",""items"":[{""name"":""전체 길이"",""code"":""body-length-back"",""value"":""49"",""unit"":""cm|inch""},{""name"":""어깨너비(솔기에서 솔기까지)"",""code"":""shoulder-width"",""value"":""31"",""unit"":""cm|inch""},{""name"":""가슴너비"",""code"":""body-width"",""value"":""33"",""unit"":""cm|inch""},{""name"":""등 중심부터 소매까지 길이"",""code"":""sleeve-length-cb"",""value"":""39"",""unit"":""cm|inch""}]},{""name"":""S"",""items"":[{""name"":""전체 길이"",""code"":""body-length-back"",""value"":""49.5"",""unit"":""cm|inch""},{""name"":""어깨너비(솔기에서 솔기까지)"",""code"":""shoulder-width"",""value"":""32"",""unit"":""cm|inch""},{""name"":""가슴너비"",""code"":""body-width"",""value"":""35.5"",""unit"":""cm|inch""},{""name"":""등 중심부터 소매까지 길이"",""code"":""sleeve-length-cb"",""value"":""40"",""unit"":""cm|inch""}]},{""name"":""M"",""items"":[{""name"":""전체 길이"",""code"":""body-length-back"",""value"":""50"",""unit"":""cm|inch""},{""name"":""어깨너비(솔기에서 솔기까지)"",""code"":""shoulder-width"",""value"":""33"",""unit"":""cm|inch""},{""name"":""가슴너비"",""code"":""body-width"",""value"":""38"",""unit"":""cm|inch""},{""name"":""등 중심부터 소매까지 길이"",""code"":""sleeve-length-cb"",""value"":""41"",""unit"":""cm|inch""}]},{""name"":""L"",""items"":[{""name"":""전체 길이"",""code"":""body-length-back"",""value"":""51.5"",""unit"":""cm|inch""},{""name"":""어깨너비(솔기에서 솔기까지)"",""code"":""shoulder-width"",""value"":""34"",""unit"":""cm|inch""},{""name"":""가슴너비"",""code"":""body-width"",""value"":""40.5"",""unit"":""cm|inch""},{""name"":""등 중심부터 소매까지 길이"",""code"":""sleeve-length-cb"",""value"":""42.5"",""unit"":""cm|inch""}]},{""name"":""XL"",""items"":[{""name"":""전체 길이"",""code"":""body-length-back"",""value"":""52.5"",""unit"":""cm|inch""},{""name"":""어깨너비(솔기에서 솔기까지)"",""code"":""shoulder-width"",""value"":""35.5"",""unit"":""cm|inch""},{""name"":""가슴너비"",""code"":""body-width"",""value"":""43.5"",""unit"":""cm|inch""},{""name"":""등 중심부터 소매까지 길이"",""code"":""sleeve-length-cb"",""value"":""44"",""unit"":""cm|inch""}]},{""name"":""XXL"",""items"":[{""name"":""전체 길이"",""code"":""body-length-back"",""value"":""53.5"",""unit"":""cm|inch""},{""name"":""어깨너비(솔기에서 솔기까지)"",""code"":""shoulder-width"",""value"":""36.5"",""unit"":""cm|inch""},{""name"":""가슴너비"",""code"":""body-width"",""value"":""46.5"",""unit"":""cm|inch""},{""name"":""등 중심부터 소매까지 길이"",""code"":""sleeve-length-cb"",""value"":""45"",""unit"":""cm|inch""}]},{""name"":""3XL"",""items"":[{""name"":""전체 길이"",""code"":""body-length-back"",""value"":""55"",""unit"":""cm|inch""},{""name"":""어깨너비(솔기에서 솔기까지)"",""code"":""shoulder-width"",""value"":""37.5"",""unit"":""cm|inch""},{""name"":""가슴너비"",""code"":""body-width"",""value"":""49.5"",""unit"":""cm|inch""},{""name"":""등 중심부터 소매까지 길이"",""code"":""sleeve-length-cb"",""value"":""46.5"",""unit"":""cm|inch""}]}]"
"2026-07-23 22:57:17 KST","유니클로","https://www.uniqlo.com/kr/ko/products/E484421-000","E484421-000","UNIQLO","여성 그래픽T B | UNIQLO KR","여성","/kr/ko/women/tops/t-shirts","상의","t-shirts","품절/일부 품절 표시 존재","API","XS|S|M|L|XL|XXL|3XL","7","전체 길이|어깨너비(솔기에서 솔기까지)|가슴너비|등 중심부터 소매까지 길이","39.5","42","56","38","","","","","","","","cm|inch","","아니오","","가능","","성공","성공","성공","예","고유","women","","tops","","t-shirts","","","","카테고리 URL 경로","[{""name"":""XS"",""items"":[{""name"":""전체 길이"",""code"":""body-length-back"",""value"":""56"",""unit"":""cm|inch""},{""name"":""어깨너비(솔기에서 솔기까지)"",""code"":""shoulder-width"",""value"":""39.5"",""unit"":""cm|inch""},{""name"":""가슴너비"",""code"":""body-width"",""value"":""42"",""unit"":""cm|inch""},{""name"":""등 중심부터 소매까지 길이"",""code"":""sleeve-length-cb"",""value"":""38"",""unit"":""cm|inch""}]},{""name"":""S"",""items"":[{""name"":""전체 길이"",""code"":""body-length-back"",""value"":""57.5"",""unit"":""cm|inch""},{""name"":""어깨너비(솔기에서 솔기까지)"",""code"":""shoulder-width"",""value"":""40.5"",""unit"":""cm|inch""},{""name"":""가슴너비"",""code"":""body-width"",""value"":""44.5"",""unit"":""cm|inch""},{""name"":""등 중심부터 소매까지 길이"",""code"":""sleeve-length-cb"",""value"":""39"",""unit"":""cm|inch""}]},{""name"":""M"",""items"":[{""name"":""전체 길이"",""code"":""body-length-back"",""value"":""59.5"",""unit"":""cm|inch""},{""name"":""어깨너비(솔기에서 솔기까지)"",""code"":""shoulder-width"",""value"":""41.5"",""unit"":""cm|inch""},{""name"":""가슴너비"",""code"":""body-width"",""value"":""47"",""unit"":""cm|inch""},{""name"":""등 중심부터 소매까지 길이"",""code"":""sleeve-length-cb"",""value"":""40"",""unit"":""cm|inch""}]},{""name"":""L"",""items"":[{""name"":""전체 길이"",""code"":""body-length-back"",""value"":""61.5"",""unit"":""cm|inch""},{""name"":""어깨너비(솔기에서 솔기까지)"",""code"":""shoulder-width"",""value"":""42.5"",""unit"":""cm|inch""},{""name"":""가슴너비"",""code"":""body-width"",""value"":""49.5"",""unit"":""cm|inch""},{""name"":""등 중심부터 소매까지 길이"",""code"":""sleeve-length-cb"",""value"":""41.5"",""unit"":""cm|inch""}]},{""name"":""XL"",""items"":[{""name"":""전체 길이"",""code"":""body-length-back"",""value"":""63.5"",""unit"":""cm|inch""},{""name"":""어깨너비(솔기에서 솔기까지)"",""code"":""shoulder-width"",""value"":""44"",""unit"":""cm|inch""},{""name"":""가슴너비"",""code"":""body-width"",""value"":""52.5"",""unit"":""cm|inch""},{""name"":""등 중심부터 소매까지 길이"",""code"":""sleeve-length-cb"",""value"":""43"",""unit"":""cm|inch""}]},{""name"":""XXL"",""items"":[{""name"":""전체 길이"",""code"":""body-length-back"",""value"":""63.5"",""unit"":""cm|inch""},{""name"":""어깨너비(솔기에서 솔기까지)"",""code"":""shoulder-width"",""value"":""45"",""unit"":""cm|inch""},{""name"":""가슴너비"",""code"":""body-width"",""value"":""55.5"",""unit"":""cm|inch""},{""name"":""등 중심부터 소매까지 길이"",""code"":""sleeve-length-cb"",""value"":""44"",""unit"":""cm|inch""}]},{""name"":""3XL"",""items"":[{""name"":""전체 길이"",""code"":""body-length-back"",""value"":""66"",""unit"":""cm|inch""},{""name"":""어깨너비(솔기에서 솔기까지)"",""code"":""shoulder-width"",""value"":""46"",""unit"":""cm|inch""},{""name"":""가슴너비"",""code"":""body-width"",""value"":""58.5"",""unit"":""cm|inch""},{""name"":""등 중심부터 소매까지 길이"",""code"":""sleeve-length-cb"",""value"":""45.5"",""unit"":""cm|inch""}]}]"
"2026-07-23 22:57:18 KST","유니클로","https://www.uniqlo.com/kr/ko/products/E484418-000","E484418-000","UNIQLO","여성 셔링볼륨슬리브T | UNIQLO KR","여성","/kr/ko/women/tops/t-shirts","상의","t-shirts","품절/일부 품절 표시 존재","API","XS|S|M|L|XL|XXL|3XL","7","전체 길이|어깨너비(솔기에서 솔기까지)|가슴너비|등 중심부터 소매까지 길이","31","33","49","39","","","","","","","","cm|inch","","아니오","","가능","","성공","성공","성공","예","고유","women","","tops","","t-shirts","","","","카테고리 URL 경로","[{""name"":""XS"",""items"":[{""name"":""전체 길이"",""code"":""body-length-back"",""value"":""49"",""unit"":""cm|inch""},{""name"":""어깨너비(솔기에서 솔기까지)"",""code"":""shoulder-width"",""value"":""31"",""unit"":""cm|inch""},{""name"":""가슴너비"",""code"":""body-width"",""value"":""33"",""unit"":""cm|inch""},{""name"":""등 중심부터 소매까지 길이"",""code"":""sleeve-length-cb"",""value"":""39"",""unit"":""cm|inch""}]},{""name"":""S"",""items"":[{""name"":""전체 길이"",""code"":""body-length-back"",""value"":""49.5"",""unit"":""cm|inch""},{""name"":""어깨너비(솔기에서 솔기까지)"",""code"":""shoulder-width"",""value"":""32"",""unit"":""cm|inch""},{""name"":""가슴너비"",""code"":""body-width"",""value"":""35.5"",""unit"":""cm|inch""},{""name"":""등 중심부터 소매까지 길이"",""code"":""sleeve-length-cb"",""value"":""40"",""unit"":""cm|inch""}]},{""name"":""M"",""items"":[{""name"":""전체 길이"",""code"":""body-length-back"",""value"":""50"",""unit"":""cm|inch""},{""name"":""어깨너비(솔기에서 솔기까지)"",""code"":""shoulder-width"",""value"":""33"",""unit"":""cm|inch""},{""name"":""가슴너비"",""code"":""body-width"",""value"":""38"",""unit"":""cm|inch""},{""name"":""등 중심부터 소매까지 길이"",""code"":""sleeve-length-cb"",""value"":""41"",""unit"":""cm|inch""}]},{""name"":""L"",""items"":[{""name"":""전체 길이"",""code"":""body-length-back"",""value"":""51.5"",""unit"":""cm|inch""},{""name"":""어깨너비(솔기에서 솔기까지)"",""code"":""shoulder-width"",""value"":""34"",""unit"":""cm|inch""},{""name"":""가슴너비"",""code"":""body-width"",""value"":""40.5"",""unit"":""cm|inch""},{""name"":""등 중심부터 소매까지 길이"",""code"":""sleeve-length-cb"",""value"":""42.5"",""unit"":""cm|inch""}]},{""name"":""XL"",""items"":[{""name"":""전체 길이"",""code"":""body-length-back"",""value"":""52.5"",""unit"":""cm|inch""},{""name"":""어깨너비(솔기에서 솔기까지)"",""code"":""shoulder-width"",""value"":""35.5"",""unit"":""cm|inch""},{""name"":""가슴너비"",""code"":""body-width"",""value"":""43.5"",""unit"":""cm|inch""},{""name"":""등 중심부터 소매까지 길이"",""code"":""sleeve-length-cb"",""value"":""44"",""unit"":""cm|inch""}]},{""name"":""XXL"",""items"":[{""name"":""전체 길이"",""code"":""body-length-back"",""value"":""53.5"",""unit"":""cm|inch""},{""name"":""어깨너비(솔기에서 솔기까지)"",""code"":""shoulder-width"",""value"":""36.5"",""unit"":""cm|inch""},{""name"":""가슴너비"",""code"":""body-width"",""value"":""46.5"",""unit"":""cm|inch""},{""name"":""등 중심부터 소매까지 길이"",""code"":""sleeve-length-cb"",""value"":""45"",""unit"":""cm|inch""}]},{""name"":""3XL"",""items"":[{""name"":""전체 길이"",""code"":""body-length-back"",""value"":""55"",""unit"":""cm|inch""},{""name"":""어깨너비(솔기에서 솔기까지)"",""code"":""shoulder-width"",""value"":""37.5"",""unit"":""cm|inch""},{""name"":""가슴너비"",""code"":""body-width"",""value"":""49.5"",""unit"":""cm|inch""},{""name"":""등 중심부터 소매까지 길이"",""code"":""sleeve-length-cb"",""value"":""46.5"",""unit"":""cm|inch""}]}]"
"2026-07-23 22:57:19 KST","유니클로","https://www.uniqlo.com/kr/ko/products/E465760-000","E465760-000","UNIQLO","여성 미니T | UNIQLO KR","여성","/kr/ko/women/tops/t-shirts","상의","t-shirts","품절/일부 품절 표시 존재","API","XS|S|M|L|XL|XXL|3XL","7","전체 길이|어깨너비(솔기에서 솔기까지)|가슴너비|등 중심부터 소매까지 길이","34","35","44.5","28.5","","","","","","","","cm|inch","","아니오","","가능","","성공","성공","성공","예","고유","women","","tops","","t-shirts","","","","카테고리 URL 경로","[{""name"":""XS"",""items"":[{""name"":""전체 길이"",""code"":""body-length-back"",""value"":""44.5"",""unit"":""cm|inch""},{""name"":""어깨너비(솔기에서 솔기까지)"",""code"":""shoulder-width"",""value"":""34"",""unit"":""cm|inch""},{""name"":""가슴너비"",""code"":""body-width"",""value"":""35"",""unit"":""cm|inch""},{""name"":""등 중심부터 소매까지 길이"",""code"":""sleeve-length-cb"",""value"":""28.5"",""unit"":""cm|inch""}]},{""name"":""S"",""items"":[{""name"":""전체 길이"",""code"":""body-length-back"",""value"":""46"",""unit"":""cm|inch""},{""name"":""어깨너비(솔기에서 솔기까지)"",""code"":""shoulder-width"",""value"":""35"",""unit"":""cm|inch""},{""name"":""가슴너비"",""code"":""body-width"",""value"":""37.5"",""unit"":""cm|inch""},{""name"":""등 중심부터 소매까지 길이"",""code"":""sleeve-length-cb"",""value"":""29.5"",""unit"":""cm|inch""}]},{""name"":""M"",""items"":[{""name"":""전체 길이"",""code"":""body-length-back"",""value"":""48"",""unit"":""cm|inch""},{""name"":""어깨너비(솔기에서 솔기까지)"",""code"":""shoulder-width"",""value"":""36"",""unit"":""cm|inch""},{""name"":""가슴너비"",""code"":""body-width"",""value"":""40"",""unit"":""cm|inch""},{""name"":""등 중심부터 소매까지 길이"",""code"":""sleeve-length-cb"",""value"":""30"",""unit"":""cm|inch""}]},{""name"":""L"",""items"":[{""name"":""전체 길이"",""code"":""body-length-back"",""value"":""50"",""unit"":""cm|inch""},{""name"":""어깨너비(솔기에서 솔기까지)"",""code"":""shoulder-width"",""value"":""37.5"",""unit"":""cm|inch""},{""name"":""가슴너비"",""code"":""body-width"",""value"":""43"",""unit"":""cm|inch""},{""name"":""등 중심부터 소매까지 길이"",""code"":""sleeve-length-cb"",""value"":""31.5"",""unit"":""cm|inch""}]},{""name"":""XL"",""items"":[{""name"":""전체 길이"",""code"":""body-length-back"",""value"":""52.5"",""unit"":""cm|inch""},{""name"":""어깨너비(솔기에서 솔기까지)"",""code"":""shoulder-width"",""value"":""39"",""unit"":""cm|inch""},{""name"":""가슴너비"",""code"":""body-width"",""value"":""46"",""unit"":""cm|inch""},{""name"":""등 중심부터 소매까지 길이"",""code"":""sleeve-length-cb"",""value"":""33"",""unit"":""cm|inch""}]},{""name"":""XXL"",""items"":[{""name"":""전체 길이"",""code"":""body-length-back"",""value"":""52.5"",""unit"":""cm|inch""},{""name"":""어깨너비(솔기에서 솔기까지)"",""code"":""shoulder-width"",""value"":""40"",""unit"":""cm|inch""},{""name"":""가슴너비"",""code"":""body-width"",""value"":""49"",""unit"":""cm|inch""},{""name"":""등 중심부터 소매까지 길이"",""code"":""sleeve-length-cb"",""value"":""34.5"",""unit"":""cm|inch""}]},{""name"":""3XL"",""items"":[{""name"":""전체 길이"",""code"":""body-length-back"",""value"":""54.5"",""unit"":""cm|inch""},{""name"":""어깨너비(솔기에서 솔기까지)"",""code"":""shoulder-width"",""value"":""41"",""unit"":""cm|inch""},{""name"":""가슴너비"",""code"":""body-width"",""value"":""52"",""unit"":""cm|inch""},{""name"":""등 중심부터 소매까지 길이"",""code"":""sleeve-length-cb"",""value"":""35.5"",""unit"":""cm|inch""}]}]"
"2026-07-23 22:57:21 KST","유니클로","https://www.uniqlo.com/kr/ko/products/E485025-000","E485025-000","UNIQLO","여성 포인텔라운드넥미니T | UNIQLO KR","여성","/kr/ko/women/tops/t-shirts","상의","t-shirts","품절/일부 품절 표시 존재","API","XS|S|M|L|XL|XXL|3XL","7","전체 길이|어깨너비(솔기에서 솔기까지)|가슴너비|등 중심부터 소매까지 길이","31.5","34","47","31.5","","","","","","","","cm|inch","","아니오","","가능","","성공","성공","성공","예","고유","women","","tops","","t-shirts","","","","카테고리 URL 경로","[{""name"":""XS"",""items"":[{""name"":""전체 길이"",""code"":""body-length-back"",""value"":""47"",""unit"":""cm|inch""},{""name"":""어깨너비(솔기에서 솔기까지)"",""code"":""shoulder-width"",""value"":""31.5"",""unit"":""cm|inch""},{""name"":""가슴너비"",""code"":""body-width"",""value"":""34"",""unit"":""cm|inch""},{""name"":""등 중심부터 소매까지 길이"",""code"":""sleeve-length-cb"",""value"":""31.5"",""unit"":""cm|inch""}]},{""name"":""S"",""items"":[{""name"":""전체 길이"",""code"":""body-length-back"",""value"":""48.5"",""unit"":""cm|inch""},{""name"":""어깨너비(솔기에서 솔기까지)"",""code"":""shoulder-width"",""value"":""32.5"",""unit"":""cm|inch""},{""name"":""가슴너비"",""code"":""body-width"",""value"":""36.5"",""unit"":""cm|inch""},{""name"":""등 중심부터 소매까지 길이"",""code"":""sleeve-length-cb"",""value"":""32"",""unit"":""cm|inch""}]},{""name"":""M"",""items"":[{""name"":""전체 길이"",""code"":""body-length-back"",""value"":""51"",""unit"":""cm|inch""},{""name"":""어깨너비(솔기에서 솔기까지)"",""code"":""shoulder-width"",""value"":""33.5"",""unit"":""cm|inch""},{""name"":""가슴너비"",""code"":""body-width"",""value"":""39"",""unit"":""cm|inch""},{""name"":""등 중심부터 소매까지 길이"",""code"":""sleeve-length-cb"",""value"":""33"",""unit"":""cm|inch""}]},{""name"":""L"",""items"":[{""name"":""전체 길이"",""code"":""body-length-back"",""value"":""53"",""unit"":""cm|inch""},{""name"":""어깨너비(솔기에서 솔기까지)"",""code"":""shoulder-width"",""value"":""34.5"",""unit"":""cm|inch""},{""name"":""가슴너비"",""code"":""body-width"",""value"":""41.5"",""unit"":""cm|inch""},{""name"":""등 중심부터 소매까지 길이"",""code"":""sleeve-length-cb"",""value"":""34.5"",""unit"":""cm|inch""}]},{""name"":""XL"",""items"":[{""name"":""전체 길이"",""code"":""body-length-back"",""value"":""55"",""unit"":""cm|inch""},{""name"":""어깨너비(솔기에서 솔기까지)"",""code"":""shoulder-width"",""value"":""36"",""unit"":""cm|inch""},{""name"":""가슴너비"",""code"":""body-width"",""value"":""44.5"",""unit"":""cm|inch""},{""name"":""등 중심부터 소매까지 길이"",""code"":""sleeve-length-cb"",""value"":""36"",""unit"":""cm|inch""}]},{""name"":""XXL"",""items"":[{""name"":""전체 길이"",""code"":""body-length-back"",""value"":""55"",""unit"":""cm|inch""},{""name"":""어깨너비(솔기에서 솔기까지)"",""code"":""shoulder-width"",""value"":""37"",""unit"":""cm|inch""},{""name"":""가슴너비"",""code"":""body-width"",""value"":""47.5"",""unit"":""cm|inch""},{""name"":""등 중심부터 소매까지 길이"",""code"":""sleeve-length-cb"",""value"":""37.5"",""unit"":""cm|inch""}]},{""name"":""3XL"",""items"":[{""name"":""전체 길이"",""code"":""body-length-back"",""value"":""57"",""unit"":""cm|inch""},{""name"":""어깨너비(솔기에서 솔기까지)"",""code"":""shoulder-width"",""value"":""38"",""unit"":""cm|inch""},{""name"":""가슴너비"",""code"":""body-width"",""value"":""50.5"",""unit"":""cm|inch""},{""name"":""등 중심부터 소매까지 길이"",""code"":""sleeve-length-cb"",""value"":""38.5"",""unit"":""cm|inch""}]}]"
"2026-07-23 22:57:22 KST","유니클로","https://www.uniqlo.com/kr/ko/products/E484457-000","E484457-000","UNIQLO","여성 립미니T | UNIQLO KR","여성","/kr/ko/women/tops/t-shirts","상의","t-shirts","품절/일부 품절 표시 존재","API","XS|S|M|L|XL|XXL|3XL","7","전체 길이|어깨너비(솔기에서 솔기까지)|가슴너비|등 중심부터 소매까지 길이","34","35","44.5","28.5","","","","","","","","cm|inch","","아니오","","가능","","성공","성공","성공","예","고유","women","","tops","","t-shirts","","","","카테고리 URL 경로","[{""name"":""XS"",""items"":[{""name"":""전체 길이"",""code"":""body-length-back"",""value"":""44.5"",""unit"":""cm|inch""},{""name"":""어깨너비(솔기에서 솔기까지)"",""code"":""shoulder-width"",""value"":""34"",""unit"":""cm|inch""},{""name"":""가슴너비"",""code"":""body-width"",""value"":""35"",""unit"":""cm|inch""},{""name"":""등 중심부터 소매까지 길이"",""code"":""sleeve-length-cb"",""value"":""28.5"",""unit"":""cm|inch""}]},{""name"":""S"",""items"":[{""name"":""전체 길이"",""code"":""body-length-back"",""value"":""46"",""unit"":""cm|inch""},{""name"":""어깨너비(솔기에서 솔기까지)"",""code"":""shoulder-width"",""value"":""35"",""unit"":""cm|inch""},{""name"":""가슴너비"",""code"":""body-width"",""value"":""37.5"",""unit"":""cm|inch""},{""name"":""등 중심부터 소매까지 길이"",""code"":""sleeve-length-cb"",""value"":""29.5"",""unit"":""cm|inch""}]},{""name"":""M"",""items"":[{""name"":""전체 길이"",""code"":""body-length-back"",""value"":""48"",""unit"":""cm|inch""},{""name"":""어깨너비(솔기에서 솔기까지)"",""code"":""shoulder-width"",""value"":""36"",""unit"":""cm|inch""},{""name"":""가슴너비"",""code"":""body-width"",""value"":""40"",""unit"":""cm|inch""},{""name"":""등 중심부터 소매까지 길이"",""code"":""sleeve-length-cb"",""value"":""30"",""unit"":""cm|inch""}]},{""name"":""L"",""items"":[{""name"":""전체 길이"",""code"":""body-length-back"",""value"":""50"",""unit"":""cm|inch""},{""name"":""어깨너비(솔기에서 솔기까지)"",""code"":""shoulder-width"",""value"":""37"",""unit"":""cm|inch""},{""name"":""가슴너비"",""code"":""body-width"",""value"":""42.5"",""unit"":""cm|inch""},{""name"":""등 중심부터 소매까지 길이"",""code"":""sleeve-length-cb"",""value"":""31.5"",""unit"":""cm|inch""}]},{""name"":""XL"",""items"":[{""name"":""전체 길이"",""code"":""body-length-back"",""value"":""52.5"",""unit"":""cm|inch""},{""name"":""어깨너비(솔기에서 솔기까지)"",""code"":""shoulder-width"",""value"":""38.5"",""unit"":""cm|inch""},{""name"":""가슴너비"",""code"":""body-width"",""value"":""45.5"",""unit"":""cm|inch""},{""name"":""등 중심부터 소매까지 길이"",""code"":""sleeve-length-cb"",""value"":""33"",""unit"":""cm|inch""}]},{""name"":""XXL"",""items"":[{""name"":""전체 길이"",""code"":""body-length-back"",""value"":""52.5"",""unit"":""cm|inch""},{""name"":""어깨너비(솔기에서 솔기까지)"",""code"":""shoulder-width"",""value"":""39.5"",""unit"":""cm|inch""},{""name"":""가슴너비"",""code"":""body-width"",""value"":""48.5"",""unit"":""cm|inch""},{""name"":""등 중심부터 소매까지 길이"",""code"":""sleeve-length-cb"",""value"":""34.5"",""unit"":""cm|inch""}]},{""name"":""3XL"",""items"":[{""name"":""전체 길이"",""code"":""body-length-back"",""value"":""54.5"",""unit"":""cm|inch""},{""name"":""어깨너비(솔기에서 솔기까지)"",""code"":""shoulder-width"",""value"":""40.5"",""unit"":""cm|inch""},{""name"":""가슴너비"",""code"":""body-width"",""value"":""51.5"",""unit"":""cm|inch""},{""name"":""등 중심부터 소매까지 길이"",""code"":""sleeve-length-cb"",""value"":""35.5"",""unit"":""cm|inch""}]}]"
"2026-07-23 22:57:23 KST","유니클로","https://www.uniqlo.com/kr/ko/products/E483535-000","E483535-000","UNIQLO","여성 미니T(스트라이프)A | UNIQLO KR","여성","/kr/ko/women/tops/t-shirts","상의","t-shirts","품절/일부 품절 표시 존재","API","XS|S|M|L|XL|XXL|3XL","7","전체 길이|어깨너비(솔기에서 솔기까지)|가슴너비|등 중심부터 소매까지 길이","34","35","44.5","28.5","","","","","","","","cm|inch","","아니오","","가능","","성공","성공","성공","예","고유","women","","tops","","t-shirts","","","","카테고리 URL 경로","[{""name"":""XS"",""items"":[{""name"":""전체 길이"",""code"":""body-length-back"",""value"":""44.5"",""unit"":""cm|inch""},{""name"":""어깨너비(솔기에서 솔기까지)"",""code"":""shoulder-width"",""value"":""34"",""unit"":""cm|inch""},{""name"":""가슴너비"",""code"":""body-width"",""value"":""35"",""unit"":""cm|inch""},{""name"":""등 중심부터 소매까지 길이"",""code"":""sleeve-length-cb"",""value"":""28.5"",""unit"":""cm|inch""}]},{""name"":""S"",""items"":[{""name"":""전체 길이"",""code"":""body-length-back"",""value"":""46"",""unit"":""cm|inch""},{""name"":""어깨너비(솔기에서 솔기까지)"",""code"":""shoulder-width"",""value"":""35"",""unit"":""cm|inch""},{""name"":""가슴너비"",""code"":""body-width"",""value"":""37.5"",""unit"":""cm|inch""},{""name"":""등 중심부터 소매까지 길이"",""code"":""sleeve-length-cb"",""value"":""29.5"",""unit"":""cm|inch""}]},{""name"":""M"",""items"":[{""name"":""전체 길이"",""code"":""body-length-back"",""value"":""48"",""unit"":""cm|inch""},{""name"":""어깨너비(솔기에서 솔기까지)"",""code"":""shoulder-width"",""value"":""36"",""unit"":""cm|inch""},{""name"":""가슴너비"",""code"":""body-width"",""value"":""40"",""unit"":""cm|inch""},{""name"":""등 중심부터 소매까지 길이"",""code"":""sleeve-length-cb"",""value"":""30"",""unit"":""cm|inch""}]},{""name"":""L"",""items"":[{""name"":""전체 길이"",""code"":""body-length-back"",""value"":""50"",""unit"":""cm|inch""},{""name"":""어깨너비(솔기에서 솔기까지)"",""code"":""shoulder-width"",""value"":""37.5"",""unit"":""cm|inch""},{""name"":""가슴너비"",""code"":""body-width"",""value"":""43"",""unit"":""cm|inch""},{""name"":""등 중심부터 소매까지 길이"",""code"":""sleeve-length-cb"",""value"":""31.5"",""unit"":""cm|inch""}]},{""name"":""XL"",""items"":[{""name"":""전체 길이"",""code"":""body-length-back"",""value"":""52.5"",""unit"":""cm|inch""},{""name"":""어깨너비(솔기에서 솔기까지)"",""code"":""shoulder-width"",""value"":""39"",""unit"":""cm|inch""},{""name"":""가슴너비"",""code"":""body-width"",""value"":""46"",""unit"":""cm|inch""},{""name"":""등 중심부터 소매까지 길이"",""code"":""sleeve-length-cb"",""value"":""33"",""unit"":""cm|inch""}]},{""name"":""XXL"",""items"":[{""name"":""전체 길이"",""code"":""body-length-back"",""value"":""52.5"",""unit"":""cm|inch""},{""name"":""어깨너비(솔기에서 솔기까지)"",""code"":""shoulder-width"",""value"":""40"",""unit"":""cm|inch""},{""name"":""가슴너비"",""code"":""body-width"",""value"":""49"",""unit"":""cm|inch""},{""name"":""등 중심부터 소매까지 길이"",""code"":""sleeve-length-cb"",""value"":""34.5"",""unit"":""cm|inch""}]},{""name"":""3XL"",""items"":[{""name"":""전체 길이"",""code"":""body-length-back"",""value"":""54.5"",""unit"":""cm|inch""},{""name"":""어깨너비(솔기에서 솔기까지)"",""code"":""shoulder-width"",""value"":""41"",""unit"":""cm|inch""},{""name"":""가슴너비"",""code"":""body-width"",""value"":""52"",""unit"":""cm|inch""},{""name"":""등 중심부터 소매까지 길이"",""code"":""sleeve-length-cb"",""value"":""35.5"",""unit"":""cm|inch""}]}]"
"2026-07-23 22:57:24 KST","유니클로","https://www.uniqlo.com/kr/ko/products/E487277-000","E487277-000","UNIQLO","여성 미니T(스트라이프)B | UNIQLO KR","여성","/kr/ko/women/tops/t-shirts","상의","t-shirts","품절/일부 품절 표시 존재","API","XS|S|M|L|XL|XXL|3XL","7","전체 길이|어깨너비(솔기에서 솔기까지)|가슴너비|등 중심부터 소매까지 길이","34","35","44.5","28.5","","","","","","","","cm|inch","","아니오","","가능","","성공","성공","성공","예","고유","women","","tops","","t-shirts","","","","카테고리 URL 경로","[{""name"":""XS"",""items"":[{""name"":""전체 길이"",""code"":""body-length-back"",""value"":""44.5"",""unit"":""cm|inch""},{""name"":""어깨너비(솔기에서 솔기까지)"",""code"":""shoulder-width"",""value"":""34"",""unit"":""cm|inch""},{""name"":""가슴너비"",""code"":""body-width"",""value"":""35"",""unit"":""cm|inch""},{""name"":""등 중심부터 소매까지 길이"",""code"":""sleeve-length-cb"",""value"":""28.5"",""unit"":""cm|inch""}]},{""name"":""S"",""items"":[{""name"":""전체 길이"",""code"":""body-length-back"",""value"":""46"",""unit"":""cm|inch""},{""name"":""어깨너비(솔기에서 솔기까지)"",""code"":""shoulder-width"",""value"":""35"",""unit"":""cm|inch""},{""name"":""가슴너비"",""code"":""body-width"",""value"":""37.5"",""unit"":""cm|inch""},{""name"":""등 중심부터 소매까지 길이"",""code"":""sleeve-length-cb"",""value"":""29.5"",""unit"":""cm|inch""}]},{""name"":""M"",""items"":[{""name"":""전체 길이"",""code"":""body-length-back"",""value"":""48"",""unit"":""cm|inch""},{""name"":""어깨너비(솔기에서 솔기까지)"",""code"":""shoulder-width"",""value"":""36"",""unit"":""cm|inch""},{""name"":""가슴너비"",""code"":""body-width"",""value"":""40"",""unit"":""cm|inch""},{""name"":""등 중심부터 소매까지 길이"",""code"":""sleeve-length-cb"",""value"":""30"",""unit"":""cm|inch""}]},{""name"":""L"",""items"":[{""name"":""전체 길이"",""code"":""body-length-back"",""value"":""50"",""unit"":""cm|inch""},{""name"":""어깨너비(솔기에서 솔기까지)"",""code"":""shoulder-width"",""value"":""37.5"",""unit"":""cm|inch""},{""name"":""가슴너비"",""code"":""body-width"",""value"":""43"",""unit"":""cm|inch""},{""name"":""등 중심부터 소매까지 길이"",""code"":""sleeve-length-cb"",""value"":""31.5"",""unit"":""cm|inch""}]},{""name"":""XL"",""items"":[{""name"":""전체 길이"",""code"":""body-length-back"",""value"":""52.5"",""unit"":""cm|inch""},{""name"":""어깨너비(솔기에서 솔기까지)"",""code"":""shoulder-width"",""value"":""39"",""unit"":""cm|inch""},{""name"":""가슴너비"",""code"":""body-width"",""value"":""46"",""unit"":""cm|inch""},{""name"":""등 중심부터 소매까지 길이"",""code"":""sleeve-length-cb"",""value"":""33"",""unit"":""cm|inch""}]},{""name"":""XXL"",""items"":[{""name"":""전체 길이"",""code"":""body-length-back"",""value"":""52.5"",""unit"":""cm|inch""},{""name"":""어깨너비(솔기에서 솔기까지)"",""code"":""shoulder-width"",""value"":""40"",""unit"":""cm|inch""},{""name"":""가슴너비"",""code"":""body-width"",""value"":""49"",""unit"":""cm|inch""},{""name"":""등 중심부터 소매까지 길이"",""code"":""sleeve-length-cb"",""value"":""34.5"",""unit"":""cm|inch""}]},{""name"":""3XL"",""items"":[{""name"":""전체 길이"",""code"":""body-length-back"",""value"":""54.5"",""unit"":""cm|inch""},{""name"":""어깨너비(솔기에서 솔기까지)"",""code"":""shoulder-width"",""value"":""41"",""unit"":""cm|inch""},{""name"":""가슴너비"",""code"":""body-width"",""value"":""52"",""unit"":""cm|inch""},{""name"":""등 중심부터 소매까지 길이"",""code"":""sleeve-length-cb"",""value"":""35.5"",""unit"":""cm|inch""}]}]"
"2026-07-23 22:57:25 KST","유니클로","https://www.uniqlo.com/kr/ko/products/E483461-000","E483461-000","UNIQLO","여성 SUPIMA COTTON T | UNIQLO KR","여성","/kr/ko/women/tops/t-shirts","상의","t-shirts","품절/일부 품절 표시 존재","API","XS|S|M|L|XL|XXL|3XL","7","전체 길이|어깨너비(솔기에서 솔기까지)|가슴너비|등 중심부터 소매까지 길이","35.5","40.5","55.5","34","","","","","","","","cm|inch","","아니오","","가능","","성공","성공","성공","예","고유","women","","tops","","t-shirts","","","","카테고리 URL 경로","[{""name"":""XS"",""items"":[{""name"":""전체 길이"",""code"":""body-length-back"",""value"":""55.5"",""unit"":""cm|inch""},{""name"":""어깨너비(솔기에서 솔기까지)"",""code"":""shoulder-width"",""value"":""35.5"",""unit"":""cm|inch""},{""name"":""가슴너비"",""code"":""body-width"",""value"":""40.5"",""unit"":""cm|inch""},{""name"":""등 중심부터 소매까지 길이"",""code"":""sleeve-length-cb"",""value"":""34"",""unit"":""cm|inch""}]},{""name"":""S"",""items"":[{""name"":""전체 길이"",""code"":""body-length-back"",""value"":""57"",""unit"":""cm|inch""},{""name"":""어깨너비(솔기에서 솔기까지)"",""code"":""shoulder-width"",""value"":""36.5"",""unit"":""cm|inch""},{""name"":""가슴너비"",""code"":""body-width"",""value"":""43"",""unit"":""cm|inch""},{""name"":""등 중심부터 소매까지 길이"",""code"":""sleeve-length-cb"",""value"":""35"",""unit"":""cm|inch""}]},{""name"":""M"",""items"":[{""name"":""전체 길이"",""code"":""body-length-back"",""value"":""59"",""unit"":""cm|inch""},{""name"":""어깨너비(솔기에서 솔기까지)"",""code"":""shoulder-width"",""value"":""37.5"",""unit"":""cm|inch""},{""name"":""가슴너비"",""code"":""body-width"",""value"":""45.5"",""unit"":""cm|inch""},{""name"":""등 중심부터 소매까지 길이"",""code"":""sleeve-length-cb"",""value"":""35.5"",""unit"":""cm|inch""}]},{""name"":""L"",""items"":[{""name"":""전체 길이"",""code"":""body-length-back"",""value"":""61"",""unit"":""cm|inch""},{""name"":""어깨너비(솔기에서 솔기까지)"",""code"":""shoulder-width"",""value"":""38.5"",""unit"":""cm|inch""},{""name"":""가슴너비"",""code"":""body-width"",""value"":""48"",""unit"":""cm|inch""},{""name"":""등 중심부터 소매까지 길이"",""code"":""sleeve-length-cb"",""value"":""37"",""unit"":""cm|inch""}]},{""name"":""XL"",""items"":[{""name"":""전체 길이"",""code"":""body-length-back"",""value"":""63.5"",""unit"":""cm|inch""},{""name"":""어깨너비(솔기에서 솔기까지)"",""code"":""shoulder-width"",""value"":""40"",""unit"":""cm|inch""},{""name"":""가슴너비"",""code"":""body-width"",""value"":""51"",""unit"":""cm|inch""},{""name"":""등 중심부터 소매까지 길이"",""code"":""sleeve-length-cb"",""value"":""38.5"",""unit"":""cm|inch""}]},{""name"":""XXL"",""items"":[{""name"":""전체 길이"",""code"":""body-length-back"",""value"":""63.5"",""unit"":""cm|inch""},{""name"":""어깨너비(솔기에서 솔기까지)"",""code"":""shoulder-width"",""value"":""41"",""unit"":""cm|inch""},{""name"":""가슴너비"",""code"":""body-width"",""value"":""54"",""unit"":""cm|inch""},{""name"":""등 중심부터 소매까지 길이"",""code"":""sleeve-length-cb"",""value"":""40"",""unit"":""cm|inch""}]},{""name"":""3XL"",""items"":[{""name"":""전체 길이"",""code"":""body-length-back"",""value"":""65.5"",""unit"":""cm|inch""},{""name"":""어깨너비(솔기에서 솔기까지)"",""code"":""shoulder-width"",""value"":""42"",""unit"":""cm|inch""},{""name"":""가슴너비"",""code"":""body-width"",""value"":""57"",""unit"":""cm|inch""},{""name"":""등 중심부터 소매까지 길이"",""code"":""sleeve-length-cb"",""value"":""41"",""unit"":""cm|inch""}]}]"
"2026-07-23 22:57:26 KST","유니클로","https://www.uniqlo.com/kr/ko/products/E483576-000","E483576-000","UNIQLO","여성 슬러브저지V넥T | UNIQLO KR","여성","/kr/ko/women/tops/t-shirts","상의","t-shirts","품절/일부 품절 표시 존재","API","XS|S|M|L|XL|XXL|3XL","7","전체 길이|어깨너비(솔기에서 솔기까지)|가슴너비|등 중심부터 소매까지 길이","36","40","53","33","","","","","","","","cm|inch","","아니오","","가능","","성공","성공","성공","예","고유","women","","tops","","t-shirts","","","","카테고리 URL 경로","[{""name"":""XS"",""items"":[{""name"":""전체 길이"",""code"":""body-length-back"",""value"":""53"",""unit"":""cm|inch""},{""name"":""어깨너비(솔기에서 솔기까지)"",""code"":""shoulder-width"",""value"":""36"",""unit"":""cm|inch""},{""name"":""가슴너비"",""code"":""body-width"",""value"":""40"",""unit"":""cm|inch""},{""name"":""등 중심부터 소매까지 길이"",""code"":""sleeve-length-cb"",""value"":""33"",""unit"":""cm|inch""}]},{""name"":""S"",""items"":[{""name"":""전체 길이"",""code"":""body-length-back"",""value"":""54.5"",""unit"":""cm|inch""},{""name"":""어깨너비(솔기에서 솔기까지)"",""code"":""shoulder-width"",""value"":""37"",""unit"":""cm|inch""},{""name"":""가슴너비"",""code"":""body-width"",""value"":""42.5"",""unit"":""cm|inch""},{""name"":""등 중심부터 소매까지 길이"",""code"":""sleeve-length-cb"",""value"":""33.5"",""unit"":""cm|inch""}]},{""name"":""M"",""items"":[{""name"":""전체 길이"",""code"":""body-length-back"",""value"":""56.5"",""unit"":""cm|inch""},{""name"":""어깨너비(솔기에서 솔기까지)"",""code"":""shoulder-width"",""value"":""38"",""unit"":""cm|inch""},{""name"":""가슴너비"",""code"":""body-width"",""value"":""45"",""unit"":""cm|inch""},{""name"":""등 중심부터 소매까지 길이"",""code"":""sleeve-length-cb"",""value"":""34.5"",""unit"":""cm|inch""}]},{""name"":""L"",""items"":[{""name"":""전체 길이"",""code"":""body-length-back"",""value"":""58.5"",""unit"":""cm|inch""},{""name"":""어깨너비(솔기에서 솔기까지)"",""code"":""shoulder-width"",""value"":""39"",""unit"":""cm|inch""},{""name"":""가슴너비"",""code"":""body-width"",""value"":""47.5"",""unit"":""cm|inch""},{""name"":""등 중심부터 소매까지 길이"",""code"":""sleeve-length-cb"",""value"":""36"",""unit"":""cm|inch""}]},{""name"":""XL"",""items"":[{""name"":""전체 길이"",""code"":""body-length-back"",""value"":""61"",""unit"":""cm|inch""},{""name"":""어깨너비(솔기에서 솔기까지)"",""code"":""shoulder-width"",""value"":""40.5"",""unit"":""cm|inch""},{""name"":""가슴너비"",""code"":""body-width"",""value"":""50.5"",""unit"":""cm|inch""},{""name"":""등 중심부터 소매까지 길이"",""code"":""sleeve-length-cb"",""value"":""37.5"",""unit"":""cm|inch""}]},{""name"":""XXL"",""items"":[{""name"":""전체 길이"",""code"":""body-length-back"",""value"":""61"",""unit"":""cm|inch""},{""name"":""어깨너비(솔기에서 솔기까지)"",""code"":""shoulder-width"",""value"":""41.5"",""unit"":""cm|inch""},{""name"":""가슴너비"",""code"":""body-width"",""value"":""53.5"",""unit"":""cm|inch""},{""name"":""등 중심부터 소매까지 길이"",""code"":""sleeve-length-cb"",""value"":""39"",""unit"":""cm|inch""}]},{""name"":""3XL"",""items"":[{""name"":""전체 길이"",""code"":""body-length-back"",""value"":""63"",""unit"":""cm|inch""},{""name"":""어깨너비(솔기에서 솔기까지)"",""code"":""shoulder-width"",""value"":""42.5"",""unit"":""cm|inch""},{""name"":""가슴너비"",""code"":""body-width"",""value"":""56.5"",""unit"":""cm|inch""},{""name"":""등 중심부터 소매까지 길이"",""code"":""sleeve-length-cb"",""value"":""40"",""unit"":""cm|inch""}]}]"
"2026-07-23 22:57:27 KST","유니클로","https://www.uniqlo.com/kr/ko/products/E487819-000","E487819-000","UNIQLO","여성 보트넥T | UNIQLO KR","여성","/kr/ko/women/tops/t-shirts","상의","t-shirts","품절/일부 품절 표시 존재","API","S|M|L","3","전체 길이|어깨너비(솔기에서 솔기까지)|가슴너비|등 중심부터 소매까지 길이","37","43.5","43","31","","","","","","","","cm|inch","","아니오","","가능","","성공","성공","성공","예","고유","women","","tops","","t-shirts","","","","카테고리 URL 경로","[{""name"":""S"",""items"":[{""name"":""전체 길이"",""code"":""body-length-back"",""value"":""43"",""unit"":""cm|inch""},{""name"":""어깨너비(솔기에서 솔기까지)"",""code"":""shoulder-width"",""value"":""37"",""unit"":""cm|inch""},{""name"":""가슴너비"",""code"":""body-width"",""value"":""43.5"",""unit"":""cm|inch""},{""name"":""등 중심부터 소매까지 길이"",""code"":""sleeve-length-cb"",""value"":""31"",""unit"":""cm|inch""}]},{""name"":""M"",""items"":[{""name"":""전체 길이"",""code"":""body-length-back"",""value"":""45"",""unit"":""cm|inch""},{""name"":""어깨너비(솔기에서 솔기까지)"",""code"":""shoulder-width"",""value"":""38"",""unit"":""cm|inch""},{""name"":""가슴너비"",""code"":""body-width"",""value"":""46"",""unit"":""cm|inch""},{""name"":""등 중심부터 소매까지 길이"",""code"":""sleeve-length-cb"",""value"":""32"",""unit"":""cm|inch""}]},{""name"":""L"",""items"":[{""name"":""전체 길이"",""code"":""body-length-back"",""value"":""47"",""unit"":""cm|inch""},{""name"":""어깨너비(솔기에서 솔기까지)"",""code"":""shoulder-width"",""value"":""39"",""unit"":""cm|inch""},{""name"":""가슴너비"",""code"":""body-width"",""value"":""48.5"",""unit"":""cm|inch""},{""name"":""등 중심부터 소매까지 길이"",""code"":""sleeve-length-cb"",""value"":""33.5"",""unit"":""cm|inch""}]}]"
"2026-07-23 22:57:28 KST","유니클로","https://www.uniqlo.com/kr/ko/products/E483463-000","E483463-000","UNIQLO","여성 와플풀오픈미니T(패턴)딥넥 | UNIQLO KR","여성","/kr/ko/women/tops/t-shirts","상의","t-shirts","품절/일부 품절 표시 존재","API","XS|S|M|L|XL|XXL|3XL","7","전체 길이|어깨너비(솔기에서 솔기까지)|가슴너비|등 중심부터 소매까지 길이","33","36.5","44","28.5","","","","","","","","cm|inch","","아니오","","가능","","성공","성공","성공","예","고유","women","","tops","","t-shirts","","","","카테고리 URL 경로","[{""name"":""XS"",""items"":[{""name"":""전체 길이"",""code"":""body-length-back"",""value"":""44"",""unit"":""cm|inch""},{""name"":""어깨너비(솔기에서 솔기까지)"",""code"":""shoulder-width"",""value"":""33"",""unit"":""cm|inch""},{""name"":""가슴너비"",""code"":""body-width"",""value"":""36.5"",""unit"":""cm|inch""},{""name"":""등 중심부터 소매까지 길이"",""code"":""sleeve-length-cb"",""value"":""28.5"",""unit"":""cm|inch""}]},{""name"":""S"",""items"":[{""name"":""전체 길이"",""code"":""body-length-back"",""value"":""45.5"",""unit"":""cm|inch""},{""name"":""어깨너비(솔기에서 솔기까지)"",""code"":""shoulder-width"",""value"":""34"",""unit"":""cm|inch""},{""name"":""가슴너비"",""code"":""body-width"",""value"":""39"",""unit"":""cm|inch""},{""name"":""등 중심부터 소매까지 길이"",""code"":""sleeve-length-cb"",""value"":""29.5"",""unit"":""cm|inch""}]},{""name"":""M"",""items"":[{""name"":""전체 길이"",""code"":""body-length-back"",""value"":""48"",""unit"":""cm|inch""},{""name"":""어깨너비(솔기에서 솔기까지)"",""code"":""shoulder-width"",""value"":""35"",""unit"":""cm|inch""},{""name"":""가슴너비"",""code"":""body-width"",""value"":""41.5"",""unit"":""cm|inch""},{""name"":""등 중심부터 소매까지 길이"",""code"":""sleeve-length-cb"",""value"":""30.5"",""unit"":""cm|inch""}]},{""name"":""L"",""items"":[{""name"":""전체 길이"",""code"":""body-length-back"",""value"":""50"",""unit"":""cm|inch""},{""name"":""어깨너비(솔기에서 솔기까지)"",""code"":""shoulder-width"",""value"":""36"",""unit"":""cm|inch""},{""name"":""가슴너비"",""code"":""body-width"",""value"":""44"",""unit"":""cm|inch""},{""name"":""등 중심부터 소매까지 길이"",""code"":""sleeve-length-cb"",""value"":""32"",""unit"":""cm|inch""}]},{""name"":""XL"",""items"":[{""name"":""전체 길이"",""code"":""body-length-back"",""value"":""52"",""unit"":""cm|inch""},{""name"":""어깨너비(솔기에서 솔기까지)"",""code"":""shoulder-width"",""value"":""37.5"",""unit"":""cm|inch""},{""name"":""가슴너비"",""code"":""body-width"",""value"":""47"",""unit"":""cm|inch""},{""name"":""등 중심부터 소매까지 길이"",""code"":""sleeve-length-cb"",""value"":""33.5"",""unit"":""cm|inch""}]},{""name"":""XXL"",""items"":[{""name"":""전체 길이"",""code"":""body-length-back"",""value"":""52"",""unit"":""cm|inch""},{""name"":""어깨너비(솔기에서 솔기까지)"",""code"":""shoulder-width"",""value"":""38.5"",""unit"":""cm|inch""},{""name"":""가슴너비"",""code"":""body-width"",""value"":""50"",""unit"":""cm|inch""},{""name"":""등 중심부터 소매까지 길이"",""code"":""sleeve-length-cb"",""value"":""34.5"",""unit"":""cm|inch""}]},{""name"":""3XL"",""items"":[{""name"":""전체 길이"",""code"":""body-length-back"",""value"":""54"",""unit"":""cm|inch""},{""name"":""어깨너비(솔기에서 솔기까지)"",""code"":""shoulder-width"",""value"":""39.5"",""unit"":""cm|inch""},{""name"":""가슴너비"",""code"":""body-width"",""value"":""53"",""unit"":""cm|inch""},{""name"":""등 중심부터 소매까지 길이"",""code"":""sleeve-length-cb"",""value"":""36"",""unit"":""cm|inch""}]}]"
"2026-07-23 22:57:29 KST","유니클로","https://www.uniqlo.com/kr/ko/products/E483479-000","E483479-000","UNIQLO","여성 소프트립탱크탑 | UNIQLO KR","여성","/kr/ko/women/tops/t-shirts","상의","t-shirts","품절/일부 품절 표시 존재","API","XS|S|M|L|XL|XXL|3XL","7","전체 길이|어깨너비(솔기에서 솔기까지)|가슴너비","23.5","31","46.5","","","","","","","","","cm|inch","","아니오","","가능","","성공","성공","성공","예","고유","women","","tops","","t-shirts","","","","카테고리 URL 경로","[{""name"":""XS"",""items"":[{""name"":""전체 길이"",""code"":""body-length-back"",""value"":""46.5"",""unit"":""cm|inch""},{""name"":""어깨너비(솔기에서 솔기까지)"",""code"":""shoulder-width"",""value"":""23.5"",""unit"":""cm|inch""},{""name"":""가슴너비"",""code"":""body-width"",""value"":""31"",""unit"":""cm|inch""}]},{""name"":""S"",""items"":[{""name"":""전체 길이"",""code"":""body-length-back"",""value"":""48"",""unit"":""cm|inch""},{""name"":""어깨너비(솔기에서 솔기까지)"",""code"":""shoulder-width"",""value"":""24.5"",""unit"":""cm|inch""},{""name"":""가슴너비"",""code"":""body-width"",""value"":""33.5"",""unit"":""cm|inch""}]},{""name"":""M"",""items"":[{""name"":""전체 길이"",""code"":""body-length-back"",""value"":""50"",""unit"":""cm|inch""},{""name"":""어깨너비(솔기에서 솔기까지)"",""code"":""shoulder-width"",""value"":""25.5"",""unit"":""cm|inch""},{""name"":""가슴너비"",""code"":""body-width"",""value"":""36"",""unit"":""cm|inch""}]},{""name"":""L"",""items"":[{""name"":""전체 길이"",""code"":""body-length-back"",""value"":""52"",""unit"":""cm|inch""},{""name"":""어깨너비(솔기에서 솔기까지)"",""code"":""shoulder-width"",""value"":""26.5"",""unit"":""cm|inch""},{""name"":""가슴너비"",""code"":""body-width"",""value"":""38.5"",""unit"":""cm|inch""}]},{""name"":""XL"",""items"":[{""name"":""전체 길이"",""code"":""body-length-back"",""value"":""54"",""unit"":""cm|inch""},{""name"":""어깨너비(솔기에서 솔기까지)"",""code"":""shoulder-width"",""value"":""27.5"",""unit"":""cm|inch""},{""name"":""가슴너비"",""code"":""body-width"",""value"":""41.5"",""unit"":""cm|inch""}]},{""name"":""XXL"",""items"":[{""name"":""전체 길이"",""code"":""body-length-back"",""value"":""54.5"",""unit"":""cm|inch""},{""name"":""어깨너비(솔기에서 솔기까지)"",""code"":""shoulder-width"",""value"":""28.5"",""unit"":""cm|inch""},{""name"":""가슴너비"",""code"":""body-width"",""value"":""44.5"",""unit"":""cm|inch""}]},{""name"":""3XL"",""items"":[{""name"":""전체 길이"",""code"":""body-length-back"",""value"":""56.5"",""unit"":""cm|inch""},{""name"":""어깨너비(솔기에서 솔기까지)"",""code"":""shoulder-width"",""value"":""29.5"",""unit"":""cm|inch""},{""name"":""가슴너비"",""code"":""body-width"",""value"":""47.5"",""unit"":""cm|inch""}]}]"
"2026-07-23 22:57:31 KST","유니클로","https://www.uniqlo.com/kr/ko/products/E485642-000","E485642-000","UNIQLO","여성 소프트립탱크탑(스트라이프) | UNIQLO KR","여성","/kr/ko/women/tops/t-shirts","상의","t-shirts","품절/일부 품절 표시 존재","API","XS|S|M|L|XL|XXL|3XL","7","전체 길이|어깨너비(솔기에서 솔기까지)|가슴너비","23.5","31","46.5","","","","","","","","","cm|inch","","아니오","","가능","","성공","성공","성공","예","고유","women","","tops","","t-shirts","","","","카테고리 URL 경로","[{""name"":""XS"",""items"":[{""name"":""전체 길이"",""code"":""body-length-back"",""value"":""46.5"",""unit"":""cm|inch""},{""name"":""어깨너비(솔기에서 솔기까지)"",""code"":""shoulder-width"",""value"":""23.5"",""unit"":""cm|inch""},{""name"":""가슴너비"",""code"":""body-width"",""value"":""31"",""unit"":""cm|inch""}]},{""name"":""S"",""items"":[{""name"":""전체 길이"",""code"":""body-length-back"",""value"":""48"",""unit"":""cm|inch""},{""name"":""어깨너비(솔기에서 솔기까지)"",""code"":""shoulder-width"",""value"":""24.5"",""unit"":""cm|inch""},{""name"":""가슴너비"",""code"":""body-width"",""value"":""33.5"",""unit"":""cm|inch""}]},{""name"":""M"",""items"":[{""name"":""전체 길이"",""code"":""body-length-back"",""value"":""50"",""unit"":""cm|inch""},{""name"":""어깨너비(솔기에서 솔기까지)"",""code"":""shoulder-width"",""value"":""25.5"",""unit"":""cm|inch""},{""name"":""가슴너비"",""code"":""body-width"",""value"":""36"",""unit"":""cm|inch""}]},{""name"":""L"",""items"":[{""name"":""전체 길이"",""code"":""body-length-back"",""value"":""52"",""unit"":""cm|inch""},{""name"":""어깨너비(솔기에서 솔기까지)"",""code"":""shoulder-width"",""value"":""26.5"",""unit"":""cm|inch""},{""name"":""가슴너비"",""code"":""body-width"",""value"":""38.5"",""unit"":""cm|inch""}]},{""name"":""XL"",""items"":[{""name"":""전체 길이"",""code"":""body-length-back"",""value"":""54"",""unit"":""cm|inch""},{""name"":""어깨너비(솔기에서 솔기까지)"",""code"":""shoulder-width"",""value"":""27.5"",""unit"":""cm|inch""},{""name"":""가슴너비"",""code"":""body-width"",""value"":""41.5"",""unit"":""cm|inch""}]},{""name"":""XXL"",""items"":[{""name"":""전체 길이"",""code"":""body-length-back"",""value"":""54.5"",""unit"":""cm|inch""},{""name"":""어깨너비(솔기에서 솔기까지)"",""code"":""shoulder-width"",""value"":""28.5"",""unit"":""cm|inch""},{""name"":""가슴너비"",""code"":""body-width"",""value"":""44.5"",""unit"":""cm|inch""}]},{""name"":""3XL"",""items"":[{""name"":""전체 길이"",""code"":""body-length-back"",""value"":""56.5"",""unit"":""cm|inch""},{""name"":""어깨너비(솔기에서 솔기까지)"",""code"":""shoulder-width"",""value"":""29.5"",""unit"":""cm|inch""},{""name"":""가슴너비"",""code"":""body-width"",""value"":""47.5"",""unit"":""cm|inch""}]}]"
"2026-07-23 22:57:32 KST","유니클로","https://www.uniqlo.com/kr/ko/products/E485647-000","E485647-000","UNIQLO","여성 소프트립탱크탑(링거) | UNIQLO KR","여성","/kr/ko/women/tops/t-shirts","상의","t-shirts","품절/일부 품절 표시 존재","API","XS|S|M|L|XL|XXL|3XL","7","전체 길이|어깨너비(솔기에서 솔기까지)|가슴너비","23.5","31","40.5","","","","","","","","","cm|inch","","아니오","","가능","","성공","성공","성공","예","고유","women","","tops","","t-shirts","","","","카테고리 URL 경로","[{""name"":""XS"",""items"":[{""name"":""전체 길이"",""code"":""body-length-back"",""value"":""40.5"",""unit"":""cm|inch""},{""name"":""어깨너비(솔기에서 솔기까지)"",""code"":""shoulder-width"",""value"":""23.5"",""unit"":""cm|inch""},{""name"":""가슴너비"",""code"":""body-width"",""value"":""31"",""unit"":""cm|inch""}]},{""name"":""S"",""items"":[{""name"":""전체 길이"",""code"":""body-length-back"",""value"":""42"",""unit"":""cm|inch""},{""name"":""어깨너비(솔기에서 솔기까지)"",""code"":""shoulder-width"",""value"":""24.5"",""unit"":""cm|inch""},{""name"":""가슴너비"",""code"":""body-width"",""value"":""33.5"",""unit"":""cm|inch""}]},{""name"":""M"",""items"":[{""name"":""전체 길이"",""code"":""body-length-back"",""value"":""44"",""unit"":""cm|inch""},{""name"":""어깨너비(솔기에서 솔기까지)"",""code"":""shoulder-width"",""value"":""25.5"",""unit"":""cm|inch""},{""name"":""가슴너비"",""code"":""body-width"",""value"":""36"",""unit"":""cm|inch""}]},{""name"":""L"",""items"":[{""name"":""전체 길이"",""code"":""body-length-back"",""value"":""46"",""unit"":""cm|inch""},{""name"":""어깨너비(솔기에서 솔기까지)"",""code"":""shoulder-width"",""value"":""26.5"",""unit"":""cm|inch""},{""name"":""가슴너비"",""code"":""body-width"",""value"":""38.5"",""unit"":""cm|inch""}]},{""name"":""XL"",""items"":[{""name"":""전체 길이"",""code"":""body-length-back"",""value"":""48"",""unit"":""cm|inch""},{""name"":""어깨너비(솔기에서 솔기까지)"",""code"":""shoulder-width"",""value"":""27.5"",""unit"":""cm|inch""},{""name"":""가슴너비"",""code"":""body-width"",""value"":""41.5"",""unit"":""cm|inch""}]},{""name"":""XXL"",""items"":[{""name"":""전체 길이"",""code"":""body-length-back"",""value"":""48"",""unit"":""cm|inch""},{""name"":""어깨너비(솔기에서 솔기까지)"",""code"":""shoulder-width"",""value"":""28.5"",""unit"":""cm|inch""},{""name"":""가슴너비"",""code"":""body-width"",""value"":""44.5"",""unit"":""cm|inch""}]},{""name"":""3XL"",""items"":[{""name"":""전체 길이"",""code"":""body-length-back"",""value"":""50"",""unit"":""cm|inch""},{""name"":""어깨너비(솔기에서 솔기까지)"",""code"":""shoulder-width"",""value"":""29.5"",""unit"":""cm|inch""},{""name"":""가슴너비"",""code"":""body-width"",""value"":""47.5"",""unit"":""cm|inch""}]}]"
"2026-07-23 22:57:34 KST","유니클로","https://www.uniqlo.com/kr/ko/products/E484226-000","E484226-000","UNIQLO","여성 프런트오픈셸탑T(슬리브리스) | UNIQLO KR","여성","/kr/ko/women/tops/t-shirts","상의","t-shirts","품절/일부 품절 표시 존재","API","XS|S|M|L|XL|XXL|3XL","7","전체 길이|어깨너비(솔기에서 솔기까지)|가슴너비","31","33","50","","","","","","","","","cm|inch","","아니오","","가능","","성공","성공","성공","예","고유","women","","tops","","t-shirts","","","","카테고리 URL 경로","[{""name"":""XS"",""items"":[{""name"":""전체 길이"",""code"":""body-length-back"",""value"":""50"",""unit"":""cm|inch""},{""name"":""어깨너비(솔기에서 솔기까지)"",""code"":""shoulder-width"",""value"":""31"",""unit"":""cm|inch""},{""name"":""가슴너비"",""code"":""body-width"",""value"":""33"",""unit"":""cm|inch""}]},{""name"":""S"",""items"":[{""name"":""전체 길이"",""code"":""body-length-back"",""value"":""51.5"",""unit"":""cm|inch""},{""name"":""어깨너비(솔기에서 솔기까지)"",""code"":""shoulder-width"",""value"":""32"",""unit"":""cm|inch""},{""name"":""가슴너비"",""code"":""body-width"",""value"":""35.5"",""unit"":""cm|inch""}]},{""name"":""M"",""items"":[{""name"":""전체 길이"",""code"":""body-length-back"",""value"":""53.5"",""unit"":""cm|inch""},{""name"":""어깨너비(솔기에서 솔기까지)"",""code"":""shoulder-width"",""value"":""33"",""unit"":""cm|inch""},{""name"":""가슴너비"",""code"":""body-width"",""value"":""38"",""unit"":""cm|inch""}]},{""name"":""L"",""items"":[{""name"":""전체 길이"",""code"":""body-length-back"",""value"":""55.5"",""unit"":""cm|inch""},{""name"":""어깨너비(솔기에서 솔기까지)"",""code"":""shoulder-width"",""value"":""34"",""unit"":""cm|inch""},{""name"":""가슴너비"",""code"":""body-width"",""value"":""40.5"",""unit"":""cm|inch""}]},{""name"":""XL"",""items"":[{""name"":""전체 길이"",""code"":""body-length-back"",""value"":""57.5"",""unit"":""cm|inch""},{""name"":""어깨너비(솔기에서 솔기까지)"",""code"":""shoulder-width"",""value"":""35"",""unit"":""cm|inch""},{""name"":""가슴너비"",""code"":""body-width"",""value"":""43.5"",""unit"":""cm|inch""}]},{""name"":""XXL"",""items"":[{""name"":""전체 길이"",""code"":""body-length-back"",""value"":""57.5"",""unit"":""cm|inch""},{""name"":""어깨너비(솔기에서 솔기까지)"",""code"":""shoulder-width"",""value"":""36"",""unit"":""cm|inch""},{""name"":""가슴너비"",""code"":""body-width"",""value"":""46.5"",""unit"":""cm|inch""}]},{""name"":""3XL"",""items"":[{""name"":""전체 길이"",""code"":""body-length-back"",""value"":""60"",""unit"":""cm|inch""},{""name"":""어깨너비(솔기에서 솔기까지)"",""code"":""shoulder-width"",""value"":""37"",""unit"":""cm|inch""},{""name"":""가슴너비"",""code"":""body-width"",""value"":""49.5"",""unit"":""cm|inch""}]}]"
"2026-07-23 22:57:35 KST","유니클로","https://www.uniqlo.com/kr/ko/products/E484227-000","E484227-000","UNIQLO","여성 포인텔탱크탑 | UNIQLO KR","여성","/kr/ko/women/tops/t-shirts","상의","t-shirts","품절/일부 품절 표시 존재","API","XS|S|M|L|XL|XXL|3XL","7","전체 길이|어깨너비(솔기에서 솔기까지)|가슴너비","23.5","32","51.5","","","","","","","","","cm|inch","","아니오","","가능","","성공","성공","성공","예","고유","women","","tops","","t-shirts","","","","카테고리 URL 경로","[{""name"":""XS"",""items"":[{""name"":""전체 길이"",""code"":""body-length-back"",""value"":""51.5"",""unit"":""cm|inch""},{""name"":""어깨너비(솔기에서 솔기까지)"",""code"":""shoulder-width"",""value"":""23.5"",""unit"":""cm|inch""},{""name"":""가슴너비"",""code"":""body-width"",""value"":""32"",""unit"":""cm|inch""}]},{""name"":""S"",""items"":[{""name"":""전체 길이"",""code"":""body-length-back"",""value"":""53"",""unit"":""cm|inch""},{""name"":""어깨너비(솔기에서 솔기까지)"",""code"":""shoulder-width"",""value"":""24.5"",""unit"":""cm|inch""},{""name"":""가슴너비"",""code"":""body-width"",""value"":""34.5"",""unit"":""cm|inch""}]},{""name"":""M"",""items"":[{""name"":""전체 길이"",""code"":""body-length-back"",""value"":""55"",""unit"":""cm|inch""},{""name"":""어깨너비(솔기에서 솔기까지)"",""code"":""shoulder-width"",""value"":""25.5"",""unit"":""cm|inch""},{""name"":""가슴너비"",""code"":""body-width"",""value"":""37"",""unit"":""cm|inch""}]},{""name"":""L"",""items"":[{""name"":""전체 길이"",""code"":""body-length-back"",""value"":""57"",""unit"":""cm|inch""},{""name"":""어깨너비(솔기에서 솔기까지)"",""code"":""shoulder-width"",""value"":""26.5"",""unit"":""cm|inch""},{""name"":""가슴너비"",""code"":""body-width"",""value"":""39.5"",""unit"":""cm|inch""}]},{""name"":""XL"",""items"":[{""name"":""전체 길이"",""code"":""body-length-back"",""value"":""59"",""unit"":""cm|inch""},{""name"":""어깨너비(솔기에서 솔기까지)"",""code"":""shoulder-width"",""value"":""27.5"",""unit"":""cm|inch""},{""name"":""가슴너비"",""code"":""body-width"",""value"":""42.5"",""unit"":""cm|inch""}]},{""name"":""XXL"",""items"":[{""name"":""전체 길이"",""code"":""body-length-back"",""value"":""59"",""unit"":""cm|inch""},{""name"":""어깨너비(솔기에서 솔기까지)"",""code"":""shoulder-width"",""value"":""28.5"",""unit"":""cm|inch""},{""name"":""가슴너비"",""code"":""body-width"",""value"":""45.5"",""unit"":""cm|inch""}]},{""name"":""3XL"",""items"":[{""name"":""전체 길이"",""code"":""body-length-back"",""value"":""61"",""unit"":""cm|inch""},{""name"":""어깨너비(솔기에서 솔기까지)"",""code"":""shoulder-width"",""value"":""29.5"",""unit"":""cm|inch""},{""name"":""가슴너비"",""code"":""body-width"",""value"":""48.5"",""unit"":""cm|inch""}]}]"
"2026-07-23 22:57:36 KST","유니클로","https://www.uniqlo.com/kr/ko/products/E484228-000","E484228-000","UNIQLO","여성 포인텔탱크탑(프린트) | UNIQLO KR","여성","/kr/ko/women/tops/t-shirts","상의","t-shirts","품절/일부 품절 표시 존재","API","XS|S|M|L|XL|XXL|3XL","7","전체 길이|어깨너비(솔기에서 솔기까지)|가슴너비","23.5","32","51.5","","","","","","","","","cm|inch","","아니오","","가능","","성공","성공","성공","예","고유","women","","tops","","t-shirts","","","","카테고리 URL 경로","[{""name"":""XS"",""items"":[{""name"":""전체 길이"",""code"":""body-length-back"",""value"":""51.5"",""unit"":""cm|inch""},{""name"":""어깨너비(솔기에서 솔기까지)"",""code"":""shoulder-width"",""value"":""23.5"",""unit"":""cm|inch""},{""name"":""가슴너비"",""code"":""body-width"",""value"":""32"",""unit"":""cm|inch""}]},{""name"":""S"",""items"":[{""name"":""전체 길이"",""code"":""body-length-back"",""value"":""53"",""unit"":""cm|inch""},{""name"":""어깨너비(솔기에서 솔기까지)"",""code"":""shoulder-width"",""value"":""24.5"",""unit"":""cm|inch""},{""name"":""가슴너비"",""code"":""body-width"",""value"":""34.5"",""unit"":""cm|inch""}]},{""name"":""M"",""items"":[{""name"":""전체 길이"",""code"":""body-length-back"",""value"":""55"",""unit"":""cm|inch""},{""name"":""어깨너비(솔기에서 솔기까지)"",""code"":""shoulder-width"",""value"":""25.5"",""unit"":""cm|inch""},{""name"":""가슴너비"",""code"":""body-width"",""value"":""37"",""unit"":""cm|inch""}]},{""name"":""L"",""items"":[{""name"":""전체 길이"",""code"":""body-length-back"",""value"":""57"",""unit"":""cm|inch""},{""name"":""어깨너비(솔기에서 솔기까지)"",""code"":""shoulder-width"",""value"":""26.5"",""unit"":""cm|inch""},{""name"":""가슴너비"",""code"":""body-width"",""value"":""39.5"",""unit"":""cm|inch""}]},{""name"":""XL"",""items"":[{""name"":""전체 길이"",""code"":""body-length-back"",""value"":""59"",""unit"":""cm|inch""},{""name"":""어깨너비(솔기에서 솔기까지)"",""code"":""shoulder-width"",""value"":""27.5"",""unit"":""cm|inch""},{""name"":""가슴너비"",""code"":""body-width"",""value"":""42.5"",""unit"":""cm|inch""}]},{""name"":""XXL"",""items"":[{""name"":""전체 길이"",""code"":""body-length-back"",""value"":""59"",""unit"":""cm|inch""},{""name"":""어깨너비(솔기에서 솔기까지)"",""code"":""shoulder-width"",""value"":""28.5"",""unit"":""cm|inch""},{""name"":""가슴너비"",""code"":""body-width"",""value"":""45.5"",""unit"":""cm|inch""}]},{""name"":""3XL"",""items"":[{""name"":""전체 길이"",""code"":""body-length-back"",""value"":""61"",""unit"":""cm|inch""},{""name"":""어깨너비(솔기에서 솔기까지)"",""code"":""shoulder-width"",""value"":""29.5"",""unit"":""cm|inch""},{""name"":""가슴너비"",""code"":""body-width"",""value"":""48.5"",""unit"":""cm|inch""}]}]"
"2026-07-23 22:57:37 KST","유니클로","https://www.uniqlo.com/kr/ko/products/E485610-000","E485610-000","UNIQLO","여성 소프트모달탱크탑(레이스포인텔) | UNIQLO KR","여성","/kr/ko/women/tops/t-shirts","상의","t-shirts","품절/일부 품절 표시 존재","API","XS|S|M|L|XL|XXL|3XL","7","전체 길이|어깨너비(솔기에서 솔기까지)|가슴너비","28","32","50.5","","","","","","","","","cm|inch","","아니오","","가능","","성공","성공","성공","예","고유","women","","tops","","t-shirts","","","","카테고리 URL 경로","[{""name"":""XS"",""items"":[{""name"":""전체 길이"",""code"":""body-length-back"",""value"":""50.5"",""unit"":""cm|inch""},{""name"":""어깨너비(솔기에서 솔기까지)"",""code"":""shoulder-width"",""value"":""28"",""unit"":""cm|inch""},{""name"":""가슴너비"",""code"":""body-width"",""value"":""32"",""unit"":""cm|inch""}]},{""name"":""S"",""items"":[{""name"":""전체 길이"",""code"":""body-length-back"",""value"":""52"",""unit"":""cm|inch""},{""name"":""어깨너비(솔기에서 솔기까지)"",""code"":""shoulder-width"",""value"":""29"",""unit"":""cm|inch""},{""name"":""가슴너비"",""code"":""body-width"",""value"":""34"",""unit"":""cm|inch""}]},{""name"":""M"",""items"":[{""name"":""전체 길이"",""code"":""body-length-back"",""value"":""54"",""unit"":""cm|inch""},{""name"":""어깨너비(솔기에서 솔기까지)"",""code"":""shoulder-width"",""value"":""29.5"",""unit"":""cm|inch""},{""name"":""가슴너비"",""code"":""body-width"",""value"":""36"",""unit"":""cm|inch""}]},{""name"":""L"",""items"":[{""name"":""전체 길이"",""code"":""body-length-back"",""value"":""56"",""unit"":""cm|inch""},{""name"":""어깨너비(솔기에서 솔기까지)"",""code"":""shoulder-width"",""value"":""30.5"",""unit"":""cm|inch""},{""name"":""가슴너비"",""code"":""body-width"",""value"":""38"",""unit"":""cm|inch""}]},{""name"":""XL"",""items"":[{""name"":""전체 길이"",""code"":""body-length-back"",""value"":""58"",""unit"":""cm|inch""},{""name"":""어깨너비(솔기에서 솔기까지)"",""code"":""shoulder-width"",""value"":""31.5"",""unit"":""cm|inch""},{""name"":""가슴너비"",""code"":""body-width"",""value"":""40"",""unit"":""cm|inch""}]},{""name"":""XXL"",""items"":[{""name"":""전체 길이"",""code"":""body-length-back"",""value"":""60"",""unit"":""cm|inch""},{""name"":""어깨너비(솔기에서 솔기까지)"",""code"":""shoulder-width"",""value"":""32"",""unit"":""cm|inch""},{""name"":""가슴너비"",""code"":""body-width"",""value"":""42"",""unit"":""cm|inch""}]},{""name"":""3XL"",""items"":[{""name"":""전체 길이"",""code"":""body-length-back"",""value"":""60"",""unit"":""cm|inch""},{""name"":""어깨너비(솔기에서 솔기까지)"",""code"":""shoulder-width"",""value"":""33"",""unit"":""cm|inch""},{""name"":""가슴너비"",""code"":""body-width"",""value"":""44"",""unit"":""cm|inch""}]}]"
"2026-07-23 22:57:38 KST","유니클로","https://www.uniqlo.com/kr/ko/products/E488088-000","E488088-000","UNIQLO","여성 셔링T(슬리브리스) | UNIQLO KR","여성","/kr/ko/women/tops/t-shirts","상의","t-shirts","품절/일부 품절 표시 존재","API","XS|S|M|L|XL|XXL|3XL","7","전체 길이|가슴너비","","33","49","","","","","","","","","cm|inch","","아니오","","가능","","성공","성공","성공","예","고유","women","","tops","","t-shirts","","","","카테고리 URL 경로","[{""name"":""XS"",""items"":[{""name"":""전체 길이"",""code"":""body-length-back"",""value"":""49"",""unit"":""cm|inch""},{""name"":""가슴너비"",""code"":""body-width"",""value"":""33"",""unit"":""cm|inch""}]},{""name"":""S"",""items"":[{""name"":""전체 길이"",""code"":""body-length-back"",""value"":""49.5"",""unit"":""cm|inch""},{""name"":""가슴너비"",""code"":""body-width"",""value"":""35.5"",""unit"":""cm|inch""}]},{""name"":""M"",""items"":[{""name"":""전체 길이"",""code"":""body-length-back"",""value"":""50"",""unit"":""cm|inch""},{""name"":""가슴너비"",""code"":""body-width"",""value"":""38"",""unit"":""cm|inch""}]},{""name"":""L"",""items"":[{""name"":""전체 길이"",""code"":""body-length-back"",""value"":""51.5"",""unit"":""cm|inch""},{""name"":""가슴너비"",""code"":""body-width"",""value"":""40.5"",""unit"":""cm|inch""}]},{""name"":""XL"",""items"":[{""name"":""전체 길이"",""code"":""body-length-back"",""value"":""52.5"",""unit"":""cm|inch""},{""name"":""가슴너비"",""code"":""body-width"",""value"":""43.5"",""unit"":""cm|inch""}]},{""name"":""XXL"",""items"":[{""name"":""전체 길이"",""code"":""body-length-back"",""value"":""53"",""unit"":""cm|inch""},{""name"":""가슴너비"",""code"":""body-width"",""value"":""46.5"",""unit"":""cm|inch""}]},{""name"":""3XL"",""items"":[{""name"":""전체 길이"",""code"":""body-length-back"",""value"":""54"",""unit"":""cm|inch""},{""name"":""가슴너비"",""code"":""body-width"",""value"":""49.5"",""unit"":""cm|inch""}]}]"
"2026-07-23 22:57:40 KST","유니클로","https://www.uniqlo.com/kr/ko/products/E488088-001","E488088-001","UNIQLO","여성 셔링T(슬리브리스) | UNIQLO KR","여성","/kr/ko/women/tops/t-shirts","상의","t-shirts","품절/일부 품절 표시 존재","API","XS|S|M|L|XL|XXL|3XL","7","전체 길이|가슴너비","","33","49","","","","","","","","","cm|inch","","아니오","","가능","","성공","성공","성공","예","고유","women","","tops","","t-shirts","","","","카테고리 URL 경로","[{""name"":""XS"",""items"":[{""name"":""전체 길이"",""code"":""body-length-back"",""value"":""49"",""unit"":""cm|inch""},{""name"":""가슴너비"",""code"":""body-width"",""value"":""33"",""unit"":""cm|inch""}]},{""name"":""S"",""items"":[{""name"":""전체 길이"",""code"":""body-length-back"",""value"":""49.5"",""unit"":""cm|inch""},{""name"":""가슴너비"",""code"":""body-width"",""value"":""35.5"",""unit"":""cm|inch""}]},{""name"":""M"",""items"":[{""name"":""전체 길이"",""code"":""body-length-back"",""value"":""50"",""unit"":""cm|inch""},{""name"":""가슴너비"",""code"":""body-width"",""value"":""38"",""unit"":""cm|inch""}]},{""name"":""L"",""items"":[{""name"":""전체 길이"",""code"":""body-length-back"",""value"":""51.5"",""unit"":""cm|inch""},{""name"":""가슴너비"",""code"":""body-width"",""value"":""40.5"",""unit"":""cm|inch""}]},{""name"":""XL"",""items"":[{""name"":""전체 길이"",""code"":""body-length-back"",""value"":""52.5"",""unit"":""cm|inch""},{""name"":""가슴너비"",""code"":""body-width"",""value"":""43.5"",""unit"":""cm|inch""}]},{""name"":""XXL"",""items"":[{""name"":""전체 길이"",""code"":""body-length-back"",""value"":""53"",""unit"":""cm|inch""},{""name"":""가슴너비"",""code"":""body-width"",""value"":""46.5"",""unit"":""cm|inch""}]},{""name"":""3XL"",""items"":[{""name"":""전체 길이"",""code"":""body-length-back"",""value"":""54"",""unit"":""cm|inch""},{""name"":""가슴너비"",""code"":""body-width"",""value"":""49.5"",""unit"":""cm|inch""}]}]"
"2026-07-23 22:57:41 KST","유니클로","https://www.uniqlo.com/kr/ko/products/E485710-000","E485710-000","UNIQLO","여성 소프트모달캐미솔(플라워) | UNIQLO KR","여성","/kr/ko/women/tops/t-shirts","상의","t-shirts","품절/일부 품절 표시 존재","API","XS|S|M|L|XL|XXL|3XL","7","전체 길이|가슴너비","","33","50","","","","","","","","","cm|inch","","아니오","","가능","","성공","성공","성공","예","고유","women","","tops","","t-shirts","","","","카테고리 URL 경로","[{""name"":""XS"",""items"":[{""name"":""전체 길이"",""code"":""body-length-back"",""value"":""50"",""unit"":""cm|inch""},{""name"":""가슴너비"",""code"":""body-width"",""value"":""33"",""unit"":""cm|inch""}]},{""name"":""S"",""items"":[{""name"":""전체 길이"",""code"":""body-length-back"",""value"":""51.5"",""unit"":""cm|inch""},{""name"":""가슴너비"",""code"":""body-width"",""value"":""35"",""unit"":""cm|inch""}]},{""name"":""M"",""items"":[{""name"":""전체 길이"",""code"":""body-length-back"",""value"":""53.5"",""unit"":""cm|inch""},{""name"":""가슴너비"",""code"":""body-width"",""value"":""37"",""unit"":""cm|inch""}]},{""name"":""L"",""items"":[{""name"":""전체 길이"",""code"":""body-length-back"",""value"":""55.5"",""unit"":""cm|inch""},{""name"":""가슴너비"",""code"":""body-width"",""value"":""39"",""unit"":""cm|inch""}]},{""name"":""XL"",""items"":[{""name"":""전체 길이"",""code"":""body-length-back"",""value"":""57.5"",""unit"":""cm|inch""},{""name"":""가슴너비"",""code"":""body-width"",""value"":""41"",""unit"":""cm|inch""}]},{""name"":""XXL"",""items"":[{""name"":""전체 길이"",""code"":""body-length-back"",""value"":""59.5"",""unit"":""cm|inch""},{""name"":""가슴너비"",""code"":""body-width"",""value"":""43"",""unit"":""cm|inch""}]},{""name"":""3XL"",""items"":[{""name"":""전체 길이"",""code"":""body-length-back"",""value"":""59.5"",""unit"":""cm|inch""},{""name"":""가슴너비"",""code"":""body-width"",""value"":""45"",""unit"":""cm|inch""}]}]"
"2026-07-23 22:57:42 KST","유니클로","https://www.uniqlo.com/kr/ko/products/E485709-000","E485709-000","UNIQLO","여성 소프트모달캐미솔(스트라이프) | UNIQLO KR","여성","/kr/ko/women/tops/t-shirts","상의","t-shirts","품절/일부 품절 표시 존재","API","XS|S|M|L|XL|XXL|3XL","7","전체 길이|가슴너비","","33","49.5","","","","","","","","","cm|inch","","아니오","","가능","","성공","성공","성공","예","고유","women","","tops","","t-shirts","","","","카테고리 URL 경로","[{""name"":""XS"",""items"":[{""name"":""전체 길이"",""code"":""body-length-back"",""value"":""49.5"",""unit"":""cm|inch""},{""name"":""가슴너비"",""code"":""body-width"",""value"":""33"",""unit"":""cm|inch""}]},{""name"":""S"",""items"":[{""name"":""전체 길이"",""code"":""body-length-back"",""value"":""51"",""unit"":""cm|inch""},{""name"":""가슴너비"",""code"":""body-width"",""value"":""35"",""unit"":""cm|inch""}]},{""name"":""M"",""items"":[{""name"":""전체 길이"",""code"":""body-length-back"",""value"":""53"",""unit"":""cm|inch""},{""name"":""가슴너비"",""code"":""body-width"",""value"":""37"",""unit"":""cm|inch""}]},{""name"":""L"",""items"":[{""name"":""전체 길이"",""code"":""body-length-back"",""value"":""55"",""unit"":""cm|inch""},{""name"":""가슴너비"",""code"":""body-width"",""value"":""39"",""unit"":""cm|inch""}]},{""name"":""XL"",""items"":[{""name"":""전체 길이"",""code"":""body-length-back"",""value"":""57"",""unit"":""cm|inch""},{""name"":""가슴너비"",""code"":""body-width"",""value"":""41"",""unit"":""cm|inch""}]},{""name"":""XXL"",""items"":[{""name"":""전체 길이"",""code"":""body-length-back"",""value"":""59"",""unit"":""cm|inch""},{""name"":""가슴너비"",""code"":""body-width"",""value"":""43"",""unit"":""cm|inch""}]},{""name"":""3XL"",""items"":[{""name"":""전체 길이"",""code"":""body-length-back"",""value"":""59"",""unit"":""cm|inch""},{""name"":""가슴너비"",""code"":""body-width"",""value"":""45"",""unit"":""cm|inch""}]}]"
"2026-07-23 22:57:43 KST","유니클로","https://www.uniqlo.com/kr/ko/products/E485711-000","E485711-000","UNIQLO","여성 소프트모달캐미솔(하트) | UNIQLO KR","여성","/kr/ko/women/tops/t-shirts","상의","t-shirts","품절/일부 품절 표시 존재","API","XS|S|M|L|XL|XXL|3XL","7","전체 길이|가슴너비","","33","50","","","","","","","","","cm|inch","","아니오","","가능","","성공","성공","성공","예","고유","women","","tops","","t-shirts","","","","카테고리 URL 경로","[{""name"":""XS"",""items"":[{""name"":""전체 길이"",""code"":""body-length-back"",""value"":""50"",""unit"":""cm|inch""},{""name"":""가슴너비"",""code"":""body-width"",""value"":""33"",""unit"":""cm|inch""}]},{""name"":""S"",""items"":[{""name"":""전체 길이"",""code"":""body-length-back"",""value"":""51.5"",""unit"":""cm|inch""},{""name"":""가슴너비"",""code"":""body-width"",""value"":""35"",""unit"":""cm|inch""}]},{""name"":""M"",""items"":[{""name"":""전체 길이"",""code"":""body-length-back"",""value"":""53.5"",""unit"":""cm|inch""},{""name"":""가슴너비"",""code"":""body-width"",""value"":""37"",""unit"":""cm|inch""}]},{""name"":""L"",""items"":[{""name"":""전체 길이"",""code"":""body-length-back"",""value"":""55.5"",""unit"":""cm|inch""},{""name"":""가슴너비"",""code"":""body-width"",""value"":""39"",""unit"":""cm|inch""}]},{""name"":""XL"",""items"":[{""name"":""전체 길이"",""code"":""body-length-back"",""value"":""57.5"",""unit"":""cm|inch""},{""name"":""가슴너비"",""code"":""body-width"",""value"":""41"",""unit"":""cm|inch""}]},{""name"":""XXL"",""items"":[{""name"":""전체 길이"",""code"":""body-length-back"",""value"":""59.5"",""unit"":""cm|inch""},{""name"":""가슴너비"",""code"":""body-width"",""value"":""43"",""unit"":""cm|inch""}]},{""name"":""3XL"",""items"":[{""name"":""전체 길이"",""code"":""body-length-back"",""value"":""59.5"",""unit"":""cm|inch""},{""name"":""가슴너비"",""code"":""body-width"",""value"":""45"",""unit"":""cm|inch""}]}]"
"2026-07-23 22:57:45 KST","유니클로","https://www.uniqlo.com/kr/ko/products/E470143-000","E470143-000","UNIQLO","여성 소프트니트후리스크루넥T | UNIQLO KR","여성","/kr/ko/women/tops/t-shirts","상의","t-shirts","품절/일부 품절 표시 존재","API","XS|S|M|L|XL|XXL|3XL","7","전체 길이|어깨너비(솔기에서 솔기까지)|가슴너비|등 중심부터 소매까지 길이","44.5","50.5","57","73.5","","","","","","","","cm|inch","","아니오","","가능","","성공","성공","성공","예","고유","women","","tops","","t-shirts","","","","카테고리 URL 경로","[{""name"":""XS"",""items"":[{""name"":""전체 길이"",""code"":""body-length-back"",""value"":""57"",""unit"":""cm|inch""},{""name"":""어깨너비(솔기에서 솔기까지)"",""code"":""shoulder-width"",""value"":""44.5"",""unit"":""cm|inch""},{""name"":""가슴너비"",""code"":""body-width"",""value"":""50.5"",""unit"":""cm|inch""},{""name"":""등 중심부터 소매까지 길이"",""code"":""sleeve-length-cb"",""value"":""73.5"",""unit"":""cm|inch""}]},{""name"":""S"",""items"":[{""name"":""전체 길이"",""code"":""body-length-back"",""value"":""58.5"",""unit"":""cm|inch""},{""name"":""어깨너비(솔기에서 솔기까지)"",""code"":""shoulder-width"",""value"":""45.5"",""unit"":""cm|inch""},{""name"":""가슴너비"",""code"":""body-width"",""value"":""53"",""unit"":""cm|inch""},{""name"":""등 중심부터 소매까지 길이"",""code"":""sleeve-length-cb"",""value"":""75"",""unit"":""cm|inch""}]},{""name"":""M"",""items"":[{""name"":""전체 길이"",""code"":""body-length-back"",""value"":""61"",""unit"":""cm|inch""},{""name"":""어깨너비(솔기에서 솔기까지)"",""code"":""shoulder-width"",""value"":""46.5"",""unit"":""cm|inch""},{""name"":""가슴너비"",""code"":""body-width"",""value"":""55.5"",""unit"":""cm|inch""},{""name"":""등 중심부터 소매까지 길이"",""code"":""sleeve-length-cb"",""value"":""76"",""unit"":""cm|inch""}]},{""name"":""L"",""items"":[{""name"":""전체 길이"",""code"":""body-length-back"",""value"":""63"",""unit"":""cm|inch""},{""name"":""어깨너비(솔기에서 솔기까지)"",""code"":""shoulder-width"",""value"":""48"",""unit"":""cm|inch""},{""name"":""가슴너비"",""code"":""body-width"",""value"":""58.5"",""unit"":""cm|inch""},{""name"":""등 중심부터 소매까지 길이"",""code"":""sleeve-length-cb"",""value"":""78"",""unit"":""cm|inch""}]},{""name"":""XL"",""items"":[{""name"":""전체 길이"",""code"":""body-length-back"",""value"":""65"",""unit"":""cm|inch""},{""name"":""어깨너비(솔기에서 솔기까지)"",""code"":""shoulder-width"",""value"":""49.5"",""unit"":""cm|inch""},{""name"":""가슴너비"",""code"":""body-width"",""value"":""61.5"",""unit"":""cm|inch""},{""name"":""등 중심부터 소매까지 길이"",""code"":""sleeve-length-cb"",""value"":""78.5"",""unit"":""cm|inch""}]},{""name"":""XXL"",""items"":[{""name"":""전체 길이"",""code"":""body-length-back"",""value"":""65"",""unit"":""cm|inch""},{""name"":""어깨너비(솔기에서 솔기까지)"",""code"":""shoulder-width"",""value"":""50.5"",""unit"":""cm|inch""},{""name"":""가슴너비"",""code"":""body-width"",""value"":""64.5"",""unit"":""cm|inch""},{""name"":""등 중심부터 소매까지 길이"",""code"":""sleeve-length-cb"",""value"":""79"",""unit"":""cm|inch""}]},{""name"":""3XL"",""items"":[{""name"":""전체 길이"",""code"":""body-length-back"",""value"":""67"",""unit"":""cm|inch""},{""name"":""어깨너비(솔기에서 솔기까지)"",""code"":""shoulder-width"",""value"":""51.5"",""unit"":""cm|inch""},{""name"":""가슴너비"",""code"":""body-width"",""value"":""67.5"",""unit"":""cm|inch""},{""name"":""등 중심부터 소매까지 길이"",""code"":""sleeve-length-cb"",""value"":""79.5"",""unit"":""cm|inch""}]}]"
"2026-07-23 22:57:46 KST","유니클로","https://www.uniqlo.com/kr/ko/products/E489372-000","E489372-000","UNIQLO","여성 미니T(긴팔)래글런 | UNIQLO KR","여성","/kr/ko/women/tops/t-shirts","상의","t-shirts","품절/일부 품절 표시 존재","API","XS|S|M|L|XL|XXL|3XL","7","전체 길이|어깨너비(솔기에서 솔기까지)|가슴너비|등 중심부터 소매까지 길이","34","36.5","46.5","72.5","","","","","","","","cm|inch","","아니오","","가능","","성공","성공","성공","예","고유","women","","tops","","t-shirts","","","","카테고리 URL 경로","[{""name"":""XS"",""items"":[{""name"":""전체 길이"",""code"":""body-length-back"",""value"":""46.5"",""unit"":""cm|inch""},{""name"":""어깨너비(솔기에서 솔기까지)"",""code"":""shoulder-width"",""value"":""34"",""unit"":""cm|inch""},{""name"":""가슴너비"",""code"":""body-width"",""value"":""36.5"",""unit"":""cm|inch""},{""name"":""등 중심부터 소매까지 길이"",""code"":""sleeve-length-cb"",""value"":""72.5"",""unit"":""cm|inch""}]},{""name"":""S"",""items"":[{""name"":""전체 길이"",""code"":""body-length-back"",""value"":""48"",""unit"":""cm|inch""},{""name"":""어깨너비(솔기에서 솔기까지)"",""code"":""shoulder-width"",""value"":""35"",""unit"":""cm|inch""},{""name"":""가슴너비"",""code"":""body-width"",""value"":""39"",""unit"":""cm|inch""},{""name"":""등 중심부터 소매까지 길이"",""code"":""sleeve-length-cb"",""value"":""74"",""unit"":""cm|inch""}]},{""name"":""M"",""items"":[{""name"":""전체 길이"",""code"":""body-length-back"",""value"":""50"",""unit"":""cm|inch""},{""name"":""어깨너비(솔기에서 솔기까지)"",""code"":""shoulder-width"",""value"":""36"",""unit"":""cm|inch""},{""name"":""가슴너비"",""code"":""body-width"",""value"":""41.5"",""unit"":""cm|inch""},{""name"":""등 중심부터 소매까지 길이"",""code"":""sleeve-length-cb"",""value"":""75"",""unit"":""cm|inch""}]},{""name"":""L"",""items"":[{""name"":""전체 길이"",""code"":""body-length-back"",""value"":""52"",""unit"":""cm|inch""},{""name"":""어깨너비(솔기에서 솔기까지)"",""code"":""shoulder-width"",""value"":""37"",""unit"":""cm|inch""},{""name"":""가슴너비"",""code"":""body-width"",""value"":""44"",""unit"":""cm|inch""},{""name"":""등 중심부터 소매까지 길이"",""code"":""sleeve-length-cb"",""value"":""77"",""unit"":""cm|inch""}]},{""name"":""XL"",""items"":[{""name"":""전체 길이"",""code"":""body-length-back"",""value"":""54"",""unit"":""cm|inch""},{""name"":""어깨너비(솔기에서 솔기까지)"",""code"":""shoulder-width"",""value"":""38.5"",""unit"":""cm|inch""},{""name"":""가슴너비"",""code"":""body-width"",""value"":""47"",""unit"":""cm|inch""},{""name"":""등 중심부터 소매까지 길이"",""code"":""sleeve-length-cb"",""value"":""77.5"",""unit"":""cm|inch""}]},{""name"":""XXL"",""items"":[{""name"":""전체 길이"",""code"":""body-length-back"",""value"":""54.5"",""unit"":""cm|inch""},{""name"":""어깨너비(솔기에서 솔기까지)"",""code"":""shoulder-width"",""value"":""39.5"",""unit"":""cm|inch""},{""name"":""가슴너비"",""code"":""body-width"",""value"":""50"",""unit"":""cm|inch""},{""name"":""등 중심부터 소매까지 길이"",""code"":""sleeve-length-cb"",""value"":""78"",""unit"":""cm|inch""}]},{""name"":""3XL"",""items"":[{""name"":""전체 길이"",""code"":""body-length-back"",""value"":""56.5"",""unit"":""cm|inch""},{""name"":""어깨너비(솔기에서 솔기까지)"",""code"":""shoulder-width"",""value"":""40.5"",""unit"":""cm|inch""},{""name"":""가슴너비"",""code"":""body-width"",""value"":""53"",""unit"":""cm|inch""},{""name"":""등 중심부터 소매까지 길이"",""code"":""sleeve-length-cb"",""value"":""78.5"",""unit"":""cm|inch""}]}]"
"2026-07-23 22:57:48 KST","유니클로","https://www.uniqlo.com/kr/ko/products/E487579-000","E487579-000","UNIQLO","여성 미니T(긴팔) | UNIQLO KR","여성","/kr/ko/women/tops/t-shirts","상의","t-shirts","품절/일부 품절 표시 존재","API","XS|S|M|L|XL|XXL|3XL","7","전체 길이|어깨너비(솔기에서 솔기까지)|가슴너비|등 중심부터 소매까지 길이","34","36.5","46.5","72.5","","","","","","","","cm|inch","","아니오","","가능","","성공","성공","성공","예","고유","women","","tops","","t-shirts","","","","카테고리 URL 경로","[{""name"":""XS"",""items"":[{""name"":""전체 길이"",""code"":""body-length-back"",""value"":""46.5"",""unit"":""cm|inch""},{""name"":""어깨너비(솔기에서 솔기까지)"",""code"":""shoulder-width"",""value"":""34"",""unit"":""cm|inch""},{""name"":""가슴너비"",""code"":""body-width"",""value"":""36.5"",""unit"":""cm|inch""},{""name"":""등 중심부터 소매까지 길이"",""code"":""sleeve-length-cb"",""value"":""72.5"",""unit"":""cm|inch""}]},{""name"":""S"",""items"":[{""name"":""전체 길이"",""code"":""body-length-back"",""value"":""48"",""unit"":""cm|inch""},{""name"":""어깨너비(솔기에서 솔기까지)"",""code"":""shoulder-width"",""value"":""35"",""unit"":""cm|inch""},{""name"":""가슴너비"",""code"":""body-width"",""value"":""39"",""unit"":""cm|inch""},{""name"":""등 중심부터 소매까지 길이"",""code"":""sleeve-length-cb"",""value"":""74"",""unit"":""cm|inch""}]},{""name"":""M"",""items"":[{""name"":""전체 길이"",""code"":""body-length-back"",""value"":""50"",""unit"":""cm|inch""},{""name"":""어깨너비(솔기에서 솔기까지)"",""code"":""shoulder-width"",""value"":""36"",""unit"":""cm|inch""},{""name"":""가슴너비"",""code"":""body-width"",""value"":""41.5"",""unit"":""cm|inch""},{""name"":""등 중심부터 소매까지 길이"",""code"":""sleeve-length-cb"",""value"":""75"",""unit"":""cm|inch""}]},{""name"":""L"",""items"":[{""name"":""전체 길이"",""code"":""body-length-back"",""value"":""52"",""unit"":""cm|inch""},{""name"":""어깨너비(솔기에서 솔기까지)"",""code"":""shoulder-width"",""value"":""37"",""unit"":""cm|inch""},{""name"":""가슴너비"",""code"":""body-width"",""value"":""44"",""unit"":""cm|inch""},{""name"":""등 중심부터 소매까지 길이"",""code"":""sleeve-length-cb"",""value"":""77"",""unit"":""cm|inch""}]},{""name"":""XL"",""items"":[{""name"":""전체 길이"",""code"":""body-length-back"",""value"":""54.5"",""unit"":""cm|inch""},{""name"":""어깨너비(솔기에서 솔기까지)"",""code"":""shoulder-width"",""value"":""38.5"",""unit"":""cm|inch""},{""name"":""가슴너비"",""code"":""body-width"",""value"":""47"",""unit"":""cm|inch""},{""name"":""등 중심부터 소매까지 길이"",""code"":""sleeve-length-cb"",""value"":""77.5"",""unit"":""cm|inch""}]},{""name"":""XXL"",""items"":[{""name"":""전체 길이"",""code"":""body-length-back"",""value"":""54.5"",""unit"":""cm|inch""},{""name"":""어깨너비(솔기에서 솔기까지)"",""code"":""shoulder-width"",""value"":""39.5"",""unit"":""cm|inch""},{""name"":""가슴너비"",""code"":""body-width"",""value"":""50"",""unit"":""cm|inch""},{""name"":""등 중심부터 소매까지 길이"",""code"":""sleeve-length-cb"",""value"":""78"",""unit"":""cm|inch""}]},{""name"":""3XL"",""items"":[{""name"":""전체 길이"",""code"":""body-length-back"",""value"":""56.5"",""unit"":""cm|inch""},{""name"":""어깨너비(솔기에서 솔기까지)"",""code"":""shoulder-width"",""value"":""40.5"",""unit"":""cm|inch""},{""name"":""가슴너비"",""code"":""body-width"",""value"":""53"",""unit"":""cm|inch""},{""name"":""등 중심부터 소매까지 길이"",""code"":""sleeve-length-cb"",""value"":""78.5"",""unit"":""cm|inch""}]}]"
"2026-07-23 22:57:49 KST","유니클로","https://www.uniqlo.com/kr/ko/products/E488298-000","E488298-000","UNIQLO","여성 후드립T(긴팔) | UNIQLO KR","여성","/kr/ko/women/tops/t-shirts","상의","t-shirts","품절/일부 품절 표시 존재","API","XS|S|M|L|XL|XXL|3XL","7","전체 길이|어깨너비(솔기에서 솔기까지)|가슴너비|등 중심부터 소매까지 길이","32","34","51.5","71","","","","","","","","cm|inch","","아니오","","가능","","성공","성공","성공","예","고유","women","","tops","","t-shirts","","","","카테고리 URL 경로","[{""name"":""XS"",""items"":[{""name"":""전체 길이"",""code"":""body-length-back"",""value"":""51.5"",""unit"":""cm|inch""},{""name"":""어깨너비(솔기에서 솔기까지)"",""code"":""shoulder-width"",""value"":""32"",""unit"":""cm|inch""},{""name"":""가슴너비"",""code"":""body-width"",""value"":""34"",""unit"":""cm|inch""},{""name"":""등 중심부터 소매까지 길이"",""code"":""sleeve-length-cb"",""value"":""71"",""unit"":""cm|inch""}]},{""name"":""S"",""items"":[{""name"":""전체 길이"",""code"":""body-length-back"",""value"":""53"",""unit"":""cm|inch""},{""name"":""어깨너비(솔기에서 솔기까지)"",""code"":""shoulder-width"",""value"":""33"",""unit"":""cm|inch""},{""name"":""가슴너비"",""code"":""body-width"",""value"":""36.5"",""unit"":""cm|inch""},{""name"":""등 중심부터 소매까지 길이"",""code"":""sleeve-length-cb"",""value"":""72.5"",""unit"":""cm|inch""}]},{""name"":""M"",""items"":[{""name"":""전체 길이"",""code"":""body-length-back"",""value"":""55.5"",""unit"":""cm|inch""},{""name"":""어깨너비(솔기에서 솔기까지)"",""code"":""shoulder-width"",""value"":""34"",""unit"":""cm|inch""},{""name"":""가슴너비"",""code"":""body-width"",""value"":""39"",""unit"":""cm|inch""},{""name"":""등 중심부터 소매까지 길이"",""code"":""sleeve-length-cb"",""value"":""73.5"",""unit"":""cm|inch""}]},{""name"":""L"",""items"":[{""name"":""전체 길이"",""code"":""body-length-back"",""value"":""57.5"",""unit"":""cm|inch""},{""name"":""어깨너비(솔기에서 솔기까지)"",""code"":""shoulder-width"",""value"":""35"",""unit"":""cm|inch""},{""name"":""가슴너비"",""code"":""body-width"",""value"":""41.5"",""unit"":""cm|inch""},{""name"":""등 중심부터 소매까지 길이"",""code"":""sleeve-length-cb"",""value"":""75.5"",""unit"":""cm|inch""}]},{""name"":""XL"",""items"":[{""name"":""전체 길이"",""code"":""body-length-back"",""value"":""59.5"",""unit"":""cm|inch""},{""name"":""어깨너비(솔기에서 솔기까지)"",""code"":""shoulder-width"",""value"":""36.5"",""unit"":""cm|inch""},{""name"":""가슴너비"",""code"":""body-width"",""value"":""44.5"",""unit"":""cm|inch""},{""name"":""등 중심부터 소매까지 길이"",""code"":""sleeve-length-cb"",""value"":""76.5"",""unit"":""cm|inch""}]},{""name"":""XXL"",""items"":[{""name"":""전체 길이"",""code"":""body-length-back"",""value"":""59.5"",""unit"":""cm|inch""},{""name"":""어깨너비(솔기에서 솔기까지)"",""code"":""shoulder-width"",""value"":""37.5"",""unit"":""cm|inch""},{""name"":""가슴너비"",""code"":""body-width"",""value"":""47.5"",""unit"":""cm|inch""},{""name"":""등 중심부터 소매까지 길이"",""code"":""sleeve-length-cb"",""value"":""77"",""unit"":""cm|inch""}]},{""name"":""3XL"",""items"":[{""name"":""전체 길이"",""code"":""body-length-back"",""value"":""61.5"",""unit"":""cm|inch""},{""name"":""어깨너비(솔기에서 솔기까지)"",""code"":""shoulder-width"",""value"":""38.5"",""unit"":""cm|inch""},{""name"":""가슴너비"",""code"":""body-width"",""value"":""50.5"",""unit"":""cm|inch""},{""name"":""등 중심부터 소매까지 길이"",""code"":""sleeve-length-cb"",""value"":""77.5"",""unit"":""cm|inch""}]}]"
"2026-07-23 22:57:51 KST","유니클로","https://www.uniqlo.com/kr/ko/products/E487908-000","E487908-000","UNIQLO","여성 립헨리넥T(긴팔) | UNIQLO KR","여성","/kr/ko/women/tops/t-shirts","상의","t-shirts","품절/일부 품절 표시 존재","API","XS|S|M|L|XL|XXL|3XL","7","전체 길이|어깨너비(솔기에서 솔기까지)|가슴너비|등 중심부터 소매까지 길이","33","34.5","47","72.5","","","","","","","","cm|inch","","아니오","","가능","","성공","성공","성공","예","고유","women","","tops","","t-shirts","","","","카테고리 URL 경로","[{""name"":""XS"",""items"":[{""name"":""전체 길이"",""code"":""body-length-back"",""value"":""47"",""unit"":""cm|inch""},{""name"":""어깨너비(솔기에서 솔기까지)"",""code"":""shoulder-width"",""value"":""33"",""unit"":""cm|inch""},{""name"":""가슴너비"",""code"":""body-width"",""value"":""34.5"",""unit"":""cm|inch""},{""name"":""등 중심부터 소매까지 길이"",""code"":""sleeve-length-cb"",""value"":""72.5"",""unit"":""cm|inch""}]},{""name"":""S"",""items"":[{""name"":""전체 길이"",""code"":""body-length-back"",""value"":""48.5"",""unit"":""cm|inch""},{""name"":""어깨너비(솔기에서 솔기까지)"",""code"":""shoulder-width"",""value"":""34"",""unit"":""cm|inch""},{""name"":""가슴너비"",""code"":""body-width"",""value"":""37"",""unit"":""cm|inch""},{""name"":""등 중심부터 소매까지 길이"",""code"":""sleeve-length-cb"",""value"":""74"",""unit"":""cm|inch""}]},{""name"":""M"",""items"":[{""name"":""전체 길이"",""code"":""body-length-back"",""value"":""51"",""unit"":""cm|inch""},{""name"":""어깨너비(솔기에서 솔기까지)"",""code"":""shoulder-width"",""value"":""35"",""unit"":""cm|inch""},{""name"":""가슴너비"",""code"":""body-width"",""value"":""39.5"",""unit"":""cm|inch""},{""name"":""등 중심부터 소매까지 길이"",""code"":""sleeve-length-cb"",""value"":""75"",""unit"":""cm|inch""}]},{""name"":""L"",""items"":[{""name"":""전체 길이"",""code"":""body-length-back"",""value"":""53"",""unit"":""cm|inch""},{""name"":""어깨너비(솔기에서 솔기까지)"",""code"":""shoulder-width"",""value"":""36"",""unit"":""cm|inch""},{""name"":""가슴너비"",""code"":""body-width"",""value"":""42"",""unit"":""cm|inch""},{""name"":""등 중심부터 소매까지 길이"",""code"":""sleeve-length-cb"",""value"":""77"",""unit"":""cm|inch""}]},{""name"":""XL"",""items"":[{""name"":""전체 길이"",""code"":""body-length-back"",""value"":""55"",""unit"":""cm|inch""},{""name"":""어깨너비(솔기에서 솔기까지)"",""code"":""shoulder-width"",""value"":""37.5"",""unit"":""cm|inch""},{""name"":""가슴너비"",""code"":""body-width"",""value"":""45"",""unit"":""cm|inch""},{""name"":""등 중심부터 소매까지 길이"",""code"":""sleeve-length-cb"",""value"":""77.5"",""unit"":""cm|inch""}]},{""name"":""XXL"",""items"":[{""name"":""전체 길이"",""code"":""body-length-back"",""value"":""55"",""unit"":""cm|inch""},{""name"":""어깨너비(솔기에서 솔기까지)"",""code"":""shoulder-width"",""value"":""38.5"",""unit"":""cm|inch""},{""name"":""가슴너비"",""code"":""body-width"",""value"":""48"",""unit"":""cm|inch""},{""name"":""등 중심부터 소매까지 길이"",""code"":""sleeve-length-cb"",""value"":""78"",""unit"":""cm|inch""}]},{""name"":""3XL"",""items"":[{""name"":""전체 길이"",""code"":""body-length-back"",""value"":""57"",""unit"":""cm|inch""},{""name"":""어깨너비(솔기에서 솔기까지)"",""code"":""shoulder-width"",""value"":""39.5"",""unit"":""cm|inch""},{""name"":""가슴너비"",""code"":""body-width"",""value"":""51"",""unit"":""cm|inch""},{""name"":""등 중심부터 소매까지 길이"",""code"":""sleeve-length-cb"",""value"":""78.5"",""unit"":""cm|inch""}]}]"
"2026-07-23 22:57:52 KST","유니클로","https://www.uniqlo.com/kr/ko/products/E465751-000","E465751-000","UNIQLO","여성 소프트립T(긴팔) | UNIQLO KR","여성","/kr/ko/women/tops/t-shirts","상의","t-shirts","품절/일부 품절 표시 존재","API","XS|S|M|L|XL|XXL|3XL","7","전체 길이|어깨너비(솔기에서 솔기까지)|가슴너비|등 중심부터 소매까지 길이","32.5","34","56","74","","","","","","","","cm|inch","","아니오","","가능","","성공","성공","성공","예","고유","women","","tops","","t-shirts","","","","카테고리 URL 경로","[{""name"":""XS"",""items"":[{""name"":""전체 길이"",""code"":""body-length-back"",""value"":""56"",""unit"":""cm|inch""},{""name"":""어깨너비(솔기에서 솔기까지)"",""code"":""shoulder-width"",""value"":""32.5"",""unit"":""cm|inch""},{""name"":""가슴너비"",""code"":""body-width"",""value"":""34"",""unit"":""cm|inch""},{""name"":""등 중심부터 소매까지 길이"",""code"":""sleeve-length-cb"",""value"":""74"",""unit"":""cm|inch""}]},{""name"":""S"",""items"":[{""name"":""전체 길이"",""code"":""body-length-back"",""value"":""57.5"",""unit"":""cm|inch""},{""name"":""어깨너비(솔기에서 솔기까지)"",""code"":""shoulder-width"",""value"":""33.5"",""unit"":""cm|inch""},{""name"":""가슴너비"",""code"":""body-width"",""value"":""36.5"",""unit"":""cm|inch""},{""name"":""등 중심부터 소매까지 길이"",""code"":""sleeve-length-cb"",""value"":""75.5"",""unit"":""cm|inch""}]},{""name"":""M"",""items"":[{""name"":""전체 길이"",""code"":""body-length-back"",""value"":""59.5"",""unit"":""cm|inch""},{""name"":""어깨너비(솔기에서 솔기까지)"",""code"":""shoulder-width"",""value"":""34.5"",""unit"":""cm|inch""},{""name"":""가슴너비"",""code"":""body-width"",""value"":""39"",""unit"":""cm|inch""},{""name"":""등 중심부터 소매까지 길이"",""code"":""sleeve-length-cb"",""value"":""76.5"",""unit"":""cm|inch""}]},{""name"":""L"",""items"":[{""name"":""전체 길이"",""code"":""body-length-back"",""value"":""61.5"",""unit"":""cm|inch""},{""name"":""어깨너비(솔기에서 솔기까지)"",""code"":""shoulder-width"",""value"":""36"",""unit"":""cm|inch""},{""name"":""가슴너비"",""code"":""body-width"",""value"":""42"",""unit"":""cm|inch""},{""name"":""등 중심부터 소매까지 길이"",""code"":""sleeve-length-cb"",""value"":""78.5"",""unit"":""cm|inch""}]},{""name"":""XL"",""items"":[{""name"":""전체 길이"",""code"":""body-length-back"",""value"":""64"",""unit"":""cm|inch""},{""name"":""어깨너비(솔기에서 솔기까지)"",""code"":""shoulder-width"",""value"":""37.5"",""unit"":""cm|inch""},{""name"":""가슴너비"",""code"":""body-width"",""value"":""45"",""unit"":""cm|inch""},{""name"":""등 중심부터 소매까지 길이"",""code"":""sleeve-length-cb"",""value"":""79.5"",""unit"":""cm|inch""}]},{""name"":""XXL"",""items"":[{""name"":""전체 길이"",""code"":""body-length-back"",""value"":""64"",""unit"":""cm|inch""},{""name"":""어깨너비(솔기에서 솔기까지)"",""code"":""shoulder-width"",""value"":""38.5"",""unit"":""cm|inch""},{""name"":""가슴너비"",""code"":""body-width"",""value"":""48"",""unit"":""cm|inch""},{""name"":""등 중심부터 소매까지 길이"",""code"":""sleeve-length-cb"",""value"":""80"",""unit"":""cm|inch""}]},{""name"":""3XL"",""items"":[{""name"":""전체 길이"",""code"":""body-length-back"",""value"":""66"",""unit"":""cm|inch""},{""name"":""어깨너비(솔기에서 솔기까지)"",""code"":""shoulder-width"",""value"":""39.5"",""unit"":""cm|inch""},{""name"":""가슴너비"",""code"":""body-width"",""value"":""51"",""unit"":""cm|inch""},{""name"":""등 중심부터 소매까지 길이"",""code"":""sleeve-length-cb"",""value"":""80.5"",""unit"":""cm|inch""}]}]"
"2026-07-23 22:57:53 KST","유니클로","https://www.uniqlo.com/kr/ko/products/E469292-000","E469292-000","UNIQLO","남성 포켓터블UV PROTECTION파카 | UNIQLO KR","여성","/kr/ko/men/outerwear","아우터","outerwear","품절/일부 품절 표시 존재","API","S|M|L|XL|XXL|3XL|4XL","7","전체 길이|어깨너비(솔기에서 솔기까지)|가슴너비|등 중심부터 소매까지 길이","52","57.5","66","82.5","","","","","","","","cm|inch","","아니오","","가능","","성공","성공","성공","예","고유","men","","outerwear","","","","","","카테고리 URL 경로","[{""name"":""S"",""items"":[{""name"":""전체 길이"",""code"":""body-length"",""value"":""66"",""unit"":""cm|inch""},{""name"":""어깨너비(솔기에서 솔기까지)"",""code"":""shoulder-width"",""value"":""52"",""unit"":""cm|inch""},{""name"":""가슴너비"",""code"":""body-width"",""value"":""57.5"",""unit"":""cm|inch""},{""name"":""등 중심부터 소매까지 길이"",""code"":""sleeve-length-cb"",""value"":""82.5"",""unit"":""cm|inch""}]},{""name"":""M"",""items"":[{""name"":""전체 길이"",""code"":""body-length"",""value"":""68"",""unit"":""cm|inch""},{""name"":""어깨너비(솔기에서 솔기까지)"",""code"":""shoulder-width"",""value"":""53.5"",""unit"":""cm|inch""},{""name"":""가슴너비"",""code"":""body-width"",""value"":""60.5"",""unit"":""cm|inch""},{""name"":""등 중심부터 소매까지 길이"",""code"":""sleeve-length-cb"",""value"":""85"",""unit"":""cm|inch""}]},{""name"":""L"",""items"":[{""name"":""전체 길이"",""code"":""body-length"",""value"":""70"",""unit"":""cm|inch""},{""name"":""어깨너비(솔기에서 솔기까지)"",""code"":""shoulder-width"",""value"":""55"",""unit"":""cm|inch""},{""name"":""가슴너비"",""code"":""body-width"",""value"":""63.5"",""unit"":""cm|inch""},{""name"":""등 중심부터 소매까지 길이"",""code"":""sleeve-length-cb"",""value"":""87.5"",""unit"":""cm|inch""}]},{""name"":""XL"",""items"":[{""name"":""전체 길이"",""code"":""body-length"",""value"":""73"",""unit"":""cm|inch""},{""name"":""어깨너비(솔기에서 솔기까지)"",""code"":""shoulder-width"",""value"":""57"",""unit"":""cm|inch""},{""name"":""가슴너비"",""code"":""body-width"",""value"":""67.5"",""unit"":""cm|inch""},{""name"":""등 중심부터 소매까지 길이"",""code"":""sleeve-length-cb"",""value"":""90"",""unit"":""cm|inch""}]},{""name"":""XXL"",""items"":[{""name"":""전체 길이"",""code"":""body-length"",""value"":""74"",""unit"":""cm|inch""},{""name"":""어깨너비(솔기에서 솔기까지)"",""code"":""shoulder-width"",""value"":""59"",""unit"":""cm|inch""},{""name"":""가슴너비"",""code"":""body-width"",""value"":""71.5"",""unit"":""cm|inch""},{""name"":""등 중심부터 소매까지 길이"",""code"":""sleeve-length-cb"",""value"":""91"",""unit"":""cm|inch""}]},{""name"":""3XL"",""items"":[{""name"":""전체 길이"",""code"":""body-length"",""value"":""75"",""unit"":""cm|inch""},{""name"":""어깨너비(솔기에서 솔기까지)"",""code"":""shoulder-width"",""value"":""61"",""unit"":""cm|inch""},{""name"":""가슴너비"",""code"":""body-width"",""value"":""75.5"",""unit"":""cm|inch""},{""name"":""등 중심부터 소매까지 길이"",""code"":""sleeve-length-cb"",""value"":""92"",""unit"":""cm|inch""}]},{""name"":""4XL"",""items"":[{""name"":""전체 길이"",""code"":""body-length"",""value"":""76"",""unit"":""cm|inch""},{""name"":""어깨너비(솔기에서 솔기까지)"",""code"":""shoulder-width"",""value"":""63"",""unit"":""cm|inch""},{""name"":""가슴너비"",""code"":""body-width"",""value"":""79.5"",""unit"":""cm|inch""},{""name"":""등 중심부터 소매까지 길이"",""code"":""sleeve-length-cb"",""value"":""93"",""unit"":""cm|inch""}]}]"
"2026-07-23 22:57:54 KST","유니클로","https://www.uniqlo.com/kr/ko/products/E469292-001","E469292-001","UNIQLO","남성 포켓터블UV PROTECTION파카 | UNIQLO KR","여성","/kr/ko/men/outerwear","아우터","outerwear","품절/일부 품절 표시 존재","API","S|M|L|XL|XXL|3XL|4XL","7","전체 길이|어깨너비(솔기에서 솔기까지)|가슴너비|등 중심부터 소매까지 길이","52","57.5","66","82.5","","","","","","","","cm|inch","","아니오","","가능","","성공","성공","성공","예","고유","men","","outerwear","","","","","","카테고리 URL 경로","[{""name"":""S"",""items"":[{""name"":""전체 길이"",""code"":""body-length"",""value"":""66"",""unit"":""cm|inch""},{""name"":""어깨너비(솔기에서 솔기까지)"",""code"":""shoulder-width"",""value"":""52"",""unit"":""cm|inch""},{""name"":""가슴너비"",""code"":""body-width"",""value"":""57.5"",""unit"":""cm|inch""},{""name"":""등 중심부터 소매까지 길이"",""code"":""sleeve-length-cb"",""value"":""82.5"",""unit"":""cm|inch""}]},{""name"":""M"",""items"":[{""name"":""전체 길이"",""code"":""body-length"",""value"":""68"",""unit"":""cm|inch""},{""name"":""어깨너비(솔기에서 솔기까지)"",""code"":""shoulder-width"",""value"":""53.5"",""unit"":""cm|inch""},{""name"":""가슴너비"",""code"":""body-width"",""value"":""60.5"",""unit"":""cm|inch""},{""name"":""등 중심부터 소매까지 길이"",""code"":""sleeve-length-cb"",""value"":""85"",""unit"":""cm|inch""}]},{""name"":""L"",""items"":[{""name"":""전체 길이"",""code"":""body-length"",""value"":""70"",""unit"":""cm|inch""},{""name"":""어깨너비(솔기에서 솔기까지)"",""code"":""shoulder-width"",""value"":""55"",""unit"":""cm|inch""},{""name"":""가슴너비"",""code"":""body-width"",""value"":""63.5"",""unit"":""cm|inch""},{""name"":""등 중심부터 소매까지 길이"",""code"":""sleeve-length-cb"",""value"":""87.5"",""unit"":""cm|inch""}]},{""name"":""XL"",""items"":[{""name"":""전체 길이"",""code"":""body-length"",""value"":""73"",""unit"":""cm|inch""},{""name"":""어깨너비(솔기에서 솔기까지)"",""code"":""shoulder-width"",""value"":""57"",""unit"":""cm|inch""},{""name"":""가슴너비"",""code"":""body-width"",""value"":""67.5"",""unit"":""cm|inch""},{""name"":""등 중심부터 소매까지 길이"",""code"":""sleeve-length-cb"",""value"":""90"",""unit"":""cm|inch""}]},{""name"":""XXL"",""items"":[{""name"":""전체 길이"",""code"":""body-length"",""value"":""74"",""unit"":""cm|inch""},{""name"":""어깨너비(솔기에서 솔기까지)"",""code"":""shoulder-width"",""value"":""59"",""unit"":""cm|inch""},{""name"":""가슴너비"",""code"":""body-width"",""value"":""71.5"",""unit"":""cm|inch""},{""name"":""등 중심부터 소매까지 길이"",""code"":""sleeve-length-cb"",""value"":""91"",""unit"":""cm|inch""}]},{""name"":""3XL"",""items"":[{""name"":""전체 길이"",""code"":""body-length"",""value"":""75"",""unit"":""cm|inch""},{""name"":""어깨너비(솔기에서 솔기까지)"",""code"":""shoulder-width"",""value"":""61"",""unit"":""cm|inch""},{""name"":""가슴너비"",""code"":""body-width"",""value"":""75.5"",""unit"":""cm|inch""},{""name"":""등 중심부터 소매까지 길이"",""code"":""sleeve-length-cb"",""value"":""92"",""unit"":""cm|inch""}]},{""name"":""4XL"",""items"":[{""name"":""전체 길이"",""code"":""body-length"",""value"":""76"",""unit"":""cm|inch""},{""name"":""어깨너비(솔기에서 솔기까지)"",""code"":""shoulder-width"",""value"":""63"",""unit"":""cm|inch""},{""name"":""가슴너비"",""code"":""body-width"",""value"":""79.5"",""unit"":""cm|inch""},{""name"":""등 중심부터 소매까지 길이"",""code"":""sleeve-length-cb"",""value"":""93"",""unit"":""cm|inch""}]}]"
"2026-07-23 22:57:56 KST","유니클로","https://www.uniqlo.com/kr/ko/products/E486164-000","E486164-000","UNIQLO","남성 포켓터블UV PROTECTION파카 | UNIQLO KR","여성","/kr/ko/men/outerwear","아우터","outerwear","품절/일부 품절 표시 존재","API","S|M|L|XL|XXL|3XL|4XL","7","전체 길이|어깨너비(솔기에서 솔기까지)|가슴너비|등 중심부터 소매까지 길이","52","57.5","66","82.5","","","","","","","","cm|inch","","아니오","","가능","","성공","성공","성공","예","고유","men","","outerwear","","","","","","카테고리 URL 경로","[{""name"":""S"",""items"":[{""name"":""전체 길이"",""code"":""body-length"",""value"":""66"",""unit"":""cm|inch""},{""name"":""어깨너비(솔기에서 솔기까지)"",""code"":""shoulder-width"",""value"":""52"",""unit"":""cm|inch""},{""name"":""가슴너비"",""code"":""body-width"",""value"":""57.5"",""unit"":""cm|inch""},{""name"":""등 중심부터 소매까지 길이"",""code"":""sleeve-length-cb"",""value"":""82.5"",""unit"":""cm|inch""}]},{""name"":""M"",""items"":[{""name"":""전체 길이"",""code"":""body-length"",""value"":""68"",""unit"":""cm|inch""},{""name"":""어깨너비(솔기에서 솔기까지)"",""code"":""shoulder-width"",""value"":""53.5"",""unit"":""cm|inch""},{""name"":""가슴너비"",""code"":""body-width"",""value"":""60.5"",""unit"":""cm|inch""},{""name"":""등 중심부터 소매까지 길이"",""code"":""sleeve-length-cb"",""value"":""85"",""unit"":""cm|inch""}]},{""name"":""L"",""items"":[{""name"":""전체 길이"",""code"":""body-length"",""value"":""70"",""unit"":""cm|inch""},{""name"":""어깨너비(솔기에서 솔기까지)"",""code"":""shoulder-width"",""value"":""55"",""unit"":""cm|inch""},{""name"":""가슴너비"",""code"":""body-width"",""value"":""63.5"",""unit"":""cm|inch""},{""name"":""등 중심부터 소매까지 길이"",""code"":""sleeve-length-cb"",""value"":""87.5"",""unit"":""cm|inch""}]},{""name"":""XL"",""items"":[{""name"":""전체 길이"",""code"":""body-length"",""value"":""73"",""unit"":""cm|inch""},{""name"":""어깨너비(솔기에서 솔기까지)"",""code"":""shoulder-width"",""value"":""57"",""unit"":""cm|inch""},{""name"":""가슴너비"",""code"":""body-width"",""value"":""67.5"",""unit"":""cm|inch""},{""name"":""등 중심부터 소매까지 길이"",""code"":""sleeve-length-cb"",""value"":""90"",""unit"":""cm|inch""}]},{""name"":""XXL"",""items"":[{""name"":""전체 길이"",""code"":""body-length"",""value"":""74"",""unit"":""cm|inch""},{""name"":""어깨너비(솔기에서 솔기까지)"",""code"":""shoulder-width"",""value"":""59"",""unit"":""cm|inch""},{""name"":""가슴너비"",""code"":""body-width"",""value"":""71.5"",""unit"":""cm|inch""},{""name"":""등 중심부터 소매까지 길이"",""code"":""sleeve-length-cb"",""value"":""91"",""unit"":""cm|inch""}]},{""name"":""3XL"",""items"":[{""name"":""전체 길이"",""code"":""body-length"",""value"":""75"",""unit"":""cm|inch""},{""name"":""어깨너비(솔기에서 솔기까지)"",""code"":""shoulder-width"",""value"":""61"",""unit"":""cm|inch""},{""name"":""가슴너비"",""code"":""body-width"",""value"":""75.5"",""unit"":""cm|inch""},{""name"":""등 중심부터 소매까지 길이"",""code"":""sleeve-length-cb"",""value"":""92"",""unit"":""cm|inch""}]},{""name"":""4XL"",""items"":[{""name"":""전체 길이"",""code"":""body-length"",""value"":""76"",""unit"":""cm|inch""},{""name"":""어깨너비(솔기에서 솔기까지)"",""code"":""shoulder-width"",""value"":""63"",""unit"":""cm|inch""},{""name"":""가슴너비"",""code"":""body-width"",""value"":""79.5"",""unit"":""cm|inch""},{""name"":""등 중심부터 소매까지 길이"",""code"":""sleeve-length-cb"",""value"":""93"",""unit"":""cm|inch""}]}]"
"2026-07-23 22:57:57 KST","유니클로","https://www.uniqlo.com/kr/ko/products/E484610-000","E484610-000","UNIQLO","젠더리스 해링턴재킷 | UNIQLO KR","여성","/kr/ko/men/outerwear","아우터","outerwear","품절/일부 품절 표시 존재","API","S|M|L|XL|XXL|3XL|4XL","7","전체 길이|가슴너비|등 중심부터 소매까지 길이","","58","61","83.5","","","","","","","","cm|inch","","아니오","","가능","","성공","성공","성공","예","고유","men","","outerwear","","","","","","카테고리 URL 경로","[{""name"":""S"",""items"":[{""name"":""전체 길이"",""code"":""body-length"",""value"":""61"",""unit"":""cm|inch""},{""name"":""가슴너비"",""code"":""body-width"",""value"":""58"",""unit"":""cm|inch""},{""name"":""등 중심부터 소매까지 길이"",""code"":""sleeve-length-cb"",""value"":""83.5"",""unit"":""cm|inch""}]},{""name"":""M"",""items"":[{""name"":""전체 길이"",""code"":""body-length"",""value"":""63"",""unit"":""cm|inch""},{""name"":""가슴너비"",""code"":""body-width"",""value"":""61"",""unit"":""cm|inch""},{""name"":""등 중심부터 소매까지 길이"",""code"":""sleeve-length-cb"",""value"":""86"",""unit"":""cm|inch""}]},{""name"":""L"",""items"":[{""name"":""전체 길이"",""code"":""body-length"",""value"":""65"",""unit"":""cm|inch""},{""name"":""가슴너비"",""code"":""body-width"",""value"":""64"",""unit"":""cm|inch""},{""name"":""등 중심부터 소매까지 길이"",""code"":""sleeve-length-cb"",""value"":""88.5"",""unit"":""cm|inch""}]},{""name"":""XL"",""items"":[{""name"":""전체 길이"",""code"":""body-length"",""value"":""68"",""unit"":""cm|inch""},{""name"":""가슴너비"",""code"":""body-width"",""value"":""68"",""unit"":""cm|inch""},{""name"":""등 중심부터 소매까지 길이"",""code"":""sleeve-length-cb"",""value"":""91"",""unit"":""cm|inch""}]},{""name"":""XXL"",""items"":[{""name"":""전체 길이"",""code"":""body-length"",""value"":""69"",""unit"":""cm|inch""},{""name"":""가슴너비"",""code"":""body-width"",""value"":""72"",""unit"":""cm|inch""},{""name"":""등 중심부터 소매까지 길이"",""code"":""sleeve-length-cb"",""value"":""92"",""unit"":""cm|inch""}]},{""name"":""3XL"",""items"":[{""name"":""전체 길이"",""code"":""body-length"",""value"":""70"",""unit"":""cm|inch""},{""name"":""가슴너비"",""code"":""body-width"",""value"":""76"",""unit"":""cm|inch""},{""name"":""등 중심부터 소매까지 길이"",""code"":""sleeve-length-cb"",""value"":""93"",""unit"":""cm|inch""}]},{""name"":""4XL"",""items"":[{""name"":""전체 길이"",""code"":""body-length"",""value"":""71"",""unit"":""cm|inch""},{""name"":""가슴너비"",""code"":""body-width"",""value"":""80"",""unit"":""cm|inch""},{""name"":""등 중심부터 소매까지 길이"",""code"":""sleeve-length-cb"",""value"":""94"",""unit"":""cm|inch""}]}]"
"2026-07-23 22:57:59 KST","유니클로","https://www.uniqlo.com/kr/ko/products/E491096-000","E491096-000","UNIQLO","젠더리스 집업블루종 | UNIQLO KR","여성","/kr/ko/men/outerwear","아우터","outerwear","품절/일부 품절 표시 존재","API","S|M|L|XL|XXL|3XL|4XL","7","전체 길이|어깨너비(솔기에서 솔기까지)|가슴너비|등 중심부터 소매까지 길이","49","55.5","61","81.5","","","","","","","","cm|inch","","아니오","","가능","","성공","성공","성공","예","고유","men","","outerwear","","","","","","카테고리 URL 경로","[{""name"":""S"",""items"":[{""name"":""전체 길이"",""code"":""body-length"",""value"":""61"",""unit"":""cm|inch""},{""name"":""어깨너비(솔기에서 솔기까지)"",""code"":""shoulder-width"",""value"":""49"",""unit"":""cm|inch""},{""name"":""가슴너비"",""code"":""body-width"",""value"":""55.5"",""unit"":""cm|inch""},{""name"":""등 중심부터 소매까지 길이"",""code"":""sleeve-length-cb"",""value"":""81.5"",""unit"":""cm|inch""}]},{""name"":""M"",""items"":[{""name"":""전체 길이"",""code"":""body-length"",""value"":""63"",""unit"":""cm|inch""},{""name"":""어깨너비(솔기에서 솔기까지)"",""code"":""shoulder-width"",""value"":""50.5"",""unit"":""cm|inch""},{""name"":""가슴너비"",""code"":""body-width"",""value"":""58.5"",""unit"":""cm|inch""},{""name"":""등 중심부터 소매까지 길이"",""code"":""sleeve-length-cb"",""value"":""84"",""unit"":""cm|inch""}]},{""name"":""L"",""items"":[{""name"":""전체 길이"",""code"":""body-length"",""value"":""65"",""unit"":""cm|inch""},{""name"":""어깨너비(솔기에서 솔기까지)"",""code"":""shoulder-width"",""value"":""52"",""unit"":""cm|inch""},{""name"":""가슴너비"",""code"":""body-width"",""value"":""61.5"",""unit"":""cm|inch""},{""name"":""등 중심부터 소매까지 길이"",""code"":""sleeve-length-cb"",""value"":""86.5"",""unit"":""cm|inch""}]},{""name"":""XL"",""items"":[{""name"":""전체 길이"",""code"":""body-length"",""value"":""68"",""unit"":""cm|inch""},{""name"":""어깨너비(솔기에서 솔기까지)"",""code"":""shoulder-width"",""value"":""54"",""unit"":""cm|inch""},{""name"":""가슴너비"",""code"":""body-width"",""value"":""65.5"",""unit"":""cm|inch""},{""name"":""등 중심부터 소매까지 길이"",""code"":""sleeve-length-cb"",""value"":""89"",""unit"":""cm|inch""}]},{""name"":""XXL"",""items"":[{""name"":""전체 길이"",""code"":""body-length"",""value"":""69"",""unit"":""cm|inch""},{""name"":""어깨너비(솔기에서 솔기까지)"",""code"":""shoulder-width"",""value"":""56"",""unit"":""cm|inch""},{""name"":""가슴너비"",""code"":""body-width"",""value"":""69.5"",""unit"":""cm|inch""},{""name"":""등 중심부터 소매까지 길이"",""code"":""sleeve-length-cb"",""value"":""90"",""unit"":""cm|inch""}]},{""name"":""3XL"",""items"":[{""name"":""전체 길이"",""code"":""body-length"",""value"":""70"",""unit"":""cm|inch""},{""name"":""어깨너비(솔기에서 솔기까지)"",""code"":""shoulder-width"",""value"":""58"",""unit"":""cm|inch""},{""name"":""가슴너비"",""code"":""body-width"",""value"":""73.5"",""unit"":""cm|inch""},{""name"":""등 중심부터 소매까지 길이"",""code"":""sleeve-length-cb"",""value"":""91"",""unit"":""cm|inch""}]},{""name"":""4XL"",""items"":[{""name"":""전체 길이"",""code"":""body-length"",""value"":""71"",""unit"":""cm|inch""},{""name"":""어깨너비(솔기에서 솔기까지)"",""code"":""shoulder-width"",""value"":""60"",""unit"":""cm|inch""},{""name"":""가슴너비"",""code"":""body-width"",""value"":""77.5"",""unit"":""cm|inch""},{""name"":""등 중심부터 소매까지 길이"",""code"":""sleeve-length-cb"",""value"":""92"",""unit"":""cm|inch""}]}]"
"2026-07-23 22:58:01 KST","유니클로","https://www.uniqlo.com/kr/ko/products/E487688-000","E487688-000","UNIQLO","젠더리스 커버롤 | UNIQLO KR","여성","/kr/ko/men/outerwear","아우터","outerwear","품절/일부 품절 표시 존재","API","S|M|L|XL|XXL|3XL|4XL","7","전체 길이|어깨너비(솔기에서 솔기까지)|가슴너비|등 중심부터 소매까지 길이","49","56","68","82.5","","","","","","","","cm|inch","","아니오","","가능","","성공","성공","성공","예","고유","men","","outerwear","","","","","","카테고리 URL 경로","[{""name"":""S"",""items"":[{""name"":""전체 길이"",""code"":""body-length"",""value"":""68"",""unit"":""cm|inch""},{""name"":""어깨너비(솔기에서 솔기까지)"",""code"":""shoulder-width"",""value"":""49"",""unit"":""cm|inch""},{""name"":""가슴너비"",""code"":""body-width"",""value"":""56"",""unit"":""cm|inch""},{""name"":""등 중심부터 소매까지 길이"",""code"":""sleeve-length-cb"",""value"":""82.5"",""unit"":""cm|inch""}]},{""name"":""M"",""items"":[{""name"":""전체 길이"",""code"":""body-length"",""value"":""70"",""unit"":""cm|inch""},{""name"":""어깨너비(솔기에서 솔기까지)"",""code"":""shoulder-width"",""value"":""50.5"",""unit"":""cm|inch""},{""name"":""가슴너비"",""code"":""body-width"",""value"":""59"",""unit"":""cm|inch""},{""name"":""등 중심부터 소매까지 길이"",""code"":""sleeve-length-cb"",""value"":""85"",""unit"":""cm|inch""}]},{""name"":""L"",""items"":[{""name"":""전체 길이"",""code"":""body-length"",""value"":""72"",""unit"":""cm|inch""},{""name"":""어깨너비(솔기에서 솔기까지)"",""code"":""shoulder-width"",""value"":""52"",""unit"":""cm|inch""},{""name"":""가슴너비"",""code"":""body-width"",""value"":""62"",""unit"":""cm|inch""},{""name"":""등 중심부터 소매까지 길이"",""code"":""sleeve-length-cb"",""value"":""87.5"",""unit"":""cm|inch""}]},{""name"":""XL"",""items"":[{""name"":""전체 길이"",""code"":""body-length"",""value"":""75"",""unit"":""cm|inch""},{""name"":""어깨너비(솔기에서 솔기까지)"",""code"":""shoulder-width"",""value"":""54"",""unit"":""cm|inch""},{""name"":""가슴너비"",""code"":""body-width"",""value"":""66"",""unit"":""cm|inch""},{""name"":""등 중심부터 소매까지 길이"",""code"":""sleeve-length-cb"",""value"":""90"",""unit"":""cm|inch""}]},{""name"":""XXL"",""items"":[{""name"":""전체 길이"",""code"":""body-length"",""value"":""76"",""unit"":""cm|inch""},{""name"":""어깨너비(솔기에서 솔기까지)"",""code"":""shoulder-width"",""value"":""56"",""unit"":""cm|inch""},{""name"":""가슴너비"",""code"":""body-width"",""value"":""70"",""unit"":""cm|inch""},{""name"":""등 중심부터 소매까지 길이"",""code"":""sleeve-length-cb"",""value"":""91"",""unit"":""cm|inch""}]},{""name"":""3XL"",""items"":[{""name"":""전체 길이"",""code"":""body-length"",""value"":""77"",""unit"":""cm|inch""},{""name"":""어깨너비(솔기에서 솔기까지)"",""code"":""shoulder-width"",""value"":""58"",""unit"":""cm|inch""},{""name"":""가슴너비"",""code"":""body-width"",""value"":""74"",""unit"":""cm|inch""},{""name"":""등 중심부터 소매까지 길이"",""code"":""sleeve-length-cb"",""value"":""92"",""unit"":""cm|inch""}]},{""name"":""4XL"",""items"":[{""name"":""전체 길이"",""code"":""body-length"",""value"":""78"",""unit"":""cm|inch""},{""name"":""어깨너비(솔기에서 솔기까지)"",""code"":""shoulder-width"",""value"":""60"",""unit"":""cm|inch""},{""name"":""가슴너비"",""code"":""body-width"",""value"":""78"",""unit"":""cm|inch""},{""name"":""등 중심부터 소매까지 길이"",""code"":""sleeve-length-cb"",""value"":""93"",""unit"":""cm|inch""}]}]"
"2026-07-23 22:58:03 KST","유니클로","https://www.uniqlo.com/kr/ko/products/E488829-000","E488829-000","UNIQLO","젠더리스 커버롤(데님) | UNIQLO KR","여성","/kr/ko/men/outerwear","아우터","outerwear","품절/일부 품절 표시 존재","API","S|M|L|XL|XXL|3XL|4XL","7","전체 길이|어깨너비(솔기에서 솔기까지)|가슴너비|등 중심부터 소매까지 길이","49","56","68","82.5","","","","","","","","cm|inch","","아니오","","가능","","성공","성공","성공","예","고유","men","","outerwear","","","","","","카테고리 URL 경로","[{""name"":""S"",""items"":[{""name"":""전체 길이"",""code"":""body-length"",""value"":""68"",""unit"":""cm|inch""},{""name"":""어깨너비(솔기에서 솔기까지)"",""code"":""shoulder-width"",""value"":""49"",""unit"":""cm|inch""},{""name"":""가슴너비"",""code"":""body-width"",""value"":""56"",""unit"":""cm|inch""},{""name"":""등 중심부터 소매까지 길이"",""code"":""sleeve-length-cb"",""value"":""82.5"",""unit"":""cm|inch""}]},{""name"":""M"",""items"":[{""name"":""전체 길이"",""code"":""body-length"",""value"":""70"",""unit"":""cm|inch""},{""name"":""어깨너비(솔기에서 솔기까지)"",""code"":""shoulder-width"",""value"":""50.5"",""unit"":""cm|inch""},{""name"":""가슴너비"",""code"":""body-width"",""value"":""59"",""unit"":""cm|inch""},{""name"":""등 중심부터 소매까지 길이"",""code"":""sleeve-length-cb"",""value"":""85"",""unit"":""cm|inch""}]},{""name"":""L"",""items"":[{""name"":""전체 길이"",""code"":""body-length"",""value"":""72"",""unit"":""cm|inch""},{""name"":""어깨너비(솔기에서 솔기까지)"",""code"":""shoulder-width"",""value"":""52"",""unit"":""cm|inch""},{""name"":""가슴너비"",""code"":""body-width"",""value"":""62"",""unit"":""cm|inch""},{""name"":""등 중심부터 소매까지 길이"",""code"":""sleeve-length-cb"",""value"":""87.5"",""unit"":""cm|inch""}]},{""name"":""XL"",""items"":[{""name"":""전체 길이"",""code"":""body-length"",""value"":""75"",""unit"":""cm|inch""},{""name"":""어깨너비(솔기에서 솔기까지)"",""code"":""shoulder-width"",""value"":""54"",""unit"":""cm|inch""},{""name"":""가슴너비"",""code"":""body-width"",""value"":""66"",""unit"":""cm|inch""},{""name"":""등 중심부터 소매까지 길이"",""code"":""sleeve-length-cb"",""value"":""90"",""unit"":""cm|inch""}]},{""name"":""XXL"",""items"":[{""name"":""전체 길이"",""code"":""body-length"",""value"":""76"",""unit"":""cm|inch""},{""name"":""어깨너비(솔기에서 솔기까지)"",""code"":""shoulder-width"",""value"":""56"",""unit"":""cm|inch""},{""name"":""가슴너비"",""code"":""body-width"",""value"":""70"",""unit"":""cm|inch""},{""name"":""등 중심부터 소매까지 길이"",""code"":""sleeve-length-cb"",""value"":""91"",""unit"":""cm|inch""}]},{""name"":""3XL"",""items"":[{""name"":""전체 길이"",""code"":""body-length"",""value"":""77"",""unit"":""cm|inch""},{""name"":""어깨너비(솔기에서 솔기까지)"",""code"":""shoulder-width"",""value"":""58"",""unit"":""cm|inch""},{""name"":""가슴너비"",""code"":""body-width"",""value"":""74"",""unit"":""cm|inch""},{""name"":""등 중심부터 소매까지 길이"",""code"":""sleeve-length-cb"",""value"":""92"",""unit"":""cm|inch""}]},{""name"":""4XL"",""items"":[{""name"":""전체 길이"",""code"":""body-length"",""value"":""78"",""unit"":""cm|inch""},{""name"":""어깨너비(솔기에서 솔기까지)"",""code"":""shoulder-width"",""value"":""60"",""unit"":""cm|inch""},{""name"":""가슴너비"",""code"":""body-width"",""value"":""78"",""unit"":""cm|inch""},{""name"":""등 중심부터 소매까지 길이"",""code"":""sleeve-length-cb"",""value"":""93"",""unit"":""cm|inch""}]}]"
"2026-07-23 22:58:04 KST","유니클로","https://www.uniqlo.com/kr/ko/products/E488828-000","E488828-000","UNIQLO","젠더리스 커버롤(데님) | UNIQLO KR","여성","/kr/ko/men/outerwear","아우터","outerwear","품절/일부 품절 표시 존재","API","S|M|L|XL|XXL|3XL|4XL","7","전체 길이|어깨너비(솔기에서 솔기까지)|가슴너비|등 중심부터 소매까지 길이","49","56","68","82.5","","","","","","","","cm|inch","","아니오","","가능","","성공","성공","성공","예","고유","men","","outerwear","","","","","","카테고리 URL 경로","[{""name"":""S"",""items"":[{""name"":""전체 길이"",""code"":""body-length"",""value"":""68"",""unit"":""cm|inch""},{""name"":""어깨너비(솔기에서 솔기까지)"",""code"":""shoulder-width"",""value"":""49"",""unit"":""cm|inch""},{""name"":""가슴너비"",""code"":""body-width"",""value"":""56"",""unit"":""cm|inch""},{""name"":""등 중심부터 소매까지 길이"",""code"":""sleeve-length-cb"",""value"":""82.5"",""unit"":""cm|inch""}]},{""name"":""M"",""items"":[{""name"":""전체 길이"",""code"":""body-length"",""value"":""70"",""unit"":""cm|inch""},{""name"":""어깨너비(솔기에서 솔기까지)"",""code"":""shoulder-width"",""value"":""50.5"",""unit"":""cm|inch""},{""name"":""가슴너비"",""code"":""body-width"",""value"":""59"",""unit"":""cm|inch""},{""name"":""등 중심부터 소매까지 길이"",""code"":""sleeve-length-cb"",""value"":""85"",""unit"":""cm|inch""}]},{""name"":""L"",""items"":[{""name"":""전체 길이"",""code"":""body-length"",""value"":""72"",""unit"":""cm|inch""},{""name"":""어깨너비(솔기에서 솔기까지)"",""code"":""shoulder-width"",""value"":""52"",""unit"":""cm|inch""},{""name"":""가슴너비"",""code"":""body-width"",""value"":""62"",""unit"":""cm|inch""},{""name"":""등 중심부터 소매까지 길이"",""code"":""sleeve-length-cb"",""value"":""87.5"",""unit"":""cm|inch""}]},{""name"":""XL"",""items"":[{""name"":""전체 길이"",""code"":""body-length"",""value"":""75"",""unit"":""cm|inch""},{""name"":""어깨너비(솔기에서 솔기까지)"",""code"":""shoulder-width"",""value"":""54"",""unit"":""cm|inch""},{""name"":""가슴너비"",""code"":""body-width"",""value"":""66"",""unit"":""cm|inch""},{""name"":""등 중심부터 소매까지 길이"",""code"":""sleeve-length-cb"",""value"":""90"",""unit"":""cm|inch""}]},{""name"":""XXL"",""items"":[{""name"":""전체 길이"",""code"":""body-length"",""value"":""76"",""unit"":""cm|inch""},{""name"":""어깨너비(솔기에서 솔기까지)"",""code"":""shoulder-width"",""value"":""56"",""unit"":""cm|inch""},{""name"":""가슴너비"",""code"":""body-width"",""value"":""70"",""unit"":""cm|inch""},{""name"":""등 중심부터 소매까지 길이"",""code"":""sleeve-length-cb"",""value"":""91"",""unit"":""cm|inch""}]},{""name"":""3XL"",""items"":[{""name"":""전체 길이"",""code"":""body-length"",""value"":""77"",""unit"":""cm|inch""},{""name"":""어깨너비(솔기에서 솔기까지)"",""code"":""shoulder-width"",""value"":""58"",""unit"":""cm|inch""},{""name"":""가슴너비"",""code"":""body-width"",""value"":""74"",""unit"":""cm|inch""},{""name"":""등 중심부터 소매까지 길이"",""code"":""sleeve-length-cb"",""value"":""92"",""unit"":""cm|inch""}]},{""name"":""4XL"",""items"":[{""name"":""전체 길이"",""code"":""body-length"",""value"":""78"",""unit"":""cm|inch""},{""name"":""어깨너비(솔기에서 솔기까지)"",""code"":""shoulder-width"",""value"":""60"",""unit"":""cm|inch""},{""name"":""가슴너비"",""code"":""body-width"",""value"":""78"",""unit"":""cm|inch""},{""name"":""등 중심부터 소매까지 길이"",""code"":""sleeve-length-cb"",""value"":""93"",""unit"":""cm|inch""}]}]"
"2026-07-23 22:58:05 KST","유니클로","https://www.uniqlo.com/kr/ko/products/E484249-000","E484249-000","UNIQLO","남성 집업블루종 | UNIQLO KR","여성","/kr/ko/men/outerwear","아우터","outerwear","품절/일부 품절 표시 존재","API","S|M|L|XL|XXL|3XL|4XL","7","전체 길이|어깨너비(솔기에서 솔기까지)|가슴너비|등 중심부터 소매까지 길이","49","55.5","61","81.5","","","","","","","","cm|inch","","아니오","","가능","","성공","성공","성공","예","고유","men","","outerwear","","","","","","카테고리 URL 경로","[{""name"":""S"",""items"":[{""name"":""전체 길이"",""code"":""body-length"",""value"":""61"",""unit"":""cm|inch""},{""name"":""어깨너비(솔기에서 솔기까지)"",""code"":""shoulder-width"",""value"":""49"",""unit"":""cm|inch""},{""name"":""가슴너비"",""code"":""body-width"",""value"":""55.5"",""unit"":""cm|inch""},{""name"":""등 중심부터 소매까지 길이"",""code"":""sleeve-length-cb"",""value"":""81.5"",""unit"":""cm|inch""}]},{""name"":""M"",""items"":[{""name"":""전체 길이"",""code"":""body-length"",""value"":""63"",""unit"":""cm|inch""},{""name"":""어깨너비(솔기에서 솔기까지)"",""code"":""shoulder-width"",""value"":""50.5"",""unit"":""cm|inch""},{""name"":""가슴너비"",""code"":""body-width"",""value"":""58.5"",""unit"":""cm|inch""},{""name"":""등 중심부터 소매까지 길이"",""code"":""sleeve-length-cb"",""value"":""84"",""unit"":""cm|inch""}]},{""name"":""L"",""items"":[{""name"":""전체 길이"",""code"":""body-length"",""value"":""65"",""unit"":""cm|inch""},{""name"":""어깨너비(솔기에서 솔기까지)"",""code"":""shoulder-width"",""value"":""52"",""unit"":""cm|inch""},{""name"":""가슴너비"",""code"":""body-width"",""value"":""61.5"",""unit"":""cm|inch""},{""name"":""등 중심부터 소매까지 길이"",""code"":""sleeve-length-cb"",""value"":""86.5"",""unit"":""cm|inch""}]},{""name"":""XL"",""items"":[{""name"":""전체 길이"",""code"":""body-length"",""value"":""68"",""unit"":""cm|inch""},{""name"":""어깨너비(솔기에서 솔기까지)"",""code"":""shoulder-width"",""value"":""54"",""unit"":""cm|inch""},{""name"":""가슴너비"",""code"":""body-width"",""value"":""65.5"",""unit"":""cm|inch""},{""name"":""등 중심부터 소매까지 길이"",""code"":""sleeve-length-cb"",""value"":""89"",""unit"":""cm|inch""}]},{""name"":""XXL"",""items"":[{""name"":""전체 길이"",""code"":""body-length"",""value"":""69"",""unit"":""cm|inch""},{""name"":""어깨너비(솔기에서 솔기까지)"",""code"":""shoulder-width"",""value"":""56"",""unit"":""cm|inch""},{""name"":""가슴너비"",""code"":""body-width"",""value"":""69.5"",""unit"":""cm|inch""},{""name"":""등 중심부터 소매까지 길이"",""code"":""sleeve-length-cb"",""value"":""90"",""unit"":""cm|inch""}]},{""name"":""3XL"",""items"":[{""name"":""전체 길이"",""code"":""body-length"",""value"":""70"",""unit"":""cm|inch""},{""name"":""어깨너비(솔기에서 솔기까지)"",""code"":""shoulder-width"",""value"":""58"",""unit"":""cm|inch""},{""name"":""가슴너비"",""code"":""body-width"",""value"":""73.5"",""unit"":""cm|inch""},{""name"":""등 중심부터 소매까지 길이"",""code"":""sleeve-length-cb"",""value"":""91"",""unit"":""cm|inch""}]},{""name"":""4XL"",""items"":[{""name"":""전체 길이"",""code"":""body-length"",""value"":""71"",""unit"":""cm|inch""},{""name"":""어깨너비(솔기에서 솔기까지)"",""code"":""shoulder-width"",""value"":""60"",""unit"":""cm|inch""},{""name"":""가슴너비"",""code"":""body-width"",""value"":""77.5"",""unit"":""cm|inch""},{""name"":""등 중심부터 소매까지 길이"",""code"":""sleeve-length-cb"",""value"":""92"",""unit"":""cm|inch""}]}]"
"2026-07-23 22:58:06 KST","유니클로","https://www.uniqlo.com/kr/ko/products/E486167-000","E486167-000","UNIQLO","남성 윈드블럭스탠드블루종 | UNIQLO KR","여성","/kr/ko/men/outerwear","아우터","outerwear","품절/일부 품절 표시 존재","API","S|M|L|XL|XXL|3XL|4XL","7","전체 길이|가슴너비|등 중심부터 소매까지 길이","","58","64","83","","","","","","","","cm|inch","","아니오","","가능","","성공","성공","성공","예","고유","men","","outerwear","","","","","","카테고리 URL 경로","[{""name"":""S"",""items"":[{""name"":""전체 길이"",""code"":""body-length"",""value"":""64"",""unit"":""cm|inch""},{""name"":""가슴너비"",""code"":""body-width"",""value"":""58"",""unit"":""cm|inch""},{""name"":""등 중심부터 소매까지 길이"",""code"":""sleeve-length-cb"",""value"":""83"",""unit"":""cm|inch""}]},{""name"":""M"",""items"":[{""name"":""전체 길이"",""code"":""body-length"",""value"":""66"",""unit"":""cm|inch""},{""name"":""가슴너비"",""code"":""body-width"",""value"":""61"",""unit"":""cm|inch""},{""name"":""등 중심부터 소매까지 길이"",""code"":""sleeve-length-cb"",""value"":""85.5"",""unit"":""cm|inch""}]},{""name"":""L"",""items"":[{""name"":""전체 길이"",""code"":""body-length"",""value"":""68"",""unit"":""cm|inch""},{""name"":""가슴너비"",""code"":""body-width"",""value"":""64"",""unit"":""cm|inch""},{""name"":""등 중심부터 소매까지 길이"",""code"":""sleeve-length-cb"",""value"":""88"",""unit"":""cm|inch""}]},{""name"":""XL"",""items"":[{""name"":""전체 길이"",""code"":""body-length"",""value"":""71"",""unit"":""cm|inch""},{""name"":""가슴너비"",""code"":""body-width"",""value"":""68"",""unit"":""cm|inch""},{""name"":""등 중심부터 소매까지 길이"",""code"":""sleeve-length-cb"",""value"":""90.5"",""unit"":""cm|inch""}]},{""name"":""XXL"",""items"":[{""name"":""전체 길이"",""code"":""body-length"",""value"":""72"",""unit"":""cm|inch""},{""name"":""가슴너비"",""code"":""body-width"",""value"":""72"",""unit"":""cm|inch""},{""name"":""등 중심부터 소매까지 길이"",""code"":""sleeve-length-cb"",""value"":""91.5"",""unit"":""cm|inch""}]},{""name"":""3XL"",""items"":[{""name"":""전체 길이"",""code"":""body-length"",""value"":""73"",""unit"":""cm|inch""},{""name"":""가슴너비"",""code"":""body-width"",""value"":""76"",""unit"":""cm|inch""},{""name"":""등 중심부터 소매까지 길이"",""code"":""sleeve-length-cb"",""value"":""92.5"",""unit"":""cm|inch""}]},{""name"":""4XL"",""items"":[{""name"":""전체 길이"",""code"":""body-length"",""value"":""74"",""unit"":""cm|inch""},{""name"":""가슴너비"",""code"":""body-width"",""value"":""80"",""unit"":""cm|inch""},{""name"":""등 중심부터 소매까지 길이"",""code"":""sleeve-length-cb"",""value"":""93.5"",""unit"":""cm|inch""}]}]"
"2026-07-23 22:58:08 KST","유니클로","https://www.uniqlo.com/kr/ko/products/E482443-000","E482443-000","UNIQLO","젠더리스 코튼리넨셔츠재킷 | UNIQLO KR","여성","/kr/ko/men/outerwear","아우터","outerwear","품절/일부 품절 표시 존재","API","S|M|L|XL|XXL|3XL|4XL","7","전체 길이|어깨너비(솔기에서 솔기까지)|가슴너비|등 중심부터 소매까지 길이|목둘레","48","55","66","81.5","","","","","","","목둘레","cm|inch","","아니오","","가능","","성공","성공","성공","예","고유","men","","outerwear","","","","","","카테고리 URL 경로","[{""name"":""S"",""items"":[{""name"":""전체 길이"",""code"":""body-length"",""value"":""66"",""unit"":""cm|inch""},{""name"":""어깨너비(솔기에서 솔기까지)"",""code"":""shoulder-width"",""value"":""48"",""unit"":""cm|inch""},{""name"":""가슴너비"",""code"":""body-width"",""value"":""55"",""unit"":""cm|inch""},{""name"":""등 중심부터 소매까지 길이"",""code"":""sleeve-length-cb"",""value"":""81.5"",""unit"":""cm|inch""},{""name"":""목둘레"",""code"":""neck-circumference"",""value"":""38.5"",""unit"":""cm|inch""}]},{""name"":""M"",""items"":[{""name"":""전체 길이"",""code"":""body-length"",""value"":""68"",""unit"":""cm|inch""},{""name"":""어깨너비(솔기에서 솔기까지)"",""code"":""shoulder-width"",""value"":""49.5"",""unit"":""cm|inch""},{""name"":""가슴너비"",""code"":""body-width"",""value"":""58"",""unit"":""cm|inch""},{""name"":""등 중심부터 소매까지 길이"",""code"":""sleeve-length-cb"",""value"":""84"",""unit"":""cm|inch""},{""name"":""목둘레"",""code"":""neck-circumference"",""value"":""40.5"",""unit"":""cm|inch""}]},{""name"":""L"",""items"":[{""name"":""전체 길이"",""code"":""body-length"",""value"":""70"",""unit"":""cm|inch""},{""name"":""어깨너비(솔기에서 솔기까지)"",""code"":""shoulder-width"",""value"":""51"",""unit"":""cm|inch""},{""name"":""가슴너비"",""code"":""body-width"",""value"":""61"",""unit"":""cm|inch""},{""name"":""등 중심부터 소매까지 길이"",""code"":""sleeve-length-cb"",""value"":""86.5"",""unit"":""cm|inch""},{""name"":""목둘레"",""code"":""neck-circumference"",""value"":""42.5"",""unit"":""cm|inch""}]},{""name"":""XL"",""items"":[{""name"":""전체 길이"",""code"":""body-length"",""value"":""73"",""unit"":""cm|inch""},{""name"":""어깨너비(솔기에서 솔기까지)"",""code"":""shoulder-width"",""value"":""53"",""unit"":""cm|inch""},{""name"":""가슴너비"",""code"":""body-width"",""value"":""65"",""unit"":""cm|inch""},{""name"":""등 중심부터 소매까지 길이"",""code"":""sleeve-length-cb"",""value"":""89"",""unit"":""cm|inch""},{""name"":""목둘레"",""code"":""neck-circumference"",""value"":""45"",""unit"":""cm|inch""}]},{""name"":""XXL"",""items"":[{""name"":""전체 길이"",""code"":""body-length"",""value"":""74"",""unit"":""cm|inch""},{""name"":""어깨너비(솔기에서 솔기까지)"",""code"":""shoulder-width"",""value"":""55"",""unit"":""cm|inch""},{""name"":""가슴너비"",""code"":""body-width"",""value"":""69"",""unit"":""cm|inch""},{""name"":""등 중심부터 소매까지 길이"",""code"":""sleeve-length-cb"",""value"":""91"",""unit"":""cm|inch""},{""name"":""목둘레"",""code"":""neck-circumference"",""value"":""47"",""unit"":""cm|inch""}]},{""name"":""3XL"",""items"":[{""name"":""전체 길이"",""code"":""body-length"",""value"":""75"",""unit"":""cm|inch""},{""name"":""어깨너비(솔기에서 솔기까지)"",""code"":""shoulder-width"",""value"":""57"",""unit"":""cm|inch""},{""name"":""가슴너비"",""code"":""body-width"",""value"":""73"",""unit"":""cm|inch""},{""name"":""등 중심부터 소매까지 길이"",""code"":""sleeve-length-cb"",""value"":""92"",""unit"":""cm|inch""},{""name"":""목둘레"",""code"":""neck-circumference"",""value"":""49"",""unit"":""cm|inch""}]},{""name"":""4XL"",""items"":[{""name"":""전체 길이"",""code"":""body-length"",""value"":""76"",""unit"":""cm|inch""},{""name"":""어깨너비(솔기에서 솔기까지)"",""code"":""shoulder-width"",""value"":""59"",""unit"":""cm|inch""},{""name"":""가슴너비"",""code"":""body-width"",""value"":""77"",""unit"":""cm|inch""},{""name"":""등 중심부터 소매까지 길이"",""code"":""sleeve-length-cb"",""value"":""93"",""unit"":""cm|inch""},{""name"":""목둘레"",""code"":""neck-circumference"",""value"":""51.5"",""unit"":""cm|inch""}]}]"
"2026-07-23 22:58:09 KST","유니클로","https://www.uniqlo.com/kr/ko/products/E465203-000","E465203-000","UNIQLO","남성 DRY-EX UV PROTECTION풀집파카 | UNIQLO KR","여성","/kr/ko/men/outerwear","아우터","outerwear","품절/일부 품절 표시 존재","API","XS|S|M|L|XL|XXL|3XL|4XL","8","전체 길이|가슴너비|등 중심부터 소매까지 길이","","48","63","81.5","","","","","","","","cm|inch","","아니오","","가능","","성공","성공","성공","예","고유","men","","outerwear","","","","","","카테고리 URL 경로","[{""name"":""XS"",""items"":[{""name"":""전체 길이"",""code"":""body-length-back"",""value"":""63"",""unit"":""cm|inch""},{""name"":""가슴너비"",""code"":""body-width"",""value"":""48"",""unit"":""cm|inch""},{""name"":""등 중심부터 소매까지 길이"",""code"":""sleeve-length-cb"",""value"":""81.5"",""unit"":""cm|inch""}]},{""name"":""S"",""items"":[{""name"":""전체 길이"",""code"":""body-length-back"",""value"":""65"",""unit"":""cm|inch""},{""name"":""가슴너비"",""code"":""body-width"",""value"":""51"",""unit"":""cm|inch""},{""name"":""등 중심부터 소매까지 길이"",""code"":""sleeve-length-cb"",""value"":""83"",""unit"":""cm|inch""}]},{""name"":""M"",""items"":[{""name"":""전체 길이"",""code"":""body-length-back"",""value"":""68"",""unit"":""cm|inch""},{""name"":""가슴너비"",""code"":""body-width"",""value"":""54"",""unit"":""cm|inch""},{""name"":""등 중심부터 소매까지 길이"",""code"":""sleeve-length-cb"",""value"":""85.5"",""unit"":""cm|inch""}]},{""name"":""L"",""items"":[{""name"":""전체 길이"",""code"":""body-length-back"",""value"":""71"",""unit"":""cm|inch""},{""name"":""가슴너비"",""code"":""body-width"",""value"":""57"",""unit"":""cm|inch""},{""name"":""등 중심부터 소매까지 길이"",""code"":""sleeve-length-cb"",""value"":""88"",""unit"":""cm|inch""}]},{""name"":""XL"",""items"":[{""name"":""전체 길이"",""code"":""body-length-back"",""value"":""74"",""unit"":""cm|inch""},{""name"":""가슴너비"",""code"":""body-width"",""value"":""61"",""unit"":""cm|inch""},{""name"":""등 중심부터 소매까지 길이"",""code"":""sleeve-length-cb"",""value"":""90.5"",""unit"":""cm|inch""}]},{""name"":""XXL"",""items"":[{""name"":""전체 길이"",""code"":""body-length-back"",""value"":""76"",""unit"":""cm|inch""},{""name"":""가슴너비"",""code"":""body-width"",""value"":""65"",""unit"":""cm|inch""},{""name"":""등 중심부터 소매까지 길이"",""code"":""sleeve-length-cb"",""value"":""91.5"",""unit"":""cm|inch""}]},{""name"":""3XL"",""items"":[{""name"":""전체 길이"",""code"":""body-length-back"",""value"":""76"",""unit"":""cm|inch""},{""name"":""가슴너비"",""code"":""body-width"",""value"":""69"",""unit"":""cm|inch""},{""name"":""등 중심부터 소매까지 길이"",""code"":""sleeve-length-cb"",""value"":""92.5"",""unit"":""cm|inch""}]},{""name"":""4XL"",""items"":[{""name"":""전체 길이"",""code"":""body-length-back"",""value"":""76.5"",""unit"":""cm|inch""},{""name"":""가슴너비"",""code"":""body-width"",""value"":""73"",""unit"":""cm|inch""},{""name"":""등 중심부터 소매까지 길이"",""code"":""sleeve-length-cb"",""value"":""93.5"",""unit"":""cm|inch""}]}]"
"2026-07-23 22:58:10 KST","유니클로","https://www.uniqlo.com/kr/ko/products/E483975-000","E483975-000","UNIQLO","남성 DRY-EX UV PROTECTION풀집파카(프린트) | UNIQLO KR","여성","/kr/ko/men/outerwear","아우터","outerwear","품절/일부 품절 표시 존재","API","XS|S|M|L|XL|XXL|3XL|4XL","8","전체 길이|가슴너비|등 중심부터 소매까지 길이","","48","63","81.5","","","","","","","","cm|inch","","아니오","","가능","","성공","성공","성공","예","고유","men","","outerwear","","","","","","카테고리 URL 경로","[{""name"":""XS"",""items"":[{""name"":""전체 길이"",""code"":""body-length-back"",""value"":""63"",""unit"":""cm|inch""},{""name"":""가슴너비"",""code"":""body-width"",""value"":""48"",""unit"":""cm|inch""},{""name"":""등 중심부터 소매까지 길이"",""code"":""sleeve-length-cb"",""value"":""81.5"",""unit"":""cm|inch""}]},{""name"":""S"",""items"":[{""name"":""전체 길이"",""code"":""body-length-back"",""value"":""65"",""unit"":""cm|inch""},{""name"":""가슴너비"",""code"":""body-width"",""value"":""51"",""unit"":""cm|inch""},{""name"":""등 중심부터 소매까지 길이"",""code"":""sleeve-length-cb"",""value"":""83"",""unit"":""cm|inch""}]},{""name"":""M"",""items"":[{""name"":""전체 길이"",""code"":""body-length-back"",""value"":""68"",""unit"":""cm|inch""},{""name"":""가슴너비"",""code"":""body-width"",""value"":""54"",""unit"":""cm|inch""},{""name"":""등 중심부터 소매까지 길이"",""code"":""sleeve-length-cb"",""value"":""85.5"",""unit"":""cm|inch""}]},{""name"":""L"",""items"":[{""name"":""전체 길이"",""code"":""body-length-back"",""value"":""71"",""unit"":""cm|inch""},{""name"":""가슴너비"",""code"":""body-width"",""value"":""57"",""unit"":""cm|inch""},{""name"":""등 중심부터 소매까지 길이"",""code"":""sleeve-length-cb"",""value"":""88"",""unit"":""cm|inch""}]},{""name"":""XL"",""items"":[{""name"":""전체 길이"",""code"":""body-length-back"",""value"":""74"",""unit"":""cm|inch""},{""name"":""가슴너비"",""code"":""body-width"",""value"":""61"",""unit"":""cm|inch""},{""name"":""등 중심부터 소매까지 길이"",""code"":""sleeve-length-cb"",""value"":""90.5"",""unit"":""cm|inch""}]},{""name"":""XXL"",""items"":[{""name"":""전체 길이"",""code"":""body-length-back"",""value"":""76"",""unit"":""cm|inch""},{""name"":""가슴너비"",""code"":""body-width"",""value"":""65"",""unit"":""cm|inch""},{""name"":""등 중심부터 소매까지 길이"",""code"":""sleeve-length-cb"",""value"":""91.5"",""unit"":""cm|inch""}]},{""name"":""3XL"",""items"":[{""name"":""전체 길이"",""code"":""body-length-back"",""value"":""76"",""unit"":""cm|inch""},{""name"":""가슴너비"",""code"":""body-width"",""value"":""69"",""unit"":""cm|inch""},{""name"":""등 중심부터 소매까지 길이"",""code"":""sleeve-length-cb"",""value"":""92.5"",""unit"":""cm|inch""}]},{""name"":""4XL"",""items"":[{""name"":""전체 길이"",""code"":""body-length-back"",""value"":""76.5"",""unit"":""cm|inch""},{""name"":""가슴너비"",""code"":""body-width"",""value"":""73"",""unit"":""cm|inch""},{""name"":""등 중심부터 소매까지 길이"",""code"":""sleeve-length-cb"",""value"":""93.5"",""unit"":""cm|inch""}]}]"
"2026-07-23 22:58:12 KST","유니클로","https://www.uniqlo.com/kr/ko/products/E469956-000","E469956-000","UNIQLO","젠더리스 후리스풀집재킷(컬러블록) | UNIQLO KR","여성","/kr/ko/men/outerwear","아우터","outerwear","품절/일부 품절 표시 존재","API","XS|S|M|L|XL|XXL|3XL|4XL","8","전체 길이|어깨너비(솔기에서 솔기까지)|가슴너비|등 중심부터 소매까지 길이","45.5","50","63.5","78","","","","","","","","cm|inch","","아니오","","가능","","성공","성공","성공","예","고유","men","","outerwear","","","","","","카테고리 URL 경로","[{""name"":""XS"",""items"":[{""name"":""전체 길이"",""code"":""body-length-back"",""value"":""63.5"",""unit"":""cm|inch""},{""name"":""어깨너비(솔기에서 솔기까지)"",""code"":""shoulder-width"",""value"":""45.5"",""unit"":""cm|inch""},{""name"":""가슴너비"",""code"":""body-width"",""value"":""50"",""unit"":""cm|inch""},{""name"":""등 중심부터 소매까지 길이"",""code"":""sleeve-length-cb"",""value"":""78"",""unit"":""cm|inch""}]},{""name"":""S"",""items"":[{""name"":""전체 길이"",""code"":""body-length-back"",""value"":""65.5"",""unit"":""cm|inch""},{""name"":""어깨너비(솔기에서 솔기까지)"",""code"":""shoulder-width"",""value"":""47"",""unit"":""cm|inch""},{""name"":""가슴너비"",""code"":""body-width"",""value"":""53"",""unit"":""cm|inch""},{""name"":""등 중심부터 소매까지 길이"",""code"":""sleeve-length-cb"",""value"":""79.5"",""unit"":""cm|inch""}]},{""name"":""M"",""items"":[{""name"":""전체 길이"",""code"":""body-length-back"",""value"":""67.5"",""unit"":""cm|inch""},{""name"":""어깨너비(솔기에서 솔기까지)"",""code"":""shoulder-width"",""value"":""48.5"",""unit"":""cm|inch""},{""name"":""가슴너비"",""code"":""body-width"",""value"":""56"",""unit"":""cm|inch""},{""name"":""등 중심부터 소매까지 길이"",""code"":""sleeve-length-cb"",""value"":""82"",""unit"":""cm|inch""}]},{""name"":""L"",""items"":[{""name"":""전체 길이"",""code"":""body-length-back"",""value"":""69.5"",""unit"":""cm|inch""},{""name"":""어깨너비(솔기에서 솔기까지)"",""code"":""shoulder-width"",""value"":""50"",""unit"":""cm|inch""},{""name"":""가슴너비"",""code"":""body-width"",""value"":""59"",""unit"":""cm|inch""},{""name"":""등 중심부터 소매까지 길이"",""code"":""sleeve-length-cb"",""value"":""84.5"",""unit"":""cm|inch""}]},{""name"":""XL"",""items"":[{""name"":""전체 길이"",""code"":""body-length-back"",""value"":""72.5"",""unit"":""cm|inch""},{""name"":""어깨너비(솔기에서 솔기까지)"",""code"":""shoulder-width"",""value"":""52"",""unit"":""cm|inch""},{""name"":""가슴너비"",""code"":""body-width"",""value"":""63"",""unit"":""cm|inch""},{""name"":""등 중심부터 소매까지 길이"",""code"":""sleeve-length-cb"",""value"":""87"",""unit"":""cm|inch""}]},{""name"":""XXL"",""items"":[{""name"":""전체 길이"",""code"":""body-length-back"",""value"":""74.5"",""unit"":""cm|inch""},{""name"":""어깨너비(솔기에서 솔기까지)"",""code"":""shoulder-width"",""value"":""54"",""unit"":""cm|inch""},{""name"":""가슴너비"",""code"":""body-width"",""value"":""67"",""unit"":""cm|inch""},{""name"":""등 중심부터 소매까지 길이"",""code"":""sleeve-length-cb"",""value"":""88"",""unit"":""cm|inch""}]},{""name"":""3XL"",""items"":[{""name"":""전체 길이"",""code"":""body-length-back"",""value"":""74.5"",""unit"":""cm|inch""},{""name"":""어깨너비(솔기에서 솔기까지)"",""code"":""shoulder-width"",""value"":""56"",""unit"":""cm|inch""},{""name"":""가슴너비"",""code"":""body-width"",""value"":""71"",""unit"":""cm|inch""},{""name"":""등 중심부터 소매까지 길이"",""code"":""sleeve-length-cb"",""value"":""89"",""unit"":""cm|inch""}]},{""name"":""4XL"",""items"":[{""name"":""전체 길이"",""code"":""body-length-back"",""value"":""75"",""unit"":""cm|inch""},{""name"":""어깨너비(솔기에서 솔기까지)"",""code"":""shoulder-width"",""value"":""58"",""unit"":""cm|inch""},{""name"":""가슴너비"",""code"":""body-width"",""value"":""75"",""unit"":""cm|inch""},{""name"":""등 중심부터 소매까지 길이"",""code"":""sleeve-length-cb"",""value"":""90"",""unit"":""cm|inch""}]}]"
"2026-07-23 22:58:13 KST","유니클로","https://www.uniqlo.com/kr/ko/products/E450195-000","E450195-000","UNIQLO","젠더리스 후리스풀집재킷 | UNIQLO KR","여성","/kr/ko/men/outerwear","아우터","outerwear","품절/일부 품절 표시 존재","API","XS|S|M|L|XL|XXL|3XL|4XL","8","전체 길이|가슴너비|등 중심부터 소매까지 길이","","50","63.5","78","","","","","","","","cm|inch","","아니오","","가능","","성공","성공","성공","예","고유","men","","outerwear","","","","","","카테고리 URL 경로","[{""name"":""XS"",""items"":[{""name"":""전체 길이"",""code"":""body-length-back"",""value"":""63.5"",""unit"":""cm|inch""},{""name"":""가슴너비"",""code"":""body-width"",""value"":""50"",""unit"":""cm|inch""},{""name"":""등 중심부터 소매까지 길이"",""code"":""sleeve-length-cb"",""value"":""78"",""unit"":""cm|inch""}]},{""name"":""S"",""items"":[{""name"":""전체 길이"",""code"":""body-length-back"",""value"":""65.5"",""unit"":""cm|inch""},{""name"":""가슴너비"",""code"":""body-width"",""value"":""53"",""unit"":""cm|inch""},{""name"":""등 중심부터 소매까지 길이"",""code"":""sleeve-length-cb"",""value"":""79.5"",""unit"":""cm|inch""}]},{""name"":""M"",""items"":[{""name"":""전체 길이"",""code"":""body-length-back"",""value"":""67.5"",""unit"":""cm|inch""},{""name"":""가슴너비"",""code"":""body-width"",""value"":""56"",""unit"":""cm|inch""},{""name"":""등 중심부터 소매까지 길이"",""code"":""sleeve-length-cb"",""value"":""82"",""unit"":""cm|inch""}]},{""name"":""L"",""items"":[{""name"":""전체 길이"",""code"":""body-length-back"",""value"":""69.5"",""unit"":""cm|inch""},{""name"":""가슴너비"",""code"":""body-width"",""value"":""59"",""unit"":""cm|inch""},{""name"":""등 중심부터 소매까지 길이"",""code"":""sleeve-length-cb"",""value"":""84.5"",""unit"":""cm|inch""}]},{""name"":""XL"",""items"":[{""name"":""전체 길이"",""code"":""body-length-back"",""value"":""72.5"",""unit"":""cm|inch""},{""name"":""가슴너비"",""code"":""body-width"",""value"":""63"",""unit"":""cm|inch""},{""name"":""등 중심부터 소매까지 길이"",""code"":""sleeve-length-cb"",""value"":""87"",""unit"":""cm|inch""}]},{""name"":""XXL"",""items"":[{""name"":""전체 길이"",""code"":""body-length-back"",""value"":""75"",""unit"":""cm|inch""},{""name"":""가슴너비"",""code"":""body-width"",""value"":""67"",""unit"":""cm|inch""},{""name"":""등 중심부터 소매까지 길이"",""code"":""sleeve-length-cb"",""value"":""88"",""unit"":""cm|inch""}]},{""name"":""3XL"",""items"":[{""name"":""전체 길이"",""code"":""body-length-back"",""value"":""75"",""unit"":""cm|inch""},{""name"":""가슴너비"",""code"":""body-width"",""value"":""71"",""unit"":""cm|inch""},{""name"":""등 중심부터 소매까지 길이"",""code"":""sleeve-length-cb"",""value"":""89"",""unit"":""cm|inch""}]},{""name"":""4XL"",""items"":[{""name"":""전체 길이"",""code"":""body-length-back"",""value"":""75"",""unit"":""cm|inch""},{""name"":""가슴너비"",""code"":""body-width"",""value"":""75"",""unit"":""cm|inch""},{""name"":""등 중심부터 소매까지 길이"",""code"":""sleeve-length-cb"",""value"":""90"",""unit"":""cm|inch""}]}]"
"2026-07-23 22:58:15 KST","유니클로","https://www.uniqlo.com/kr/ko/products/E448034-000","E448034-000","UNIQLO","남성 감탄재킷 | UNIQLO KR","여성","/kr/ko/men/outerwear","아우터","outerwear","품절/일부 품절 표시 존재","API","XS|S|M|L|XL|XXL|3XL|4XL","8","전체 길이|어깨너비(솔기에서 솔기까지)|가슴너비|소매 길이|등 중심부터 소매까지 길이","43","49","66","57","","","","","","","","cm|inch","","아니오","","가능","","성공","성공","성공","예","고유","men","","outerwear","","","","","","카테고리 URL 경로","[{""name"":""XS"",""items"":[{""name"":""전체 길이"",""code"":""body-length"",""value"":""66"",""unit"":""cm|inch""},{""name"":""어깨너비(솔기에서 솔기까지)"",""code"":""shoulder-width"",""value"":""43"",""unit"":""cm|inch""},{""name"":""가슴너비"",""code"":""body-width"",""value"":""49"",""unit"":""cm|inch""},{""name"":""소매 길이"",""code"":""sleeve-length"",""value"":""57"",""unit"":""cm|inch""},{""name"":""등 중심부터 소매까지 길이"",""code"":""sleeve-length-cb"",""value"":""78.5"",""unit"":""cm|inch""}]},{""name"":""S"",""items"":[{""name"":""전체 길이"",""code"":""body-length"",""value"":""68"",""unit"":""cm|inch""},{""name"":""어깨너비(솔기에서 솔기까지)"",""code"":""shoulder-width"",""value"":""44.5"",""unit"":""cm|inch""},{""name"":""가슴너비"",""code"":""body-width"",""value"":""51"",""unit"":""cm|inch""},{""name"":""소매 길이"",""code"":""sleeve-length"",""value"":""58.5"",""unit"":""cm|inch""},{""name"":""등 중심부터 소매까지 길이"",""code"":""sleeve-length-cb"",""value"":""80.5"",""unit"":""cm|inch""}]},{""name"":""M"",""items"":[{""name"":""전체 길이"",""code"":""body-length"",""value"":""70"",""unit"":""cm|inch""},{""name"":""어깨너비(솔기에서 솔기까지)"",""code"":""shoulder-width"",""value"":""45.5"",""unit"":""cm|inch""},{""name"":""가슴너비"",""code"":""body-width"",""value"":""53"",""unit"":""cm|inch""},{""name"":""소매 길이"",""code"":""sleeve-length"",""value"":""60"",""unit"":""cm|inch""},{""name"":""등 중심부터 소매까지 길이"",""code"":""sleeve-length-cb"",""value"":""83"",""unit"":""cm|inch""}]},{""name"":""L"",""items"":[{""name"":""전체 길이"",""code"":""body-length"",""value"":""72"",""unit"":""cm|inch""},{""name"":""어깨너비(솔기에서 솔기까지)"",""code"":""shoulder-width"",""value"":""47"",""unit"":""cm|inch""},{""name"":""가슴너비"",""code"":""body-width"",""value"":""55"",""unit"":""cm|inch""},{""name"":""소매 길이"",""code"":""sleeve-length"",""value"":""62"",""unit"":""cm|inch""},{""name"":""등 중심부터 소매까지 길이"",""code"":""sleeve-length-cb"",""value"":""85.5"",""unit"":""cm|inch""}]},{""name"":""XL"",""items"":[{""name"":""전체 길이"",""code"":""body-length"",""value"":""75"",""unit"":""cm|inch""},{""name"":""어깨너비(솔기에서 솔기까지)"",""code"":""shoulder-width"",""value"":""49.5"",""unit"":""cm|inch""},{""name"":""가슴너비"",""code"":""body-width"",""value"":""59"",""unit"":""cm|inch""},{""name"":""소매 길이"",""code"":""sleeve-length"",""value"":""63"",""unit"":""cm|inch""},{""name"":""등 중심부터 소매까지 길이"",""code"":""sleeve-length-cb"",""value"":""88"",""unit"":""cm|inch""}]},{""name"":""XXL"",""items"":[{""name"":""전체 길이"",""code"":""body-length"",""value"":""76"",""unit"":""cm|inch""},{""name"":""어깨너비(솔기에서 솔기까지)"",""code"":""shoulder-width"",""value"":""52"",""unit"":""cm|inch""},{""name"":""가슴너비"",""code"":""body-width"",""value"":""63"",""unit"":""cm|inch""},{""name"":""소매 길이"",""code"":""sleeve-length"",""value"":""64"",""unit"":""cm|inch""},{""name"":""등 중심부터 소매까지 길이"",""code"":""sleeve-length-cb"",""value"":""90"",""unit"":""cm|inch""}]},{""name"":""3XL"",""items"":[{""name"":""전체 길이"",""code"":""body-length"",""value"":""77"",""unit"":""cm|inch""},{""name"":""어깨너비(솔기에서 솔기까지)"",""code"":""shoulder-width"",""value"":""55"",""unit"":""cm|inch""},{""name"":""가슴너비"",""code"":""body-width"",""value"":""67"",""unit"":""cm|inch""},{""name"":""소매 길이"",""code"":""sleeve-length"",""value"":""64"",""unit"":""cm|inch""},{""name"":""등 중심부터 소매까지 길이"",""code"":""sleeve-length-cb"",""value"":""91.5"",""unit"":""cm|inch""}]},{""name"":""4XL"",""items"":[{""name"":""전체 길이"",""code"":""body-length"",""value"":""78"",""unit"":""cm|inch""},{""name"":""어깨너비(솔기에서 솔기까지)"",""code"":""shoulder-width"",""value"":""57.5"",""unit"":""cm|inch""},{""name"":""가슴너비"",""code"":""body-width"",""value"":""71"",""unit"":""cm|inch""},{""name"":""소매 길이"",""code"":""sleeve-length"",""value"":""64.5"",""unit"":""cm|inch""},{""name"":""등 중심부터 소매까지 길이"",""code"":""sleeve-length-cb"",""value"":""93"",""unit"":""cm|inch""}]}]"
"2026-07-23 22:58:16 KST","유니클로","https://www.uniqlo.com/kr/ko/products/E468671-000","E468671-000","UNIQLO","남성 감탄재킷(패턴) | UNIQLO KR","여성","/kr/ko/men/outerwear","아우터","outerwear","품절/일부 품절 표시 존재","API","S|M|L|XL|XXL|3XL|4XL","7","전체 길이|어깨너비(솔기에서 솔기까지)|가슴너비|소매 길이|등 중심부터 소매까지 길이","44.5","51","68","58.5","","","","","","","","cm|inch","","아니오","","가능","","성공","성공","성공","예","고유","men","","outerwear","","","","","","카테고리 URL 경로","[{""name"":""S"",""items"":[{""name"":""전체 길이"",""code"":""body-length"",""value"":""68"",""unit"":""cm|inch""},{""name"":""어깨너비(솔기에서 솔기까지)"",""code"":""shoulder-width"",""value"":""44.5"",""unit"":""cm|inch""},{""name"":""가슴너비"",""code"":""body-width"",""value"":""51"",""unit"":""cm|inch""},{""name"":""소매 길이"",""code"":""sleeve-length"",""value"":""58.5"",""unit"":""cm|inch""},{""name"":""등 중심부터 소매까지 길이"",""code"":""sleeve-length-cb"",""value"":""80.5"",""unit"":""cm|inch""}]},{""name"":""M"",""items"":[{""name"":""전체 길이"",""code"":""body-length"",""value"":""70"",""unit"":""cm|inch""},{""name"":""어깨너비(솔기에서 솔기까지)"",""code"":""shoulder-width"",""value"":""45.5"",""unit"":""cm|inch""},{""name"":""가슴너비"",""code"":""body-width"",""value"":""53"",""unit"":""cm|inch""},{""name"":""소매 길이"",""code"":""sleeve-length"",""value"":""60"",""unit"":""cm|inch""},{""name"":""등 중심부터 소매까지 길이"",""code"":""sleeve-length-cb"",""value"":""83"",""unit"":""cm|inch""}]},{""name"":""L"",""items"":[{""name"":""전체 길이"",""code"":""body-length"",""value"":""72"",""unit"":""cm|inch""},{""name"":""어깨너비(솔기에서 솔기까지)"",""code"":""shoulder-width"",""value"":""47"",""unit"":""cm|inch""},{""name"":""가슴너비"",""code"":""body-width"",""value"":""55"",""unit"":""cm|inch""},{""name"":""소매 길이"",""code"":""sleeve-length"",""value"":""62"",""unit"":""cm|inch""},{""name"":""등 중심부터 소매까지 길이"",""code"":""sleeve-length-cb"",""value"":""85.5"",""unit"":""cm|inch""}]},{""name"":""XL"",""items"":[{""name"":""전체 길이"",""code"":""body-length"",""value"":""75"",""unit"":""cm|inch""},{""name"":""어깨너비(솔기에서 솔기까지)"",""code"":""shoulder-width"",""value"":""49.5"",""unit"":""cm|inch""},{""name"":""가슴너비"",""code"":""body-width"",""value"":""59"",""unit"":""cm|inch""},{""name"":""소매 길이"",""code"":""sleeve-length"",""value"":""63"",""unit"":""cm|inch""},{""name"":""등 중심부터 소매까지 길이"",""code"":""sleeve-length-cb"",""value"":""88"",""unit"":""cm|inch""}]},{""name"":""XXL"",""items"":[{""name"":""전체 길이"",""code"":""body-length"",""value"":""76"",""unit"":""cm|inch""},{""name"":""어깨너비(솔기에서 솔기까지)"",""code"":""shoulder-width"",""value"":""52"",""unit"":""cm|inch""},{""name"":""가슴너비"",""code"":""body-width"",""value"":""63"",""unit"":""cm|inch""},{""name"":""소매 길이"",""code"":""sleeve-length"",""value"":""64"",""unit"":""cm|inch""},{""name"":""등 중심부터 소매까지 길이"",""code"":""sleeve-length-cb"",""value"":""90"",""unit"":""cm|inch""}]},{""name"":""3XL"",""items"":[{""name"":""전체 길이"",""code"":""body-length"",""value"":""77"",""unit"":""cm|inch""},{""name"":""어깨너비(솔기에서 솔기까지)"",""code"":""shoulder-width"",""value"":""55"",""unit"":""cm|inch""},{""name"":""가슴너비"",""code"":""body-width"",""value"":""67"",""unit"":""cm|inch""},{""name"":""소매 길이"",""code"":""sleeve-length"",""value"":""64"",""unit"":""cm|inch""},{""name"":""등 중심부터 소매까지 길이"",""code"":""sleeve-length-cb"",""value"":""91.5"",""unit"":""cm|inch""}]},{""name"":""4XL"",""items"":[{""name"":""전체 길이"",""code"":""body-length"",""value"":""78"",""unit"":""cm|inch""},{""name"":""어깨너비(솔기에서 솔기까지)"",""code"":""shoulder-width"",""value"":""57.5"",""unit"":""cm|inch""},{""name"":""가슴너비"",""code"":""body-width"",""value"":""71"",""unit"":""cm|inch""},{""name"":""소매 길이"",""code"":""sleeve-length"",""value"":""64.5"",""unit"":""cm|inch""},{""name"":""등 중심부터 소매까지 길이"",""code"":""sleeve-length-cb"",""value"":""93"",""unit"":""cm|inch""}]}]"
"2026-07-23 22:58:17 KST","유니클로","https://www.uniqlo.com/kr/ko/products/E477704-000","E477704-000","UNIQLO","젠더리스 감탄블레이저 | UNIQLO KR","여성","/kr/ko/men/outerwear","아우터","outerwear","품절/일부 품절 표시 존재","API","S|M|L|XL|XXL|3XL|4XL","7","전체 길이|어깨너비(솔기에서 솔기까지)|가슴너비|등 중심부터 소매까지 길이","44.5","51.5","69","80.5","","","","","","","","cm|inch","","아니오","","가능","","성공","성공","성공","예","고유","men","","outerwear","","","","","","카테고리 URL 경로","[{""name"":""S"",""items"":[{""name"":""전체 길이"",""code"":""body-length"",""value"":""69"",""unit"":""cm|inch""},{""name"":""어깨너비(솔기에서 솔기까지)"",""code"":""shoulder-width"",""value"":""44.5"",""unit"":""cm|inch""},{""name"":""가슴너비"",""code"":""body-width"",""value"":""51.5"",""unit"":""cm|inch""},{""name"":""등 중심부터 소매까지 길이"",""code"":""sleeve-length-cb"",""value"":""80.5"",""unit"":""cm|inch""}]},{""name"":""M"",""items"":[{""name"":""전체 길이"",""code"":""body-length"",""value"":""71"",""unit"":""cm|inch""},{""name"":""어깨너비(솔기에서 솔기까지)"",""code"":""shoulder-width"",""value"":""45.5"",""unit"":""cm|inch""},{""name"":""가슴너비"",""code"":""body-width"",""value"":""53.5"",""unit"":""cm|inch""},{""name"":""등 중심부터 소매까지 길이"",""code"":""sleeve-length-cb"",""value"":""83"",""unit"":""cm|inch""}]},{""name"":""L"",""items"":[{""name"":""전체 길이"",""code"":""body-length"",""value"":""73"",""unit"":""cm|inch""},{""name"":""어깨너비(솔기에서 솔기까지)"",""code"":""shoulder-width"",""value"":""47"",""unit"":""cm|inch""},{""name"":""가슴너비"",""code"":""body-width"",""value"":""55.5"",""unit"":""cm|inch""},{""name"":""등 중심부터 소매까지 길이"",""code"":""sleeve-length-cb"",""value"":""85.5"",""unit"":""cm|inch""}]},{""name"":""XL"",""items"":[{""name"":""전체 길이"",""code"":""body-length"",""value"":""76"",""unit"":""cm|inch""},{""name"":""어깨너비(솔기에서 솔기까지)"",""code"":""shoulder-width"",""value"":""49.5"",""unit"":""cm|inch""},{""name"":""가슴너비"",""code"":""body-width"",""value"":""59.5"",""unit"":""cm|inch""},{""name"":""등 중심부터 소매까지 길이"",""code"":""sleeve-length-cb"",""value"":""88"",""unit"":""cm|inch""}]},{""name"":""XXL"",""items"":[{""name"":""전체 길이"",""code"":""body-length"",""value"":""77"",""unit"":""cm|inch""},{""name"":""어깨너비(솔기에서 솔기까지)"",""code"":""shoulder-width"",""value"":""52"",""unit"":""cm|inch""},{""name"":""가슴너비"",""code"":""body-width"",""value"":""63.5"",""unit"":""cm|inch""},{""name"":""등 중심부터 소매까지 길이"",""code"":""sleeve-length-cb"",""value"":""90"",""unit"":""cm|inch""}]},{""name"":""3XL"",""items"":[{""name"":""전체 길이"",""code"":""body-length"",""value"":""78"",""unit"":""cm|inch""},{""name"":""어깨너비(솔기에서 솔기까지)"",""code"":""shoulder-width"",""value"":""55"",""unit"":""cm|inch""},{""name"":""가슴너비"",""code"":""body-width"",""value"":""67.5"",""unit"":""cm|inch""},{""name"":""등 중심부터 소매까지 길이"",""code"":""sleeve-length-cb"",""value"":""91.5"",""unit"":""cm|inch""}]},{""name"":""4XL"",""items"":[{""name"":""전체 길이"",""code"":""body-length"",""value"":""79"",""unit"":""cm|inch""},{""name"":""어깨너비(솔기에서 솔기까지)"",""code"":""shoulder-width"",""value"":""57.5"",""unit"":""cm|inch""},{""name"":""가슴너비"",""code"":""body-width"",""value"":""71.5"",""unit"":""cm|inch""},{""name"":""등 중심부터 소매까지 길이"",""code"":""sleeve-length-cb"",""value"":""93"",""unit"":""cm|inch""}]}]"
"2026-07-23 22:58:19 KST","유니클로","https://www.uniqlo.com/kr/ko/products/E444557-000","E444557-000","UNIQLO","남성 감탄재킷(라이트) | UNIQLO KR","여성","/kr/ko/men/outerwear","아우터","outerwear","품절/일부 품절 표시 존재","API","S|M|L|XL|XXL|3XL|4XL","7","전체 길이|어깨너비(솔기에서 솔기까지)|가슴너비|소매 길이|등 중심부터 소매까지 길이","44.5","51.5","68","58.5","","","","","","","","cm|inch","","아니오","","가능","","성공","성공","성공","예","고유","men","","outerwear","","","","","","카테고리 URL 경로","[{""name"":""S"",""items"":[{""name"":""전체 길이"",""code"":""body-length"",""value"":""68"",""unit"":""cm|inch""},{""name"":""어깨너비(솔기에서 솔기까지)"",""code"":""shoulder-width"",""value"":""44.5"",""unit"":""cm|inch""},{""name"":""가슴너비"",""code"":""body-width"",""value"":""51.5"",""unit"":""cm|inch""},{""name"":""소매 길이"",""code"":""sleeve-length"",""value"":""58.5"",""unit"":""cm|inch""},{""name"":""등 중심부터 소매까지 길이"",""code"":""sleeve-length-cb"",""value"":""80.5"",""unit"":""cm|inch""}]},{""name"":""M"",""items"":[{""name"":""전체 길이"",""code"":""body-length"",""value"":""70"",""unit"":""cm|inch""},{""name"":""어깨너비(솔기에서 솔기까지)"",""code"":""shoulder-width"",""value"":""45.5"",""unit"":""cm|inch""},{""name"":""가슴너비"",""code"":""body-width"",""value"":""53.5"",""unit"":""cm|inch""},{""name"":""소매 길이"",""code"":""sleeve-length"",""value"":""60"",""unit"":""cm|inch""},{""name"":""등 중심부터 소매까지 길이"",""code"":""sleeve-length-cb"",""value"":""83"",""unit"":""cm|inch""}]},{""name"":""L"",""items"":[{""name"":""전체 길이"",""code"":""body-length"",""value"":""72"",""unit"":""cm|inch""},{""name"":""어깨너비(솔기에서 솔기까지)"",""code"":""shoulder-width"",""value"":""47"",""unit"":""cm|inch""},{""name"":""가슴너비"",""code"":""body-width"",""value"":""55.5"",""unit"":""cm|inch""},{""name"":""소매 길이"",""code"":""sleeve-length"",""value"":""62"",""unit"":""cm|inch""},{""name"":""등 중심부터 소매까지 길이"",""code"":""sleeve-length-cb"",""value"":""85.5"",""unit"":""cm|inch""}]},{""name"":""XL"",""items"":[{""name"":""전체 길이"",""code"":""body-length"",""value"":""75"",""unit"":""cm|inch""},{""name"":""어깨너비(솔기에서 솔기까지)"",""code"":""shoulder-width"",""value"":""49.5"",""unit"":""cm|inch""},{""name"":""가슴너비"",""code"":""body-width"",""value"":""59.5"",""unit"":""cm|inch""},{""name"":""소매 길이"",""code"":""sleeve-length"",""value"":""63"",""unit"":""cm|inch""},{""name"":""등 중심부터 소매까지 길이"",""code"":""sleeve-length-cb"",""value"":""88"",""unit"":""cm|inch""}]},{""name"":""XXL"",""items"":[{""name"":""전체 길이"",""code"":""body-length"",""value"":""76"",""unit"":""cm|inch""},{""name"":""어깨너비(솔기에서 솔기까지)"",""code"":""shoulder-width"",""value"":""52"",""unit"":""cm|inch""},{""name"":""가슴너비"",""code"":""body-width"",""value"":""63.5"",""unit"":""cm|inch""},{""name"":""소매 길이"",""code"":""sleeve-length"",""value"":""64"",""unit"":""cm|inch""},{""name"":""등 중심부터 소매까지 길이"",""code"":""sleeve-length-cb"",""value"":""90"",""unit"":""cm|inch""}]},{""name"":""3XL"",""items"":[{""name"":""전체 길이"",""code"":""body-length"",""value"":""77"",""unit"":""cm|inch""},{""name"":""어깨너비(솔기에서 솔기까지)"",""code"":""shoulder-width"",""value"":""55"",""unit"":""cm|inch""},{""name"":""가슴너비"",""code"":""body-width"",""value"":""67.5"",""unit"":""cm|inch""},{""name"":""소매 길이"",""code"":""sleeve-length"",""value"":""64"",""unit"":""cm|inch""},{""name"":""등 중심부터 소매까지 길이"",""code"":""sleeve-length-cb"",""value"":""91.5"",""unit"":""cm|inch""}]},{""name"":""4XL"",""items"":[{""name"":""전체 길이"",""code"":""body-length"",""value"":""78"",""unit"":""cm|inch""},{""name"":""어깨너비(솔기에서 솔기까지)"",""code"":""shoulder-width"",""value"":""57.5"",""unit"":""cm|inch""},{""name"":""가슴너비"",""code"":""body-width"",""value"":""71.5"",""unit"":""cm|inch""},{""name"":""소매 길이"",""code"":""sleeve-length"",""value"":""64.5"",""unit"":""cm|inch""},{""name"":""등 중심부터 소매까지 길이"",""code"":""sleeve-length-cb"",""value"":""93"",""unit"":""cm|inch""}]}]"
"2026-07-23 22:58:20 KST","유니클로","https://www.uniqlo.com/kr/ko/products/E444557-001","E444557-001","UNIQLO","남성 감탄재킷(라이트) | UNIQLO KR","여성","/kr/ko/men/outerwear","아우터","outerwear","품절/일부 품절 표시 존재","API","S|M|L|XL|XXL|3XL|4XL","7","전체 길이|어깨너비(솔기에서 솔기까지)|가슴너비|소매 길이|등 중심부터 소매까지 길이","44.5","51.5","68","58.5","","","","","","","","cm|inch","","아니오","","가능","","성공","성공","성공","예","고유","men","","outerwear","","","","","","카테고리 URL 경로","[{""name"":""S"",""items"":[{""name"":""전체 길이"",""code"":""body-length"",""value"":""68"",""unit"":""cm|inch""},{""name"":""어깨너비(솔기에서 솔기까지)"",""code"":""shoulder-width"",""value"":""44.5"",""unit"":""cm|inch""},{""name"":""가슴너비"",""code"":""body-width"",""value"":""51.5"",""unit"":""cm|inch""},{""name"":""소매 길이"",""code"":""sleeve-length"",""value"":""58.5"",""unit"":""cm|inch""},{""name"":""등 중심부터 소매까지 길이"",""code"":""sleeve-length-cb"",""value"":""80.5"",""unit"":""cm|inch""}]},{""name"":""M"",""items"":[{""name"":""전체 길이"",""code"":""body-length"",""value"":""70"",""unit"":""cm|inch""},{""name"":""어깨너비(솔기에서 솔기까지)"",""code"":""shoulder-width"",""value"":""45.5"",""unit"":""cm|inch""},{""name"":""가슴너비"",""code"":""body-width"",""value"":""53.5"",""unit"":""cm|inch""},{""name"":""소매 길이"",""code"":""sleeve-length"",""value"":""60"",""unit"":""cm|inch""},{""name"":""등 중심부터 소매까지 길이"",""code"":""sleeve-length-cb"",""value"":""83"",""unit"":""cm|inch""}]},{""name"":""L"",""items"":[{""name"":""전체 길이"",""code"":""body-length"",""value"":""72"",""unit"":""cm|inch""},{""name"":""어깨너비(솔기에서 솔기까지)"",""code"":""shoulder-width"",""value"":""47"",""unit"":""cm|inch""},{""name"":""가슴너비"",""code"":""body-width"",""value"":""55.5"",""unit"":""cm|inch""},{""name"":""소매 길이"",""code"":""sleeve-length"",""value"":""62"",""unit"":""cm|inch""},{""name"":""등 중심부터 소매까지 길이"",""code"":""sleeve-length-cb"",""value"":""85.5"",""unit"":""cm|inch""}]},{""name"":""XL"",""items"":[{""name"":""전체 길이"",""code"":""body-length"",""value"":""75"",""unit"":""cm|inch""},{""name"":""어깨너비(솔기에서 솔기까지)"",""code"":""shoulder-width"",""value"":""49.5"",""unit"":""cm|inch""},{""name"":""가슴너비"",""code"":""body-width"",""value"":""59.5"",""unit"":""cm|inch""},{""name"":""소매 길이"",""code"":""sleeve-length"",""value"":""63"",""unit"":""cm|inch""},{""name"":""등 중심부터 소매까지 길이"",""code"":""sleeve-length-cb"",""value"":""88"",""unit"":""cm|inch""}]},{""name"":""XXL"",""items"":[{""name"":""전체 길이"",""code"":""body-length"",""value"":""76"",""unit"":""cm|inch""},{""name"":""어깨너비(솔기에서 솔기까지)"",""code"":""shoulder-width"",""value"":""52"",""unit"":""cm|inch""},{""name"":""가슴너비"",""code"":""body-width"",""value"":""63.5"",""unit"":""cm|inch""},{""name"":""소매 길이"",""code"":""sleeve-length"",""value"":""64"",""unit"":""cm|inch""},{""name"":""등 중심부터 소매까지 길이"",""code"":""sleeve-length-cb"",""value"":""90"",""unit"":""cm|inch""}]},{""name"":""3XL"",""items"":[{""name"":""전체 길이"",""code"":""body-length"",""value"":""77"",""unit"":""cm|inch""},{""name"":""어깨너비(솔기에서 솔기까지)"",""code"":""shoulder-width"",""value"":""55"",""unit"":""cm|inch""},{""name"":""가슴너비"",""code"":""body-width"",""value"":""67.5"",""unit"":""cm|inch""},{""name"":""소매 길이"",""code"":""sleeve-length"",""value"":""64"",""unit"":""cm|inch""},{""name"":""등 중심부터 소매까지 길이"",""code"":""sleeve-length-cb"",""value"":""91.5"",""unit"":""cm|inch""}]},{""name"":""4XL"",""items"":[{""name"":""전체 길이"",""code"":""body-length"",""value"":""78"",""unit"":""cm|inch""},{""name"":""어깨너비(솔기에서 솔기까지)"",""code"":""shoulder-width"",""value"":""57.5"",""unit"":""cm|inch""},{""name"":""가슴너비"",""code"":""body-width"",""value"":""71.5"",""unit"":""cm|inch""},{""name"":""소매 길이"",""code"":""sleeve-length"",""value"":""64.5"",""unit"":""cm|inch""},{""name"":""등 중심부터 소매까지 길이"",""code"":""sleeve-length-cb"",""value"":""93"",""unit"":""cm|inch""}]}]"
"2026-07-23 22:58:21 KST","유니클로","https://www.uniqlo.com/kr/ko/products/E448041-000","E448041-000","UNIQLO","남성 감탄재킷(CUSTOM ORDER·사이즈L) | UNIQLO KR","여성","/kr/ko/men/outerwear","아우터","outerwear","품절/일부 품절 표시 존재","API","70|72|74","3","전체 길이|어깨너비(솔기에서 솔기까지)|가슴너비|소매 길이|등 중심부터 소매까지 길이","47","55","70","58 / 60 / 62","","","","","","","","cm|inch","","아니오","","가능","","성공","성공","성공","예","고유","men","","outerwear","","","","","","카테고리 URL 경로","[{""name"":""70"",""items"":[{""name"":""전체 길이"",""code"":""body-length"",""value"":""70"",""unit"":""cm|inch""},{""name"":""어깨너비(솔기에서 솔기까지)"",""code"":""shoulder-width"",""value"":""47"",""unit"":""cm|inch""},{""name"":""가슴너비"",""code"":""body-width"",""value"":""55"",""unit"":""cm|inch""},{""name"":""소매 길이"",""code"":""sleeve-length"",""value"":""58 / 60 / 62"",""unit"":""cm|inch""},{""name"":""등 중심부터 소매까지 길이"",""code"":""sleeve-length-cb"",""value"":""81.5 / 83.5 / 85.5"",""unit"":""cm|inch""}]},{""name"":""72"",""items"":[{""name"":""전체 길이"",""code"":""body-length"",""value"":""72"",""unit"":""cm|inch""},{""name"":""어깨너비(솔기에서 솔기까지)"",""code"":""shoulder-width"",""value"":""47"",""unit"":""cm|inch""},{""name"":""가슴너비"",""code"":""body-width"",""value"":""55"",""unit"":""cm|inch""},{""name"":""소매 길이"",""code"":""sleeve-length"",""value"":""60 / 62 / 64"",""unit"":""cm|inch""},{""name"":""등 중심부터 소매까지 길이"",""code"":""sleeve-length-cb"",""value"":""83.5 / 85.5 / 87.5"",""unit"":""cm|inch""}]},{""name"":""74"",""items"":[{""name"":""전체 길이"",""code"":""body-length"",""value"":""74"",""unit"":""cm|inch""},{""name"":""어깨너비(솔기에서 솔기까지)"",""code"":""shoulder-width"",""value"":""47"",""unit"":""cm|inch""},{""name"":""가슴너비"",""code"":""body-width"",""value"":""55"",""unit"":""cm|inch""},{""name"":""소매 길이"",""code"":""sleeve-length"",""value"":""62 / 64"",""unit"":""cm|inch""},{""name"":""등 중심부터 소매까지 길이"",""code"":""sleeve-length-cb"",""value"":""85.5 / 87.5"",""unit"":""cm|inch""}]}]"
"2026-07-23 22:58:23 KST","유니클로","https://www.uniqlo.com/kr/ko/products/E448042-000","E448042-000","UNIQLO","남성 감탄재킷(CUSTOM ORDER·사이즈XL) | UNIQLO KR","여성","/kr/ko/men/outerwear","아우터","outerwear","품절/일부 품절 표시 존재","API","73|75|77","3","전체 길이|어깨너비(솔기에서 솔기까지)|가슴너비|소매 길이|등 중심부터 소매까지 길이","49.5","59","73","59 / 61","","","","","","","","cm|inch","","아니오","","가능","","성공","성공","성공","예","고유","men","","outerwear","","","","","","카테고리 URL 경로","[{""name"":""73"",""items"":[{""name"":""전체 길이"",""code"":""body-length"",""value"":""73"",""unit"":""cm|inch""},{""name"":""어깨너비(솔기에서 솔기까지)"",""code"":""shoulder-width"",""value"":""49.5"",""unit"":""cm|inch""},{""name"":""가슴너비"",""code"":""body-width"",""value"":""59"",""unit"":""cm|inch""},{""name"":""소매 길이"",""code"":""sleeve-length"",""value"":""59 / 61"",""unit"":""cm|inch""},{""name"":""등 중심부터 소매까지 길이"",""code"":""sleeve-length-cb"",""value"":""83.5 / 85.5"",""unit"":""cm|inch""}]},{""name"":""75"",""items"":[{""name"":""전체 길이"",""code"":""body-length"",""value"":""75"",""unit"":""cm|inch""},{""name"":""어깨너비(솔기에서 솔기까지)"",""code"":""shoulder-width"",""value"":""49.5"",""unit"":""cm|inch""},{""name"":""가슴너비"",""code"":""body-width"",""value"":""59"",""unit"":""cm|inch""},{""name"":""소매 길이"",""code"":""sleeve-length"",""value"":""61 / 63"",""unit"":""cm|inch""},{""name"":""등 중심부터 소매까지 길이"",""code"":""sleeve-length-cb"",""value"":""85.5 / 87.5"",""unit"":""cm|inch""}]},{""name"":""77"",""items"":[{""name"":""전체 길이"",""code"":""body-length"",""value"":""77"",""unit"":""cm|inch""},{""name"":""어깨너비(솔기에서 솔기까지)"",""code"":""shoulder-width"",""value"":""49.5"",""unit"":""cm|inch""},{""name"":""가슴너비"",""code"":""body-width"",""value"":""59"",""unit"":""cm|inch""},{""name"":""소매 길이"",""code"":""sleeve-length"",""value"":""63 / 65"",""unit"":""cm|inch""},{""name"":""등 중심부터 소매까지 길이"",""code"":""sleeve-length-cb"",""value"":""87.5 / 89.5"",""unit"":""cm|inch""}]}]"
"2026-07-23 22:58:25 KST","유니클로","https://www.uniqlo.com/kr/ko/products/E448043-000","E448043-000","UNIQLO","남성 감탄재킷(CUSTOM ORDER·사이즈XXL) | UNIQLO KR","여성","/kr/ko/men/outerwear","아우터","outerwear","품절/일부 품절 표시 존재","API","74|76","2","전체 길이|어깨너비(솔기에서 솔기까지)|가슴너비|소매 길이|등 중심부터 소매까지 길이","52","63","74","60 / 62","","","","","","","","cm|inch","","아니오","","가능","","성공","성공","성공","예","고유","men","","outerwear","","","","","","카테고리 URL 경로","[{""name"":""74"",""items"":[{""name"":""전체 길이"",""code"":""body-length"",""value"":""74"",""unit"":""cm|inch""},{""name"":""어깨너비(솔기에서 솔기까지)"",""code"":""shoulder-width"",""value"":""52"",""unit"":""cm|inch""},{""name"":""가슴너비"",""code"":""body-width"",""value"":""63"",""unit"":""cm|inch""},{""name"":""소매 길이"",""code"":""sleeve-length"",""value"":""60 / 62"",""unit"":""cm|inch""},{""name"":""등 중심부터 소매까지 길이"",""code"":""sleeve-length-cb"",""value"":""86 / 88"",""unit"":""cm|inch""}]},{""name"":""76"",""items"":[{""name"":""전체 길이"",""code"":""body-length"",""value"":""76"",""unit"":""cm|inch""},{""name"":""어깨너비(솔기에서 솔기까지)"",""code"":""shoulder-width"",""value"":""52"",""unit"":""cm|inch""},{""name"":""가슴너비"",""code"":""body-width"",""value"":""63"",""unit"":""cm|inch""},{""name"":""소매 길이"",""code"":""sleeve-length"",""value"":""62 / 64"",""unit"":""cm|inch""},{""name"":""등 중심부터 소매까지 길이"",""code"":""sleeve-length-cb"",""value"":""88 / 90"",""unit"":""cm|inch""}]}]"
"2026-07-23 22:58:27 KST","유니클로","https://www.uniqlo.com/kr/ko/products/E448040-000","E448040-000","UNIQLO","남성 감탄재킷(CUSTOM ORDER·사이즈M) | UNIQLO KR","여성","/kr/ko/men/outerwear","아우터","outerwear","품절/일부 품절 표시 존재","API","68|70|72","3","전체 길이|어깨너비(솔기에서 솔기까지)|가슴너비|소매 길이|등 중심부터 소매까지 길이","45.5","53","68","56 / 58 / 60","","","","","","","","cm|inch","","아니오","","가능","","성공","성공","성공","예","고유","men","","outerwear","","","","","","카테고리 URL 경로","[{""name"":""68"",""items"":[{""name"":""전체 길이"",""code"":""body-length"",""value"":""68"",""unit"":""cm|inch""},{""name"":""어깨너비(솔기에서 솔기까지)"",""code"":""shoulder-width"",""value"":""45.5"",""unit"":""cm|inch""},{""name"":""가슴너비"",""code"":""body-width"",""value"":""53"",""unit"":""cm|inch""},{""name"":""소매 길이"",""code"":""sleeve-length"",""value"":""56 / 58 / 60"",""unit"":""cm|inch""},{""name"":""등 중심부터 소매까지 길이"",""code"":""sleeve-length-cb"",""value"":""78.5 / 80.5 / 82.5"",""unit"":""cm|inch""}]},{""name"":""70"",""items"":[{""name"":""전체 길이"",""code"":""body-length"",""value"":""70"",""unit"":""cm|inch""},{""name"":""어깨너비(솔기에서 솔기까지)"",""code"":""shoulder-width"",""value"":""45.5"",""unit"":""cm|inch""},{""name"":""가슴너비"",""code"":""body-width"",""value"":""53"",""unit"":""cm|inch""},{""name"":""소매 길이"",""code"":""sleeve-length"",""value"":""58 / 60 / 62"",""unit"":""cm|inch""},{""name"":""등 중심부터 소매까지 길이"",""code"":""sleeve-length-cb"",""value"":""80.5 / 82.5 / 84.5"",""unit"":""cm|inch""}]},{""name"":""72"",""items"":[{""name"":""전체 길이"",""code"":""body-length"",""value"":""72"",""unit"":""cm|inch""},{""name"":""어깨너비(솔기에서 솔기까지)"",""code"":""shoulder-width"",""value"":""45.5"",""unit"":""cm|inch""},{""name"":""가슴너비"",""code"":""body-width"",""value"":""53"",""unit"":""cm|inch""},{""name"":""소매 길이"",""code"":""sleeve-length"",""value"":""60 / 62"",""unit"":""cm|inch""},{""name"":""등 중심부터 소매까지 길이"",""code"":""sleeve-length-cb"",""value"":""82.5 / 84.5"",""unit"":""cm|inch""}]}]"
"2026-07-23 22:58:28 KST","유니클로","https://www.uniqlo.com/kr/ko/products/E448044-000","E448044-000","UNIQLO","남성 감탄재킷(CUSTOM ORDER·사이즈3XL) | UNIQLO KR","여성","/kr/ko/men/outerwear","아우터","outerwear","품절/일부 품절 표시 존재","API","75|77","2","전체 길이|어깨너비(솔기에서 솔기까지)|가슴너비|소매 길이|등 중심부터 소매까지 길이","55","67","75","62","","","","","","","","cm|inch","","아니오","","가능","","성공","성공","성공","예","고유","men","","outerwear","","","","","","카테고리 URL 경로","[{""name"":""75"",""items"":[{""name"":""전체 길이"",""code"":""body-length"",""value"":""75"",""unit"":""cm|inch""},{""name"":""어깨너비(솔기에서 솔기까지)"",""code"":""shoulder-width"",""value"":""55"",""unit"":""cm|inch""},{""name"":""가슴너비"",""code"":""body-width"",""value"":""67"",""unit"":""cm|inch""},{""name"":""소매 길이"",""code"":""sleeve-length"",""value"":""62"",""unit"":""cm|inch""},{""name"":""등 중심부터 소매까지 길이"",""code"":""sleeve-length-cb"",""value"":""89.5"",""unit"":""cm|inch""}]},{""name"":""77"",""items"":[{""name"":""전체 길이"",""code"":""body-length"",""value"":""77"",""unit"":""cm|inch""},{""name"":""어깨너비(솔기에서 솔기까지)"",""code"":""shoulder-width"",""value"":""55"",""unit"":""cm|inch""},{""name"":""가슴너비"",""code"":""body-width"",""value"":""67"",""unit"":""cm|inch""},{""name"":""소매 길이"",""code"":""sleeve-length"",""value"":""64"",""unit"":""cm|inch""},{""name"":""등 중심부터 소매까지 길이"",""code"":""sleeve-length-cb"",""value"":""91.5"",""unit"":""cm|inch""}]}]"
"2026-07-23 22:58:31 KST","유니클로","https://www.uniqlo.com/kr/ko/products/E484209-000","E484209-000","UNIQLO","젠더리스 데님쇼트팬츠 | UNIQLO KR","여성","/kr/ko/men/bottoms","하의","bottoms","품절/일부 품절 표시 존재","API","XS|S|M|L|XL|XXL|3XL|4XL","8","허리 둘레|엉덩이 둘레|허벅지 너비|밑위 길이|밑단 너비|다리 길이","","","","","75","103","34","30","31.5","29.5","","cm|inch","","아니오","","가능","","성공","성공","성공","예","고유","men","","bottoms","","","","","","카테고리 URL 경로","[{""name"":""XS"",""items"":[{""name"":""허리 둘레"",""code"":""waist-product-size"",""value"":""75"",""unit"":""cm|inch""},{""name"":""엉덩이 둘레"",""code"":""hip-product-size"",""value"":""103"",""unit"":""cm|inch""},{""name"":""허벅지 너비"",""code"":""thigh"",""value"":""34"",""unit"":""cm|inch""},{""name"":""밑위 길이"",""code"":""rising-length"",""value"":""30"",""unit"":""cm|inch""},{""name"":""밑단 너비"",""code"":""bottom-width"",""value"":""29.5"",""unit"":""cm|inch""},{""name"":""다리 길이"",""code"":""inseam"",""value"":""31.5"",""unit"":""cm|inch""}]},{""name"":""S"",""items"":[{""name"":""허리 둘레"",""code"":""waist-product-size"",""value"":""81"",""unit"":""cm|inch""},{""name"":""엉덩이 둘레"",""code"":""hip-product-size"",""value"":""109"",""unit"":""cm|inch""},{""name"":""허벅지 너비"",""code"":""thigh"",""value"":""36"",""unit"":""cm|inch""},{""name"":""밑위 길이"",""code"":""rising-length"",""value"":""30.5"",""unit"":""cm|inch""},{""name"":""밑단 너비"",""code"":""bottom-width"",""value"":""31"",""unit"":""cm|inch""},{""name"":""다리 길이"",""code"":""inseam"",""value"":""31.5"",""unit"":""cm|inch""}]},{""name"":""M"",""items"":[{""name"":""허리 둘레"",""code"":""waist-product-size"",""value"":""87"",""unit"":""cm|inch""},{""name"":""엉덩이 둘레"",""code"":""hip-product-size"",""value"":""115"",""unit"":""cm|inch""},{""name"":""허벅지 너비"",""code"":""thigh"",""value"":""38"",""unit"":""cm|inch""},{""name"":""밑위 길이"",""code"":""rising-length"",""value"":""31.5"",""unit"":""cm|inch""},{""name"":""밑단 너비"",""code"":""bottom-width"",""value"":""32.5"",""unit"":""cm|inch""},{""name"":""다리 길이"",""code"":""inseam"",""value"":""33"",""unit"":""cm|inch""}]},{""name"":""L"",""items"":[{""name"":""허리 둘레"",""code"":""waist-product-size"",""value"":""93"",""unit"":""cm|inch""},{""name"":""엉덩이 둘레"",""code"":""hip-product-size"",""value"":""120.5"",""unit"":""cm|inch""},{""name"":""허벅지 너비"",""code"":""thigh"",""value"":""39.5"",""unit"":""cm|inch""},{""name"":""밑위 길이"",""code"":""rising-length"",""value"":""32.5"",""unit"":""cm|inch""},{""name"":""밑단 너비"",""code"":""bottom-width"",""value"":""33.5"",""unit"":""cm|inch""},{""name"":""다리 길이"",""code"":""inseam"",""value"":""33.5"",""unit"":""cm|inch""}]},{""name"":""XL"",""items"":[{""name"":""허리 둘레"",""code"":""waist-product-size"",""value"":""101"",""unit"":""cm|inch""},{""name"":""엉덩이 둘레"",""code"":""hip-product-size"",""value"":""127"",""unit"":""cm|inch""},{""name"":""허벅지 너비"",""code"":""thigh"",""value"":""41.5"",""unit"":""cm|inch""},{""name"":""밑위 길이"",""code"":""rising-length"",""value"":""33"",""unit"":""cm|inch""},{""name"":""밑단 너비"",""code"":""bottom-width"",""value"":""34.5"",""unit"":""cm|inch""},{""name"":""다리 길이"",""code"":""inseam"",""value"":""34.5"",""unit"":""cm|inch""}]},{""name"":""XXL"",""items"":[{""name"":""허리 둘레"",""code"":""waist-product-size"",""value"":""109"",""unit"":""cm|inch""},{""name"":""엉덩이 둘레"",""code"":""hip-product-size"",""value"":""132"",""unit"":""cm|inch""},{""name"":""허벅지 너비"",""code"":""thigh"",""value"":""43"",""unit"":""cm|inch""},{""name"":""밑위 길이"",""code"":""rising-length"",""value"":""34"",""unit"":""cm|inch""},{""name"":""밑단 너비"",""code"":""bottom-width"",""value"":""36"",""unit"":""cm|inch""},{""name"":""다리 길이"",""code"":""inseam"",""value"":""35"",""unit"":""cm|inch""}]},{""name"":""3XL"",""items"":[{""name"":""허리 둘레"",""code"":""waist-product-size"",""value"":""115"",""unit"":""cm|inch""},{""name"":""엉덩이 둘레"",""code"":""hip-product-size"",""value"":""137"",""unit"":""cm|inch""},{""name"":""허벅지 너비"",""code"":""thigh"",""value"":""44"",""unit"":""cm|inch""},{""name"":""밑위 길이"",""code"":""rising-length"",""value"":""35"",""unit"":""cm|inch""},{""name"":""밑단 너비"",""code"":""bottom-width"",""value"":""37"",""unit"":""cm|inch""},{""name"":""다리 길이"",""code"":""inseam"",""value"":""35"",""unit"":""cm|inch""}]},{""name"":""4XL"",""items"":[{""name"":""허리 둘레"",""code"":""waist-product-size"",""value"":""121"",""unit"":""cm|inch""},{""name"":""엉덩이 둘레"",""code"":""hip-product-size"",""value"":""142"",""unit"":""cm|inch""},{""name"":""허벅지 너비"",""code"":""thigh"",""value"":""45.5"",""unit"":""cm|inch""},{""name"":""밑위 길이"",""code"":""rising-length"",""value"":""36"",""unit"":""cm|inch""},{""name"":""밑단 너비"",""code"":""bottom-width"",""value"":""38"",""unit"":""cm|inch""},{""name"":""다리 길이"",""code"":""inseam"",""value"":""35"",""unit"":""cm|inch""}]}]"
"2026-07-23 22:58:32 KST","유니클로","https://www.uniqlo.com/kr/ko/products/E482965-000","E482965-000","UNIQLO","젠더리스 턱와이드쇼트팬츠 | UNIQLO KR","여성","/kr/ko/men/bottoms","하의","bottoms","품절/일부 품절 표시 존재","API","XS|S|M|L|XL|XXL|3XL|4XL","8","허리 둘레|엉덩이 둘레|허벅지 너비|밑위 길이|밑단 너비|다리 길이","","","","","67","104","35.5","28.5","30","32","","cm|inch","","아니오","","가능","","성공","성공","성공","예","고유","men","","bottoms","","","","","","카테고리 URL 경로","[{""name"":""XS"",""items"":[{""name"":""허리 둘레"",""code"":""waist-product-size"",""value"":""67"",""unit"":""cm|inch""},{""name"":""엉덩이 둘레"",""code"":""hip-product-size"",""value"":""104"",""unit"":""cm|inch""},{""name"":""허벅지 너비"",""code"":""thigh"",""value"":""35.5"",""unit"":""cm|inch""},{""name"":""밑위 길이"",""code"":""rising-length"",""value"":""28.5"",""unit"":""cm|inch""},{""name"":""밑단 너비"",""code"":""bottom-width"",""value"":""32"",""unit"":""cm|inch""},{""name"":""다리 길이"",""code"":""inseam"",""value"":""30"",""unit"":""cm|inch""}]},{""name"":""S"",""items"":[{""name"":""허리 둘레"",""code"":""waist-product-size"",""value"":""73"",""unit"":""cm|inch""},{""name"":""엉덩이 둘레"",""code"":""hip-product-size"",""value"":""110"",""unit"":""cm|inch""},{""name"":""허벅지 너비"",""code"":""thigh"",""value"":""37"",""unit"":""cm|inch""},{""name"":""밑위 길이"",""code"":""rising-length"",""value"":""29"",""unit"":""cm|inch""},{""name"":""밑단 너비"",""code"":""bottom-width"",""value"":""33.5"",""unit"":""cm|inch""},{""name"":""다리 길이"",""code"":""inseam"",""value"":""31"",""unit"":""cm|inch""}]},{""name"":""M"",""items"":[{""name"":""허리 둘레"",""code"":""waist-product-size"",""value"":""79"",""unit"":""cm|inch""},{""name"":""엉덩이 둘레"",""code"":""hip-product-size"",""value"":""116"",""unit"":""cm|inch""},{""name"":""허벅지 너비"",""code"":""thigh"",""value"":""39.5"",""unit"":""cm|inch""},{""name"":""밑위 길이"",""code"":""rising-length"",""value"":""30"",""unit"":""cm|inch""},{""name"":""밑단 너비"",""code"":""bottom-width"",""value"":""34.5"",""unit"":""cm|inch""},{""name"":""다리 길이"",""code"":""inseam"",""value"":""31.5"",""unit"":""cm|inch""}]},{""name"":""L"",""items"":[{""name"":""허리 둘레"",""code"":""waist-product-size"",""value"":""85"",""unit"":""cm|inch""},{""name"":""엉덩이 둘레"",""code"":""hip-product-size"",""value"":""122"",""unit"":""cm|inch""},{""name"":""허벅지 너비"",""code"":""thigh"",""value"":""41"",""unit"":""cm|inch""},{""name"":""밑위 길이"",""code"":""rising-length"",""value"":""31"",""unit"":""cm|inch""},{""name"":""밑단 너비"",""code"":""bottom-width"",""value"":""35.5"",""unit"":""cm|inch""},{""name"":""다리 길이"",""code"":""inseam"",""value"":""32"",""unit"":""cm|inch""}]},{""name"":""XL"",""items"":[{""name"":""허리 둘레"",""code"":""waist-product-size"",""value"":""93"",""unit"":""cm|inch""},{""name"":""엉덩이 둘레"",""code"":""hip-product-size"",""value"":""130"",""unit"":""cm|inch""},{""name"":""허벅지 너비"",""code"":""thigh"",""value"":""43.5"",""unit"":""cm|inch""},{""name"":""밑위 길이"",""code"":""rising-length"",""value"":""31.5"",""unit"":""cm|inch""},{""name"":""밑단 너비"",""code"":""bottom-width"",""value"":""36.5"",""unit"":""cm|inch""},{""name"":""다리 길이"",""code"":""inseam"",""value"":""33"",""unit"":""cm|inch""}]},{""name"":""XXL"",""items"":[{""name"":""허리 둘레"",""code"":""waist-product-size"",""value"":""101"",""unit"":""cm|inch""},{""name"":""엉덩이 둘레"",""code"":""hip-product-size"",""value"":""135"",""unit"":""cm|inch""},{""name"":""허벅지 너비"",""code"":""thigh"",""value"":""45"",""unit"":""cm|inch""},{""name"":""밑위 길이"",""code"":""rising-length"",""value"":""32.5"",""unit"":""cm|inch""},{""name"":""밑단 너비"",""code"":""bottom-width"",""value"":""38"",""unit"":""cm|inch""},{""name"":""다리 길이"",""code"":""inseam"",""value"":""33.5"",""unit"":""cm|inch""}]},{""name"":""3XL"",""items"":[{""name"":""허리 둘레"",""code"":""waist-product-size"",""value"":""107"",""unit"":""cm|inch""},{""name"":""엉덩이 둘레"",""code"":""hip-product-size"",""value"":""139.5"",""unit"":""cm|inch""},{""name"":""허벅지 너비"",""code"":""thigh"",""value"":""47"",""unit"":""cm|inch""},{""name"":""밑위 길이"",""code"":""rising-length"",""value"":""33.5"",""unit"":""cm|inch""},{""name"":""밑단 너비"",""code"":""bottom-width"",""value"":""39.5"",""unit"":""cm|inch""},{""name"":""다리 길이"",""code"":""inseam"",""value"":""33.5"",""unit"":""cm|inch""}]},{""name"":""4XL"",""items"":[{""name"":""허리 둘레"",""code"":""waist-product-size"",""value"":""113"",""unit"":""cm|inch""},{""name"":""엉덩이 둘레"",""code"":""hip-product-size"",""value"":""144.5"",""unit"":""cm|inch""},{""name"":""허벅지 너비"",""code"":""thigh"",""value"":""48.5"",""unit"":""cm|inch""},{""name"":""밑위 길이"",""code"":""rising-length"",""value"":""34.5"",""unit"":""cm|inch""},{""name"":""밑단 너비"",""code"":""bottom-width"",""value"":""41"",""unit"":""cm|inch""},{""name"":""다리 길이"",""code"":""inseam"",""value"":""33.5"",""unit"":""cm|inch""}]}]"
"2026-07-23 22:58:33 KST","유니클로","https://www.uniqlo.com/kr/ko/products/E482944-000","E482944-000","UNIQLO","젠더리스 치노쇼트팬츠 | UNIQLO KR","여성","/kr/ko/men/bottoms","하의","bottoms","품절/일부 품절 표시 존재","API","XS|S|M|L|XL|XXL|3XL|4XL","8","허리 둘레|엉덩이 둘레|허벅지 너비|밑위 길이|밑단 너비|다리 길이","","","","","75","95","31.5","26.5","20","26.5","","cm|inch","","아니오","","가능","","성공","성공","성공","예","고유","men","","bottoms","","","","","","카테고리 URL 경로","[{""name"":""XS"",""items"":[{""name"":""허리 둘레"",""code"":""waist-product-size"",""value"":""75"",""unit"":""cm|inch""},{""name"":""엉덩이 둘레"",""code"":""hip-product-size"",""value"":""95"",""unit"":""cm|inch""},{""name"":""허벅지 너비"",""code"":""thigh"",""value"":""31.5"",""unit"":""cm|inch""},{""name"":""밑위 길이"",""code"":""rising-length"",""value"":""26.5"",""unit"":""cm|inch""},{""name"":""밑단 너비"",""code"":""bottom-width"",""value"":""26.5"",""unit"":""cm|inch""},{""name"":""다리 길이"",""code"":""inseam"",""value"":""20"",""unit"":""cm|inch""}]},{""name"":""S"",""items"":[{""name"":""허리 둘레"",""code"":""waist-product-size"",""value"":""81"",""unit"":""cm|inch""},{""name"":""엉덩이 둘레"",""code"":""hip-product-size"",""value"":""101"",""unit"":""cm|inch""},{""name"":""허벅지 너비"",""code"":""thigh"",""value"":""33.5"",""unit"":""cm|inch""},{""name"":""밑위 길이"",""code"":""rising-length"",""value"":""27"",""unit"":""cm|inch""},{""name"":""밑단 너비"",""code"":""bottom-width"",""value"":""28"",""unit"":""cm|inch""},{""name"":""다리 길이"",""code"":""inseam"",""value"":""21"",""unit"":""cm|inch""}]},{""name"":""M"",""items"":[{""name"":""허리 둘레"",""code"":""waist-product-size"",""value"":""87"",""unit"":""cm|inch""},{""name"":""엉덩이 둘레"",""code"":""hip-product-size"",""value"":""107"",""unit"":""cm|inch""},{""name"":""허벅지 너비"",""code"":""thigh"",""value"":""35.5"",""unit"":""cm|inch""},{""name"":""밑위 길이"",""code"":""rising-length"",""value"":""28"",""unit"":""cm|inch""},{""name"":""밑단 너비"",""code"":""bottom-width"",""value"":""29"",""unit"":""cm|inch""},{""name"":""다리 길이"",""code"":""inseam"",""value"":""21.5"",""unit"":""cm|inch""}]},{""name"":""L"",""items"":[{""name"":""허리 둘레"",""code"":""waist-product-size"",""value"":""93"",""unit"":""cm|inch""},{""name"":""엉덩이 둘레"",""code"":""hip-product-size"",""value"":""113"",""unit"":""cm|inch""},{""name"":""허벅지 너비"",""code"":""thigh"",""value"":""37"",""unit"":""cm|inch""},{""name"":""밑위 길이"",""code"":""rising-length"",""value"":""29"",""unit"":""cm|inch""},{""name"":""밑단 너비"",""code"":""bottom-width"",""value"":""30"",""unit"":""cm|inch""},{""name"":""다리 길이"",""code"":""inseam"",""value"":""22.5"",""unit"":""cm|inch""}]},{""name"":""XL"",""items"":[{""name"":""허리 둘레"",""code"":""waist-product-size"",""value"":""101"",""unit"":""cm|inch""},{""name"":""엉덩이 둘레"",""code"":""hip-product-size"",""value"":""120.5"",""unit"":""cm|inch""},{""name"":""허벅지 너비"",""code"":""thigh"",""value"":""39.5"",""unit"":""cm|inch""},{""name"":""밑위 길이"",""code"":""rising-length"",""value"":""29.5"",""unit"":""cm|inch""},{""name"":""밑단 너비"",""code"":""bottom-width"",""value"":""31"",""unit"":""cm|inch""},{""name"":""다리 길이"",""code"":""inseam"",""value"":""23"",""unit"":""cm|inch""}]},{""name"":""XXL"",""items"":[{""name"":""허리 둘레"",""code"":""waist-product-size"",""value"":""109"",""unit"":""cm|inch""},{""name"":""엉덩이 둘레"",""code"":""hip-product-size"",""value"":""125.5"",""unit"":""cm|inch""},{""name"":""허벅지 너비"",""code"":""thigh"",""value"":""41"",""unit"":""cm|inch""},{""name"":""밑위 길이"",""code"":""rising-length"",""value"":""30.5"",""unit"":""cm|inch""},{""name"":""밑단 너비"",""code"":""bottom-width"",""value"":""32.5"",""unit"":""cm|inch""},{""name"":""다리 길이"",""code"":""inseam"",""value"":""23.5"",""unit"":""cm|inch""}]},{""name"":""3XL"",""items"":[{""name"":""허리 둘레"",""code"":""waist-product-size"",""value"":""115"",""unit"":""cm|inch""},{""name"":""엉덩이 둘레"",""code"":""hip-product-size"",""value"":""130.5"",""unit"":""cm|inch""},{""name"":""허벅지 너비"",""code"":""thigh"",""value"":""43"",""unit"":""cm|inch""},{""name"":""밑위 길이"",""code"":""rising-length"",""value"":""31.5"",""unit"":""cm|inch""},{""name"":""밑단 너비"",""code"":""bottom-width"",""value"":""34"",""unit"":""cm|inch""},{""name"":""다리 길이"",""code"":""inseam"",""value"":""23.5"",""unit"":""cm|inch""}]},{""name"":""4XL"",""items"":[{""name"":""허리 둘레"",""code"":""waist-product-size"",""value"":""121"",""unit"":""cm|inch""},{""name"":""엉덩이 둘레"",""code"":""hip-product-size"",""value"":""135"",""unit"":""cm|inch""},{""name"":""허벅지 너비"",""code"":""thigh"",""value"":""44.5"",""unit"":""cm|inch""},{""name"":""밑위 길이"",""code"":""rising-length"",""value"":""32.5"",""unit"":""cm|inch""},{""name"":""밑단 너비"",""code"":""bottom-width"",""value"":""35.5"",""unit"":""cm|inch""},{""name"":""다리 길이"",""code"":""inseam"",""value"":""23.5"",""unit"":""cm|inch""}]}]"
"2026-07-23 22:58:34 KST","유니클로","https://www.uniqlo.com/kr/ko/products/E487891-000","E487891-000","UNIQLO","젠더리스 와이드쇼트팬츠 | UNIQLO KR","여성","/kr/ko/men/bottoms","하의","bottoms","품절/일부 품절 표시 존재","API","XS|S|M|L|XL|XXL","6","허리 둘레|엉덩이 둘레|허벅지 너비|밑위 길이|밑단 너비|다리 길이","","","","","70","104.5","35","30.5","31","33","","cm|inch","","아니오","","가능","","성공","성공","성공","예","고유","men","","bottoms","","","","","","카테고리 URL 경로","[{""name"":""XS"",""items"":[{""name"":""허리 둘레"",""code"":""waist-product-size"",""value"":""70"",""unit"":""cm|inch""},{""name"":""엉덩이 둘레"",""code"":""hip-product-size"",""value"":""104.5"",""unit"":""cm|inch""},{""name"":""허벅지 너비"",""code"":""thigh"",""value"":""35"",""unit"":""cm|inch""},{""name"":""밑위 길이"",""code"":""rising-length"",""value"":""30.5"",""unit"":""cm|inch""},{""name"":""밑단 너비"",""code"":""bottom-width"",""value"":""33"",""unit"":""cm|inch""},{""name"":""다리 길이"",""code"":""inseam"",""value"":""31"",""unit"":""cm|inch""}]},{""name"":""S"",""items"":[{""name"":""허리 둘레"",""code"":""waist-product-size"",""value"":""76"",""unit"":""cm|inch""},{""name"":""엉덩이 둘레"",""code"":""hip-product-size"",""value"":""110.5"",""unit"":""cm|inch""},{""name"":""허벅지 너비"",""code"":""thigh"",""value"":""36.5"",""unit"":""cm|inch""},{""name"":""밑위 길이"",""code"":""rising-length"",""value"":""31"",""unit"":""cm|inch""},{""name"":""밑단 너비"",""code"":""bottom-width"",""value"":""34.5"",""unit"":""cm|inch""},{""name"":""다리 길이"",""code"":""inseam"",""value"":""32"",""unit"":""cm|inch""}]},{""name"":""M"",""items"":[{""name"":""허리 둘레"",""code"":""waist-product-size"",""value"":""82"",""unit"":""cm|inch""},{""name"":""엉덩이 둘레"",""code"":""hip-product-size"",""value"":""116.5"",""unit"":""cm|inch""},{""name"":""허벅지 너비"",""code"":""thigh"",""value"":""39"",""unit"":""cm|inch""},{""name"":""밑위 길이"",""code"":""rising-length"",""value"":""32"",""unit"":""cm|inch""},{""name"":""밑단 너비"",""code"":""bottom-width"",""value"":""36"",""unit"":""cm|inch""},{""name"":""다리 길이"",""code"":""inseam"",""value"":""33"",""unit"":""cm|inch""}]},{""name"":""L"",""items"":[{""name"":""허리 둘레"",""code"":""waist-product-size"",""value"":""88"",""unit"":""cm|inch""},{""name"":""엉덩이 둘레"",""code"":""hip-product-size"",""value"":""122"",""unit"":""cm|inch""},{""name"":""허벅지 너비"",""code"":""thigh"",""value"":""40.5"",""unit"":""cm|inch""},{""name"":""밑위 길이"",""code"":""rising-length"",""value"":""33"",""unit"":""cm|inch""},{""name"":""밑단 너비"",""code"":""bottom-width"",""value"":""37"",""unit"":""cm|inch""},{""name"":""다리 길이"",""code"":""inseam"",""value"":""34"",""unit"":""cm|inch""}]},{""name"":""XL"",""items"":[{""name"":""허리 둘레"",""code"":""waist-product-size"",""value"":""96"",""unit"":""cm|inch""},{""name"":""엉덩이 둘레"",""code"":""hip-product-size"",""value"":""127.5"",""unit"":""cm|inch""},{""name"":""허벅지 너비"",""code"":""thigh"",""value"":""42"",""unit"":""cm|inch""},{""name"":""밑위 길이"",""code"":""rising-length"",""value"":""33.5"",""unit"":""cm|inch""},{""name"":""밑단 너비"",""code"":""bottom-width"",""value"":""38"",""unit"":""cm|inch""},{""name"":""다리 길이"",""code"":""inseam"",""value"":""34"",""unit"":""cm|inch""}]},{""name"":""XXL"",""items"":[{""name"":""허리 둘레"",""code"":""waist-product-size"",""value"":""102"",""unit"":""cm|inch""},{""name"":""엉덩이 둘레"",""code"":""hip-product-size"",""value"":""132.5"",""unit"":""cm|inch""},{""name"":""허벅지 너비"",""code"":""thigh"",""value"":""43.5"",""unit"":""cm|inch""},{""name"":""밑위 길이"",""code"":""rising-length"",""value"":""34.5"",""unit"":""cm|inch""},{""name"":""밑단 너비"",""code"":""bottom-width"",""value"":""39"",""unit"":""cm|inch""},{""name"":""다리 길이"",""code"":""inseam"",""value"":""34"",""unit"":""cm|inch""}]}]"
"2026-07-23 22:58:35 KST","유니클로","https://www.uniqlo.com/kr/ko/products/E487892-000","E487892-000","UNIQLO","젠더리스 턱쇼트팬츠 | UNIQLO KR","여성","/kr/ko/men/bottoms","하의","bottoms","품절/일부 품절 표시 존재","API","XS|S|M|L|XL|XXL","6","허리 둘레|엉덩이 둘레|허벅지 너비|밑위 길이|밑단 너비|다리 길이","","","","","70","107.5","35","27","14.5","31","","cm|inch","","아니오","","가능","","성공","성공","성공","예","고유","men","","bottoms","","","","","","카테고리 URL 경로","[{""name"":""XS"",""items"":[{""name"":""허리 둘레"",""code"":""waist-product-size"",""value"":""70"",""unit"":""cm|inch""},{""name"":""엉덩이 둘레"",""code"":""hip-product-size"",""value"":""107.5"",""unit"":""cm|inch""},{""name"":""허벅지 너비"",""code"":""thigh"",""value"":""35"",""unit"":""cm|inch""},{""name"":""밑위 길이"",""code"":""rising-length"",""value"":""27"",""unit"":""cm|inch""},{""name"":""밑단 너비"",""code"":""bottom-width"",""value"":""31"",""unit"":""cm|inch""},{""name"":""다리 길이"",""code"":""inseam"",""value"":""14.5"",""unit"":""cm|inch""}]},{""name"":""S"",""items"":[{""name"":""허리 둘레"",""code"":""waist-product-size"",""value"":""76"",""unit"":""cm|inch""},{""name"":""엉덩이 둘레"",""code"":""hip-product-size"",""value"":""113.5"",""unit"":""cm|inch""},{""name"":""허벅지 너비"",""code"":""thigh"",""value"":""36.5"",""unit"":""cm|inch""},{""name"":""밑위 길이"",""code"":""rising-length"",""value"":""27.5"",""unit"":""cm|inch""},{""name"":""밑단 너비"",""code"":""bottom-width"",""value"":""32.5"",""unit"":""cm|inch""},{""name"":""다리 길이"",""code"":""inseam"",""value"":""15.5"",""unit"":""cm|inch""}]},{""name"":""M"",""items"":[{""name"":""허리 둘레"",""code"":""waist-product-size"",""value"":""82"",""unit"":""cm|inch""},{""name"":""엉덩이 둘레"",""code"":""hip-product-size"",""value"":""119.5"",""unit"":""cm|inch""},{""name"":""허벅지 너비"",""code"":""thigh"",""value"":""39"",""unit"":""cm|inch""},{""name"":""밑위 길이"",""code"":""rising-length"",""value"":""28.5"",""unit"":""cm|inch""},{""name"":""밑단 너비"",""code"":""bottom-width"",""value"":""34.5"",""unit"":""cm|inch""},{""name"":""다리 길이"",""code"":""inseam"",""value"":""16"",""unit"":""cm|inch""}]},{""name"":""L"",""items"":[{""name"":""허리 둘레"",""code"":""waist-product-size"",""value"":""88"",""unit"":""cm|inch""},{""name"":""엉덩이 둘레"",""code"":""hip-product-size"",""value"":""125"",""unit"":""cm|inch""},{""name"":""허벅지 너비"",""code"":""thigh"",""value"":""40.5"",""unit"":""cm|inch""},{""name"":""밑위 길이"",""code"":""rising-length"",""value"":""29.5"",""unit"":""cm|inch""},{""name"":""밑단 너비"",""code"":""bottom-width"",""value"":""35"",""unit"":""cm|inch""},{""name"":""다리 길이"",""code"":""inseam"",""value"":""16.5"",""unit"":""cm|inch""}]},{""name"":""XL"",""items"":[{""name"":""허리 둘레"",""code"":""waist-product-size"",""value"":""96"",""unit"":""cm|inch""},{""name"":""엉덩이 둘레"",""code"":""hip-product-size"",""value"":""130.5"",""unit"":""cm|inch""},{""name"":""허벅지 너비"",""code"":""thigh"",""value"":""42"",""unit"":""cm|inch""},{""name"":""밑위 길이"",""code"":""rising-length"",""value"":""30"",""unit"":""cm|inch""},{""name"":""밑단 너비"",""code"":""bottom-width"",""value"":""36"",""unit"":""cm|inch""},{""name"":""다리 길이"",""code"":""inseam"",""value"":""17.5"",""unit"":""cm|inch""}]},{""name"":""XXL"",""items"":[{""name"":""허리 둘레"",""code"":""waist-product-size"",""value"":""102"",""unit"":""cm|inch""},{""name"":""엉덩이 둘레"",""code"":""hip-product-size"",""value"":""135.5"",""unit"":""cm|inch""},{""name"":""허벅지 너비"",""code"":""thigh"",""value"":""43.5"",""unit"":""cm|inch""},{""name"":""밑위 길이"",""code"":""rising-length"",""value"":""31"",""unit"":""cm|inch""},{""name"":""밑단 너비"",""code"":""bottom-width"",""value"":""37"",""unit"":""cm|inch""},{""name"":""다리 길이"",""code"":""inseam"",""value"":""18"",""unit"":""cm|inch""}]}]"
"2026-07-23 22:58:36 KST","유니클로","https://www.uniqlo.com/kr/ko/products/E489142-000","E489142-000","UNIQLO","젠더리스 턱쇼트팬츠(프린트플라워) | UNIQLO KR","여성","/kr/ko/men/bottoms","하의","bottoms","품절/일부 품절 표시 존재","API","XS|S|M|L|XL|XXL","6","허리 둘레|엉덩이 둘레|허벅지 너비|밑위 길이|밑단 너비|다리 길이","","","","","70","107.5","35","27","14.5","31","","cm|inch","","아니오","","가능","","성공","성공","성공","예","고유","men","","bottoms","","","","","","카테고리 URL 경로","[{""name"":""XS"",""items"":[{""name"":""허리 둘레"",""code"":""waist-product-size"",""value"":""70"",""unit"":""cm|inch""},{""name"":""엉덩이 둘레"",""code"":""hip-product-size"",""value"":""107.5"",""unit"":""cm|inch""},{""name"":""허벅지 너비"",""code"":""thigh"",""value"":""35"",""unit"":""cm|inch""},{""name"":""밑위 길이"",""code"":""rising-length"",""value"":""27"",""unit"":""cm|inch""},{""name"":""밑단 너비"",""code"":""bottom-width"",""value"":""31"",""unit"":""cm|inch""},{""name"":""다리 길이"",""code"":""inseam"",""value"":""14.5"",""unit"":""cm|inch""}]},{""name"":""S"",""items"":[{""name"":""허리 둘레"",""code"":""waist-product-size"",""value"":""76"",""unit"":""cm|inch""},{""name"":""엉덩이 둘레"",""code"":""hip-product-size"",""value"":""113.5"",""unit"":""cm|inch""},{""name"":""허벅지 너비"",""code"":""thigh"",""value"":""36.5"",""unit"":""cm|inch""},{""name"":""밑위 길이"",""code"":""rising-length"",""value"":""27.5"",""unit"":""cm|inch""},{""name"":""밑단 너비"",""code"":""bottom-width"",""value"":""32.5"",""unit"":""cm|inch""},{""name"":""다리 길이"",""code"":""inseam"",""value"":""15.5"",""unit"":""cm|inch""}]},{""name"":""M"",""items"":[{""name"":""허리 둘레"",""code"":""waist-product-size"",""value"":""82"",""unit"":""cm|inch""},{""name"":""엉덩이 둘레"",""code"":""hip-product-size"",""value"":""119.5"",""unit"":""cm|inch""},{""name"":""허벅지 너비"",""code"":""thigh"",""value"":""39"",""unit"":""cm|inch""},{""name"":""밑위 길이"",""code"":""rising-length"",""value"":""28.5"",""unit"":""cm|inch""},{""name"":""밑단 너비"",""code"":""bottom-width"",""value"":""34.5"",""unit"":""cm|inch""},{""name"":""다리 길이"",""code"":""inseam"",""value"":""16"",""unit"":""cm|inch""}]},{""name"":""L"",""items"":[{""name"":""허리 둘레"",""code"":""waist-product-size"",""value"":""88"",""unit"":""cm|inch""},{""name"":""엉덩이 둘레"",""code"":""hip-product-size"",""value"":""125"",""unit"":""cm|inch""},{""name"":""허벅지 너비"",""code"":""thigh"",""value"":""40.5"",""unit"":""cm|inch""},{""name"":""밑위 길이"",""code"":""rising-length"",""value"":""29.5"",""unit"":""cm|inch""},{""name"":""밑단 너비"",""code"":""bottom-width"",""value"":""35"",""unit"":""cm|inch""},{""name"":""다리 길이"",""code"":""inseam"",""value"":""16.5"",""unit"":""cm|inch""}]},{""name"":""XL"",""items"":[{""name"":""허리 둘레"",""code"":""waist-product-size"",""value"":""96"",""unit"":""cm|inch""},{""name"":""엉덩이 둘레"",""code"":""hip-product-size"",""value"":""130.5"",""unit"":""cm|inch""},{""name"":""허벅지 너비"",""code"":""thigh"",""value"":""42"",""unit"":""cm|inch""},{""name"":""밑위 길이"",""code"":""rising-length"",""value"":""30"",""unit"":""cm|inch""},{""name"":""밑단 너비"",""code"":""bottom-width"",""value"":""36"",""unit"":""cm|inch""},{""name"":""다리 길이"",""code"":""inseam"",""value"":""17.5"",""unit"":""cm|inch""}]},{""name"":""XXL"",""items"":[{""name"":""허리 둘레"",""code"":""waist-product-size"",""value"":""102"",""unit"":""cm|inch""},{""name"":""엉덩이 둘레"",""code"":""hip-product-size"",""value"":""135.5"",""unit"":""cm|inch""},{""name"":""허벅지 너비"",""code"":""thigh"",""value"":""43.5"",""unit"":""cm|inch""},{""name"":""밑위 길이"",""code"":""rising-length"",""value"":""31"",""unit"":""cm|inch""},{""name"":""밑단 너비"",""code"":""bottom-width"",""value"":""37"",""unit"":""cm|inch""},{""name"":""다리 길이"",""code"":""inseam"",""value"":""18"",""unit"":""cm|inch""}]}]"
"2026-07-23 22:58:37 KST","유니클로","https://www.uniqlo.com/kr/ko/products/E488997-000","E488997-000","UNIQLO","젠더리스 와이드쇼트팬츠(프린트) | UNIQLO KR","여성","/kr/ko/men/bottoms","하의","bottoms","품절/일부 품절 표시 존재","API","XS|S|M|L|XL|XXL","6","허리 둘레|엉덩이 둘레|허벅지 너비|밑위 길이|밑단 너비|다리 길이","","","","","70","104.5","35","30.5","31","33","","cm|inch","","아니오","","가능","","성공","성공","성공","예","고유","men","","bottoms","","","","","","카테고리 URL 경로","[{""name"":""XS"",""items"":[{""name"":""허리 둘레"",""code"":""waist-product-size"",""value"":""70"",""unit"":""cm|inch""},{""name"":""엉덩이 둘레"",""code"":""hip-product-size"",""value"":""104.5"",""unit"":""cm|inch""},{""name"":""허벅지 너비"",""code"":""thigh"",""value"":""35"",""unit"":""cm|inch""},{""name"":""밑위 길이"",""code"":""rising-length"",""value"":""30.5"",""unit"":""cm|inch""},{""name"":""밑단 너비"",""code"":""bottom-width"",""value"":""33"",""unit"":""cm|inch""},{""name"":""다리 길이"",""code"":""inseam"",""value"":""31"",""unit"":""cm|inch""}]},{""name"":""S"",""items"":[{""name"":""허리 둘레"",""code"":""waist-product-size"",""value"":""76"",""unit"":""cm|inch""},{""name"":""엉덩이 둘레"",""code"":""hip-product-size"",""value"":""110.5"",""unit"":""cm|inch""},{""name"":""허벅지 너비"",""code"":""thigh"",""value"":""36.5"",""unit"":""cm|inch""},{""name"":""밑위 길이"",""code"":""rising-length"",""value"":""31"",""unit"":""cm|inch""},{""name"":""밑단 너비"",""code"":""bottom-width"",""value"":""34.5"",""unit"":""cm|inch""},{""name"":""다리 길이"",""code"":""inseam"",""value"":""32"",""unit"":""cm|inch""}]},{""name"":""M"",""items"":[{""name"":""허리 둘레"",""code"":""waist-product-size"",""value"":""82"",""unit"":""cm|inch""},{""name"":""엉덩이 둘레"",""code"":""hip-product-size"",""value"":""116.5"",""unit"":""cm|inch""},{""name"":""허벅지 너비"",""code"":""thigh"",""value"":""39"",""unit"":""cm|inch""},{""name"":""밑위 길이"",""code"":""rising-length"",""value"":""32"",""unit"":""cm|inch""},{""name"":""밑단 너비"",""code"":""bottom-width"",""value"":""36"",""unit"":""cm|inch""},{""name"":""다리 길이"",""code"":""inseam"",""value"":""33"",""unit"":""cm|inch""}]},{""name"":""L"",""items"":[{""name"":""허리 둘레"",""code"":""waist-product-size"",""value"":""88"",""unit"":""cm|inch""},{""name"":""엉덩이 둘레"",""code"":""hip-product-size"",""value"":""122"",""unit"":""cm|inch""},{""name"":""허벅지 너비"",""code"":""thigh"",""value"":""40.5"",""unit"":""cm|inch""},{""name"":""밑위 길이"",""code"":""rising-length"",""value"":""33"",""unit"":""cm|inch""},{""name"":""밑단 너비"",""code"":""bottom-width"",""value"":""37"",""unit"":""cm|inch""},{""name"":""다리 길이"",""code"":""inseam"",""value"":""34"",""unit"":""cm|inch""}]},{""name"":""XL"",""items"":[{""name"":""허리 둘레"",""code"":""waist-product-size"",""value"":""96"",""unit"":""cm|inch""},{""name"":""엉덩이 둘레"",""code"":""hip-product-size"",""value"":""127.5"",""unit"":""cm|inch""},{""name"":""허벅지 너비"",""code"":""thigh"",""value"":""42"",""unit"":""cm|inch""},{""name"":""밑위 길이"",""code"":""rising-length"",""value"":""33.5"",""unit"":""cm|inch""},{""name"":""밑단 너비"",""code"":""bottom-width"",""value"":""38"",""unit"":""cm|inch""},{""name"":""다리 길이"",""code"":""inseam"",""value"":""34"",""unit"":""cm|inch""}]},{""name"":""XXL"",""items"":[{""name"":""허리 둘레"",""code"":""waist-product-size"",""value"":""102"",""unit"":""cm|inch""},{""name"":""엉덩이 둘레"",""code"":""hip-product-size"",""value"":""132.5"",""unit"":""cm|inch""},{""name"":""허벅지 너비"",""code"":""thigh"",""value"":""43.5"",""unit"":""cm|inch""},{""name"":""밑위 길이"",""code"":""rising-length"",""value"":""34.5"",""unit"":""cm|inch""},{""name"":""밑단 너비"",""code"":""bottom-width"",""value"":""39"",""unit"":""cm|inch""},{""name"":""다리 길이"",""code"":""inseam"",""value"":""34"",""unit"":""cm|inch""}]}]"
"2026-07-23 22:58:39 KST","유니클로","https://www.uniqlo.com/kr/ko/products/E489125-000","E489125-000","UNIQLO","젠더리스 턱쇼트팬츠(프린트체크) | UNIQLO KR","여성","/kr/ko/men/bottoms","하의","bottoms","품절/일부 품절 표시 존재","API","XS|S|M|L|XL|XXL","6","허리 둘레|엉덩이 둘레|허벅지 너비|밑위 길이|밑단 너비|다리 길이","","","","","70","107.5","35","27","14.5","31","","cm|inch","","아니오","","가능","","성공","성공","성공","예","고유","men","","bottoms","","","","","","카테고리 URL 경로","[{""name"":""XS"",""items"":[{""name"":""허리 둘레"",""code"":""waist-product-size"",""value"":""70"",""unit"":""cm|inch""},{""name"":""엉덩이 둘레"",""code"":""hip-product-size"",""value"":""107.5"",""unit"":""cm|inch""},{""name"":""허벅지 너비"",""code"":""thigh"",""value"":""35"",""unit"":""cm|inch""},{""name"":""밑위 길이"",""code"":""rising-length"",""value"":""27"",""unit"":""cm|inch""},{""name"":""밑단 너비"",""code"":""bottom-width"",""value"":""31"",""unit"":""cm|inch""},{""name"":""다리 길이"",""code"":""inseam"",""value"":""14.5"",""unit"":""cm|inch""}]},{""name"":""S"",""items"":[{""name"":""허리 둘레"",""code"":""waist-product-size"",""value"":""76"",""unit"":""cm|inch""},{""name"":""엉덩이 둘레"",""code"":""hip-product-size"",""value"":""113.5"",""unit"":""cm|inch""},{""name"":""허벅지 너비"",""code"":""thigh"",""value"":""36.5"",""unit"":""cm|inch""},{""name"":""밑위 길이"",""code"":""rising-length"",""value"":""27.5"",""unit"":""cm|inch""},{""name"":""밑단 너비"",""code"":""bottom-width"",""value"":""32.5"",""unit"":""cm|inch""},{""name"":""다리 길이"",""code"":""inseam"",""value"":""15.5"",""unit"":""cm|inch""}]},{""name"":""M"",""items"":[{""name"":""허리 둘레"",""code"":""waist-product-size"",""value"":""82"",""unit"":""cm|inch""},{""name"":""엉덩이 둘레"",""code"":""hip-product-size"",""value"":""119.5"",""unit"":""cm|inch""},{""name"":""허벅지 너비"",""code"":""thigh"",""value"":""39"",""unit"":""cm|inch""},{""name"":""밑위 길이"",""code"":""rising-length"",""value"":""28.5"",""unit"":""cm|inch""},{""name"":""밑단 너비"",""code"":""bottom-width"",""value"":""34.5"",""unit"":""cm|inch""},{""name"":""다리 길이"",""code"":""inseam"",""value"":""16"",""unit"":""cm|inch""}]},{""name"":""L"",""items"":[{""name"":""허리 둘레"",""code"":""waist-product-size"",""value"":""88"",""unit"":""cm|inch""},{""name"":""엉덩이 둘레"",""code"":""hip-product-size"",""value"":""125"",""unit"":""cm|inch""},{""name"":""허벅지 너비"",""code"":""thigh"",""value"":""40.5"",""unit"":""cm|inch""},{""name"":""밑위 길이"",""code"":""rising-length"",""value"":""29.5"",""unit"":""cm|inch""},{""name"":""밑단 너비"",""code"":""bottom-width"",""value"":""35"",""unit"":""cm|inch""},{""name"":""다리 길이"",""code"":""inseam"",""value"":""16.5"",""unit"":""cm|inch""}]},{""name"":""XL"",""items"":[{""name"":""허리 둘레"",""code"":""waist-product-size"",""value"":""96"",""unit"":""cm|inch""},{""name"":""엉덩이 둘레"",""code"":""hip-product-size"",""value"":""130.5"",""unit"":""cm|inch""},{""name"":""허벅지 너비"",""code"":""thigh"",""value"":""42"",""unit"":""cm|inch""},{""name"":""밑위 길이"",""code"":""rising-length"",""value"":""30"",""unit"":""cm|inch""},{""name"":""밑단 너비"",""code"":""bottom-width"",""value"":""36"",""unit"":""cm|inch""},{""name"":""다리 길이"",""code"":""inseam"",""value"":""17.5"",""unit"":""cm|inch""}]},{""name"":""XXL"",""items"":[{""name"":""허리 둘레"",""code"":""waist-product-size"",""value"":""102"",""unit"":""cm|inch""},{""name"":""엉덩이 둘레"",""code"":""hip-product-size"",""value"":""135.5"",""unit"":""cm|inch""},{""name"":""허벅지 너비"",""code"":""thigh"",""value"":""43.5"",""unit"":""cm|inch""},{""name"":""밑위 길이"",""code"":""rising-length"",""value"":""31"",""unit"":""cm|inch""},{""name"":""밑단 너비"",""code"":""bottom-width"",""value"":""37"",""unit"":""cm|inch""},{""name"":""다리 길이"",""code"":""inseam"",""value"":""18"",""unit"":""cm|inch""}]}]"
"2026-07-23 22:58:41 KST","유니클로","https://www.uniqlo.com/kr/ko/products/E482260-000","E482260-000","UNIQLO","남성 리넨블렌드이지쇼트팬츠 | UNIQLO KR","여성","/kr/ko/men/bottoms","하의","bottoms","품절/일부 품절 표시 존재","API","S|M|L|XL","4","허리 둘레|엉덩이 둘레|허벅지 너비|밑위 길이|밑단 너비|다리 길이","","","","","70","104","33.5","28.5","17","28.5","","cm|inch","","아니오","","가능","","성공","성공","성공","예","고유","men","","bottoms","","","","","","카테고리 URL 경로","[{""name"":""S"",""items"":[{""name"":""허리 둘레"",""code"":""waist-product-size"",""value"":""70"",""unit"":""cm|inch""},{""name"":""엉덩이 둘레"",""code"":""hip-product-size"",""value"":""104"",""unit"":""cm|inch""},{""name"":""허벅지 너비"",""code"":""thigh"",""value"":""33.5"",""unit"":""cm|inch""},{""name"":""밑위 길이"",""code"":""rising-length"",""value"":""28.5"",""unit"":""cm|inch""},{""name"":""밑단 너비"",""code"":""bottom-width"",""value"":""28.5"",""unit"":""cm|inch""},{""name"":""다리 길이"",""code"":""inseam"",""value"":""17"",""unit"":""cm|inch""}]},{""name"":""M"",""items"":[{""name"":""허리 둘레"",""code"":""waist-product-size"",""value"":""76"",""unit"":""cm|inch""},{""name"":""엉덩이 둘레"",""code"":""hip-product-size"",""value"":""110"",""unit"":""cm|inch""},{""name"":""허벅지 너비"",""code"":""thigh"",""value"":""35"",""unit"":""cm|inch""},{""name"":""밑위 길이"",""code"":""rising-length"",""value"":""29.5"",""unit"":""cm|inch""},{""name"":""밑단 너비"",""code"":""bottom-width"",""value"":""29.5"",""unit"":""cm|inch""},{""name"":""다리 길이"",""code"":""inseam"",""value"":""18"",""unit"":""cm|inch""}]},{""name"":""L"",""items"":[{""name"":""허리 둘레"",""code"":""waist-product-size"",""value"":""82"",""unit"":""cm|inch""},{""name"":""엉덩이 둘레"",""code"":""hip-product-size"",""value"":""116"",""unit"":""cm|inch""},{""name"":""허벅지 너비"",""code"":""thigh"",""value"":""37"",""unit"":""cm|inch""},{""name"":""밑위 길이"",""code"":""rising-length"",""value"":""30.5"",""unit"":""cm|inch""},{""name"":""밑단 너비"",""code"":""bottom-width"",""value"":""30.5"",""unit"":""cm|inch""},{""name"":""다리 길이"",""code"":""inseam"",""value"":""18.5"",""unit"":""cm|inch""}]},{""name"":""XL"",""items"":[{""name"":""허리 둘레"",""code"":""waist-product-size"",""value"":""90"",""unit"":""cm|inch""},{""name"":""엉덩이 둘레"",""code"":""hip-product-size"",""value"":""123.5"",""unit"":""cm|inch""},{""name"":""허벅지 너비"",""code"":""thigh"",""value"":""39.5"",""unit"":""cm|inch""},{""name"":""밑위 길이"",""code"":""rising-length"",""value"":""31"",""unit"":""cm|inch""},{""name"":""밑단 너비"",""code"":""bottom-width"",""value"":""31.5"",""unit"":""cm|inch""},{""name"":""다리 길이"",""code"":""inseam"",""value"":""19"",""unit"":""cm|inch""}]}]"
"2026-07-23 22:58:42 KST","유니클로","https://www.uniqlo.com/kr/ko/products/E481582-000","E481582-000","UNIQLO","젠더리스 스트레치이지쇼트팬츠 | UNIQLO KR","여성","/kr/ko/men/bottoms","하의","bottoms","품절/일부 품절 표시 존재","API","S|M|L|XL","4","허리 둘레|엉덩이 둘레|허벅지 너비|밑위 길이|밑단 너비|다리 길이","","","","","70","102","33","29","19.5","27","","cm|inch","","아니오","","가능","","성공","성공","성공","예","고유","men","","bottoms","","","","","","카테고리 URL 경로","[{""name"":""S"",""items"":[{""name"":""허리 둘레"",""code"":""waist-product-size"",""value"":""70"",""unit"":""cm|inch""},{""name"":""엉덩이 둘레"",""code"":""hip-product-size"",""value"":""102"",""unit"":""cm|inch""},{""name"":""허벅지 너비"",""code"":""thigh"",""value"":""33"",""unit"":""cm|inch""},{""name"":""밑위 길이"",""code"":""rising-length"",""value"":""29"",""unit"":""cm|inch""},{""name"":""밑단 너비"",""code"":""bottom-width"",""value"":""27"",""unit"":""cm|inch""},{""name"":""다리 길이"",""code"":""inseam"",""value"":""19.5"",""unit"":""cm|inch""}]},{""name"":""M"",""items"":[{""name"":""허리 둘레"",""code"":""waist-product-size"",""value"":""76"",""unit"":""cm|inch""},{""name"":""엉덩이 둘레"",""code"":""hip-product-size"",""value"":""108"",""unit"":""cm|inch""},{""name"":""허벅지 너비"",""code"":""thigh"",""value"":""35"",""unit"":""cm|inch""},{""name"":""밑위 길이"",""code"":""rising-length"",""value"":""30"",""unit"":""cm|inch""},{""name"":""밑단 너비"",""code"":""bottom-width"",""value"":""28"",""unit"":""cm|inch""},{""name"":""다리 길이"",""code"":""inseam"",""value"":""20.5"",""unit"":""cm|inch""}]},{""name"":""L"",""items"":[{""name"":""허리 둘레"",""code"":""waist-product-size"",""value"":""82"",""unit"":""cm|inch""},{""name"":""엉덩이 둘레"",""code"":""hip-product-size"",""value"":""114"",""unit"":""cm|inch""},{""name"":""허벅지 너비"",""code"":""thigh"",""value"":""36.5"",""unit"":""cm|inch""},{""name"":""밑위 길이"",""code"":""rising-length"",""value"":""31"",""unit"":""cm|inch""},{""name"":""밑단 너비"",""code"":""bottom-width"",""value"":""29"",""unit"":""cm|inch""},{""name"":""다리 길이"",""code"":""inseam"",""value"":""21"",""unit"":""cm|inch""}]},{""name"":""XL"",""items"":[{""name"":""허리 둘레"",""code"":""waist-product-size"",""value"":""90"",""unit"":""cm|inch""},{""name"":""엉덩이 둘레"",""code"":""hip-product-size"",""value"":""121.5"",""unit"":""cm|inch""},{""name"":""허벅지 너비"",""code"":""thigh"",""value"":""39"",""unit"":""cm|inch""},{""name"":""밑위 길이"",""code"":""rising-length"",""value"":""31.5"",""unit"":""cm|inch""},{""name"":""밑단 너비"",""code"":""bottom-width"",""value"":""30"",""unit"":""cm|inch""},{""name"":""다리 길이"",""code"":""inseam"",""value"":""21.5"",""unit"":""cm|inch""}]}]"
"2026-07-23 22:58:43 KST","유니클로","https://www.uniqlo.com/kr/ko/products/E458325-000","E458325-000","UNIQLO","젠더리스 스트레치이지쇼트팬츠(시어서커) | UNIQLO KR","여성","/kr/ko/men/bottoms","하의","bottoms","품절/일부 품절 표시 존재","API","XS|S|M|L|XL|XXL|3XL|4XL","8","허리 둘레|엉덩이 둘레|허벅지 너비|밑위 길이|밑단 너비|다리 길이","","","","","64","96","31.5","28.5","19","25.5","","cm|inch","","아니오","","가능","","성공","성공","성공","예","고유","men","","bottoms","","","","","","카테고리 URL 경로","[{""name"":""XS"",""items"":[{""name"":""허리 둘레"",""code"":""waist-product-size"",""value"":""64"",""unit"":""cm|inch""},{""name"":""엉덩이 둘레"",""code"":""hip-product-size"",""value"":""96"",""unit"":""cm|inch""},{""name"":""허벅지 너비"",""code"":""thigh"",""value"":""31.5"",""unit"":""cm|inch""},{""name"":""밑위 길이"",""code"":""rising-length"",""value"":""28.5"",""unit"":""cm|inch""},{""name"":""밑단 너비"",""code"":""bottom-width"",""value"":""25.5"",""unit"":""cm|inch""},{""name"":""다리 길이"",""code"":""inseam"",""value"":""19"",""unit"":""cm|inch""}]},{""name"":""S"",""items"":[{""name"":""허리 둘레"",""code"":""waist-product-size"",""value"":""70"",""unit"":""cm|inch""},{""name"":""엉덩이 둘레"",""code"":""hip-product-size"",""value"":""102"",""unit"":""cm|inch""},{""name"":""허벅지 너비"",""code"":""thigh"",""value"":""33"",""unit"":""cm|inch""},{""name"":""밑위 길이"",""code"":""rising-length"",""value"":""29"",""unit"":""cm|inch""},{""name"":""밑단 너비"",""code"":""bottom-width"",""value"":""27"",""unit"":""cm|inch""},{""name"":""다리 길이"",""code"":""inseam"",""value"":""19.5"",""unit"":""cm|inch""}]},{""name"":""M"",""items"":[{""name"":""허리 둘레"",""code"":""waist-product-size"",""value"":""76"",""unit"":""cm|inch""},{""name"":""엉덩이 둘레"",""code"":""hip-product-size"",""value"":""108"",""unit"":""cm|inch""},{""name"":""허벅지 너비"",""code"":""thigh"",""value"":""35"",""unit"":""cm|inch""},{""name"":""밑위 길이"",""code"":""rising-length"",""value"":""30"",""unit"":""cm|inch""},{""name"":""밑단 너비"",""code"":""bottom-width"",""value"":""28"",""unit"":""cm|inch""},{""name"":""다리 길이"",""code"":""inseam"",""value"":""20.5"",""unit"":""cm|inch""}]},{""name"":""L"",""items"":[{""name"":""허리 둘레"",""code"":""waist-product-size"",""value"":""82"",""unit"":""cm|inch""},{""name"":""엉덩이 둘레"",""code"":""hip-product-size"",""value"":""114"",""unit"":""cm|inch""},{""name"":""허벅지 너비"",""code"":""thigh"",""value"":""36.5"",""unit"":""cm|inch""},{""name"":""밑위 길이"",""code"":""rising-length"",""value"":""31"",""unit"":""cm|inch""},{""name"":""밑단 너비"",""code"":""bottom-width"",""value"":""29"",""unit"":""cm|inch""},{""name"":""다리 길이"",""code"":""inseam"",""value"":""21"",""unit"":""cm|inch""}]},{""name"":""XL"",""items"":[{""name"":""허리 둘레"",""code"":""waist-product-size"",""value"":""90"",""unit"":""cm|inch""},{""name"":""엉덩이 둘레"",""code"":""hip-product-size"",""value"":""121.5"",""unit"":""cm|inch""},{""name"":""허벅지 너비"",""code"":""thigh"",""value"":""39"",""unit"":""cm|inch""},{""name"":""밑위 길이"",""code"":""rising-length"",""value"":""31.5"",""unit"":""cm|inch""},{""name"":""밑단 너비"",""code"":""bottom-width"",""value"":""30"",""unit"":""cm|inch""},{""name"":""다리 길이"",""code"":""inseam"",""value"":""21.5"",""unit"":""cm|inch""}]},{""name"":""XXL"",""items"":[{""name"":""허리 둘레"",""code"":""waist-product-size"",""value"":""96"",""unit"":""cm|inch""},{""name"":""엉덩이 둘레"",""code"":""hip-product-size"",""value"":""126"",""unit"":""cm|inch""},{""name"":""허벅지 너비"",""code"":""thigh"",""value"":""40.5"",""unit"":""cm|inch""},{""name"":""밑위 길이"",""code"":""rising-length"",""value"":""32.5"",""unit"":""cm|inch""},{""name"":""밑단 너비"",""code"":""bottom-width"",""value"":""31.5"",""unit"":""cm|inch""},{""name"":""다리 길이"",""code"":""inseam"",""value"":""22.5"",""unit"":""cm|inch""}]},{""name"":""3XL"",""items"":[{""name"":""허리 둘레"",""code"":""waist-product-size"",""value"":""101"",""unit"":""cm|inch""},{""name"":""엉덩이 둘레"",""code"":""hip-product-size"",""value"":""131"",""unit"":""cm|inch""},{""name"":""허벅지 너비"",""code"":""thigh"",""value"":""42"",""unit"":""cm|inch""},{""name"":""밑위 길이"",""code"":""rising-length"",""value"":""33.5"",""unit"":""cm|inch""},{""name"":""밑단 너비"",""code"":""bottom-width"",""value"":""32.5"",""unit"":""cm|inch""},{""name"":""다리 길이"",""code"":""inseam"",""value"":""22.5"",""unit"":""cm|inch""}]},{""name"":""4XL"",""items"":[{""name"":""허리 둘레"",""code"":""waist-product-size"",""value"":""106"",""unit"":""cm|inch""},{""name"":""엉덩이 둘레"",""code"":""hip-product-size"",""value"":""135.5"",""unit"":""cm|inch""},{""name"":""허벅지 너비"",""code"":""thigh"",""value"":""43.5"",""unit"":""cm|inch""},{""name"":""밑위 길이"",""code"":""rising-length"",""value"":""34.5"",""unit"":""cm|inch""},{""name"":""밑단 너비"",""code"":""bottom-width"",""value"":""33.5"",""unit"":""cm|inch""},{""name"":""다리 길이"",""code"":""inseam"",""value"":""22.5"",""unit"":""cm|inch""}]}]"
"2026-07-23 22:58:45 KST","유니클로","https://www.uniqlo.com/kr/ko/products/E481583-000","E481583-000","UNIQLO","젠더리스 스트레치이지쇼트팬츠(데님) | UNIQLO KR","여성","/kr/ko/men/bottoms","하의","bottoms","품절/일부 품절 표시 존재","API","S|M|L|XL","4","허리 둘레|엉덩이 둘레|허벅지 너비|밑위 길이|밑단 너비|다리 길이","","","","","70","102","33","29","19.5","27","","cm|inch","","아니오","","가능","","성공","성공","성공","예","고유","men","","bottoms","","","","","","카테고리 URL 경로","[{""name"":""S"",""items"":[{""name"":""허리 둘레"",""code"":""waist-product-size"",""value"":""70"",""unit"":""cm|inch""},{""name"":""엉덩이 둘레"",""code"":""hip-product-size"",""value"":""102"",""unit"":""cm|inch""},{""name"":""허벅지 너비"",""code"":""thigh"",""value"":""33"",""unit"":""cm|inch""},{""name"":""밑위 길이"",""code"":""rising-length"",""value"":""29"",""unit"":""cm|inch""},{""name"":""밑단 너비"",""code"":""bottom-width"",""value"":""27"",""unit"":""cm|inch""},{""name"":""다리 길이"",""code"":""inseam"",""value"":""19.5"",""unit"":""cm|inch""}]},{""name"":""M"",""items"":[{""name"":""허리 둘레"",""code"":""waist-product-size"",""value"":""76"",""unit"":""cm|inch""},{""name"":""엉덩이 둘레"",""code"":""hip-product-size"",""value"":""108"",""unit"":""cm|inch""},{""name"":""허벅지 너비"",""code"":""thigh"",""value"":""35"",""unit"":""cm|inch""},{""name"":""밑위 길이"",""code"":""rising-length"",""value"":""30"",""unit"":""cm|inch""},{""name"":""밑단 너비"",""code"":""bottom-width"",""value"":""28"",""unit"":""cm|inch""},{""name"":""다리 길이"",""code"":""inseam"",""value"":""20.5"",""unit"":""cm|inch""}]},{""name"":""L"",""items"":[{""name"":""허리 둘레"",""code"":""waist-product-size"",""value"":""82"",""unit"":""cm|inch""},{""name"":""엉덩이 둘레"",""code"":""hip-product-size"",""value"":""114"",""unit"":""cm|inch""},{""name"":""허벅지 너비"",""code"":""thigh"",""value"":""36.5"",""unit"":""cm|inch""},{""name"":""밑위 길이"",""code"":""rising-length"",""value"":""31"",""unit"":""cm|inch""},{""name"":""밑단 너비"",""code"":""bottom-width"",""value"":""29"",""unit"":""cm|inch""},{""name"":""다리 길이"",""code"":""inseam"",""value"":""21"",""unit"":""cm|inch""}]},{""name"":""XL"",""items"":[{""name"":""허리 둘레"",""code"":""waist-product-size"",""value"":""90"",""unit"":""cm|inch""},{""name"":""엉덩이 둘레"",""code"":""hip-product-size"",""value"":""121.5"",""unit"":""cm|inch""},{""name"":""허벅지 너비"",""code"":""thigh"",""value"":""39"",""unit"":""cm|inch""},{""name"":""밑위 길이"",""code"":""rising-length"",""value"":""31.5"",""unit"":""cm|inch""},{""name"":""밑단 너비"",""code"":""bottom-width"",""value"":""30"",""unit"":""cm|inch""},{""name"":""다리 길이"",""code"":""inseam"",""value"":""21.5"",""unit"":""cm|inch""}]}]"
"2026-07-23 22:58:46 KST","유니클로","https://www.uniqlo.com/kr/ko/products/E485739-000","E485739-000","UNIQLO","젠더리스 이지쇼트팬츠 | UNIQLO KR","여성","/kr/ko/men/bottoms","하의","bottoms","품절/일부 품절 표시 존재","API","XS|S|M|L|XL|XXL","6","허리 둘레|엉덩이 둘레|허벅지 너비|밑위 길이|밑단 너비|다리 길이","","","","","66","102","32.5","28.5","13","29.5","","cm|inch","","아니오","","가능","","성공","성공","성공","예","고유","men","","bottoms","","","","","","카테고리 URL 경로","[{""name"":""XS"",""items"":[{""name"":""허리 둘레"",""code"":""waist-product-size"",""value"":""66"",""unit"":""cm|inch""},{""name"":""엉덩이 둘레"",""code"":""hip-product-size"",""value"":""102"",""unit"":""cm|inch""},{""name"":""허벅지 너비"",""code"":""thigh"",""value"":""32.5"",""unit"":""cm|inch""},{""name"":""밑위 길이"",""code"":""rising-length"",""value"":""28.5"",""unit"":""cm|inch""},{""name"":""밑단 너비"",""code"":""bottom-width"",""value"":""29.5"",""unit"":""cm|inch""},{""name"":""다리 길이"",""code"":""inseam"",""value"":""13"",""unit"":""cm|inch""}]},{""name"":""S"",""items"":[{""name"":""허리 둘레"",""code"":""waist-product-size"",""value"":""72"",""unit"":""cm|inch""},{""name"":""엉덩이 둘레"",""code"":""hip-product-size"",""value"":""108"",""unit"":""cm|inch""},{""name"":""허벅지 너비"",""code"":""thigh"",""value"":""34.5"",""unit"":""cm|inch""},{""name"":""밑위 길이"",""code"":""rising-length"",""value"":""29"",""unit"":""cm|inch""},{""name"":""밑단 너비"",""code"":""bottom-width"",""value"":""31"",""unit"":""cm|inch""},{""name"":""다리 길이"",""code"":""inseam"",""value"":""13.5"",""unit"":""cm|inch""}]},{""name"":""M"",""items"":[{""name"":""허리 둘레"",""code"":""waist-product-size"",""value"":""78"",""unit"":""cm|inch""},{""name"":""엉덩이 둘레"",""code"":""hip-product-size"",""value"":""114"",""unit"":""cm|inch""},{""name"":""허벅지 너비"",""code"":""thigh"",""value"":""36.5"",""unit"":""cm|inch""},{""name"":""밑위 길이"",""code"":""rising-length"",""value"":""30"",""unit"":""cm|inch""},{""name"":""밑단 너비"",""code"":""bottom-width"",""value"":""32.5"",""unit"":""cm|inch""},{""name"":""다리 길이"",""code"":""inseam"",""value"":""14.5"",""unit"":""cm|inch""}]},{""name"":""L"",""items"":[{""name"":""허리 둘레"",""code"":""waist-product-size"",""value"":""84"",""unit"":""cm|inch""},{""name"":""엉덩이 둘레"",""code"":""hip-product-size"",""value"":""120"",""unit"":""cm|inch""},{""name"":""허벅지 너비"",""code"":""thigh"",""value"":""38.5"",""unit"":""cm|inch""},{""name"":""밑위 길이"",""code"":""rising-length"",""value"":""30.5"",""unit"":""cm|inch""},{""name"":""밑단 너비"",""code"":""bottom-width"",""value"":""33.5"",""unit"":""cm|inch""},{""name"":""다리 길이"",""code"":""inseam"",""value"":""15"",""unit"":""cm|inch""}]},{""name"":""XL"",""items"":[{""name"":""허리 둘레"",""code"":""waist-product-size"",""value"":""92"",""unit"":""cm|inch""},{""name"":""엉덩이 둘레"",""code"":""hip-product-size"",""value"":""128"",""unit"":""cm|inch""},{""name"":""허벅지 너비"",""code"":""thigh"",""value"":""40.5"",""unit"":""cm|inch""},{""name"":""밑위 길이"",""code"":""rising-length"",""value"":""31.5"",""unit"":""cm|inch""},{""name"":""밑단 너비"",""code"":""bottom-width"",""value"":""34.5"",""unit"":""cm|inch""},{""name"":""다리 길이"",""code"":""inseam"",""value"":""15.5"",""unit"":""cm|inch""}]},{""name"":""XXL"",""items"":[{""name"":""허리 둘레"",""code"":""waist-product-size"",""value"":""98"",""unit"":""cm|inch""},{""name"":""엉덩이 둘레"",""code"":""hip-product-size"",""value"":""133"",""unit"":""cm|inch""},{""name"":""허벅지 너비"",""code"":""thigh"",""value"":""42.5"",""unit"":""cm|inch""},{""name"":""밑위 길이"",""code"":""rising-length"",""value"":""32.5"",""unit"":""cm|inch""},{""name"":""밑단 너비"",""code"":""bottom-width"",""value"":""36"",""unit"":""cm|inch""},{""name"":""다리 길이"",""code"":""inseam"",""value"":""16.5"",""unit"":""cm|inch""}]}]"
"2026-07-23 22:58:47 KST","유니클로","https://www.uniqlo.com/kr/ko/products/E482758-000","E482758-000","UNIQLO","젠더리스 스웨트와이드쇼트팬츠 | UNIQLO KR","여성","/kr/ko/men/bottoms","하의","bottoms","품절/일부 품절 표시 존재","API","XS|S|M|L|XL|XXL|3XL|4XL","8","허리 둘레|엉덩이 둘레|허벅지 너비|밑위 길이|밑단 너비|다리 길이","","","","","62","101.5","33","32.5","21.5","28.5","","cm|inch","","아니오","","가능","","성공","성공","성공","예","고유","men","","bottoms","","","","","","카테고리 URL 경로","[{""name"":""XS"",""items"":[{""name"":""허리 둘레"",""code"":""waist-product-size"",""value"":""62"",""unit"":""cm|inch""},{""name"":""엉덩이 둘레"",""code"":""hip-product-size"",""value"":""101.5"",""unit"":""cm|inch""},{""name"":""허벅지 너비"",""code"":""thigh"",""value"":""33"",""unit"":""cm|inch""},{""name"":""밑위 길이"",""code"":""rising-length"",""value"":""32.5"",""unit"":""cm|inch""},{""name"":""밑단 너비"",""code"":""bottom-width"",""value"":""28.5"",""unit"":""cm|inch""},{""name"":""다리 길이"",""code"":""inseam"",""value"":""21.5"",""unit"":""cm|inch""}]},{""name"":""S"",""items"":[{""name"":""허리 둘레"",""code"":""waist-product-size"",""value"":""68"",""unit"":""cm|inch""},{""name"":""엉덩이 둘레"",""code"":""hip-product-size"",""value"":""107.5"",""unit"":""cm|inch""},{""name"":""허벅지 너비"",""code"":""thigh"",""value"":""34.5"",""unit"":""cm|inch""},{""name"":""밑위 길이"",""code"":""rising-length"",""value"":""33.5"",""unit"":""cm|inch""},{""name"":""밑단 너비"",""code"":""bottom-width"",""value"":""30"",""unit"":""cm|inch""},{""name"":""다리 길이"",""code"":""inseam"",""value"":""22.5"",""unit"":""cm|inch""}]},{""name"":""M"",""items"":[{""name"":""허리 둘레"",""code"":""waist-product-size"",""value"":""74"",""unit"":""cm|inch""},{""name"":""엉덩이 둘레"",""code"":""hip-product-size"",""value"":""113.5"",""unit"":""cm|inch""},{""name"":""허벅지 너비"",""code"":""thigh"",""value"":""36.5"",""unit"":""cm|inch""},{""name"":""밑위 길이"",""code"":""rising-length"",""value"":""34"",""unit"":""cm|inch""},{""name"":""밑단 너비"",""code"":""bottom-width"",""value"":""31"",""unit"":""cm|inch""},{""name"":""다리 길이"",""code"":""inseam"",""value"":""23"",""unit"":""cm|inch""}]},{""name"":""L"",""items"":[{""name"":""허리 둘레"",""code"":""waist-product-size"",""value"":""80"",""unit"":""cm|inch""},{""name"":""엉덩이 둘레"",""code"":""hip-product-size"",""value"":""119.5"",""unit"":""cm|inch""},{""name"":""허벅지 너비"",""code"":""thigh"",""value"":""38"",""unit"":""cm|inch""},{""name"":""밑위 길이"",""code"":""rising-length"",""value"":""35"",""unit"":""cm|inch""},{""name"":""밑단 너비"",""code"":""bottom-width"",""value"":""32"",""unit"":""cm|inch""},{""name"":""다리 길이"",""code"":""inseam"",""value"":""24"",""unit"":""cm|inch""}]},{""name"":""XL"",""items"":[{""name"":""허리 둘레"",""code"":""waist-product-size"",""value"":""88"",""unit"":""cm|inch""},{""name"":""엉덩이 둘레"",""code"":""hip-product-size"",""value"":""126.5"",""unit"":""cm|inch""},{""name"":""허벅지 너비"",""code"":""thigh"",""value"":""40"",""unit"":""cm|inch""},{""name"":""밑위 길이"",""code"":""rising-length"",""value"":""36"",""unit"":""cm|inch""},{""name"":""밑단 너비"",""code"":""bottom-width"",""value"":""32.5"",""unit"":""cm|inch""},{""name"":""다리 길이"",""code"":""inseam"",""value"":""24.5"",""unit"":""cm|inch""}]},{""name"":""XXL"",""items"":[{""name"":""허리 둘레"",""code"":""waist-product-size"",""value"":""94"",""unit"":""cm|inch""},{""name"":""엉덩이 둘레"",""code"":""hip-product-size"",""value"":""130.5"",""unit"":""cm|inch""},{""name"":""허벅지 너비"",""code"":""thigh"",""value"":""41"",""unit"":""cm|inch""},{""name"":""밑위 길이"",""code"":""rising-length"",""value"":""37"",""unit"":""cm|inch""},{""name"":""밑단 너비"",""code"":""bottom-width"",""value"":""33.5"",""unit"":""cm|inch""},{""name"":""다리 길이"",""code"":""inseam"",""value"":""25"",""unit"":""cm|inch""}]},{""name"":""3XL"",""items"":[{""name"":""허리 둘레"",""code"":""waist-product-size"",""value"":""99"",""unit"":""cm|inch""},{""name"":""엉덩이 둘레"",""code"":""hip-product-size"",""value"":""135"",""unit"":""cm|inch""},{""name"":""허벅지 너비"",""code"":""thigh"",""value"":""42.5"",""unit"":""cm|inch""},{""name"":""밑위 길이"",""code"":""rising-length"",""value"":""38"",""unit"":""cm|inch""},{""name"":""밑단 너비"",""code"":""bottom-width"",""value"":""34.5"",""unit"":""cm|inch""},{""name"":""다리 길이"",""code"":""inseam"",""value"":""25"",""unit"":""cm|inch""}]},{""name"":""4XL"",""items"":[{""name"":""허리 둘레"",""code"":""waist-product-size"",""value"":""104"",""unit"":""cm|inch""},{""name"":""엉덩이 둘레"",""code"":""hip-product-size"",""value"":""140"",""unit"":""cm|inch""},{""name"":""허벅지 너비"",""code"":""thigh"",""value"":""44"",""unit"":""cm|inch""},{""name"":""밑위 길이"",""code"":""rising-length"",""value"":""39"",""unit"":""cm|inch""},{""name"":""밑단 너비"",""code"":""bottom-width"",""value"":""35.5"",""unit"":""cm|inch""},{""name"":""다리 길이"",""code"":""inseam"",""value"":""25"",""unit"":""cm|inch""}]}]"
"2026-07-23 22:58:48 KST","유니클로","https://www.uniqlo.com/kr/ko/products/E476225-000","E476225-000","UNIQLO","젠더리스 스웨트와이드쇼트팬츠 | UNIQLO KR","여성","/kr/ko/men/bottoms","하의","bottoms","품절/일부 품절 표시 존재","API","XS|S|M|L|XL|XXL|3XL|4XL","8","허리 둘레|엉덩이 둘레|허벅지 너비|밑위 길이|밑단 너비|다리 길이","","","","","62","101.5","33","32.5","21.5","28.5","","cm|inch","","아니오","","가능","","성공","성공","성공","예","고유","men","","bottoms","","","","","","카테고리 URL 경로","[{""name"":""XS"",""items"":[{""name"":""허리 둘레"",""code"":""waist-product-size"",""value"":""62"",""unit"":""cm|inch""},{""name"":""엉덩이 둘레"",""code"":""hip-product-size"",""value"":""101.5"",""unit"":""cm|inch""},{""name"":""허벅지 너비"",""code"":""thigh"",""value"":""33"",""unit"":""cm|inch""},{""name"":""밑위 길이"",""code"":""rising-length"",""value"":""32.5"",""unit"":""cm|inch""},{""name"":""밑단 너비"",""code"":""bottom-width"",""value"":""28.5"",""unit"":""cm|inch""},{""name"":""다리 길이"",""code"":""inseam"",""value"":""21.5"",""unit"":""cm|inch""}]},{""name"":""S"",""items"":[{""name"":""허리 둘레"",""code"":""waist-product-size"",""value"":""68"",""unit"":""cm|inch""},{""name"":""엉덩이 둘레"",""code"":""hip-product-size"",""value"":""107.5"",""unit"":""cm|inch""},{""name"":""허벅지 너비"",""code"":""thigh"",""value"":""34.5"",""unit"":""cm|inch""},{""name"":""밑위 길이"",""code"":""rising-length"",""value"":""33.5"",""unit"":""cm|inch""},{""name"":""밑단 너비"",""code"":""bottom-width"",""value"":""30"",""unit"":""cm|inch""},{""name"":""다리 길이"",""code"":""inseam"",""value"":""22.5"",""unit"":""cm|inch""}]},{""name"":""M"",""items"":[{""name"":""허리 둘레"",""code"":""waist-product-size"",""value"":""74"",""unit"":""cm|inch""},{""name"":""엉덩이 둘레"",""code"":""hip-product-size"",""value"":""113.5"",""unit"":""cm|inch""},{""name"":""허벅지 너비"",""code"":""thigh"",""value"":""36.5"",""unit"":""cm|inch""},{""name"":""밑위 길이"",""code"":""rising-length"",""value"":""34"",""unit"":""cm|inch""},{""name"":""밑단 너비"",""code"":""bottom-width"",""value"":""31"",""unit"":""cm|inch""},{""name"":""다리 길이"",""code"":""inseam"",""value"":""23"",""unit"":""cm|inch""}]},{""name"":""L"",""items"":[{""name"":""허리 둘레"",""code"":""waist-product-size"",""value"":""80"",""unit"":""cm|inch""},{""name"":""엉덩이 둘레"",""code"":""hip-product-size"",""value"":""119.5"",""unit"":""cm|inch""},{""name"":""허벅지 너비"",""code"":""thigh"",""value"":""38"",""unit"":""cm|inch""},{""name"":""밑위 길이"",""code"":""rising-length"",""value"":""35"",""unit"":""cm|inch""},{""name"":""밑단 너비"",""code"":""bottom-width"",""value"":""32"",""unit"":""cm|inch""},{""name"":""다리 길이"",""code"":""inseam"",""value"":""24"",""unit"":""cm|inch""}]},{""name"":""XL"",""items"":[{""name"":""허리 둘레"",""code"":""waist-product-size"",""value"":""88"",""unit"":""cm|inch""},{""name"":""엉덩이 둘레"",""code"":""hip-product-size"",""value"":""127"",""unit"":""cm|inch""},{""name"":""허벅지 너비"",""code"":""thigh"",""value"":""40.5"",""unit"":""cm|inch""},{""name"":""밑위 길이"",""code"":""rising-length"",""value"":""36"",""unit"":""cm|inch""},{""name"":""밑단 너비"",""code"":""bottom-width"",""value"":""33"",""unit"":""cm|inch""},{""name"":""다리 길이"",""code"":""inseam"",""value"":""24.5"",""unit"":""cm|inch""}]},{""name"":""XXL"",""items"":[{""name"":""허리 둘레"",""code"":""waist-product-size"",""value"":""94"",""unit"":""cm|inch""},{""name"":""엉덩이 둘레"",""code"":""hip-product-size"",""value"":""132"",""unit"":""cm|inch""},{""name"":""허벅지 너비"",""code"":""thigh"",""value"":""42"",""unit"":""cm|inch""},{""name"":""밑위 길이"",""code"":""rising-length"",""value"":""37"",""unit"":""cm|inch""},{""name"":""밑단 너비"",""code"":""bottom-width"",""value"":""34.5"",""unit"":""cm|inch""},{""name"":""다리 길이"",""code"":""inseam"",""value"":""25"",""unit"":""cm|inch""}]},{""name"":""3XL"",""items"":[{""name"":""허리 둘레"",""code"":""waist-product-size"",""value"":""99"",""unit"":""cm|inch""},{""name"":""엉덩이 둘레"",""code"":""hip-product-size"",""value"":""136.5"",""unit"":""cm|inch""},{""name"":""허벅지 너비"",""code"":""thigh"",""value"":""43.5"",""unit"":""cm|inch""},{""name"":""밑위 길이"",""code"":""rising-length"",""value"":""38"",""unit"":""cm|inch""},{""name"":""밑단 너비"",""code"":""bottom-width"",""value"":""35.5"",""unit"":""cm|inch""},{""name"":""다리 길이"",""code"":""inseam"",""value"":""25"",""unit"":""cm|inch""}]},{""name"":""4XL"",""items"":[{""name"":""허리 둘레"",""code"":""waist-product-size"",""value"":""104"",""unit"":""cm|inch""},{""name"":""엉덩이 둘레"",""code"":""hip-product-size"",""value"":""141"",""unit"":""cm|inch""},{""name"":""허벅지 너비"",""code"":""thigh"",""value"":""45"",""unit"":""cm|inch""},{""name"":""밑위 길이"",""code"":""rising-length"",""value"":""39"",""unit"":""cm|inch""},{""name"":""밑단 너비"",""code"":""bottom-width"",""value"":""36.5"",""unit"":""cm|inch""},{""name"":""다리 길이"",""code"":""inseam"",""value"":""25"",""unit"":""cm|inch""}]}]"
"2026-07-23 22:58:49 KST","유니클로","https://www.uniqlo.com/kr/ko/products/E483512-000","E483512-000","UNIQLO","여성 데님쇼트팬츠 | UNIQLO KR","여성","/kr/ko/women/bottoms","하의","bottoms","품절/일부 품절 표시 존재","API","22|23|24|25|26|27|28|29|30","9","허리 둘레|엉덩이 둘레|허벅지 너비|밑위 길이|밑단 너비|다리 길이","","","","","67.5","94","30.5","26.5","22.5","29","","cm|inch","","아니오","","가능","","성공","성공","성공","예","고유","women","","bottoms","","","","","","카테고리 URL 경로","[{""name"":""22"",""items"":[{""name"":""허리 둘레"",""code"":""waist-product-size"",""value"":""67.5"",""unit"":""cm|inch""},{""name"":""엉덩이 둘레"",""code"":""hip-product-size"",""value"":""94"",""unit"":""cm|inch""},{""name"":""허벅지 너비"",""code"":""thigh"",""value"":""30.5"",""unit"":""cm|inch""},{""name"":""밑위 길이"",""code"":""rising-length"",""value"":""26.5"",""unit"":""cm|inch""},{""name"":""밑단 너비"",""code"":""bottom-width"",""value"":""29"",""unit"":""cm|inch""},{""name"":""다리 길이"",""code"":""inseam"",""value"":""22.5"",""unit"":""cm|inch""}]},{""name"":""23"",""items"":[{""name"":""허리 둘레"",""code"":""waist-product-size"",""value"":""70"",""unit"":""cm|inch""},{""name"":""엉덩이 둘레"",""code"":""hip-product-size"",""value"":""96.5"",""unit"":""cm|inch""},{""name"":""허벅지 너비"",""code"":""thigh"",""value"":""31.5"",""unit"":""cm|inch""},{""name"":""밑위 길이"",""code"":""rising-length"",""value"":""27"",""unit"":""cm|inch""},{""name"":""밑단 너비"",""code"":""bottom-width"",""value"":""30"",""unit"":""cm|inch""},{""name"":""다리 길이"",""code"":""inseam"",""value"":""22.5"",""unit"":""cm|inch""}]},{""name"":""24"",""items"":[{""name"":""허리 둘레"",""code"":""waist-product-size"",""value"":""72.5"",""unit"":""cm|inch""},{""name"":""엉덩이 둘레"",""code"":""hip-product-size"",""value"":""99"",""unit"":""cm|inch""},{""name"":""허벅지 너비"",""code"":""thigh"",""value"":""32.5"",""unit"":""cm|inch""},{""name"":""밑위 길이"",""code"":""rising-length"",""value"":""27.5"",""unit"":""cm|inch""},{""name"":""밑단 너비"",""code"":""bottom-width"",""value"":""30.5"",""unit"":""cm|inch""},{""name"":""다리 길이"",""code"":""inseam"",""value"":""22.5"",""unit"":""cm|inch""}]},{""name"":""25"",""items"":[{""name"":""허리 둘레"",""code"":""waist-product-size"",""value"":""75"",""unit"":""cm|inch""},{""name"":""엉덩이 둘레"",""code"":""hip-product-size"",""value"":""101.5"",""unit"":""cm|inch""},{""name"":""허벅지 너비"",""code"":""thigh"",""value"":""33"",""unit"":""cm|inch""},{""name"":""밑위 길이"",""code"":""rising-length"",""value"":""28"",""unit"":""cm|inch""},{""name"":""밑단 너비"",""code"":""bottom-width"",""value"":""31"",""unit"":""cm|inch""},{""name"":""다리 길이"",""code"":""inseam"",""value"":""22.5"",""unit"":""cm|inch""}]},{""name"":""26"",""items"":[{""name"":""허리 둘레"",""code"":""waist-product-size"",""value"":""77.5"",""unit"":""cm|inch""},{""name"":""엉덩이 둘레"",""code"":""hip-product-size"",""value"":""104"",""unit"":""cm|inch""},{""name"":""허벅지 너비"",""code"":""thigh"",""value"":""34"",""unit"":""cm|inch""},{""name"":""밑위 길이"",""code"":""rising-length"",""value"":""28.5"",""unit"":""cm|inch""},{""name"":""밑단 너비"",""code"":""bottom-width"",""value"":""31.5"",""unit"":""cm|inch""},{""name"":""다리 길이"",""code"":""inseam"",""value"":""22.5"",""unit"":""cm|inch""}]},{""name"":""27"",""items"":[{""name"":""허리 둘레"",""code"":""waist-product-size"",""value"":""80"",""unit"":""cm|inch""},{""name"":""엉덩이 둘레"",""code"":""hip-product-size"",""value"":""106.5"",""unit"":""cm|inch""},{""name"":""허벅지 너비"",""code"":""thigh"",""value"":""34.5"",""unit"":""cm|inch""},{""name"":""밑위 길이"",""code"":""rising-length"",""value"":""28.5"",""unit"":""cm|inch""},{""name"":""밑단 너비"",""code"":""bottom-width"",""value"":""32"",""unit"":""cm|inch""},{""name"":""다리 길이"",""code"":""inseam"",""value"":""22.5"",""unit"":""cm|inch""}]},{""name"":""28"",""items"":[{""name"":""허리 둘레"",""code"":""waist-product-size"",""value"":""82.5"",""unit"":""cm|inch""},{""name"":""엉덩이 둘레"",""code"":""hip-product-size"",""value"":""109"",""unit"":""cm|inch""},{""name"":""허벅지 너비"",""code"":""thigh"",""value"":""35"",""unit"":""cm|inch""},{""name"":""밑위 길이"",""code"":""rising-length"",""value"":""29"",""unit"":""cm|inch""},{""name"":""밑단 너비"",""code"":""bottom-width"",""value"":""32.5"",""unit"":""cm|inch""},{""name"":""다리 길이"",""code"":""inseam"",""value"":""22.5"",""unit"":""cm|inch""}]},{""name"":""29"",""items"":[{""name"":""허리 둘레"",""code"":""waist-product-size"",""value"":""85"",""unit"":""cm|inch""},{""name"":""엉덩이 둘레"",""code"":""hip-product-size"",""value"":""111.5"",""unit"":""cm|inch""},{""name"":""허벅지 너비"",""code"":""thigh"",""value"":""35.5"",""unit"":""cm|inch""},{""name"":""밑위 길이"",""code"":""rising-length"",""value"":""29.5"",""unit"":""cm|inch""},{""name"":""밑단 너비"",""code"":""bottom-width"",""value"":""33"",""unit"":""cm|inch""},{""name"":""다리 길이"",""code"":""inseam"",""value"":""22.5"",""unit"":""cm|inch""}]},{""name"":""30"",""items"":[{""name"":""허리 둘레"",""code"":""waist-product-size"",""value"":""87.5"",""unit"":""cm|inch""},{""name"":""엉덩이 둘레"",""code"":""hip-product-size"",""value"":""114"",""unit"":""cm|inch""},{""name"":""허벅지 너비"",""code"":""thigh"",""value"":""36.5"",""unit"":""cm|inch""},{""name"":""밑위 길이"",""code"":""rising-length"",""value"":""29.5"",""unit"":""cm|inch""},{""name"":""밑단 너비"",""code"":""bottom-width"",""value"":""33.5"",""unit"":""cm|inch""},{""name"":""다리 길이"",""code"":""inseam"",""value"":""22.5"",""unit"":""cm|inch""}]}]"
"2026-07-23 22:58:50 KST","유니클로","https://www.uniqlo.com/kr/ko/products/E483912-000","E483912-000","UNIQLO","여성 코튼이지쇼트팬츠(데님) | UNIQLO KR","여성","/kr/ko/women/bottoms","하의","bottoms","품절/일부 품절 표시 존재","API","S|M|L|XL","4","허리 둘레|엉덩이 둘레|허벅지 너비|밑위 길이|밑단 너비|다리 길이","","","","","64","95.5","34","25","11.5","33","","cm|inch","","아니오","","가능","","성공","성공","성공","예","고유","women","","bottoms","","","","","","카테고리 URL 경로","[{""name"":""S"",""items"":[{""name"":""허리 둘레"",""code"":""waist-product-size"",""value"":""64"",""unit"":""cm|inch""},{""name"":""엉덩이 둘레"",""code"":""hip-product-size"",""value"":""95.5"",""unit"":""cm|inch""},{""name"":""허벅지 너비"",""code"":""thigh"",""value"":""34"",""unit"":""cm|inch""},{""name"":""밑위 길이"",""code"":""rising-length"",""value"":""25"",""unit"":""cm|inch""},{""name"":""밑단 너비"",""code"":""bottom-width"",""value"":""33"",""unit"":""cm|inch""},{""name"":""다리 길이"",""code"":""inseam"",""value"":""11.5"",""unit"":""cm|inch""}]},{""name"":""M"",""items"":[{""name"":""허리 둘레"",""code"":""waist-product-size"",""value"":""68"",""unit"":""cm|inch""},{""name"":""엉덩이 둘레"",""code"":""hip-product-size"",""value"":""99.5"",""unit"":""cm|inch""},{""name"":""허벅지 너비"",""code"":""thigh"",""value"":""35.5"",""unit"":""cm|inch""},{""name"":""밑위 길이"",""code"":""rising-length"",""value"":""26"",""unit"":""cm|inch""},{""name"":""밑단 너비"",""code"":""bottom-width"",""value"":""34"",""unit"":""cm|inch""},{""name"":""다리 길이"",""code"":""inseam"",""value"":""11.5"",""unit"":""cm|inch""}]},{""name"":""L"",""items"":[{""name"":""허리 둘레"",""code"":""waist-product-size"",""value"":""73"",""unit"":""cm|inch""},{""name"":""엉덩이 둘레"",""code"":""hip-product-size"",""value"":""104.5"",""unit"":""cm|inch""},{""name"":""허벅지 너비"",""code"":""thigh"",""value"":""37"",""unit"":""cm|inch""},{""name"":""밑위 길이"",""code"":""rising-length"",""value"":""27"",""unit"":""cm|inch""},{""name"":""밑단 너비"",""code"":""bottom-width"",""value"":""35.5"",""unit"":""cm|inch""},{""name"":""다리 길이"",""code"":""inseam"",""value"":""11.5"",""unit"":""cm|inch""}]},{""name"":""XL"",""items"":[{""name"":""허리 둘레"",""code"":""waist-product-size"",""value"":""79"",""unit"":""cm|inch""},{""name"":""엉덩이 둘레"",""code"":""hip-product-size"",""value"":""110.5"",""unit"":""cm|inch""},{""name"":""허벅지 너비"",""code"":""thigh"",""value"":""38.5"",""unit"":""cm|inch""},{""name"":""밑위 길이"",""code"":""rising-length"",""value"":""28"",""unit"":""cm|inch""},{""name"":""밑단 너비"",""code"":""bottom-width"",""value"":""37"",""unit"":""cm|inch""},{""name"":""다리 길이"",""code"":""inseam"",""value"":""11.5"",""unit"":""cm|inch""}]}]"
"2026-07-23 22:58:51 KST","유니클로","https://www.uniqlo.com/kr/ko/products/E473696-000","E473696-000","UNIQLO","여성 리넨코튼쇼트팬츠 | UNIQLO KR","여성","/kr/ko/women/bottoms","하의","bottoms","품절/일부 품절 표시 존재","API","XS|S|M|L|XL|XXL|3XL","7","허리 둘레|엉덩이 둘레|허벅지 너비|밑위 길이|밑단 너비|다리 길이","","","","","62","98.5","34.5","28","10","34","","cm|inch","","아니오","","가능","","성공","성공","성공","예","고유","women","","bottoms","","","","","","카테고리 URL 경로","[{""name"":""XS"",""items"":[{""name"":""허리 둘레"",""code"":""waist-product-size"",""value"":""62"",""unit"":""cm|inch""},{""name"":""엉덩이 둘레"",""code"":""hip-product-size"",""value"":""98.5"",""unit"":""cm|inch""},{""name"":""허벅지 너비"",""code"":""thigh"",""value"":""34.5"",""unit"":""cm|inch""},{""name"":""밑위 길이"",""code"":""rising-length"",""value"":""28"",""unit"":""cm|inch""},{""name"":""밑단 너비"",""code"":""bottom-width"",""value"":""34"",""unit"":""cm|inch""},{""name"":""다리 길이"",""code"":""inseam"",""value"":""10"",""unit"":""cm|inch""}]},{""name"":""S"",""items"":[{""name"":""허리 둘레"",""code"":""waist-product-size"",""value"":""66"",""unit"":""cm|inch""},{""name"":""엉덩이 둘레"",""code"":""hip-product-size"",""value"":""102.5"",""unit"":""cm|inch""},{""name"":""허벅지 너비"",""code"":""thigh"",""value"":""35.5"",""unit"":""cm|inch""},{""name"":""밑위 길이"",""code"":""rising-length"",""value"":""29"",""unit"":""cm|inch""},{""name"":""밑단 너비"",""code"":""bottom-width"",""value"":""35.5"",""unit"":""cm|inch""},{""name"":""다리 길이"",""code"":""inseam"",""value"":""10"",""unit"":""cm|inch""}]},{""name"":""M"",""items"":[{""name"":""허리 둘레"",""code"":""waist-product-size"",""value"":""70"",""unit"":""cm|inch""},{""name"":""엉덩이 둘레"",""code"":""hip-product-size"",""value"":""106.5"",""unit"":""cm|inch""},{""name"":""허벅지 너비"",""code"":""thigh"",""value"":""37"",""unit"":""cm|inch""},{""name"":""밑위 길이"",""code"":""rising-length"",""value"":""29.5"",""unit"":""cm|inch""},{""name"":""밑단 너비"",""code"":""bottom-width"",""value"":""36.5"",""unit"":""cm|inch""},{""name"":""다리 길이"",""code"":""inseam"",""value"":""10"",""unit"":""cm|inch""}]},{""name"":""L"",""items"":[{""name"":""허리 둘레"",""code"":""waist-product-size"",""value"":""74"",""unit"":""cm|inch""},{""name"":""엉덩이 둘레"",""code"":""hip-product-size"",""value"":""110.5"",""unit"":""cm|inch""},{""name"":""허벅지 너비"",""code"":""thigh"",""value"":""38"",""unit"":""cm|inch""},{""name"":""밑위 길이"",""code"":""rising-length"",""value"":""30.5"",""unit"":""cm|inch""},{""name"":""밑단 너비"",""code"":""bottom-width"",""value"":""38"",""unit"":""cm|inch""},{""name"":""다리 길이"",""code"":""inseam"",""value"":""10"",""unit"":""cm|inch""}]},{""name"":""XL"",""items"":[{""name"":""허리 둘레"",""code"":""waist-product-size"",""value"":""80"",""unit"":""cm|inch""},{""name"":""엉덩이 둘레"",""code"":""hip-product-size"",""value"":""116.5"",""unit"":""cm|inch""},{""name"":""허벅지 너비"",""code"":""thigh"",""value"":""40"",""unit"":""cm|inch""},{""name"":""밑위 길이"",""code"":""rising-length"",""value"":""31.5"",""unit"":""cm|inch""},{""name"":""밑단 너비"",""code"":""bottom-width"",""value"":""39.5"",""unit"":""cm|inch""},{""name"":""다리 길이"",""code"":""inseam"",""value"":""10"",""unit"":""cm|inch""}]},{""name"":""XXL"",""items"":[{""name"":""허리 둘레"",""code"":""waist-product-size"",""value"":""86"",""unit"":""cm|inch""},{""name"":""엉덩이 둘레"",""code"":""hip-product-size"",""value"":""122"",""unit"":""cm|inch""},{""name"":""허벅지 너비"",""code"":""thigh"",""value"":""42"",""unit"":""cm|inch""},{""name"":""밑위 길이"",""code"":""rising-length"",""value"":""32"",""unit"":""cm|inch""},{""name"":""밑단 너비"",""code"":""bottom-width"",""value"":""41.5"",""unit"":""cm|inch""},{""name"":""다리 길이"",""code"":""inseam"",""value"":""10"",""unit"":""cm|inch""}]},{""name"":""3XL"",""items"":[{""name"":""허리 둘레"",""code"":""waist-product-size"",""value"":""94"",""unit"":""cm|inch""},{""name"":""엉덩이 둘레"",""code"":""hip-product-size"",""value"":""129.5"",""unit"":""cm|inch""},{""name"":""허벅지 너비"",""code"":""thigh"",""value"":""44"",""unit"":""cm|inch""},{""name"":""밑위 길이"",""code"":""rising-length"",""value"":""32.5"",""unit"":""cm|inch""},{""name"":""밑단 너비"",""code"":""bottom-width"",""value"":""43.5"",""unit"":""cm|inch""},{""name"":""다리 길이"",""code"":""inseam"",""value"":""10"",""unit"":""cm|inch""}]}]"
"2026-07-23 22:58:53 KST","유니클로","https://www.uniqlo.com/kr/ko/products/E482172-000","E482172-000","UNIQLO","여성 리넨코튼쇼트팬츠(스트라이프) | UNIQLO KR","여성","/kr/ko/women/bottoms","하의","bottoms","품절/일부 품절 표시 존재","API","XS|S|M|L|XL|XXL|3XL","7","허리 둘레|엉덩이 둘레|허벅지 너비|밑위 길이|밑단 너비|다리 길이","","","","","62","98.5","34.5","28","10","34","","cm|inch","","아니오","","가능","","성공","성공","성공","예","고유","women","","bottoms","","","","","","카테고리 URL 경로","[{""name"":""XS"",""items"":[{""name"":""허리 둘레"",""code"":""waist-product-size"",""value"":""62"",""unit"":""cm|inch""},{""name"":""엉덩이 둘레"",""code"":""hip-product-size"",""value"":""98.5"",""unit"":""cm|inch""},{""name"":""허벅지 너비"",""code"":""thigh"",""value"":""34.5"",""unit"":""cm|inch""},{""name"":""밑위 길이"",""code"":""rising-length"",""value"":""28"",""unit"":""cm|inch""},{""name"":""밑단 너비"",""code"":""bottom-width"",""value"":""34"",""unit"":""cm|inch""},{""name"":""다리 길이"",""code"":""inseam"",""value"":""10"",""unit"":""cm|inch""}]},{""name"":""S"",""items"":[{""name"":""허리 둘레"",""code"":""waist-product-size"",""value"":""66"",""unit"":""cm|inch""},{""name"":""엉덩이 둘레"",""code"":""hip-product-size"",""value"":""102.5"",""unit"":""cm|inch""},{""name"":""허벅지 너비"",""code"":""thigh"",""value"":""35.5"",""unit"":""cm|inch""},{""name"":""밑위 길이"",""code"":""rising-length"",""value"":""29"",""unit"":""cm|inch""},{""name"":""밑단 너비"",""code"":""bottom-width"",""value"":""35.5"",""unit"":""cm|inch""},{""name"":""다리 길이"",""code"":""inseam"",""value"":""10"",""unit"":""cm|inch""}]},{""name"":""M"",""items"":[{""name"":""허리 둘레"",""code"":""waist-product-size"",""value"":""70"",""unit"":""cm|inch""},{""name"":""엉덩이 둘레"",""code"":""hip-product-size"",""value"":""106.5"",""unit"":""cm|inch""},{""name"":""허벅지 너비"",""code"":""thigh"",""value"":""37"",""unit"":""cm|inch""},{""name"":""밑위 길이"",""code"":""rising-length"",""value"":""29.5"",""unit"":""cm|inch""},{""name"":""밑단 너비"",""code"":""bottom-width"",""value"":""36.5"",""unit"":""cm|inch""},{""name"":""다리 길이"",""code"":""inseam"",""value"":""10"",""unit"":""cm|inch""}]},{""name"":""L"",""items"":[{""name"":""허리 둘레"",""code"":""waist-product-size"",""value"":""74"",""unit"":""cm|inch""},{""name"":""엉덩이 둘레"",""code"":""hip-product-size"",""value"":""110.5"",""unit"":""cm|inch""},{""name"":""허벅지 너비"",""code"":""thigh"",""value"":""38"",""unit"":""cm|inch""},{""name"":""밑위 길이"",""code"":""rising-length"",""value"":""30.5"",""unit"":""cm|inch""},{""name"":""밑단 너비"",""code"":""bottom-width"",""value"":""38"",""unit"":""cm|inch""},{""name"":""다리 길이"",""code"":""inseam"",""value"":""10"",""unit"":""cm|inch""}]},{""name"":""XL"",""items"":[{""name"":""허리 둘레"",""code"":""waist-product-size"",""value"":""80"",""unit"":""cm|inch""},{""name"":""엉덩이 둘레"",""code"":""hip-product-size"",""value"":""116.5"",""unit"":""cm|inch""},{""name"":""허벅지 너비"",""code"":""thigh"",""value"":""40"",""unit"":""cm|inch""},{""name"":""밑위 길이"",""code"":""rising-length"",""value"":""31.5"",""unit"":""cm|inch""},{""name"":""밑단 너비"",""code"":""bottom-width"",""value"":""39.5"",""unit"":""cm|inch""},{""name"":""다리 길이"",""code"":""inseam"",""value"":""10"",""unit"":""cm|inch""}]},{""name"":""XXL"",""items"":[{""name"":""허리 둘레"",""code"":""waist-product-size"",""value"":""86"",""unit"":""cm|inch""},{""name"":""엉덩이 둘레"",""code"":""hip-product-size"",""value"":""122"",""unit"":""cm|inch""},{""name"":""허벅지 너비"",""code"":""thigh"",""value"":""42"",""unit"":""cm|inch""},{""name"":""밑위 길이"",""code"":""rising-length"",""value"":""32"",""unit"":""cm|inch""},{""name"":""밑단 너비"",""code"":""bottom-width"",""value"":""41.5"",""unit"":""cm|inch""},{""name"":""다리 길이"",""code"":""inseam"",""value"":""10"",""unit"":""cm|inch""}]},{""name"":""3XL"",""items"":[{""name"":""허리 둘레"",""code"":""waist-product-size"",""value"":""94"",""unit"":""cm|inch""},{""name"":""엉덩이 둘레"",""code"":""hip-product-size"",""value"":""129.5"",""unit"":""cm|inch""},{""name"":""허벅지 너비"",""code"":""thigh"",""value"":""44"",""unit"":""cm|inch""},{""name"":""밑위 길이"",""code"":""rising-length"",""value"":""32.5"",""unit"":""cm|inch""},{""name"":""밑단 너비"",""code"":""bottom-width"",""value"":""43.5"",""unit"":""cm|inch""},{""name"":""다리 길이"",""code"":""inseam"",""value"":""10"",""unit"":""cm|inch""}]}]"
"2026-07-23 22:58:54 KST","유니클로","https://www.uniqlo.com/kr/ko/products/E482646-000","E482646-000","UNIQLO","여성 코튼이지쇼트팬츠 | UNIQLO KR","여성","/kr/ko/women/bottoms","하의","bottoms","품절/일부 품절 표시 존재","API","S|M|L|XL","4","허리 둘레|엉덩이 둘레|허벅지 너비|밑위 길이|밑단 너비|다리 길이","","","","","64","95.5","34","25","11.5","33","","cm|inch","","아니오","","가능","","성공","성공","성공","예","고유","women","","bottoms","","","","","","카테고리 URL 경로","[{""name"":""S"",""items"":[{""name"":""허리 둘레"",""code"":""waist-product-size"",""value"":""64"",""unit"":""cm|inch""},{""name"":""엉덩이 둘레"",""code"":""hip-product-size"",""value"":""95.5"",""unit"":""cm|inch""},{""name"":""허벅지 너비"",""code"":""thigh"",""value"":""34"",""unit"":""cm|inch""},{""name"":""밑위 길이"",""code"":""rising-length"",""value"":""25"",""unit"":""cm|inch""},{""name"":""밑단 너비"",""code"":""bottom-width"",""value"":""33"",""unit"":""cm|inch""},{""name"":""다리 길이"",""code"":""inseam"",""value"":""11.5"",""unit"":""cm|inch""}]},{""name"":""M"",""items"":[{""name"":""허리 둘레"",""code"":""waist-product-size"",""value"":""68"",""unit"":""cm|inch""},{""name"":""엉덩이 둘레"",""code"":""hip-product-size"",""value"":""99.5"",""unit"":""cm|inch""},{""name"":""허벅지 너비"",""code"":""thigh"",""value"":""35.5"",""unit"":""cm|inch""},{""name"":""밑위 길이"",""code"":""rising-length"",""value"":""26"",""unit"":""cm|inch""},{""name"":""밑단 너비"",""code"":""bottom-width"",""value"":""34"",""unit"":""cm|inch""},{""name"":""다리 길이"",""code"":""inseam"",""value"":""11.5"",""unit"":""cm|inch""}]},{""name"":""L"",""items"":[{""name"":""허리 둘레"",""code"":""waist-product-size"",""value"":""73"",""unit"":""cm|inch""},{""name"":""엉덩이 둘레"",""code"":""hip-product-size"",""value"":""104.5"",""unit"":""cm|inch""},{""name"":""허벅지 너비"",""code"":""thigh"",""value"":""37"",""unit"":""cm|inch""},{""name"":""밑위 길이"",""code"":""rising-length"",""value"":""27"",""unit"":""cm|inch""},{""name"":""밑단 너비"",""code"":""bottom-width"",""value"":""35.5"",""unit"":""cm|inch""},{""name"":""다리 길이"",""code"":""inseam"",""value"":""11.5"",""unit"":""cm|inch""}]},{""name"":""XL"",""items"":[{""name"":""허리 둘레"",""code"":""waist-product-size"",""value"":""79"",""unit"":""cm|inch""},{""name"":""엉덩이 둘레"",""code"":""hip-product-size"",""value"":""110.5"",""unit"":""cm|inch""},{""name"":""허벅지 너비"",""code"":""thigh"",""value"":""38.5"",""unit"":""cm|inch""},{""name"":""밑위 길이"",""code"":""rising-length"",""value"":""28"",""unit"":""cm|inch""},{""name"":""밑단 너비"",""code"":""bottom-width"",""value"":""37"",""unit"":""cm|inch""},{""name"":""다리 길이"",""code"":""inseam"",""value"":""11.5"",""unit"":""cm|inch""}]}]"
"2026-07-23 22:58:56 KST","유니클로","https://www.uniqlo.com/kr/ko/products/E482648-000","E482648-000","UNIQLO","여성 드레이프이지쇼트팬츠(프린트) | UNIQLO KR","여성","/kr/ko/women/bottoms","하의","bottoms","품절/일부 품절 표시 존재","API","S|M|L|XL","4","허리 둘레|엉덩이 둘레|허벅지 너비|밑위 길이|밑단 너비|다리 길이","","","","","65","109.5","36","28","11","34","","cm|inch","","아니오","","가능","","성공","성공","성공","예","고유","women","","bottoms","","","","","","카테고리 URL 경로","[{""name"":""S"",""items"":[{""name"":""허리 둘레"",""code"":""waist-product-size"",""value"":""65"",""unit"":""cm|inch""},{""name"":""엉덩이 둘레"",""code"":""hip-product-size"",""value"":""109.5"",""unit"":""cm|inch""},{""name"":""허벅지 너비"",""code"":""thigh"",""value"":""36"",""unit"":""cm|inch""},{""name"":""밑위 길이"",""code"":""rising-length"",""value"":""28"",""unit"":""cm|inch""},{""name"":""밑단 너비"",""code"":""bottom-width"",""value"":""34"",""unit"":""cm|inch""},{""name"":""다리 길이"",""code"":""inseam"",""value"":""11"",""unit"":""cm|inch""}]},{""name"":""M"",""items"":[{""name"":""허리 둘레"",""code"":""waist-product-size"",""value"":""69"",""unit"":""cm|inch""},{""name"":""엉덩이 둘레"",""code"":""hip-product-size"",""value"":""113"",""unit"":""cm|inch""},{""name"":""허벅지 너비"",""code"":""thigh"",""value"":""37.5"",""unit"":""cm|inch""},{""name"":""밑위 길이"",""code"":""rising-length"",""value"":""28.5"",""unit"":""cm|inch""},{""name"":""밑단 너비"",""code"":""bottom-width"",""value"":""35"",""unit"":""cm|inch""},{""name"":""다리 길이"",""code"":""inseam"",""value"":""11"",""unit"":""cm|inch""}]},{""name"":""L"",""items"":[{""name"":""허리 둘레"",""code"":""waist-product-size"",""value"":""74"",""unit"":""cm|inch""},{""name"":""엉덩이 둘레"",""code"":""hip-product-size"",""value"":""118"",""unit"":""cm|inch""},{""name"":""허벅지 너비"",""code"":""thigh"",""value"":""39"",""unit"":""cm|inch""},{""name"":""밑위 길이"",""code"":""rising-length"",""value"":""29.5"",""unit"":""cm|inch""},{""name"":""밑단 너비"",""code"":""bottom-width"",""value"":""36.5"",""unit"":""cm|inch""},{""name"":""다리 길이"",""code"":""inseam"",""value"":""11"",""unit"":""cm|inch""}]},{""name"":""XL"",""items"":[{""name"":""허리 둘레"",""code"":""waist-product-size"",""value"":""80"",""unit"":""cm|inch""},{""name"":""엉덩이 둘레"",""code"":""hip-product-size"",""value"":""124"",""unit"":""cm|inch""},{""name"":""허벅지 너비"",""code"":""thigh"",""value"":""40.5"",""unit"":""cm|inch""},{""name"":""밑위 길이"",""code"":""rising-length"",""value"":""30.5"",""unit"":""cm|inch""},{""name"":""밑단 너비"",""code"":""bottom-width"",""value"":""38.5"",""unit"":""cm|inch""},{""name"":""다리 길이"",""code"":""inseam"",""value"":""11"",""unit"":""cm|inch""}]}]"
"2026-07-23 22:58:57 KST","유니클로","https://www.uniqlo.com/kr/ko/products/E483913-000","E483913-000","UNIQLO","여성 코튼이지쇼트팬츠(스트라이프) | UNIQLO KR","여성","/kr/ko/women/bottoms","하의","bottoms","품절/일부 품절 표시 존재","API","S|M|L|XL","4","허리 둘레|엉덩이 둘레|허벅지 너비|밑위 길이|밑단 너비|다리 길이","","","","","64","95.5","34","25","11.5","33","","cm|inch","","아니오","","가능","","성공","성공","성공","예","고유","women","","bottoms","","","","","","카테고리 URL 경로","[{""name"":""S"",""items"":[{""name"":""허리 둘레"",""code"":""waist-product-size"",""value"":""64"",""unit"":""cm|inch""},{""name"":""엉덩이 둘레"",""code"":""hip-product-size"",""value"":""95.5"",""unit"":""cm|inch""},{""name"":""허벅지 너비"",""code"":""thigh"",""value"":""34"",""unit"":""cm|inch""},{""name"":""밑위 길이"",""code"":""rising-length"",""value"":""25"",""unit"":""cm|inch""},{""name"":""밑단 너비"",""code"":""bottom-width"",""value"":""33"",""unit"":""cm|inch""},{""name"":""다리 길이"",""code"":""inseam"",""value"":""11.5"",""unit"":""cm|inch""}]},{""name"":""M"",""items"":[{""name"":""허리 둘레"",""code"":""waist-product-size"",""value"":""68"",""unit"":""cm|inch""},{""name"":""엉덩이 둘레"",""code"":""hip-product-size"",""value"":""99.5"",""unit"":""cm|inch""},{""name"":""허벅지 너비"",""code"":""thigh"",""value"":""35.5"",""unit"":""cm|inch""},{""name"":""밑위 길이"",""code"":""rising-length"",""value"":""26"",""unit"":""cm|inch""},{""name"":""밑단 너비"",""code"":""bottom-width"",""value"":""34"",""unit"":""cm|inch""},{""name"":""다리 길이"",""code"":""inseam"",""value"":""11.5"",""unit"":""cm|inch""}]},{""name"":""L"",""items"":[{""name"":""허리 둘레"",""code"":""waist-product-size"",""value"":""73"",""unit"":""cm|inch""},{""name"":""엉덩이 둘레"",""code"":""hip-product-size"",""value"":""104.5"",""unit"":""cm|inch""},{""name"":""허벅지 너비"",""code"":""thigh"",""value"":""37"",""unit"":""cm|inch""},{""name"":""밑위 길이"",""code"":""rising-length"",""value"":""27"",""unit"":""cm|inch""},{""name"":""밑단 너비"",""code"":""bottom-width"",""value"":""35.5"",""unit"":""cm|inch""},{""name"":""다리 길이"",""code"":""inseam"",""value"":""11.5"",""unit"":""cm|inch""}]},{""name"":""XL"",""items"":[{""name"":""허리 둘레"",""code"":""waist-product-size"",""value"":""79"",""unit"":""cm|inch""},{""name"":""엉덩이 둘레"",""code"":""hip-product-size"",""value"":""110.5"",""unit"":""cm|inch""},{""name"":""허벅지 너비"",""code"":""thigh"",""value"":""38.5"",""unit"":""cm|inch""},{""name"":""밑위 길이"",""code"":""rising-length"",""value"":""28"",""unit"":""cm|inch""},{""name"":""밑단 너비"",""code"":""bottom-width"",""value"":""37"",""unit"":""cm|inch""},{""name"":""다리 길이"",""code"":""inseam"",""value"":""11.5"",""unit"":""cm|inch""}]}]"
"2026-07-23 22:58:58 KST","유니클로","https://www.uniqlo.com/kr/ko/products/E484598-000","E484598-000","UNIQLO","여성 나일론쇼트팬츠 | UNIQLO KR","여성","/kr/ko/women/bottoms","하의","bottoms","품절/일부 품절 표시 존재","API","XS|S|M|L|XL|XXL|3XL","7","허리 둘레|엉덩이 둘레|허벅지 너비|밑위 길이|밑단 너비|다리 길이","","","","","60","96","33.5","28.5","9","33","","cm|inch","","아니오","","가능","","성공","성공","성공","예","고유","women","","bottoms","","","","","","카테고리 URL 경로","[{""name"":""XS"",""items"":[{""name"":""허리 둘레"",""code"":""waist-product-size"",""value"":""60"",""unit"":""cm|inch""},{""name"":""엉덩이 둘레"",""code"":""hip-product-size"",""value"":""96"",""unit"":""cm|inch""},{""name"":""허벅지 너비"",""code"":""thigh"",""value"":""33.5"",""unit"":""cm|inch""},{""name"":""밑위 길이"",""code"":""rising-length"",""value"":""28.5"",""unit"":""cm|inch""},{""name"":""밑단 너비"",""code"":""bottom-width"",""value"":""33"",""unit"":""cm|inch""},{""name"":""다리 길이"",""code"":""inseam"",""value"":""9"",""unit"":""cm|inch""}]},{""name"":""S"",""items"":[{""name"":""허리 둘레"",""code"":""waist-product-size"",""value"":""64"",""unit"":""cm|inch""},{""name"":""엉덩이 둘레"",""code"":""hip-product-size"",""value"":""100"",""unit"":""cm|inch""},{""name"":""허벅지 너비"",""code"":""thigh"",""value"":""34.5"",""unit"":""cm|inch""},{""name"":""밑위 길이"",""code"":""rising-length"",""value"":""29.5"",""unit"":""cm|inch""},{""name"":""밑단 너비"",""code"":""bottom-width"",""value"":""34.5"",""unit"":""cm|inch""},{""name"":""다리 길이"",""code"":""inseam"",""value"":""9"",""unit"":""cm|inch""}]},{""name"":""M"",""items"":[{""name"":""허리 둘레"",""code"":""waist-product-size"",""value"":""68"",""unit"":""cm|inch""},{""name"":""엉덩이 둘레"",""code"":""hip-product-size"",""value"":""104"",""unit"":""cm|inch""},{""name"":""허벅지 너비"",""code"":""thigh"",""value"":""36"",""unit"":""cm|inch""},{""name"":""밑위 길이"",""code"":""rising-length"",""value"":""30"",""unit"":""cm|inch""},{""name"":""밑단 너비"",""code"":""bottom-width"",""value"":""35.5"",""unit"":""cm|inch""},{""name"":""다리 길이"",""code"":""inseam"",""value"":""9"",""unit"":""cm|inch""}]},{""name"":""L"",""items"":[{""name"":""허리 둘레"",""code"":""waist-product-size"",""value"":""72"",""unit"":""cm|inch""},{""name"":""엉덩이 둘레"",""code"":""hip-product-size"",""value"":""108"",""unit"":""cm|inch""},{""name"":""허벅지 너비"",""code"":""thigh"",""value"":""37.5"",""unit"":""cm|inch""},{""name"":""밑위 길이"",""code"":""rising-length"",""value"":""31"",""unit"":""cm|inch""},{""name"":""밑단 너비"",""code"":""bottom-width"",""value"":""37"",""unit"":""cm|inch""},{""name"":""다리 길이"",""code"":""inseam"",""value"":""9"",""unit"":""cm|inch""}]},{""name"":""XL"",""items"":[{""name"":""허리 둘레"",""code"":""waist-product-size"",""value"":""78"",""unit"":""cm|inch""},{""name"":""엉덩이 둘레"",""code"":""hip-product-size"",""value"":""114"",""unit"":""cm|inch""},{""name"":""허벅지 너비"",""code"":""thigh"",""value"":""39"",""unit"":""cm|inch""},{""name"":""밑위 길이"",""code"":""rising-length"",""value"":""32"",""unit"":""cm|inch""},{""name"":""밑단 너비"",""code"":""bottom-width"",""value"":""38.5"",""unit"":""cm|inch""},{""name"":""다리 길이"",""code"":""inseam"",""value"":""9"",""unit"":""cm|inch""}]},{""name"":""XXL"",""items"":[{""name"":""허리 둘레"",""code"":""waist-product-size"",""value"":""84"",""unit"":""cm|inch""},{""name"":""엉덩이 둘레"",""code"":""hip-product-size"",""value"":""119.5"",""unit"":""cm|inch""},{""name"":""허벅지 너비"",""code"":""thigh"",""value"":""41"",""unit"":""cm|inch""},{""name"":""밑위 길이"",""code"":""rising-length"",""value"":""32.5"",""unit"":""cm|inch""},{""name"":""밑단 너비"",""code"":""bottom-width"",""value"":""40.5"",""unit"":""cm|inch""},{""name"":""다리 길이"",""code"":""inseam"",""value"":""9"",""unit"":""cm|inch""}]},{""name"":""3XL"",""items"":[{""name"":""허리 둘레"",""code"":""waist-product-size"",""value"":""90"",""unit"":""cm|inch""},{""name"":""엉덩이 둘레"",""code"":""hip-product-size"",""value"":""125.5"",""unit"":""cm|inch""},{""name"":""허벅지 너비"",""code"":""thigh"",""value"":""43"",""unit"":""cm|inch""},{""name"":""밑위 길이"",""code"":""rising-length"",""value"":""33"",""unit"":""cm|inch""},{""name"":""밑단 너비"",""code"":""bottom-width"",""value"":""42.5"",""unit"":""cm|inch""},{""name"":""다리 길이"",""code"":""inseam"",""value"":""9"",""unit"":""cm|inch""}]}]"
"2026-07-23 22:58:59 KST","유니클로","https://www.uniqlo.com/kr/ko/products/E485593-000","E485593-000","UNIQLO","여성 나일론큐롯 | UNIQLO KR","여성","/kr/ko/women/bottoms","하의","bottoms","품절/일부 품절 표시 존재","API","XS|S|M|L|XL|XXL|3XL","7","허리 둘레|엉덩이 둘레|허벅지 너비|밑위 길이|밑단 너비|다리 길이","","","","","61","102","38","30.5","47.5","46.5","","cm|inch","","아니오","","가능","","성공","성공","성공","예","고유","women","","bottoms","","","","","","카테고리 URL 경로","[{""name"":""XS"",""items"":[{""name"":""허리 둘레"",""code"":""waist-product-size"",""value"":""61"",""unit"":""cm|inch""},{""name"":""엉덩이 둘레"",""code"":""hip-product-size"",""value"":""102"",""unit"":""cm|inch""},{""name"":""허벅지 너비"",""code"":""thigh"",""value"":""38"",""unit"":""cm|inch""},{""name"":""밑위 길이"",""code"":""rising-length"",""value"":""30.5"",""unit"":""cm|inch""},{""name"":""밑단 너비"",""code"":""bottom-width"",""value"":""46.5"",""unit"":""cm|inch""},{""name"":""다리 길이"",""code"":""inseam"",""value"":""47.5"",""unit"":""cm|inch""}]},{""name"":""S"",""items"":[{""name"":""허리 둘레"",""code"":""waist-product-size"",""value"":""65"",""unit"":""cm|inch""},{""name"":""엉덩이 둘레"",""code"":""hip-product-size"",""value"":""106"",""unit"":""cm|inch""},{""name"":""허벅지 너비"",""code"":""thigh"",""value"":""39"",""unit"":""cm|inch""},{""name"":""밑위 길이"",""code"":""rising-length"",""value"":""31.5"",""unit"":""cm|inch""},{""name"":""밑단 너비"",""code"":""bottom-width"",""value"":""47.5"",""unit"":""cm|inch""},{""name"":""다리 길이"",""code"":""inseam"",""value"":""49.5"",""unit"":""cm|inch""}]},{""name"":""M"",""items"":[{""name"":""허리 둘레"",""code"":""waist-product-size"",""value"":""69"",""unit"":""cm|inch""},{""name"":""엉덩이 둘레"",""code"":""hip-product-size"",""value"":""110"",""unit"":""cm|inch""},{""name"":""허벅지 너비"",""code"":""thigh"",""value"":""40.5"",""unit"":""cm|inch""},{""name"":""밑위 길이"",""code"":""rising-length"",""value"":""32"",""unit"":""cm|inch""},{""name"":""밑단 너비"",""code"":""bottom-width"",""value"":""48.5"",""unit"":""cm|inch""},{""name"":""다리 길이"",""code"":""inseam"",""value"":""49.5"",""unit"":""cm|inch""}]},{""name"":""L"",""items"":[{""name"":""허리 둘레"",""code"":""waist-product-size"",""value"":""73"",""unit"":""cm|inch""},{""name"":""엉덩이 둘레"",""code"":""hip-product-size"",""value"":""114"",""unit"":""cm|inch""},{""name"":""허벅지 너비"",""code"":""thigh"",""value"":""41.5"",""unit"":""cm|inch""},{""name"":""밑위 길이"",""code"":""rising-length"",""value"":""33"",""unit"":""cm|inch""},{""name"":""밑단 너비"",""code"":""bottom-width"",""value"":""49.5"",""unit"":""cm|inch""},{""name"":""다리 길이"",""code"":""inseam"",""value"":""51.5"",""unit"":""cm|inch""}]},{""name"":""XL"",""items"":[{""name"":""허리 둘레"",""code"":""waist-product-size"",""value"":""79"",""unit"":""cm|inch""},{""name"":""엉덩이 둘레"",""code"":""hip-product-size"",""value"":""120"",""unit"":""cm|inch""},{""name"":""허벅지 너비"",""code"":""thigh"",""value"":""43.5"",""unit"":""cm|inch""},{""name"":""밑위 길이"",""code"":""rising-length"",""value"":""34"",""unit"":""cm|inch""},{""name"":""밑단 너비"",""code"":""bottom-width"",""value"":""50.5"",""unit"":""cm|inch""},{""name"":""다리 길이"",""code"":""inseam"",""value"":""51.5"",""unit"":""cm|inch""}]},{""name"":""XXL"",""items"":[{""name"":""허리 둘레"",""code"":""waist-product-size"",""value"":""85"",""unit"":""cm|inch""},{""name"":""엉덩이 둘레"",""code"":""hip-product-size"",""value"":""126"",""unit"":""cm|inch""},{""name"":""허벅지 너비"",""code"":""thigh"",""value"":""45.5"",""unit"":""cm|inch""},{""name"":""밑위 길이"",""code"":""rising-length"",""value"":""34.5"",""unit"":""cm|inch""},{""name"":""밑단 너비"",""code"":""bottom-width"",""value"":""52"",""unit"":""cm|inch""},{""name"":""다리 길이"",""code"":""inseam"",""value"":""51.5"",""unit"":""cm|inch""}]},{""name"":""3XL"",""items"":[{""name"":""허리 둘레"",""code"":""waist-product-size"",""value"":""91"",""unit"":""cm|inch""},{""name"":""엉덩이 둘레"",""code"":""hip-product-size"",""value"":""131.5"",""unit"":""cm|inch""},{""name"":""허벅지 너비"",""code"":""thigh"",""value"":""47.5"",""unit"":""cm|inch""},{""name"":""밑위 길이"",""code"":""rising-length"",""value"":""35"",""unit"":""cm|inch""},{""name"":""밑단 너비"",""code"":""bottom-width"",""value"":""53.5"",""unit"":""cm|inch""},{""name"":""다리 길이"",""code"":""inseam"",""value"":""51.5"",""unit"":""cm|inch""}]}]"
"2026-07-23 22:59:00 KST","유니클로","https://www.uniqlo.com/kr/ko/products/E488694-000","E488694-000","UNIQLO","여성 데님큐롯 | UNIQLO KR","여성","/kr/ko/women/bottoms","하의","bottoms","품절/일부 품절 표시 존재","API","22|23|24|25|26|27|28|29|30","9","허리 둘레|엉덩이 둘레|허벅지 너비|밑위 길이|밑단 너비|다리 길이","","","","","65","92","31","27","45","34.5","","cm|inch","","아니오","","가능","","성공","성공","성공","예","고유","women","","bottoms","","","","","","카테고리 URL 경로","[{""name"":""22"",""items"":[{""name"":""허리 둘레"",""code"":""waist-product-size"",""value"":""65"",""unit"":""cm|inch""},{""name"":""엉덩이 둘레"",""code"":""hip-product-size"",""value"":""92"",""unit"":""cm|inch""},{""name"":""허벅지 너비"",""code"":""thigh"",""value"":""31"",""unit"":""cm|inch""},{""name"":""밑위 길이"",""code"":""rising-length"",""value"":""27"",""unit"":""cm|inch""},{""name"":""밑단 너비"",""code"":""bottom-width"",""value"":""34.5"",""unit"":""cm|inch""},{""name"":""다리 길이"",""code"":""inseam"",""value"":""45"",""unit"":""cm|inch""}]},{""name"":""23"",""items"":[{""name"":""허리 둘레"",""code"":""waist-product-size"",""value"":""67.5"",""unit"":""cm|inch""},{""name"":""엉덩이 둘레"",""code"":""hip-product-size"",""value"":""94.5"",""unit"":""cm|inch""},{""name"":""허벅지 너비"",""code"":""thigh"",""value"":""32"",""unit"":""cm|inch""},{""name"":""밑위 길이"",""code"":""rising-length"",""value"":""27.5"",""unit"":""cm|inch""},{""name"":""밑단 너비"",""code"":""bottom-width"",""value"":""35.5"",""unit"":""cm|inch""},{""name"":""다리 길이"",""code"":""inseam"",""value"":""45"",""unit"":""cm|inch""}]},{""name"":""24"",""items"":[{""name"":""허리 둘레"",""code"":""waist-product-size"",""value"":""70"",""unit"":""cm|inch""},{""name"":""엉덩이 둘레"",""code"":""hip-product-size"",""value"":""97"",""unit"":""cm|inch""},{""name"":""허벅지 너비"",""code"":""thigh"",""value"":""33"",""unit"":""cm|inch""},{""name"":""밑위 길이"",""code"":""rising-length"",""value"":""28"",""unit"":""cm|inch""},{""name"":""밑단 너비"",""code"":""bottom-width"",""value"":""36"",""unit"":""cm|inch""},{""name"":""다리 길이"",""code"":""inseam"",""value"":""45"",""unit"":""cm|inch""}]},{""name"":""25"",""items"":[{""name"":""허리 둘레"",""code"":""waist-product-size"",""value"":""72.5"",""unit"":""cm|inch""},{""name"":""엉덩이 둘레"",""code"":""hip-product-size"",""value"":""100"",""unit"":""cm|inch""},{""name"":""허벅지 너비"",""code"":""thigh"",""value"":""33.5"",""unit"":""cm|inch""},{""name"":""밑위 길이"",""code"":""rising-length"",""value"":""28.5"",""unit"":""cm|inch""},{""name"":""밑단 너비"",""code"":""bottom-width"",""value"":""37"",""unit"":""cm|inch""},{""name"":""다리 길이"",""code"":""inseam"",""value"":""45"",""unit"":""cm|inch""}]},{""name"":""26"",""items"":[{""name"":""허리 둘레"",""code"":""waist-product-size"",""value"":""75"",""unit"":""cm|inch""},{""name"":""엉덩이 둘레"",""code"":""hip-product-size"",""value"":""102"",""unit"":""cm|inch""},{""name"":""허벅지 너비"",""code"":""thigh"",""value"":""34.5"",""unit"":""cm|inch""},{""name"":""밑위 길이"",""code"":""rising-length"",""value"":""28.5"",""unit"":""cm|inch""},{""name"":""밑단 너비"",""code"":""bottom-width"",""value"":""37.5"",""unit"":""cm|inch""},{""name"":""다리 길이"",""code"":""inseam"",""value"":""45"",""unit"":""cm|inch""}]},{""name"":""27"",""items"":[{""name"":""허리 둘레"",""code"":""waist-product-size"",""value"":""77.5"",""unit"":""cm|inch""},{""name"":""엉덩이 둘레"",""code"":""hip-product-size"",""value"":""104.5"",""unit"":""cm|inch""},{""name"":""허벅지 너비"",""code"":""thigh"",""value"":""35"",""unit"":""cm|inch""},{""name"":""밑위 길이"",""code"":""rising-length"",""value"":""29"",""unit"":""cm|inch""},{""name"":""밑단 너비"",""code"":""bottom-width"",""value"":""38"",""unit"":""cm|inch""},{""name"":""다리 길이"",""code"":""inseam"",""value"":""45"",""unit"":""cm|inch""}]},{""name"":""28"",""items"":[{""name"":""허리 둘레"",""code"":""waist-product-size"",""value"":""80"",""unit"":""cm|inch""},{""name"":""엉덩이 둘레"",""code"":""hip-product-size"",""value"":""107"",""unit"":""cm|inch""},{""name"":""허벅지 너비"",""code"":""thigh"",""value"":""35.5"",""unit"":""cm|inch""},{""name"":""밑위 길이"",""code"":""rising-length"",""value"":""29.5"",""unit"":""cm|inch""},{""name"":""밑단 너비"",""code"":""bottom-width"",""value"":""38.5"",""unit"":""cm|inch""},{""name"":""다리 길이"",""code"":""inseam"",""value"":""45"",""unit"":""cm|inch""}]},{""name"":""29"",""items"":[{""name"":""허리 둘레"",""code"":""waist-product-size"",""value"":""82.5"",""unit"":""cm|inch""},{""name"":""엉덩이 둘레"",""code"":""hip-product-size"",""value"":""109.5"",""unit"":""cm|inch""},{""name"":""허벅지 너비"",""code"":""thigh"",""value"":""36"",""unit"":""cm|inch""},{""name"":""밑위 길이"",""code"":""rising-length"",""value"":""29.5"",""unit"":""cm|inch""},{""name"":""밑단 너비"",""code"":""bottom-width"",""value"":""39"",""unit"":""cm|inch""},{""name"":""다리 길이"",""code"":""inseam"",""value"":""45"",""unit"":""cm|inch""}]},{""name"":""30"",""items"":[{""name"":""허리 둘레"",""code"":""waist-product-size"",""value"":""85"",""unit"":""cm|inch""},{""name"":""엉덩이 둘레"",""code"":""hip-product-size"",""value"":""112"",""unit"":""cm|inch""},{""name"":""허벅지 너비"",""code"":""thigh"",""value"":""37"",""unit"":""cm|inch""},{""name"":""밑위 길이"",""code"":""rising-length"",""value"":""30"",""unit"":""cm|inch""},{""name"":""밑단 너비"",""code"":""bottom-width"",""value"":""39.5"",""unit"":""cm|inch""},{""name"":""다리 길이"",""code"":""inseam"",""value"":""45"",""unit"":""cm|inch""}]}]"
"2026-07-23 22:59:02 KST","유니클로","https://www.uniqlo.com/kr/ko/products/E488010-000","E488010-000","UNIQLO","여성 스마트큐롯 | UNIQLO KR","여성","/kr/ko/women/bottoms","하의","bottoms","품절/일부 품절 표시 존재","API","XS|S|M|L|XL|XXL|3XL","7","허리 둘레|엉덩이 둘레|허벅지 너비|밑위 길이|밑단 너비|다리 길이","","","","","63","90.5","33.5","26","37","39.5","","cm|inch","","아니오","","가능","","성공","성공","성공","예","고유","women","","bottoms","","","","","","카테고리 URL 경로","[{""name"":""XS"",""items"":[{""name"":""허리 둘레"",""code"":""waist-product-size"",""value"":""63"",""unit"":""cm|inch""},{""name"":""엉덩이 둘레"",""code"":""hip-product-size"",""value"":""90.5"",""unit"":""cm|inch""},{""name"":""허벅지 너비"",""code"":""thigh"",""value"":""33.5"",""unit"":""cm|inch""},{""name"":""밑위 길이"",""code"":""rising-length"",""value"":""26"",""unit"":""cm|inch""},{""name"":""밑단 너비"",""code"":""bottom-width"",""value"":""39.5"",""unit"":""cm|inch""},{""name"":""다리 길이"",""code"":""inseam"",""value"":""37"",""unit"":""cm|inch""}]},{""name"":""S"",""items"":[{""name"":""허리 둘레"",""code"":""waist-product-size"",""value"":""67"",""unit"":""cm|inch""},{""name"":""엉덩이 둘레"",""code"":""hip-product-size"",""value"":""94.5"",""unit"":""cm|inch""},{""name"":""허벅지 너비"",""code"":""thigh"",""value"":""35"",""unit"":""cm|inch""},{""name"":""밑위 길이"",""code"":""rising-length"",""value"":""27"",""unit"":""cm|inch""},{""name"":""밑단 너비"",""code"":""bottom-width"",""value"":""40.5"",""unit"":""cm|inch""},{""name"":""다리 길이"",""code"":""inseam"",""value"":""39"",""unit"":""cm|inch""}]},{""name"":""M"",""items"":[{""name"":""허리 둘레"",""code"":""waist-product-size"",""value"":""71"",""unit"":""cm|inch""},{""name"":""엉덩이 둘레"",""code"":""hip-product-size"",""value"":""98.5"",""unit"":""cm|inch""},{""name"":""허벅지 너비"",""code"":""thigh"",""value"":""36"",""unit"":""cm|inch""},{""name"":""밑위 길이"",""code"":""rising-length"",""value"":""27.5"",""unit"":""cm|inch""},{""name"":""밑단 너비"",""code"":""bottom-width"",""value"":""42"",""unit"":""cm|inch""},{""name"":""다리 길이"",""code"":""inseam"",""value"":""39"",""unit"":""cm|inch""}]},{""name"":""L"",""items"":[{""name"":""허리 둘레"",""code"":""waist-product-size"",""value"":""75"",""unit"":""cm|inch""},{""name"":""엉덩이 둘레"",""code"":""hip-product-size"",""value"":""102"",""unit"":""cm|inch""},{""name"":""허벅지 너비"",""code"":""thigh"",""value"":""37.5"",""unit"":""cm|inch""},{""name"":""밑위 길이"",""code"":""rising-length"",""value"":""28.5"",""unit"":""cm|inch""},{""name"":""밑단 너비"",""code"":""bottom-width"",""value"":""43.5"",""unit"":""cm|inch""},{""name"":""다리 길이"",""code"":""inseam"",""value"":""41"",""unit"":""cm|inch""}]},{""name"":""XL"",""items"":[{""name"":""허리 둘레"",""code"":""waist-product-size"",""value"":""81"",""unit"":""cm|inch""},{""name"":""엉덩이 둘레"",""code"":""hip-product-size"",""value"":""108"",""unit"":""cm|inch""},{""name"":""허벅지 너비"",""code"":""thigh"",""value"":""39.5"",""unit"":""cm|inch""},{""name"":""밑위 길이"",""code"":""rising-length"",""value"":""29.5"",""unit"":""cm|inch""},{""name"":""밑단 너비"",""code"":""bottom-width"",""value"":""46"",""unit"":""cm|inch""},{""name"":""다리 길이"",""code"":""inseam"",""value"":""41"",""unit"":""cm|inch""}]},{""name"":""XXL"",""items"":[{""name"":""허리 둘레"",""code"":""waist-product-size"",""value"":""87"",""unit"":""cm|inch""},{""name"":""엉덩이 둘레"",""code"":""hip-product-size"",""value"":""114"",""unit"":""cm|inch""},{""name"":""허벅지 너비"",""code"":""thigh"",""value"":""42"",""unit"":""cm|inch""},{""name"":""밑위 길이"",""code"":""rising-length"",""value"":""30"",""unit"":""cm|inch""},{""name"":""밑단 너비"",""code"":""bottom-width"",""value"":""48"",""unit"":""cm|inch""},{""name"":""다리 길이"",""code"":""inseam"",""value"":""41"",""unit"":""cm|inch""}]},{""name"":""3XL"",""items"":[{""name"":""허리 둘레"",""code"":""waist-product-size"",""value"":""93"",""unit"":""cm|inch""},{""name"":""엉덩이 둘레"",""code"":""hip-product-size"",""value"":""120"",""unit"":""cm|inch""},{""name"":""허벅지 너비"",""code"":""thigh"",""value"":""44.5"",""unit"":""cm|inch""},{""name"":""밑위 길이"",""code"":""rising-length"",""value"":""30.5"",""unit"":""cm|inch""},{""name"":""밑단 너비"",""code"":""bottom-width"",""value"":""51"",""unit"":""cm|inch""},{""name"":""다리 길이"",""code"":""inseam"",""value"":""41"",""unit"":""cm|inch""}]}]"
"2026-07-23 22:59:03 KST","유니클로","https://www.uniqlo.com/kr/ko/products/E480302-000","E480302-000","UNIQLO","여성 플리츠스코츠 | UNIQLO KR","여성","/kr/ko/women/bottoms","하의","bottoms","품절/일부 품절 표시 존재","API","XS|S|M|L|XL|XXL","6","허리 둘레|엉덩이 둘레|스커트 길이","","","36.5","","66","90","","","","","","cm|inch","","아니오","","가능","","성공","성공","성공","예","고유","women","","bottoms","","","","","","카테고리 URL 경로","[{""name"":""XS"",""items"":[{""name"":""허리 둘레"",""code"":""waist-product-size"",""value"":""66"",""unit"":""cm|inch""},{""name"":""엉덩이 둘레"",""code"":""hip-product-size"",""value"":""90"",""unit"":""cm|inch""},{""name"":""스커트 길이"",""code"":""skirt-length"",""value"":""36.5"",""unit"":""cm|inch""}]},{""name"":""S"",""items"":[{""name"":""허리 둘레"",""code"":""waist-product-size"",""value"":""70"",""unit"":""cm|inch""},{""name"":""엉덩이 둘레"",""code"":""hip-product-size"",""value"":""94"",""unit"":""cm|inch""},{""name"":""스커트 길이"",""code"":""skirt-length"",""value"":""37"",""unit"":""cm|inch""}]},{""name"":""M"",""items"":[{""name"":""허리 둘레"",""code"":""waist-product-size"",""value"":""74"",""unit"":""cm|inch""},{""name"":""엉덩이 둘레"",""code"":""hip-product-size"",""value"":""98"",""unit"":""cm|inch""},{""name"":""스커트 길이"",""code"":""skirt-length"",""value"":""37.5"",""unit"":""cm|inch""}]},{""name"":""L"",""items"":[{""name"":""허리 둘레"",""code"":""waist-product-size"",""value"":""78"",""unit"":""cm|inch""},{""name"":""엉덩이 둘레"",""code"":""hip-product-size"",""value"":""102"",""unit"":""cm|inch""},{""name"":""스커트 길이"",""code"":""skirt-length"",""value"":""38.5"",""unit"":""cm|inch""}]},{""name"":""XL"",""items"":[{""name"":""허리 둘레"",""code"":""waist-product-size"",""value"":""84"",""unit"":""cm|inch""},{""name"":""엉덩이 둘레"",""code"":""hip-product-size"",""value"":""108"",""unit"":""cm|inch""},{""name"":""스커트 길이"",""code"":""skirt-length"",""value"":""39.5"",""unit"":""cm|inch""}]},{""name"":""XXL"",""items"":[{""name"":""허리 둘레"",""code"":""waist-product-size"",""value"":""90"",""unit"":""cm|inch""},{""name"":""엉덩이 둘레"",""code"":""hip-product-size"",""value"":""114"",""unit"":""cm|inch""},{""name"":""스커트 길이"",""code"":""skirt-length"",""value"":""40"",""unit"":""cm|inch""}]}]"
"2026-07-23 22:59:05 KST","유니클로","https://www.uniqlo.com/kr/ko/products/E475386-000","E475386-000","UNIQLO","젠더리스 울트라스트레치액티브쇼트팬츠 | UNIQLO KR","여성","/kr/ko/women/bottoms","하의","bottoms","품절/일부 품절 표시 존재","API","XS|S|M|L|XL|XXL|3XL|4XL","8","허리 둘레|엉덩이 둘레|허벅지 너비|밑위 길이|밑단 너비|다리 길이","","","","","64","97.5","32.5","26.5","18","26","","cm|inch","","아니오","","가능","","성공","성공","성공","예","고유","women","","bottoms","","","","","","카테고리 URL 경로","[{""name"":""XS"",""items"":[{""name"":""허리 둘레"",""code"":""waist-product-size"",""value"":""64"",""unit"":""cm|inch""},{""name"":""엉덩이 둘레"",""code"":""hip-product-size"",""value"":""97.5"",""unit"":""cm|inch""},{""name"":""허벅지 너비"",""code"":""thigh"",""value"":""32.5"",""unit"":""cm|inch""},{""name"":""밑위 길이"",""code"":""rising-length"",""value"":""26.5"",""unit"":""cm|inch""},{""name"":""밑단 너비"",""code"":""bottom-width"",""value"":""26"",""unit"":""cm|inch""},{""name"":""다리 길이"",""code"":""inseam"",""value"":""18"",""unit"":""cm|inch""}]},{""name"":""S"",""items"":[{""name"":""허리 둘레"",""code"":""waist-product-size"",""value"":""70"",""unit"":""cm|inch""},{""name"":""엉덩이 둘레"",""code"":""hip-product-size"",""value"":""103"",""unit"":""cm|inch""},{""name"":""허벅지 너비"",""code"":""thigh"",""value"":""34"",""unit"":""cm|inch""},{""name"":""밑위 길이"",""code"":""rising-length"",""value"":""27"",""unit"":""cm|inch""},{""name"":""밑단 너비"",""code"":""bottom-width"",""value"":""27.5"",""unit"":""cm|inch""},{""name"":""다리 길이"",""code"":""inseam"",""value"":""18.5"",""unit"":""cm|inch""}]},{""name"":""M"",""items"":[{""name"":""허리 둘레"",""code"":""waist-product-size"",""value"":""76"",""unit"":""cm|inch""},{""name"":""엉덩이 둘레"",""code"":""hip-product-size"",""value"":""109"",""unit"":""cm|inch""},{""name"":""허벅지 너비"",""code"":""thigh"",""value"":""36"",""unit"":""cm|inch""},{""name"":""밑위 길이"",""code"":""rising-length"",""value"":""28"",""unit"":""cm|inch""},{""name"":""밑단 너비"",""code"":""bottom-width"",""value"":""28.5"",""unit"":""cm|inch""},{""name"":""다리 길이"",""code"":""inseam"",""value"":""19.5"",""unit"":""cm|inch""}]},{""name"":""L"",""items"":[{""name"":""허리 둘레"",""code"":""waist-product-size"",""value"":""82"",""unit"":""cm|inch""},{""name"":""엉덩이 둘레"",""code"":""hip-product-size"",""value"":""115"",""unit"":""cm|inch""},{""name"":""허벅지 너비"",""code"":""thigh"",""value"":""37.5"",""unit"":""cm|inch""},{""name"":""밑위 길이"",""code"":""rising-length"",""value"":""29"",""unit"":""cm|inch""},{""name"":""밑단 너비"",""code"":""bottom-width"",""value"":""29.5"",""unit"":""cm|inch""},{""name"":""다리 길이"",""code"":""inseam"",""value"":""20"",""unit"":""cm|inch""}]},{""name"":""XL"",""items"":[{""name"":""허리 둘레"",""code"":""waist-product-size"",""value"":""90"",""unit"":""cm|inch""},{""name"":""엉덩이 둘레"",""code"":""hip-product-size"",""value"":""122.5"",""unit"":""cm|inch""},{""name"":""허벅지 너비"",""code"":""thigh"",""value"":""40"",""unit"":""cm|inch""},{""name"":""밑위 길이"",""code"":""rising-length"",""value"":""29.5"",""unit"":""cm|inch""},{""name"":""밑단 너비"",""code"":""bottom-width"",""value"":""30.5"",""unit"":""cm|inch""},{""name"":""다리 길이"",""code"":""inseam"",""value"":""21"",""unit"":""cm|inch""}]},{""name"":""XXL"",""items"":[{""name"":""허리 둘레"",""code"":""waist-product-size"",""value"":""96"",""unit"":""cm|inch""},{""name"":""엉덩이 둘레"",""code"":""hip-product-size"",""value"":""127.5"",""unit"":""cm|inch""},{""name"":""허벅지 너비"",""code"":""thigh"",""value"":""41.5"",""unit"":""cm|inch""},{""name"":""밑위 길이"",""code"":""rising-length"",""value"":""30.5"",""unit"":""cm|inch""},{""name"":""밑단 너비"",""code"":""bottom-width"",""value"":""32"",""unit"":""cm|inch""},{""name"":""다리 길이"",""code"":""inseam"",""value"":""21.5"",""unit"":""cm|inch""}]},{""name"":""3XL"",""items"":[{""name"":""허리 둘레"",""code"":""waist-product-size"",""value"":""101"",""unit"":""cm|inch""},{""name"":""엉덩이 둘레"",""code"":""hip-product-size"",""value"":""132"",""unit"":""cm|inch""},{""name"":""허벅지 너비"",""code"":""thigh"",""value"":""43"",""unit"":""cm|inch""},{""name"":""밑위 길이"",""code"":""rising-length"",""value"":""31.5"",""unit"":""cm|inch""},{""name"":""밑단 너비"",""code"":""bottom-width"",""value"":""33"",""unit"":""cm|inch""},{""name"":""다리 길이"",""code"":""inseam"",""value"":""21.5"",""unit"":""cm|inch""}]},{""name"":""4XL"",""items"":[{""name"":""허리 둘레"",""code"":""waist-product-size"",""value"":""106"",""unit"":""cm|inch""},{""name"":""엉덩이 둘레"",""code"":""hip-product-size"",""value"":""136.5"",""unit"":""cm|inch""},{""name"":""허벅지 너비"",""code"":""thigh"",""value"":""44.5"",""unit"":""cm|inch""},{""name"":""밑위 길이"",""code"":""rising-length"",""value"":""32.5"",""unit"":""cm|inch""},{""name"":""밑단 너비"",""code"":""bottom-width"",""value"":""34"",""unit"":""cm|inch""},{""name"":""다리 길이"",""code"":""inseam"",""value"":""21.5"",""unit"":""cm|inch""}]}]"
"2026-07-23 22:59:06 KST","유니클로","https://www.uniqlo.com/kr/ko/products/E488371-000","E488371-000","UNIQLO","젠더리스 기어쇼트팬츠 | UNIQLO KR","여성","/kr/ko/women/bottoms","하의","bottoms","품절/일부 품절 표시 존재","API","XS|S|M|L|XL|XXL|3XL|4XL","8","허리 둘레|엉덩이 둘레|허벅지 너비|밑위 길이|밑단 너비|다리 길이","","","","","70","99","33","28","19","28","","cm|inch","","아니오","","가능","","성공","성공","성공","예","고유","women","","bottoms","","","","","","카테고리 URL 경로","[{""name"":""XS"",""items"":[{""name"":""허리 둘레"",""code"":""waist-product-size"",""value"":""70"",""unit"":""cm|inch""},{""name"":""엉덩이 둘레"",""code"":""hip-product-size"",""value"":""99"",""unit"":""cm|inch""},{""name"":""허벅지 너비"",""code"":""thigh"",""value"":""33"",""unit"":""cm|inch""},{""name"":""밑위 길이"",""code"":""rising-length"",""value"":""28"",""unit"":""cm|inch""},{""name"":""밑단 너비"",""code"":""bottom-width"",""value"":""28"",""unit"":""cm|inch""},{""name"":""다리 길이"",""code"":""inseam"",""value"":""19"",""unit"":""cm|inch""}]},{""name"":""S"",""items"":[{""name"":""허리 둘레"",""code"":""waist-product-size"",""value"":""76"",""unit"":""cm|inch""},{""name"":""엉덩이 둘레"",""code"":""hip-product-size"",""value"":""105"",""unit"":""cm|inch""},{""name"":""허벅지 너비"",""code"":""thigh"",""value"":""35"",""unit"":""cm|inch""},{""name"":""밑위 길이"",""code"":""rising-length"",""value"":""28.5"",""unit"":""cm|inch""},{""name"":""밑단 너비"",""code"":""bottom-width"",""value"":""29.5"",""unit"":""cm|inch""},{""name"":""다리 길이"",""code"":""inseam"",""value"":""20"",""unit"":""cm|inch""}]},{""name"":""M"",""items"":[{""name"":""허리 둘레"",""code"":""waist-product-size"",""value"":""82"",""unit"":""cm|inch""},{""name"":""엉덩이 둘레"",""code"":""hip-product-size"",""value"":""111"",""unit"":""cm|inch""},{""name"":""허벅지 너비"",""code"":""thigh"",""value"":""37"",""unit"":""cm|inch""},{""name"":""밑위 길이"",""code"":""rising-length"",""value"":""29.5"",""unit"":""cm|inch""},{""name"":""밑단 너비"",""code"":""bottom-width"",""value"":""30.5"",""unit"":""cm|inch""},{""name"":""다리 길이"",""code"":""inseam"",""value"":""20.5"",""unit"":""cm|inch""}]},{""name"":""L"",""items"":[{""name"":""허리 둘레"",""code"":""waist-product-size"",""value"":""88"",""unit"":""cm|inch""},{""name"":""엉덩이 둘레"",""code"":""hip-product-size"",""value"":""117"",""unit"":""cm|inch""},{""name"":""허벅지 너비"",""code"":""thigh"",""value"":""38.5"",""unit"":""cm|inch""},{""name"":""밑위 길이"",""code"":""rising-length"",""value"":""30.5"",""unit"":""cm|inch""},{""name"":""밑단 너비"",""code"":""bottom-width"",""value"":""31.5"",""unit"":""cm|inch""},{""name"":""다리 길이"",""code"":""inseam"",""value"":""21"",""unit"":""cm|inch""}]},{""name"":""XL"",""items"":[{""name"":""허리 둘레"",""code"":""waist-product-size"",""value"":""96"",""unit"":""cm|inch""},{""name"":""엉덩이 둘레"",""code"":""hip-product-size"",""value"":""125"",""unit"":""cm|inch""},{""name"":""허벅지 너비"",""code"":""thigh"",""value"":""41"",""unit"":""cm|inch""},{""name"":""밑위 길이"",""code"":""rising-length"",""value"":""31"",""unit"":""cm|inch""},{""name"":""밑단 너비"",""code"":""bottom-width"",""value"":""32.5"",""unit"":""cm|inch""},{""name"":""다리 길이"",""code"":""inseam"",""value"":""22"",""unit"":""cm|inch""}]},{""name"":""XXL"",""items"":[{""name"":""허리 둘레"",""code"":""waist-product-size"",""value"":""102"",""unit"":""cm|inch""},{""name"":""엉덩이 둘레"",""code"":""hip-product-size"",""value"":""130"",""unit"":""cm|inch""},{""name"":""허벅지 너비"",""code"":""thigh"",""value"":""42.5"",""unit"":""cm|inch""},{""name"":""밑위 길이"",""code"":""rising-length"",""value"":""32"",""unit"":""cm|inch""},{""name"":""밑단 너비"",""code"":""bottom-width"",""value"":""34"",""unit"":""cm|inch""},{""name"":""다리 길이"",""code"":""inseam"",""value"":""22.5"",""unit"":""cm|inch""}]},{""name"":""3XL"",""items"":[{""name"":""허리 둘레"",""code"":""waist-product-size"",""value"":""107"",""unit"":""cm|inch""},{""name"":""엉덩이 둘레"",""code"":""hip-product-size"",""value"":""134.5"",""unit"":""cm|inch""},{""name"":""허벅지 너비"",""code"":""thigh"",""value"":""44.5"",""unit"":""cm|inch""},{""name"":""밑위 길이"",""code"":""rising-length"",""value"":""33"",""unit"":""cm|inch""},{""name"":""밑단 너비"",""code"":""bottom-width"",""value"":""35.5"",""unit"":""cm|inch""},{""name"":""다리 길이"",""code"":""inseam"",""value"":""22.5"",""unit"":""cm|inch""}]},{""name"":""4XL"",""items"":[{""name"":""허리 둘레"",""code"":""waist-product-size"",""value"":""112"",""unit"":""cm|inch""},{""name"":""엉덩이 둘레"",""code"":""hip-product-size"",""value"":""139.5"",""unit"":""cm|inch""},{""name"":""허벅지 너비"",""code"":""thigh"",""value"":""46"",""unit"":""cm|inch""},{""name"":""밑위 길이"",""code"":""rising-length"",""value"":""34"",""unit"":""cm|inch""},{""name"":""밑단 너비"",""code"":""bottom-width"",""value"":""37"",""unit"":""cm|inch""},{""name"":""다리 길이"",""code"":""inseam"",""value"":""22.5"",""unit"":""cm|inch""}]}]"
"2026-07-23 22:59:07 KST","유니클로","https://www.uniqlo.com/kr/ko/products/E482937-000","E482937-000","UNIQLO","젠더리스 기어쇼트팬츠 | UNIQLO KR","여성","/kr/ko/women/bottoms","하의","bottoms","품절/일부 품절 표시 존재","API","XS|S|M|L|XL|XXL|3XL|4XL","8","허리 둘레|엉덩이 둘레|허벅지 너비|밑위 길이|밑단 너비|다리 길이","","","","","70","99","33","28","19","28","","cm|inch","","아니오","","가능","","성공","성공","성공","예","고유","women","","bottoms","","","","","","카테고리 URL 경로","[{""name"":""XS"",""items"":[{""name"":""허리 둘레"",""code"":""waist-product-size"",""value"":""70"",""unit"":""cm|inch""},{""name"":""엉덩이 둘레"",""code"":""hip-product-size"",""value"":""99"",""unit"":""cm|inch""},{""name"":""허벅지 너비"",""code"":""thigh"",""value"":""33"",""unit"":""cm|inch""},{""name"":""밑위 길이"",""code"":""rising-length"",""value"":""28"",""unit"":""cm|inch""},{""name"":""밑단 너비"",""code"":""bottom-width"",""value"":""28"",""unit"":""cm|inch""},{""name"":""다리 길이"",""code"":""inseam"",""value"":""19"",""unit"":""cm|inch""}]},{""name"":""S"",""items"":[{""name"":""허리 둘레"",""code"":""waist-product-size"",""value"":""76"",""unit"":""cm|inch""},{""name"":""엉덩이 둘레"",""code"":""hip-product-size"",""value"":""105"",""unit"":""cm|inch""},{""name"":""허벅지 너비"",""code"":""thigh"",""value"":""35"",""unit"":""cm|inch""},{""name"":""밑위 길이"",""code"":""rising-length"",""value"":""28.5"",""unit"":""cm|inch""},{""name"":""밑단 너비"",""code"":""bottom-width"",""value"":""29.5"",""unit"":""cm|inch""},{""name"":""다리 길이"",""code"":""inseam"",""value"":""20"",""unit"":""cm|inch""}]},{""name"":""M"",""items"":[{""name"":""허리 둘레"",""code"":""waist-product-size"",""value"":""82"",""unit"":""cm|inch""},{""name"":""엉덩이 둘레"",""code"":""hip-product-size"",""value"":""111"",""unit"":""cm|inch""},{""name"":""허벅지 너비"",""code"":""thigh"",""value"":""37"",""unit"":""cm|inch""},{""name"":""밑위 길이"",""code"":""rising-length"",""value"":""29.5"",""unit"":""cm|inch""},{""name"":""밑단 너비"",""code"":""bottom-width"",""value"":""30.5"",""unit"":""cm|inch""},{""name"":""다리 길이"",""code"":""inseam"",""value"":""20.5"",""unit"":""cm|inch""}]},{""name"":""L"",""items"":[{""name"":""허리 둘레"",""code"":""waist-product-size"",""value"":""88"",""unit"":""cm|inch""},{""name"":""엉덩이 둘레"",""code"":""hip-product-size"",""value"":""117"",""unit"":""cm|inch""},{""name"":""허벅지 너비"",""code"":""thigh"",""value"":""38.5"",""unit"":""cm|inch""},{""name"":""밑위 길이"",""code"":""rising-length"",""value"":""30.5"",""unit"":""cm|inch""},{""name"":""밑단 너비"",""code"":""bottom-width"",""value"":""31.5"",""unit"":""cm|inch""},{""name"":""다리 길이"",""code"":""inseam"",""value"":""21"",""unit"":""cm|inch""}]},{""name"":""XL"",""items"":[{""name"":""허리 둘레"",""code"":""waist-product-size"",""value"":""96"",""unit"":""cm|inch""},{""name"":""엉덩이 둘레"",""code"":""hip-product-size"",""value"":""125"",""unit"":""cm|inch""},{""name"":""허벅지 너비"",""code"":""thigh"",""value"":""41"",""unit"":""cm|inch""},{""name"":""밑위 길이"",""code"":""rising-length"",""value"":""31"",""unit"":""cm|inch""},{""name"":""밑단 너비"",""code"":""bottom-width"",""value"":""32.5"",""unit"":""cm|inch""},{""name"":""다리 길이"",""code"":""inseam"",""value"":""22"",""unit"":""cm|inch""}]},{""name"":""XXL"",""items"":[{""name"":""허리 둘레"",""code"":""waist-product-size"",""value"":""102"",""unit"":""cm|inch""},{""name"":""엉덩이 둘레"",""code"":""hip-product-size"",""value"":""130"",""unit"":""cm|inch""},{""name"":""허벅지 너비"",""code"":""thigh"",""value"":""42.5"",""unit"":""cm|inch""},{""name"":""밑위 길이"",""code"":""rising-length"",""value"":""32"",""unit"":""cm|inch""},{""name"":""밑단 너비"",""code"":""bottom-width"",""value"":""34"",""unit"":""cm|inch""},{""name"":""다리 길이"",""code"":""inseam"",""value"":""22.5"",""unit"":""cm|inch""}]},{""name"":""3XL"",""items"":[{""name"":""허리 둘레"",""code"":""waist-product-size"",""value"":""107"",""unit"":""cm|inch""},{""name"":""엉덩이 둘레"",""code"":""hip-product-size"",""value"":""134.5"",""unit"":""cm|inch""},{""name"":""허벅지 너비"",""code"":""thigh"",""value"":""44.5"",""unit"":""cm|inch""},{""name"":""밑위 길이"",""code"":""rising-length"",""value"":""33"",""unit"":""cm|inch""},{""name"":""밑단 너비"",""code"":""bottom-width"",""value"":""35.5"",""unit"":""cm|inch""},{""name"":""다리 길이"",""code"":""inseam"",""value"":""22.5"",""unit"":""cm|inch""}]},{""name"":""4XL"",""items"":[{""name"":""허리 둘레"",""code"":""waist-product-size"",""value"":""112"",""unit"":""cm|inch""},{""name"":""엉덩이 둘레"",""code"":""hip-product-size"",""value"":""139.5"",""unit"":""cm|inch""},{""name"":""허벅지 너비"",""code"":""thigh"",""value"":""46"",""unit"":""cm|inch""},{""name"":""밑위 길이"",""code"":""rising-length"",""value"":""34"",""unit"":""cm|inch""},{""name"":""밑단 너비"",""code"":""bottom-width"",""value"":""37"",""unit"":""cm|inch""},{""name"":""다리 길이"",""code"":""inseam"",""value"":""22.5"",""unit"":""cm|inch""}]}]"
"2026-07-23 22:59:08 KST","유니클로","https://www.uniqlo.com/kr/ko/products/E482983-000","E482983-000","UNIQLO","여성 콤비네이션원피스(슬리브리스) | UNIQLO KR","여성","/kr/ko/women/dress-and-skirts","원피스·언더웨어·기타","dress-and-skirts","품절/일부 품절 표시 존재","API","XS|S|M|L|XL|XXL","6","전체 길이|어깨너비(솔기에서 솔기까지)|가슴너비|몸 너비 (주름 및 박음질 포함)","29","34","119.5","","","","","","","","몸 너비 (주름 및 박음질 포함)","cm|inch","","아니오","","가능","","성공","성공","성공","예","고유","women","","dress-and-skirts","","","","","","카테고리 URL 경로","[{""name"":""XS"",""items"":[{""name"":""전체 길이"",""code"":""body-length-back"",""value"":""119.5"",""unit"":""cm|inch""},{""name"":""어깨너비(솔기에서 솔기까지)"",""code"":""shoulder-width"",""value"":""29"",""unit"":""cm|inch""},{""name"":""가슴너비"",""code"":""body-width"",""value"":""34"",""unit"":""cm|inch""},{""name"":""몸 너비 (주름 및 박음질 포함)"",""code"":""body-width-gather-and-tack"",""value"":""30"",""unit"":""cm|inch""}]},{""name"":""S"",""items"":[{""name"":""전체 길이"",""code"":""body-length-back"",""value"":""121.5"",""unit"":""cm|inch""},{""name"":""어깨너비(솔기에서 솔기까지)"",""code"":""shoulder-width"",""value"":""30"",""unit"":""cm|inch""},{""name"":""가슴너비"",""code"":""body-width"",""value"":""36.5"",""unit"":""cm|inch""},{""name"":""몸 너비 (주름 및 박음질 포함)"",""code"":""body-width-gather-and-tack"",""value"":""32.5"",""unit"":""cm|inch""}]},{""name"":""M"",""items"":[{""name"":""전체 길이"",""code"":""body-length-back"",""value"":""123.5"",""unit"":""cm|inch""},{""name"":""어깨너비(솔기에서 솔기까지)"",""code"":""shoulder-width"",""value"":""31"",""unit"":""cm|inch""},{""name"":""가슴너비"",""code"":""body-width"",""value"":""39"",""unit"":""cm|inch""},{""name"":""몸 너비 (주름 및 박음질 포함)"",""code"":""body-width-gather-and-tack"",""value"":""35"",""unit"":""cm|inch""}]},{""name"":""L"",""items"":[{""name"":""전체 길이"",""code"":""body-length-back"",""value"":""125.5"",""unit"":""cm|inch""},{""name"":""어깨너비(솔기에서 솔기까지)"",""code"":""shoulder-width"",""value"":""32"",""unit"":""cm|inch""},{""name"":""가슴너비"",""code"":""body-width"",""value"":""41.5"",""unit"":""cm|inch""},{""name"":""몸 너비 (주름 및 박음질 포함)"",""code"":""body-width-gather-and-tack"",""value"":""37.5"",""unit"":""cm|inch""}]},{""name"":""XL"",""items"":[{""name"":""전체 길이"",""code"":""body-length-back"",""value"":""127.5"",""unit"":""cm|inch""},{""name"":""어깨너비(솔기에서 솔기까지)"",""code"":""shoulder-width"",""value"":""33"",""unit"":""cm|inch""},{""name"":""가슴너비"",""code"":""body-width"",""value"":""44.5"",""unit"":""cm|inch""},{""name"":""몸 너비 (주름 및 박음질 포함)"",""code"":""body-width-gather-and-tack"",""value"":""40.5"",""unit"":""cm|inch""}]},{""name"":""XXL"",""items"":[{""name"":""전체 길이"",""code"":""body-length-back"",""value"":""129"",""unit"":""cm|inch""},{""name"":""어깨너비(솔기에서 솔기까지)"",""code"":""shoulder-width"",""value"":""34"",""unit"":""cm|inch""},{""name"":""가슴너비"",""code"":""body-width"",""value"":""47.5"",""unit"":""cm|inch""},{""name"":""몸 너비 (주름 및 박음질 포함)"",""code"":""body-width-gather-and-tack"",""value"":""43.5"",""unit"":""cm|inch""}]}]"
"2026-07-23 22:59:10 KST","유니클로","https://www.uniqlo.com/kr/ko/products/E487286-000","E487286-000","UNIQLO","여성 콤비네이션티어드원피스(슬리브리스) | UNIQLO KR","여성","/kr/ko/women/dress-and-skirts","원피스·언더웨어·기타","dress-and-skirts","품절/일부 품절 표시 존재","API","XS|S|M|L|XL|XXL","6","전체 길이|어깨너비(솔기에서 솔기까지)|가슴너비|엉덩이 둘레","31","38","116.5","","","108.5","","","","","","cm|inch","","아니오","","가능","","성공","성공","성공","예","고유","women","","dress-and-skirts","","","","","","카테고리 URL 경로","[{""name"":""XS"",""items"":[{""name"":""전체 길이"",""code"":""body-length-back"",""value"":""116.5"",""unit"":""cm|inch""},{""name"":""어깨너비(솔기에서 솔기까지)"",""code"":""shoulder-width"",""value"":""31"",""unit"":""cm|inch""},{""name"":""가슴너비"",""code"":""body-width"",""value"":""38"",""unit"":""cm|inch""},{""name"":""엉덩이 둘레"",""code"":""hip-product-size"",""value"":""108.5"",""unit"":""cm|inch""}]},{""name"":""S"",""items"":[{""name"":""전체 길이"",""code"":""body-length-back"",""value"":""118.5"",""unit"":""cm|inch""},{""name"":""어깨너비(솔기에서 솔기까지)"",""code"":""shoulder-width"",""value"":""32"",""unit"":""cm|inch""},{""name"":""가슴너비"",""code"":""body-width"",""value"":""40.5"",""unit"":""cm|inch""},{""name"":""엉덩이 둘레"",""code"":""hip-product-size"",""value"":""113.5"",""unit"":""cm|inch""}]},{""name"":""M"",""items"":[{""name"":""전체 길이"",""code"":""body-length-back"",""value"":""120"",""unit"":""cm|inch""},{""name"":""어깨너비(솔기에서 솔기까지)"",""code"":""shoulder-width"",""value"":""33"",""unit"":""cm|inch""},{""name"":""가슴너비"",""code"":""body-width"",""value"":""43"",""unit"":""cm|inch""},{""name"":""엉덩이 둘레"",""code"":""hip-product-size"",""value"":""118.5"",""unit"":""cm|inch""}]},{""name"":""L"",""items"":[{""name"":""전체 길이"",""code"":""body-length-back"",""value"":""122"",""unit"":""cm|inch""},{""name"":""어깨너비(솔기에서 솔기까지)"",""code"":""shoulder-width"",""value"":""34"",""unit"":""cm|inch""},{""name"":""가슴너비"",""code"":""body-width"",""value"":""45.5"",""unit"":""cm|inch""},{""name"":""엉덩이 둘레"",""code"":""hip-product-size"",""value"":""123.5"",""unit"":""cm|inch""}]},{""name"":""XL"",""items"":[{""name"":""전체 길이"",""code"":""body-length-back"",""value"":""124"",""unit"":""cm|inch""},{""name"":""어깨너비(솔기에서 솔기까지)"",""code"":""shoulder-width"",""value"":""35"",""unit"":""cm|inch""},{""name"":""가슴너비"",""code"":""body-width"",""value"":""48.5"",""unit"":""cm|inch""},{""name"":""엉덩이 둘레"",""code"":""hip-product-size"",""value"":""129.5"",""unit"":""cm|inch""}]},{""name"":""XXL"",""items"":[{""name"":""전체 길이"",""code"":""body-length-back"",""value"":""126"",""unit"":""cm|inch""},{""name"":""어깨너비(솔기에서 솔기까지)"",""code"":""shoulder-width"",""value"":""36"",""unit"":""cm|inch""},{""name"":""가슴너비"",""code"":""body-width"",""value"":""51.5"",""unit"":""cm|inch""},{""name"":""엉덩이 둘레"",""code"":""hip-product-size"",""value"":""135.5"",""unit"":""cm|inch""}]}]"
"2026-07-23 22:59:11 KST","유니클로","https://www.uniqlo.com/kr/ko/products/E482982-000","E482982-000","UNIQLO","여성 울트라스트레치AIRism원피스(슬리브리스) | UNIQLO KR","여성","/kr/ko/women/dress-and-skirts","원피스·언더웨어·기타","dress-and-skirts","품절/일부 품절 표시 존재","API","XS|S|M|L|XL|XXL","6","전체 길이|어깨너비(솔기에서 솔기까지)|가슴너비|엉덩이 둘레","31.5","39","113","","","120","","","","","","cm|inch","","아니오","","가능","","성공","성공","성공","예","고유","women","","dress-and-skirts","","","","","","카테고리 URL 경로","[{""name"":""XS"",""items"":[{""name"":""전체 길이"",""code"":""body-length-back"",""value"":""113"",""unit"":""cm|inch""},{""name"":""어깨너비(솔기에서 솔기까지)"",""code"":""shoulder-width"",""value"":""31.5"",""unit"":""cm|inch""},{""name"":""가슴너비"",""code"":""body-width"",""value"":""39"",""unit"":""cm|inch""},{""name"":""엉덩이 둘레"",""code"":""hip-product-size"",""value"":""120"",""unit"":""cm|inch""}]},{""name"":""S"",""items"":[{""name"":""전체 길이"",""code"":""body-length-back"",""value"":""115"",""unit"":""cm|inch""},{""name"":""어깨너비(솔기에서 솔기까지)"",""code"":""shoulder-width"",""value"":""32.5"",""unit"":""cm|inch""},{""name"":""가슴너비"",""code"":""body-width"",""value"":""41.5"",""unit"":""cm|inch""},{""name"":""엉덩이 둘레"",""code"":""hip-product-size"",""value"":""124.5"",""unit"":""cm|inch""}]},{""name"":""M"",""items"":[{""name"":""전체 길이"",""code"":""body-length-back"",""value"":""116.5"",""unit"":""cm|inch""},{""name"":""어깨너비(솔기에서 솔기까지)"",""code"":""shoulder-width"",""value"":""33.5"",""unit"":""cm|inch""},{""name"":""가슴너비"",""code"":""body-width"",""value"":""44"",""unit"":""cm|inch""},{""name"":""엉덩이 둘레"",""code"":""hip-product-size"",""value"":""129"",""unit"":""cm|inch""}]},{""name"":""L"",""items"":[{""name"":""전체 길이"",""code"":""body-length-back"",""value"":""118.5"",""unit"":""cm|inch""},{""name"":""어깨너비(솔기에서 솔기까지)"",""code"":""shoulder-width"",""value"":""34.5"",""unit"":""cm|inch""},{""name"":""가슴너비"",""code"":""body-width"",""value"":""46.5"",""unit"":""cm|inch""},{""name"":""엉덩이 둘레"",""code"":""hip-product-size"",""value"":""133.5"",""unit"":""cm|inch""}]},{""name"":""XL"",""items"":[{""name"":""전체 길이"",""code"":""body-length-back"",""value"":""120.5"",""unit"":""cm|inch""},{""name"":""어깨너비(솔기에서 솔기까지)"",""code"":""shoulder-width"",""value"":""35.5"",""unit"":""cm|inch""},{""name"":""가슴너비"",""code"":""body-width"",""value"":""49.5"",""unit"":""cm|inch""},{""name"":""엉덩이 둘레"",""code"":""hip-product-size"",""value"":""139"",""unit"":""cm|inch""}]},{""name"":""XXL"",""items"":[{""name"":""전체 길이"",""code"":""body-length-back"",""value"":""122.5"",""unit"":""cm|inch""},{""name"":""어깨너비(솔기에서 솔기까지)"",""code"":""shoulder-width"",""value"":""36.5"",""unit"":""cm|inch""},{""name"":""가슴너비"",""code"":""body-width"",""value"":""52.5"",""unit"":""cm|inch""},{""name"":""엉덩이 둘레"",""code"":""hip-product-size"",""value"":""144.5"",""unit"":""cm|inch""}]}]"
"2026-07-23 22:59:12 KST","유니클로","https://www.uniqlo.com/kr/ko/products/E483564-000","E483564-000","UNIQLO","여성 코튼셔링원피스(슬리브리스)스트라이프 | UNIQLO KR","여성","/kr/ko/women/dress-and-skirts","원피스·언더웨어·기타","dress-and-skirts","품절/일부 품절 표시 존재","API","XS|S|M|L|XL|XXL","6","전체 길이|가슴너비|몸 너비 (주름 및 박음질 포함)|치마 길이 [페티코트]|허리 둘레 (상품 사이즈) [페티코트]","","32","108","","58","","","","","","몸 너비 (주름 및 박음질 포함)","cm|inch","","아니오","","가능","","성공","성공","성공","예","고유","women","","dress-and-skirts","","","","","","카테고리 URL 경로","[{""name"":""XS"",""items"":[{""name"":""전체 길이"",""code"":""body-length-back"",""value"":""108"",""unit"":""cm|inch""},{""name"":""가슴너비"",""code"":""body-width"",""value"":""32"",""unit"":""cm|inch""},{""name"":""몸 너비 (주름 및 박음질 포함)"",""code"":""body-width-gather-and-tack"",""value"":""71"",""unit"":""cm|inch""},{""name"":""치마 길이 [페티코트]"",""code"":""skirt-length-petticoat"",""value"":""61"",""unit"":""cm|inch""},{""name"":""허리 둘레 (상품 사이즈) [페티코트]"",""code"":""waist-product-size-petticoat"",""value"":""58"",""unit"":""cm|inch""}]},{""name"":""S"",""items"":[{""name"":""전체 길이"",""code"":""body-length-back"",""value"":""110"",""unit"":""cm|inch""},{""name"":""가슴너비"",""code"":""body-width"",""value"":""34"",""unit"":""cm|inch""},{""name"":""몸 너비 (주름 및 박음질 포함)"",""code"":""body-width-gather-and-tack"",""value"":""75.5"",""unit"":""cm|inch""},{""name"":""치마 길이 [페티코트]"",""code"":""skirt-length-petticoat"",""value"":""63"",""unit"":""cm|inch""},{""name"":""허리 둘레 (상품 사이즈) [페티코트]"",""code"":""waist-product-size-petticoat"",""value"":""62"",""unit"":""cm|inch""}]},{""name"":""M"",""items"":[{""name"":""전체 길이"",""code"":""body-length-back"",""value"":""112"",""unit"":""cm|inch""},{""name"":""가슴너비"",""code"":""body-width"",""value"":""36"",""unit"":""cm|inch""},{""name"":""몸 너비 (주름 및 박음질 포함)"",""code"":""body-width-gather-and-tack"",""value"":""80.5"",""unit"":""cm|inch""},{""name"":""치마 길이 [페티코트]"",""code"":""skirt-length-petticoat"",""value"":""63"",""unit"":""cm|inch""},{""name"":""허리 둘레 (상품 사이즈) [페티코트]"",""code"":""waist-product-size-petticoat"",""value"":""66"",""unit"":""cm|inch""}]},{""name"":""L"",""items"":[{""name"":""전체 길이"",""code"":""body-length-back"",""value"":""114"",""unit"":""cm|inch""},{""name"":""가슴너비"",""code"":""body-width"",""value"":""38"",""unit"":""cm|inch""},{""name"":""몸 너비 (주름 및 박음질 포함)"",""code"":""body-width-gather-and-tack"",""value"":""85.5"",""unit"":""cm|inch""},{""name"":""치마 길이 [페티코트]"",""code"":""skirt-length-petticoat"",""value"":""65"",""unit"":""cm|inch""},{""name"":""허리 둘레 (상품 사이즈) [페티코트]"",""code"":""waist-product-size-petticoat"",""value"":""70"",""unit"":""cm|inch""}]},{""name"":""XL"",""items"":[{""name"":""전체 길이"",""code"":""body-length-back"",""value"":""116"",""unit"":""cm|inch""},{""name"":""가슴너비"",""code"":""body-width"",""value"":""41"",""unit"":""cm|inch""},{""name"":""몸 너비 (주름 및 박음질 포함)"",""code"":""body-width-gather-and-tack"",""value"":""93"",""unit"":""cm|inch""},{""name"":""치마 길이 [페티코트]"",""code"":""skirt-length-petticoat"",""value"":""65"",""unit"":""cm|inch""},{""name"":""허리 둘레 (상품 사이즈) [페티코트]"",""code"":""waist-product-size-petticoat"",""value"":""76"",""unit"":""cm|inch""}]},{""name"":""XXL"",""items"":[{""name"":""전체 길이"",""code"":""body-length-back"",""value"":""118"",""unit"":""cm|inch""},{""name"":""가슴너비"",""code"":""body-width"",""value"":""44"",""unit"":""cm|inch""},{""name"":""몸 너비 (주름 및 박음질 포함)"",""code"":""body-width-gather-and-tack"",""value"":""101"",""unit"":""cm|inch""},{""name"":""치마 길이 [페티코트]"",""code"":""skirt-length-petticoat"",""value"":""65"",""unit"":""cm|inch""},{""name"":""허리 둘레 (상품 사이즈) [페티코트]"",""code"":""waist-product-size-petticoat"",""value"":""82"",""unit"":""cm|inch""}]}]"
"2026-07-23 22:59:14 KST","유니클로","https://www.uniqlo.com/kr/ko/products/E487278-000","E487278-000","UNIQLO","여성 캐미솔원피스 | UNIQLO KR","여성","/kr/ko/women/dress-and-skirts","원피스·언더웨어·기타","dress-and-skirts","품절/일부 품절 표시 존재","API","XS|S|M|L|XL|XXL","6","전체 길이|가슴너비|몸 너비 (주름 및 박음질 포함)|엉덩이 둘레","","40","113.5","","","98","","","","","몸 너비 (주름 및 박음질 포함)","cm|inch","","아니오","","가능","","성공","성공","성공","예","고유","women","","dress-and-skirts","","","","","","카테고리 URL 경로","[{""name"":""XS"",""items"":[{""name"":""전체 길이"",""code"":""body-length-back"",""value"":""113.5"",""unit"":""cm|inch""},{""name"":""가슴너비"",""code"":""body-width"",""value"":""40"",""unit"":""cm|inch""},{""name"":""몸 너비 (주름 및 박음질 포함)"",""code"":""body-width-gather-and-tack"",""value"":""40"",""unit"":""cm|inch""},{""name"":""엉덩이 둘레"",""code"":""hip-product-size"",""value"":""98"",""unit"":""cm|inch""}]},{""name"":""S"",""items"":[{""name"":""전체 길이"",""code"":""body-length-back"",""value"":""115.5"",""unit"":""cm|inch""},{""name"":""가슴너비"",""code"":""body-width"",""value"":""42"",""unit"":""cm|inch""},{""name"":""몸 너비 (주름 및 박음질 포함)"",""code"":""body-width-gather-and-tack"",""value"":""42"",""unit"":""cm|inch""},{""name"":""엉덩이 둘레"",""code"":""hip-product-size"",""value"":""101.5"",""unit"":""cm|inch""}]},{""name"":""M"",""items"":[{""name"":""전체 길이"",""code"":""body-length-back"",""value"":""117.5"",""unit"":""cm|inch""},{""name"":""가슴너비"",""code"":""body-width"",""value"":""44"",""unit"":""cm|inch""},{""name"":""몸 너비 (주름 및 박음질 포함)"",""code"":""body-width-gather-and-tack"",""value"":""44"",""unit"":""cm|inch""},{""name"":""엉덩이 둘레"",""code"":""hip-product-size"",""value"":""105"",""unit"":""cm|inch""}]},{""name"":""L"",""items"":[{""name"":""전체 길이"",""code"":""body-length-back"",""value"":""119.5"",""unit"":""cm|inch""},{""name"":""가슴너비"",""code"":""body-width"",""value"":""46"",""unit"":""cm|inch""},{""name"":""몸 너비 (주름 및 박음질 포함)"",""code"":""body-width-gather-and-tack"",""value"":""46"",""unit"":""cm|inch""},{""name"":""엉덩이 둘레"",""code"":""hip-product-size"",""value"":""109"",""unit"":""cm|inch""}]},{""name"":""XL"",""items"":[{""name"":""전체 길이"",""code"":""body-length-back"",""value"":""121.5"",""unit"":""cm|inch""},{""name"":""가슴너비"",""code"":""body-width"",""value"":""49"",""unit"":""cm|inch""},{""name"":""몸 너비 (주름 및 박음질 포함)"",""code"":""body-width-gather-and-tack"",""value"":""49"",""unit"":""cm|inch""},{""name"":""엉덩이 둘레"",""code"":""hip-product-size"",""value"":""115"",""unit"":""cm|inch""}]},{""name"":""XXL"",""items"":[{""name"":""전체 길이"",""code"":""body-length-back"",""value"":""123.5"",""unit"":""cm|inch""},{""name"":""가슴너비"",""code"":""body-width"",""value"":""52"",""unit"":""cm|inch""},{""name"":""몸 너비 (주름 및 박음질 포함)"",""code"":""body-width-gather-and-tack"",""value"":""52"",""unit"":""cm|inch""},{""name"":""엉덩이 둘레"",""code"":""hip-product-size"",""value"":""121"",""unit"":""cm|inch""}]}]"
"2026-07-23 22:59:15 KST","유니클로","https://www.uniqlo.com/kr/ko/products/E484026-000","E484026-000","UNIQLO","여성 코튼셔링원피스(슬리브리스)프린트 | UNIQLO KR","여성","/kr/ko/women/dress-and-skirts","원피스·언더웨어·기타","dress-and-skirts","품절/일부 품절 표시 존재","API","XS|S|M|L|XL|XXL","6","전체 길이|가슴너비|몸 너비 (주름 및 박음질 포함)|치마 길이 [페티코트]|허리 둘레 (상품 사이즈) [페티코트]","","32","108","","58","","","","","","몸 너비 (주름 및 박음질 포함)","cm|inch","","아니오","","가능","","성공","성공","성공","예","고유","women","","dress-and-skirts","","","","","","카테고리 URL 경로","[{""name"":""XS"",""items"":[{""name"":""전체 길이"",""code"":""body-length-back"",""value"":""108"",""unit"":""cm|inch""},{""name"":""가슴너비"",""code"":""body-width"",""value"":""32"",""unit"":""cm|inch""},{""name"":""몸 너비 (주름 및 박음질 포함)"",""code"":""body-width-gather-and-tack"",""value"":""71"",""unit"":""cm|inch""},{""name"":""치마 길이 [페티코트]"",""code"":""skirt-length-petticoat"",""value"":""61"",""unit"":""cm|inch""},{""name"":""허리 둘레 (상품 사이즈) [페티코트]"",""code"":""waist-product-size-petticoat"",""value"":""58"",""unit"":""cm|inch""}]},{""name"":""S"",""items"":[{""name"":""전체 길이"",""code"":""body-length-back"",""value"":""110"",""unit"":""cm|inch""},{""name"":""가슴너비"",""code"":""body-width"",""value"":""34"",""unit"":""cm|inch""},{""name"":""몸 너비 (주름 및 박음질 포함)"",""code"":""body-width-gather-and-tack"",""value"":""75.5"",""unit"":""cm|inch""},{""name"":""치마 길이 [페티코트]"",""code"":""skirt-length-petticoat"",""value"":""63"",""unit"":""cm|inch""},{""name"":""허리 둘레 (상품 사이즈) [페티코트]"",""code"":""waist-product-size-petticoat"",""value"":""62"",""unit"":""cm|inch""}]},{""name"":""M"",""items"":[{""name"":""전체 길이"",""code"":""body-length-back"",""value"":""112"",""unit"":""cm|inch""},{""name"":""가슴너비"",""code"":""body-width"",""value"":""36"",""unit"":""cm|inch""},{""name"":""몸 너비 (주름 및 박음질 포함)"",""code"":""body-width-gather-and-tack"",""value"":""80.5"",""unit"":""cm|inch""},{""name"":""치마 길이 [페티코트]"",""code"":""skirt-length-petticoat"",""value"":""63"",""unit"":""cm|inch""},{""name"":""허리 둘레 (상품 사이즈) [페티코트]"",""code"":""waist-product-size-petticoat"",""value"":""66"",""unit"":""cm|inch""}]},{""name"":""L"",""items"":[{""name"":""전체 길이"",""code"":""body-length-back"",""value"":""114"",""unit"":""cm|inch""},{""name"":""가슴너비"",""code"":""body-width"",""value"":""38"",""unit"":""cm|inch""},{""name"":""몸 너비 (주름 및 박음질 포함)"",""code"":""body-width-gather-and-tack"",""value"":""85.5"",""unit"":""cm|inch""},{""name"":""치마 길이 [페티코트]"",""code"":""skirt-length-petticoat"",""value"":""65"",""unit"":""cm|inch""},{""name"":""허리 둘레 (상품 사이즈) [페티코트]"",""code"":""waist-product-size-petticoat"",""value"":""70"",""unit"":""cm|inch""}]},{""name"":""XL"",""items"":[{""name"":""전체 길이"",""code"":""body-length-back"",""value"":""116"",""unit"":""cm|inch""},{""name"":""가슴너비"",""code"":""body-width"",""value"":""41"",""unit"":""cm|inch""},{""name"":""몸 너비 (주름 및 박음질 포함)"",""code"":""body-width-gather-and-tack"",""value"":""93"",""unit"":""cm|inch""},{""name"":""치마 길이 [페티코트]"",""code"":""skirt-length-petticoat"",""value"":""65"",""unit"":""cm|inch""},{""name"":""허리 둘레 (상품 사이즈) [페티코트]"",""code"":""waist-product-size-petticoat"",""value"":""76"",""unit"":""cm|inch""}]},{""name"":""XXL"",""items"":[{""name"":""전체 길이"",""code"":""body-length-back"",""value"":""118"",""unit"":""cm|inch""},{""name"":""가슴너비"",""code"":""body-width"",""value"":""44"",""unit"":""cm|inch""},{""name"":""몸 너비 (주름 및 박음질 포함)"",""code"":""body-width-gather-and-tack"",""value"":""101"",""unit"":""cm|inch""},{""name"":""치마 길이 [페티코트]"",""code"":""skirt-length-petticoat"",""value"":""65"",""unit"":""cm|inch""},{""name"":""허리 둘레 (상품 사이즈) [페티코트]"",""code"":""waist-product-size-petticoat"",""value"":""82"",""unit"":""cm|inch""}]}]"
"2026-07-23 22:59:16 KST","유니클로","https://www.uniqlo.com/kr/ko/products/E488216-000","E488216-000","UNIQLO","여성 셔링원피스(슬리브리스) | UNIQLO KR","여성","/kr/ko/women/dress-and-skirts","원피스·언더웨어·기타","dress-and-skirts","품절/일부 품절 표시 존재","API","XS|S|M|L|XL|XXL","6","전체 길이|가슴너비","","31","115.5","","","","","","","","","cm|inch","","아니오","","가능","","성공","성공","성공","예","고유","women","","dress-and-skirts","","","","","","카테고리 URL 경로","[{""name"":""XS"",""items"":[{""name"":""전체 길이"",""code"":""body-length-back"",""value"":""115.5"",""unit"":""cm|inch""},{""name"":""가슴너비"",""code"":""body-width"",""value"":""31"",""unit"":""cm|inch""}]},{""name"":""S"",""items"":[{""name"":""전체 길이"",""code"":""body-length-back"",""value"":""117.5"",""unit"":""cm|inch""},{""name"":""가슴너비"",""code"":""body-width"",""value"":""33.5"",""unit"":""cm|inch""}]},{""name"":""M"",""items"":[{""name"":""전체 길이"",""code"":""body-length-back"",""value"":""119"",""unit"":""cm|inch""},{""name"":""가슴너비"",""code"":""body-width"",""value"":""36"",""unit"":""cm|inch""}]},{""name"":""L"",""items"":[{""name"":""전체 길이"",""code"":""body-length-back"",""value"":""121"",""unit"":""cm|inch""},{""name"":""가슴너비"",""code"":""body-width"",""value"":""38.5"",""unit"":""cm|inch""}]},{""name"":""XL"",""items"":[{""name"":""전체 길이"",""code"":""body-length-back"",""value"":""123"",""unit"":""cm|inch""},{""name"":""가슴너비"",""code"":""body-width"",""value"":""41.5"",""unit"":""cm|inch""}]},{""name"":""XXL"",""items"":[{""name"":""전체 길이"",""code"":""body-length-back"",""value"":""125"",""unit"":""cm|inch""},{""name"":""가슴너비"",""code"":""body-width"",""value"":""44.5"",""unit"":""cm|inch""}]}]"
"2026-07-23 22:59:17 KST","유니클로","https://www.uniqlo.com/kr/ko/products/E488216-001","E488216-001","UNIQLO","여성 셔링원피스(슬리브리스) | UNIQLO KR","여성","/kr/ko/women/dress-and-skirts","원피스·언더웨어·기타","dress-and-skirts","품절/일부 품절 표시 존재","API","XS|S|M|L|XL|XXL","6","전체 길이|가슴너비","","31","115.5","","","","","","","","","cm|inch","","아니오","","가능","","성공","성공","성공","예","고유","women","","dress-and-skirts","","","","","","카테고리 URL 경로","[{""name"":""XS"",""items"":[{""name"":""전체 길이"",""code"":""body-length-back"",""value"":""115.5"",""unit"":""cm|inch""},{""name"":""가슴너비"",""code"":""body-width"",""value"":""31"",""unit"":""cm|inch""}]},{""name"":""S"",""items"":[{""name"":""전체 길이"",""code"":""body-length-back"",""value"":""117.5"",""unit"":""cm|inch""},{""name"":""가슴너비"",""code"":""body-width"",""value"":""33.5"",""unit"":""cm|inch""}]},{""name"":""M"",""items"":[{""name"":""전체 길이"",""code"":""body-length-back"",""value"":""119"",""unit"":""cm|inch""},{""name"":""가슴너비"",""code"":""body-width"",""value"":""36"",""unit"":""cm|inch""}]},{""name"":""L"",""items"":[{""name"":""전체 길이"",""code"":""body-length-back"",""value"":""121"",""unit"":""cm|inch""},{""name"":""가슴너비"",""code"":""body-width"",""value"":""38.5"",""unit"":""cm|inch""}]},{""name"":""XL"",""items"":[{""name"":""전체 길이"",""code"":""body-length-back"",""value"":""123"",""unit"":""cm|inch""},{""name"":""가슴너비"",""code"":""body-width"",""value"":""41.5"",""unit"":""cm|inch""}]},{""name"":""XXL"",""items"":[{""name"":""전체 길이"",""code"":""body-length-back"",""value"":""125"",""unit"":""cm|inch""},{""name"":""가슴너비"",""code"":""body-width"",""value"":""44.5"",""unit"":""cm|inch""}]}]"
"2026-07-23 22:59:18 KST","유니클로","https://www.uniqlo.com/kr/ko/products/E483986-000","E483986-000","UNIQLO","여성 AIRism코튼T원피스(반팔) | UNIQLO KR","여성","/kr/ko/women/dress-and-skirts","원피스·언더웨어·기타","dress-and-skirts","품절/일부 품절 표시 존재","API","XS|S|M|L|XL|XXL","6","전체 길이|어깨너비(솔기에서 솔기까지)|가슴너비|등 중심부터 소매까지 길이|엉덩이 둘레","37.5","42.5","114","39.5","","104","","","","","","cm|inch","","아니오","","가능","","성공","성공","성공","예","고유","women","","dress-and-skirts","","","","","","카테고리 URL 경로","[{""name"":""XS"",""items"":[{""name"":""전체 길이"",""code"":""body-length-back"",""value"":""114"",""unit"":""cm|inch""},{""name"":""어깨너비(솔기에서 솔기까지)"",""code"":""shoulder-width"",""value"":""37.5"",""unit"":""cm|inch""},{""name"":""가슴너비"",""code"":""body-width"",""value"":""42.5"",""unit"":""cm|inch""},{""name"":""등 중심부터 소매까지 길이"",""code"":""sleeve-length-cb"",""value"":""39.5"",""unit"":""cm|inch""},{""name"":""엉덩이 둘레"",""code"":""hip-product-size"",""value"":""104"",""unit"":""cm|inch""}]},{""name"":""S"",""items"":[{""name"":""전체 길이"",""code"":""body-length-back"",""value"":""116"",""unit"":""cm|inch""},{""name"":""어깨너비(솔기에서 솔기까지)"",""code"":""shoulder-width"",""value"":""38.5"",""unit"":""cm|inch""},{""name"":""가슴너비"",""code"":""body-width"",""value"":""45"",""unit"":""cm|inch""},{""name"":""등 중심부터 소매까지 길이"",""code"":""sleeve-length-cb"",""value"":""40.5"",""unit"":""cm|inch""},{""name"":""엉덩이 둘레"",""code"":""hip-product-size"",""value"":""109"",""unit"":""cm|inch""}]},{""name"":""M"",""items"":[{""name"":""전체 길이"",""code"":""body-length-back"",""value"":""117.5"",""unit"":""cm|inch""},{""name"":""어깨너비(솔기에서 솔기까지)"",""code"":""shoulder-width"",""value"":""39.5"",""unit"":""cm|inch""},{""name"":""가슴너비"",""code"":""body-width"",""value"":""47.5"",""unit"":""cm|inch""},{""name"":""등 중심부터 소매까지 길이"",""code"":""sleeve-length-cb"",""value"":""41"",""unit"":""cm|inch""},{""name"":""엉덩이 둘레"",""code"":""hip-product-size"",""value"":""114"",""unit"":""cm|inch""}]},{""name"":""L"",""items"":[{""name"":""전체 길이"",""code"":""body-length-back"",""value"":""119.5"",""unit"":""cm|inch""},{""name"":""어깨너비(솔기에서 솔기까지)"",""code"":""shoulder-width"",""value"":""40.5"",""unit"":""cm|inch""},{""name"":""가슴너비"",""code"":""body-width"",""value"":""50"",""unit"":""cm|inch""},{""name"":""등 중심부터 소매까지 길이"",""code"":""sleeve-length-cb"",""value"":""42.5"",""unit"":""cm|inch""},{""name"":""엉덩이 둘레"",""code"":""hip-product-size"",""value"":""119"",""unit"":""cm|inch""}]},{""name"":""XL"",""items"":[{""name"":""전체 길이"",""code"":""body-length-back"",""value"":""121.5"",""unit"":""cm|inch""},{""name"":""어깨너비(솔기에서 솔기까지)"",""code"":""shoulder-width"",""value"":""42"",""unit"":""cm|inch""},{""name"":""가슴너비"",""code"":""body-width"",""value"":""53"",""unit"":""cm|inch""},{""name"":""등 중심부터 소매까지 길이"",""code"":""sleeve-length-cb"",""value"":""44"",""unit"":""cm|inch""},{""name"":""엉덩이 둘레"",""code"":""hip-product-size"",""value"":""125"",""unit"":""cm|inch""}]},{""name"":""XXL"",""items"":[{""name"":""전체 길이"",""code"":""body-length-back"",""value"":""123"",""unit"":""cm|inch""},{""name"":""어깨너비(솔기에서 솔기까지)"",""code"":""shoulder-width"",""value"":""43"",""unit"":""cm|inch""},{""name"":""가슴너비"",""code"":""body-width"",""value"":""56"",""unit"":""cm|inch""},{""name"":""등 중심부터 소매까지 길이"",""code"":""sleeve-length-cb"",""value"":""45.5"",""unit"":""cm|inch""},{""name"":""엉덩이 둘레"",""code"":""hip-product-size"",""value"":""130.5"",""unit"":""cm|inch""}]}]"
"2026-07-23 22:59:19 KST","유니클로","https://www.uniqlo.com/kr/ko/products/E487822-000","E487822-000","UNIQLO","여성 릴랙스원피스(반팔) | UNIQLO KR","여성","/kr/ko/women/dress-and-skirts","원피스·언더웨어·기타","dress-and-skirts","품절/일부 품절 표시 존재","API","S|M|L","3","전체 길이|몸 너비 (주름 및 박음질 포함)|등 중심부터 소매까지 길이|엉덩이 둘레","","","97.5","46.5","","133.5","","","","","몸 너비 (주름 및 박음질 포함)","cm|inch","","아니오","","가능","","성공","성공","성공","예","고유","women","","dress-and-skirts","","","","","","카테고리 URL 경로","[{""name"":""S"",""items"":[{""name"":""전체 길이"",""code"":""body-length-back"",""value"":""97.5"",""unit"":""cm|inch""},{""name"":""몸 너비 (주름 및 박음질 포함)"",""code"":""body-width-gather-and-tack"",""value"":""71"",""unit"":""cm|inch""},{""name"":""등 중심부터 소매까지 길이"",""code"":""sleeve-length-cb"",""value"":""46.5"",""unit"":""cm|inch""},{""name"":""엉덩이 둘레"",""code"":""hip-product-size"",""value"":""133.5"",""unit"":""cm|inch""}]},{""name"":""M"",""items"":[{""name"":""전체 길이"",""code"":""body-length-back"",""value"":""99.5"",""unit"":""cm|inch""},{""name"":""몸 너비 (주름 및 박음질 포함)"",""code"":""body-width-gather-and-tack"",""value"":""73"",""unit"":""cm|inch""},{""name"":""등 중심부터 소매까지 길이"",""code"":""sleeve-length-cb"",""value"":""47.5"",""unit"":""cm|inch""},{""name"":""엉덩이 둘레"",""code"":""hip-product-size"",""value"":""137.5"",""unit"":""cm|inch""}]},{""name"":""L"",""items"":[{""name"":""전체 길이"",""code"":""body-length-back"",""value"":""101.5"",""unit"":""cm|inch""},{""name"":""몸 너비 (주름 및 박음질 포함)"",""code"":""body-width-gather-and-tack"",""value"":""75"",""unit"":""cm|inch""},{""name"":""등 중심부터 소매까지 길이"",""code"":""sleeve-length-cb"",""value"":""48"",""unit"":""cm|inch""},{""name"":""엉덩이 둘레"",""code"":""hip-product-size"",""value"":""141.5"",""unit"":""cm|inch""}]}]"
