source,product_key,observed_id,color_code,category_path,category_url,queue_audience,actual_audience,accepted_for_audience_quota,evidence_url,evidence_type
uniqlo,E422992,E422992-000,000,티셔츠 & 스웨트셔츠 & UT > 티셔츠 (반팔 & 긴팔) > 반팔,https://www.uniqlo.com/kr/ko/men,MEN,MEN,True,https://www.uniqlo.com/kr/ko/products/E422992-000/00,live_public_response
uniqlo,E422992,E422992-000,000,티셔츠 & 스웨트셔츠 & UT > 티셔츠 (반팔 & 긴팔) > 반팔,https://www.uniqlo.com/kr/ko/men/special-collaboration/uniqlo-u,MEN,MEN,True,https://www.uniqlo.com/kr/ko/products/E422992-000/00,live_public_response
uniqlo,E422992,E422992-000,000,티셔츠 & 스웨트셔츠 & UT > 티셔츠 (반팔 & 긴팔) > 반팔,https://www.uniqlo.com/kr/ko/men/tops/t-shirts,MEN,MEN,True,https://www.uniqlo.com/kr/ko/products/E422992-000/00,live_public_response
uniqlo,E422992,E422992-000,000,티셔츠 & 스웨트셔츠 & UT > 티셔츠 (반팔 & 긴팔) > 반팔,https://www.uniqlo.com/kr/ko/women/special-collaboration/uniqlo-u,WOMEN,MEN,True,https://www.uniqlo.com/kr/ko/products/E422992-000/00,live_public_response
uniqlo,E424873,E424873-000,000,티셔츠 & UT > 티셔츠 (반팔 & 긴팔) > 반팔,https://www.uniqlo.com/kr/ko/women,WOMEN,WOMEN,True,https://www.uniqlo.com/kr/ko/products/E424873-000/00,live_public_response
uniqlo,E424873,E424873-000,000,티셔츠 & UT > 티셔츠 (반팔 & 긴팔) > 반팔,https://www.uniqlo.com/kr/ko/women/special-collaboration/uniqlo-u,WOMEN,WOMEN,True,https://www.uniqlo.com/kr/ko/products/E424873-000/00,live_public_response
uniqlo,E424873,E424873-000,000,티셔츠 & UT > 티셔츠 (반팔 & 긴팔) > 반팔,https://www.uniqlo.com/kr/ko/women/tops,WOMEN,WOMEN,True,https://www.uniqlo.com/kr/ko/products/E424873-000/00,live_public_response
uniqlo,E424873,E424873-000,000,티셔츠 & UT > 티셔츠 (반팔 & 긴팔) > 반팔,https://www.uniqlo.com/kr/ko/women/tops/t-shirts,WOMEN,WOMEN,True,https://www.uniqlo.com/kr/ko/products/E424873-000/00,live_public_response
uniqlo,E439340,E439340-000,000,이너웨어 > 언더웨어 > 복서브리프,https://www.uniqlo.com/kr/ko/kids/innerwear,KIDS,KIDS,True,https://www.uniqlo.com/kr/ko/products/E439340-000/00,live_public_response
uniqlo,E439340,E439340-000,000,이너웨어 > 언더웨어 > 복서브리프,https://www.uniqlo.com/kr/ko/kids/innerwear/underwear,KIDS,KIDS,True,https://www.uniqlo.com/kr/ko/products/E439340-000/00,live_public_response
uniqlo,E444715,E444715-000,000,영유아(6개월~5세) > 레깅스 & 팬츠 > 레깅스,https://www.uniqlo.com/kr/ko/baby/newborn,BABY,BABY,True,https://www.uniqlo.com/kr/ko/products/E444715-000/00,live_public_response
uniqlo,E444715,E444715-000,000,영유아(6개월~5세) > 레깅스 & 팬츠 > 레깅스,https://www.uniqlo.com/kr/ko/baby/newborn/pants-and-leggings,BABY,BABY,True,https://www.uniqlo.com/kr/ko/products/E444715-000/00,live_public_response
uniqlo,E444715,E444715-000,000,영유아(6개월~5세) > 레깅스 & 팬츠 > 레깅스,https://www.uniqlo.com/kr/ko/baby/toddler,BABY,BABY,True,https://www.uniqlo.com/kr/ko/products/E444715-000/00,live_public_response
uniqlo,E444715,E444715-000,000,영유아(6개월~5세) > 레깅스 & 팬츠 > 레깅스,https://www.uniqlo.com/kr/ko/baby/toddler/pants-and-leggings,BABY,BABY,True,https://www.uniqlo.com/kr/ko/products/E444715-000/00,live_public_response
uniqlo,E433776,E433776-000,000,액세서리 > 우산 > 우산,https://www.uniqlo.com/kr/ko/men/accessories,MEN,MEN,True,https://www.uniqlo.com/kr/ko/products/E433776-000/00,live_public_response
uniqlo,E433776,E433776-000,000,액세서리 > 우산 > 우산,https://www.uniqlo.com/kr/ko/men/accessories/accessories,MEN,MEN,True,https://www.uniqlo.com/kr/ko/products/E433776-000/00,live_public_response
uniqlo,E433776,E433776-000,000,액세서리 > 우산 > 우산,https://www.uniqlo.com/kr/ko/men/uv-protection,MEN,MEN,True,https://www.uniqlo.com/kr/ko/products/E433776-000/00,live_public_response
uniqlo,E433776,E433776-000,000,액세서리 > 우산 > 우산,https://www.uniqlo.com/kr/ko/men/uv-protection/accessories,MEN,MEN,True,https://www.uniqlo.com/kr/ko/products/E433776-000/00,live_public_response
uniqlo,E450195,E450195-000,000,아우터 > 파카 & 블루종 > 후리스,https://www.uniqlo.com/kr/ko/men/outerwear,MEN,MEN,True,https://www.uniqlo.com/kr/ko/products/E450195-000/00,live_public_response
uniqlo,E450195,E450195-000,000,아우터 > 파카 & 블루종 > 후리스,https://www.uniqlo.com/kr/ko/men/outerwear/jackets,MEN,MEN,True,https://www.uniqlo.com/kr/ko/products/E450195-000/00,live_public_response
uniqlo,E450195,E450195-000,000,아우터 > 파카 & 블루종 > 후리스,https://www.uniqlo.com/kr/ko/men/outerwear/parkas-and-blousons,MEN,MEN,True,https://www.uniqlo.com/kr/ko/products/E450195-000/00,live_public_response
uniqlo,E450195,E450195-000,000,아우터 > 파카 & 블루종 > 후리스,https://www.uniqlo.com/kr/ko/women/outerwear,WOMEN,MEN,True,https://www.uniqlo.com/kr/ko/products/E450195-000/00,live_public_response
uniqlo,E454063,E454063-000,000,이너웨어 > 에어리즘 > 에어리즘 코튼 블렌드,https://www.uniqlo.com/kr/ko/kids/airism,KIDS,KIDS,True,https://www.uniqlo.com/kr/ko/products/E454063-000/00,live_public_response
uniqlo,E454063,E454063-000,000,이너웨어 > 에어리즘 > 에어리즘 코튼 블렌드,https://www.uniqlo.com/kr/ko/kids/airism/innerwear-tops,KIDS,KIDS,True,https://www.uniqlo.com/kr/ko/products/E454063-000/00,live_public_response
uniqlo,E454063,E454063-000,000,이너웨어 > 에어리즘 > 에어리즘 코튼 블렌드,https://www.uniqlo.com/kr/ko/kids/airism?lineup=82094-1,KIDS,KIDS,True,https://www.uniqlo.com/kr/ko/products/E454063-000/00,live_public_response
uniqlo,E454063,E454063-000,000,이너웨어 > 에어리즘 > 에어리즘 코튼 블렌드,https://www.uniqlo.com/kr/ko/kids/innerwear,KIDS,KIDS,True,https://www.uniqlo.com/kr/ko/products/E454063-000/00,live_public_response
uniqlo,E454063,E454063-000,000,이너웨어 > 에어리즘 > 에어리즘 코튼 블렌드,https://www.uniqlo.com/kr/ko/kids/innerwear/airism,KIDS,KIDS,True,https://www.uniqlo.com/kr/ko/products/E454063-000/00,live_public_response
uniqlo,E454063,E454063-000,000,이너웨어 > 에어리즘 > 에어리즘 코튼 블렌드,https://www.uniqlo.com/kr/ko/kids/sport-utility-wear,KIDS,KIDS,True,https://www.uniqlo.com/kr/ko/products/E454063-000/00,live_public_response
uniqlo,E454063,E454063-000,000,이너웨어 > 에어리즘 > 에어리즘 코튼 블렌드,https://www.uniqlo.com/kr/ko/kids/sport-utility-wear/innerwear,KIDS,KIDS,True,https://www.uniqlo.com/kr/ko/products/E454063-000/00,live_public_response
uniqlo,E444812,E444812-000,000,신생아(0개월~2세) > 바디수트 > 코튼메쉬,https://www.uniqlo.com/kr/ko/baby/newborn,BABY,BABY,True,https://www.uniqlo.com/kr/ko/products/E444812-000/00,live_public_response
uniqlo,E444812,E444812-000,000,신생아(0개월~2세) > 바디수트 > 코튼메쉬,https://www.uniqlo.com/kr/ko/baby/newborn/bodysuits,BABY,BABY,True,https://www.uniqlo.com/kr/ko/products/E444812-000/00,live_public_response
uniqlo,E439661,E439661-000,000,이너웨어 > 언더웨어 > 코튼 트렁크,https://www.uniqlo.com/kr/ko/men/innerwear/underwear,MEN,MEN,True,https://www.uniqlo.com/kr/ko/products/E439661-000/00,live_public_response
uniqlo,E450259,E450259-000,000,셔츠 > 캐주얼셔츠 > 옥스포드,https://www.uniqlo.com/kr/ko/men/shirts-and-polo-shirts/casual-shirts,MEN,MEN,True,https://www.uniqlo.com/kr/ko/products/E450259-000/00,live_public_response
uniqlo,E450259,E450259-000,000,셔츠 > 캐주얼셔츠 > 옥스포드,https://www.uniqlo.com/kr/ko/women/shirts-and-blouses/shirts-and-blouses,WOMEN,MEN,True,https://www.uniqlo.com/kr/ko/products/E450259-000/00,live_public_response
uniqlo,E458788,E458788-000,000,이너웨어 > 레깅스 & 타이즈 > HEATTECH,https://www.uniqlo.com/kr/ko/kids/innerwear,KIDS,KIDS,True,https://www.uniqlo.com/kr/ko/products/E458788-000/00,live_public_response
uniqlo,E458788,E458788-000,000,이너웨어 > 레깅스 & 타이즈 > HEATTECH,https://www.uniqlo.com/kr/ko/kids/innerwear/heattech,KIDS,KIDS,True,https://www.uniqlo.com/kr/ko/products/E458788-000/00,live_public_response
uniqlo,E458788,E458788-000,000,이너웨어 > 레깅스 & 타이즈 > HEATTECH,https://www.uniqlo.com/kr/ko/kids/innerwear/leggings-and-tights,KIDS,KIDS,True,https://www.uniqlo.com/kr/ko/products/E458788-000/00,live_public_response
uniqlo,E450071,E450071-000,000,신생아(0개월~2세) > 바디수트 > 코튼,https://www.uniqlo.com/kr/ko/baby/newborn,BABY,BABY,True,https://www.uniqlo.com/kr/ko/products/E450071-000/00,live_public_response
uniqlo,E450071,E450071-000,000,신생아(0개월~2세) > 바디수트 > 코튼,https://www.uniqlo.com/kr/ko/baby/newborn/bodysuits,BABY,BABY,True,https://www.uniqlo.com/kr/ko/products/E450071-000/00,live_public_response
uniqlo,E441897,E441897-000,000,이너웨어 > 양말 > 레귤러 삭스,https://www.uniqlo.com/kr/ko/men/innerwear/socks,MEN,MEN,True,https://www.uniqlo.com/kr/ko/products/E441897-000/00,live_public_response
uniqlo,E450260,E450260-000,000,셔츠 > 캐주얼셔츠 > 브로드 클로스(코튼100%),https://www.uniqlo.com/kr/ko/men/shirts-and-polo-shirts,MEN,MEN,True,https://www.uniqlo.com/kr/ko/products/E450260-000/00,live_public_response
uniqlo,E450260,E450260-000,000,셔츠 > 캐주얼셔츠 > 브로드 클로스(코튼100%),https://www.uniqlo.com/kr/ko/men/shirts-and-polo-shirts/casual-shirts,MEN,MEN,True,https://www.uniqlo.com/kr/ko/products/E450260-000/00,live_public_response
uniqlo,E450260,E450260-000,000,셔츠 > 캐주얼셔츠 > 브로드 클로스(코튼100%),https://www.uniqlo.com/kr/ko/women/shirts-and-blouses/shirts-and-blouses,WOMEN,MEN,True,https://www.uniqlo.com/kr/ko/products/E450260-000/00,live_public_response
uniqlo,E464284,E464284-000,000,이너웨어 > 양말 > 쇼트삭스,https://www.uniqlo.com/kr/ko/kids/innerwear,KIDS,KIDS,True,https://www.uniqlo.com/kr/ko/products/E464284-000/00,live_public_response
uniqlo,E464284,E464284-000,000,이너웨어 > 양말 > 쇼트삭스,https://www.uniqlo.com/kr/ko/kids/innerwear/socks,KIDS,KIDS,True,https://www.uniqlo.com/kr/ko/products/E464284-000/00,live_public_response
uniqlo,E464284,E464284-000,000,이너웨어 > 양말 > 쇼트삭스,https://www.uniqlo.com/kr/ko/kids/sport-utility-wear,KIDS,KIDS,True,https://www.uniqlo.com/kr/ko/products/E464284-000/00,live_public_response
uniqlo,E464284,E464284-000,000,이너웨어 > 양말 > 쇼트삭스,https://www.uniqlo.com/kr/ko/kids/sport-utility-wear/innerwear,KIDS,KIDS,True,https://www.uniqlo.com/kr/ko/products/E464284-000/00,live_public_response
uniqlo,E460776,E460776-000,000,영유아(6개월~5세) > 레깅스 & 팬츠 > 레깅스,https://www.uniqlo.com/kr/ko/baby/newborn,BABY,BABY,True,https://www.uniqlo.com/kr/ko/products/E460776-000/00,live_public_response
uniqlo,E460776,E460776-000,000,영유아(6개월~5세) > 레깅스 & 팬츠 > 레깅스,https://www.uniqlo.com/kr/ko/baby/newborn/pants-and-leggings,BABY,BABY,True,https://www.uniqlo.com/kr/ko/products/E460776-000/00,live_public_response
uniqlo,E460776,E460776-000,000,영유아(6개월~5세) > 레깅스 & 팬츠 > 레깅스,https://www.uniqlo.com/kr/ko/baby/toddler,BABY,BABY,True,https://www.uniqlo.com/kr/ko/products/E460776-000/00,live_public_response
uniqlo,E460776,E460776-000,000,영유아(6개월~5세) > 레깅스 & 팬츠 > 레깅스,https://www.uniqlo.com/kr/ko/baby/toddler/pants-and-leggings,BABY,BABY,True,https://www.uniqlo.com/kr/ko/products/E460776-000/00,live_public_response
uniqlo,E444557,E444557-000,000,아우터 > 감탄 재킷 > 감탄 재킷 (라이트),https://www.uniqlo.com/kr/ko/men/outerwear,MEN,MEN,True,https://www.uniqlo.com/kr/ko/products/E444557-000/00,live_public_response
uniqlo,E444557,E444557-000,000,아우터 > 감탄 재킷 > 감탄 재킷 (라이트),https://www.uniqlo.com/kr/ko/men/outerwear/gamtan-jackets,MEN,MEN,True,https://www.uniqlo.com/kr/ko/products/E444557-000/00,live_public_response
uniqlo,E444557,E444557-000,000,아우터 > 감탄 재킷 > 감탄 재킷 (라이트),https://www.uniqlo.com/kr/ko/men/outerwear/jackets,MEN,MEN,True,https://www.uniqlo.com/kr/ko/products/E444557-000/00,live_public_response
uniqlo,E450540,E450540-000,000,니트 & 가디건 > 니트 > 유니섹스,https://www.uniqlo.com/kr/ko/men/sweaters-and-knitwear,MEN,WOMEN,True,https://www.uniqlo.com/kr/ko/products/E450540-000/00,live_public_response
uniqlo,E450540,E450540-000,000,니트 & 가디건 > 니트 > 유니섹스,https://www.uniqlo.com/kr/ko/men/sweaters-and-knitwear/cardigan,MEN,WOMEN,True,https://www.uniqlo.com/kr/ko/products/E450540-000/00,live_public_response
uniqlo,E450540,E450540-000,000,니트 & 가디건 > 니트 > 유니섹스,https://www.uniqlo.com/kr/ko/women/sweaters-and-knitwear/sweaters-and-knitwear,WOMEN,WOMEN,True,https://www.uniqlo.com/kr/ko/products/E450540-000/00,live_public_response
uniqlo,E465163,E465163-000,000,청바지 & 팬츠 > 청바지 & 팬츠 > 조거 팬츠,https://www.uniqlo.com/kr/ko/kids/airism,KIDS,KIDS,True,https://www.uniqlo.com/kr/ko/products/E465163-000/00,live_public_response
uniqlo,E465163,E465163-000,000,청바지 & 팬츠 > 청바지 & 팬츠 > 조거 팬츠,https://www.uniqlo.com/kr/ko/kids/airism/bottoms,KIDS,KIDS,True,https://www.uniqlo.com/kr/ko/products/E465163-000/00,live_public_response
uniqlo,E465163,E465163-000,000,청바지 & 팬츠 > 청바지 & 팬츠 > 조거 팬츠,https://www.uniqlo.com/kr/ko/kids/airism?lineup=82094-1,KIDS,KIDS,True,https://www.uniqlo.com/kr/ko/products/E465163-000/00,live_public_response
uniqlo,E465163,E465163-000,000,청바지 & 팬츠 > 청바지 & 팬츠 > 조거 팬츠,https://www.uniqlo.com/kr/ko/kids/pants-and-skirts/pants,KIDS,KIDS,True,https://www.uniqlo.com/kr/ko/products/E465163-000/00,live_public_response
uniqlo,E465163,E465163-000,000,청바지 & 팬츠 > 청바지 & 팬츠 > 조거 팬츠,https://www.uniqlo.com/kr/ko/kids/pants-and-skirts/pants?path=%2C%2C58082%2C&lineup=58599-3,KIDS,KIDS,True,https://www.uniqlo.com/kr/ko/products/E465163-000/00,live_public_response
uniqlo,E465163,E465163-000,000,청바지 & 팬츠 > 청바지 & 팬츠 > 조거 팬츠,https://www.uniqlo.com/kr/ko/kids/pants-and-skirts/pants?path=%2C%2C58082%2C&sort=0&lineup=58600-2,KIDS,KIDS,True,https://www.uniqlo.com/kr/ko/products/E465163-000/00,live_public_response
uniqlo,E465163,E465163-000,000,청바지 & 팬츠 > 청바지 & 팬츠 > 조거 팬츠,https://www.uniqlo.com/kr/ko/kids/pants-and-skirts/pants?path=%2C%2C58082%2C&sort=0&lineup=58603-4,KIDS,KIDS,True,https://www.uniqlo.com/kr/ko/products/E465163-000/00,live_public_response
uniqlo,E465163,E465163-000,000,청바지 & 팬츠 > 청바지 & 팬츠 > 조거 팬츠,https://www.uniqlo.com/kr/ko/kids/sport-utility-wear,KIDS,KIDS,True,https://www.uniqlo.com/kr/ko/products/E465163-000/00,live_public_response
uniqlo,E465163,E465163-000,000,청바지 & 팬츠 > 청바지 & 팬츠 > 조거 팬츠,https://www.uniqlo.com/kr/ko/kids/sport-utility-wear/bottoms,KIDS,KIDS,True,https://www.uniqlo.com/kr/ko/products/E465163-000/00,live_public_response
uniqlo,E464536,E464536-000,000,신생아(0개월~2세) > 레깅스 & 팬츠 > 레깅스,https://www.uniqlo.com/kr/ko/baby/newborn,BABY,BABY,True,https://www.uniqlo.com/kr/ko/products/E464536-000/00,live_public_response
uniqlo,E464536,E464536-000,000,신생아(0개월~2세) > 레깅스 & 팬츠 > 레깅스,https://www.uniqlo.com/kr/ko/baby/newborn/pants-and-leggings,BABY,BABY,True,https://www.uniqlo.com/kr/ko/products/E464536-000/00,live_public_response
uniqlo,E464536,E464536-000,000,신생아(0개월~2세) > 레깅스 & 팬츠 > 레깅스,https://www.uniqlo.com/kr/ko/baby/toddler,BABY,BABY,True,https://www.uniqlo.com/kr/ko/products/E464536-000/00,live_public_response
uniqlo,E464536,E464536-000,000,신생아(0개월~2세) > 레깅스 & 팬츠 > 레깅스,https://www.uniqlo.com/kr/ko/baby/toddler/pants-and-leggings,BABY,BABY,True,https://www.uniqlo.com/kr/ko/products/E464536-000/00,live_public_response
uniqlo,E444557,E444557-001,001,아우터 > 감탄 재킷 > 감탄 재킷 (라이트),https://www.uniqlo.com/kr/ko/men/outerwear,MEN,MEN,True,https://www.uniqlo.com/kr/ko/products/E444557-001/00,live_public_response
uniqlo,E444557,E444557-001,001,아우터 > 감탄 재킷 > 감탄 재킷 (라이트),https://www.uniqlo.com/kr/ko/men/outerwear/gamtan-jackets,MEN,MEN,True,https://www.uniqlo.com/kr/ko/products/E444557-001/00,live_public_response
uniqlo,E444557,E444557-001,001,아우터 > 감탄 재킷 > 감탄 재킷 (라이트),https://www.uniqlo.com/kr/ko/men/outerwear/jackets,MEN,MEN,True,https://www.uniqlo.com/kr/ko/products/E444557-001/00,live_public_response
uniqlo,E452298,E452298-000,000,셔츠 > 캐주얼셔츠 > 옥스포드,https://www.uniqlo.com/kr/ko/men/shirts-and-polo-shirts/casual-shirts,MEN,MEN,True,https://www.uniqlo.com/kr/ko/products/E452298-000/00,live_public_response
uniqlo,E452298,E452298-000,000,셔츠 > 캐주얼셔츠 > 옥스포드,https://www.uniqlo.com/kr/ko/women/shirts-and-blouses/shirts-and-blouses,WOMEN,MEN,True,https://www.uniqlo.com/kr/ko/products/E452298-000/00,live_public_response
uniqlo,E470362,E470362-000,000,이너웨어 > 히트텍 > 긴팔,https://www.uniqlo.com/kr/ko/kids/innerwear,KIDS,KIDS,True,https://www.uniqlo.com/kr/ko/products/E470362-000/00,live_public_response
uniqlo,E470362,E470362-000,000,이너웨어 > 히트텍 > 긴팔,https://www.uniqlo.com/kr/ko/kids/innerwear/heattech,KIDS,KIDS,True,https://www.uniqlo.com/kr/ko/products/E470362-000/00,live_public_response
uniqlo,E464637,E464637-000,000,영유아(6개월~5세) > 이너웨어 > 코튼메쉬,https://www.uniqlo.com/kr/ko/baby/newborn,BABY,BABY,True,https://www.uniqlo.com/kr/ko/products/E464637-000/00,live_public_response
uniqlo,E464637,E464637-000,000,영유아(6개월~5세) > 이너웨어 > 코튼메쉬,https://www.uniqlo.com/kr/ko/baby/newborn/innerwear,BABY,BABY,True,https://www.uniqlo.com/kr/ko/products/E464637-000/00,live_public_response
uniqlo,E464637,E464637-000,000,영유아(6개월~5세) > 이너웨어 > 코튼메쉬,https://www.uniqlo.com/kr/ko/baby/toddler,BABY,BABY,True,https://www.uniqlo.com/kr/ko/products/E464637-000/00,live_public_response
uniqlo,E464637,E464637-000,000,영유아(6개월~5세) > 이너웨어 > 코튼메쉬,https://www.uniqlo.com/kr/ko/baby/toddler/innerwear,BABY,BABY,True,https://www.uniqlo.com/kr/ko/products/E464637-000/00,live_public_response
uniqlo,E447780,E447780-000,000,팬츠 > 감탄 팬츠 > 감탄 팬츠,https://www.uniqlo.com/kr/ko/men/bottoms/gamtan-pants,MEN,MEN,True,https://www.uniqlo.com/kr/ko/products/E447780-000/00,live_public_response
uniqlo,E447780,E447780-000,000,팬츠 > 감탄 팬츠 > 감탄 팬츠,https://www.uniqlo.com/kr/ko/men/bottoms/trousers,MEN,MEN,True,https://www.uniqlo.com/kr/ko/products/E447780-000/00,live_public_response
uniqlo,E453754,E453754-000,000,니트 & 가디건 > 니트 > 크루넥 니트,https://www.uniqlo.com/kr/ko/men/sweaters-and-knitwear,MEN,MEN,True,https://www.uniqlo.com/kr/ko/products/E453754-000/00,live_public_response
uniqlo,E453754,E453754-000,000,니트 & 가디건 > 니트 > 크루넥 니트,https://www.uniqlo.com/kr/ko/women/sweaters-and-knitwear/sweaters-and-knitwear,WOMEN,MEN,True,https://www.uniqlo.com/kr/ko/products/E453754-000/00,live_public_response
uniqlo,E470366,E470366-000,000,이너웨어 > 히트텍 > 히트텍 울트라 웜,https://www.uniqlo.com/kr/ko/kids/innerwear/heattech,KIDS,KIDS,True,https://www.uniqlo.com/kr/ko/products/E470366-000/00,live_public_response
uniqlo,E466434,E466434-000,000,신생아(0개월~2세) > 바디수트 > 코튼,https://www.uniqlo.com/kr/ko/baby/newborn,BABY,BABY,True,https://www.uniqlo.com/kr/ko/products/E466434-000/00,live_public_response
uniqlo,E466434,E466434-000,000,신생아(0개월~2세) > 바디수트 > 코튼,https://www.uniqlo.com/kr/ko/baby/newborn/bodysuits,BABY,BABY,True,https://www.uniqlo.com/kr/ko/products/E466434-000/00,live_public_response
uniqlo,E448034,E448034-000,000,아우터 > 감탄 재킷 > 감탄 재킷,https://www.uniqlo.com/kr/ko/men/outerwear,MEN,MEN,True,https://www.uniqlo.com/kr/ko/products/E448034-000/00,live_public_response
uniqlo,E448034,E448034-000,000,아우터 > 감탄 재킷 > 감탄 재킷,https://www.uniqlo.com/kr/ko/men/outerwear/gamtan-jackets,MEN,MEN,True,https://www.uniqlo.com/kr/ko/products/E448034-000/00,live_public_response
uniqlo,E448034,E448034-000,000,아우터 > 감탄 재킷 > 감탄 재킷,https://www.uniqlo.com/kr/ko/men/outerwear/jackets,MEN,MEN,True,https://www.uniqlo.com/kr/ko/products/E448034-000/00,live_public_response
uniqlo,E455942,E455942-000,000,에어리즘 > 팬츠 > 조거,https://www.uniqlo.com/kr/ko/women/airism,WOMEN,WOMEN,True,https://www.uniqlo.com/kr/ko/products/E455942-000/00,live_public_response
uniqlo,E455942,E455942-000,000,에어리즘 > 팬츠 > 조거,https://www.uniqlo.com/kr/ko/women/airism/bottoms,WOMEN,WOMEN,True,https://www.uniqlo.com/kr/ko/products/E455942-000/00,live_public_response
uniqlo,E455942,E455942-000,000,에어리즘 > 팬츠 > 조거,https://www.uniqlo.com/kr/ko/women/bottoms/casual-pants,WOMEN,WOMEN,True,https://www.uniqlo.com/kr/ko/products/E455942-000/00,live_public_response
uniqlo,E455942,E455942-000,000,에어리즘 > 팬츠 > 조거,https://www.uniqlo.com/kr/ko/women/bottoms/sweat-pants,WOMEN,WOMEN,True,https://www.uniqlo.com/kr/ko/products/E455942-000/00,live_public_response
uniqlo,E455942,E455942-000,000,에어리즘 > 팬츠 > 조거,https://www.uniqlo.com/kr/ko/women/sport-utility-wear,WOMEN,WOMEN,True,https://www.uniqlo.com/kr/ko/products/E455942-000/00,live_public_response
uniqlo,E455942,E455942-000,000,에어리즘 > 팬츠 > 조거,https://www.uniqlo.com/kr/ko/women/sport-utility-wear/pants,WOMEN,WOMEN,True,https://www.uniqlo.com/kr/ko/products/E455942-000/00,live_public_response
uniqlo,E470374,E470374-000,000,이너웨어 > 레깅스 & 타이즈 > HEATTECH,https://www.uniqlo.com/kr/ko/kids/innerwear/heattech,KIDS,KIDS,True,https://www.uniqlo.com/kr/ko/products/E470374-000/00,live_public_response
uniqlo,E470374,E470374-000,000,이너웨어 > 레깅스 & 타이즈 > HEATTECH,https://www.uniqlo.com/kr/ko/kids/innerwear/leggings-and-tights,KIDS,KIDS,True,https://www.uniqlo.com/kr/ko/products/E470374-000/00,live_public_response
uniqlo,E469617,E469617-000,000,영유아(6개월~5세) > 레깅스 & 팬츠 > 레깅스,https://www.uniqlo.com/kr/ko/baby/newborn,BABY,BABY,True,https://www.uniqlo.com/kr/ko/products/E469617-000/00,live_public_response
uniqlo,E469617,E469617-000,000,영유아(6개월~5세) > 레깅스 & 팬츠 > 레깅스,https://www.uniqlo.com/kr/ko/baby/newborn/pants-and-leggings,BABY,BABY,True,https://www.uniqlo.com/kr/ko/products/E469617-000/00,live_public_response
uniqlo,E469617,E469617-000,000,영유아(6개월~5세) > 레깅스 & 팬츠 > 레깅스,https://www.uniqlo.com/kr/ko/baby/toddler,BABY,BABY,True,https://www.uniqlo.com/kr/ko/products/E469617-000/00,live_public_response
uniqlo,E469617,E469617-000,000,영유아(6개월~5세) > 레깅스 & 팬츠 > 레깅스,https://www.uniqlo.com/kr/ko/baby/toddler/pants-and-leggings,BABY,BABY,True,https://www.uniqlo.com/kr/ko/products/E469617-000/00,live_public_response
uniqlo,E448039,E448039-000,000,아우터 > 감탄 재킷 > 감탄 재킷 (CUSTOM ORDER),https://www.uniqlo.com/kr/ko/men/outerwear,MEN,MEN,True,https://www.uniqlo.com/kr/ko/products/E448039-000/00,live_public_response
uniqlo,E448039,E448039-000,000,아우터 > 감탄 재킷 > 감탄 재킷 (CUSTOM ORDER),https://www.uniqlo.com/kr/ko/men/outerwear/gamtan-jackets,MEN,MEN,True,https://www.uniqlo.com/kr/ko/products/E448039-000/00,live_public_response
uniqlo,E448039,E448039-000,000,아우터 > 감탄 재킷 > 감탄 재킷 (CUSTOM ORDER),https://www.uniqlo.com/kr/ko/men/outerwear/jackets,MEN,MEN,True,https://www.uniqlo.com/kr/ko/products/E448039-000/00,live_public_response
uniqlo,E448039,E448039-000,000,아우터 > 감탄 재킷 > 감탄 재킷 (CUSTOM ORDER),https://www.uniqlo.com/kr/ko/men/outerwear/uniqlo-custom-order,MEN,MEN,True,https://www.uniqlo.com/kr/ko/products/E448039-000/00,live_public_response
uniqlo,E455957,E455957-000,000,셔츠 > 캐주얼셔츠 > 리넨,https://www.uniqlo.com/kr/ko/men/linen,MEN,MEN,True,https://www.uniqlo.com/kr/ko/products/E455957-000/00,live_public_response
uniqlo,E455957,E455957-000,000,셔츠 > 캐주얼셔츠 > 리넨,https://www.uniqlo.com/kr/ko/men/shirts-and-polo-shirts,MEN,MEN,True,https://www.uniqlo.com/kr/ko/products/E455957-000/00,live_public_response
uniqlo,E455957,E455957-000,000,셔츠 > 캐주얼셔츠 > 리넨,https://www.uniqlo.com/kr/ko/men/shirts-and-polo-shirts/casual-shirts,MEN,MEN,True,https://www.uniqlo.com/kr/ko/products/E455957-000/00,live_public_response
uniqlo,E455957,E455957-000,000,셔츠 > 캐주얼셔츠 > 리넨,https://www.uniqlo.com/kr/ko/women/shirts-and-blouses/shirts-and-blouses,WOMEN,MEN,True,https://www.uniqlo.com/kr/ko/products/E455957-000/00,live_public_response
uniqlo,E473486,E473486-000,000,티셔츠 & UT > 그래픽티셔츠 > STUDIO GHIBLI,https://www.uniqlo.com/kr/ko/kids/tops/ut-graphic-tees,KIDS,KIDS,True,https://www.uniqlo.com/kr/ko/products/E473486-000/00,live_public_response
uniqlo,E470836,E470836-000,000,영유아(6개월~5세) > 양말 > 레귤러삭스,https://www.uniqlo.com/kr/ko/baby/newborn,BABY,BABY,True,https://www.uniqlo.com/kr/ko/products/E470836-000/00,live_public_response
uniqlo,E470836,E470836-000,000,영유아(6개월~5세) > 양말 > 레귤러삭스,https://www.uniqlo.com/kr/ko/baby/newborn/socks,BABY,BABY,True,https://www.uniqlo.com/kr/ko/products/E470836-000/00,live_public_response
uniqlo,E470836,E470836-000,000,영유아(6개월~5세) > 양말 > 레귤러삭스,https://www.uniqlo.com/kr/ko/baby/toddler,BABY,BABY,True,https://www.uniqlo.com/kr/ko/products/E470836-000/00,live_public_response
uniqlo,E448040,E448040-000,000,아우터 > 감탄 재킷 > 감탄 재킷 (CUSTOM ORDER),https://www.uniqlo.com/kr/ko/men/outerwear,MEN,MEN,True,https://www.uniqlo.com/kr/ko/products/E448040-000/00,live_public_response
uniqlo,E448040,E448040-000,000,아우터 > 감탄 재킷 > 감탄 재킷 (CUSTOM ORDER),https://www.uniqlo.com/kr/ko/men/outerwear/gamtan-jackets,MEN,MEN,True,https://www.uniqlo.com/kr/ko/products/E448040-000/00,live_public_response
uniqlo,E448040,E448040-000,000,아우터 > 감탄 재킷 > 감탄 재킷 (CUSTOM ORDER),https://www.uniqlo.com/kr/ko/men/outerwear/jackets,MEN,MEN,True,https://www.uniqlo.com/kr/ko/products/E448040-000/00,live_public_response
uniqlo,E448040,E448040-000,000,아우터 > 감탄 재킷 > 감탄 재킷 (CUSTOM ORDER),https://www.uniqlo.com/kr/ko/men/outerwear/uniqlo-custom-order,MEN,MEN,True,https://www.uniqlo.com/kr/ko/products/E448040-000/00,live_public_response
uniqlo,E457111,E457111-000,000,티셔츠 & 스웨트셔츠 & UT > PEACE FOR ALL > 그래픽 티셔츠,https://www.uniqlo.com/kr/ko/men/tops/peace-for-all,MEN,MEN,True,https://www.uniqlo.com/kr/ko/products/E457111-000/00,live_public_response
uniqlo,E457111,E457111-000,000,티셔츠 & 스웨트셔츠 & UT > PEACE FOR ALL > 그래픽 티셔츠,https://www.uniqlo.com/kr/ko/women/tops/peace-for-all,WOMEN,MEN,True,https://www.uniqlo.com/kr/ko/products/E457111-000/00,live_public_response
uniqlo,E474592,E474592-000,000,티셔츠 & UT > 티셔츠 (반팔 & 긴팔) > 에어리즘 코튼,https://www.uniqlo.com/kr/ko/kids/airism,KIDS,KIDS,True,https://www.uniqlo.com/kr/ko/products/E474592-000/00,live_public_response
uniqlo,E474592,E474592-000,000,티셔츠 & UT > 티셔츠 (반팔 & 긴팔) > 에어리즘 코튼,https://www.uniqlo.com/kr/ko/kids/airism?lineup=82094-1,KIDS,KIDS,True,https://www.uniqlo.com/kr/ko/products/E474592-000/00,live_public_response
uniqlo,E474592,E474592-000,000,티셔츠 & UT > 티셔츠 (반팔 & 긴팔) > 에어리즘 코튼,https://www.uniqlo.com/kr/ko/kids/sport-utility-wear,KIDS,KIDS,True,https://www.uniqlo.com/kr/ko/products/E474592-000/00,live_public_response
uniqlo,E474592,E474592-000,000,티셔츠 & UT > 티셔츠 (반팔 & 긴팔) > 에어리즘 코튼,https://www.uniqlo.com/kr/ko/kids/sport-utility-wear/tops,KIDS,KIDS,True,https://www.uniqlo.com/kr/ko/products/E474592-000/00,live_public_response
uniqlo,E474592,E474592-000,000,티셔츠 & UT > 티셔츠 (반팔 & 긴팔) > 에어리즘 코튼,https://www.uniqlo.com/kr/ko/kids/tops/t-shirts,KIDS,KIDS,True,https://www.uniqlo.com/kr/ko/products/E474592-000/00,live_public_response
uniqlo,E473559,E473559-000,000,영유아(6개월~5세) > 그래픽티셔츠 > STUDIO GHIBLI,https://www.uniqlo.com/kr/ko/baby/newborn,BABY,BABY,True,https://www.uniqlo.com/kr/ko/products/E473559-000/00,live_public_response
uniqlo,E473559,E473559-000,000,영유아(6개월~5세) > 그래픽티셔츠 > STUDIO GHIBLI,https://www.uniqlo.com/kr/ko/baby/newborn/ut-graphic-tees,BABY,BABY,True,https://www.uniqlo.com/kr/ko/products/E473559-000/00,live_public_response
uniqlo,E473559,E473559-000,000,영유아(6개월~5세) > 그래픽티셔츠 > STUDIO GHIBLI,https://www.uniqlo.com/kr/ko/baby/toddler,BABY,BABY,True,https://www.uniqlo.com/kr/ko/products/E473559-000/00,live_public_response
uniqlo,E473559,E473559-000,000,영유아(6개월~5세) > 그래픽티셔츠 > STUDIO GHIBLI,https://www.uniqlo.com/kr/ko/baby/toddler/tops,BABY,BABY,True,https://www.uniqlo.com/kr/ko/products/E473559-000/00,live_public_response
uniqlo,E473559,E473559-000,000,영유아(6개월~5세) > 그래픽티셔츠 > STUDIO GHIBLI,https://www.uniqlo.com/kr/ko/baby/toddler/ut-graphic-tees,BABY,BABY,True,https://www.uniqlo.com/kr/ko/products/E473559-000/00,live_public_response
uniqlo,E448041,E448041-000,000,아우터 > 감탄 재킷 > 감탄 재킷 (CUSTOM ORDER),https://www.uniqlo.com/kr/ko/men/outerwear,MEN,MEN,True,https://www.uniqlo.com/kr/ko/products/E448041-000/00,live_public_response
uniqlo,E448041,E448041-000,000,아우터 > 감탄 재킷 > 감탄 재킷 (CUSTOM ORDER),https://www.uniqlo.com/kr/ko/men/outerwear/gamtan-jackets,MEN,MEN,True,https://www.uniqlo.com/kr/ko/products/E448041-000/00,live_public_response
uniqlo,E448041,E448041-000,000,아우터 > 감탄 재킷 > 감탄 재킷 (CUSTOM ORDER),https://www.uniqlo.com/kr/ko/men/outerwear/jackets,MEN,MEN,True,https://www.uniqlo.com/kr/ko/products/E448041-000/00,live_public_response
uniqlo,E448041,E448041-000,000,아우터 > 감탄 재킷 > 감탄 재킷 (CUSTOM ORDER),https://www.uniqlo.com/kr/ko/men/outerwear/uniqlo-custom-order,MEN,MEN,True,https://www.uniqlo.com/kr/ko/products/E448041-000/00,live_public_response
uniqlo,E457119,E457119-000,000,티셔츠 & 스웨트셔츠 & UT > PEACE FOR ALL > 그래픽 티셔츠,https://www.uniqlo.com/kr/ko/men/tops/peace-for-all,MEN,MEN,True,https://www.uniqlo.com/kr/ko/products/E457119-000/00,live_public_response
uniqlo,E457119,E457119-000,000,티셔츠 & 스웨트셔츠 & UT > PEACE FOR ALL > 그래픽 티셔츠,https://www.uniqlo.com/kr/ko/women/tops/peace-for-all,WOMEN,MEN,True,https://www.uniqlo.com/kr/ko/products/E457119-000/00,live_public_response
uniqlo,E474816,E474816-000,000,이너웨어 > 주니어브라 & 브라탑 > 브라탑,https://www.uniqlo.com/kr/ko/kids/airism,KIDS,KIDS,True,https://www.uniqlo.com/kr/ko/products/E474816-000/00,live_public_response
uniqlo,E474816,E474816-000,000,이너웨어 > 주니어브라 & 브라탑 > 브라탑,https://www.uniqlo.com/kr/ko/kids/airism/bras-and-bra-tops,KIDS,KIDS,True,https://www.uniqlo.com/kr/ko/products/E474816-000/00,live_public_response
uniqlo,E474816,E474816-000,000,이너웨어 > 주니어브라 & 브라탑 > 브라탑,https://www.uniqlo.com/kr/ko/kids/airism?lineup=82094-1,KIDS,KIDS,True,https://www.uniqlo.com/kr/ko/products/E474816-000/00,live_public_response
uniqlo,E474816,E474816-000,000,이너웨어 > 주니어브라 & 브라탑 > 브라탑,https://www.uniqlo.com/kr/ko/kids/innerwear,KIDS,KIDS,True,https://www.uniqlo.com/kr/ko/products/E474816-000/00,live_public_response
uniqlo,E474816,E474816-000,000,이너웨어 > 주니어브라 & 브라탑 > 브라탑,https://www.uniqlo.com/kr/ko/kids/innerwear/airism,KIDS,KIDS,True,https://www.uniqlo.com/kr/ko/products/E474816-000/00,live_public_response
uniqlo,E474816,E474816-000,000,이너웨어 > 주니어브라 & 브라탑 > 브라탑,https://www.uniqlo.com/kr/ko/kids/innerwear/bras-and-bra-tops,KIDS,KIDS,True,https://www.uniqlo.com/kr/ko/products/E474816-000/00,live_public_response
uniqlo,E473633,E473633-000,000,신생아(0개월~2세) > 레깅스 & 팬츠 > 크롭레깅스,https://www.uniqlo.com/kr/ko/baby/newborn,BABY,BABY,True,https://www.uniqlo.com/kr/ko/products/E473633-000/00,live_public_response
uniqlo,E473633,E473633-000,000,신생아(0개월~2세) > 레깅스 & 팬츠 > 크롭레깅스,https://www.uniqlo.com/kr/ko/baby/newborn/pants-and-leggings,BABY,BABY,True,https://www.uniqlo.com/kr/ko/products/E473633-000/00,live_public_response
uniqlo,E473633,E473633-000,000,신생아(0개월~2세) > 레깅스 & 팬츠 > 크롭레깅스,https://www.uniqlo.com/kr/ko/baby/toddler,BABY,BABY,True,https://www.uniqlo.com/kr/ko/products/E473633-000/00,live_public_response
uniqlo,E473633,E473633-000,000,신생아(0개월~2세) > 레깅스 & 팬츠 > 크롭레깅스,https://www.uniqlo.com/kr/ko/baby/toddler/pants-and-leggings,BABY,BABY,True,https://www.uniqlo.com/kr/ko/products/E473633-000/00,live_public_response
uniqlo,E448042,E448042-000,000,아우터 > 감탄 재킷 > 감탄 재킷 (CUSTOM ORDER),https://www.uniqlo.com/kr/ko/men/outerwear,MEN,MEN,True,https://www.uniqlo.com/kr/ko/products/E448042-000/00,live_public_response
uniqlo,E448042,E448042-000,000,아우터 > 감탄 재킷 > 감탄 재킷 (CUSTOM ORDER),https://www.uniqlo.com/kr/ko/men/outerwear/gamtan-jackets,MEN,MEN,True,https://www.uniqlo.com/kr/ko/products/E448042-000/00,live_public_response
uniqlo,E448042,E448042-000,000,아우터 > 감탄 재킷 > 감탄 재킷 (CUSTOM ORDER),https://www.uniqlo.com/kr/ko/men/outerwear/jackets,MEN,MEN,True,https://www.uniqlo.com/kr/ko/products/E448042-000/00,live_public_response
uniqlo,E448042,E448042-000,000,아우터 > 감탄 재킷 > 감탄 재킷 (CUSTOM ORDER),https://www.uniqlo.com/kr/ko/men/outerwear/uniqlo-custom-order,MEN,MEN,True,https://www.uniqlo.com/kr/ko/products/E448042-000/00,live_public_response
uniqlo,E457120,E457120-000,000,티셔츠 & 스웨트셔츠 & UT > PEACE FOR ALL > 그래픽 티셔츠,https://www.uniqlo.com/kr/ko/men/tops/peace-for-all,MEN,MEN,True,https://www.uniqlo.com/kr/ko/products/E457120-000/00,live_public_response
uniqlo,E457120,E457120-000,000,티셔츠 & 스웨트셔츠 & UT > PEACE FOR ALL > 그래픽 티셔츠,https://www.uniqlo.com/kr/ko/women/tops/peace-for-all,WOMEN,MEN,True,https://www.uniqlo.com/kr/ko/products/E457120-000/00,live_public_response
uniqlo,E474832,E474832-000,000,티셔츠 & UT > 티셔츠 (반팔 & 긴팔) > 에어리즘 코튼,https://www.uniqlo.com/kr/ko/kids/airism,KIDS,KIDS,True,https://www.uniqlo.com/kr/ko/products/E474832-000/00,live_public_response
uniqlo,E474832,E474832-000,000,티셔츠 & UT > 티셔츠 (반팔 & 긴팔) > 에어리즘 코튼,https://www.uniqlo.com/kr/ko/kids/airism?lineup=82094-1,KIDS,KIDS,True,https://www.uniqlo.com/kr/ko/products/E474832-000/00,live_public_response
uniqlo,E474832,E474832-000,000,티셔츠 & UT > 티셔츠 (반팔 & 긴팔) > 에어리즘 코튼,https://www.uniqlo.com/kr/ko/kids/sport-utility-wear,KIDS,KIDS,True,https://www.uniqlo.com/kr/ko/products/E474832-000/00,live_public_response
uniqlo,E474832,E474832-000,000,티셔츠 & UT > 티셔츠 (반팔 & 긴팔) > 에어리즘 코튼,https://www.uniqlo.com/kr/ko/kids/sport-utility-wear/tops,KIDS,KIDS,True,https://www.uniqlo.com/kr/ko/products/E474832-000/00,live_public_response
uniqlo,E474832,E474832-000,000,티셔츠 & UT > 티셔츠 (반팔 & 긴팔) > 에어리즘 코튼,https://www.uniqlo.com/kr/ko/kids/tops/t-shirts,KIDS,KIDS,True,https://www.uniqlo.com/kr/ko/products/E474832-000/00,live_public_response
uniqlo,E473721,E473721-000,000,신생아(0개월~2세) > 바디수트 > 코튼메쉬,https://www.uniqlo.com/kr/ko/baby/newborn,BABY,BABY,True,https://www.uniqlo.com/kr/ko/products/E473721-000/00,live_public_response
uniqlo,E473721,E473721-000,000,신생아(0개월~2세) > 바디수트 > 코튼메쉬,https://www.uniqlo.com/kr/ko/baby/newborn/bodysuits,BABY,BABY,True,https://www.uniqlo.com/kr/ko/products/E473721-000/00,live_public_response
uniqlo,E448043,E448043-000,000,아우터 > 감탄 재킷 > 감탄 재킷 (CUSTOM ORDER),https://www.uniqlo.com/kr/ko/men/outerwear,MEN,MEN,True,https://www.uniqlo.com/kr/ko/products/E448043-000/00,live_public_response
uniqlo,E448043,E448043-000,000,아우터 > 감탄 재킷 > 감탄 재킷 (CUSTOM ORDER),https://www.uniqlo.com/kr/ko/men/outerwear/gamtan-jackets,MEN,MEN,True,https://www.uniqlo.com/kr/ko/products/E448043-000/00,live_public_response
uniqlo,E448043,E448043-000,000,아우터 > 감탄 재킷 > 감탄 재킷 (CUSTOM ORDER),https://www.uniqlo.com/kr/ko/men/outerwear/jackets,MEN,MEN,True,https://www.uniqlo.com/kr/ko/products/E448043-000/00,live_public_response
uniqlo,E448043,E448043-000,000,아우터 > 감탄 재킷 > 감탄 재킷 (CUSTOM ORDER),https://www.uniqlo.com/kr/ko/men/outerwear/uniqlo-custom-order,MEN,MEN,True,https://www.uniqlo.com/kr/ko/products/E448043-000/00,live_public_response
uniqlo,E457122,E457122-000,000,티셔츠 & 스웨트셔츠 & UT > PEACE FOR ALL > 그래픽 티셔츠,https://www.uniqlo.com/kr/ko/men/tops/peace-for-all,MEN,MEN,True,https://www.uniqlo.com/kr/ko/products/E457122-000/00,live_public_response
uniqlo,E457122,E457122-000,000,티셔츠 & 스웨트셔츠 & UT > PEACE FOR ALL > 그래픽 티셔츠,https://www.uniqlo.com/kr/ko/women/tops/peace-for-all,WOMEN,MEN,True,https://www.uniqlo.com/kr/ko/products/E457122-000/00,live_public_response
uniqlo,E474858,E474858-000,000,이너웨어 > 양말 > 레귤러삭스,https://www.uniqlo.com/kr/ko/kids/innerwear,KIDS,KIDS,True,https://www.uniqlo.com/kr/ko/products/E474858-000/00,live_public_response
uniqlo,E474858,E474858-000,000,이너웨어 > 양말 > 레귤러삭스,https://www.uniqlo.com/kr/ko/kids/innerwear/socks,KIDS,KIDS,True,https://www.uniqlo.com/kr/ko/products/E474858-000/00,live_public_response
uniqlo,E478444,E478444-000,000,신생아(0개월~2세) > 티셔츠 & 스웨트셔츠 > 티셔츠(긴팔),https://www.uniqlo.com/kr/ko/baby/newborn,BABY,BABY,True,https://www.uniqlo.com/kr/ko/products/E478444-000/00,live_public_response
uniqlo,E478444,E478444-000,000,신생아(0개월~2세) > 티셔츠 & 스웨트셔츠 > 티셔츠(긴팔),https://www.uniqlo.com/kr/ko/baby/toddler,BABY,BABY,True,https://www.uniqlo.com/kr/ko/products/E478444-000/00,live_public_response
uniqlo,E478444,E478444-000,000,신생아(0개월~2세) > 티셔츠 & 스웨트셔츠 > 티셔츠(긴팔),https://www.uniqlo.com/kr/ko/baby/toddler/tops,BABY,BABY,True,https://www.uniqlo.com/kr/ko/products/E478444-000/00,live_public_response
uniqlo,E448044,E448044-000,000,아우터 > 감탄 재킷 > 감탄 재킷 (CUSTOM ORDER),https://www.uniqlo.com/kr/ko/men/outerwear,MEN,MEN,True,https://www.uniqlo.com/kr/ko/products/E448044-000/00,live_public_response
uniqlo,E448044,E448044-000,000,아우터 > 감탄 재킷 > 감탄 재킷 (CUSTOM ORDER),https://www.uniqlo.com/kr/ko/men/outerwear/gamtan-jackets,MEN,MEN,True,https://www.uniqlo.com/kr/ko/products/E448044-000/00,live_public_response
uniqlo,E448044,E448044-000,000,아우터 > 감탄 재킷 > 감탄 재킷 (CUSTOM ORDER),https://www.uniqlo.com/kr/ko/men/outerwear/jackets,MEN,MEN,True,https://www.uniqlo.com/kr/ko/products/E448044-000/00,live_public_response
uniqlo,E448044,E448044-000,000,아우터 > 감탄 재킷 > 감탄 재킷 (CUSTOM ORDER),https://www.uniqlo.com/kr/ko/men/outerwear/uniqlo-custom-order,MEN,MEN,True,https://www.uniqlo.com/kr/ko/products/E448044-000/00,live_public_response
uniqlo,E457857,E457857-000,000,티셔츠 & 스웨트셔츠 & UT > PEACE FOR ALL > 그래픽 티셔츠,https://www.uniqlo.com/kr/ko/men/tops/peace-for-all,MEN,MEN,True,https://www.uniqlo.com/kr/ko/products/E457857-000/00,live_public_response
uniqlo,E457857,E457857-000,000,티셔츠 & 스웨트셔츠 & UT > PEACE FOR ALL > 그래픽 티셔츠,https://www.uniqlo.com/kr/ko/women/tops/peace-for-all,WOMEN,MEN,True,https://www.uniqlo.com/kr/ko/products/E457857-000/00,live_public_response
uniqlo,E478123,E478123-000,000,아우터 > 재킷 & 파카 > 패딩,https://www.uniqlo.com/kr/ko/kids/outerwear/parkas-and-blousons,KIDS,KIDS,True,https://www.uniqlo.com/kr/ko/products/E478123-000/00,live_public_response
uniqlo,E478456,E478456-000,000,신생아(0개월~2세) > 레깅스 & 팬츠 > 레깅스,https://www.uniqlo.com/kr/ko/baby/newborn,BABY,BABY,True,https://www.uniqlo.com/kr/ko/products/E478456-000/00,live_public_response
uniqlo,E478456,E478456-000,000,신생아(0개월~2세) > 레깅스 & 팬츠 > 레깅스,https://www.uniqlo.com/kr/ko/baby/newborn/pants-and-leggings,BABY,BABY,True,https://www.uniqlo.com/kr/ko/products/E478456-000/00,live_public_response
uniqlo,E478456,E478456-000,000,신생아(0개월~2세) > 레깅스 & 팬츠 > 레깅스,https://www.uniqlo.com/kr/ko/baby/toddler,BABY,BABY,True,https://www.uniqlo.com/kr/ko/products/E478456-000/00,live_public_response
uniqlo,E478456,E478456-000,000,신생아(0개월~2세) > 레깅스 & 팬츠 > 레깅스,https://www.uniqlo.com/kr/ko/baby/toddler/pants-and-leggings,BABY,BABY,True,https://www.uniqlo.com/kr/ko/products/E478456-000/00,live_public_response
uniqlo,E448045,E448045-000,000,아우터 > 감탄 재킷 > 감탄 재킷 (CUSTOM ORDER),https://www.uniqlo.com/kr/ko/men/outerwear,MEN,MEN,True,https://www.uniqlo.com/kr/ko/products/E448045-000/00,live_public_response
uniqlo,E448045,E448045-000,000,아우터 > 감탄 재킷 > 감탄 재킷 (CUSTOM ORDER),https://www.uniqlo.com/kr/ko/men/outerwear/gamtan-jackets,MEN,MEN,True,https://www.uniqlo.com/kr/ko/products/E448045-000/00,live_public_response
uniqlo,E448045,E448045-000,000,아우터 > 감탄 재킷 > 감탄 재킷 (CUSTOM ORDER),https://www.uniqlo.com/kr/ko/men/outerwear/jackets,MEN,MEN,True,https://www.uniqlo.com/kr/ko/products/E448045-000/00,live_public_response
uniqlo,E448045,E448045-000,000,아우터 > 감탄 재킷 > 감탄 재킷 (CUSTOM ORDER),https://www.uniqlo.com/kr/ko/men/outerwear/uniqlo-custom-order,MEN,MEN,True,https://www.uniqlo.com/kr/ko/products/E448045-000/00,live_public_response
uniqlo,E457911,E457911-000,000,이너웨어 > 에어리즘 > 캐미솔,https://www.uniqlo.com/kr/ko/women/airism,WOMEN,WOMEN,True,https://www.uniqlo.com/kr/ko/products/E457911-000/00,live_public_response
uniqlo,E457911,E457911-000,000,이너웨어 > 에어리즘 > 캐미솔,https://www.uniqlo.com/kr/ko/women/airism/inner-tops,WOMEN,WOMEN,True,https://www.uniqlo.com/kr/ko/products/E457911-000/00,live_public_response
uniqlo,E478610,E478610-000,000,이너웨어 > 양말 > 쇼트삭스,https://www.uniqlo.com/kr/ko/kids/innerwear,KIDS,KIDS,True,https://www.uniqlo.com/kr/ko/products/E478610-000/00,live_public_response
uniqlo,E478610,E478610-000,000,이너웨어 > 양말 > 쇼트삭스,https://www.uniqlo.com/kr/ko/kids/innerwear/socks,KIDS,KIDS,True,https://www.uniqlo.com/kr/ko/products/E478610-000/00,live_public_response
uniqlo,E481761,E481761-000,000,신생아(0개월~2세) > 바디수트 > 코튼메쉬,https://www.uniqlo.com/kr/ko/baby/newborn,BABY,BABY,True,https://www.uniqlo.com/kr/ko/products/E481761-000/00,live_public_response
uniqlo,E481761,E481761-000,000,신생아(0개월~2세) > 바디수트 > 코튼메쉬,https://www.uniqlo.com/kr/ko/baby/newborn/bodysuits,BABY,BABY,True,https://www.uniqlo.com/kr/ko/products/E481761-000/00,live_public_response
uniqlo,E450179,E450179-000,000,티셔츠 & 스웨트셔츠 & UT > 티셔츠 (반팔 & 긴팔) > 긴팔,https://www.uniqlo.com/kr/ko/men/tops/t-shirts,MEN,MEN,True,https://www.uniqlo.com/kr/ko/products/E450179-000/00,live_public_response
uniqlo,E457912,E457912-000,000,이너웨어 > 에어리즘 > 탱크탑,https://www.uniqlo.com/kr/ko/women,WOMEN,WOMEN,True,https://www.uniqlo.com/kr/ko/products/E457912-000/00,live_public_response
uniqlo,E457912,E457912-000,000,이너웨어 > 에어리즘 > 탱크탑,https://www.uniqlo.com/kr/ko/women/airism,WOMEN,WOMEN,True,https://www.uniqlo.com/kr/ko/products/E457912-000/00,live_public_response
uniqlo,E457912,E457912-000,000,이너웨어 > 에어리즘 > 탱크탑,https://www.uniqlo.com/kr/ko/women/airism/inner-tops,WOMEN,WOMEN,True,https://www.uniqlo.com/kr/ko/products/E457912-000/00,live_public_response
uniqlo,E457912,E457912-000,000,이너웨어 > 에어리즘 > 탱크탑,https://www.uniqlo.com/kr/ko/women/innerwear/airism,WOMEN,WOMEN,True,https://www.uniqlo.com/kr/ko/products/E457912-000/00,live_public_response
uniqlo,E457912,E457912-000,000,이너웨어 > 에어리즘 > 탱크탑,https://www.uniqlo.com/kr/ko/women/sport-utility-wear,WOMEN,WOMEN,True,https://www.uniqlo.com/kr/ko/products/E457912-000/00,live_public_response
uniqlo,E457912,E457912-000,000,이너웨어 > 에어리즘 > 탱크탑,https://www.uniqlo.com/kr/ko/women/sport-utility-wear/innerwear,WOMEN,WOMEN,True,https://www.uniqlo.com/kr/ko/products/E457912-000/00,live_public_response
uniqlo,E478617,E478617-000,000,이너웨어 > 양말 > 레귤러삭스,https://www.uniqlo.com/kr/ko/kids/innerwear,KIDS,KIDS,True,https://www.uniqlo.com/kr/ko/products/E478617-000/00,live_public_response
uniqlo,E478617,E478617-000,000,이너웨어 > 양말 > 레귤러삭스,https://www.uniqlo.com/kr/ko/kids/innerwear/socks,KIDS,KIDS,True,https://www.uniqlo.com/kr/ko/products/E478617-000/00,live_public_response
uniqlo,E481761,E481761-001,001,신생아(0개월~2세) > 바디수트 > 코튼메쉬,https://www.uniqlo.com/kr/ko/baby/newborn,BABY,BABY,True,https://www.uniqlo.com/kr/ko/products/E481761-001/00,live_public_response
uniqlo,E481761,E481761-001,001,신생아(0개월~2세) > 바디수트 > 코튼메쉬,https://www.uniqlo.com/kr/ko/baby/newborn/bodysuits,BABY,BABY,True,https://www.uniqlo.com/kr/ko/products/E481761-001/00,live_public_response
uniqlo,E450251,E450251-000,000,팬츠 > 치노 팬츠 > 슬림,https://www.uniqlo.com/kr/ko/men/bottoms/chinos,MEN,MEN,True,https://www.uniqlo.com/kr/ko/products/E450251-000/00,live_public_response
uniqlo,E457913,E457913-000,000,이너웨어 > 에어리즘 > 반팔,https://www.uniqlo.com/kr/ko/women/airism,WOMEN,WOMEN,True,https://www.uniqlo.com/kr/ko/products/E457913-000/00,live_public_response
uniqlo,E457913,E457913-000,000,이너웨어 > 에어리즘 > 반팔,https://www.uniqlo.com/kr/ko/women/airism/inner-tops,WOMEN,WOMEN,True,https://www.uniqlo.com/kr/ko/products/E457913-000/00,live_public_response
uniqlo,E457913,E457913-000,000,이너웨어 > 에어리즘 > 반팔,https://www.uniqlo.com/kr/ko/women/innerwear/airism,WOMEN,WOMEN,True,https://www.uniqlo.com/kr/ko/products/E457913-000/00,live_public_response
uniqlo,E457913,E457913-000,000,이너웨어 > 에어리즘 > 반팔,https://www.uniqlo.com/kr/ko/women/sport-utility-wear,WOMEN,WOMEN,True,https://www.uniqlo.com/kr/ko/products/E457913-000/00,live_public_response
uniqlo,E457913,E457913-000,000,이너웨어 > 에어리즘 > 반팔,https://www.uniqlo.com/kr/ko/women/sport-utility-wear/innerwear,WOMEN,WOMEN,True,https://www.uniqlo.com/kr/ko/products/E457913-000/00,live_public_response
uniqlo,E478623,E478623-000,000,이너웨어 > 히트텍 > 히트텍,https://www.uniqlo.com/kr/ko/kids/innerwear,KIDS,KIDS,True,https://www.uniqlo.com/kr/ko/products/E478623-000/00,live_public_response
uniqlo,E478623,E478623-000,000,이너웨어 > 히트텍 > 히트텍,https://www.uniqlo.com/kr/ko/kids/innerwear/heattech,KIDS,KIDS,True,https://www.uniqlo.com/kr/ko/products/E478623-000/00,live_public_response
uniqlo,E481764,E481764-000,000,신생아(0개월~2세) > 바디수트 > 코튼메쉬,https://www.uniqlo.com/kr/ko/baby/newborn,BABY,BABY,True,https://www.uniqlo.com/kr/ko/products/E481764-000/00,live_public_response
uniqlo,E481764,E481764-000,000,신생아(0개월~2세) > 바디수트 > 코튼메쉬,https://www.uniqlo.com/kr/ko/baby/newborn/bodysuits,BABY,BABY,True,https://www.uniqlo.com/kr/ko/products/E481764-000/00,live_public_response
uniqlo,E450535,E450535-000,000,니트 & 가디건 > 니트 > 메리노,https://www.uniqlo.com/kr/ko/men/sweaters-and-knitwear,MEN,MEN,True,https://www.uniqlo.com/kr/ko/products/E450535-000/00,live_public_response
uniqlo,E458325,E458325-000,000,팬츠 > 쇼트 팬츠(반바지) > 이지(허리 밴딩),https://www.uniqlo.com/kr/ko/men/bottoms,MEN,MEN,True,https://www.uniqlo.com/kr/ko/products/E458325-000/00,live_public_response
uniqlo,E458325,E458325-000,000,팬츠 > 쇼트 팬츠(반바지) > 이지(허리 밴딩),https://www.uniqlo.com/kr/ko/men/bottoms/short-pants,MEN,MEN,True,https://www.uniqlo.com/kr/ko/products/E458325-000/00,live_public_response
uniqlo,E458325,E458325-000,000,팬츠 > 쇼트 팬츠(반바지) > 이지(허리 밴딩),https://www.uniqlo.com/kr/ko/women/bottoms,WOMEN,MEN,True,https://www.uniqlo.com/kr/ko/products/E458325-000/00,live_public_response
uniqlo,E458325,E458325-000,000,팬츠 > 쇼트 팬츠(반바지) > 이지(허리 밴딩),https://www.uniqlo.com/kr/ko/women/bottoms/short-pants,WOMEN,MEN,True,https://www.uniqlo.com/kr/ko/products/E458325-000/00,live_public_response
uniqlo,E478628,E478628-000,000,이너웨어 > 히트텍 > 긴팔,https://www.uniqlo.com/kr/ko/kids/innerwear,KIDS,KIDS,True,https://www.uniqlo.com/kr/ko/products/E478628-000/00,live_public_response
uniqlo,E478628,E478628-000,000,이너웨어 > 히트텍 > 긴팔,https://www.uniqlo.com/kr/ko/kids/innerwear/heattech,KIDS,KIDS,True,https://www.uniqlo.com/kr/ko/products/E478628-000/00,live_public_response
uniqlo,E481764,E481764-001,001,신생아(0개월~2세) > 바디수트 > 코튼메쉬,https://www.uniqlo.com/kr/ko/baby/newborn,BABY,BABY,True,https://www.uniqlo.com/kr/ko/products/E481764-001/00,live_public_response
uniqlo,E481764,E481764-001,001,신생아(0개월~2세) > 바디수트 > 코튼메쉬,https://www.uniqlo.com/kr/ko/baby/newborn/bodysuits,BABY,BABY,True,https://www.uniqlo.com/kr/ko/products/E481764-001/00,live_public_response
uniqlo,E450536,E450536-000,000,니트 & 가디건 > 니트 > 메리노,https://www.uniqlo.com/kr/ko/men/sweaters-and-knitwear,MEN,MEN,True,https://www.uniqlo.com/kr/ko/products/E450536-000/00,live_public_response
uniqlo,E458462,E458462-000,000,에어리즘 > 팬츠 > 조거,https://www.uniqlo.com/kr/ko/women/airism,WOMEN,WOMEN,True,https://www.uniqlo.com/kr/ko/products/E458462-000/00,live_public_response
uniqlo,E458462,E458462-000,000,에어리즘 > 팬츠 > 조거,https://www.uniqlo.com/kr/ko/women/airism/bottoms,WOMEN,WOMEN,True,https://www.uniqlo.com/kr/ko/products/E458462-000/00,live_public_response
uniqlo,E458462,E458462-000,000,에어리즘 > 팬츠 > 조거,https://www.uniqlo.com/kr/ko/women/bottoms/casual-pants,WOMEN,WOMEN,True,https://www.uniqlo.com/kr/ko/products/E458462-000/00,live_public_response
uniqlo,E458462,E458462-000,000,에어리즘 > 팬츠 > 조거,https://www.uniqlo.com/kr/ko/women/bottoms/sweat-pants,WOMEN,WOMEN,True,https://www.uniqlo.com/kr/ko/products/E458462-000/00,live_public_response
uniqlo,E458462,E458462-000,000,에어리즘 > 팬츠 > 조거,https://www.uniqlo.com/kr/ko/women/sport-utility-wear,WOMEN,WOMEN,True,https://www.uniqlo.com/kr/ko/products/E458462-000/00,live_public_response
uniqlo,E458462,E458462-000,000,에어리즘 > 팬츠 > 조거,https://www.uniqlo.com/kr/ko/women/sport-utility-wear/pants,WOMEN,WOMEN,True,https://www.uniqlo.com/kr/ko/products/E458462-000/00,live_public_response
uniqlo,E478634,E478634-000,000,이너웨어 > 히트텍 > 긴팔,https://www.uniqlo.com/kr/ko/kids/innerwear/heattech,KIDS,KIDS,True,https://www.uniqlo.com/kr/ko/products/E478634-000/00,live_public_response
uniqlo,E481769,E481769-000,000,신생아(0개월~2세) > 바디수트 > 코튼메쉬,https://www.uniqlo.com/kr/ko/baby,BABY,BABY,True,https://www.uniqlo.com/kr/ko/products/E481769-000/00,live_public_response
uniqlo,E481769,E481769-000,000,신생아(0개월~2세) > 바디수트 > 코튼메쉬,https://www.uniqlo.com/kr/ko/baby/newborn,BABY,BABY,True,https://www.uniqlo.com/kr/ko/products/E481769-000/00,live_public_response
uniqlo,E481769,E481769-000,000,신생아(0개월~2세) > 바디수트 > 코튼메쉬,https://www.uniqlo.com/kr/ko/baby/newborn/bodysuits,BABY,BABY,True,https://www.uniqlo.com/kr/ko/products/E481769-000/00,live_public_response
uniqlo,E451648,E451648-000,000,팬츠 > 스웨트 팬츠 & 조거 팬츠 > 스웨트,https://www.uniqlo.com/kr/ko/men/bottoms/casual-pants,MEN,MEN,True,https://www.uniqlo.com/kr/ko/products/E451648-000/00,live_public_response
uniqlo,E459564,E459564-000,000,티셔츠 & 스웨트셔츠 & UT > PEACE FOR ALL > 그래픽 티셔츠,https://www.uniqlo.com/kr/ko/men/tops/peace-for-all,MEN,MEN,True,https://www.uniqlo.com/kr/ko/products/E459564-000/00,live_public_response
uniqlo,E459564,E459564-000,000,티셔츠 & 스웨트셔츠 & UT > PEACE FOR ALL > 그래픽 티셔츠,https://www.uniqlo.com/kr/ko/women/tops/peace-for-all,WOMEN,MEN,True,https://www.uniqlo.com/kr/ko/products/E459564-000/00,live_public_response
uniqlo,E478637,E478637-000,000,이너웨어 > 히트텍 > 레깅스,https://www.uniqlo.com/kr/ko/kids/innerwear,KIDS,KIDS,True,https://www.uniqlo.com/kr/ko/products/E478637-000/00,live_public_response
uniqlo,E478637,E478637-000,000,이너웨어 > 히트텍 > 레깅스,https://www.uniqlo.com/kr/ko/kids/innerwear/heattech,KIDS,KIDS,True,https://www.uniqlo.com/kr/ko/products/E478637-000/00,live_public_response
uniqlo,E478637,E478637-000,000,이너웨어 > 히트텍 > 레깅스,https://www.uniqlo.com/kr/ko/kids/innerwear/leggings-and-tights,KIDS,KIDS,True,https://www.uniqlo.com/kr/ko/products/E478637-000/00,live_public_response
uniqlo,E481769,E481769-001,001,신생아(0개월~2세) > 바디수트 > 코튼메쉬,https://www.uniqlo.com/kr/ko/baby/newborn,BABY,BABY,True,https://www.uniqlo.com/kr/ko/products/E481769-001/00,live_public_response
uniqlo,E481769,E481769-001,001,신생아(0개월~2세) > 바디수트 > 코튼메쉬,https://www.uniqlo.com/kr/ko/baby/newborn/bodysuits,BABY,BABY,True,https://www.uniqlo.com/kr/ko/products/E481769-001/00,live_public_response
uniqlo,E452029,E452029-000,000,이너웨어 > 양말 > 레귤러 삭스,https://www.uniqlo.com/kr/ko/men/innerwear/socks,MEN,MEN,True,https://www.uniqlo.com/kr/ko/products/E452029-000/00,live_public_response
uniqlo,E459567,E459567-000,000,티셔츠 & UT > PEACE FOR ALL > 그래픽 티셔츠,https://www.uniqlo.com/kr/ko/men/tops/peace-for-all,MEN,WOMEN,True,https://www.uniqlo.com/kr/ko/products/E459567-000/00,live_public_response
uniqlo,E459567,E459567-000,000,티셔츠 & UT > PEACE FOR ALL > 그래픽 티셔츠,https://www.uniqlo.com/kr/ko/women/tops/peace-for-all,WOMEN,WOMEN,True,https://www.uniqlo.com/kr/ko/products/E459567-000/00,live_public_response
uniqlo,E478656,E478656-000,000,에어리즘 > 언더웨어 > Others 그 외,https://www.uniqlo.com/kr/ko/kids/airism,KIDS,KIDS,True,https://www.uniqlo.com/kr/ko/products/E478656-000/00,live_public_response
uniqlo,E478656,E478656-000,000,에어리즘 > 언더웨어 > Others 그 외,https://www.uniqlo.com/kr/ko/kids/airism?lineup=82094-1,KIDS,KIDS,True,https://www.uniqlo.com/kr/ko/products/E478656-000/00,live_public_response
uniqlo,E478656,E478656-000,000,에어리즘 > 언더웨어 > Others 그 외,https://www.uniqlo.com/kr/ko/kids/innerwear,KIDS,KIDS,True,https://www.uniqlo.com/kr/ko/products/E478656-000/00,live_public_response
uniqlo,E478656,E478656-000,000,에어리즘 > 언더웨어 > Others 그 외,https://www.uniqlo.com/kr/ko/kids/innerwear/airism,KIDS,KIDS,True,https://www.uniqlo.com/kr/ko/products/E478656-000/00,live_public_response
uniqlo,E478656,E478656-000,000,에어리즘 > 언더웨어 > Others 그 외,https://www.uniqlo.com/kr/ko/kids/innerwear/underwear,KIDS,KIDS,True,https://www.uniqlo.com/kr/ko/products/E478656-000/00,live_public_response
uniqlo,E481772,E481772-000,000,신생아(0개월~2세) > 바디수트 > 반팔,https://www.uniqlo.com/kr/ko/baby,BABY,BABY,True,https://www.uniqlo.com/kr/ko/products/E481772-000/00,live_public_response
uniqlo,E481772,E481772-000,000,신생아(0개월~2세) > 바디수트 > 반팔,https://www.uniqlo.com/kr/ko/baby/newborn,BABY,BABY,True,https://www.uniqlo.com/kr/ko/products/E481772-000/00,live_public_response
uniqlo,E481772,E481772-000,000,신생아(0개월~2세) > 바디수트 > 반팔,https://www.uniqlo.com/kr/ko/baby/newborn/bodysuits,BABY,BABY,True,https://www.uniqlo.com/kr/ko/products/E481772-000/00,live_public_response
uniqlo,E454311,E454311-000,000,이너웨어 > 에어리즘 > 에어리즘,https://www.uniqlo.com/kr/ko/men,MEN,MEN,True,https://www.uniqlo.com/kr/ko/products/E454311-000/00,live_public_response
uniqlo,E454311,E454311-000,000,이너웨어 > 에어리즘 > 에어리즘,https://www.uniqlo.com/kr/ko/men/airism,MEN,MEN,True,https://www.uniqlo.com/kr/ko/products/E454311-000/00,live_public_response
uniqlo,E454311,E454311-000,000,이너웨어 > 에어리즘 > 에어리즘,https://www.uniqlo.com/kr/ko/men/airism/inner-tops,MEN,MEN,True,https://www.uniqlo.com/kr/ko/products/E454311-000/00,live_public_response
uniqlo,E454311,E454311-000,000,이너웨어 > 에어리즘 > 에어리즘,https://www.uniqlo.com/kr/ko/men/innerwear,MEN,MEN,True,https://www.uniqlo.com/kr/ko/products/E454311-000/00,live_public_response
uniqlo,E454311,E454311-000,000,이너웨어 > 에어리즘 > 에어리즘,https://www.uniqlo.com/kr/ko/men/innerwear/airism,MEN,MEN,True,https://www.uniqlo.com/kr/ko/products/E454311-000/00,live_public_response
uniqlo,E454311,E454311-000,000,이너웨어 > 에어리즘 > 에어리즘,https://www.uniqlo.com/kr/ko/men/sport-utility-wear,MEN,MEN,True,https://www.uniqlo.com/kr/ko/products/E454311-000/00,live_public_response
uniqlo,E454311,E454311-000,000,이너웨어 > 에어리즘 > 에어리즘,https://www.uniqlo.com/kr/ko/men/sport-utility-wear/innerwear,MEN,MEN,True,https://www.uniqlo.com/kr/ko/products/E454311-000/00,live_public_response
uniqlo,E461420,E461420-000,000,팬츠 > 캐주얼 팬츠 > 이지(허리 밴딩),https://www.uniqlo.com/kr/ko/men/bottoms/casual-pants,MEN,MEN,True,https://www.uniqlo.com/kr/ko/products/E461420-000/00,live_public_response
uniqlo,E461420,E461420-000,000,팬츠 > 캐주얼 팬츠 > 이지(허리 밴딩),https://www.uniqlo.com/kr/ko/women/bottoms/casual-pants,WOMEN,MEN,True,https://www.uniqlo.com/kr/ko/products/E461420-000/00,live_public_response
uniqlo,E478657,E478657-000,000,이너웨어 > 언더웨어 > 복서브리프,https://www.uniqlo.com/kr/ko/kids/airism,KIDS,KIDS,True,https://www.uniqlo.com/kr/ko/products/E478657-000/00,live_public_response
uniqlo,E478657,E478657-000,000,이너웨어 > 언더웨어 > 복서브리프,https://www.uniqlo.com/kr/ko/kids/airism?lineup=82094-1,KIDS,KIDS,True,https://www.uniqlo.com/kr/ko/products/E478657-000/00,live_public_response
uniqlo,E478657,E478657-000,000,이너웨어 > 언더웨어 > 복서브리프,https://www.uniqlo.com/kr/ko/kids/innerwear,KIDS,KIDS,True,https://www.uniqlo.com/kr/ko/products/E478657-000/00,live_public_response
uniqlo,E478657,E478657-000,000,이너웨어 > 언더웨어 > 복서브리프,https://www.uniqlo.com/kr/ko/kids/innerwear/airism,KIDS,KIDS,True,https://www.uniqlo.com/kr/ko/products/E478657-000/00,live_public_response
uniqlo,E478657,E478657-000,000,이너웨어 > 언더웨어 > 복서브리프,https://www.uniqlo.com/kr/ko/kids/innerwear/underwear,KIDS,KIDS,True,https://www.uniqlo.com/kr/ko/products/E478657-000/00,live_public_response
uniqlo,E481772,E481772-001,001,신생아(0개월~2세) > 바디수트 > 코튼메쉬,https://www.uniqlo.com/kr/ko/baby/newborn,BABY,BABY,True,https://www.uniqlo.com/kr/ko/products/E481772-001/00,live_public_response
uniqlo,E481772,E481772-001,001,신생아(0개월~2세) > 바디수트 > 코튼메쉬,https://www.uniqlo.com/kr/ko/baby/newborn/bodysuits,BABY,BABY,True,https://www.uniqlo.com/kr/ko/products/E481772-001/00,live_public_response
uniqlo,E454312,E454312-000,000,이너웨어 > 에어리즘 > 에어리즘,https://www.uniqlo.com/kr/ko/men/airism,MEN,MEN,True,https://www.uniqlo.com/kr/ko/products/E454312-000/00,live_public_response
uniqlo,E454312,E454312-000,000,이너웨어 > 에어리즘 > 에어리즘,https://www.uniqlo.com/kr/ko/men/airism/inner-tops,MEN,MEN,True,https://www.uniqlo.com/kr/ko/products/E454312-000/00,live_public_response
uniqlo,E454312,E454312-000,000,이너웨어 > 에어리즘 > 에어리즘,https://www.uniqlo.com/kr/ko/men/innerwear,MEN,MEN,True,https://www.uniqlo.com/kr/ko/products/E454312-000/00,live_public_response
uniqlo,E454312,E454312-000,000,이너웨어 > 에어리즘 > 에어리즘,https://www.uniqlo.com/kr/ko/men/innerwear/airism,MEN,MEN,True,https://www.uniqlo.com/kr/ko/products/E454312-000/00,live_public_response
uniqlo,E461767,E461767-000,000,파자마 & 홈웨어 > 파자마 > 그 외,https://www.uniqlo.com/kr/ko/women/loungewear-and-homeware,WOMEN,WOMEN,True,https://www.uniqlo.com/kr/ko/products/E461767-000/00,live_public_response
uniqlo,E461767,E461767-000,000,파자마 & 홈웨어 > 파자마 > 그 외,https://www.uniqlo.com/kr/ko/women/loungewear-and-homeware/loungewear-and-pajamas,WOMEN,WOMEN,True,https://www.uniqlo.com/kr/ko/products/E461767-000/00,live_public_response
uniqlo,E479575,E479575-000,000,청바지 & 팬츠 > 청바지 & 팬츠 > 스트레치 팬츠,https://www.uniqlo.com/kr/ko/kids/pants-and-skirts/pants,KIDS,KIDS,True,https://www.uniqlo.com/kr/ko/products/E479575-000/00,live_public_response
uniqlo,E479575,E479575-000,000,청바지 & 팬츠 > 청바지 & 팬츠 > 스트레치 팬츠,https://www.uniqlo.com/kr/ko/kids/pants-and-skirts/pants?path=%2C%2C58082%2C&lineup=58599-3,KIDS,KIDS,True,https://www.uniqlo.com/kr/ko/products/E479575-000/00,live_public_response
uniqlo,E479575,E479575-000,000,청바지 & 팬츠 > 청바지 & 팬츠 > 스트레치 팬츠,https://www.uniqlo.com/kr/ko/kids/pants-and-skirts/pants?path=%2C%2C58082%2C&sort=0&lineup=58600-2,KIDS,KIDS,True,https://www.uniqlo.com/kr/ko/products/E479575-000/00,live_public_response
uniqlo,E479575,E479575-000,000,청바지 & 팬츠 > 청바지 & 팬츠 > 스트레치 팬츠,https://www.uniqlo.com/kr/ko/kids/pants-and-skirts/pants?path=%2C%2C58082%2C&sort=0&lineup=58603-4,KIDS,KIDS,True,https://www.uniqlo.com/kr/ko/products/E479575-000/00,live_public_response
uniqlo,E481779,E481779-000,000,영유아(6개월~5세) > 레깅스 & 팬츠 > 크롭레깅스,https://www.uniqlo.com/kr/ko/baby/newborn,BABY,BABY,True,https://www.uniqlo.com/kr/ko/products/E481779-000/00,live_public_response
uniqlo,E481779,E481779-000,000,영유아(6개월~5세) > 레깅스 & 팬츠 > 크롭레깅스,https://www.uniqlo.com/kr/ko/baby/newborn/pants-and-leggings,BABY,BABY,True,https://www.uniqlo.com/kr/ko/products/E481779-000/00,live_public_response
uniqlo,E481779,E481779-000,000,영유아(6개월~5세) > 레깅스 & 팬츠 > 크롭레깅스,https://www.uniqlo.com/kr/ko/baby/toddler,BABY,BABY,True,https://www.uniqlo.com/kr/ko/products/E481779-000/00,live_public_response
uniqlo,E481779,E481779-000,000,영유아(6개월~5세) > 레깅스 & 팬츠 > 크롭레깅스,https://www.uniqlo.com/kr/ko/baby/toddler/pants-and-leggings,BABY,BABY,True,https://www.uniqlo.com/kr/ko/products/E481779-000/00,live_public_response
uniqlo,E454326,E454326-000,000,이너웨어 > 에어리즘 > 브리프 (레귤러),https://www.uniqlo.com/kr/ko/men/airism,MEN,MEN,True,https://www.uniqlo.com/kr/ko/products/E454326-000/00,live_public_response
uniqlo,E454326,E454326-000,000,이너웨어 > 에어리즘 > 브리프 (레귤러),https://www.uniqlo.com/kr/ko/men/airism/underwear,MEN,MEN,True,https://www.uniqlo.com/kr/ko/products/E454326-000/00,live_public_response
uniqlo,E454326,E454326-000,000,이너웨어 > 에어리즘 > 브리프 (레귤러),https://www.uniqlo.com/kr/ko/men/innerwear,MEN,MEN,True,https://www.uniqlo.com/kr/ko/products/E454326-000/00,live_public_response
uniqlo,E454326,E454326-000,000,이너웨어 > 에어리즘 > 브리프 (레귤러),https://www.uniqlo.com/kr/ko/men/innerwear/airism,MEN,MEN,True,https://www.uniqlo.com/kr/ko/products/E454326-000/00,live_public_response
uniqlo,E454326,E454326-000,000,이너웨어 > 에어리즘 > 브리프 (레귤러),https://www.uniqlo.com/kr/ko/men/innerwear/underwear,MEN,MEN,True,https://www.uniqlo.com/kr/ko/products/E454326-000/00,live_public_response
uniqlo,E464334,E464334-000,000,이너웨어 > 에어리즘 > 브라,https://www.uniqlo.com/kr/ko/women,WOMEN,WOMEN,True,https://www.uniqlo.com/kr/ko/products/E464334-000/00,live_public_response
uniqlo,E464334,E464334-000,000,이너웨어 > 에어리즘 > 브라,https://www.uniqlo.com/kr/ko/women/airism,WOMEN,WOMEN,True,https://www.uniqlo.com/kr/ko/products/E464334-000/00,live_public_response
uniqlo,E464334,E464334-000,000,이너웨어 > 에어리즘 > 브라,https://www.uniqlo.com/kr/ko/women/innerwear/airism,WOMEN,WOMEN,True,https://www.uniqlo.com/kr/ko/products/E464334-000/00,live_public_response
uniqlo,E464334,E464334-000,000,이너웨어 > 에어리즘 > 브라,https://www.uniqlo.com/kr/ko/women/innerwear/bras,WOMEN,WOMEN,True,https://www.uniqlo.com/kr/ko/products/E464334-000/00,live_public_response
uniqlo,E464334,E464334-000,000,이너웨어 > 에어리즘 > 브라,https://www.uniqlo.com/kr/ko/women/lounge-and-underwear-collection,WOMEN,WOMEN,True,https://www.uniqlo.com/kr/ko/products/E464334-000/00,live_public_response
uniqlo,E464334,E464334-000,000,이너웨어 > 에어리즘 > 브라,https://www.uniqlo.com/kr/ko/women/lounge-and-underwear-collection/bra,WOMEN,WOMEN,True,https://www.uniqlo.com/kr/ko/products/E464334-000/00,live_public_response
uniqlo,E464334,E464334-000,000,이너웨어 > 에어리즘 > 브라,https://www.uniqlo.com/kr/ko/women/lounge-and-underwear-collection/minimalist-classics,WOMEN,WOMEN,True,https://www.uniqlo.com/kr/ko/products/E464334-000/00,live_public_response
uniqlo,E480343,E480343-000,000,청바지 & 팬츠 > 청바지 & 팬츠 > 스웨트 팬츠,https://www.uniqlo.com/kr/ko/kids/pants-and-skirts/pants,KIDS,KIDS,True,https://www.uniqlo.com/kr/ko/products/E480343-000/00,live_public_response
uniqlo,E480343,E480343-000,000,청바지 & 팬츠 > 청바지 & 팬츠 > 스웨트 팬츠,https://www.uniqlo.com/kr/ko/kids/pants-and-skirts/pants?path=%2C%2C58082%2C&lineup=58599-3,KIDS,KIDS,True,https://www.uniqlo.com/kr/ko/products/E480343-000/00,live_public_response
uniqlo,E480343,E480343-000,000,청바지 & 팬츠 > 청바지 & 팬츠 > 스웨트 팬츠,https://www.uniqlo.com/kr/ko/kids/pants-and-skirts/pants?path=%2C%2C58082%2C&sort=0&lineup=58600-2,KIDS,KIDS,True,https://www.uniqlo.com/kr/ko/products/E480343-000/00,live_public_response
uniqlo,E480343,E480343-000,000,청바지 & 팬츠 > 청바지 & 팬츠 > 스웨트 팬츠,https://www.uniqlo.com/kr/ko/kids/pants-and-skirts/pants?path=%2C%2C58082%2C&sort=0&lineup=58603-4,KIDS,KIDS,True,https://www.uniqlo.com/kr/ko/products/E480343-000/00,live_public_response
uniqlo,E480343,E480343-000,000,청바지 & 팬츠 > 청바지 & 팬츠 > 스웨트 팬츠,https://www.uniqlo.com/kr/ko/kids/tops/sweatshirts-and-hoodies,KIDS,KIDS,True,https://www.uniqlo.com/kr/ko/products/E480343-000/00,live_public_response
uniqlo,E481780,E481780-000,000,영유아(6개월~5세) > 레깅스 & 팬츠 > 크롭레깅스,https://www.uniqlo.com/kr/ko/baby/newborn,BABY,BABY,True,https://www.uniqlo.com/kr/ko/products/E481780-000/00,live_public_response
uniqlo,E481780,E481780-000,000,영유아(6개월~5세) > 레깅스 & 팬츠 > 크롭레깅스,https://www.uniqlo.com/kr/ko/baby/newborn/pants-and-leggings,BABY,BABY,True,https://www.uniqlo.com/kr/ko/products/E481780-000/00,live_public_response
uniqlo,E481780,E481780-000,000,영유아(6개월~5세) > 레깅스 & 팬츠 > 크롭레깅스,https://www.uniqlo.com/kr/ko/baby/toddler,BABY,BABY,True,https://www.uniqlo.com/kr/ko/products/E481780-000/00,live_public_response
uniqlo,E481780,E481780-000,000,영유아(6개월~5세) > 레깅스 & 팬츠 > 크롭레깅스,https://www.uniqlo.com/kr/ko/baby/toddler/pants-and-leggings,BABY,BABY,True,https://www.uniqlo.com/kr/ko/products/E481780-000/00,live_public_response
uniqlo,E454327,E454327-000,000,이너웨어 > 에어리즘 > 트렁크,https://www.uniqlo.com/kr/ko/men/airism,MEN,MEN,True,https://www.uniqlo.com/kr/ko/products/E454327-000/00,live_public_response
uniqlo,E454327,E454327-000,000,이너웨어 > 에어리즘 > 트렁크,https://www.uniqlo.com/kr/ko/men/airism/underwear,MEN,MEN,True,https://www.uniqlo.com/kr/ko/products/E454327-000/00,live_public_response
uniqlo,E454327,E454327-000,000,이너웨어 > 에어리즘 > 트렁크,https://www.uniqlo.com/kr/ko/men/innerwear,MEN,MEN,True,https://www.uniqlo.com/kr/ko/products/E454327-000/00,live_public_response
uniqlo,E454327,E454327-000,000,이너웨어 > 에어리즘 > 트렁크,https://www.uniqlo.com/kr/ko/men/innerwear/airism,MEN,MEN,True,https://www.uniqlo.com/kr/ko/products/E454327-000/00,live_public_response
uniqlo,E454327,E454327-000,000,이너웨어 > 에어리즘 > 트렁크,https://www.uniqlo.com/kr/ko/men/innerwear/underwear,MEN,MEN,True,https://www.uniqlo.com/kr/ko/products/E454327-000/00,live_public_response
uniqlo,E464384,E464384-000,000,이너웨어 > 양말 > 쇼트 삭스,https://www.uniqlo.com/kr/ko/women/innerwear/socks,WOMEN,WOMEN,True,https://www.uniqlo.com/kr/ko/products/E464384-000/00,live_public_response
uniqlo,E464384,E464384-000,000,이너웨어 > 양말 > 쇼트 삭스,https://www.uniqlo.com/kr/ko/women/sport-utility-wear,WOMEN,WOMEN,True,https://www.uniqlo.com/kr/ko/products/E464384-000/00,live_public_response
uniqlo,E464384,E464384-000,000,이너웨어 > 양말 > 쇼트 삭스,https://www.uniqlo.com/kr/ko/women/sport-utility-wear/innerwear,WOMEN,WOMEN,True,https://www.uniqlo.com/kr/ko/products/E464384-000/00,live_public_response
uniqlo,E480345,E480345-000,000,티셔츠 & UT > 티셔츠 (반팔 & 긴팔) > 그래픽 티셔츠,https://www.uniqlo.com/kr/ko/kids/tops/ut-graphic-tees,KIDS,KIDS,True,https://www.uniqlo.com/kr/ko/products/E480345-000/00,live_public_response
uniqlo,E481782,E481782-000,000,영유아(6개월~5세) > 레깅스 & 팬츠 > 크롭레깅스,https://www.uniqlo.com/kr/ko/baby/newborn,BABY,BABY,True,https://www.uniqlo.com/kr/ko/products/E481782-000/00,live_public_response
uniqlo,E481782,E481782-000,000,영유아(6개월~5세) > 레깅스 & 팬츠 > 크롭레깅스,https://www.uniqlo.com/kr/ko/baby/newborn/pants-and-leggings,BABY,BABY,True,https://www.uniqlo.com/kr/ko/products/E481782-000/00,live_public_response
uniqlo,E481782,E481782-000,000,영유아(6개월~5세) > 레깅스 & 팬츠 > 크롭레깅스,https://www.uniqlo.com/kr/ko/baby/toddler,BABY,BABY,True,https://www.uniqlo.com/kr/ko/products/E481782-000/00,live_public_response
uniqlo,E481782,E481782-000,000,영유아(6개월~5세) > 레깅스 & 팬츠 > 크롭레깅스,https://www.uniqlo.com/kr/ko/baby/toddler/pants-and-leggings,BABY,BABY,True,https://www.uniqlo.com/kr/ko/products/E481782-000/00,live_public_response
uniqlo,E454328,E454328-000,000,이너웨어 > 에어리즘 > 브리프 (로라이즈),https://www.uniqlo.com/kr/ko/men/airism,MEN,MEN,True,https://www.uniqlo.com/kr/ko/products/E454328-000/00,live_public_response
uniqlo,E454328,E454328-000,000,이너웨어 > 에어리즘 > 브리프 (로라이즈),https://www.uniqlo.com/kr/ko/men/airism/underwear,MEN,MEN,True,https://www.uniqlo.com/kr/ko/products/E454328-000/00,live_public_response
uniqlo,E454328,E454328-000,000,이너웨어 > 에어리즘 > 브리프 (로라이즈),https://www.uniqlo.com/kr/ko/men/innerwear,MEN,MEN,True,https://www.uniqlo.com/kr/ko/products/E454328-000/00,live_public_response
uniqlo,E454328,E454328-000,000,이너웨어 > 에어리즘 > 브리프 (로라이즈),https://www.uniqlo.com/kr/ko/men/innerwear/airism,MEN,MEN,True,https://www.uniqlo.com/kr/ko/products/E454328-000/00,live_public_response
uniqlo,E454328,E454328-000,000,이너웨어 > 에어리즘 > 브리프 (로라이즈),https://www.uniqlo.com/kr/ko/men/innerwear/underwear,MEN,MEN,True,https://www.uniqlo.com/kr/ko/products/E454328-000/00,live_public_response
uniqlo,E464390,E464390-000,000,이너웨어 > 양말 > 베리 쇼트 삭스,https://www.uniqlo.com/kr/ko/women/sport-utility-wear,WOMEN,WOMEN,True,https://www.uniqlo.com/kr/ko/products/E464390-000/00,live_public_response
uniqlo,E464390,E464390-000,000,이너웨어 > 양말 > 베리 쇼트 삭스,https://www.uniqlo.com/kr/ko/women/sport-utility-wear/innerwear,WOMEN,WOMEN,True,https://www.uniqlo.com/kr/ko/products/E464390-000/00,live_public_response
uniqlo,E480845,E480845-000,000,이너웨어 > 언더웨어 > 쇼츠,https://www.uniqlo.com/kr/ko/kids/innerwear,KIDS,KIDS,True,https://www.uniqlo.com/kr/ko/products/E480845-000/00,live_public_response
uniqlo,E480845,E480845-000,000,이너웨어 > 언더웨어 > 쇼츠,https://www.uniqlo.com/kr/ko/kids/innerwear/underwear,KIDS,KIDS,True,https://www.uniqlo.com/kr/ko/products/E480845-000/00,live_public_response
uniqlo,E481786,E481786-000,000,영유아(6개월~5세) > 레깅스 & 팬츠 > 쇼트팬츠,https://www.uniqlo.com/kr/ko/baby/newborn,BABY,BABY,True,https://www.uniqlo.com/kr/ko/products/E481786-000/00,live_public_response
uniqlo,E481786,E481786-000,000,영유아(6개월~5세) > 레깅스 & 팬츠 > 쇼트팬츠,https://www.uniqlo.com/kr/ko/baby/newborn/pants-and-leggings,BABY,BABY,True,https://www.uniqlo.com/kr/ko/products/E481786-000/00,live_public_response
uniqlo,E481786,E481786-000,000,영유아(6개월~5세) > 레깅스 & 팬츠 > 쇼트팬츠,https://www.uniqlo.com/kr/ko/baby/toddler,BABY,BABY,True,https://www.uniqlo.com/kr/ko/products/E481786-000/00,live_public_response
uniqlo,E481786,E481786-000,000,영유아(6개월~5세) > 레깅스 & 팬츠 > 쇼트팬츠,https://www.uniqlo.com/kr/ko/baby/toddler/pants-and-leggings,BABY,BABY,True,https://www.uniqlo.com/kr/ko/products/E481786-000/00,live_public_response
uniqlo,E455365,E455365-000,000,티셔츠 & 스웨트셔츠 & UT > 티셔츠 (반팔 & 긴팔) > 반팔,https://www.uniqlo.com/kr/ko/men,MEN,MEN,True,https://www.uniqlo.com/kr/ko/products/E455365-000/00,live_public_response
uniqlo,E455365,E455365-000,000,티셔츠 & 스웨트셔츠 & UT > 티셔츠 (반팔 & 긴팔) > 반팔,https://www.uniqlo.com/kr/ko/men/tops/t-shirts,MEN,MEN,True,https://www.uniqlo.com/kr/ko/products/E455365-000/00,live_public_response
uniqlo,E464392,E464392-000,000,이너웨어 > 양말 > 베리 쇼트 삭스,https://www.uniqlo.com/kr/ko/women/sport-utility-wear,WOMEN,WOMEN,True,https://www.uniqlo.com/kr/ko/products/E464392-000/00,live_public_response
uniqlo,E464392,E464392-000,000,이너웨어 > 양말 > 베리 쇼트 삭스,https://www.uniqlo.com/kr/ko/women/sport-utility-wear/innerwear,WOMEN,WOMEN,True,https://www.uniqlo.com/kr/ko/products/E464392-000/00,live_public_response
uniqlo,E480861,E480861-000,000,아우터 > 재킷 & 파카 > 파카,https://www.uniqlo.com/kr/ko/kids/outerwear/parkas-and-blousons,KIDS,KIDS,True,https://www.uniqlo.com/kr/ko/products/E480861-000/00,live_public_response
uniqlo,E480861,E480861-000,000,아우터 > 재킷 & 파카 > 파카,https://www.uniqlo.com/kr/ko/kids/sport-utility-wear,KIDS,KIDS,True,https://www.uniqlo.com/kr/ko/products/E480861-000/00,live_public_response
uniqlo,E480861,E480861-000,000,아우터 > 재킷 & 파카 > 파카,https://www.uniqlo.com/kr/ko/kids/sport-utility-wear/outerwear,KIDS,KIDS,True,https://www.uniqlo.com/kr/ko/products/E480861-000/00,live_public_response
uniqlo,E480861,E480861-000,000,아우터 > 재킷 & 파카 > 파카,https://www.uniqlo.com/kr/ko/kids/uv-protection,KIDS,KIDS,True,https://www.uniqlo.com/kr/ko/products/E480861-000/00,live_public_response
uniqlo,E480861,E480861-000,000,아우터 > 재킷 & 파카 > 파카,https://www.uniqlo.com/kr/ko/kids/uv-protection/outerwear,KIDS,KIDS,True,https://www.uniqlo.com/kr/ko/products/E480861-000/00,live_public_response
uniqlo,E481787,E481787-000,000,영유아(6개월~5세) > 레깅스 & 팬츠 > 쇼트팬츠,https://www.uniqlo.com/kr/ko/baby/newborn,BABY,BABY,True,https://www.uniqlo.com/kr/ko/products/E481787-000/00,live_public_response
uniqlo,E481787,E481787-000,000,영유아(6개월~5세) > 레깅스 & 팬츠 > 쇼트팬츠,https://www.uniqlo.com/kr/ko/baby/newborn/pants-and-leggings,BABY,BABY,True,https://www.uniqlo.com/kr/ko/products/E481787-000/00,live_public_response
uniqlo,E481787,E481787-000,000,영유아(6개월~5세) > 레깅스 & 팬츠 > 쇼트팬츠,https://www.uniqlo.com/kr/ko/baby/toddler,BABY,BABY,True,https://www.uniqlo.com/kr/ko/products/E481787-000/00,live_public_response
uniqlo,E481787,E481787-000,000,영유아(6개월~5세) > 레깅스 & 팬츠 > 쇼트팬츠,https://www.uniqlo.com/kr/ko/baby/toddler/pants-and-leggings,BABY,BABY,True,https://www.uniqlo.com/kr/ko/products/E481787-000/00,live_public_response
uniqlo,E455476,E455476-000,000,팬츠 > 진(청바지) > 슬림,https://www.uniqlo.com/kr/ko/men/bottoms/jeans,MEN,MEN,True,https://www.uniqlo.com/kr/ko/products/E455476-000/00,live_public_response
uniqlo,E465185,E465185-000,000,티셔츠 & 스웨트셔츠 & UT > 티셔츠 (반팔 & 긴팔) > 에어리즘 코튼,https://www.uniqlo.com/kr/ko/men,MEN,MEN,True,https://www.uniqlo.com/kr/ko/products/E465185-000/00,live_public_response
uniqlo,E465185,E465185-000,000,티셔츠 & 스웨트셔츠 & UT > 티셔츠 (반팔 & 긴팔) > 에어리즘 코튼,https://www.uniqlo.com/kr/ko/men/airism,MEN,MEN,True,https://www.uniqlo.com/kr/ko/products/E465185-000/00,live_public_response
uniqlo,E465185,E465185-000,000,티셔츠 & 스웨트셔츠 & UT > 티셔츠 (반팔 & 긴팔) > 에어리즘 코튼,https://www.uniqlo.com/kr/ko/men/airism/tops,MEN,MEN,True,https://www.uniqlo.com/kr/ko/products/E465185-000/00,live_public_response
uniqlo,E465185,E465185-000,000,티셔츠 & 스웨트셔츠 & UT > 티셔츠 (반팔 & 긴팔) > 에어리즘 코튼,https://www.uniqlo.com/kr/ko/men/special-collaboration,MEN,MEN,True,https://www.uniqlo.com/kr/ko/products/E465185-000/00,live_public_response
uniqlo,E465185,E465185-000,000,티셔츠 & 스웨트셔츠 & UT > 티셔츠 (반팔 & 긴팔) > 에어리즘 코튼,https://www.uniqlo.com/kr/ko/men/special-collaboration/uniqlo-u,MEN,MEN,True,https://www.uniqlo.com/kr/ko/products/E465185-000/00,live_public_response
uniqlo,E465185,E465185-000,000,티셔츠 & 스웨트셔츠 & UT > 티셔츠 (반팔 & 긴팔) > 에어리즘 코튼,https://www.uniqlo.com/kr/ko/men/tops/t-shirts,MEN,MEN,True,https://www.uniqlo.com/kr/ko/products/E465185-000/00,live_public_response
uniqlo,E465185,E465185-000,000,티셔츠 & 스웨트셔츠 & UT > 티셔츠 (반팔 & 긴팔) > 에어리즘 코튼,https://www.uniqlo.com/kr/ko/women/special-collaboration/uniqlo-u,WOMEN,MEN,True,https://www.uniqlo.com/kr/ko/products/E465185-000/00,live_public_response
uniqlo,E481951,E481951-000,000,이너웨어 > 에어리즘 > 탱크탑,https://www.uniqlo.com/kr/ko/kids/airism,KIDS,KIDS,True,https://www.uniqlo.com/kr/ko/products/E481951-000/00,live_public_response
uniqlo,E481951,E481951-000,000,이너웨어 > 에어리즘 > 탱크탑,https://www.uniqlo.com/kr/ko/kids/airism/innerwear-tops,KIDS,KIDS,True,https://www.uniqlo.com/kr/ko/products/E481951-000/00,live_public_response
uniqlo,E481951,E481951-000,000,이너웨어 > 에어리즘 > 탱크탑,https://www.uniqlo.com/kr/ko/kids/airism?lineup=82094-1,KIDS,KIDS,True,https://www.uniqlo.com/kr/ko/products/E481951-000/00,live_public_response
uniqlo,E481951,E481951-000,000,이너웨어 > 에어리즘 > 탱크탑,https://www.uniqlo.com/kr/ko/kids/innerwear,KIDS,KIDS,True,https://www.uniqlo.com/kr/ko/products/E481951-000/00,live_public_response
uniqlo,E481951,E481951-000,000,이너웨어 > 에어리즘 > 탱크탑,https://www.uniqlo.com/kr/ko/kids/innerwear/airism,KIDS,KIDS,True,https://www.uniqlo.com/kr/ko/products/E481951-000/00,live_public_response
uniqlo,E481951,E481951-000,000,이너웨어 > 에어리즘 > 탱크탑,https://www.uniqlo.com/kr/ko/kids/sport-utility-wear,KIDS,KIDS,True,https://www.uniqlo.com/kr/ko/products/E481951-000/00,live_public_response
uniqlo,E481951,E481951-000,000,이너웨어 > 에어리즘 > 탱크탑,https://www.uniqlo.com/kr/ko/kids/sport-utility-wear/innerwear,KIDS,KIDS,True,https://www.uniqlo.com/kr/ko/products/E481951-000/00,live_public_response
uniqlo,E481788,E481788-000,000,신생아(0개월~2세) > 레깅스 & 팬츠 > 쇼트팬츠,https://www.uniqlo.com/kr/ko/baby/newborn,BABY,BABY,True,https://www.uniqlo.com/kr/ko/products/E481788-000/00,live_public_response
uniqlo,E481788,E481788-000,000,신생아(0개월~2세) > 레깅스 & 팬츠 > 쇼트팬츠,https://www.uniqlo.com/kr/ko/baby/newborn/pants-and-leggings,BABY,BABY,True,https://www.uniqlo.com/kr/ko/products/E481788-000/00,live_public_response
uniqlo,E481788,E481788-000,000,신생아(0개월~2세) > 레깅스 & 팬츠 > 쇼트팬츠,https://www.uniqlo.com/kr/ko/baby/toddler,BABY,BABY,True,https://www.uniqlo.com/kr/ko/products/E481788-000/00,live_public_response
uniqlo,E481788,E481788-000,000,신생아(0개월~2세) > 레깅스 & 팬츠 > 쇼트팬츠,https://www.uniqlo.com/kr/ko/baby/toddler/pants-and-leggings,BABY,BABY,True,https://www.uniqlo.com/kr/ko/products/E481788-000/00,live_public_response
uniqlo,E456567,E456567-000,000,스포츠 유틸리티 웨어 > 이너웨어 > 에어리즘,https://www.uniqlo.com/kr/ko/men,MEN,MEN,True,https://www.uniqlo.com/kr/ko/products/E456567-000/00,live_public_response
uniqlo,E456567,E456567-000,000,스포츠 유틸리티 웨어 > 이너웨어 > 에어리즘,https://www.uniqlo.com/kr/ko/men/airism,MEN,MEN,True,https://www.uniqlo.com/kr/ko/products/E456567-000/00,live_public_response
uniqlo,E456567,E456567-000,000,스포츠 유틸리티 웨어 > 이너웨어 > 에어리즘,https://www.uniqlo.com/kr/ko/men/airism/inner-tops,MEN,MEN,True,https://www.uniqlo.com/kr/ko/products/E456567-000/00,live_public_response
uniqlo,E456567,E456567-000,000,스포츠 유틸리티 웨어 > 이너웨어 > 에어리즘,https://www.uniqlo.com/kr/ko/men/innerwear,MEN,MEN,True,https://www.uniqlo.com/kr/ko/products/E456567-000/00,live_public_response
uniqlo,E456567,E456567-000,000,스포츠 유틸리티 웨어 > 이너웨어 > 에어리즘,https://www.uniqlo.com/kr/ko/men/innerwear/airism,MEN,MEN,True,https://www.uniqlo.com/kr/ko/products/E456567-000/00,live_public_response
uniqlo,E456567,E456567-000,000,스포츠 유틸리티 웨어 > 이너웨어 > 에어리즘,https://www.uniqlo.com/kr/ko/men/sport-utility-wear,MEN,MEN,True,https://www.uniqlo.com/kr/ko/products/E456567-000/00,live_public_response
uniqlo,E456567,E456567-000,000,스포츠 유틸리티 웨어 > 이너웨어 > 에어리즘,https://www.uniqlo.com/kr/ko/men/sport-utility-wear/innerwear,MEN,MEN,True,https://www.uniqlo.com/kr/ko/products/E456567-000/00,live_public_response
uniqlo,E465193,E465193-000,000,티셔츠 & 스웨트셔츠 & UT > 티셔츠 (반팔 & 긴팔) > 긴팔,https://www.uniqlo.com/kr/ko/men/airism,MEN,MEN,True,https://www.uniqlo.com/kr/ko/products/E465193-000/00,live_public_response
uniqlo,E465193,E465193-000,000,티셔츠 & 스웨트셔츠 & UT > 티셔츠 (반팔 & 긴팔) > 긴팔,https://www.uniqlo.com/kr/ko/men/airism/tops,MEN,MEN,True,https://www.uniqlo.com/kr/ko/products/E465193-000/00,live_public_response
uniqlo,E465193,E465193-000,000,티셔츠 & 스웨트셔츠 & UT > 티셔츠 (반팔 & 긴팔) > 긴팔,https://www.uniqlo.com/kr/ko/men/special-collaboration/uniqlo-u,MEN,MEN,True,https://www.uniqlo.com/kr/ko/products/E465193-000/00,live_public_response
uniqlo,E465193,E465193-000,000,티셔츠 & 스웨트셔츠 & UT > 티셔츠 (반팔 & 긴팔) > 긴팔,https://www.uniqlo.com/kr/ko/men/tops/t-shirts,MEN,MEN,True,https://www.uniqlo.com/kr/ko/products/E465193-000/00,live_public_response
uniqlo,E465193,E465193-000,000,티셔츠 & 스웨트셔츠 & UT > 티셔츠 (반팔 & 긴팔) > 긴팔,https://www.uniqlo.com/kr/ko/women/special-collaboration/uniqlo-u,WOMEN,MEN,True,https://www.uniqlo.com/kr/ko/products/E465193-000/00,live_public_response
uniqlo,E481963,E481963-000,000,이너웨어 > 언더웨어 > 복서브리프,https://www.uniqlo.com/kr/ko/kids/innerwear,KIDS,KIDS,True,https://www.uniqlo.com/kr/ko/products/E481963-000/00,live_public_response
uniqlo,E481963,E481963-000,000,이너웨어 > 언더웨어 > 복서브리프,https://www.uniqlo.com/kr/ko/kids/innerwear/underwear,KIDS,KIDS,True,https://www.uniqlo.com/kr/ko/products/E481963-000/00,live_public_response
uniqlo,E481790,E481790-000,000,영유아(6개월~5세) > 레깅스 & 팬츠 > 쇼트팬츠,https://www.uniqlo.com/kr/ko/baby/newborn,BABY,BABY,True,https://www.uniqlo.com/kr/ko/products/E481790-000/00,live_public_response
uniqlo,E481790,E481790-000,000,영유아(6개월~5세) > 레깅스 & 팬츠 > 쇼트팬츠,https://www.uniqlo.com/kr/ko/baby/newborn/pants-and-leggings,BABY,BABY,True,https://www.uniqlo.com/kr/ko/products/E481790-000/00,live_public_response
uniqlo,E481790,E481790-000,000,영유아(6개월~5세) > 레깅스 & 팬츠 > 쇼트팬츠,https://www.uniqlo.com/kr/ko/baby/toddler,BABY,BABY,True,https://www.uniqlo.com/kr/ko/products/E481790-000/00,live_public_response
uniqlo,E481790,E481790-000,000,영유아(6개월~5세) > 레깅스 & 팬츠 > 쇼트팬츠,https://www.uniqlo.com/kr/ko/baby/toddler/pants-and-leggings,BABY,BABY,True,https://www.uniqlo.com/kr/ko/products/E481790-000/00,live_public_response
uniqlo,E457267,E457267-000,000,이너웨어 > 양말 > 쇼트 삭스,https://www.uniqlo.com/kr/ko/men/innerwear/socks,MEN,MEN,True,https://www.uniqlo.com/kr/ko/products/E457267-000/00,live_public_response
uniqlo,E465484,E465484-000,000,니트 & 가디건 > 니트 > 가디건,https://www.uniqlo.com/kr/ko/women/sweaters-and-knitwear/cardigan,WOMEN,WOMEN,True,https://www.uniqlo.com/kr/ko/products/E465484-000/00,live_public_response
uniqlo,E465484,E465484-000,000,니트 & 가디건 > 니트 > 가디건,https://www.uniqlo.com/kr/ko/women/sweaters-and-knitwear/sweaters-and-knitwear,WOMEN,WOMEN,True,https://www.uniqlo.com/kr/ko/products/E465484-000/00,live_public_response
uniqlo,E481965,E481965-000,000,이너웨어 > 언더웨어 > 복서브리프,https://www.uniqlo.com/kr/ko/kids/innerwear,KIDS,KIDS,True,https://www.uniqlo.com/kr/ko/products/E481965-000/00,live_public_response
uniqlo,E481965,E481965-000,000,이너웨어 > 언더웨어 > 복서브리프,https://www.uniqlo.com/kr/ko/kids/innerwear/underwear,KIDS,KIDS,True,https://www.uniqlo.com/kr/ko/products/E481965-000/00,live_public_response
uniqlo,E481791,E481791-000,000,신생아(0개월~2세) > 레깅스 & 팬츠 > 쇼트팬츠,https://www.uniqlo.com/kr/ko/baby/newborn,BABY,BABY,True,https://www.uniqlo.com/kr/ko/products/E481791-000/00,live_public_response
uniqlo,E481791,E481791-000,000,신생아(0개월~2세) > 레깅스 & 팬츠 > 쇼트팬츠,https://www.uniqlo.com/kr/ko/baby/newborn/pants-and-leggings,BABY,BABY,True,https://www.uniqlo.com/kr/ko/products/E481791-000/00,live_public_response
uniqlo,E481791,E481791-000,000,신생아(0개월~2세) > 레깅스 & 팬츠 > 쇼트팬츠,https://www.uniqlo.com/kr/ko/baby/toddler,BABY,BABY,True,https://www.uniqlo.com/kr/ko/products/E481791-000/00,live_public_response
uniqlo,E481791,E481791-000,000,신생아(0개월~2세) > 레깅스 & 팬츠 > 쇼트팬츠,https://www.uniqlo.com/kr/ko/baby/toddler/pants-and-leggings,BABY,BABY,True,https://www.uniqlo.com/kr/ko/products/E481791-000/00,live_public_response
uniqlo,E457288,E457288-000,000,이너웨어 > 양말 > 레귤러 삭스,https://www.uniqlo.com/kr/ko/men/innerwear/socks,MEN,MEN,True,https://www.uniqlo.com/kr/ko/products/E457288-000/00,live_public_response
uniqlo,E465707,E465707-000,000,스포츠 유틸리티 웨어 > 이너웨어 > 브라탑,https://www.uniqlo.com/kr/ko/women/airism,WOMEN,WOMEN,True,https://www.uniqlo.com/kr/ko/products/E465707-000/00,live_public_response
uniqlo,E465707,E465707-000,000,스포츠 유틸리티 웨어 > 이너웨어 > 브라탑,https://www.uniqlo.com/kr/ko/women/airism/bra-tops,WOMEN,WOMEN,True,https://www.uniqlo.com/kr/ko/products/E465707-000/00,live_public_response
uniqlo,E465707,E465707-000,000,스포츠 유틸리티 웨어 > 이너웨어 > 브라탑,https://www.uniqlo.com/kr/ko/women/innerwear/airism,WOMEN,WOMEN,True,https://www.uniqlo.com/kr/ko/products/E465707-000/00,live_public_response
uniqlo,E465707,E465707-000,000,스포츠 유틸리티 웨어 > 이너웨어 > 브라탑,https://www.uniqlo.com/kr/ko/women/innerwear/bra-tops,WOMEN,WOMEN,True,https://www.uniqlo.com/kr/ko/products/E465707-000/00,live_public_response
uniqlo,E465707,E465707-000,000,스포츠 유틸리티 웨어 > 이너웨어 > 브라탑,https://www.uniqlo.com/kr/ko/women/sport-utility-wear,WOMEN,WOMEN,True,https://www.uniqlo.com/kr/ko/products/E465707-000/00,live_public_response
uniqlo,E465707,E465707-000,000,스포츠 유틸리티 웨어 > 이너웨어 > 브라탑,https://www.uniqlo.com/kr/ko/women/sport-utility-wear/innerwear,WOMEN,WOMEN,True,https://www.uniqlo.com/kr/ko/products/E465707-000/00,live_public_response
uniqlo,E465707,E465707-000,000,스포츠 유틸리티 웨어 > 이너웨어 > 브라탑,https://www.uniqlo.com/kr/ko/women/tops/bra-tops,WOMEN,WOMEN,True,https://www.uniqlo.com/kr/ko/products/E465707-000/00,live_public_response
uniqlo,E481972,E481972-000,000,이너웨어 > 양말 > 레귤러삭스,https://www.uniqlo.com/kr/ko/kids/innerwear,KIDS,KIDS,True,https://www.uniqlo.com/kr/ko/products/E481972-000/00,live_public_response
uniqlo,E481972,E481972-000,000,이너웨어 > 양말 > 레귤러삭스,https://www.uniqlo.com/kr/ko/kids/innerwear/socks,KIDS,KIDS,True,https://www.uniqlo.com/kr/ko/products/E481972-000/00,live_public_response
uniqlo,E481792,E481792-000,000,영유아(6개월~5세) > 티셔츠 & 스웨트셔츠 > 티셔츠(반팔),https://www.uniqlo.com/kr/ko/baby/newborn,BABY,BABY,True,https://www.uniqlo.com/kr/ko/products/E481792-000/00,live_public_response
uniqlo,E481792,E481792-000,000,영유아(6개월~5세) > 티셔츠 & 스웨트셔츠 > 티셔츠(반팔),https://www.uniqlo.com/kr/ko/baby/toddler,BABY,BABY,True,https://www.uniqlo.com/kr/ko/products/E481792-000/00,live_public_response
uniqlo,E481792,E481792-000,000,영유아(6개월~5세) > 티셔츠 & 스웨트셔츠 > 티셔츠(반팔),https://www.uniqlo.com/kr/ko/baby/toddler/tops,BABY,BABY,True,https://www.uniqlo.com/kr/ko/products/E481792-000/00,live_public_response
uniqlo,E457517,E457517-000,000,티셔츠 & 스웨트셔츠 & UT > 티셔츠 (반팔 & 긴팔) > 에어리즘 코튼,https://www.uniqlo.com/kr/ko/men/airism,MEN,MEN,True,https://www.uniqlo.com/kr/ko/products/E457517-000/00,live_public_response
uniqlo,E457517,E457517-000,000,티셔츠 & 스웨트셔츠 & UT > 티셔츠 (반팔 & 긴팔) > 에어리즘 코튼,https://www.uniqlo.com/kr/ko/men/airism/tops,MEN,MEN,True,https://www.uniqlo.com/kr/ko/products/E457517-000/00,live_public_response
uniqlo,E457517,E457517-000,000,티셔츠 & 스웨트셔츠 & UT > 티셔츠 (반팔 & 긴팔) > 에어리즘 코튼,https://www.uniqlo.com/kr/ko/men/sport-utility-wear,MEN,MEN,True,https://www.uniqlo.com/kr/ko/products/E457517-000/00,live_public_response
uniqlo,E457517,E457517-000,000,티셔츠 & 스웨트셔츠 & UT > 티셔츠 (반팔 & 긴팔) > 에어리즘 코튼,https://www.uniqlo.com/kr/ko/men/tops/t-shirts,MEN,MEN,True,https://www.uniqlo.com/kr/ko/products/E457517-000/00,live_public_response
uniqlo,E465734,E465734-000,000,니트 & 가디건 > 니트 > 크루넥 니트,https://www.uniqlo.com/kr/ko/women/sweaters-and-knitwear/sweaters-and-knitwear,WOMEN,WOMEN,True,https://www.uniqlo.com/kr/ko/products/E465734-000/00,live_public_response
uniqlo,E481973,E481973-000,000,이너웨어 > 양말 > 쇼트삭스,https://www.uniqlo.com/kr/ko/kids/innerwear,KIDS,KIDS,True,https://www.uniqlo.com/kr/ko/products/E481973-000/00,live_public_response
uniqlo,E481973,E481973-000,000,이너웨어 > 양말 > 쇼트삭스,https://www.uniqlo.com/kr/ko/kids/innerwear/socks,KIDS,KIDS,True,https://www.uniqlo.com/kr/ko/products/E481973-000/00,live_public_response
uniqlo,E481794,E481794-000,000,영유아(6개월~5세) > 티셔츠 & 스웨트셔츠 > 티셔츠(반팔),https://www.uniqlo.com/kr/ko/baby/newborn,BABY,BABY,True,https://www.uniqlo.com/kr/ko/products/E481794-000/00,live_public_response
uniqlo,E481794,E481794-000,000,영유아(6개월~5세) > 티셔츠 & 스웨트셔츠 > 티셔츠(반팔),https://www.uniqlo.com/kr/ko/baby/toddler,BABY,BABY,True,https://www.uniqlo.com/kr/ko/products/E481794-000/00,live_public_response
uniqlo,E481794,E481794-000,000,영유아(6개월~5세) > 티셔츠 & 스웨트셔츠 > 티셔츠(반팔),https://www.uniqlo.com/kr/ko/baby/toddler/tops,BABY,BABY,True,https://www.uniqlo.com/kr/ko/products/E481794-000/00,live_public_response
uniqlo,E460974,E460974-000,000,셔츠 > 정장셔츠 (와이셔츠) > 슈퍼 논 아이론,https://www.uniqlo.com/kr/ko/men/shirts-and-polo-shirts/dress-shirts,MEN,MEN,True,https://www.uniqlo.com/kr/ko/products/E460974-000/00,live_public_response
uniqlo,E465755,E465755-000,000,티셔츠 & UT > 티셔츠 (반팔 & 긴팔) > 반팔,https://www.uniqlo.com/kr/ko/women,WOMEN,WOMEN,True,https://www.uniqlo.com/kr/ko/products/E465755-000/00,live_public_response
uniqlo,E465755,E465755-000,000,티셔츠 & UT > 티셔츠 (반팔 & 긴팔) > 반팔,https://www.uniqlo.com/kr/ko/women/airism,WOMEN,WOMEN,True,https://www.uniqlo.com/kr/ko/products/E465755-000/00,live_public_response
uniqlo,E465755,E465755-000,000,티셔츠 & UT > 티셔츠 (반팔 & 긴팔) > 반팔,https://www.uniqlo.com/kr/ko/women/airism/tops,WOMEN,WOMEN,True,https://www.uniqlo.com/kr/ko/products/E465755-000/00,live_public_response
uniqlo,E465755,E465755-000,000,티셔츠 & UT > 티셔츠 (반팔 & 긴팔) > 반팔,https://www.uniqlo.com/kr/ko/women/sport-utility-wear,WOMEN,WOMEN,True,https://www.uniqlo.com/kr/ko/products/E465755-000/00,live_public_response
uniqlo,E465755,E465755-000,000,티셔츠 & UT > 티셔츠 (반팔 & 긴팔) > 반팔,https://www.uniqlo.com/kr/ko/women/sport-utility-wear/tops,WOMEN,WOMEN,True,https://www.uniqlo.com/kr/ko/products/E465755-000/00,live_public_response
uniqlo,E465755,E465755-000,000,티셔츠 & UT > 티셔츠 (반팔 & 긴팔) > 반팔,https://www.uniqlo.com/kr/ko/women/tops,WOMEN,WOMEN,True,https://www.uniqlo.com/kr/ko/products/E465755-000/00,live_public_response
uniqlo,E481977,E481977-000,000,이너웨어 > 양말 > 레귤러삭스,https://www.uniqlo.com/kr/ko/kids/innerwear,KIDS,KIDS,True,https://www.uniqlo.com/kr/ko/products/E481977-000/00,live_public_response
uniqlo,E481796,E481796-000,000,영유아(6개월~5세) > 티셔츠 & 스웨트셔츠 > 티셔츠(반팔),https://www.uniqlo.com/kr/ko/baby/newborn,BABY,BABY,True,https://www.uniqlo.com/kr/ko/products/E481796-000/00,live_public_response
uniqlo,E481796,E481796-000,000,영유아(6개월~5세) > 티셔츠 & 스웨트셔츠 > 티셔츠(반팔),https://www.uniqlo.com/kr/ko/baby/toddler,BABY,BABY,True,https://www.uniqlo.com/kr/ko/products/E481796-000/00,live_public_response
uniqlo,E481796,E481796-000,000,영유아(6개월~5세) > 티셔츠 & 스웨트셔츠 > 티셔츠(반팔),https://www.uniqlo.com/kr/ko/baby/toddler/tops,BABY,BABY,True,https://www.uniqlo.com/kr/ko/products/E481796-000/00,live_public_response
uniqlo,E461001,E461001-000,000,이너웨어 > 히트텍 > 반팔,https://www.uniqlo.com/kr/ko/men/innerwear/heattech,MEN,MEN,True,https://www.uniqlo.com/kr/ko/products/E461001-000/00,live_public_response
uniqlo,E465760,E465760-000,000,티셔츠 & UT > 티셔츠 (반팔 & 긴팔) > 반팔,https://www.uniqlo.com/kr/ko/women/tops,WOMEN,WOMEN,True,https://www.uniqlo.com/kr/ko/products/E465760-000/00,live_public_response
uniqlo,E481978,E481978-000,000,이너웨어 > 양말 > 쇼트삭스,https://www.uniqlo.com/kr/ko/kids/innerwear,KIDS,KIDS,True,https://www.uniqlo.com/kr/ko/products/E481978-000/00,live_public_response
uniqlo,E481978,E481978-000,000,이너웨어 > 양말 > 쇼트삭스,https://www.uniqlo.com/kr/ko/kids/innerwear/socks,KIDS,KIDS,True,https://www.uniqlo.com/kr/ko/products/E481978-000/00,live_public_response
uniqlo,E481797,E481797-000,000,영유아(6개월~5세) > 티셔츠 & 스웨트셔츠 > 티셔츠(반팔),https://www.uniqlo.com/kr/ko/baby/newborn,BABY,BABY,True,https://www.uniqlo.com/kr/ko/products/E481797-000/00,live_public_response
uniqlo,E481797,E481797-000,000,영유아(6개월~5세) > 티셔츠 & 스웨트셔츠 > 티셔츠(반팔),https://www.uniqlo.com/kr/ko/baby/toddler,BABY,BABY,True,https://www.uniqlo.com/kr/ko/products/E481797-000/00,live_public_response
uniqlo,E481797,E481797-000,000,영유아(6개월~5세) > 티셔츠 & 스웨트셔츠 > 티셔츠(반팔),https://www.uniqlo.com/kr/ko/baby/toddler/tops,BABY,BABY,True,https://www.uniqlo.com/kr/ko/products/E481797-000/00,live_public_response
uniqlo,E468495,E468495-000,000,티셔츠 & UT > PEACE FOR ALL > 그래픽 티셔츠,https://www.uniqlo.com/kr/ko/men/tops/peace-for-all,MEN,WOMEN,True,https://www.uniqlo.com/kr/ko/products/E468495-000/00,live_public_response
uniqlo,E468495,E468495-000,000,티셔츠 & UT > PEACE FOR ALL > 그래픽 티셔츠,https://www.uniqlo.com/kr/ko/women/tops/peace-for-all,WOMEN,WOMEN,True,https://www.uniqlo.com/kr/ko/products/E468495-000/00,live_public_response
uniqlo,E481994,E481994-000,000,이너웨어 > 에어리즘 > 캐미솔,https://www.uniqlo.com/kr/ko/kids/airism,KIDS,KIDS,True,https://www.uniqlo.com/kr/ko/products/E481994-000/00,live_public_response
uniqlo,E481994,E481994-000,000,이너웨어 > 에어리즘 > 캐미솔,https://www.uniqlo.com/kr/ko/kids/airism/innerwear-tops,KIDS,KIDS,True,https://www.uniqlo.com/kr/ko/products/E481994-000/00,live_public_response
uniqlo,E481994,E481994-000,000,이너웨어 > 에어리즘 > 캐미솔,https://www.uniqlo.com/kr/ko/kids/airism?lineup=82094-1,KIDS,KIDS,True,https://www.uniqlo.com/kr/ko/products/E481994-000/00,live_public_response
uniqlo,E481994,E481994-000,000,이너웨어 > 에어리즘 > 캐미솔,https://www.uniqlo.com/kr/ko/kids/innerwear,KIDS,KIDS,True,https://www.uniqlo.com/kr/ko/products/E481994-000/00,live_public_response
uniqlo,E481994,E481994-000,000,이너웨어 > 에어리즘 > 캐미솔,https://www.uniqlo.com/kr/ko/kids/innerwear/airism,KIDS,KIDS,True,https://www.uniqlo.com/kr/ko/products/E481994-000/00,live_public_response
uniqlo,E481800,E481800-000,000,영유아(6개월~5세) > 이너웨어 > 코튼메쉬,https://www.uniqlo.com/kr/ko/baby/newborn,BABY,BABY,True,https://www.uniqlo.com/kr/ko/products/E481800-000/00,live_public_response
uniqlo,E481800,E481800-000,000,영유아(6개월~5세) > 이너웨어 > 코튼메쉬,https://www.uniqlo.com/kr/ko/baby/newborn/innerwear,BABY,BABY,True,https://www.uniqlo.com/kr/ko/products/E481800-000/00,live_public_response
uniqlo,E481800,E481800-000,000,영유아(6개월~5세) > 이너웨어 > 코튼메쉬,https://www.uniqlo.com/kr/ko/baby/toddler,BABY,BABY,True,https://www.uniqlo.com/kr/ko/products/E481800-000/00,live_public_response
uniqlo,E481800,E481800-000,000,영유아(6개월~5세) > 이너웨어 > 코튼메쉬,https://www.uniqlo.com/kr/ko/baby/toddler/innerwear,BABY,BABY,True,https://www.uniqlo.com/kr/ko/products/E481800-000/00,live_public_response
uniqlo,E468496,E468496-000,000,티셔츠 & UT > PEACE FOR ALL > 그래픽 티셔츠,https://www.uniqlo.com/kr/ko/men/tops/peace-for-all,MEN,WOMEN,True,https://www.uniqlo.com/kr/ko/products/E468496-000/00,live_public_response
uniqlo,E468496,E468496-000,000,티셔츠 & UT > PEACE FOR ALL > 그래픽 티셔츠,https://www.uniqlo.com/kr/ko/women/tops/peace-for-all,WOMEN,WOMEN,True,https://www.uniqlo.com/kr/ko/products/E468496-000/00,live_public_response
uniqlo,E482006,E482006-000,000,에어리즘 > 주니어브라 & 브라탑 > 브라탑,https://www.uniqlo.com/kr/ko/kids/airism,KIDS,KIDS,True,https://www.uniqlo.com/kr/ko/products/E482006-000/00,live_public_response
uniqlo,E482006,E482006-000,000,에어리즘 > 주니어브라 & 브라탑 > 브라탑,https://www.uniqlo.com/kr/ko/kids/airism/bras-and-bra-tops,KIDS,KIDS,True,https://www.uniqlo.com/kr/ko/products/E482006-000/00,live_public_response
uniqlo,E482006,E482006-000,000,에어리즘 > 주니어브라 & 브라탑 > 브라탑,https://www.uniqlo.com/kr/ko/kids/airism?lineup=82094-1,KIDS,KIDS,True,https://www.uniqlo.com/kr/ko/products/E482006-000/00,live_public_response
uniqlo,E482006,E482006-000,000,에어리즘 > 주니어브라 & 브라탑 > 브라탑,https://www.uniqlo.com/kr/ko/kids/innerwear,KIDS,KIDS,True,https://www.uniqlo.com/kr/ko/products/E482006-000/00,live_public_response
uniqlo,E482006,E482006-000,000,에어리즘 > 주니어브라 & 브라탑 > 브라탑,https://www.uniqlo.com/kr/ko/kids/innerwear/airism,KIDS,KIDS,True,https://www.uniqlo.com/kr/ko/products/E482006-000/00,live_public_response
uniqlo,E482006,E482006-000,000,에어리즘 > 주니어브라 & 브라탑 > 브라탑,https://www.uniqlo.com/kr/ko/kids/innerwear/bras-and-bra-tops,KIDS,KIDS,True,https://www.uniqlo.com/kr/ko/products/E482006-000/00,live_public_response
uniqlo,E482006,E482006-000,000,에어리즘 > 주니어브라 & 브라탑 > 브라탑,https://www.uniqlo.com/kr/ko/kids/sport-utility-wear,KIDS,KIDS,True,https://www.uniqlo.com/kr/ko/products/E482006-000/00,live_public_response
uniqlo,E482006,E482006-000,000,에어리즘 > 주니어브라 & 브라탑 > 브라탑,https://www.uniqlo.com/kr/ko/kids/sport-utility-wear/innerwear,KIDS,KIDS,True,https://www.uniqlo.com/kr/ko/products/E482006-000/00,live_public_response
uniqlo,E481801,E481801-000,000,영유아(6개월~5세) > 이너웨어 > 코튼메쉬,https://www.uniqlo.com/kr/ko/baby/newborn,BABY,BABY,True,https://www.uniqlo.com/kr/ko/products/E481801-000/00,live_public_response
uniqlo,E481801,E481801-000,000,영유아(6개월~5세) > 이너웨어 > 코튼메쉬,https://www.uniqlo.com/kr/ko/baby/newborn/innerwear,BABY,BABY,True,https://www.uniqlo.com/kr/ko/products/E481801-000/00,live_public_response
uniqlo,E481801,E481801-000,000,영유아(6개월~5세) > 이너웨어 > 코튼메쉬,https://www.uniqlo.com/kr/ko/baby/toddler,BABY,BABY,True,https://www.uniqlo.com/kr/ko/products/E481801-000/00,live_public_response
uniqlo,E481801,E481801-000,000,영유아(6개월~5세) > 이너웨어 > 코튼메쉬,https://www.uniqlo.com/kr/ko/baby/toddler/innerwear,BABY,BABY,True,https://www.uniqlo.com/kr/ko/products/E481801-000/00,live_public_response
uniqlo,E469409,E469409-000,000,니트 & 가디건 > 니트 > 반팔 니트,https://www.uniqlo.com/kr/ko/women/sweaters-and-knitwear/sweaters-and-knitwear,WOMEN,WOMEN,True,https://www.uniqlo.com/kr/ko/products/E469409-000/00,live_public_response
uniqlo,E482008,E482008-000,000,이너웨어 > 언더웨어 > 쇼츠,https://www.uniqlo.com/kr/ko/kids/innerwear,KIDS,KIDS,True,https://www.uniqlo.com/kr/ko/products/E482008-000/00,live_public_response
uniqlo,E482008,E482008-000,000,이너웨어 > 언더웨어 > 쇼츠,https://www.uniqlo.com/kr/ko/kids/innerwear/underwear,KIDS,KIDS,True,https://www.uniqlo.com/kr/ko/products/E482008-000/00,live_public_response
uniqlo,E481808,E481808-000,000,영유아(6개월~5세) > 그래픽티셔츠 > The Picture Book Collection,https://www.uniqlo.com/kr/ko/baby/newborn,BABY,BABY,True,https://www.uniqlo.com/kr/ko/products/E481808-000/00,live_public_response
uniqlo,E481808,E481808-000,000,영유아(6개월~5세) > 그래픽티셔츠 > The Picture Book Collection,https://www.uniqlo.com/kr/ko/baby/newborn/ut-graphic-tees,BABY,BABY,True,https://www.uniqlo.com/kr/ko/products/E481808-000/00,live_public_response
uniqlo,E481808,E481808-000,000,영유아(6개월~5세) > 그래픽티셔츠 > The Picture Book Collection,https://www.uniqlo.com/kr/ko/baby/toddler,BABY,BABY,True,https://www.uniqlo.com/kr/ko/products/E481808-000/00,live_public_response
uniqlo,E481808,E481808-000,000,영유아(6개월~5세) > 그래픽티셔츠 > The Picture Book Collection,https://www.uniqlo.com/kr/ko/baby/toddler/homewear,BABY,BABY,True,https://www.uniqlo.com/kr/ko/products/E481808-000/00,live_public_response
uniqlo,E481808,E481808-000,000,영유아(6개월~5세) > 그래픽티셔츠 > The Picture Book Collection,https://www.uniqlo.com/kr/ko/baby/toddler/ut-graphic-tees,BABY,BABY,True,https://www.uniqlo.com/kr/ko/products/E481808-000/00,live_public_response
uniqlo,E469410,E469410-000,000,니트 & 가디건 > 니트 > 메리노 니트,https://www.uniqlo.com/kr/ko/women/sweaters-and-knitwear/sweaters-and-knitwear,WOMEN,WOMEN,True,https://www.uniqlo.com/kr/ko/products/E469410-000/00,live_public_response
uniqlo,E482009,E482009-000,000,이너웨어 > 언더웨어 > 쇼츠,https://www.uniqlo.com/kr/ko/kids/innerwear,KIDS,KIDS,True,https://www.uniqlo.com/kr/ko/products/E482009-000/00,live_public_response
uniqlo,E482009,E482009-000,000,이너웨어 > 언더웨어 > 쇼츠,https://www.uniqlo.com/kr/ko/kids/innerwear/underwear,KIDS,KIDS,True,https://www.uniqlo.com/kr/ko/products/E482009-000/00,live_public_response
uniqlo,E481809,E481809-000,000,영유아(6개월~5세) > 그래픽티셔츠 > The Picture Book Collection,https://www.uniqlo.com/kr/ko/baby/toddler,BABY,BABY,True,https://www.uniqlo.com/kr/ko/products/E481809-000/00,live_public_response
uniqlo,E481809,E481809-000,000,영유아(6개월~5세) > 그래픽티셔츠 > The Picture Book Collection,https://www.uniqlo.com/kr/ko/baby/toddler/homewear,BABY,BABY,True,https://www.uniqlo.com/kr/ko/products/E481809-000/00,live_public_response
uniqlo,E481809,E481809-000,000,영유아(6개월~5세) > 그래픽티셔츠 > The Picture Book Collection,https://www.uniqlo.com/kr/ko/baby/toddler/ut-graphic-tees,BABY,BABY,True,https://www.uniqlo.com/kr/ko/products/E481809-000/00,live_public_response
uniqlo,E469411,E469411-000,000,니트 & 가디건 > 가디건 > 메리노,https://www.uniqlo.com/kr/ko/women/sweaters-and-knitwear/cardigan,WOMEN,WOMEN,True,https://www.uniqlo.com/kr/ko/products/E469411-000/00,live_public_response
uniqlo,E469411,E469411-000,000,니트 & 가디건 > 가디건 > 메리노,https://www.uniqlo.com/kr/ko/women/sweaters-and-knitwear/sweaters-and-knitwear,WOMEN,WOMEN,True,https://www.uniqlo.com/kr/ko/products/E469411-000/00,live_public_response
uniqlo,E482015,E482015-000,000,이너웨어 > 언더웨어 > 쇼츠,https://www.uniqlo.com/kr/ko/kids/airism,KIDS,KIDS,True,https://www.uniqlo.com/kr/ko/products/E482015-000/00,live_public_response
uniqlo,E482015,E482015-000,000,이너웨어 > 언더웨어 > 쇼츠,https://www.uniqlo.com/kr/ko/kids/airism?lineup=82094-1,KIDS,KIDS,True,https://www.uniqlo.com/kr/ko/products/E482015-000/00,live_public_response
uniqlo,E482015,E482015-000,000,이너웨어 > 언더웨어 > 쇼츠,https://www.uniqlo.com/kr/ko/kids/innerwear,KIDS,KIDS,True,https://www.uniqlo.com/kr/ko/products/E482015-000/00,live_public_response
uniqlo,E482015,E482015-000,000,이너웨어 > 언더웨어 > 쇼츠,https://www.uniqlo.com/kr/ko/kids/innerwear/airism,KIDS,KIDS,True,https://www.uniqlo.com/kr/ko/products/E482015-000/00,live_public_response
uniqlo,E482015,E482015-000,000,이너웨어 > 언더웨어 > 쇼츠,https://www.uniqlo.com/kr/ko/kids/innerwear/underwear,KIDS,KIDS,True,https://www.uniqlo.com/kr/ko/products/E482015-000/00,live_public_response
uniqlo,E481862,E481862-000,000,신생아(0개월~2세) > 바디수트 > 긴팔,https://www.uniqlo.com/kr/ko/baby/newborn,BABY,BABY,True,https://www.uniqlo.com/kr/ko/products/E481862-000/00,live_public_response
uniqlo,E481862,E481862-000,000,신생아(0개월~2세) > 바디수트 > 긴팔,https://www.uniqlo.com/kr/ko/baby/newborn/bodysuits,BABY,BABY,True,https://www.uniqlo.com/kr/ko/products/E481862-000/00,live_public_response
uniqlo,E469740,E469740-000,000,이너웨어 > 히트텍 > 8부,https://www.uniqlo.com/kr/ko/women/innerwear/heattech,WOMEN,WOMEN,True,https://www.uniqlo.com/kr/ko/products/E469740-000/00,live_public_response
uniqlo,E483327,E483327-000,000,청바지 & 팬츠 > 반바지 > 반바지,https://www.uniqlo.com/kr/ko/kids,KIDS,KIDS,True,https://www.uniqlo.com/kr/ko/products/E483327-000/00,live_public_response
uniqlo,E483327,E483327-000,000,청바지 & 팬츠 > 반바지 > 반바지,https://www.uniqlo.com/kr/ko/kids/pants-and-skirts/short-pants,KIDS,KIDS,True,https://www.uniqlo.com/kr/ko/products/E483327-000/00,live_public_response
uniqlo,E483327,E483327-000,000,청바지 & 팬츠 > 반바지 > 반바지,https://www.uniqlo.com/kr/ko/kids/pants-and-skirts/short-pants?path=%2C%2C58084%2C&lineup=58607-1,KIDS,KIDS,True,https://www.uniqlo.com/kr/ko/products/E483327-000/00,live_public_response
uniqlo,E481881,E481881-000,000,영유아(6개월~5세) > 레깅스 & 팬츠 > 레깅스,https://www.uniqlo.com/kr/ko/baby/newborn,BABY,BABY,True,https://www.uniqlo.com/kr/ko/products/E481881-000/00,live_public_response
uniqlo,E481881,E481881-000,000,영유아(6개월~5세) > 레깅스 & 팬츠 > 레깅스,https://www.uniqlo.com/kr/ko/baby/newborn/pants-and-leggings,BABY,BABY,True,https://www.uniqlo.com/kr/ko/products/E481881-000/00,live_public_response
uniqlo,E481881,E481881-000,000,영유아(6개월~5세) > 레깅스 & 팬츠 > 레깅스,https://www.uniqlo.com/kr/ko/baby/toddler,BABY,BABY,True,https://www.uniqlo.com/kr/ko/products/E481881-000/00,live_public_response
uniqlo,E481881,E481881-000,000,영유아(6개월~5세) > 레깅스 & 팬츠 > 레깅스,https://www.uniqlo.com/kr/ko/baby/toddler/pants-and-leggings,BABY,BABY,True,https://www.uniqlo.com/kr/ko/products/E481881-000/00,live_public_response
uniqlo,E469742,E469742-000,000,이너웨어 > 히트텍 > 크루넥,https://www.uniqlo.com/kr/ko/women/innerwear/heattech,WOMEN,WOMEN,True,https://www.uniqlo.com/kr/ko/products/E469742-000/00,live_public_response
uniqlo,E483329,E483329-000,000,청바지 & 팬츠 > 반바지 > 스커트 팬츠,https://www.uniqlo.com/kr/ko/kids/dresses,KIDS,KIDS,True,https://www.uniqlo.com/kr/ko/products/E483329-000/00,live_public_response
uniqlo,E483329,E483329-000,000,청바지 & 팬츠 > 반바지 > 스커트 팬츠,https://www.uniqlo.com/kr/ko/kids/dresses/skirt,KIDS,KIDS,True,https://www.uniqlo.com/kr/ko/products/E483329-000/00,live_public_response
uniqlo,E483329,E483329-000,000,청바지 & 팬츠 > 반바지 > 스커트 팬츠,https://www.uniqlo.com/kr/ko/kids/pants-and-skirts/short-pants,KIDS,KIDS,True,https://www.uniqlo.com/kr/ko/products/E483329-000/00,live_public_response
uniqlo,E483329,E483329-000,000,청바지 & 팬츠 > 반바지 > 스커트 팬츠,https://www.uniqlo.com/kr/ko/kids/pants-and-skirts/short-pants?path=%2C%2C58084%2C&lineup=58607-1,KIDS,KIDS,True,https://www.uniqlo.com/kr/ko/products/E483329-000/00,live_public_response
uniqlo,E481898,E481898-000,000,영유아(6개월~5세) > 양말 > 레귤러삭스,https://www.uniqlo.com/kr/ko/baby/newborn,BABY,BABY,True,https://www.uniqlo.com/kr/ko/products/E481898-000/00,live_public_response
uniqlo,E481898,E481898-000,000,영유아(6개월~5세) > 양말 > 레귤러삭스,https://www.uniqlo.com/kr/ko/baby/newborn/socks,BABY,BABY,True,https://www.uniqlo.com/kr/ko/products/E481898-000/00,live_public_response
uniqlo,E481898,E481898-000,000,영유아(6개월~5세) > 양말 > 레귤러삭스,https://www.uniqlo.com/kr/ko/baby/toddler,BABY,BABY,True,https://www.uniqlo.com/kr/ko/products/E481898-000/00,live_public_response
uniqlo,E469765,E469765-000,000,이너웨어 > 히트텍 > 히트텍 캐시미어 블렌드,https://www.uniqlo.com/kr/ko/women/innerwear/heattech,WOMEN,WOMEN,True,https://www.uniqlo.com/kr/ko/products/E469765-000/00,live_public_response
uniqlo,E469765,E469765-000,000,이너웨어 > 히트텍 > 히트텍 캐시미어 블렌드,https://www.uniqlo.com/kr/ko/women/special-collaboration,WOMEN,WOMEN,True,https://www.uniqlo.com/kr/ko/products/E469765-000/00,live_public_response
uniqlo,E469765,E469765-000,000,이너웨어 > 히트텍 > 히트텍 캐시미어 블렌드,https://www.uniqlo.com/kr/ko/women/special-collaboration/uniqlo-c,WOMEN,WOMEN,True,https://www.uniqlo.com/kr/ko/products/E469765-000/00,live_public_response
uniqlo,E483339,E483339-000,000,원피스 & 스커트 > 원피스 > 슬리브리스,https://www.uniqlo.com/kr/ko/kids/dresses,KIDS,KIDS,True,https://www.uniqlo.com/kr/ko/products/E483339-000/00,live_public_response
uniqlo,E483339,E483339-000,000,원피스 & 스커트 > 원피스 > 슬리브리스,https://www.uniqlo.com/kr/ko/kids/dresses/dresses,KIDS,KIDS,True,https://www.uniqlo.com/kr/ko/products/E483339-000/00,live_public_response
uniqlo,E482045,E482045-000,000,영유아(6개월~5세) > 아우터 > UV Protection,https://www.uniqlo.com/kr/ko/baby/newborn,BABY,BABY,True,https://www.uniqlo.com/kr/ko/products/E482045-000/00,live_public_response
uniqlo,E482045,E482045-000,000,영유아(6개월~5세) > 아우터 > UV Protection,https://www.uniqlo.com/kr/ko/baby/newborn/outerwear,BABY,BABY,True,https://www.uniqlo.com/kr/ko/products/E482045-000/00,live_public_response
uniqlo,E482045,E482045-000,000,영유아(6개월~5세) > 아우터 > UV Protection,https://www.uniqlo.com/kr/ko/baby/toddler,BABY,BABY,True,https://www.uniqlo.com/kr/ko/products/E482045-000/00,live_public_response
uniqlo,E482045,E482045-000,000,영유아(6개월~5세) > 아우터 > UV Protection,https://www.uniqlo.com/kr/ko/baby/toddler/outerwear,BABY,BABY,True,https://www.uniqlo.com/kr/ko/products/E482045-000/00,live_public_response
uniqlo,E469836,E469836-000,000,이너웨어 > 레깅스 & 타이즈 > 레깅스,https://www.uniqlo.com/kr/ko/women/innerwear/heattech,WOMEN,WOMEN,True,https://www.uniqlo.com/kr/ko/products/E469836-000/00,live_public_response
uniqlo,E483340,E483340-000,000,원피스 & 스커트 > 원피스 > 슬리브리스,https://www.uniqlo.com/kr/ko/kids/dresses,KIDS,KIDS,True,https://www.uniqlo.com/kr/ko/products/E483340-000/00,live_public_response
uniqlo,E483340,E483340-000,000,원피스 & 스커트 > 원피스 > 슬리브리스,https://www.uniqlo.com/kr/ko/kids/dresses/dresses,KIDS,KIDS,True,https://www.uniqlo.com/kr/ko/products/E483340-000/00,live_public_response
uniqlo,E483021,E483021-000,000,신생아(0개월~2세) > 커버올 > 반팔,https://www.uniqlo.com/kr/ko/baby/newborn,BABY,BABY,True,https://www.uniqlo.com/kr/ko/products/E483021-000/00,live_public_response
uniqlo,E483021,E483021-000,000,신생아(0개월~2세) > 커버올 > 반팔,https://www.uniqlo.com/kr/ko/baby/newborn/one-pieces,BABY,BABY,True,https://www.uniqlo.com/kr/ko/products/E483021-000/00,live_public_response
uniqlo,E469863,E469863-000,000,아우터 > 경량 패딩 (PUFFTECH) > 퍼프테크,https://www.uniqlo.com/kr/ko/women/outerwear,WOMEN,WOMEN,True,https://www.uniqlo.com/kr/ko/products/E469863-000/00,live_public_response
uniqlo,E469863,E469863-000,000,아우터 > 경량 패딩 (PUFFTECH) > 퍼프테크,https://www.uniqlo.com/kr/ko/women/outerwear/pufftech-and-ultra-light-down,WOMEN,WOMEN,True,https://www.uniqlo.com/kr/ko/products/E469863-000/00,live_public_response
uniqlo,E483348,E483348-000,000,티셔츠 & UT > 티셔츠 (반팔 & 긴팔) > 걸즈,https://www.uniqlo.com/kr/ko/kids/tops/t-shirts,KIDS,KIDS,True,https://www.uniqlo.com/kr/ko/products/E483348-000/00,live_public_response
uniqlo,E483021,E483021-001,001,신생아(0개월~2세) > 커버올 > 반팔,https://www.uniqlo.com/kr/ko/baby/newborn,BABY,BABY,True,https://www.uniqlo.com/kr/ko/products/E483021-001/00,live_public_response
uniqlo,E483021,E483021-001,001,신생아(0개월~2세) > 커버올 > 반팔,https://www.uniqlo.com/kr/ko/baby/newborn/one-pieces,BABY,BABY,True,https://www.uniqlo.com/kr/ko/products/E483021-001/00,live_public_response
uniqlo,E469871,E469871-000,000,아우터 > 경량 패딩 (PUFFTECH) > 퍼프테크,https://www.uniqlo.com/kr/ko/women/outerwear,WOMEN,WOMEN,True,https://www.uniqlo.com/kr/ko/products/E469871-000/00,live_public_response
uniqlo,E469871,E469871-000,000,아우터 > 경량 패딩 (PUFFTECH) > 퍼프테크,https://www.uniqlo.com/kr/ko/women/outerwear/pufftech-and-ultra-light-down,WOMEN,WOMEN,True,https://www.uniqlo.com/kr/ko/products/E469871-000/00,live_public_response
uniqlo,E483349,E483349-000,000,티셔츠 & UT > 티셔츠 (반팔 & 긴팔) > 그래픽 티셔츠,https://www.uniqlo.com/kr/ko/kids/tops/t-shirts,KIDS,KIDS,True,https://www.uniqlo.com/kr/ko/products/E483349-000/00,live_public_response
uniqlo,E483349,E483349-000,000,티셔츠 & UT > 티셔츠 (반팔 & 긴팔) > 그래픽 티셔츠,https://www.uniqlo.com/kr/ko/kids/tops/ut-graphic-tees,KIDS,KIDS,True,https://www.uniqlo.com/kr/ko/products/E483349-000/00,live_public_response
uniqlo,E483022,E483022-000,000,신생아(0개월~2세) > 커버올 > 슬리브리스,https://www.uniqlo.com/kr/ko/baby/newborn,BABY,BABY,True,https://www.uniqlo.com/kr/ko/products/E483022-000/00,live_public_response
uniqlo,E483022,E483022-000,000,신생아(0개월~2세) > 커버올 > 슬리브리스,https://www.uniqlo.com/kr/ko/baby/newborn/one-pieces,BABY,BABY,True,https://www.uniqlo.com/kr/ko/products/E483022-000/00,live_public_response
uniqlo,E469956,E469956-000,000,아우터 > 파카 & 블루종 > 후리스,https://www.uniqlo.com/kr/ko/men/outerwear,MEN,MEN,False,https://www.uniqlo.com/kr/ko/products/E469956-000/00,live_public_response
uniqlo,E469956,E469956-000,000,아우터 > 파카 & 블루종 > 후리스,https://www.uniqlo.com/kr/ko/men/outerwear/parkas-and-blousons,MEN,MEN,False,https://www.uniqlo.com/kr/ko/products/E469956-000/00,live_public_response
uniqlo,E469956,E469956-000,000,아우터 > 파카 & 블루종 > 후리스,https://www.uniqlo.com/kr/ko/women/outerwear,WOMEN,MEN,False,https://www.uniqlo.com/kr/ko/products/E469956-000/00,live_public_response
uniqlo,E483350,E483350-000,000,티셔츠 & UT > 티셔츠 (반팔 & 긴팔) > 그래픽 티셔츠,https://www.uniqlo.com/kr/ko/kids/tops/t-shirts,KIDS,KIDS,True,https://www.uniqlo.com/kr/ko/products/E483350-000/00,live_public_response
uniqlo,E483350,E483350-000,000,티셔츠 & UT > 티셔츠 (반팔 & 긴팔) > 그래픽 티셔츠,https://www.uniqlo.com/kr/ko/kids/tops/ut-graphic-tees,KIDS,KIDS,True,https://www.uniqlo.com/kr/ko/products/E483350-000/00,live_public_response
uniqlo,E483126,E483126-000,000,영유아(6개월~5세) > 티셔츠 & 스웨트셔츠 > 티셔츠(반팔),https://www.uniqlo.com/kr/ko/baby/newborn,BABY,BABY,True,https://www.uniqlo.com/kr/ko/products/E483126-000/00,live_public_response
uniqlo,E483126,E483126-000,000,영유아(6개월~5세) > 티셔츠 & 스웨트셔츠 > 티셔츠(반팔),https://www.uniqlo.com/kr/ko/baby/newborn/ut-graphic-tees,BABY,BABY,True,https://www.uniqlo.com/kr/ko/products/E483126-000/00,live_public_response
uniqlo,E483126,E483126-000,000,영유아(6개월~5세) > 티셔츠 & 스웨트셔츠 > 티셔츠(반팔),https://www.uniqlo.com/kr/ko/baby/toddler,BABY,BABY,True,https://www.uniqlo.com/kr/ko/products/E483126-000/00,live_public_response
uniqlo,E483126,E483126-000,000,영유아(6개월~5세) > 티셔츠 & 스웨트셔츠 > 티셔츠(반팔),https://www.uniqlo.com/kr/ko/baby/toddler/tops,BABY,BABY,True,https://www.uniqlo.com/kr/ko/products/E483126-000/00,live_public_response
uniqlo,E483126,E483126-000,000,영유아(6개월~5세) > 티셔츠 & 스웨트셔츠 > 티셔츠(반팔),https://www.uniqlo.com/kr/ko/baby/toddler/ut-graphic-tees,BABY,BABY,True,https://www.uniqlo.com/kr/ko/products/E483126-000/00,live_public_response
uniqlo,E470182,E470182-000,000,셔츠 > 캐주얼셔츠 > 플란넬,https://www.uniqlo.com/kr/ko/women/shirts-and-blouses/shirts-and-blouses,WOMEN,MEN,False,https://www.uniqlo.com/kr/ko/products/E470182-000/00,live_public_response
uniqlo,E483351,E483351-000,000,티셔츠 & UT > 티셔츠 (반팔 & 긴팔) > 그래픽 티셔츠,https://www.uniqlo.com/kr/ko/kids/tops/t-shirts,KIDS,KIDS,True,https://www.uniqlo.com/kr/ko/products/E483351-000/00,live_public_response
uniqlo,E483351,E483351-000,000,티셔츠 & UT > 티셔츠 (반팔 & 긴팔) > 그래픽 티셔츠,https://www.uniqlo.com/kr/ko/kids/tops/ut-graphic-tees,KIDS,KIDS,True,https://www.uniqlo.com/kr/ko/products/E483351-000/00,live_public_response
uniqlo,E470187,E470187-000,000,셔츠 > 캐주얼셔츠 > 플란넬,https://www.uniqlo.com/kr/ko/women/shirts-and-blouses/shirts-and-blouses,WOMEN,MEN,False,https://www.uniqlo.com/kr/ko/products/E470187-000/00,live_public_response
uniqlo,E483352,E483352-000,000,티셔츠 & UT > 티셔츠 (반팔 & 긴팔) > 그래픽 티셔츠,https://www.uniqlo.com/kr/ko/kids/tops/t-shirts,KIDS,KIDS,True,https://www.uniqlo.com/kr/ko/products/E483352-000/00,live_public_response
uniqlo,E483352,E483352-000,000,티셔츠 & UT > 티셔츠 (반팔 & 긴팔) > 그래픽 티셔츠,https://www.uniqlo.com/kr/ko/kids/tops/ut-graphic-tees,KIDS,KIDS,True,https://www.uniqlo.com/kr/ko/products/E483352-000/00,live_public_response
uniqlo,E483127,E483127-000,000,영유아(6개월~5세) > 티셔츠 & 스웨트셔츠 > 티셔츠(반팔),https://www.uniqlo.com/kr/ko/baby/newborn,BABY,BABY,True,https://www.uniqlo.com/kr/ko/products/E483127-000/00,live_public_response
uniqlo,E483127,E483127-000,000,영유아(6개월~5세) > 티셔츠 & 스웨트셔츠 > 티셔츠(반팔),https://www.uniqlo.com/kr/ko/baby/newborn/ut-graphic-tees,BABY,BABY,True,https://www.uniqlo.com/kr/ko/products/E483127-000/00,live_public_response
uniqlo,E483127,E483127-000,000,영유아(6개월~5세) > 티셔츠 & 스웨트셔츠 > 티셔츠(반팔),https://www.uniqlo.com/kr/ko/baby/toddler,BABY,BABY,True,https://www.uniqlo.com/kr/ko/products/E483127-000/00,live_public_response
uniqlo,E483127,E483127-000,000,영유아(6개월~5세) > 티셔츠 & 스웨트셔츠 > 티셔츠(반팔),https://www.uniqlo.com/kr/ko/baby/toddler/tops,BABY,BABY,True,https://www.uniqlo.com/kr/ko/products/E483127-000/00,live_public_response
uniqlo,E483127,E483127-000,000,영유아(6개월~5세) > 티셔츠 & 스웨트셔츠 > 티셔츠(반팔),https://www.uniqlo.com/kr/ko/baby/toddler/ut-graphic-tees,BABY,BABY,True,https://www.uniqlo.com/kr/ko/products/E483127-000/00,live_public_response
uniqlo,E471157,E471157-000,000,티셔츠 & 스웨트셔츠 & UT > PEACE FOR ALL > 그래픽 티셔츠,https://www.uniqlo.com/kr/ko/men/tops/peace-for-all,MEN,MEN,False,https://www.uniqlo.com/kr/ko/products/E471157-000/00,live_public_response
uniqlo,E471157,E471157-000,000,티셔츠 & 스웨트셔츠 & UT > PEACE FOR ALL > 그래픽 티셔츠,https://www.uniqlo.com/kr/ko/women/tops/peace-for-all,WOMEN,MEN,False,https://www.uniqlo.com/kr/ko/products/E471157-000/00,live_public_response
uniqlo,E483373,E483373-000,000,티셔츠 & UT > 그래픽티셔츠 > mofusand,https://www.uniqlo.com/kr/ko/kids/tops/t-shirts,KIDS,KIDS,True,https://www.uniqlo.com/kr/ko/products/E483373-000/00,live_public_response
uniqlo,E483373,E483373-000,000,티셔츠 & UT > 그래픽티셔츠 > mofusand,https://www.uniqlo.com/kr/ko/kids/tops/ut-graphic-tees,KIDS,KIDS,True,https://www.uniqlo.com/kr/ko/products/E483373-000/00,live_public_response
uniqlo,E483128,E483128-000,000,영유아(6개월~5세) > 그래픽티셔츠 > The Picture Book Collection,https://www.uniqlo.com/kr/ko/baby/newborn,BABY,BABY,True,https://www.uniqlo.com/kr/ko/products/E483128-000/00,live_public_response
uniqlo,E483128,E483128-000,000,영유아(6개월~5세) > 그래픽티셔츠 > The Picture Book Collection,https://www.uniqlo.com/kr/ko/baby/newborn/ut-graphic-tees,BABY,BABY,True,https://www.uniqlo.com/kr/ko/products/E483128-000/00,live_public_response
uniqlo,E483128,E483128-000,000,영유아(6개월~5세) > 그래픽티셔츠 > The Picture Book Collection,https://www.uniqlo.com/kr/ko/baby/toddler,BABY,BABY,True,https://www.uniqlo.com/kr/ko/products/E483128-000/00,live_public_response
uniqlo,E483128,E483128-000,000,영유아(6개월~5세) > 그래픽티셔츠 > The Picture Book Collection,https://www.uniqlo.com/kr/ko/baby/toddler/tops,BABY,BABY,True,https://www.uniqlo.com/kr/ko/products/E483128-000/00,live_public_response
uniqlo,E483128,E483128-000,000,영유아(6개월~5세) > 그래픽티셔츠 > The Picture Book Collection,https://www.uniqlo.com/kr/ko/baby/toddler/ut-graphic-tees,BABY,BABY,True,https://www.uniqlo.com/kr/ko/products/E483128-000/00,live_public_response
uniqlo,E471601,E471601-000,000,이너웨어 > 히트텍 > 히트텍 캐시미어 블렌드,https://www.uniqlo.com/kr/ko/women/innerwear/heattech,WOMEN,WOMEN,True,https://www.uniqlo.com/kr/ko/products/E471601-000/00,live_public_response
uniqlo,E471601,E471601-000,000,이너웨어 > 히트텍 > 히트텍 캐시미어 블렌드,https://www.uniqlo.com/kr/ko/women/special-collaboration,WOMEN,WOMEN,True,https://www.uniqlo.com/kr/ko/products/E471601-000/00,live_public_response
uniqlo,E471601,E471601-000,000,이너웨어 > 히트텍 > 히트텍 캐시미어 블렌드,https://www.uniqlo.com/kr/ko/women/special-collaboration/uniqlo-c,WOMEN,WOMEN,True,https://www.uniqlo.com/kr/ko/products/E471601-000/00,live_public_response
uniqlo,E483374,E483374-000,000,티셔츠 & UT > 그래픽티셔츠 > mofusand,https://www.uniqlo.com/kr/ko/kids/tops/ut-graphic-tees,KIDS,KIDS,True,https://www.uniqlo.com/kr/ko/products/E483374-000/00,live_public_response
uniqlo,E483129,E483129-000,000,영유아(6개월~5세) > 그래픽티셔츠 > The Picture Book Collection,https://www.uniqlo.com/kr/ko/baby/newborn,BABY,BABY,True,https://www.uniqlo.com/kr/ko/products/E483129-000/00,live_public_response
uniqlo,E483129,E483129-000,000,영유아(6개월~5세) > 그래픽티셔츠 > The Picture Book Collection,https://www.uniqlo.com/kr/ko/baby/newborn/ut-graphic-tees,BABY,BABY,True,https://www.uniqlo.com/kr/ko/products/E483129-000/00,live_public_response
uniqlo,E483129,E483129-000,000,영유아(6개월~5세) > 그래픽티셔츠 > The Picture Book Collection,https://www.uniqlo.com/kr/ko/baby/toddler,BABY,BABY,True,https://www.uniqlo.com/kr/ko/products/E483129-000/00,live_public_response
uniqlo,E483129,E483129-000,000,영유아(6개월~5세) > 그래픽티셔츠 > The Picture Book Collection,https://www.uniqlo.com/kr/ko/baby/toddler/tops,BABY,BABY,True,https://www.uniqlo.com/kr/ko/products/E483129-000/00,live_public_response
uniqlo,E483129,E483129-000,000,영유아(6개월~5세) > 그래픽티셔츠 > The Picture Book Collection,https://www.uniqlo.com/kr/ko/baby/toddler/ut-graphic-tees,BABY,BABY,True,https://www.uniqlo.com/kr/ko/products/E483129-000/00,live_public_response
uniqlo,E471808,E471808-000,000,티셔츠 & 스웨트셔츠 & UT > 스웨트셔츠 & 후드집업 > 후드,https://www.uniqlo.com/kr/ko/men/special-collaboration,MEN,MEN,False,https://www.uniqlo.com/kr/ko/products/E471808-000/00,live_public_response
uniqlo,E471808,E471808-000,000,티셔츠 & 스웨트셔츠 & UT > 스웨트셔츠 & 후드집업 > 후드,https://www.uniqlo.com/kr/ko/men/special-collaboration/uniqlo-c,MEN,MEN,False,https://www.uniqlo.com/kr/ko/products/E471808-000/00,live_public_response
uniqlo,E471808,E471808-000,000,티셔츠 & 스웨트셔츠 & UT > 스웨트셔츠 & 후드집업 > 후드,https://www.uniqlo.com/kr/ko/men/sport-utility-wear,MEN,MEN,False,https://www.uniqlo.com/kr/ko/products/E471808-000/00,live_public_response
uniqlo,E471808,E471808-000,000,티셔츠 & 스웨트셔츠 & UT > 스웨트셔츠 & 후드집업 > 후드,https://www.uniqlo.com/kr/ko/men/tops/sweatshirts-and-hoodies,MEN,MEN,False,https://www.uniqlo.com/kr/ko/products/E471808-000/00,live_public_response
uniqlo,E471808,E471808-000,000,티셔츠 & 스웨트셔츠 & UT > 스웨트셔츠 & 후드집업 > 후드,https://www.uniqlo.com/kr/ko/women/special-collaboration,WOMEN,MEN,False,https://www.uniqlo.com/kr/ko/products/E471808-000/00,live_public_response
uniqlo,E471808,E471808-000,000,티셔츠 & 스웨트셔츠 & UT > 스웨트셔츠 & 후드집업 > 후드,https://www.uniqlo.com/kr/ko/women/special-collaboration/uniqlo-c,WOMEN,MEN,False,https://www.uniqlo.com/kr/ko/products/E471808-000/00,live_public_response
uniqlo,E471808,E471808-000,000,티셔츠 & 스웨트셔츠 & UT > 스웨트셔츠 & 후드집업 > 후드,https://www.uniqlo.com/kr/ko/women/tops/sweatshirts-and-hoodies,WOMEN,MEN,False,https://www.uniqlo.com/kr/ko/products/E471808-000/00,live_public_response
uniqlo,E483130,E483130-000,000,영유아(6개월~5세) > 티셔츠 & 스웨트셔츠 > 티셔츠(반팔),https://www.uniqlo.com/kr/ko/baby/newborn,BABY,BABY,True,https://www.uniqlo.com/kr/ko/products/E483130-000/00,live_public_response
uniqlo,E483130,E483130-000,000,영유아(6개월~5세) > 티셔츠 & 스웨트셔츠 > 티셔츠(반팔),https://www.uniqlo.com/kr/ko/baby/newborn/ut-graphic-tees,BABY,BABY,True,https://www.uniqlo.com/kr/ko/products/E483130-000/00,live_public_response
uniqlo,E483130,E483130-000,000,영유아(6개월~5세) > 티셔츠 & 스웨트셔츠 > 티셔츠(반팔),https://www.uniqlo.com/kr/ko/baby/toddler,BABY,BABY,True,https://www.uniqlo.com/kr/ko/products/E483130-000/00,live_public_response
uniqlo,E483130,E483130-000,000,영유아(6개월~5세) > 티셔츠 & 스웨트셔츠 > 티셔츠(반팔),https://www.uniqlo.com/kr/ko/baby/toddler/tops,BABY,BABY,True,https://www.uniqlo.com/kr/ko/products/E483130-000/00,live_public_response
uniqlo,E483130,E483130-000,000,영유아(6개월~5세) > 티셔츠 & 스웨트셔츠 > 티셔츠(반팔),https://www.uniqlo.com/kr/ko/baby/toddler/ut-graphic-tees,BABY,BABY,True,https://www.uniqlo.com/kr/ko/products/E483130-000/00,live_public_response
uniqlo,E471809,E471809-000,000,팬츠 > 스웨트 팬츠 & 조거 팬츠 > 스웨트,https://www.uniqlo.com/kr/ko/men/bottoms,MEN,MEN,False,https://www.uniqlo.com/kr/ko/products/E471809-000/00,live_public_response
uniqlo,E471809,E471809-000,000,팬츠 > 스웨트 팬츠 & 조거 팬츠 > 스웨트,https://www.uniqlo.com/kr/ko/men/bottoms/casual-pants,MEN,MEN,False,https://www.uniqlo.com/kr/ko/products/E471809-000/00,live_public_response
uniqlo,E471809,E471809-000,000,팬츠 > 스웨트 팬츠 & 조거 팬츠 > 스웨트,https://www.uniqlo.com/kr/ko/men/bottoms/wide-pants,MEN,MEN,False,https://www.uniqlo.com/kr/ko/products/E471809-000/00,live_public_response
uniqlo,E471809,E471809-000,000,팬츠 > 스웨트 팬츠 & 조거 팬츠 > 스웨트,https://www.uniqlo.com/kr/ko/men/special-collaboration,MEN,MEN,False,https://www.uniqlo.com/kr/ko/products/E471809-000/00,live_public_response
uniqlo,E471809,E471809-000,000,팬츠 > 스웨트 팬츠 & 조거 팬츠 > 스웨트,https://www.uniqlo.com/kr/ko/men/special-collaboration/uniqlo-c,MEN,MEN,False,https://www.uniqlo.com/kr/ko/products/E471809-000/00,live_public_response
uniqlo,E471809,E471809-000,000,팬츠 > 스웨트 팬츠 & 조거 팬츠 > 스웨트,https://www.uniqlo.com/kr/ko/men/sport-utility-wear,MEN,MEN,False,https://www.uniqlo.com/kr/ko/products/E471809-000/00,live_public_response
uniqlo,E471809,E471809-000,000,팬츠 > 스웨트 팬츠 & 조거 팬츠 > 스웨트,https://www.uniqlo.com/kr/ko/women/bottoms/casual-pants,WOMEN,MEN,False,https://www.uniqlo.com/kr/ko/products/E471809-000/00,live_public_response
uniqlo,E471809,E471809-000,000,팬츠 > 스웨트 팬츠 & 조거 팬츠 > 스웨트,https://www.uniqlo.com/kr/ko/women/bottoms/sweat-pants,WOMEN,MEN,False,https://www.uniqlo.com/kr/ko/products/E471809-000/00,live_public_response
uniqlo,E471809,E471809-000,000,팬츠 > 스웨트 팬츠 & 조거 팬츠 > 스웨트,https://www.uniqlo.com/kr/ko/women/bottoms/wide-pants,WOMEN,MEN,False,https://www.uniqlo.com/kr/ko/products/E471809-000/00,live_public_response
uniqlo,E471809,E471809-000,000,팬츠 > 스웨트 팬츠 & 조거 팬츠 > 스웨트,https://www.uniqlo.com/kr/ko/women/special-collaboration,WOMEN,MEN,False,https://www.uniqlo.com/kr/ko/products/E471809-000/00,live_public_response
uniqlo,E471809,E471809-000,000,팬츠 > 스웨트 팬츠 & 조거 팬츠 > 스웨트,https://www.uniqlo.com/kr/ko/women/special-collaboration/uniqlo-c,WOMEN,MEN,False,https://www.uniqlo.com/kr/ko/products/E471809-000/00,live_public_response
uniqlo,E472516,E472516-000,000,티셔츠 & UT > PEACE FOR ALL > 그래픽 티셔츠,https://www.uniqlo.com/kr/ko/men/tops/peace-for-all,MEN,WOMEN,True,https://www.uniqlo.com/kr/ko/products/E472516-000/00,live_public_response
uniqlo,E472516,E472516-000,000,티셔츠 & UT > PEACE FOR ALL > 그래픽 티셔츠,https://www.uniqlo.com/kr/ko/women/tops/peace-for-all,WOMEN,WOMEN,True,https://www.uniqlo.com/kr/ko/products/E472516-000/00,live_public_response
uniqlo,E472517,E472517-000,000,티셔츠 & 스웨트셔츠 & UT > PEACE FOR ALL > 그래픽 티셔츠,https://www.uniqlo.com/kr/ko/men/tops/peace-for-all,MEN,MEN,False,https://www.uniqlo.com/kr/ko/products/E472517-000/00,live_public_response
uniqlo,E472517,E472517-000,000,티셔츠 & 스웨트셔츠 & UT > PEACE FOR ALL > 그래픽 티셔츠,https://www.uniqlo.com/kr/ko/women/tops/peace-for-all,WOMEN,MEN,False,https://www.uniqlo.com/kr/ko/products/E472517-000/00,live_public_response
uniqlo,E472519,E472519-000,000,티셔츠 & UT > PEACE FOR ALL > 그래픽 티셔츠,https://www.uniqlo.com/kr/ko/men/tops/peace-for-all,MEN,WOMEN,True,https://www.uniqlo.com/kr/ko/products/E472519-000/00,live_public_response
uniqlo,E472519,E472519-000,000,티셔츠 & UT > PEACE FOR ALL > 그래픽 티셔츠,https://www.uniqlo.com/kr/ko/women/tops/peace-for-all,WOMEN,WOMEN,True,https://www.uniqlo.com/kr/ko/products/E472519-000/00,live_public_response
uniqlo,E472520,E472520-000,000,티셔츠 & UT > PEACE FOR ALL > 그래픽 티셔츠,https://www.uniqlo.com/kr/ko/men/tops/peace-for-all,MEN,WOMEN,True,https://www.uniqlo.com/kr/ko/products/E472520-000/00,live_public_response
uniqlo,E472520,E472520-000,000,티셔츠 & UT > PEACE FOR ALL > 그래픽 티셔츠,https://www.uniqlo.com/kr/ko/women/tops/peace-for-all,WOMEN,WOMEN,True,https://www.uniqlo.com/kr/ko/products/E472520-000/00,live_public_response
uniqlo,E473696,E473696-000,000,리넨 > 팬츠 > 팬츠,https://www.uniqlo.com/kr/ko/women/bottoms,WOMEN,WOMEN,True,https://www.uniqlo.com/kr/ko/products/E473696-000/00,live_public_response
uniqlo,E473696,E473696-000,000,리넨 > 팬츠 > 팬츠,https://www.uniqlo.com/kr/ko/women/bottoms/short-pants,WOMEN,WOMEN,True,https://www.uniqlo.com/kr/ko/products/E473696-000/00,live_public_response
uniqlo,E473696,E473696-000,000,리넨 > 팬츠 > 팬츠,https://www.uniqlo.com/kr/ko/women/linen,WOMEN,WOMEN,True,https://www.uniqlo.com/kr/ko/products/E473696-000/00,live_public_response
uniqlo,E473696,E473696-000,000,리넨 > 팬츠 > 팬츠,https://www.uniqlo.com/kr/ko/women/linen/bottoms,WOMEN,WOMEN,True,https://www.uniqlo.com/kr/ko/products/E473696-000/00,live_public_response
uniqlo,E473715,E473715-000,000,팬츠 > 스웨트 팬츠 & 조거 팬츠 > 스웨트,https://www.uniqlo.com/kr/ko/men/bottoms,MEN,MEN,False,https://www.uniqlo.com/kr/ko/products/E473715-000/00,live_public_response
uniqlo,E473715,E473715-000,000,팬츠 > 스웨트 팬츠 & 조거 팬츠 > 스웨트,https://www.uniqlo.com/kr/ko/men/bottoms/casual-pants,MEN,MEN,False,https://www.uniqlo.com/kr/ko/products/E473715-000/00,live_public_response
uniqlo,E473715,E473715-000,000,팬츠 > 스웨트 팬츠 & 조거 팬츠 > 스웨트,https://www.uniqlo.com/kr/ko/men/bottoms/wide-pants,MEN,MEN,False,https://www.uniqlo.com/kr/ko/products/E473715-000/00,live_public_response
uniqlo,E473715,E473715-000,000,팬츠 > 스웨트 팬츠 & 조거 팬츠 > 스웨트,https://www.uniqlo.com/kr/ko/men/special-collaboration,MEN,MEN,False,https://www.uniqlo.com/kr/ko/products/E473715-000/00,live_public_response
uniqlo,E473715,E473715-000,000,팬츠 > 스웨트 팬츠 & 조거 팬츠 > 스웨트,https://www.uniqlo.com/kr/ko/men/special-collaboration/uniqlo-c,MEN,MEN,False,https://www.uniqlo.com/kr/ko/products/E473715-000/00,live_public_response
uniqlo,E473715,E473715-000,000,팬츠 > 스웨트 팬츠 & 조거 팬츠 > 스웨트,https://www.uniqlo.com/kr/ko/men/sport-utility-wear,MEN,MEN,False,https://www.uniqlo.com/kr/ko/products/E473715-000/00,live_public_response
uniqlo,E473715,E473715-000,000,팬츠 > 스웨트 팬츠 & 조거 팬츠 > 스웨트,https://www.uniqlo.com/kr/ko/women/bottoms/casual-pants,WOMEN,MEN,False,https://www.uniqlo.com/kr/ko/products/E473715-000/00,live_public_response
uniqlo,E473715,E473715-000,000,팬츠 > 스웨트 팬츠 & 조거 팬츠 > 스웨트,https://www.uniqlo.com/kr/ko/women/bottoms/sweat-pants,WOMEN,MEN,False,https://www.uniqlo.com/kr/ko/products/E473715-000/00,live_public_response
uniqlo,E473715,E473715-000,000,팬츠 > 스웨트 팬츠 & 조거 팬츠 > 스웨트,https://www.uniqlo.com/kr/ko/women/special-collaboration,WOMEN,MEN,False,https://www.uniqlo.com/kr/ko/products/E473715-000/00,live_public_response
uniqlo,E473715,E473715-000,000,팬츠 > 스웨트 팬츠 & 조거 팬츠 > 스웨트,https://www.uniqlo.com/kr/ko/women/special-collaboration/uniqlo-c,WOMEN,MEN,False,https://www.uniqlo.com/kr/ko/products/E473715-000/00,live_public_response
uniqlo,E473791,E473791-000,000,팬츠 > 캐주얼 팬츠 > 리넨,https://www.uniqlo.com/kr/ko/women/bottoms/casual-pants,WOMEN,WOMEN,True,https://www.uniqlo.com/kr/ko/products/E473791-000/00,live_public_response
uniqlo,E473791,E473791-000,000,팬츠 > 캐주얼 팬츠 > 리넨,https://www.uniqlo.com/kr/ko/women/bottoms/wide-pants,WOMEN,WOMEN,True,https://www.uniqlo.com/kr/ko/products/E473791-000/00,live_public_response
uniqlo,E473791,E473791-000,000,팬츠 > 캐주얼 팬츠 > 리넨,https://www.uniqlo.com/kr/ko/women/linen,WOMEN,WOMEN,True,https://www.uniqlo.com/kr/ko/products/E473791-000/00,live_public_response
uniqlo,E473791,E473791-000,000,팬츠 > 캐주얼 팬츠 > 리넨,https://www.uniqlo.com/kr/ko/women/linen/bottoms,WOMEN,WOMEN,True,https://www.uniqlo.com/kr/ko/products/E473791-000/00,live_public_response
uniqlo,E473791,E473791-000,000,팬츠 > 캐주얼 팬츠 > 리넨,https://www.uniqlo.com/kr/ko/women/loungewear-and-homeware,WOMEN,WOMEN,True,https://www.uniqlo.com/kr/ko/products/E473791-000/00,live_public_response
uniqlo,E473791,E473791-000,000,팬츠 > 캐주얼 팬츠 > 리넨,https://www.uniqlo.com/kr/ko/women/loungewear-and-homeware/lounge-pants,WOMEN,WOMEN,True,https://www.uniqlo.com/kr/ko/products/E473791-000/00,live_public_response
uniqlo,E473944,E473944-000,000,이너웨어 > 언더웨어 > 심리스,https://www.uniqlo.com/kr/ko/women/airism,WOMEN,WOMEN,True,https://www.uniqlo.com/kr/ko/products/E473944-000/00,live_public_response
uniqlo,E473944,E473944-000,000,이너웨어 > 언더웨어 > 심리스,https://www.uniqlo.com/kr/ko/women/airism/underwear,WOMEN,WOMEN,True,https://www.uniqlo.com/kr/ko/products/E473944-000/00,live_public_response
uniqlo,E473944,E473944-000,000,이너웨어 > 언더웨어 > 심리스,https://www.uniqlo.com/kr/ko/women/innerwear/airism,WOMEN,WOMEN,True,https://www.uniqlo.com/kr/ko/products/E473944-000/00,live_public_response
uniqlo,E473944,E473944-000,000,이너웨어 > 언더웨어 > 심리스,https://www.uniqlo.com/kr/ko/women/innerwear/underwear,WOMEN,WOMEN,True,https://www.uniqlo.com/kr/ko/products/E473944-000/00,live_public_response
uniqlo,E473944,E473944-000,000,이너웨어 > 언더웨어 > 심리스,https://www.uniqlo.com/kr/ko/women/lounge-and-underwear-collection,WOMEN,WOMEN,True,https://www.uniqlo.com/kr/ko/products/E473944-000/00,live_public_response
uniqlo,E473944,E473944-000,000,이너웨어 > 언더웨어 > 심리스,https://www.uniqlo.com/kr/ko/women/lounge-and-underwear-collection/minimalist-classics,WOMEN,WOMEN,True,https://www.uniqlo.com/kr/ko/products/E473944-000/00,live_public_response
uniqlo,E473945,E473945-000,000,이너웨어 > 언더웨어 > 심리스,https://www.uniqlo.com/kr/ko/women/airism,WOMEN,WOMEN,True,https://www.uniqlo.com/kr/ko/products/E473945-000/00,live_public_response
uniqlo,E473945,E473945-000,000,이너웨어 > 언더웨어 > 심리스,https://www.uniqlo.com/kr/ko/women/airism/underwear,WOMEN,WOMEN,True,https://www.uniqlo.com/kr/ko/products/E473945-000/00,live_public_response
uniqlo,E473945,E473945-000,000,이너웨어 > 언더웨어 > 심리스,https://www.uniqlo.com/kr/ko/women/innerwear/airism,WOMEN,WOMEN,True,https://www.uniqlo.com/kr/ko/products/E473945-000/00,live_public_response
uniqlo,E473945,E473945-000,000,이너웨어 > 언더웨어 > 심리스,https://www.uniqlo.com/kr/ko/women/innerwear/underwear,WOMEN,WOMEN,True,https://www.uniqlo.com/kr/ko/products/E473945-000/00,live_public_response
uniqlo,E473945,E473945-000,000,이너웨어 > 언더웨어 > 심리스,https://www.uniqlo.com/kr/ko/women/lounge-and-underwear-collection,WOMEN,WOMEN,True,https://www.uniqlo.com/kr/ko/products/E473945-000/00,live_public_response
uniqlo,E473945,E473945-000,000,이너웨어 > 언더웨어 > 심리스,https://www.uniqlo.com/kr/ko/women/lounge-and-underwear-collection/minimalist-classics,WOMEN,WOMEN,True,https://www.uniqlo.com/kr/ko/products/E473945-000/00,live_public_response
uniqlo,E473979,E473979-000,000,이너웨어 > 브라탑 > 에어리즘,https://www.uniqlo.com/kr/ko/women/airism,WOMEN,WOMEN,True,https://www.uniqlo.com/kr/ko/products/E473979-000/00,live_public_response
uniqlo,E473979,E473979-000,000,이너웨어 > 브라탑 > 에어리즘,https://www.uniqlo.com/kr/ko/women/airism/bra-tops,WOMEN,WOMEN,True,https://www.uniqlo.com/kr/ko/products/E473979-000/00,live_public_response
uniqlo,E473979,E473979-000,000,이너웨어 > 브라탑 > 에어리즘,https://www.uniqlo.com/kr/ko/women/innerwear/airism,WOMEN,WOMEN,True,https://www.uniqlo.com/kr/ko/products/E473979-000/00,live_public_response
uniqlo,E473979,E473979-000,000,이너웨어 > 브라탑 > 에어리즘,https://www.uniqlo.com/kr/ko/women/innerwear/bra-tops,WOMEN,WOMEN,True,https://www.uniqlo.com/kr/ko/products/E473979-000/00,live_public_response
uniqlo,E473979,E473979-000,000,이너웨어 > 브라탑 > 에어리즘,https://www.uniqlo.com/kr/ko/women/sport-utility-wear,WOMEN,WOMEN,True,https://www.uniqlo.com/kr/ko/products/E473979-000/00,live_public_response
uniqlo,E473979,E473979-000,000,이너웨어 > 브라탑 > 에어리즘,https://www.uniqlo.com/kr/ko/women/sport-utility-wear/innerwear,WOMEN,WOMEN,True,https://www.uniqlo.com/kr/ko/products/E473979-000/00,live_public_response
uniqlo,E473979,E473979-000,000,이너웨어 > 브라탑 > 에어리즘,https://www.uniqlo.com/kr/ko/women/tops/bra-tops,WOMEN,WOMEN,True,https://www.uniqlo.com/kr/ko/products/E473979-000/00,live_public_response
uniqlo,E474175,E474175-000,000,아우터 > 파카 & 블루종 > 포켓터블,https://www.uniqlo.com/kr/ko/women/outerwear,WOMEN,WOMEN,True,https://www.uniqlo.com/kr/ko/products/E474175-000/00,live_public_response
uniqlo,E474175,E474175-000,000,아우터 > 파카 & 블루종 > 포켓터블,https://www.uniqlo.com/kr/ko/women/outerwear/parkas-and-blousons,WOMEN,WOMEN,True,https://www.uniqlo.com/kr/ko/products/E474175-000/00,live_public_response
uniqlo,E474175,E474175-000,000,아우터 > 파카 & 블루종 > 포켓터블,https://www.uniqlo.com/kr/ko/women/sport-utility-wear,WOMEN,WOMEN,True,https://www.uniqlo.com/kr/ko/products/E474175-000/00,live_public_response
uniqlo,E474175,E474175-000,000,아우터 > 파카 & 블루종 > 포켓터블,https://www.uniqlo.com/kr/ko/women/sport-utility-wear/outerwear,WOMEN,WOMEN,True,https://www.uniqlo.com/kr/ko/products/E474175-000/00,live_public_response
uniqlo,E474481,E474481-000,000,UV Protection > 팬츠 & 레깅스 > 팬츠,https://www.uniqlo.com/kr/ko/women/bottoms/casual-pants,WOMEN,WOMEN,True,https://www.uniqlo.com/kr/ko/products/E474481-000/00,live_public_response
uniqlo,E474481,E474481-000,000,UV Protection > 팬츠 & 레깅스 > 팬츠,https://www.uniqlo.com/kr/ko/women/bottoms/wide-pants,WOMEN,WOMEN,True,https://www.uniqlo.com/kr/ko/products/E474481-000/00,live_public_response
uniqlo,E474481,E474481-000,000,UV Protection > 팬츠 & 레깅스 > 팬츠,https://www.uniqlo.com/kr/ko/women/sport-utility-wear,WOMEN,WOMEN,True,https://www.uniqlo.com/kr/ko/products/E474481-000/00,live_public_response
uniqlo,E474481,E474481-000,000,UV Protection > 팬츠 & 레깅스 > 팬츠,https://www.uniqlo.com/kr/ko/women/sport-utility-wear/pants,WOMEN,WOMEN,True,https://www.uniqlo.com/kr/ko/products/E474481-000/00,live_public_response
uniqlo,E475053,E475053-000,000,니트 & 가디건 > 니트 > 캐시미어,https://www.uniqlo.com/kr/ko/men/special-collaboration,MEN,WOMEN,True,https://www.uniqlo.com/kr/ko/products/E475053-000/00,live_public_response
uniqlo,E475053,E475053-000,000,니트 & 가디건 > 니트 > 캐시미어,https://www.uniqlo.com/kr/ko/men/special-collaboration/uniqlo-c,MEN,WOMEN,True,https://www.uniqlo.com/kr/ko/products/E475053-000/00,live_public_response
uniqlo,E475053,E475053-000,000,니트 & 가디건 > 니트 > 캐시미어,https://www.uniqlo.com/kr/ko/women/special-collaboration,WOMEN,WOMEN,True,https://www.uniqlo.com/kr/ko/products/E475053-000/00,live_public_response
uniqlo,E475053,E475053-000,000,니트 & 가디건 > 니트 > 캐시미어,https://www.uniqlo.com/kr/ko/women/special-collaboration/uniqlo-c,WOMEN,WOMEN,True,https://www.uniqlo.com/kr/ko/products/E475053-000/00,live_public_response
uniqlo,E475053,E475053-000,000,니트 & 가디건 > 니트 > 캐시미어,https://www.uniqlo.com/kr/ko/women/sweaters-and-knitwear/sweaters-and-knitwear,WOMEN,WOMEN,True,https://www.uniqlo.com/kr/ko/products/E475053-000/00,live_public_response
uniqlo,E475344,E475344-000,000,팬츠 > 캐주얼 팬츠 > 유틸리티(커브ㆍ카고),https://www.uniqlo.com/kr/ko/women/bottoms/barrel-leg-pants,WOMEN,WOMEN,True,https://www.uniqlo.com/kr/ko/products/E475344-000/00,live_public_response
uniqlo,E475344,E475344-000,000,팬츠 > 캐주얼 팬츠 > 유틸리티(커브ㆍ카고),https://www.uniqlo.com/kr/ko/women/bottoms/casual-pants,WOMEN,WOMEN,True,https://www.uniqlo.com/kr/ko/products/E475344-000/00,live_public_response
uniqlo,E475344,E475344-000,000,팬츠 > 캐주얼 팬츠 > 유틸리티(커브ㆍ카고),https://www.uniqlo.com/kr/ko/women/bottoms/wide-pants,WOMEN,WOMEN,True,https://www.uniqlo.com/kr/ko/products/E475344-000/00,live_public_response
