source,product_key,observed_id,queue_audience,product_name,audience,accepted_for_audience_quota,category_path,depth1_name,depth1_code,depth2_name,depth2_code,depth3_name,depth3_code,depth4_name,depth4_code,evidence_url,evidence_source,breadcrumb_evidence_json,unresolved_reason
uniqlo,E422992,E422992-000,MEN,,MEN,True,티셔츠 & 스웨트셔츠 & UT > 티셔츠 (반팔 & 긴팔) > 반팔,티셔츠 & 스웨트셔츠 & UT,57967,티셔츠 (반팔 & 긴팔),58039,반팔,58395,,,https://www.uniqlo.com/kr/ko/products/E422992-000/00,uniqlo_hydration,"[{""role"":""gender"",""id"":""57893"",""name"":""men"",""locale"":""MEN"",""level"":1,""raw_order"":0},{""role"":""class"",""id"":""57967"",""name"":""tops"",""locale"":""티셔츠 & 스웨트셔츠 & UT"",""level"":2,""raw_order"":1},{""role"":""category"",""id"":""58039"",""name"":""t shirts"",""locale"":""티셔츠 (반팔 & 긴팔)"",""level"":3,""raw_order"":2},{""role"":""subcategory"",""id"":""58395"",""name"":""short sleeve"",""locale"":""반팔"",""level"":4,""raw_order"":3}]",
uniqlo,E424873,E424873-000,WOMEN,,WOMEN,True,티셔츠 & UT > 티셔츠 (반팔 & 긴팔) > 반팔,티셔츠 & UT,57959,티셔츠 (반팔 & 긴팔),57995,반팔,58144,,,https://www.uniqlo.com/kr/ko/products/E424873-000/00,uniqlo_hydration,"[{""role"":""gender"",""id"":""57892"",""name"":""women"",""locale"":""WOMEN"",""level"":1,""raw_order"":0},{""role"":""class"",""id"":""57959"",""name"":""tops"",""locale"":""티셔츠 & UT"",""level"":2,""raw_order"":1},{""role"":""category"",""id"":""57995"",""name"":""t shirts"",""locale"":""티셔츠 (반팔 & 긴팔)"",""level"":3,""raw_order"":2},{""role"":""subcategory"",""id"":""58144"",""name"":""half sleeve"",""locale"":""반팔"",""level"":4,""raw_order"":3}]",
uniqlo,E439340,E439340-000,KIDS,,KIDS,True,이너웨어 > 언더웨어 > 복서브리프,이너웨어,57978,언더웨어,58095,복서브리프,58650,,,https://www.uniqlo.com/kr/ko/products/E439340-000/00,uniqlo_hydration,"[{""role"":""gender"",""id"":""57894"",""name"":""kids"",""locale"":""KIDS"",""level"":1,""raw_order"":0},{""role"":""class"",""id"":""57978"",""name"":""innerwear"",""locale"":""이너웨어"",""level"":2,""raw_order"":1},{""role"":""category"",""id"":""58095"",""name"":""underwear"",""locale"":""언더웨어"",""level"":3,""raw_order"":2},{""role"":""subcategory"",""id"":""58650"",""name"":""boxer briefs"",""locale"":""복서브리프"",""level"":4,""raw_order"":3}]",
uniqlo,E444715,E444715-000,BABY,,BABY,True,영유아(6개월~5세) > 레깅스 & 팬츠 > 레깅스,영유아(6개월~5세),57981,레깅스 & 팬츠,58113,레깅스,58714,,,https://www.uniqlo.com/kr/ko/products/E444715-000/00,uniqlo_hydration,"[{""role"":""gender"",""id"":""57925"",""name"":""baby"",""locale"":""BABY"",""level"":1,""raw_order"":0},{""role"":""class"",""id"":""57981"",""name"":""toddler"",""locale"":""영유아(6개월~5세)"",""level"":2,""raw_order"":1},{""role"":""category"",""id"":""58113"",""name"":""pants and leggings"",""locale"":""레깅스 & 팬츠"",""level"":3,""raw_order"":2},{""role"":""subcategory"",""id"":""58714"",""name"":""leggings"",""locale"":""레깅스"",""level"":4,""raw_order"":3}]",
uniqlo,E433776,E433776-000,MEN,,MEN,True,액세서리 > 우산 > 우산,액세서리,57972,우산,58074,우산,58570,,,https://www.uniqlo.com/kr/ko/products/E433776-000/00,uniqlo_hydration,"[{""role"":""gender"",""id"":""57893"",""name"":""men"",""locale"":""MEN"",""level"":1,""raw_order"":0},{""role"":""class"",""id"":""57972"",""name"":""accessories"",""locale"":""액세서리"",""level"":2,""raw_order"":1},{""role"":""category"",""id"":""58074"",""name"":""accessories"",""locale"":""우산"",""level"":3,""raw_order"":2},{""role"":""subcategory"",""id"":""58570"",""name"":""umbrella"",""locale"":""우산"",""level"":4,""raw_order"":3}]",
uniqlo,E450195,E450195-000,WOMEN,,MEN,True,아우터 > 파카 & 블루종 > 후리스,아우터,57966,파카 & 블루종,58035,후리스,98333,,,https://www.uniqlo.com/kr/ko/products/E450195-000/00,uniqlo_hydration,"[{""role"":""gender"",""id"":""57893"",""name"":""men"",""locale"":""MEN"",""level"":1,""raw_order"":0},{""role"":""class"",""id"":""57966"",""name"":""outerwear"",""locale"":""아우터"",""level"":2,""raw_order"":1},{""role"":""category"",""id"":""58035"",""name"":""parkas and blousons"",""locale"":""파카 & 블루종"",""level"":3,""raw_order"":2},{""role"":""subcategory"",""id"":""98333"",""name"":""fleece"",""locale"":""후리스"",""level"":4,""raw_order"":3}]",
uniqlo,E454063,E454063-000,KIDS,,KIDS,True,이너웨어 > 에어리즘 > 에어리즘 코튼 블렌드,이너웨어,57978,에어리즘,58091,에어리즘 코튼 블렌드,58633,,,https://www.uniqlo.com/kr/ko/products/E454063-000/00,uniqlo_hydration,"[{""role"":""gender"",""id"":""57894"",""name"":""kids"",""locale"":""KIDS"",""level"":1,""raw_order"":0},{""role"":""class"",""id"":""57978"",""name"":""innerwear"",""locale"":""이너웨어"",""level"":2,""raw_order"":1},{""role"":""category"",""id"":""58091"",""name"":""airism"",""locale"":""에어리즘"",""level"":3,""raw_order"":2},{""role"":""subcategory"",""id"":""58633"",""name"":""airism cotton brend"",""locale"":""에어리즘 코튼 블렌드"",""level"":4,""raw_order"":3}]",
uniqlo,E444812,E444812-000,BABY,,BABY,True,신생아(0개월~2세) > 바디수트 > 코튼메쉬,신생아(0개월~2세),57980,바디수트,58102,코튼메쉬,58673,,,https://www.uniqlo.com/kr/ko/products/E444812-000/00,uniqlo_hydration,"[{""role"":""gender"",""id"":""57925"",""name"":""baby"",""locale"":""BABY"",""level"":1,""raw_order"":0},{""role"":""class"",""id"":""57980"",""name"":""newborn"",""locale"":""신생아(0개월~2세)"",""level"":2,""raw_order"":1},{""role"":""category"",""id"":""58102"",""name"":""bodysuits"",""locale"":""바디수트"",""level"":3,""raw_order"":2},{""role"":""subcategory"",""id"":""58673"",""name"":""cotton mesh"",""locale"":""코튼메쉬"",""level"":4,""raw_order"":3}]",
uniqlo,E439661,E439661-000,MEN,,MEN,True,이너웨어 > 언더웨어 > 코튼 트렁크,이너웨어,57970,언더웨어,58063,코튼 트렁크,58531,,,https://www.uniqlo.com/kr/ko/products/E439661-000/00,uniqlo_hydration,"[{""role"":""gender"",""id"":""57893"",""name"":""men"",""locale"":""MEN"",""level"":1,""raw_order"":0},{""role"":""class"",""id"":""57970"",""name"":""innerwear"",""locale"":""이너웨어"",""level"":2,""raw_order"":1},{""role"":""category"",""id"":""58063"",""name"":""underwear"",""locale"":""언더웨어"",""level"":3,""raw_order"":2},{""role"":""subcategory"",""id"":""58531"",""name"":""trunks"",""locale"":""코튼 트렁크"",""level"":4,""raw_order"":3}]",
uniqlo,E450259,E450259-000,WOMEN,,MEN,True,셔츠 > 캐주얼셔츠 > 옥스포드,셔츠,95356,캐주얼셔츠,95359,옥스포드,95424,,,https://www.uniqlo.com/kr/ko/products/E450259-000/00,uniqlo_hydration,"[{""role"":""gender"",""id"":""57893"",""name"":""men"",""locale"":""MEN"",""level"":1,""raw_order"":0},{""role"":""class"",""id"":""95356"",""name"":""shirts and polo shirts"",""locale"":""셔츠"",""level"":2,""raw_order"":1},{""role"":""category"",""id"":""95359"",""name"":""casual shirts"",""locale"":""캐주얼셔츠"",""level"":3,""raw_order"":2},{""role"":""subcategory"",""id"":""95424"",""name"":""oxford"",""locale"":""옥스포드"",""level"":4,""raw_order"":3}]",
uniqlo,E458788,E458788-000,KIDS,,KIDS,True,이너웨어 > 레깅스 & 타이즈 > HEATTECH,이너웨어,57978,레깅스 & 타이즈,58094,HEATTECH,58648,,,https://www.uniqlo.com/kr/ko/products/E458788-000/00,uniqlo_hydration,"[{""role"":""gender"",""id"":""57894"",""name"":""kids"",""locale"":""KIDS"",""level"":1,""raw_order"":0},{""role"":""class"",""id"":""57978"",""name"":""innerwear"",""locale"":""이너웨어"",""level"":2,""raw_order"":1},{""role"":""category"",""id"":""58094"",""name"":""leggings and tights"",""locale"":""레깅스 & 타이즈"",""level"":3,""raw_order"":2},{""role"":""subcategory"",""id"":""58648"",""name"":""heattech"",""locale"":""HEATTECH"",""level"":4,""raw_order"":3}]",
uniqlo,E450071,E450071-000,BABY,,BABY,True,신생아(0개월~2세) > 바디수트 > 코튼,신생아(0개월~2세),57980,바디수트,58102,코튼,58672,,,https://www.uniqlo.com/kr/ko/products/E450071-000/00,uniqlo_hydration,"[{""role"":""gender"",""id"":""57925"",""name"":""baby"",""locale"":""BABY"",""level"":1,""raw_order"":0},{""role"":""class"",""id"":""57980"",""name"":""newborn"",""locale"":""신생아(0개월~2세)"",""level"":2,""raw_order"":1},{""role"":""category"",""id"":""58102"",""name"":""bodysuits"",""locale"":""바디수트"",""level"":3,""raw_order"":2},{""role"":""subcategory"",""id"":""58672"",""name"":""cotton"",""locale"":""코튼"",""level"":4,""raw_order"":3}]",
uniqlo,E441897,E441897-000,MEN,,MEN,True,이너웨어 > 양말 > 레귤러 삭스,이너웨어,57970,양말,58065,레귤러 삭스,58534,,,https://www.uniqlo.com/kr/ko/products/E441897-000/00,uniqlo_hydration,"[{""role"":""gender"",""id"":""57893"",""name"":""men"",""locale"":""MEN"",""level"":1,""raw_order"":0},{""role"":""class"",""id"":""57970"",""name"":""innerwear"",""locale"":""이너웨어"",""level"":2,""raw_order"":1},{""role"":""category"",""id"":""58065"",""name"":""socks"",""locale"":""양말"",""level"":3,""raw_order"":2},{""role"":""subcategory"",""id"":""58534"",""name"":""regular"",""locale"":""레귤러 삭스"",""level"":4,""raw_order"":3}]",
uniqlo,E450260,E450260-000,WOMEN,,MEN,True,셔츠 > 캐주얼셔츠 > 브로드 클로스(코튼100%),셔츠,95356,캐주얼셔츠,95359,브로드 클로스(코튼100%),95426,,,https://www.uniqlo.com/kr/ko/products/E450260-000/00,uniqlo_hydration,"[{""role"":""gender"",""id"":""57893"",""name"":""men"",""locale"":""MEN"",""level"":1,""raw_order"":0},{""role"":""class"",""id"":""95356"",""name"":""shirts and polo shirts"",""locale"":""셔츠"",""level"":2,""raw_order"":1},{""role"":""category"",""id"":""95359"",""name"":""casual shirts"",""locale"":""캐주얼셔츠"",""level"":3,""raw_order"":2},{""role"":""subcategory"",""id"":""95426"",""name"":""efc broadcloth"",""locale"":""브로드 클로스(코튼100%)"",""level"":4,""raw_order"":3}]",
uniqlo,E464284,E464284-000,KIDS,,KIDS,True,이너웨어 > 양말 > 쇼트삭스,이너웨어,57978,양말,58096,쇼트삭스,58654,,,https://www.uniqlo.com/kr/ko/products/E464284-000/00,uniqlo_hydration,"[{""role"":""gender"",""id"":""57894"",""name"":""kids"",""locale"":""KIDS"",""level"":1,""raw_order"":0},{""role"":""class"",""id"":""57978"",""name"":""innerwear"",""locale"":""이너웨어"",""level"":2,""raw_order"":1},{""role"":""category"",""id"":""58096"",""name"":""socks"",""locale"":""양말"",""level"":3,""raw_order"":2},{""role"":""subcategory"",""id"":""58654"",""name"":""short socks"",""locale"":""쇼트삭스"",""level"":4,""raw_order"":3}]",
uniqlo,E460776,E460776-000,BABY,,BABY,True,영유아(6개월~5세) > 레깅스 & 팬츠 > 레깅스,영유아(6개월~5세),57981,레깅스 & 팬츠,58113,레깅스,58714,,,https://www.uniqlo.com/kr/ko/products/E460776-000/00,uniqlo_hydration,"[{""role"":""gender"",""id"":""57925"",""name"":""baby"",""locale"":""BABY"",""level"":1,""raw_order"":0},{""role"":""class"",""id"":""57981"",""name"":""toddler"",""locale"":""영유아(6개월~5세)"",""level"":2,""raw_order"":1},{""role"":""category"",""id"":""58113"",""name"":""pants and leggings"",""locale"":""레깅스 & 팬츠"",""level"":3,""raw_order"":2},{""role"":""subcategory"",""id"":""58714"",""name"":""leggings"",""locale"":""레깅스"",""level"":4,""raw_order"":3}]",
uniqlo,E444557,E444557-000,MEN,,MEN,True,아우터 > 감탄 재킷 > 감탄 재킷 (라이트),아우터,57966,감탄 재킷,58036,감탄 재킷 (라이트),58376,,,https://www.uniqlo.com/kr/ko/products/E444557-000/00,uniqlo_hydration,"[{""role"":""gender"",""id"":""57893"",""name"":""men"",""locale"":""MEN"",""level"":1,""raw_order"":0},{""role"":""class"",""id"":""57966"",""name"":""outerwear"",""locale"":""아우터"",""level"":2,""raw_order"":1},{""role"":""category"",""id"":""58036"",""name"":""gamtan jackets"",""locale"":""감탄 재킷"",""level"":3,""raw_order"":2},{""role"":""subcategory"",""id"":""58376"",""name"":""cotton"",""locale"":""감탄 재킷 (라이트)"",""level"":4,""raw_order"":3}]",
uniqlo,E450540,E450540-000,WOMEN,,WOMEN,True,니트 & 가디건 > 니트 > 유니섹스,니트 & 가디건,95353,니트,95361,유니섹스,95379,,,https://www.uniqlo.com/kr/ko/products/E450540-000/00,uniqlo_hydration,"[{""role"":""gender"",""id"":""57892"",""name"":""women"",""locale"":""WOMEN"",""level"":1,""raw_order"":0},{""role"":""class"",""id"":""95353"",""name"":""sweaters and knitwear"",""locale"":""니트 & 가디건"",""level"":2,""raw_order"":1},{""role"":""category"",""id"":""95361"",""name"":""sweaters and knitwear"",""locale"":""니트"",""level"":3,""raw_order"":2},{""role"":""subcategory"",""id"":""95379"",""name"":""unisex"",""locale"":""유니섹스"",""level"":4,""raw_order"":3}]",
uniqlo,E465163,E465163-000,KIDS,,KIDS,True,청바지 & 팬츠 > 청바지 & 팬츠 > 조거 팬츠,청바지 & 팬츠,57975,청바지 & 팬츠,58082,조거 팬츠,58601,,,https://www.uniqlo.com/kr/ko/products/E465163-000/00,uniqlo_hydration,"[{""role"":""gender"",""id"":""57894"",""name"":""kids"",""locale"":""KIDS"",""level"":1,""raw_order"":0},{""role"":""class"",""id"":""57975"",""name"":""pants and skirts"",""locale"":""청바지 & 팬츠"",""level"":2,""raw_order"":1},{""role"":""category"",""id"":""58082"",""name"":""pants"",""locale"":""청바지 & 팬츠"",""level"":3,""raw_order"":2},{""role"":""subcategory"",""id"":""58601"",""name"":""jogger pants"",""locale"":""조거 팬츠"",""level"":4,""raw_order"":3}]",
uniqlo,E464536,E464536-000,BABY,,BABY,True,신생아(0개월~2세) > 레깅스 & 팬츠 > 레깅스,신생아(0개월~2세),57980,레깅스 & 팬츠,58105,레깅스,58689,,,https://www.uniqlo.com/kr/ko/products/E464536-000/00,uniqlo_hydration,"[{""role"":""gender"",""id"":""57925"",""name"":""baby"",""locale"":""BABY"",""level"":1,""raw_order"":0},{""role"":""class"",""id"":""57980"",""name"":""newborn"",""locale"":""신생아(0개월~2세)"",""level"":2,""raw_order"":1},{""role"":""category"",""id"":""58105"",""name"":""pants and leggings"",""locale"":""레깅스 & 팬츠"",""level"":3,""raw_order"":2},{""role"":""subcategory"",""id"":""58689"",""name"":""leggings"",""locale"":""레깅스"",""level"":4,""raw_order"":3}]",
uniqlo,E444557,E444557-001,MEN,,MEN,True,아우터 > 감탄 재킷 > 감탄 재킷 (라이트),아우터,57966,감탄 재킷,58036,감탄 재킷 (라이트),58376,,,https://www.uniqlo.com/kr/ko/products/E444557-001/00,uniqlo_hydration,"[{""role"":""gender"",""id"":""57893"",""name"":""men"",""locale"":""MEN"",""level"":1,""raw_order"":0},{""role"":""class"",""id"":""57966"",""name"":""outerwear"",""locale"":""아우터"",""level"":2,""raw_order"":1},{""role"":""category"",""id"":""58036"",""name"":""gamtan jackets"",""locale"":""감탄 재킷"",""level"":3,""raw_order"":2},{""role"":""subcategory"",""id"":""58376"",""name"":""cotton"",""locale"":""감탄 재킷 (라이트)"",""level"":4,""raw_order"":3}]",
uniqlo,E452298,E452298-000,WOMEN,,MEN,True,셔츠 > 캐주얼셔츠 > 옥스포드,셔츠,95356,캐주얼셔츠,95359,옥스포드,95424,,,https://www.uniqlo.com/kr/ko/products/E452298-000/00,uniqlo_hydration,"[{""role"":""gender"",""id"":""57893"",""name"":""men"",""locale"":""MEN"",""level"":1,""raw_order"":0},{""role"":""class"",""id"":""95356"",""name"":""shirts and polo shirts"",""locale"":""셔츠"",""level"":2,""raw_order"":1},{""role"":""category"",""id"":""95359"",""name"":""casual shirts"",""locale"":""캐주얼셔츠"",""level"":3,""raw_order"":2},{""role"":""subcategory"",""id"":""95424"",""name"":""oxford"",""locale"":""옥스포드"",""level"":4,""raw_order"":3}]",
uniqlo,E470362,E470362-000,KIDS,,KIDS,True,이너웨어 > 히트텍 > 긴팔,이너웨어,57978,히트텍,58092,긴팔,100097,,,https://www.uniqlo.com/kr/ko/products/E470362-000/00,uniqlo_hydration,"[{""role"":""gender"",""id"":""57894"",""name"":""kids"",""locale"":""KIDS"",""level"":1,""raw_order"":0},{""role"":""class"",""id"":""57978"",""name"":""innerwear"",""locale"":""이너웨어"",""level"":2,""raw_order"":1},{""role"":""category"",""id"":""58092"",""name"":""heattech"",""locale"":""히트텍"",""level"":3,""raw_order"":2},{""role"":""subcategory"",""id"":""100097"",""name"":""long sleeve"",""locale"":""긴팔"",""level"":4,""raw_order"":3}]",
uniqlo,E464637,E464637-000,BABY,,BABY,True,영유아(6개월~5세) > 이너웨어 > 코튼메쉬,영유아(6개월~5세),57981,이너웨어,58116,코튼메쉬,58725,,,https://www.uniqlo.com/kr/ko/products/E464637-000/00,uniqlo_hydration,"[{""role"":""gender"",""id"":""57925"",""name"":""baby"",""locale"":""BABY"",""level"":1,""raw_order"":0},{""role"":""class"",""id"":""57981"",""name"":""toddler"",""locale"":""영유아(6개월~5세)"",""level"":2,""raw_order"":1},{""role"":""category"",""id"":""58116"",""name"":""innerwear"",""locale"":""이너웨어"",""level"":3,""raw_order"":2},{""role"":""subcategory"",""id"":""58725"",""name"":""cotton mesh inner"",""locale"":""코튼메쉬"",""level"":4,""raw_order"":3}]",
uniqlo,E447780,E447780-000,MEN,,MEN,True,팬츠 > 감탄 팬츠 > 감탄 팬츠,팬츠,57968,감탄 팬츠,58052,감탄 팬츠,58466,,,https://www.uniqlo.com/kr/ko/products/E447780-000/00,uniqlo_hydration,"[{""role"":""gender"",""id"":""57893"",""name"":""men"",""locale"":""MEN"",""level"":1,""raw_order"":0},{""role"":""class"",""id"":""57968"",""name"":""bottoms"",""locale"":""팬츠"",""level"":2,""raw_order"":1},{""role"":""category"",""id"":""58052"",""name"":""gamtan pants"",""locale"":""감탄 팬츠"",""level"":3,""raw_order"":2},{""role"":""subcategory"",""id"":""58466"",""name"":""gamtan pants"",""locale"":""감탄 팬츠"",""level"":4,""raw_order"":3}]",
uniqlo,E453754,E453754-000,WOMEN,,MEN,True,니트 & 가디건 > 니트 > 크루넥 니트,니트 & 가디건,95355,니트,95357,크루넥 니트,95405,,,https://www.uniqlo.com/kr/ko/products/E453754-000/00,uniqlo_hydration,"[{""role"":""gender"",""id"":""57893"",""name"":""men"",""locale"":""MEN"",""level"":1,""raw_order"":0},{""role"":""class"",""id"":""95355"",""name"":""sweaters and knitwear"",""locale"":""니트 & 가디건"",""level"":2,""raw_order"":1},{""role"":""category"",""id"":""95357"",""name"":""sweaters and knitwear"",""locale"":""니트"",""level"":3,""raw_order"":2},{""role"":""subcategory"",""id"":""95405"",""name"":""crew neck"",""locale"":""크루넥 니트"",""level"":4,""raw_order"":3}]",
uniqlo,E470366,E470366-000,KIDS,,KIDS,True,이너웨어 > 히트텍 > 히트텍 울트라 웜,이너웨어,57978,히트텍,58092,히트텍 울트라 웜,100099,,,https://www.uniqlo.com/kr/ko/products/E470366-000/00,uniqlo_hydration,"[{""role"":""gender"",""id"":""57894"",""name"":""kids"",""locale"":""KIDS"",""level"":1,""raw_order"":0},{""role"":""class"",""id"":""57978"",""name"":""innerwear"",""locale"":""이너웨어"",""level"":2,""raw_order"":1},{""role"":""category"",""id"":""58092"",""name"":""heattech"",""locale"":""히트텍"",""level"":3,""raw_order"":2},{""role"":""subcategory"",""id"":""100099"",""name"":""heattech ultra warm"",""locale"":""히트텍 울트라 웜"",""level"":4,""raw_order"":3}]",
uniqlo,E466434,E466434-000,BABY,,BABY,True,신생아(0개월~2세) > 바디수트 > 코튼,신생아(0개월~2세),57980,바디수트,58102,코튼,58672,,,https://www.uniqlo.com/kr/ko/products/E466434-000/00,uniqlo_hydration,"[{""role"":""gender"",""id"":""57925"",""name"":""baby"",""locale"":""BABY"",""level"":1,""raw_order"":0},{""role"":""class"",""id"":""57980"",""name"":""newborn"",""locale"":""신생아(0개월~2세)"",""level"":2,""raw_order"":1},{""role"":""category"",""id"":""58102"",""name"":""bodysuits"",""locale"":""바디수트"",""level"":3,""raw_order"":2},{""role"":""subcategory"",""id"":""58672"",""name"":""cotton"",""locale"":""코튼"",""level"":4,""raw_order"":3}]",
uniqlo,E448034,E448034-000,MEN,,MEN,True,아우터 > 감탄 재킷 > 감탄 재킷,아우터,57966,감탄 재킷,58036,감탄 재킷,58375,,,https://www.uniqlo.com/kr/ko/products/E448034-000/00,uniqlo_hydration,"[{""role"":""gender"",""id"":""57893"",""name"":""men"",""locale"":""MEN"",""level"":1,""raw_order"":0},{""role"":""class"",""id"":""57966"",""name"":""outerwear"",""locale"":""아우터"",""level"":2,""raw_order"":1},{""role"":""category"",""id"":""58036"",""name"":""gamtan jackets"",""locale"":""감탄 재킷"",""level"":3,""raw_order"":2},{""role"":""subcategory"",""id"":""58375"",""name"":""wool"",""locale"":""감탄 재킷"",""level"":4,""raw_order"":3}]",
uniqlo,E455942,E455942-000,WOMEN,,WOMEN,True,에어리즘 > 팬츠 > 조거,에어리즘,81619,팬츠,82085,조거,82136,,,https://www.uniqlo.com/kr/ko/products/E455942-000/00,uniqlo_hydration,"[{""role"":""gender"",""id"":""57892"",""name"":""women"",""locale"":""WOMEN"",""level"":1,""raw_order"":0},{""role"":""class"",""id"":""81619"",""name"":""airism"",""locale"":""에어리즘"",""level"":2,""raw_order"":1},{""role"":""category"",""id"":""82085"",""name"":""bottoms"",""locale"":""팬츠"",""level"":3,""raw_order"":2},{""role"":""subcategory"",""id"":""82136"",""name"":""jogger"",""locale"":""조거"",""level"":4,""raw_order"":3}]",
uniqlo,E470374,E470374-000,KIDS,,KIDS,True,이너웨어 > 레깅스 & 타이즈 > HEATTECH,이너웨어,57978,레깅스 & 타이즈,58094,HEATTECH,58648,,,https://www.uniqlo.com/kr/ko/products/E470374-000/00,uniqlo_hydration,"[{""role"":""gender"",""id"":""57894"",""name"":""kids"",""locale"":""KIDS"",""level"":1,""raw_order"":0},{""role"":""class"",""id"":""57978"",""name"":""innerwear"",""locale"":""이너웨어"",""level"":2,""raw_order"":1},{""role"":""category"",""id"":""58094"",""name"":""leggings and tights"",""locale"":""레깅스 & 타이즈"",""level"":3,""raw_order"":2},{""role"":""subcategory"",""id"":""58648"",""name"":""heattech"",""locale"":""HEATTECH"",""level"":4,""raw_order"":3}]",
uniqlo,E469617,E469617-000,BABY,,BABY,True,영유아(6개월~5세) > 레깅스 & 팬츠 > 레깅스,영유아(6개월~5세),57981,레깅스 & 팬츠,58113,레깅스,58714,,,https://www.uniqlo.com/kr/ko/products/E469617-000/00,uniqlo_hydration,"[{""role"":""gender"",""id"":""57925"",""name"":""baby"",""locale"":""BABY"",""level"":1,""raw_order"":0},{""role"":""class"",""id"":""57981"",""name"":""toddler"",""locale"":""영유아(6개월~5세)"",""level"":2,""raw_order"":1},{""role"":""category"",""id"":""58113"",""name"":""pants and leggings"",""locale"":""레깅스 & 팬츠"",""level"":3,""raw_order"":2},{""role"":""subcategory"",""id"":""58714"",""name"":""leggings"",""locale"":""레깅스"",""level"":4,""raw_order"":3}]",
uniqlo,E448039,E448039-000,MEN,,MEN,True,아우터 > 감탄 재킷 > 감탄 재킷 (CUSTOM ORDER),아우터,57966,감탄 재킷,58036,감탄 재킷 (CUSTOM ORDER),116908,,,https://www.uniqlo.com/kr/ko/products/E448039-000/00,uniqlo_hydration,"[{""role"":""gender"",""id"":""57893"",""name"":""men"",""locale"":""MEN"",""level"":1,""raw_order"":0},{""role"":""class"",""id"":""57966"",""name"":""outerwear"",""locale"":""아우터"",""level"":2,""raw_order"":1},{""role"":""category"",""id"":""58036"",""name"":""gamtan jackets"",""locale"":""감탄 재킷"",""level"":3,""raw_order"":2},{""role"":""subcategory"",""id"":""116908"",""name"":""uniqlo custom order"",""locale"":""감탄 재킷 (CUSTOM ORDER)"",""level"":4,""raw_order"":3}]",
uniqlo,E455957,E455957-000,WOMEN,,MEN,True,셔츠 > 캐주얼셔츠 > 리넨,셔츠,95356,캐주얼셔츠,95359,리넨,95427,,,https://www.uniqlo.com/kr/ko/products/E455957-000/00,uniqlo_hydration,"[{""role"":""gender"",""id"":""57893"",""name"":""men"",""locale"":""MEN"",""level"":1,""raw_order"":0},{""role"":""class"",""id"":""95356"",""name"":""shirts and polo shirts"",""locale"":""셔츠"",""level"":2,""raw_order"":1},{""role"":""category"",""id"":""95359"",""name"":""casual shirts"",""locale"":""캐주얼셔츠"",""level"":3,""raw_order"":2},{""role"":""subcategory"",""id"":""95427"",""name"":""linen"",""locale"":""리넨"",""level"":4,""raw_order"":3}]",
uniqlo,E473486,E473486-000,KIDS,,KIDS,True,티셔츠 & UT > 그래픽티셔츠 > STUDIO GHIBLI,티셔츠 & UT,57974,그래픽티셔츠,58081,STUDIO GHIBLI,81250,,,https://www.uniqlo.com/kr/ko/products/E473486-000/00,uniqlo_hydration,"[{""role"":""gender"",""id"":""57894"",""name"":""kids"",""locale"":""KIDS"",""level"":1,""raw_order"":0},{""role"":""class"",""id"":""57974"",""name"":""tops"",""locale"":""티셔츠 & UT"",""level"":2,""raw_order"":1},{""role"":""category"",""id"":""58081"",""name"":""ut graphic tees"",""locale"":""그래픽티셔츠"",""level"":3,""raw_order"":2},{""role"":""subcategory"",""id"":""81250"",""name"":""studio ghibli 23fw"",""locale"":""STUDIO GHIBLI"",""level"":4,""raw_order"":3}]",
uniqlo,E470836,E470836-000,BABY,,BABY,True,영유아(6개월~5세) > 양말 > 레귤러삭스,영유아(6개월~5세),57981,양말,58117,레귤러삭스,58731,,,https://www.uniqlo.com/kr/ko/products/E470836-000/00,uniqlo_hydration,"[{""role"":""gender"",""id"":""57925"",""name"":""baby"",""locale"":""BABY"",""level"":1,""raw_order"":0},{""role"":""class"",""id"":""57981"",""name"":""toddler"",""locale"":""영유아(6개월~5세)"",""level"":2,""raw_order"":1},{""role"":""category"",""id"":""58117"",""name"":""socks"",""locale"":""양말"",""level"":3,""raw_order"":2},{""role"":""subcategory"",""id"":""58731"",""name"":""regular socks"",""locale"":""레귤러삭스"",""level"":4,""raw_order"":3}]",
uniqlo,E448040,E448040-000,MEN,,MEN,True,아우터 > 감탄 재킷 > 감탄 재킷 (CUSTOM ORDER),아우터,57966,감탄 재킷,58036,감탄 재킷 (CUSTOM ORDER),116908,,,https://www.uniqlo.com/kr/ko/products/E448040-000/00,uniqlo_hydration,"[{""role"":""gender"",""id"":""57893"",""name"":""men"",""locale"":""MEN"",""level"":1,""raw_order"":0},{""role"":""class"",""id"":""57966"",""name"":""outerwear"",""locale"":""아우터"",""level"":2,""raw_order"":1},{""role"":""category"",""id"":""58036"",""name"":""gamtan jackets"",""locale"":""감탄 재킷"",""level"":3,""raw_order"":2},{""role"":""subcategory"",""id"":""116908"",""name"":""uniqlo custom order"",""locale"":""감탄 재킷 (CUSTOM ORDER)"",""level"":4,""raw_order"":3}]",
uniqlo,E457111,E457111-000,WOMEN,,MEN,True,티셔츠 & 스웨트셔츠 & UT > PEACE FOR ALL > 그래픽 티셔츠,티셔츠 & 스웨트셔츠 & UT,57967,PEACE FOR ALL,58950,그래픽 티셔츠,58951,,,https://www.uniqlo.com/kr/ko/products/E457111-000/00,uniqlo_hydration,"[{""role"":""gender"",""id"":""57893"",""name"":""men"",""locale"":""MEN"",""level"":1,""raw_order"":0},{""role"":""class"",""id"":""57967"",""name"":""tops"",""locale"":""티셔츠 & 스웨트셔츠 & UT"",""level"":2,""raw_order"":1},{""role"":""category"",""id"":""58950"",""name"":""peace for all"",""locale"":""PEACE FOR ALL"",""level"":3,""raw_order"":2},{""role"":""subcategory"",""id"":""58951"",""name"":""graphic tees"",""locale"":""그래픽 티셔츠"",""level"":4,""raw_order"":3}]",
uniqlo,E474592,E474592-000,KIDS,,KIDS,True,티셔츠 & UT > 티셔츠 (반팔 & 긴팔) > 에어리즘 코튼,티셔츠 & UT,57974,티셔츠 (반팔 & 긴팔),58078,에어리즘 코튼,58587,,,https://www.uniqlo.com/kr/ko/products/E474592-000/00,uniqlo_hydration,"[{""role"":""gender"",""id"":""57894"",""name"":""kids"",""locale"":""KIDS"",""level"":1,""raw_order"":0},{""role"":""class"",""id"":""57974"",""name"":""tops"",""locale"":""티셔츠 & UT"",""level"":2,""raw_order"":1},{""role"":""category"",""id"":""58078"",""name"":""t shirts"",""locale"":""티셔츠 (반팔 & 긴팔)"",""level"":3,""raw_order"":2},{""role"":""subcategory"",""id"":""58587"",""name"":""airism cotton"",""locale"":""에어리즘 코튼"",""level"":4,""raw_order"":3}]",
uniqlo,E473559,E473559-000,BABY,,BABY,True,영유아(6개월~5세) > 그래픽티셔츠 > STUDIO GHIBLI,영유아(6개월~5세),57981,그래픽티셔츠,58112,STUDIO GHIBLI,81253,,,https://www.uniqlo.com/kr/ko/products/E473559-000/00,uniqlo_hydration,"[{""role"":""gender"",""id"":""57925"",""name"":""baby"",""locale"":""BABY"",""level"":1,""raw_order"":0},{""role"":""class"",""id"":""57981"",""name"":""toddler"",""locale"":""영유아(6개월~5세)"",""level"":2,""raw_order"":1},{""role"":""category"",""id"":""58112"",""name"":""ut graphic tees"",""locale"":""그래픽티셔츠"",""level"":3,""raw_order"":2},{""role"":""subcategory"",""id"":""81253"",""name"":""studio ghibli"",""locale"":""STUDIO GHIBLI"",""level"":4,""raw_order"":3}]",
uniqlo,E448041,E448041-000,MEN,,MEN,True,아우터 > 감탄 재킷 > 감탄 재킷 (CUSTOM ORDER),아우터,57966,감탄 재킷,58036,감탄 재킷 (CUSTOM ORDER),116908,,,https://www.uniqlo.com/kr/ko/products/E448041-000/00,uniqlo_hydration,"[{""role"":""gender"",""id"":""57893"",""name"":""men"",""locale"":""MEN"",""level"":1,""raw_order"":0},{""role"":""class"",""id"":""57966"",""name"":""outerwear"",""locale"":""아우터"",""level"":2,""raw_order"":1},{""role"":""category"",""id"":""58036"",""name"":""gamtan jackets"",""locale"":""감탄 재킷"",""level"":3,""raw_order"":2},{""role"":""subcategory"",""id"":""116908"",""name"":""uniqlo custom order"",""locale"":""감탄 재킷 (CUSTOM ORDER)"",""level"":4,""raw_order"":3}]",
uniqlo,E457119,E457119-000,WOMEN,,MEN,True,티셔츠 & 스웨트셔츠 & UT > PEACE FOR ALL > 그래픽 티셔츠,티셔츠 & 스웨트셔츠 & UT,57967,PEACE FOR ALL,58950,그래픽 티셔츠,58951,,,https://www.uniqlo.com/kr/ko/products/E457119-000/00,uniqlo_hydration,"[{""role"":""gender"",""id"":""57893"",""name"":""men"",""locale"":""MEN"",""level"":1,""raw_order"":0},{""role"":""class"",""id"":""57967"",""name"":""tops"",""locale"":""티셔츠 & 스웨트셔츠 & UT"",""level"":2,""raw_order"":1},{""role"":""category"",""id"":""58950"",""name"":""peace for all"",""locale"":""PEACE FOR ALL"",""level"":3,""raw_order"":2},{""role"":""subcategory"",""id"":""58951"",""name"":""graphic tees"",""locale"":""그래픽 티셔츠"",""level"":4,""raw_order"":3}]",
uniqlo,E474816,E474816-000,KIDS,,KIDS,True,이너웨어 > 주니어브라 & 브라탑 > 브라탑,이너웨어,57978,주니어브라 & 브라탑,58093,브라탑,58646,,,https://www.uniqlo.com/kr/ko/products/E474816-000/00,uniqlo_hydration,"[{""role"":""gender"",""id"":""57894"",""name"":""kids"",""locale"":""KIDS"",""level"":1,""raw_order"":0},{""role"":""class"",""id"":""57978"",""name"":""innerwear"",""locale"":""이너웨어"",""level"":2,""raw_order"":1},{""role"":""category"",""id"":""58093"",""name"":""bras and bra tops"",""locale"":""주니어브라 & 브라탑"",""level"":3,""raw_order"":2},{""role"":""subcategory"",""id"":""58646"",""name"":""bra top"",""locale"":""브라탑"",""level"":4,""raw_order"":3}]",
uniqlo,E473633,E473633-000,BABY,,BABY,True,신생아(0개월~2세) > 레깅스 & 팬츠 > 크롭레깅스,신생아(0개월~2세),57980,레깅스 & 팬츠,58105,크롭레깅스,58690,,,https://www.uniqlo.com/kr/ko/products/E473633-000/00,uniqlo_hydration,"[{""role"":""gender"",""id"":""57925"",""name"":""baby"",""locale"":""BABY"",""level"":1,""raw_order"":0},{""role"":""class"",""id"":""57980"",""name"":""newborn"",""locale"":""신생아(0개월~2세)"",""level"":2,""raw_order"":1},{""role"":""category"",""id"":""58105"",""name"":""pants and leggings"",""locale"":""레깅스 & 팬츠"",""level"":3,""raw_order"":2},{""role"":""subcategory"",""id"":""58690"",""name"":""cropped leggings"",""locale"":""크롭레깅스"",""level"":4,""raw_order"":3}]",
uniqlo,E448042,E448042-000,MEN,,MEN,True,아우터 > 감탄 재킷 > 감탄 재킷 (CUSTOM ORDER),아우터,57966,감탄 재킷,58036,감탄 재킷 (CUSTOM ORDER),116908,,,https://www.uniqlo.com/kr/ko/products/E448042-000/00,uniqlo_hydration,"[{""role"":""gender"",""id"":""57893"",""name"":""men"",""locale"":""MEN"",""level"":1,""raw_order"":0},{""role"":""class"",""id"":""57966"",""name"":""outerwear"",""locale"":""아우터"",""level"":2,""raw_order"":1},{""role"":""category"",""id"":""58036"",""name"":""gamtan jackets"",""locale"":""감탄 재킷"",""level"":3,""raw_order"":2},{""role"":""subcategory"",""id"":""116908"",""name"":""uniqlo custom order"",""locale"":""감탄 재킷 (CUSTOM ORDER)"",""level"":4,""raw_order"":3}]",
uniqlo,E457120,E457120-000,WOMEN,,MEN,True,티셔츠 & 스웨트셔츠 & UT > PEACE FOR ALL > 그래픽 티셔츠,티셔츠 & 스웨트셔츠 & UT,57967,PEACE FOR ALL,58950,그래픽 티셔츠,58951,,,https://www.uniqlo.com/kr/ko/products/E457120-000/00,uniqlo_hydration,"[{""role"":""gender"",""id"":""57893"",""name"":""men"",""locale"":""MEN"",""level"":1,""raw_order"":0},{""role"":""class"",""id"":""57967"",""name"":""tops"",""locale"":""티셔츠 & 스웨트셔츠 & UT"",""level"":2,""raw_order"":1},{""role"":""category"",""id"":""58950"",""name"":""peace for all"",""locale"":""PEACE FOR ALL"",""level"":3,""raw_order"":2},{""role"":""subcategory"",""id"":""58951"",""name"":""graphic tees"",""locale"":""그래픽 티셔츠"",""level"":4,""raw_order"":3}]",
uniqlo,E474832,E474832-000,KIDS,,KIDS,True,티셔츠 & UT > 티셔츠 (반팔 & 긴팔) > 에어리즘 코튼,티셔츠 & UT,57974,티셔츠 (반팔 & 긴팔),58078,에어리즘 코튼,58587,,,https://www.uniqlo.com/kr/ko/products/E474832-000/00,uniqlo_hydration,"[{""role"":""gender"",""id"":""57894"",""name"":""kids"",""locale"":""KIDS"",""level"":1,""raw_order"":0},{""role"":""class"",""id"":""57974"",""name"":""tops"",""locale"":""티셔츠 & UT"",""level"":2,""raw_order"":1},{""role"":""category"",""id"":""58078"",""name"":""t shirts"",""locale"":""티셔츠 (반팔 & 긴팔)"",""level"":3,""raw_order"":2},{""role"":""subcategory"",""id"":""58587"",""name"":""airism cotton"",""locale"":""에어리즘 코튼"",""level"":4,""raw_order"":3}]",
uniqlo,E473721,E473721-000,BABY,,BABY,True,신생아(0개월~2세) > 바디수트 > 코튼메쉬,신생아(0개월~2세),57980,바디수트,58102,코튼메쉬,58673,,,https://www.uniqlo.com/kr/ko/products/E473721-000/00,uniqlo_hydration,"[{""role"":""gender"",""id"":""57925"",""name"":""baby"",""locale"":""BABY"",""level"":1,""raw_order"":0},{""role"":""class"",""id"":""57980"",""name"":""newborn"",""locale"":""신생아(0개월~2세)"",""level"":2,""raw_order"":1},{""role"":""category"",""id"":""58102"",""name"":""bodysuits"",""locale"":""바디수트"",""level"":3,""raw_order"":2},{""role"":""subcategory"",""id"":""58673"",""name"":""cotton mesh"",""locale"":""코튼메쉬"",""level"":4,""raw_order"":3}]",
uniqlo,E448043,E448043-000,MEN,,MEN,True,아우터 > 감탄 재킷 > 감탄 재킷 (CUSTOM ORDER),아우터,57966,감탄 재킷,58036,감탄 재킷 (CUSTOM ORDER),116908,,,https://www.uniqlo.com/kr/ko/products/E448043-000/00,uniqlo_hydration,"[{""role"":""gender"",""id"":""57893"",""name"":""men"",""locale"":""MEN"",""level"":1,""raw_order"":0},{""role"":""class"",""id"":""57966"",""name"":""outerwear"",""locale"":""아우터"",""level"":2,""raw_order"":1},{""role"":""category"",""id"":""58036"",""name"":""gamtan jackets"",""locale"":""감탄 재킷"",""level"":3,""raw_order"":2},{""role"":""subcategory"",""id"":""116908"",""name"":""uniqlo custom order"",""locale"":""감탄 재킷 (CUSTOM ORDER)"",""level"":4,""raw_order"":3}]",
uniqlo,E457122,E457122-000,WOMEN,,MEN,True,티셔츠 & 스웨트셔츠 & UT > PEACE FOR ALL > 그래픽 티셔츠,티셔츠 & 스웨트셔츠 & UT,57967,PEACE FOR ALL,58950,그래픽 티셔츠,58951,,,https://www.uniqlo.com/kr/ko/products/E457122-000/00,uniqlo_hydration,"[{""role"":""gender"",""id"":""57893"",""name"":""men"",""locale"":""MEN"",""level"":1,""raw_order"":0},{""role"":""class"",""id"":""57967"",""name"":""tops"",""locale"":""티셔츠 & 스웨트셔츠 & UT"",""level"":2,""raw_order"":1},{""role"":""category"",""id"":""58950"",""name"":""peace for all"",""locale"":""PEACE FOR ALL"",""level"":3,""raw_order"":2},{""role"":""subcategory"",""id"":""58951"",""name"":""graphic tees"",""locale"":""그래픽 티셔츠"",""level"":4,""raw_order"":3}]",
uniqlo,E474858,E474858-000,KIDS,,KIDS,True,이너웨어 > 양말 > 레귤러삭스,이너웨어,57978,양말,58096,레귤러삭스,58653,,,https://www.uniqlo.com/kr/ko/products/E474858-000/00,uniqlo_hydration,"[{""role"":""gender"",""id"":""57894"",""name"":""kids"",""locale"":""KIDS"",""level"":1,""raw_order"":0},{""role"":""class"",""id"":""57978"",""name"":""innerwear"",""locale"":""이너웨어"",""level"":2,""raw_order"":1},{""role"":""category"",""id"":""58096"",""name"":""socks"",""locale"":""양말"",""level"":3,""raw_order"":2},{""role"":""subcategory"",""id"":""58653"",""name"":""regular socks"",""locale"":""레귤러삭스"",""level"":4,""raw_order"":3}]",
uniqlo,E478444,E478444-000,BABY,,BABY,True,신생아(0개월~2세) > 티셔츠 & 스웨트셔츠 > 티셔츠(긴팔),신생아(0개월~2세),57980,티셔츠 & 스웨트셔츠,58104,티셔츠(긴팔),58685,,,https://www.uniqlo.com/kr/ko/products/E478444-000/00,uniqlo_hydration,"[{""role"":""gender"",""id"":""57925"",""name"":""baby"",""locale"":""BABY"",""level"":1,""raw_order"":0},{""role"":""class"",""id"":""57980"",""name"":""newborn"",""locale"":""신생아(0개월~2세)"",""level"":2,""raw_order"":1},{""role"":""category"",""id"":""58104"",""name"":""tops"",""locale"":""티셔츠 & 스웨트셔츠"",""level"":3,""raw_order"":2},{""role"":""subcategory"",""id"":""58685"",""name"":""long sleeve"",""locale"":""티셔츠(긴팔)"",""level"":4,""raw_order"":3}]",
uniqlo,E448044,E448044-000,MEN,,MEN,True,아우터 > 감탄 재킷 > 감탄 재킷 (CUSTOM ORDER),아우터,57966,감탄 재킷,58036,감탄 재킷 (CUSTOM ORDER),116908,,,https://www.uniqlo.com/kr/ko/products/E448044-000/00,uniqlo_hydration,"[{""role"":""gender"",""id"":""57893"",""name"":""men"",""locale"":""MEN"",""level"":1,""raw_order"":0},{""role"":""class"",""id"":""57966"",""name"":""outerwear"",""locale"":""아우터"",""level"":2,""raw_order"":1},{""role"":""category"",""id"":""58036"",""name"":""gamtan jackets"",""locale"":""감탄 재킷"",""level"":3,""raw_order"":2},{""role"":""subcategory"",""id"":""116908"",""name"":""uniqlo custom order"",""locale"":""감탄 재킷 (CUSTOM ORDER)"",""level"":4,""raw_order"":3}]",
uniqlo,E457857,E457857-000,WOMEN,,MEN,True,티셔츠 & 스웨트셔츠 & UT > PEACE FOR ALL > 그래픽 티셔츠,티셔츠 & 스웨트셔츠 & UT,57967,PEACE FOR ALL,58950,그래픽 티셔츠,58951,,,https://www.uniqlo.com/kr/ko/products/E457857-000/00,uniqlo_hydration,"[{""role"":""gender"",""id"":""57893"",""name"":""men"",""locale"":""MEN"",""level"":1,""raw_order"":0},{""role"":""class"",""id"":""57967"",""name"":""tops"",""locale"":""티셔츠 & 스웨트셔츠 & UT"",""level"":2,""raw_order"":1},{""role"":""category"",""id"":""58950"",""name"":""peace for all"",""locale"":""PEACE FOR ALL"",""level"":3,""raw_order"":2},{""role"":""subcategory"",""id"":""58951"",""name"":""graphic tees"",""locale"":""그래픽 티셔츠"",""level"":4,""raw_order"":3}]",
uniqlo,E478123,E478123-000,KIDS,,KIDS,True,아우터 > 재킷 & 파카 > 패딩,아우터,57973,재킷 & 파카,58075,패딩,58576,,,https://www.uniqlo.com/kr/ko/products/E478123-000/00,uniqlo_hydration,"[{""role"":""gender"",""id"":""57894"",""name"":""kids"",""locale"":""KIDS"",""level"":1,""raw_order"":0},{""role"":""class"",""id"":""57973"",""name"":""outerwear"",""locale"":""아우터"",""level"":2,""raw_order"":1},{""role"":""category"",""id"":""58075"",""name"":""parkas and blousons"",""locale"":""재킷 & 파카"",""level"":3,""raw_order"":2},{""role"":""subcategory"",""id"":""58576"",""name"":""padding"",""locale"":""패딩"",""level"":4,""raw_order"":3}]",
uniqlo,E478456,E478456-000,BABY,,BABY,True,신생아(0개월~2세) > 레깅스 & 팬츠 > 레깅스,신생아(0개월~2세),57980,레깅스 & 팬츠,58105,레깅스,58689,,,https://www.uniqlo.com/kr/ko/products/E478456-000/00,uniqlo_hydration,"[{""role"":""gender"",""id"":""57925"",""name"":""baby"",""locale"":""BABY"",""level"":1,""raw_order"":0},{""role"":""class"",""id"":""57980"",""name"":""newborn"",""locale"":""신생아(0개월~2세)"",""level"":2,""raw_order"":1},{""role"":""category"",""id"":""58105"",""name"":""pants and leggings"",""locale"":""레깅스 & 팬츠"",""level"":3,""raw_order"":2},{""role"":""subcategory"",""id"":""58689"",""name"":""leggings"",""locale"":""레깅스"",""level"":4,""raw_order"":3}]",
uniqlo,E448045,E448045-000,MEN,,MEN,True,아우터 > 감탄 재킷 > 감탄 재킷 (CUSTOM ORDER),아우터,57966,감탄 재킷,58036,감탄 재킷 (CUSTOM ORDER),116908,,,https://www.uniqlo.com/kr/ko/products/E448045-000/00,uniqlo_hydration,"[{""role"":""gender"",""id"":""57893"",""name"":""men"",""locale"":""MEN"",""level"":1,""raw_order"":0},{""role"":""class"",""id"":""57966"",""name"":""outerwear"",""locale"":""아우터"",""level"":2,""raw_order"":1},{""role"":""category"",""id"":""58036"",""name"":""gamtan jackets"",""locale"":""감탄 재킷"",""level"":3,""raw_order"":2},{""role"":""subcategory"",""id"":""116908"",""name"":""uniqlo custom order"",""locale"":""감탄 재킷 (CUSTOM ORDER)"",""level"":4,""raw_order"":3}]",
uniqlo,E457911,E457911-000,WOMEN,,WOMEN,True,이너웨어 > 에어리즘 > 캐미솔,이너웨어,57963,에어리즘,58018,캐미솔,58275,,,https://www.uniqlo.com/kr/ko/products/E457911-000/00,uniqlo_hydration,"[{""role"":""gender"",""id"":""57892"",""name"":""women"",""locale"":""WOMEN"",""level"":1,""raw_order"":0},{""role"":""class"",""id"":""57963"",""name"":""innerwear"",""locale"":""이너웨어"",""level"":2,""raw_order"":1},{""role"":""category"",""id"":""58018"",""name"":""airism"",""locale"":""에어리즘"",""level"":3,""raw_order"":2},{""role"":""subcategory"",""id"":""58275"",""name"":""camisole"",""locale"":""캐미솔"",""level"":4,""raw_order"":3}]",
uniqlo,E478610,E478610-000,KIDS,,KIDS,True,이너웨어 > 양말 > 쇼트삭스,이너웨어,57978,양말,58096,쇼트삭스,58654,,,https://www.uniqlo.com/kr/ko/products/E478610-000/00,uniqlo_hydration,"[{""role"":""gender"",""id"":""57894"",""name"":""kids"",""locale"":""KIDS"",""level"":1,""raw_order"":0},{""role"":""class"",""id"":""57978"",""name"":""innerwear"",""locale"":""이너웨어"",""level"":2,""raw_order"":1},{""role"":""category"",""id"":""58096"",""name"":""socks"",""locale"":""양말"",""level"":3,""raw_order"":2},{""role"":""subcategory"",""id"":""58654"",""name"":""short socks"",""locale"":""쇼트삭스"",""level"":4,""raw_order"":3}]",
uniqlo,E481761,E481761-000,BABY,,BABY,True,신생아(0개월~2세) > 바디수트 > 코튼메쉬,신생아(0개월~2세),57980,바디수트,58102,코튼메쉬,58673,,,https://www.uniqlo.com/kr/ko/products/E481761-000/00,uniqlo_hydration,"[{""role"":""gender"",""id"":""57925"",""name"":""baby"",""locale"":""BABY"",""level"":1,""raw_order"":0},{""role"":""class"",""id"":""57980"",""name"":""newborn"",""locale"":""신생아(0개월~2세)"",""level"":2,""raw_order"":1},{""role"":""category"",""id"":""58102"",""name"":""bodysuits"",""locale"":""바디수트"",""level"":3,""raw_order"":2},{""role"":""subcategory"",""id"":""58673"",""name"":""cotton mesh"",""locale"":""코튼메쉬"",""level"":4,""raw_order"":3}]",
uniqlo,E450179,E450179-000,MEN,,MEN,True,티셔츠 & 스웨트셔츠 & UT > 티셔츠 (반팔 & 긴팔) > 긴팔,티셔츠 & 스웨트셔츠 & UT,57967,티셔츠 (반팔 & 긴팔),58039,긴팔,58394,,,https://www.uniqlo.com/kr/ko/products/E450179-000/00,uniqlo_hydration,"[{""role"":""gender"",""id"":""57893"",""name"":""men"",""locale"":""MEN"",""level"":1,""raw_order"":0},{""role"":""class"",""id"":""57967"",""name"":""tops"",""locale"":""티셔츠 & 스웨트셔츠 & UT"",""level"":2,""raw_order"":1},{""role"":""category"",""id"":""58039"",""name"":""t shirts"",""locale"":""티셔츠 (반팔 & 긴팔)"",""level"":3,""raw_order"":2},{""role"":""subcategory"",""id"":""58394"",""name"":""long sleeve"",""locale"":""긴팔"",""level"":4,""raw_order"":3}]",
uniqlo,E457912,E457912-000,WOMEN,,WOMEN,True,이너웨어 > 에어리즘 > 탱크탑,이너웨어,57963,에어리즘,58018,탱크탑,58274,,,https://www.uniqlo.com/kr/ko/products/E457912-000/00,uniqlo_hydration,"[{""role"":""gender"",""id"":""57892"",""name"":""women"",""locale"":""WOMEN"",""level"":1,""raw_order"":0},{""role"":""class"",""id"":""57963"",""name"":""innerwear"",""locale"":""이너웨어"",""level"":2,""raw_order"":1},{""role"":""category"",""id"":""58018"",""name"":""airism"",""locale"":""에어리즘"",""level"":3,""raw_order"":2},{""role"":""subcategory"",""id"":""58274"",""name"":""tank top"",""locale"":""탱크탑"",""level"":4,""raw_order"":3}]",
uniqlo,E478617,E478617-000,KIDS,,KIDS,True,이너웨어 > 양말 > 레귤러삭스,이너웨어,57978,양말,58096,레귤러삭스,58653,,,https://www.uniqlo.com/kr/ko/products/E478617-000/00,uniqlo_hydration,"[{""role"":""gender"",""id"":""57894"",""name"":""kids"",""locale"":""KIDS"",""level"":1,""raw_order"":0},{""role"":""class"",""id"":""57978"",""name"":""innerwear"",""locale"":""이너웨어"",""level"":2,""raw_order"":1},{""role"":""category"",""id"":""58096"",""name"":""socks"",""locale"":""양말"",""level"":3,""raw_order"":2},{""role"":""subcategory"",""id"":""58653"",""name"":""regular socks"",""locale"":""레귤러삭스"",""level"":4,""raw_order"":3}]",
uniqlo,E481761,E481761-001,BABY,,BABY,True,신생아(0개월~2세) > 바디수트 > 코튼메쉬,신생아(0개월~2세),57980,바디수트,58102,코튼메쉬,58673,,,https://www.uniqlo.com/kr/ko/products/E481761-001/00,uniqlo_hydration,"[{""role"":""gender"",""id"":""57925"",""name"":""baby"",""locale"":""BABY"",""level"":1,""raw_order"":0},{""role"":""class"",""id"":""57980"",""name"":""newborn"",""locale"":""신생아(0개월~2세)"",""level"":2,""raw_order"":1},{""role"":""category"",""id"":""58102"",""name"":""bodysuits"",""locale"":""바디수트"",""level"":3,""raw_order"":2},{""role"":""subcategory"",""id"":""58673"",""name"":""cotton mesh"",""locale"":""코튼메쉬"",""level"":4,""raw_order"":3}]",
uniqlo,E450251,E450251-000,MEN,,MEN,True,팬츠 > 치노 팬츠 > 슬림,팬츠,57968,치노 팬츠,58047,슬림,58446,,,https://www.uniqlo.com/kr/ko/products/E450251-000/00,uniqlo_hydration,"[{""role"":""gender"",""id"":""57893"",""name"":""men"",""locale"":""MEN"",""level"":1,""raw_order"":0},{""role"":""class"",""id"":""57968"",""name"":""bottoms"",""locale"":""팬츠"",""level"":2,""raw_order"":1},{""role"":""category"",""id"":""58047"",""name"":""chinos"",""locale"":""치노 팬츠"",""level"":3,""raw_order"":2},{""role"":""subcategory"",""id"":""58446"",""name"":""slim"",""locale"":""슬림"",""level"":4,""raw_order"":3}]",
uniqlo,E457913,E457913-000,WOMEN,,WOMEN,True,이너웨어 > 에어리즘 > 반팔,이너웨어,57963,에어리즘,58018,반팔,58276,,,https://www.uniqlo.com/kr/ko/products/E457913-000/00,uniqlo_hydration,"[{""role"":""gender"",""id"":""57892"",""name"":""women"",""locale"":""WOMEN"",""level"":1,""raw_order"":0},{""role"":""class"",""id"":""57963"",""name"":""innerwear"",""locale"":""이너웨어"",""level"":2,""raw_order"":1},{""role"":""category"",""id"":""58018"",""name"":""airism"",""locale"":""에어리즘"",""level"":3,""raw_order"":2},{""role"":""subcategory"",""id"":""58276"",""name"":""short sleeve"",""locale"":""반팔"",""level"":4,""raw_order"":3}]",
uniqlo,E478623,E478623-000,KIDS,,KIDS,True,이너웨어 > 히트텍 > 히트텍,이너웨어,57978,히트텍,58092,히트텍,58641,,,https://www.uniqlo.com/kr/ko/products/E478623-000/00,uniqlo_hydration,"[{""role"":""gender"",""id"":""57894"",""name"":""kids"",""locale"":""KIDS"",""level"":1,""raw_order"":0},{""role"":""class"",""id"":""57978"",""name"":""innerwear"",""locale"":""이너웨어"",""level"":2,""raw_order"":1},{""role"":""category"",""id"":""58092"",""name"":""heattech"",""locale"":""히트텍"",""level"":3,""raw_order"":2},{""role"":""subcategory"",""id"":""58641"",""name"":""heattech"",""locale"":""히트텍"",""level"":4,""raw_order"":3}]",
uniqlo,E481764,E481764-000,BABY,,BABY,True,신생아(0개월~2세) > 바디수트 > 코튼메쉬,신생아(0개월~2세),57980,바디수트,58102,코튼메쉬,58673,,,https://www.uniqlo.com/kr/ko/products/E481764-000/00,uniqlo_hydration,"[{""role"":""gender"",""id"":""57925"",""name"":""baby"",""locale"":""BABY"",""level"":1,""raw_order"":0},{""role"":""class"",""id"":""57980"",""name"":""newborn"",""locale"":""신생아(0개월~2세)"",""level"":2,""raw_order"":1},{""role"":""category"",""id"":""58102"",""name"":""bodysuits"",""locale"":""바디수트"",""level"":3,""raw_order"":2},{""role"":""subcategory"",""id"":""58673"",""name"":""cotton mesh"",""locale"":""코튼메쉬"",""level"":4,""raw_order"":3}]",
uniqlo,E450535,E450535-000,MEN,,MEN,True,니트 & 가디건 > 니트 > 메리노,니트 & 가디건,95355,니트,95357,메리노,95400,,,https://www.uniqlo.com/kr/ko/products/E450535-000/00,uniqlo_hydration,"[{""role"":""gender"",""id"":""57893"",""name"":""men"",""locale"":""MEN"",""level"":1,""raw_order"":0},{""role"":""class"",""id"":""95355"",""name"":""sweaters and knitwear"",""locale"":""니트 & 가디건"",""level"":2,""raw_order"":1},{""role"":""category"",""id"":""95357"",""name"":""sweaters and knitwear"",""locale"":""니트"",""level"":3,""raw_order"":2},{""role"":""subcategory"",""id"":""95400"",""name"":""extra fine merino"",""locale"":""메리노"",""level"":4,""raw_order"":3}]",
uniqlo,E458325,E458325-000,WOMEN,,MEN,True,팬츠 > 쇼트 팬츠(반바지) > 이지(허리 밴딩),팬츠,57968,쇼트 팬츠(반바지),58054,이지(허리 밴딩),58475,,,https://www.uniqlo.com/kr/ko/products/E458325-000/00,uniqlo_hydration,"[{""role"":""gender"",""id"":""57893"",""name"":""men"",""locale"":""MEN"",""level"":1,""raw_order"":0},{""role"":""class"",""id"":""57968"",""name"":""bottoms"",""locale"":""팬츠"",""level"":2,""raw_order"":1},{""role"":""category"",""id"":""58054"",""name"":""short pants"",""locale"":""쇼트 팬츠(반바지)"",""level"":3,""raw_order"":2},{""role"":""subcategory"",""id"":""58475"",""name"":""easy"",""locale"":""이지(허리 밴딩)"",""level"":4,""raw_order"":3}]",
uniqlo,E478628,E478628-000,KIDS,,KIDS,True,이너웨어 > 히트텍 > 긴팔,이너웨어,57978,히트텍,58092,긴팔,100097,,,https://www.uniqlo.com/kr/ko/products/E478628-000/00,uniqlo_hydration,"[{""role"":""gender"",""id"":""57894"",""name"":""kids"",""locale"":""KIDS"",""level"":1,""raw_order"":0},{""role"":""class"",""id"":""57978"",""name"":""innerwear"",""locale"":""이너웨어"",""level"":2,""raw_order"":1},{""role"":""category"",""id"":""58092"",""name"":""heattech"",""locale"":""히트텍"",""level"":3,""raw_order"":2},{""role"":""subcategory"",""id"":""100097"",""name"":""long sleeve"",""locale"":""긴팔"",""level"":4,""raw_order"":3}]",
uniqlo,E481764,E481764-001,BABY,,BABY,True,신생아(0개월~2세) > 바디수트 > 코튼메쉬,신생아(0개월~2세),57980,바디수트,58102,코튼메쉬,58673,,,https://www.uniqlo.com/kr/ko/products/E481764-001/00,uniqlo_hydration,"[{""role"":""gender"",""id"":""57925"",""name"":""baby"",""locale"":""BABY"",""level"":1,""raw_order"":0},{""role"":""class"",""id"":""57980"",""name"":""newborn"",""locale"":""신생아(0개월~2세)"",""level"":2,""raw_order"":1},{""role"":""category"",""id"":""58102"",""name"":""bodysuits"",""locale"":""바디수트"",""level"":3,""raw_order"":2},{""role"":""subcategory"",""id"":""58673"",""name"":""cotton mesh"",""locale"":""코튼메쉬"",""level"":4,""raw_order"":3}]",
uniqlo,E450536,E450536-000,MEN,,MEN,True,니트 & 가디건 > 니트 > 메리노,니트 & 가디건,95355,니트,95357,메리노,95400,,,https://www.uniqlo.com/kr/ko/products/E450536-000/00,uniqlo_hydration,"[{""role"":""gender"",""id"":""57893"",""name"":""men"",""locale"":""MEN"",""level"":1,""raw_order"":0},{""role"":""class"",""id"":""95355"",""name"":""sweaters and knitwear"",""locale"":""니트 & 가디건"",""level"":2,""raw_order"":1},{""role"":""category"",""id"":""95357"",""name"":""sweaters and knitwear"",""locale"":""니트"",""level"":3,""raw_order"":2},{""role"":""subcategory"",""id"":""95400"",""name"":""extra fine merino"",""locale"":""메리노"",""level"":4,""raw_order"":3}]",
uniqlo,E458462,E458462-000,WOMEN,,WOMEN,True,에어리즘 > 팬츠 > 조거,에어리즘,81619,팬츠,82085,조거,82136,,,https://www.uniqlo.com/kr/ko/products/E458462-000/00,uniqlo_hydration,"[{""role"":""gender"",""id"":""57892"",""name"":""women"",""locale"":""WOMEN"",""level"":1,""raw_order"":0},{""role"":""class"",""id"":""81619"",""name"":""airism"",""locale"":""에어리즘"",""level"":2,""raw_order"":1},{""role"":""category"",""id"":""82085"",""name"":""bottoms"",""locale"":""팬츠"",""level"":3,""raw_order"":2},{""role"":""subcategory"",""id"":""82136"",""name"":""jogger"",""locale"":""조거"",""level"":4,""raw_order"":3}]",
uniqlo,E478634,E478634-000,KIDS,,KIDS,True,이너웨어 > 히트텍 > 긴팔,이너웨어,57978,히트텍,58092,긴팔,100097,,,https://www.uniqlo.com/kr/ko/products/E478634-000/00,uniqlo_hydration,"[{""role"":""gender"",""id"":""57894"",""name"":""kids"",""locale"":""KIDS"",""level"":1,""raw_order"":0},{""role"":""class"",""id"":""57978"",""name"":""innerwear"",""locale"":""이너웨어"",""level"":2,""raw_order"":1},{""role"":""category"",""id"":""58092"",""name"":""heattech"",""locale"":""히트텍"",""level"":3,""raw_order"":2},{""role"":""subcategory"",""id"":""100097"",""name"":""long sleeve"",""locale"":""긴팔"",""level"":4,""raw_order"":3}]",
uniqlo,E481769,E481769-000,BABY,,BABY,True,신생아(0개월~2세) > 바디수트 > 코튼메쉬,신생아(0개월~2세),57980,바디수트,58102,코튼메쉬,58673,,,https://www.uniqlo.com/kr/ko/products/E481769-000/00,uniqlo_hydration,"[{""role"":""gender"",""id"":""57925"",""name"":""baby"",""locale"":""BABY"",""level"":1,""raw_order"":0},{""role"":""class"",""id"":""57980"",""name"":""newborn"",""locale"":""신생아(0개월~2세)"",""level"":2,""raw_order"":1},{""role"":""category"",""id"":""58102"",""name"":""bodysuits"",""locale"":""바디수트"",""level"":3,""raw_order"":2},{""role"":""subcategory"",""id"":""58673"",""name"":""cotton mesh"",""locale"":""코튼메쉬"",""level"":4,""raw_order"":3}]",
uniqlo,E451648,E451648-000,MEN,,MEN,True,팬츠 > 스웨트 팬츠 & 조거 팬츠 > 스웨트,팬츠,57968,스웨트 팬츠 & 조거 팬츠,58050,스웨트,58460,,,https://www.uniqlo.com/kr/ko/products/E451648-000/00,uniqlo_hydration,"[{""role"":""gender"",""id"":""57893"",""name"":""men"",""locale"":""MEN"",""level"":1,""raw_order"":0},{""role"":""class"",""id"":""57968"",""name"":""bottoms"",""locale"":""팬츠"",""level"":2,""raw_order"":1},{""role"":""category"",""id"":""58050"",""name"":""sweat pants"",""locale"":""스웨트 팬츠 & 조거 팬츠"",""level"":3,""raw_order"":2},{""role"":""subcategory"",""id"":""58460"",""name"":""sweat"",""locale"":""스웨트"",""level"":4,""raw_order"":3}]",
uniqlo,E459564,E459564-000,WOMEN,,MEN,True,티셔츠 & 스웨트셔츠 & UT > PEACE FOR ALL > 그래픽 티셔츠,티셔츠 & 스웨트셔츠 & UT,57967,PEACE FOR ALL,58950,그래픽 티셔츠,58951,,,https://www.uniqlo.com/kr/ko/products/E459564-000/00,uniqlo_hydration,"[{""role"":""gender"",""id"":""57893"",""name"":""men"",""locale"":""MEN"",""level"":1,""raw_order"":0},{""role"":""class"",""id"":""57967"",""name"":""tops"",""locale"":""티셔츠 & 스웨트셔츠 & UT"",""level"":2,""raw_order"":1},{""role"":""category"",""id"":""58950"",""name"":""peace for all"",""locale"":""PEACE FOR ALL"",""level"":3,""raw_order"":2},{""role"":""subcategory"",""id"":""58951"",""name"":""graphic tees"",""locale"":""그래픽 티셔츠"",""level"":4,""raw_order"":3}]",
uniqlo,E478637,E478637-000,KIDS,,KIDS,True,이너웨어 > 히트텍 > 레깅스,이너웨어,57978,히트텍,58092,레깅스,100100,,,https://www.uniqlo.com/kr/ko/products/E478637-000/00,uniqlo_hydration,"[{""role"":""gender"",""id"":""57894"",""name"":""kids"",""locale"":""KIDS"",""level"":1,""raw_order"":0},{""role"":""class"",""id"":""57978"",""name"":""innerwear"",""locale"":""이너웨어"",""level"":2,""raw_order"":1},{""role"":""category"",""id"":""58092"",""name"":""heattech"",""locale"":""히트텍"",""level"":3,""raw_order"":2},{""role"":""subcategory"",""id"":""100100"",""name"":""leggings"",""locale"":""레깅스"",""level"":4,""raw_order"":3}]",
uniqlo,E481769,E481769-001,BABY,,BABY,True,신생아(0개월~2세) > 바디수트 > 코튼메쉬,신생아(0개월~2세),57980,바디수트,58102,코튼메쉬,58673,,,https://www.uniqlo.com/kr/ko/products/E481769-001/00,uniqlo_hydration,"[{""role"":""gender"",""id"":""57925"",""name"":""baby"",""locale"":""BABY"",""level"":1,""raw_order"":0},{""role"":""class"",""id"":""57980"",""name"":""newborn"",""locale"":""신생아(0개월~2세)"",""level"":2,""raw_order"":1},{""role"":""category"",""id"":""58102"",""name"":""bodysuits"",""locale"":""바디수트"",""level"":3,""raw_order"":2},{""role"":""subcategory"",""id"":""58673"",""name"":""cotton mesh"",""locale"":""코튼메쉬"",""level"":4,""raw_order"":3}]",
uniqlo,E452029,E452029-000,MEN,,MEN,True,이너웨어 > 양말 > 레귤러 삭스,이너웨어,57970,양말,58065,레귤러 삭스,58534,,,https://www.uniqlo.com/kr/ko/products/E452029-000/00,uniqlo_hydration,"[{""role"":""gender"",""id"":""57893"",""name"":""men"",""locale"":""MEN"",""level"":1,""raw_order"":0},{""role"":""class"",""id"":""57970"",""name"":""innerwear"",""locale"":""이너웨어"",""level"":2,""raw_order"":1},{""role"":""category"",""id"":""58065"",""name"":""socks"",""locale"":""양말"",""level"":3,""raw_order"":2},{""role"":""subcategory"",""id"":""58534"",""name"":""regular"",""locale"":""레귤러 삭스"",""level"":4,""raw_order"":3}]",
uniqlo,E459567,E459567-000,WOMEN,,WOMEN,True,티셔츠 & UT > PEACE FOR ALL > 그래픽 티셔츠,티셔츠 & UT,57959,PEACE FOR ALL,58948,그래픽 티셔츠,58949,,,https://www.uniqlo.com/kr/ko/products/E459567-000/00,uniqlo_hydration,"[{""role"":""gender"",""id"":""57892"",""name"":""women"",""locale"":""WOMEN"",""level"":1,""raw_order"":0},{""role"":""class"",""id"":""57959"",""name"":""tops"",""locale"":""티셔츠 & UT"",""level"":2,""raw_order"":1},{""role"":""category"",""id"":""58948"",""name"":""peace for all"",""locale"":""PEACE FOR ALL"",""level"":3,""raw_order"":2},{""role"":""subcategory"",""id"":""58949"",""name"":""graphic tees"",""locale"":""그래픽 티셔츠"",""level"":4,""raw_order"":3}]",
uniqlo,E478656,E478656-000,KIDS,,KIDS,True,에어리즘 > 언더웨어 > Others 그 외,에어리즘,81621,언더웨어,86272,Others 그 외,86273,,,https://www.uniqlo.com/kr/ko/products/E478656-000/00,uniqlo_hydration,"[{""role"":""gender"",""id"":""57894"",""name"":""kids"",""locale"":""KIDS"",""level"":1,""raw_order"":0},{""role"":""class"",""id"":""81621"",""name"":""airism"",""locale"":""에어리즘"",""level"":2,""raw_order"":1},{""role"":""category"",""id"":""86272"",""name"":""innerwear"",""locale"":""언더웨어"",""level"":3,""raw_order"":2},{""role"":""subcategory"",""id"":""86273"",""name"":""others"",""locale"":""Others 그 외"",""level"":4,""raw_order"":3}]",
uniqlo,E481772,E481772-000,BABY,,BABY,True,신생아(0개월~2세) > 바디수트 > 반팔,신생아(0개월~2세),57980,바디수트,58102,반팔,58675,,,https://www.uniqlo.com/kr/ko/products/E481772-000/00,uniqlo_hydration,"[{""role"":""gender"",""id"":""57925"",""name"":""baby"",""locale"":""BABY"",""level"":1,""raw_order"":0},{""role"":""class"",""id"":""57980"",""name"":""newborn"",""locale"":""신생아(0개월~2세)"",""level"":2,""raw_order"":1},{""role"":""category"",""id"":""58102"",""name"":""bodysuits"",""locale"":""바디수트"",""level"":3,""raw_order"":2},{""role"":""subcategory"",""id"":""58675"",""name"":""short sleeve"",""locale"":""반팔"",""level"":4,""raw_order"":3}]",
uniqlo,E454311,E454311-000,MEN,,MEN,True,이너웨어 > 에어리즘 > 에어리즘,이너웨어,57970,에어리즘,58061,에어리즘,58505,,,https://www.uniqlo.com/kr/ko/products/E454311-000/00,uniqlo_hydration,"[{""role"":""gender"",""id"":""57893"",""name"":""men"",""locale"":""MEN"",""level"":1,""raw_order"":0},{""role"":""class"",""id"":""57970"",""name"":""innerwear"",""locale"":""이너웨어"",""level"":2,""raw_order"":1},{""role"":""category"",""id"":""58061"",""name"":""airism"",""locale"":""에어리즘"",""level"":3,""raw_order"":2},{""role"":""subcategory"",""id"":""58505"",""name"":""airism"",""locale"":""에어리즘"",""level"":4,""raw_order"":3}]",
uniqlo,E461420,E461420-000,WOMEN,,MEN,True,팬츠 > 캐주얼 팬츠 > 이지(허리 밴딩),팬츠,57968,캐주얼 팬츠,58049,이지(허리 밴딩),58458,,,https://www.uniqlo.com/kr/ko/products/E461420-000/00,uniqlo_hydration,"[{""role"":""gender"",""id"":""57893"",""name"":""men"",""locale"":""MEN"",""level"":1,""raw_order"":0},{""role"":""class"",""id"":""57968"",""name"":""bottoms"",""locale"":""팬츠"",""level"":2,""raw_order"":1},{""role"":""category"",""id"":""58049"",""name"":""casual pants"",""locale"":""캐주얼 팬츠"",""level"":3,""raw_order"":2},{""role"":""subcategory"",""id"":""58458"",""name"":""easy"",""locale"":""이지(허리 밴딩)"",""level"":4,""raw_order"":3}]",
uniqlo,E478657,E478657-000,KIDS,,KIDS,True,이너웨어 > 언더웨어 > 복서브리프,이너웨어,57978,언더웨어,58095,복서브리프,58650,,,https://www.uniqlo.com/kr/ko/products/E478657-000/00,uniqlo_hydration,"[{""role"":""gender"",""id"":""57894"",""name"":""kids"",""locale"":""KIDS"",""level"":1,""raw_order"":0},{""role"":""class"",""id"":""57978"",""name"":""innerwear"",""locale"":""이너웨어"",""level"":2,""raw_order"":1},{""role"":""category"",""id"":""58095"",""name"":""underwear"",""locale"":""언더웨어"",""level"":3,""raw_order"":2},{""role"":""subcategory"",""id"":""58650"",""name"":""boxer briefs"",""locale"":""복서브리프"",""level"":4,""raw_order"":3}]",
uniqlo,E481772,E481772-001,BABY,,BABY,True,신생아(0개월~2세) > 바디수트 > 코튼메쉬,신생아(0개월~2세),57980,바디수트,58102,코튼메쉬,58673,,,https://www.uniqlo.com/kr/ko/products/E481772-001/00,uniqlo_hydration,"[{""role"":""gender"",""id"":""57925"",""name"":""baby"",""locale"":""BABY"",""level"":1,""raw_order"":0},{""role"":""class"",""id"":""57980"",""name"":""newborn"",""locale"":""신생아(0개월~2세)"",""level"":2,""raw_order"":1},{""role"":""category"",""id"":""58102"",""name"":""bodysuits"",""locale"":""바디수트"",""level"":3,""raw_order"":2},{""role"":""subcategory"",""id"":""58673"",""name"":""cotton mesh"",""locale"":""코튼메쉬"",""level"":4,""raw_order"":3}]",
uniqlo,E454312,E454312-000,MEN,,MEN,True,이너웨어 > 에어리즘 > 에어리즘,이너웨어,57970,에어리즘,58061,에어리즘,58505,,,https://www.uniqlo.com/kr/ko/products/E454312-000/00,uniqlo_hydration,"[{""role"":""gender"",""id"":""57893"",""name"":""men"",""locale"":""MEN"",""level"":1,""raw_order"":0},{""role"":""class"",""id"":""57970"",""name"":""innerwear"",""locale"":""이너웨어"",""level"":2,""raw_order"":1},{""role"":""category"",""id"":""58061"",""name"":""airism"",""locale"":""에어리즘"",""level"":3,""raw_order"":2},{""role"":""subcategory"",""id"":""58505"",""name"":""airism"",""locale"":""에어리즘"",""level"":4,""raw_order"":3}]",
uniqlo,E461767,E461767-000,WOMEN,,WOMEN,True,파자마 & 홈웨어 > 파자마 > 그 외,파자마 & 홈웨어,57964,파자마,58025,그 외,58334,,,https://www.uniqlo.com/kr/ko/products/E461767-000/00,uniqlo_hydration,"[{""role"":""gender"",""id"":""57892"",""name"":""women"",""locale"":""WOMEN"",""level"":1,""raw_order"":0},{""role"":""class"",""id"":""57964"",""name"":""loungewear and homeware"",""locale"":""파자마 & 홈웨어"",""level"":2,""raw_order"":1},{""role"":""category"",""id"":""58025"",""name"":""loungewear and pajamas"",""locale"":""파자마"",""level"":3,""raw_order"":2},{""role"":""subcategory"",""id"":""58334"",""name"":""others"",""locale"":""그 외"",""level"":4,""raw_order"":3}]",
uniqlo,E479575,E479575-000,KIDS,,KIDS,True,청바지 & 팬츠 > 청바지 & 팬츠 > 스트레치 팬츠,청바지 & 팬츠,57975,청바지 & 팬츠,58082,스트레치 팬츠,58603,,,https://www.uniqlo.com/kr/ko/products/E479575-000/00,uniqlo_hydration,"[{""role"":""gender"",""id"":""57894"",""name"":""kids"",""locale"":""KIDS"",""level"":1,""raw_order"":0},{""role"":""class"",""id"":""57975"",""name"":""pants and skirts"",""locale"":""청바지 & 팬츠"",""level"":2,""raw_order"":1},{""role"":""category"",""id"":""58082"",""name"":""pants"",""locale"":""청바지 & 팬츠"",""level"":3,""raw_order"":2},{""role"":""subcategory"",""id"":""58603"",""name"":""others"",""locale"":""스트레치 팬츠"",""level"":4,""raw_order"":3}]",
uniqlo,E481779,E481779-000,BABY,,BABY,True,영유아(6개월~5세) > 레깅스 & 팬츠 > 크롭레깅스,영유아(6개월~5세),57981,레깅스 & 팬츠,58113,크롭레깅스,58715,,,https://www.uniqlo.com/kr/ko/products/E481779-000/00,uniqlo_hydration,"[{""role"":""gender"",""id"":""57925"",""name"":""baby"",""locale"":""BABY"",""level"":1,""raw_order"":0},{""role"":""class"",""id"":""57981"",""name"":""toddler"",""locale"":""영유아(6개월~5세)"",""level"":2,""raw_order"":1},{""role"":""category"",""id"":""58113"",""name"":""pants and leggings"",""locale"":""레깅스 & 팬츠"",""level"":3,""raw_order"":2},{""role"":""subcategory"",""id"":""58715"",""name"":""cropped leggings"",""locale"":""크롭레깅스"",""level"":4,""raw_order"":3}]",
uniqlo,E454326,E454326-000,MEN,,MEN,True,이너웨어 > 에어리즘 > 브리프 (레귤러),이너웨어,57970,에어리즘,58061,브리프 (레귤러),58511,,,https://www.uniqlo.com/kr/ko/products/E454326-000/00,uniqlo_hydration,"[{""role"":""gender"",""id"":""57893"",""name"":""men"",""locale"":""MEN"",""level"":1,""raw_order"":0},{""role"":""class"",""id"":""57970"",""name"":""innerwear"",""locale"":""이너웨어"",""level"":2,""raw_order"":1},{""role"":""category"",""id"":""58061"",""name"":""airism"",""locale"":""에어리즘"",""level"":3,""raw_order"":2},{""role"":""subcategory"",""id"":""58511"",""name"":""briefs"",""locale"":""브리프 (레귤러)"",""level"":4,""raw_order"":3}]",
uniqlo,E464334,E464334-000,WOMEN,,WOMEN,True,이너웨어 > 에어리즘 > 브라,이너웨어,57963,에어리즘,58018,브라,58281,,,https://www.uniqlo.com/kr/ko/products/E464334-000/00,uniqlo_hydration,"[{""role"":""gender"",""id"":""57892"",""name"":""women"",""locale"":""WOMEN"",""level"":1,""raw_order"":0},{""role"":""class"",""id"":""57963"",""name"":""innerwear"",""locale"":""이너웨어"",""level"":2,""raw_order"":1},{""role"":""category"",""id"":""58018"",""name"":""airism"",""locale"":""에어리즘"",""level"":3,""raw_order"":2},{""role"":""subcategory"",""id"":""58281"",""name"":""bra"",""locale"":""브라"",""level"":4,""raw_order"":3}]",
uniqlo,E480343,E480343-000,KIDS,,KIDS,True,청바지 & 팬츠 > 청바지 & 팬츠 > 스웨트 팬츠,청바지 & 팬츠,57975,청바지 & 팬츠,58082,스웨트 팬츠,58599,,,https://www.uniqlo.com/kr/ko/products/E480343-000/00,uniqlo_hydration,"[{""role"":""gender"",""id"":""57894"",""name"":""kids"",""locale"":""KIDS"",""level"":1,""raw_order"":0},{""role"":""class"",""id"":""57975"",""name"":""pants and skirts"",""locale"":""청바지 & 팬츠"",""level"":2,""raw_order"":1},{""role"":""category"",""id"":""58082"",""name"":""pants"",""locale"":""청바지 & 팬츠"",""level"":3,""raw_order"":2},{""role"":""subcategory"",""id"":""58599"",""name"":""sweat pants"",""locale"":""스웨트 팬츠"",""level"":4,""raw_order"":3}]",
uniqlo,E481780,E481780-000,BABY,,BABY,True,영유아(6개월~5세) > 레깅스 & 팬츠 > 크롭레깅스,영유아(6개월~5세),57981,레깅스 & 팬츠,58113,크롭레깅스,58715,,,https://www.uniqlo.com/kr/ko/products/E481780-000/00,uniqlo_hydration,"[{""role"":""gender"",""id"":""57925"",""name"":""baby"",""locale"":""BABY"",""level"":1,""raw_order"":0},{""role"":""class"",""id"":""57981"",""name"":""toddler"",""locale"":""영유아(6개월~5세)"",""level"":2,""raw_order"":1},{""role"":""category"",""id"":""58113"",""name"":""pants and leggings"",""locale"":""레깅스 & 팬츠"",""level"":3,""raw_order"":2},{""role"":""subcategory"",""id"":""58715"",""name"":""cropped leggings"",""locale"":""크롭레깅스"",""level"":4,""raw_order"":3}]",
uniqlo,E454327,E454327-000,MEN,,MEN,True,이너웨어 > 에어리즘 > 트렁크,이너웨어,57970,에어리즘,58061,트렁크,58513,,,https://www.uniqlo.com/kr/ko/products/E454327-000/00,uniqlo_hydration,"[{""role"":""gender"",""id"":""57893"",""name"":""men"",""locale"":""MEN"",""level"":1,""raw_order"":0},{""role"":""class"",""id"":""57970"",""name"":""innerwear"",""locale"":""이너웨어"",""level"":2,""raw_order"":1},{""role"":""category"",""id"":""58061"",""name"":""airism"",""locale"":""에어리즘"",""level"":3,""raw_order"":2},{""role"":""subcategory"",""id"":""58513"",""name"":""trunks"",""locale"":""트렁크"",""level"":4,""raw_order"":3}]",
uniqlo,E464384,E464384-000,WOMEN,,WOMEN,True,이너웨어 > 양말 > 쇼트 삭스,이너웨어,57963,양말,58024,쇼트 삭스,58325,,,https://www.uniqlo.com/kr/ko/products/E464384-000/00,uniqlo_hydration,"[{""role"":""gender"",""id"":""57892"",""name"":""women"",""locale"":""WOMEN"",""level"":1,""raw_order"":0},{""role"":""class"",""id"":""57963"",""name"":""innerwear"",""locale"":""이너웨어"",""level"":2,""raw_order"":1},{""role"":""category"",""id"":""58024"",""name"":""socks"",""locale"":""양말"",""level"":3,""raw_order"":2},{""role"":""subcategory"",""id"":""58325"",""name"":""short"",""locale"":""쇼트 삭스"",""level"":4,""raw_order"":3}]",
uniqlo,E480345,E480345-000,KIDS,,KIDS,True,티셔츠 & UT > 티셔츠 (반팔 & 긴팔) > 그래픽 티셔츠,티셔츠 & UT,57974,티셔츠 (반팔 & 긴팔),58078,그래픽 티셔츠,94366,,,https://www.uniqlo.com/kr/ko/products/E480345-000/00,uniqlo_hydration,"[{""role"":""gender"",""id"":""57894"",""name"":""kids"",""locale"":""KIDS"",""level"":1,""raw_order"":0},{""role"":""class"",""id"":""57974"",""name"":""tops"",""locale"":""티셔츠 & UT"",""level"":2,""raw_order"":1},{""role"":""category"",""id"":""58078"",""name"":""t shirts"",""locale"":""티셔츠 (반팔 & 긴팔)"",""level"":3,""raw_order"":2},{""role"":""subcategory"",""id"":""94366"",""name"":""ut"",""locale"":""그래픽 티셔츠"",""level"":4,""raw_order"":3}]",
uniqlo,E481782,E481782-000,BABY,,BABY,True,영유아(6개월~5세) > 레깅스 & 팬츠 > 크롭레깅스,영유아(6개월~5세),57981,레깅스 & 팬츠,58113,크롭레깅스,58715,,,https://www.uniqlo.com/kr/ko/products/E481782-000/00,uniqlo_hydration,"[{""role"":""gender"",""id"":""57925"",""name"":""baby"",""locale"":""BABY"",""level"":1,""raw_order"":0},{""role"":""class"",""id"":""57981"",""name"":""toddler"",""locale"":""영유아(6개월~5세)"",""level"":2,""raw_order"":1},{""role"":""category"",""id"":""58113"",""name"":""pants and leggings"",""locale"":""레깅스 & 팬츠"",""level"":3,""raw_order"":2},{""role"":""subcategory"",""id"":""58715"",""name"":""cropped leggings"",""locale"":""크롭레깅스"",""level"":4,""raw_order"":3}]",
uniqlo,E454328,E454328-000,MEN,,MEN,True,이너웨어 > 에어리즘 > 브리프 (로라이즈),이너웨어,57970,에어리즘,58061,브리프 (로라이즈),58512,,,https://www.uniqlo.com/kr/ko/products/E454328-000/00,uniqlo_hydration,"[{""role"":""gender"",""id"":""57893"",""name"":""men"",""locale"":""MEN"",""level"":1,""raw_order"":0},{""role"":""class"",""id"":""57970"",""name"":""innerwear"",""locale"":""이너웨어"",""level"":2,""raw_order"":1},{""role"":""category"",""id"":""58061"",""name"":""airism"",""locale"":""에어리즘"",""level"":3,""raw_order"":2},{""role"":""subcategory"",""id"":""58512"",""name"":""briefs low-rise"",""locale"":""브리프 (로라이즈)"",""level"":4,""raw_order"":3}]",
uniqlo,E464390,E464390-000,WOMEN,,WOMEN,True,이너웨어 > 양말 > 베리 쇼트 삭스,이너웨어,57963,양말,58024,베리 쇼트 삭스,58326,,,https://www.uniqlo.com/kr/ko/products/E464390-000/00,uniqlo_hydration,"[{""role"":""gender"",""id"":""57892"",""name"":""women"",""locale"":""WOMEN"",""level"":1,""raw_order"":0},{""role"":""class"",""id"":""57963"",""name"":""innerwear"",""locale"":""이너웨어"",""level"":2,""raw_order"":1},{""role"":""category"",""id"":""58024"",""name"":""socks"",""locale"":""양말"",""level"":3,""raw_order"":2},{""role"":""subcategory"",""id"":""58326"",""name"":""very short"",""locale"":""베리 쇼트 삭스"",""level"":4,""raw_order"":3}]",
uniqlo,E480845,E480845-000,KIDS,,KIDS,True,이너웨어 > 언더웨어 > 쇼츠,이너웨어,57978,언더웨어,58095,쇼츠,58651,,,https://www.uniqlo.com/kr/ko/products/E480845-000/00,uniqlo_hydration,"[{""role"":""gender"",""id"":""57894"",""name"":""kids"",""locale"":""KIDS"",""level"":1,""raw_order"":0},{""role"":""class"",""id"":""57978"",""name"":""innerwear"",""locale"":""이너웨어"",""level"":2,""raw_order"":1},{""role"":""category"",""id"":""58095"",""name"":""underwear"",""locale"":""언더웨어"",""level"":3,""raw_order"":2},{""role"":""subcategory"",""id"":""58651"",""name"":""shorts"",""locale"":""쇼츠"",""level"":4,""raw_order"":3}]",
uniqlo,E481786,E481786-000,BABY,,BABY,True,영유아(6개월~5세) > 레깅스 & 팬츠 > 쇼트팬츠,영유아(6개월~5세),57981,레깅스 & 팬츠,58113,쇼트팬츠,58716,,,https://www.uniqlo.com/kr/ko/products/E481786-000/00,uniqlo_hydration,"[{""role"":""gender"",""id"":""57925"",""name"":""baby"",""locale"":""BABY"",""level"":1,""raw_order"":0},{""role"":""class"",""id"":""57981"",""name"":""toddler"",""locale"":""영유아(6개월~5세)"",""level"":2,""raw_order"":1},{""role"":""category"",""id"":""58113"",""name"":""pants and leggings"",""locale"":""레깅스 & 팬츠"",""level"":3,""raw_order"":2},{""role"":""subcategory"",""id"":""58716"",""name"":""shorts"",""locale"":""쇼트팬츠"",""level"":4,""raw_order"":3}]",
uniqlo,E455365,E455365-000,MEN,,MEN,True,티셔츠 & 스웨트셔츠 & UT > 티셔츠 (반팔 & 긴팔) > 반팔,티셔츠 & 스웨트셔츠 & UT,57967,티셔츠 (반팔 & 긴팔),58039,반팔,58395,,,https://www.uniqlo.com/kr/ko/products/E455365-000/00,uniqlo_hydration,"[{""role"":""gender"",""id"":""57893"",""name"":""men"",""locale"":""MEN"",""level"":1,""raw_order"":0},{""role"":""class"",""id"":""57967"",""name"":""tops"",""locale"":""티셔츠 & 스웨트셔츠 & UT"",""level"":2,""raw_order"":1},{""role"":""category"",""id"":""58039"",""name"":""t shirts"",""locale"":""티셔츠 (반팔 & 긴팔)"",""level"":3,""raw_order"":2},{""role"":""subcategory"",""id"":""58395"",""name"":""short sleeve"",""locale"":""반팔"",""level"":4,""raw_order"":3}]",
uniqlo,E464392,E464392-000,WOMEN,,WOMEN,True,이너웨어 > 양말 > 베리 쇼트 삭스,이너웨어,57963,양말,58024,베리 쇼트 삭스,58326,,,https://www.uniqlo.com/kr/ko/products/E464392-000/00,uniqlo_hydration,"[{""role"":""gender"",""id"":""57892"",""name"":""women"",""locale"":""WOMEN"",""level"":1,""raw_order"":0},{""role"":""class"",""id"":""57963"",""name"":""innerwear"",""locale"":""이너웨어"",""level"":2,""raw_order"":1},{""role"":""category"",""id"":""58024"",""name"":""socks"",""locale"":""양말"",""level"":3,""raw_order"":2},{""role"":""subcategory"",""id"":""58326"",""name"":""very short"",""locale"":""베리 쇼트 삭스"",""level"":4,""raw_order"":3}]",
uniqlo,E480861,E480861-000,KIDS,,KIDS,True,아우터 > 재킷 & 파카 > 파카,아우터,57973,재킷 & 파카,58075,파카,58573,,,https://www.uniqlo.com/kr/ko/products/E480861-000/00,uniqlo_hydration,"[{""role"":""gender"",""id"":""57894"",""name"":""kids"",""locale"":""KIDS"",""level"":1,""raw_order"":0},{""role"":""class"",""id"":""57973"",""name"":""outerwear"",""locale"":""아우터"",""level"":2,""raw_order"":1},{""role"":""category"",""id"":""58075"",""name"":""parkas and blousons"",""locale"":""재킷 & 파카"",""level"":3,""raw_order"":2},{""role"":""subcategory"",""id"":""58573"",""name"":""parkas"",""locale"":""파카"",""level"":4,""raw_order"":3}]",
uniqlo,E481787,E481787-000,BABY,,BABY,True,영유아(6개월~5세) > 레깅스 & 팬츠 > 쇼트팬츠,영유아(6개월~5세),57981,레깅스 & 팬츠,58113,쇼트팬츠,58716,,,https://www.uniqlo.com/kr/ko/products/E481787-000/00,uniqlo_hydration,"[{""role"":""gender"",""id"":""57925"",""name"":""baby"",""locale"":""BABY"",""level"":1,""raw_order"":0},{""role"":""class"",""id"":""57981"",""name"":""toddler"",""locale"":""영유아(6개월~5세)"",""level"":2,""raw_order"":1},{""role"":""category"",""id"":""58113"",""name"":""pants and leggings"",""locale"":""레깅스 & 팬츠"",""level"":3,""raw_order"":2},{""role"":""subcategory"",""id"":""58716"",""name"":""shorts"",""locale"":""쇼트팬츠"",""level"":4,""raw_order"":3}]",
uniqlo,E455476,E455476-000,MEN,,MEN,True,팬츠 > 진(청바지) > 슬림,팬츠,57968,진(청바지),58048,슬림,58450,,,https://www.uniqlo.com/kr/ko/products/E455476-000/00,uniqlo_hydration,"[{""role"":""gender"",""id"":""57893"",""name"":""men"",""locale"":""MEN"",""level"":1,""raw_order"":0},{""role"":""class"",""id"":""57968"",""name"":""bottoms"",""locale"":""팬츠"",""level"":2,""raw_order"":1},{""role"":""category"",""id"":""58048"",""name"":""jeans"",""locale"":""진(청바지)"",""level"":3,""raw_order"":2},{""role"":""subcategory"",""id"":""58450"",""name"":""slim"",""locale"":""슬림"",""level"":4,""raw_order"":3}]",
uniqlo,E465185,E465185-000,WOMEN,,MEN,True,티셔츠 & 스웨트셔츠 & UT > 티셔츠 (반팔 & 긴팔) > 에어리즘 코튼,티셔츠 & 스웨트셔츠 & UT,57967,티셔츠 (반팔 & 긴팔),58039,에어리즘 코튼,58390,,,https://www.uniqlo.com/kr/ko/products/E465185-000/00,uniqlo_hydration,"[{""role"":""gender"",""id"":""57893"",""name"":""men"",""locale"":""MEN"",""level"":1,""raw_order"":0},{""role"":""class"",""id"":""57967"",""name"":""tops"",""locale"":""티셔츠 & 스웨트셔츠 & UT"",""level"":2,""raw_order"":1},{""role"":""category"",""id"":""58039"",""name"":""t shirts"",""locale"":""티셔츠 (반팔 & 긴팔)"",""level"":3,""raw_order"":2},{""role"":""subcategory"",""id"":""58390"",""name"":""arism cotton"",""locale"":""에어리즘 코튼"",""level"":4,""raw_order"":3}]",
uniqlo,E481951,E481951-000,KIDS,,KIDS,True,이너웨어 > 에어리즘 > 탱크탑,이너웨어,57978,에어리즘,58091,탱크탑,58635,,,https://www.uniqlo.com/kr/ko/products/E481951-000/00,uniqlo_hydration,"[{""role"":""gender"",""id"":""57894"",""name"":""kids"",""locale"":""KIDS"",""level"":1,""raw_order"":0},{""role"":""class"",""id"":""57978"",""name"":""innerwear"",""locale"":""이너웨어"",""level"":2,""raw_order"":1},{""role"":""category"",""id"":""58091"",""name"":""airism"",""locale"":""에어리즘"",""level"":3,""raw_order"":2},{""role"":""subcategory"",""id"":""58635"",""name"":""tank top"",""locale"":""탱크탑"",""level"":4,""raw_order"":3}]",
uniqlo,E481788,E481788-000,BABY,,BABY,True,신생아(0개월~2세) > 레깅스 & 팬츠 > 쇼트팬츠,신생아(0개월~2세),57980,레깅스 & 팬츠,58105,쇼트팬츠,58691,,,https://www.uniqlo.com/kr/ko/products/E481788-000/00,uniqlo_hydration,"[{""role"":""gender"",""id"":""57925"",""name"":""baby"",""locale"":""BABY"",""level"":1,""raw_order"":0},{""role"":""class"",""id"":""57980"",""name"":""newborn"",""locale"":""신생아(0개월~2세)"",""level"":2,""raw_order"":1},{""role"":""category"",""id"":""58105"",""name"":""pants and leggings"",""locale"":""레깅스 & 팬츠"",""level"":3,""raw_order"":2},{""role"":""subcategory"",""id"":""58691"",""name"":""shorts"",""locale"":""쇼트팬츠"",""level"":4,""raw_order"":3}]",
uniqlo,E456567,E456567-000,MEN,,MEN,True,스포츠 유틸리티 웨어 > 이너웨어 > 에어리즘,스포츠 유틸리티 웨어,57969,이너웨어,58059,에어리즘,58499,,,https://www.uniqlo.com/kr/ko/products/E456567-000/00,uniqlo_hydration,"[{""role"":""gender"",""id"":""57893"",""name"":""men"",""locale"":""MEN"",""level"":1,""raw_order"":0},{""role"":""class"",""id"":""57969"",""name"":""sport utility wear"",""locale"":""스포츠 유틸리티 웨어"",""level"":2,""raw_order"":1},{""role"":""category"",""id"":""58059"",""name"":""innerwear"",""locale"":""이너웨어"",""level"":3,""raw_order"":2},{""role"":""subcategory"",""id"":""58499"",""name"":""airism"",""locale"":""에어리즘"",""level"":4,""raw_order"":3}]",
uniqlo,E465193,E465193-000,WOMEN,,MEN,True,티셔츠 & 스웨트셔츠 & UT > 티셔츠 (반팔 & 긴팔) > 긴팔,티셔츠 & 스웨트셔츠 & UT,57967,티셔츠 (반팔 & 긴팔),58039,긴팔,58394,,,https://www.uniqlo.com/kr/ko/products/E465193-000/00,uniqlo_hydration,"[{""role"":""gender"",""id"":""57893"",""name"":""men"",""locale"":""MEN"",""level"":1,""raw_order"":0},{""role"":""class"",""id"":""57967"",""name"":""tops"",""locale"":""티셔츠 & 스웨트셔츠 & UT"",""level"":2,""raw_order"":1},{""role"":""category"",""id"":""58039"",""name"":""t shirts"",""locale"":""티셔츠 (반팔 & 긴팔)"",""level"":3,""raw_order"":2},{""role"":""subcategory"",""id"":""58394"",""name"":""long sleeve"",""locale"":""긴팔"",""level"":4,""raw_order"":3}]",
uniqlo,E481963,E481963-000,KIDS,,KIDS,True,이너웨어 > 언더웨어 > 복서브리프,이너웨어,57978,언더웨어,58095,복서브리프,58650,,,https://www.uniqlo.com/kr/ko/products/E481963-000/00,uniqlo_hydration,"[{""role"":""gender"",""id"":""57894"",""name"":""kids"",""locale"":""KIDS"",""level"":1,""raw_order"":0},{""role"":""class"",""id"":""57978"",""name"":""innerwear"",""locale"":""이너웨어"",""level"":2,""raw_order"":1},{""role"":""category"",""id"":""58095"",""name"":""underwear"",""locale"":""언더웨어"",""level"":3,""raw_order"":2},{""role"":""subcategory"",""id"":""58650"",""name"":""boxer briefs"",""locale"":""복서브리프"",""level"":4,""raw_order"":3}]",
uniqlo,E481790,E481790-000,BABY,,BABY,True,영유아(6개월~5세) > 레깅스 & 팬츠 > 쇼트팬츠,영유아(6개월~5세),57981,레깅스 & 팬츠,58113,쇼트팬츠,58716,,,https://www.uniqlo.com/kr/ko/products/E481790-000/00,uniqlo_hydration,"[{""role"":""gender"",""id"":""57925"",""name"":""baby"",""locale"":""BABY"",""level"":1,""raw_order"":0},{""role"":""class"",""id"":""57981"",""name"":""toddler"",""locale"":""영유아(6개월~5세)"",""level"":2,""raw_order"":1},{""role"":""category"",""id"":""58113"",""name"":""pants and leggings"",""locale"":""레깅스 & 팬츠"",""level"":3,""raw_order"":2},{""role"":""subcategory"",""id"":""58716"",""name"":""shorts"",""locale"":""쇼트팬츠"",""level"":4,""raw_order"":3}]",
uniqlo,E457267,E457267-000,MEN,,MEN,True,이너웨어 > 양말 > 쇼트 삭스,이너웨어,57970,양말,58065,쇼트 삭스,58536,,,https://www.uniqlo.com/kr/ko/products/E457267-000/00,uniqlo_hydration,"[{""role"":""gender"",""id"":""57893"",""name"":""men"",""locale"":""MEN"",""level"":1,""raw_order"":0},{""role"":""class"",""id"":""57970"",""name"":""innerwear"",""locale"":""이너웨어"",""level"":2,""raw_order"":1},{""role"":""category"",""id"":""58065"",""name"":""socks"",""locale"":""양말"",""level"":3,""raw_order"":2},{""role"":""subcategory"",""id"":""58536"",""name"":""short"",""locale"":""쇼트 삭스"",""level"":4,""raw_order"":3}]",
uniqlo,E465484,E465484-000,WOMEN,,WOMEN,True,니트 & 가디건 > 니트 > 가디건,니트 & 가디건,95353,니트,95361,가디건,95375,,,https://www.uniqlo.com/kr/ko/products/E465484-000/00,uniqlo_hydration,"[{""role"":""gender"",""id"":""57892"",""name"":""women"",""locale"":""WOMEN"",""level"":1,""raw_order"":0},{""role"":""class"",""id"":""95353"",""name"":""sweaters and knitwear"",""locale"":""니트 & 가디건"",""level"":2,""raw_order"":1},{""role"":""category"",""id"":""95361"",""name"":""sweaters and knitwear"",""locale"":""니트"",""level"":3,""raw_order"":2},{""role"":""subcategory"",""id"":""95375"",""name"":""knit cardigans"",""locale"":""가디건"",""level"":4,""raw_order"":3}]",
uniqlo,E481965,E481965-000,KIDS,,KIDS,True,이너웨어 > 언더웨어 > 복서브리프,이너웨어,57978,언더웨어,58095,복서브리프,58650,,,https://www.uniqlo.com/kr/ko/products/E481965-000/00,uniqlo_hydration,"[{""role"":""gender"",""id"":""57894"",""name"":""kids"",""locale"":""KIDS"",""level"":1,""raw_order"":0},{""role"":""class"",""id"":""57978"",""name"":""innerwear"",""locale"":""이너웨어"",""level"":2,""raw_order"":1},{""role"":""category"",""id"":""58095"",""name"":""underwear"",""locale"":""언더웨어"",""level"":3,""raw_order"":2},{""role"":""subcategory"",""id"":""58650"",""name"":""boxer briefs"",""locale"":""복서브리프"",""level"":4,""raw_order"":3}]",
uniqlo,E481791,E481791-000,BABY,,BABY,True,신생아(0개월~2세) > 레깅스 & 팬츠 > 쇼트팬츠,신생아(0개월~2세),57980,레깅스 & 팬츠,58105,쇼트팬츠,58691,,,https://www.uniqlo.com/kr/ko/products/E481791-000/00,uniqlo_hydration,"[{""role"":""gender"",""id"":""57925"",""name"":""baby"",""locale"":""BABY"",""level"":1,""raw_order"":0},{""role"":""class"",""id"":""57980"",""name"":""newborn"",""locale"":""신생아(0개월~2세)"",""level"":2,""raw_order"":1},{""role"":""category"",""id"":""58105"",""name"":""pants and leggings"",""locale"":""레깅스 & 팬츠"",""level"":3,""raw_order"":2},{""role"":""subcategory"",""id"":""58691"",""name"":""shorts"",""locale"":""쇼트팬츠"",""level"":4,""raw_order"":3}]",
uniqlo,E457288,E457288-000,MEN,,MEN,True,이너웨어 > 양말 > 레귤러 삭스,이너웨어,57970,양말,58065,레귤러 삭스,58534,,,https://www.uniqlo.com/kr/ko/products/E457288-000/00,uniqlo_hydration,"[{""role"":""gender"",""id"":""57893"",""name"":""men"",""locale"":""MEN"",""level"":1,""raw_order"":0},{""role"":""class"",""id"":""57970"",""name"":""innerwear"",""locale"":""이너웨어"",""level"":2,""raw_order"":1},{""role"":""category"",""id"":""58065"",""name"":""socks"",""locale"":""양말"",""level"":3,""raw_order"":2},{""role"":""subcategory"",""id"":""58534"",""name"":""regular"",""locale"":""레귤러 삭스"",""level"":4,""raw_order"":3}]",
uniqlo,E465707,E465707-000,WOMEN,,WOMEN,True,스포츠 유틸리티 웨어 > 이너웨어 > 브라탑,스포츠 유틸리티 웨어,57962,이너웨어,58016,브라탑,58266,,,https://www.uniqlo.com/kr/ko/products/E465707-000/00,uniqlo_hydration,"[{""role"":""gender"",""id"":""57892"",""name"":""women"",""locale"":""WOMEN"",""level"":1,""raw_order"":0},{""role"":""class"",""id"":""57962"",""name"":""sport utility wear"",""locale"":""스포츠 유틸리티 웨어"",""level"":2,""raw_order"":1},{""role"":""category"",""id"":""58016"",""name"":""innerwear"",""locale"":""이너웨어"",""level"":3,""raw_order"":2},{""role"":""subcategory"",""id"":""58266"",""name"":""bratop"",""locale"":""브라탑"",""level"":4,""raw_order"":3}]",
uniqlo,E481972,E481972-000,KIDS,,KIDS,True,이너웨어 > 양말 > 레귤러삭스,이너웨어,57978,양말,58096,레귤러삭스,58653,,,https://www.uniqlo.com/kr/ko/products/E481972-000/00,uniqlo_hydration,"[{""role"":""gender"",""id"":""57894"",""name"":""kids"",""locale"":""KIDS"",""level"":1,""raw_order"":0},{""role"":""class"",""id"":""57978"",""name"":""innerwear"",""locale"":""이너웨어"",""level"":2,""raw_order"":1},{""role"":""category"",""id"":""58096"",""name"":""socks"",""locale"":""양말"",""level"":3,""raw_order"":2},{""role"":""subcategory"",""id"":""58653"",""name"":""regular socks"",""locale"":""레귤러삭스"",""level"":4,""raw_order"":3}]",
uniqlo,E481792,E481792-000,BABY,,BABY,True,영유아(6개월~5세) > 티셔츠 & 스웨트셔츠 > 티셔츠(반팔),영유아(6개월~5세),57981,티셔츠 & 스웨트셔츠,58111,티셔츠(반팔),126279,,,https://www.uniqlo.com/kr/ko/products/E481792-000/00,uniqlo_hydration,"[{""role"":""gender"",""id"":""57925"",""name"":""baby"",""locale"":""BABY"",""level"":1,""raw_order"":0},{""role"":""class"",""id"":""57981"",""name"":""toddler"",""locale"":""영유아(6개월~5세)"",""level"":2,""raw_order"":1},{""role"":""category"",""id"":""58111"",""name"":""tops"",""locale"":""티셔츠 & 스웨트셔츠"",""level"":3,""raw_order"":2},{""role"":""subcategory"",""id"":""126279"",""name"":""short sleeve"",""locale"":""티셔츠(반팔)"",""level"":4,""raw_order"":3}]",
uniqlo,E457517,E457517-000,MEN,,MEN,True,티셔츠 & 스웨트셔츠 & UT > 티셔츠 (반팔 & 긴팔) > 에어리즘 코튼,티셔츠 & 스웨트셔츠 & UT,57967,티셔츠 (반팔 & 긴팔),58039,에어리즘 코튼,58390,,,https://www.uniqlo.com/kr/ko/products/E457517-000/00,uniqlo_hydration,"[{""role"":""gender"",""id"":""57893"",""name"":""men"",""locale"":""MEN"",""level"":1,""raw_order"":0},{""role"":""class"",""id"":""57967"",""name"":""tops"",""locale"":""티셔츠 & 스웨트셔츠 & UT"",""level"":2,""raw_order"":1},{""role"":""category"",""id"":""58039"",""name"":""t shirts"",""locale"":""티셔츠 (반팔 & 긴팔)"",""level"":3,""raw_order"":2},{""role"":""subcategory"",""id"":""58390"",""name"":""arism cotton"",""locale"":""에어리즘 코튼"",""level"":4,""raw_order"":3}]",
uniqlo,E465734,E465734-000,WOMEN,,WOMEN,True,니트 & 가디건 > 니트 > 크루넥 니트,니트 & 가디건,95353,니트,95361,크루넥 니트,95376,,,https://www.uniqlo.com/kr/ko/products/E465734-000/00,uniqlo_hydration,"[{""role"":""gender"",""id"":""57892"",""name"":""women"",""locale"":""WOMEN"",""level"":1,""raw_order"":0},{""role"":""class"",""id"":""95353"",""name"":""sweaters and knitwear"",""locale"":""니트 & 가디건"",""level"":2,""raw_order"":1},{""role"":""category"",""id"":""95361"",""name"":""sweaters and knitwear"",""locale"":""니트"",""level"":3,""raw_order"":2},{""role"":""subcategory"",""id"":""95376"",""name"":""crew neck"",""locale"":""크루넥 니트"",""level"":4,""raw_order"":3}]",
uniqlo,E481973,E481973-000,KIDS,,KIDS,True,이너웨어 > 양말 > 쇼트삭스,이너웨어,57978,양말,58096,쇼트삭스,58654,,,https://www.uniqlo.com/kr/ko/products/E481973-000/00,uniqlo_hydration,"[{""role"":""gender"",""id"":""57894"",""name"":""kids"",""locale"":""KIDS"",""level"":1,""raw_order"":0},{""role"":""class"",""id"":""57978"",""name"":""innerwear"",""locale"":""이너웨어"",""level"":2,""raw_order"":1},{""role"":""category"",""id"":""58096"",""name"":""socks"",""locale"":""양말"",""level"":3,""raw_order"":2},{""role"":""subcategory"",""id"":""58654"",""name"":""short socks"",""locale"":""쇼트삭스"",""level"":4,""raw_order"":3}]",
uniqlo,E481794,E481794-000,BABY,,BABY,True,영유아(6개월~5세) > 티셔츠 & 스웨트셔츠 > 티셔츠(반팔),영유아(6개월~5세),57981,티셔츠 & 스웨트셔츠,58111,티셔츠(반팔),126279,,,https://www.uniqlo.com/kr/ko/products/E481794-000/00,uniqlo_hydration,"[{""role"":""gender"",""id"":""57925"",""name"":""baby"",""locale"":""BABY"",""level"":1,""raw_order"":0},{""role"":""class"",""id"":""57981"",""name"":""toddler"",""locale"":""영유아(6개월~5세)"",""level"":2,""raw_order"":1},{""role"":""category"",""id"":""58111"",""name"":""tops"",""locale"":""티셔츠 & 스웨트셔츠"",""level"":3,""raw_order"":2},{""role"":""subcategory"",""id"":""126279"",""name"":""short sleeve"",""locale"":""티셔츠(반팔)"",""level"":4,""raw_order"":3}]",
uniqlo,E460974,E460974-000,MEN,,MEN,True,셔츠 > 정장셔츠 (와이셔츠) > 슈퍼 논 아이론,셔츠,95356,정장셔츠 (와이셔츠),95358,슈퍼 논 아이론,95412,,,https://www.uniqlo.com/kr/ko/products/E460974-000/00,uniqlo_hydration,"[{""role"":""gender"",""id"":""57893"",""name"":""men"",""locale"":""MEN"",""level"":1,""raw_order"":0},{""role"":""class"",""id"":""95356"",""name"":""shirts and polo shirts"",""locale"":""셔츠"",""level"":2,""raw_order"":1},{""role"":""category"",""id"":""95358"",""name"":""dress shirts"",""locale"":""정장셔츠 (와이셔츠)"",""level"":3,""raw_order"":2},{""role"":""subcategory"",""id"":""95412"",""name"":""super non iron"",""locale"":""슈퍼 논 아이론"",""level"":4,""raw_order"":3}]",
uniqlo,E465755,E465755-000,WOMEN,,WOMEN,True,티셔츠 & UT > 티셔츠 (반팔 & 긴팔) > 반팔,티셔츠 & UT,57959,티셔츠 (반팔 & 긴팔),57995,반팔,58144,,,https://www.uniqlo.com/kr/ko/products/E465755-000/00,uniqlo_hydration,"[{""role"":""gender"",""id"":""57892"",""name"":""women"",""locale"":""WOMEN"",""level"":1,""raw_order"":0},{""role"":""class"",""id"":""57959"",""name"":""tops"",""locale"":""티셔츠 & UT"",""level"":2,""raw_order"":1},{""role"":""category"",""id"":""57995"",""name"":""t shirts"",""locale"":""티셔츠 (반팔 & 긴팔)"",""level"":3,""raw_order"":2},{""role"":""subcategory"",""id"":""58144"",""name"":""half sleeve"",""locale"":""반팔"",""level"":4,""raw_order"":3}]",
uniqlo,E481977,E481977-000,KIDS,,KIDS,True,이너웨어 > 양말 > 레귤러삭스,이너웨어,57978,양말,58096,레귤러삭스,58653,,,https://www.uniqlo.com/kr/ko/products/E481977-000/00,uniqlo_hydration,"[{""role"":""gender"",""id"":""57894"",""name"":""kids"",""locale"":""KIDS"",""level"":1,""raw_order"":0},{""role"":""class"",""id"":""57978"",""name"":""innerwear"",""locale"":""이너웨어"",""level"":2,""raw_order"":1},{""role"":""category"",""id"":""58096"",""name"":""socks"",""locale"":""양말"",""level"":3,""raw_order"":2},{""role"":""subcategory"",""id"":""58653"",""name"":""regular socks"",""locale"":""레귤러삭스"",""level"":4,""raw_order"":3}]",
uniqlo,E481796,E481796-000,BABY,,BABY,True,영유아(6개월~5세) > 티셔츠 & 스웨트셔츠 > 티셔츠(반팔),영유아(6개월~5세),57981,티셔츠 & 스웨트셔츠,58111,티셔츠(반팔),126279,,,https://www.uniqlo.com/kr/ko/products/E481796-000/00,uniqlo_hydration,"[{""role"":""gender"",""id"":""57925"",""name"":""baby"",""locale"":""BABY"",""level"":1,""raw_order"":0},{""role"":""class"",""id"":""57981"",""name"":""toddler"",""locale"":""영유아(6개월~5세)"",""level"":2,""raw_order"":1},{""role"":""category"",""id"":""58111"",""name"":""tops"",""locale"":""티셔츠 & 스웨트셔츠"",""level"":3,""raw_order"":2},{""role"":""subcategory"",""id"":""126279"",""name"":""short sleeve"",""locale"":""티셔츠(반팔)"",""level"":4,""raw_order"":3}]",
uniqlo,E461001,E461001-000,MEN,,MEN,True,이너웨어 > 히트텍 > 반팔,이너웨어,57970,히트텍,58062,반팔,58519,,,https://www.uniqlo.com/kr/ko/products/E461001-000/00,uniqlo_hydration,"[{""role"":""gender"",""id"":""57893"",""name"":""men"",""locale"":""MEN"",""level"":1,""raw_order"":0},{""role"":""class"",""id"":""57970"",""name"":""innerwear"",""locale"":""이너웨어"",""level"":2,""raw_order"":1},{""role"":""category"",""id"":""58062"",""name"":""heattech"",""locale"":""히트텍"",""level"":3,""raw_order"":2},{""role"":""subcategory"",""id"":""58519"",""name"":""short sleeve"",""locale"":""반팔"",""level"":4,""raw_order"":3}]",
uniqlo,E465760,E465760-000,WOMEN,,WOMEN,True,티셔츠 & UT > 티셔츠 (반팔 & 긴팔) > 반팔,티셔츠 & UT,57959,티셔츠 (반팔 & 긴팔),57995,반팔,58144,,,https://www.uniqlo.com/kr/ko/products/E465760-000/00,uniqlo_hydration,"[{""role"":""gender"",""id"":""57892"",""name"":""women"",""locale"":""WOMEN"",""level"":1,""raw_order"":0},{""role"":""class"",""id"":""57959"",""name"":""tops"",""locale"":""티셔츠 & UT"",""level"":2,""raw_order"":1},{""role"":""category"",""id"":""57995"",""name"":""t shirts"",""locale"":""티셔츠 (반팔 & 긴팔)"",""level"":3,""raw_order"":2},{""role"":""subcategory"",""id"":""58144"",""name"":""half sleeve"",""locale"":""반팔"",""level"":4,""raw_order"":3}]",
uniqlo,E481978,E481978-000,KIDS,,KIDS,True,이너웨어 > 양말 > 쇼트삭스,이너웨어,57978,양말,58096,쇼트삭스,58654,,,https://www.uniqlo.com/kr/ko/products/E481978-000/00,uniqlo_hydration,"[{""role"":""gender"",""id"":""57894"",""name"":""kids"",""locale"":""KIDS"",""level"":1,""raw_order"":0},{""role"":""class"",""id"":""57978"",""name"":""innerwear"",""locale"":""이너웨어"",""level"":2,""raw_order"":1},{""role"":""category"",""id"":""58096"",""name"":""socks"",""locale"":""양말"",""level"":3,""raw_order"":2},{""role"":""subcategory"",""id"":""58654"",""name"":""short socks"",""locale"":""쇼트삭스"",""level"":4,""raw_order"":3}]",
uniqlo,E481797,E481797-000,BABY,,BABY,True,영유아(6개월~5세) > 티셔츠 & 스웨트셔츠 > 티셔츠(반팔),영유아(6개월~5세),57981,티셔츠 & 스웨트셔츠,58111,티셔츠(반팔),126279,,,https://www.uniqlo.com/kr/ko/products/E481797-000/00,uniqlo_hydration,"[{""role"":""gender"",""id"":""57925"",""name"":""baby"",""locale"":""BABY"",""level"":1,""raw_order"":0},{""role"":""class"",""id"":""57981"",""name"":""toddler"",""locale"":""영유아(6개월~5세)"",""level"":2,""raw_order"":1},{""role"":""category"",""id"":""58111"",""name"":""tops"",""locale"":""티셔츠 & 스웨트셔츠"",""level"":3,""raw_order"":2},{""role"":""subcategory"",""id"":""126279"",""name"":""short sleeve"",""locale"":""티셔츠(반팔)"",""level"":4,""raw_order"":3}]",
uniqlo,E468495,E468495-000,WOMEN,,WOMEN,True,티셔츠 & UT > PEACE FOR ALL > 그래픽 티셔츠,티셔츠 & UT,57959,PEACE FOR ALL,58948,그래픽 티셔츠,58949,,,https://www.uniqlo.com/kr/ko/products/E468495-000/00,uniqlo_hydration,"[{""role"":""gender"",""id"":""57892"",""name"":""women"",""locale"":""WOMEN"",""level"":1,""raw_order"":0},{""role"":""class"",""id"":""57959"",""name"":""tops"",""locale"":""티셔츠 & UT"",""level"":2,""raw_order"":1},{""role"":""category"",""id"":""58948"",""name"":""peace for all"",""locale"":""PEACE FOR ALL"",""level"":3,""raw_order"":2},{""role"":""subcategory"",""id"":""58949"",""name"":""graphic tees"",""locale"":""그래픽 티셔츠"",""level"":4,""raw_order"":3}]",
uniqlo,E481994,E481994-000,KIDS,,KIDS,True,이너웨어 > 에어리즘 > 캐미솔,이너웨어,57978,에어리즘,58091,캐미솔,58636,,,https://www.uniqlo.com/kr/ko/products/E481994-000/00,uniqlo_hydration,"[{""role"":""gender"",""id"":""57894"",""name"":""kids"",""locale"":""KIDS"",""level"":1,""raw_order"":0},{""role"":""class"",""id"":""57978"",""name"":""innerwear"",""locale"":""이너웨어"",""level"":2,""raw_order"":1},{""role"":""category"",""id"":""58091"",""name"":""airism"",""locale"":""에어리즘"",""level"":3,""raw_order"":2},{""role"":""subcategory"",""id"":""58636"",""name"":""camisole"",""locale"":""캐미솔"",""level"":4,""raw_order"":3}]",
uniqlo,E481800,E481800-000,BABY,,BABY,True,영유아(6개월~5세) > 이너웨어 > 코튼메쉬,영유아(6개월~5세),57981,이너웨어,58116,코튼메쉬,58725,,,https://www.uniqlo.com/kr/ko/products/E481800-000/00,uniqlo_hydration,"[{""role"":""gender"",""id"":""57925"",""name"":""baby"",""locale"":""BABY"",""level"":1,""raw_order"":0},{""role"":""class"",""id"":""57981"",""name"":""toddler"",""locale"":""영유아(6개월~5세)"",""level"":2,""raw_order"":1},{""role"":""category"",""id"":""58116"",""name"":""innerwear"",""locale"":""이너웨어"",""level"":3,""raw_order"":2},{""role"":""subcategory"",""id"":""58725"",""name"":""cotton mesh inner"",""locale"":""코튼메쉬"",""level"":4,""raw_order"":3}]",
uniqlo,E468496,E468496-000,WOMEN,,WOMEN,True,티셔츠 & UT > PEACE FOR ALL > 그래픽 티셔츠,티셔츠 & UT,57959,PEACE FOR ALL,58948,그래픽 티셔츠,58949,,,https://www.uniqlo.com/kr/ko/products/E468496-000/00,uniqlo_hydration,"[{""role"":""gender"",""id"":""57892"",""name"":""women"",""locale"":""WOMEN"",""level"":1,""raw_order"":0},{""role"":""class"",""id"":""57959"",""name"":""tops"",""locale"":""티셔츠 & UT"",""level"":2,""raw_order"":1},{""role"":""category"",""id"":""58948"",""name"":""peace for all"",""locale"":""PEACE FOR ALL"",""level"":3,""raw_order"":2},{""role"":""subcategory"",""id"":""58949"",""name"":""graphic tees"",""locale"":""그래픽 티셔츠"",""level"":4,""raw_order"":3}]",
uniqlo,E482006,E482006-000,KIDS,,KIDS,True,에어리즘 > 주니어브라 & 브라탑 > 브라탑,에어리즘,81621,주니어브라 & 브라탑,82095,브라탑,82486,,,https://www.uniqlo.com/kr/ko/products/E482006-000/00,uniqlo_hydration,"[{""role"":""gender"",""id"":""57894"",""name"":""kids"",""locale"":""KIDS"",""level"":1,""raw_order"":0},{""role"":""class"",""id"":""81621"",""name"":""airism"",""locale"":""에어리즘"",""level"":2,""raw_order"":1},{""role"":""category"",""id"":""82095"",""name"":""bras and bra tops"",""locale"":""주니어브라 & 브라탑"",""level"":3,""raw_order"":2},{""role"":""subcategory"",""id"":""82486"",""name"":""others"",""locale"":""브라탑"",""level"":4,""raw_order"":3}]",
uniqlo,E481801,E481801-000,BABY,,BABY,True,영유아(6개월~5세) > 이너웨어 > 코튼메쉬,영유아(6개월~5세),57981,이너웨어,58116,코튼메쉬,58725,,,https://www.uniqlo.com/kr/ko/products/E481801-000/00,uniqlo_hydration,"[{""role"":""gender"",""id"":""57925"",""name"":""baby"",""locale"":""BABY"",""level"":1,""raw_order"":0},{""role"":""class"",""id"":""57981"",""name"":""toddler"",""locale"":""영유아(6개월~5세)"",""level"":2,""raw_order"":1},{""role"":""category"",""id"":""58116"",""name"":""innerwear"",""locale"":""이너웨어"",""level"":3,""raw_order"":2},{""role"":""subcategory"",""id"":""58725"",""name"":""cotton mesh inner"",""locale"":""코튼메쉬"",""level"":4,""raw_order"":3}]",
uniqlo,E469409,E469409-000,WOMEN,,WOMEN,True,니트 & 가디건 > 니트 > 반팔 니트,니트 & 가디건,95353,니트,95361,반팔 니트,95364,,,https://www.uniqlo.com/kr/ko/products/E469409-000/00,uniqlo_hydration,"[{""role"":""gender"",""id"":""57892"",""name"":""women"",""locale"":""WOMEN"",""level"":1,""raw_order"":0},{""role"":""class"",""id"":""95353"",""name"":""sweaters and knitwear"",""locale"":""니트 & 가디건"",""level"":2,""raw_order"":1},{""role"":""category"",""id"":""95361"",""name"":""sweaters and knitwear"",""locale"":""니트"",""level"":3,""raw_order"":2},{""role"":""subcategory"",""id"":""95364"",""name"":""short half sleeve"",""locale"":""반팔 니트"",""level"":4,""raw_order"":3}]",
uniqlo,E482008,E482008-000,KIDS,,KIDS,True,이너웨어 > 언더웨어 > 쇼츠,이너웨어,57978,언더웨어,58095,쇼츠,58651,,,https://www.uniqlo.com/kr/ko/products/E482008-000/00,uniqlo_hydration,"[{""role"":""gender"",""id"":""57894"",""name"":""kids"",""locale"":""KIDS"",""level"":1,""raw_order"":0},{""role"":""class"",""id"":""57978"",""name"":""innerwear"",""locale"":""이너웨어"",""level"":2,""raw_order"":1},{""role"":""category"",""id"":""58095"",""name"":""underwear"",""locale"":""언더웨어"",""level"":3,""raw_order"":2},{""role"":""subcategory"",""id"":""58651"",""name"":""shorts"",""locale"":""쇼츠"",""level"":4,""raw_order"":3}]",
uniqlo,E481808,E481808-000,BABY,,BABY,True,영유아(6개월~5세) > 그래픽티셔츠 > The Picture Book Collection,영유아(6개월~5세),57981,그래픽티셔츠,58112,The Picture Book Collection,128055,,,https://www.uniqlo.com/kr/ko/products/E481808-000/00,uniqlo_hydration,"[{""role"":""gender"",""id"":""57925"",""name"":""baby"",""locale"":""BABY"",""level"":1,""raw_order"":0},{""role"":""class"",""id"":""57981"",""name"":""toddler"",""locale"":""영유아(6개월~5세)"",""level"":2,""raw_order"":1},{""role"":""category"",""id"":""58112"",""name"":""ut graphic tees"",""locale"":""그래픽티셔츠"",""level"":3,""raw_order"":2},{""role"":""subcategory"",""id"":""128055"",""name"":""the picture book collection 26ss"",""locale"":""The Picture Book Collection"",""level"":4,""raw_order"":3}]",
uniqlo,E469410,E469410-000,WOMEN,,WOMEN,True,니트 & 가디건 > 니트 > 메리노 니트,니트 & 가디건,95353,니트,95361,메리노 니트,95366,,,https://www.uniqlo.com/kr/ko/products/E469410-000/00,uniqlo_hydration,"[{""role"":""gender"",""id"":""57892"",""name"":""women"",""locale"":""WOMEN"",""level"":1,""raw_order"":0},{""role"":""class"",""id"":""95353"",""name"":""sweaters and knitwear"",""locale"":""니트 & 가디건"",""level"":2,""raw_order"":1},{""role"":""category"",""id"":""95361"",""name"":""sweaters and knitwear"",""locale"":""니트"",""level"":3,""raw_order"":2},{""role"":""subcategory"",""id"":""95366"",""name"":""extra fine merino"",""locale"":""메리노 니트"",""level"":4,""raw_order"":3}]",
uniqlo,E482009,E482009-000,KIDS,,KIDS,True,이너웨어 > 언더웨어 > 쇼츠,이너웨어,57978,언더웨어,58095,쇼츠,58651,,,https://www.uniqlo.com/kr/ko/products/E482009-000/00,uniqlo_hydration,"[{""role"":""gender"",""id"":""57894"",""name"":""kids"",""locale"":""KIDS"",""level"":1,""raw_order"":0},{""role"":""class"",""id"":""57978"",""name"":""innerwear"",""locale"":""이너웨어"",""level"":2,""raw_order"":1},{""role"":""category"",""id"":""58095"",""name"":""underwear"",""locale"":""언더웨어"",""level"":3,""raw_order"":2},{""role"":""subcategory"",""id"":""58651"",""name"":""shorts"",""locale"":""쇼츠"",""level"":4,""raw_order"":3}]",
uniqlo,E481809,E481809-000,BABY,,BABY,True,영유아(6개월~5세) > 그래픽티셔츠 > The Picture Book Collection,영유아(6개월~5세),57981,그래픽티셔츠,58112,The Picture Book Collection,128055,,,https://www.uniqlo.com/kr/ko/products/E481809-000/00,uniqlo_hydration,"[{""role"":""gender"",""id"":""57925"",""name"":""baby"",""locale"":""BABY"",""level"":1,""raw_order"":0},{""role"":""class"",""id"":""57981"",""name"":""toddler"",""locale"":""영유아(6개월~5세)"",""level"":2,""raw_order"":1},{""role"":""category"",""id"":""58112"",""name"":""ut graphic tees"",""locale"":""그래픽티셔츠"",""level"":3,""raw_order"":2},{""role"":""subcategory"",""id"":""128055"",""name"":""the picture book collection 26ss"",""locale"":""The Picture Book Collection"",""level"":4,""raw_order"":3}]",
uniqlo,E469411,E469411-000,WOMEN,,WOMEN,True,니트 & 가디건 > 가디건 > 메리노,니트 & 가디건,95353,가디건,128380,메리노,128382,,,https://www.uniqlo.com/kr/ko/products/E469411-000/00,uniqlo_hydration,"[{""role"":""gender"",""id"":""57892"",""name"":""women"",""locale"":""WOMEN"",""level"":1,""raw_order"":0},{""role"":""class"",""id"":""95353"",""name"":""sweaters and knitwear"",""locale"":""니트 & 가디건"",""level"":2,""raw_order"":1},{""role"":""category"",""id"":""128380"",""name"":""cardigan"",""locale"":""가디건"",""level"":3,""raw_order"":2},{""role"":""subcategory"",""id"":""128382"",""name"":""extra fine merino"",""locale"":""메리노"",""level"":4,""raw_order"":3}]",
uniqlo,E482015,E482015-000,KIDS,,KIDS,True,이너웨어 > 언더웨어 > 쇼츠,이너웨어,57978,언더웨어,58095,쇼츠,58651,,,https://www.uniqlo.com/kr/ko/products/E482015-000/00,uniqlo_hydration,"[{""role"":""gender"",""id"":""57894"",""name"":""kids"",""locale"":""KIDS"",""level"":1,""raw_order"":0},{""role"":""class"",""id"":""57978"",""name"":""innerwear"",""locale"":""이너웨어"",""level"":2,""raw_order"":1},{""role"":""category"",""id"":""58095"",""name"":""underwear"",""locale"":""언더웨어"",""level"":3,""raw_order"":2},{""role"":""subcategory"",""id"":""58651"",""name"":""shorts"",""locale"":""쇼츠"",""level"":4,""raw_order"":3}]",
uniqlo,E481862,E481862-000,BABY,,BABY,True,신생아(0개월~2세) > 바디수트 > 긴팔,신생아(0개월~2세),57980,바디수트,58102,긴팔,58674,,,https://www.uniqlo.com/kr/ko/products/E481862-000/00,uniqlo_hydration,"[{""role"":""gender"",""id"":""57925"",""name"":""baby"",""locale"":""BABY"",""level"":1,""raw_order"":0},{""role"":""class"",""id"":""57980"",""name"":""newborn"",""locale"":""신생아(0개월~2세)"",""level"":2,""raw_order"":1},{""role"":""category"",""id"":""58102"",""name"":""bodysuits"",""locale"":""바디수트"",""level"":3,""raw_order"":2},{""role"":""subcategory"",""id"":""58674"",""name"":""long sleeve"",""locale"":""긴팔"",""level"":4,""raw_order"":3}]",
uniqlo,E469740,E469740-000,WOMEN,,WOMEN,True,이너웨어 > 히트텍 > 8부,이너웨어,57963,히트텍,58019,8부,58289,,,https://www.uniqlo.com/kr/ko/products/E469740-000/00,uniqlo_hydration,"[{""role"":""gender"",""id"":""57892"",""name"":""women"",""locale"":""WOMEN"",""level"":1,""raw_order"":0},{""role"":""class"",""id"":""57963"",""name"":""innerwear"",""locale"":""이너웨어"",""level"":2,""raw_order"":1},{""role"":""category"",""id"":""58019"",""name"":""heattech"",""locale"":""히트텍"",""level"":3,""raw_order"":2},{""role"":""subcategory"",""id"":""58289"",""name"":""u neck8"",""locale"":""8부"",""level"":4,""raw_order"":3}]",
uniqlo,E483327,E483327-000,KIDS,,KIDS,True,청바지 & 팬츠 > 반바지 > 반바지,청바지 & 팬츠,57975,반바지,58084,반바지,58607,,,https://www.uniqlo.com/kr/ko/products/E483327-000/00,uniqlo_hydration,"[{""role"":""gender"",""id"":""57894"",""name"":""kids"",""locale"":""KIDS"",""level"":1,""raw_order"":0},{""role"":""class"",""id"":""57975"",""name"":""pants and skirts"",""locale"":""청바지 & 팬츠"",""level"":2,""raw_order"":1},{""role"":""category"",""id"":""58084"",""name"":""short pants"",""locale"":""반바지"",""level"":3,""raw_order"":2},{""role"":""subcategory"",""id"":""58607"",""name"":""shorts"",""locale"":""반바지"",""level"":4,""raw_order"":3}]",
uniqlo,E481881,E481881-000,BABY,,BABY,True,영유아(6개월~5세) > 레깅스 & 팬츠 > 레깅스,영유아(6개월~5세),57981,레깅스 & 팬츠,58113,레깅스,58714,,,https://www.uniqlo.com/kr/ko/products/E481881-000/00,uniqlo_hydration,"[{""role"":""gender"",""id"":""57925"",""name"":""baby"",""locale"":""BABY"",""level"":1,""raw_order"":0},{""role"":""class"",""id"":""57981"",""name"":""toddler"",""locale"":""영유아(6개월~5세)"",""level"":2,""raw_order"":1},{""role"":""category"",""id"":""58113"",""name"":""pants and leggings"",""locale"":""레깅스 & 팬츠"",""level"":3,""raw_order"":2},{""role"":""subcategory"",""id"":""58714"",""name"":""leggings"",""locale"":""레깅스"",""level"":4,""raw_order"":3}]",
uniqlo,E469742,E469742-000,WOMEN,,WOMEN,True,이너웨어 > 히트텍 > 크루넥,이너웨어,57963,히트텍,58019,크루넥,58292,,,https://www.uniqlo.com/kr/ko/products/E469742-000/00,uniqlo_hydration,"[{""role"":""gender"",""id"":""57892"",""name"":""women"",""locale"":""WOMEN"",""level"":1,""raw_order"":0},{""role"":""class"",""id"":""57963"",""name"":""innerwear"",""locale"":""이너웨어"",""level"":2,""raw_order"":1},{""role"":""category"",""id"":""58019"",""name"":""heattech"",""locale"":""히트텍"",""level"":3,""raw_order"":2},{""role"":""subcategory"",""id"":""58292"",""name"":""crew neck"",""locale"":""크루넥"",""level"":4,""raw_order"":3}]",
uniqlo,E483329,E483329-000,KIDS,,KIDS,True,청바지 & 팬츠 > 반바지 > 스커트 팬츠,청바지 & 팬츠,57975,반바지,58084,스커트 팬츠,58608,,,https://www.uniqlo.com/kr/ko/products/E483329-000/00,uniqlo_hydration,"[{""role"":""gender"",""id"":""57894"",""name"":""kids"",""locale"":""KIDS"",""level"":1,""raw_order"":0},{""role"":""class"",""id"":""57975"",""name"":""pants and skirts"",""locale"":""청바지 & 팬츠"",""level"":2,""raw_order"":1},{""role"":""category"",""id"":""58084"",""name"":""short pants"",""locale"":""반바지"",""level"":3,""raw_order"":2},{""role"":""subcategory"",""id"":""58608"",""name"":""skorts"",""locale"":""스커트 팬츠"",""level"":4,""raw_order"":3}]",
uniqlo,E481898,E481898-000,BABY,,BABY,True,영유아(6개월~5세) > 양말 > 레귤러삭스,영유아(6개월~5세),57981,양말,58117,레귤러삭스,58731,,,https://www.uniqlo.com/kr/ko/products/E481898-000/00,uniqlo_hydration,"[{""role"":""gender"",""id"":""57925"",""name"":""baby"",""locale"":""BABY"",""level"":1,""raw_order"":0},{""role"":""class"",""id"":""57981"",""name"":""toddler"",""locale"":""영유아(6개월~5세)"",""level"":2,""raw_order"":1},{""role"":""category"",""id"":""58117"",""name"":""socks"",""locale"":""양말"",""level"":3,""raw_order"":2},{""role"":""subcategory"",""id"":""58731"",""name"":""regular socks"",""locale"":""레귤러삭스"",""level"":4,""raw_order"":3}]",
uniqlo,E469765,E469765-000,WOMEN,,WOMEN,True,이너웨어 > 히트텍 > 히트텍 캐시미어 블렌드,이너웨어,57963,히트텍,58019,히트텍 캐시미어 블렌드,98312,,,https://www.uniqlo.com/kr/ko/products/E469765-000/00,uniqlo_hydration,"[{""role"":""gender"",""id"":""57892"",""name"":""women"",""locale"":""WOMEN"",""level"":1,""raw_order"":0},{""role"":""class"",""id"":""57963"",""name"":""innerwear"",""locale"":""이너웨어"",""level"":2,""raw_order"":1},{""role"":""category"",""id"":""58019"",""name"":""heattech"",""locale"":""히트텍"",""level"":3,""raw_order"":2},{""role"":""subcategory"",""id"":""98312"",""name"":""cashmere blend"",""locale"":""히트텍 캐시미어 블렌드"",""level"":4,""raw_order"":3}]",
uniqlo,E483339,E483339-000,KIDS,,KIDS,True,원피스 & 스커트 > 원피스 > 슬리브리스,원피스 & 스커트,57976,원피스,58085,슬리브리스,58611,,,https://www.uniqlo.com/kr/ko/products/E483339-000/00,uniqlo_hydration,"[{""role"":""gender"",""id"":""57894"",""name"":""kids"",""locale"":""KIDS"",""level"":1,""raw_order"":0},{""role"":""class"",""id"":""57976"",""name"":""dresses"",""locale"":""원피스 & 스커트"",""level"":2,""raw_order"":1},{""role"":""category"",""id"":""58085"",""name"":""dresses"",""locale"":""원피스"",""level"":3,""raw_order"":2},{""role"":""subcategory"",""id"":""58611"",""name"":""sleeveless"",""locale"":""슬리브리스"",""level"":4,""raw_order"":3}]",
uniqlo,E482045,E482045-000,BABY,,BABY,True,영유아(6개월~5세) > 아우터 > UV Protection,영유아(6개월~5세),57981,아우터,58110,UV Protection,58705,,,https://www.uniqlo.com/kr/ko/products/E482045-000/00,uniqlo_hydration,"[{""role"":""gender"",""id"":""57925"",""name"":""baby"",""locale"":""BABY"",""level"":1,""raw_order"":0},{""role"":""class"",""id"":""57981"",""name"":""toddler"",""locale"":""영유아(6개월~5세)"",""level"":2,""raw_order"":1},{""role"":""category"",""id"":""58110"",""name"":""outerwear"",""locale"":""아우터"",""level"":3,""raw_order"":2},{""role"":""subcategory"",""id"":""58705"",""name"":""uv protection"",""locale"":""UV Protection"",""level"":4,""raw_order"":3}]",
uniqlo,E469836,E469836-000,WOMEN,,WOMEN,True,이너웨어 > 레깅스 & 타이즈 > 레깅스,이너웨어,57963,레깅스 & 타이즈,58023,레깅스,98308,,,https://www.uniqlo.com/kr/ko/products/E469836-000/00,uniqlo_hydration,"[{""role"":""gender"",""id"":""57892"",""name"":""women"",""locale"":""WOMEN"",""level"":1,""raw_order"":0},{""role"":""class"",""id"":""57963"",""name"":""innerwear"",""locale"":""이너웨어"",""level"":2,""raw_order"":1},{""role"":""category"",""id"":""58023"",""name"":""leggings and tights"",""locale"":""레깅스 & 타이즈"",""level"":3,""raw_order"":2},{""role"":""subcategory"",""id"":""98308"",""name"":""leggings"",""locale"":""레깅스"",""level"":4,""raw_order"":3}]",
uniqlo,E483340,E483340-000,KIDS,,KIDS,True,원피스 & 스커트 > 원피스 > 슬리브리스,원피스 & 스커트,57976,원피스,58085,슬리브리스,58611,,,https://www.uniqlo.com/kr/ko/products/E483340-000/00,uniqlo_hydration,"[{""role"":""gender"",""id"":""57894"",""name"":""kids"",""locale"":""KIDS"",""level"":1,""raw_order"":0},{""role"":""class"",""id"":""57976"",""name"":""dresses"",""locale"":""원피스 & 스커트"",""level"":2,""raw_order"":1},{""role"":""category"",""id"":""58085"",""name"":""dresses"",""locale"":""원피스"",""level"":3,""raw_order"":2},{""role"":""subcategory"",""id"":""58611"",""name"":""sleeveless"",""locale"":""슬리브리스"",""level"":4,""raw_order"":3}]",
uniqlo,E483021,E483021-000,BABY,,BABY,True,신생아(0개월~2세) > 커버올 > 반팔,신생아(0개월~2세),57980,커버올,58101,반팔,58669,,,https://www.uniqlo.com/kr/ko/products/E483021-000/00,uniqlo_hydration,"[{""role"":""gender"",""id"":""57925"",""name"":""baby"",""locale"":""BABY"",""level"":1,""raw_order"":0},{""role"":""class"",""id"":""57980"",""name"":""newborn"",""locale"":""신생아(0개월~2세)"",""level"":2,""raw_order"":1},{""role"":""category"",""id"":""58101"",""name"":""one pieces"",""locale"":""커버올"",""level"":3,""raw_order"":2},{""role"":""subcategory"",""id"":""58669"",""name"":""shortsleeves"",""locale"":""반팔"",""level"":4,""raw_order"":3}]",
uniqlo,E469863,E469863-000,WOMEN,,WOMEN,True,아우터 > 경량 패딩 (PUFFTECH) > 퍼프테크,아우터,57958,경량 패딩 (PUFFTECH),57994,퍼프테크,58130,,,https://www.uniqlo.com/kr/ko/products/E469863-000/00,uniqlo_hydration,"[{""role"":""gender"",""id"":""57892"",""name"":""women"",""locale"":""WOMEN"",""level"":1,""raw_order"":0},{""role"":""class"",""id"":""57958"",""name"":""outerwear"",""locale"":""아우터"",""level"":2,""raw_order"":1},{""role"":""category"",""id"":""57994"",""name"":""pufftech and ultra light down"",""locale"":""경량 패딩 (PUFFTECH)"",""level"":3,""raw_order"":2},{""role"":""subcategory"",""id"":""58130"",""name"":""pufftech"",""locale"":""퍼프테크"",""level"":4,""raw_order"":3}]",
uniqlo,E483348,E483348-000,KIDS,,KIDS,True,티셔츠 & UT > 티셔츠 (반팔 & 긴팔) > 걸즈,티셔츠 & UT,57974,티셔츠 (반팔 & 긴팔),58078,걸즈,58586,,,https://www.uniqlo.com/kr/ko/products/E483348-000/00,uniqlo_hydration,"[{""role"":""gender"",""id"":""57894"",""name"":""kids"",""locale"":""KIDS"",""level"":1,""raw_order"":0},{""role"":""class"",""id"":""57974"",""name"":""tops"",""locale"":""티셔츠 & UT"",""level"":2,""raw_order"":1},{""role"":""category"",""id"":""58078"",""name"":""t shirts"",""locale"":""티셔츠 (반팔 & 긴팔)"",""level"":3,""raw_order"":2},{""role"":""subcategory"",""id"":""58586"",""name"":""girls"",""locale"":""걸즈"",""level"":4,""raw_order"":3}]",
uniqlo,E483021,E483021-001,BABY,,BABY,True,신생아(0개월~2세) > 커버올 > 반팔,신생아(0개월~2세),57980,커버올,58101,반팔,58669,,,https://www.uniqlo.com/kr/ko/products/E483021-001/00,uniqlo_hydration,"[{""role"":""gender"",""id"":""57925"",""name"":""baby"",""locale"":""BABY"",""level"":1,""raw_order"":0},{""role"":""class"",""id"":""57980"",""name"":""newborn"",""locale"":""신생아(0개월~2세)"",""level"":2,""raw_order"":1},{""role"":""category"",""id"":""58101"",""name"":""one pieces"",""locale"":""커버올"",""level"":3,""raw_order"":2},{""role"":""subcategory"",""id"":""58669"",""name"":""shortsleeves"",""locale"":""반팔"",""level"":4,""raw_order"":3}]",
uniqlo,E469871,E469871-000,WOMEN,,WOMEN,True,아우터 > 경량 패딩 (PUFFTECH) > 퍼프테크,아우터,57958,경량 패딩 (PUFFTECH),57994,퍼프테크,58130,,,https://www.uniqlo.com/kr/ko/products/E469871-000/00,uniqlo_hydration,"[{""role"":""gender"",""id"":""57892"",""name"":""women"",""locale"":""WOMEN"",""level"":1,""raw_order"":0},{""role"":""class"",""id"":""57958"",""name"":""outerwear"",""locale"":""아우터"",""level"":2,""raw_order"":1},{""role"":""category"",""id"":""57994"",""name"":""pufftech and ultra light down"",""locale"":""경량 패딩 (PUFFTECH)"",""level"":3,""raw_order"":2},{""role"":""subcategory"",""id"":""58130"",""name"":""pufftech"",""locale"":""퍼프테크"",""level"":4,""raw_order"":3}]",
uniqlo,E483349,E483349-000,KIDS,,KIDS,True,티셔츠 & UT > 티셔츠 (반팔 & 긴팔) > 그래픽 티셔츠,티셔츠 & UT,57974,티셔츠 (반팔 & 긴팔),58078,그래픽 티셔츠,94366,,,https://www.uniqlo.com/kr/ko/products/E483349-000/00,uniqlo_hydration,"[{""role"":""gender"",""id"":""57894"",""name"":""kids"",""locale"":""KIDS"",""level"":1,""raw_order"":0},{""role"":""class"",""id"":""57974"",""name"":""tops"",""locale"":""티셔츠 & UT"",""level"":2,""raw_order"":1},{""role"":""category"",""id"":""58078"",""name"":""t shirts"",""locale"":""티셔츠 (반팔 & 긴팔)"",""level"":3,""raw_order"":2},{""role"":""subcategory"",""id"":""94366"",""name"":""ut"",""locale"":""그래픽 티셔츠"",""level"":4,""raw_order"":3}]",
uniqlo,E483022,E483022-000,BABY,,BABY,True,신생아(0개월~2세) > 커버올 > 슬리브리스,신생아(0개월~2세),57980,커버올,58101,슬리브리스,58670,,,https://www.uniqlo.com/kr/ko/products/E483022-000/00,uniqlo_hydration,"[{""role"":""gender"",""id"":""57925"",""name"":""baby"",""locale"":""BABY"",""level"":1,""raw_order"":0},{""role"":""class"",""id"":""57980"",""name"":""newborn"",""locale"":""신생아(0개월~2세)"",""level"":2,""raw_order"":1},{""role"":""category"",""id"":""58101"",""name"":""one pieces"",""locale"":""커버올"",""level"":3,""raw_order"":2},{""role"":""subcategory"",""id"":""58670"",""name"":""sleeveless"",""locale"":""슬리브리스"",""level"":4,""raw_order"":3}]",
uniqlo,E469956,E469956-000,WOMEN,,MEN,False,아우터 > 파카 & 블루종 > 후리스,아우터,57966,파카 & 블루종,58035,후리스,98333,,,https://www.uniqlo.com/kr/ko/products/E469956-000/00,uniqlo_hydration,"[{""role"":""gender"",""id"":""57893"",""name"":""men"",""locale"":""MEN"",""level"":1,""raw_order"":0},{""role"":""class"",""id"":""57966"",""name"":""outerwear"",""locale"":""아우터"",""level"":2,""raw_order"":1},{""role"":""category"",""id"":""58035"",""name"":""parkas and blousons"",""locale"":""파카 & 블루종"",""level"":3,""raw_order"":2},{""role"":""subcategory"",""id"":""98333"",""name"":""fleece"",""locale"":""후리스"",""level"":4,""raw_order"":3}]",
uniqlo,E483350,E483350-000,KIDS,,KIDS,True,티셔츠 & UT > 티셔츠 (반팔 & 긴팔) > 그래픽 티셔츠,티셔츠 & UT,57974,티셔츠 (반팔 & 긴팔),58078,그래픽 티셔츠,94366,,,https://www.uniqlo.com/kr/ko/products/E483350-000/00,uniqlo_hydration,"[{""role"":""gender"",""id"":""57894"",""name"":""kids"",""locale"":""KIDS"",""level"":1,""raw_order"":0},{""role"":""class"",""id"":""57974"",""name"":""tops"",""locale"":""티셔츠 & UT"",""level"":2,""raw_order"":1},{""role"":""category"",""id"":""58078"",""name"":""t shirts"",""locale"":""티셔츠 (반팔 & 긴팔)"",""level"":3,""raw_order"":2},{""role"":""subcategory"",""id"":""94366"",""name"":""ut"",""locale"":""그래픽 티셔츠"",""level"":4,""raw_order"":3}]",
uniqlo,E483126,E483126-000,BABY,,BABY,True,영유아(6개월~5세) > 티셔츠 & 스웨트셔츠 > 티셔츠(반팔),영유아(6개월~5세),57981,티셔츠 & 스웨트셔츠,58111,티셔츠(반팔),126279,,,https://www.uniqlo.com/kr/ko/products/E483126-000/00,uniqlo_hydration,"[{""role"":""gender"",""id"":""57925"",""name"":""baby"",""locale"":""BABY"",""level"":1,""raw_order"":0},{""role"":""class"",""id"":""57981"",""name"":""toddler"",""locale"":""영유아(6개월~5세)"",""level"":2,""raw_order"":1},{""role"":""category"",""id"":""58111"",""name"":""tops"",""locale"":""티셔츠 & 스웨트셔츠"",""level"":3,""raw_order"":2},{""role"":""subcategory"",""id"":""126279"",""name"":""short sleeve"",""locale"":""티셔츠(반팔)"",""level"":4,""raw_order"":3}]",
uniqlo,E470182,E470182-000,WOMEN,,MEN,False,셔츠 > 캐주얼셔츠 > 플란넬,셔츠,95356,캐주얼셔츠,95359,플란넬,95423,,,https://www.uniqlo.com/kr/ko/products/E470182-000/00,uniqlo_hydration,"[{""role"":""gender"",""id"":""57893"",""name"":""men"",""locale"":""MEN"",""level"":1,""raw_order"":0},{""role"":""class"",""id"":""95356"",""name"":""shirts and polo shirts"",""locale"":""셔츠"",""level"":2,""raw_order"":1},{""role"":""category"",""id"":""95359"",""name"":""casual shirts"",""locale"":""캐주얼셔츠"",""level"":3,""raw_order"":2},{""role"":""subcategory"",""id"":""95423"",""name"":""flannel"",""locale"":""플란넬"",""level"":4,""raw_order"":3}]",
uniqlo,E483351,E483351-000,KIDS,,KIDS,True,티셔츠 & UT > 티셔츠 (반팔 & 긴팔) > 그래픽 티셔츠,티셔츠 & UT,57974,티셔츠 (반팔 & 긴팔),58078,그래픽 티셔츠,94366,,,https://www.uniqlo.com/kr/ko/products/E483351-000/00,uniqlo_hydration,"[{""role"":""gender"",""id"":""57894"",""name"":""kids"",""locale"":""KIDS"",""level"":1,""raw_order"":0},{""role"":""class"",""id"":""57974"",""name"":""tops"",""locale"":""티셔츠 & UT"",""level"":2,""raw_order"":1},{""role"":""category"",""id"":""58078"",""name"":""t shirts"",""locale"":""티셔츠 (반팔 & 긴팔)"",""level"":3,""raw_order"":2},{""role"":""subcategory"",""id"":""94366"",""name"":""ut"",""locale"":""그래픽 티셔츠"",""level"":4,""raw_order"":3}]",
uniqlo,E470187,E470187-000,WOMEN,,MEN,False,셔츠 > 캐주얼셔츠 > 플란넬,셔츠,95356,캐주얼셔츠,95359,플란넬,95423,,,https://www.uniqlo.com/kr/ko/products/E470187-000/00,uniqlo_hydration,"[{""role"":""gender"",""id"":""57893"",""name"":""men"",""locale"":""MEN"",""level"":1,""raw_order"":0},{""role"":""class"",""id"":""95356"",""name"":""shirts and polo shirts"",""locale"":""셔츠"",""level"":2,""raw_order"":1},{""role"":""category"",""id"":""95359"",""name"":""casual shirts"",""locale"":""캐주얼셔츠"",""level"":3,""raw_order"":2},{""role"":""subcategory"",""id"":""95423"",""name"":""flannel"",""locale"":""플란넬"",""level"":4,""raw_order"":3}]",
uniqlo,E483352,E483352-000,KIDS,,KIDS,True,티셔츠 & UT > 티셔츠 (반팔 & 긴팔) > 그래픽 티셔츠,티셔츠 & UT,57974,티셔츠 (반팔 & 긴팔),58078,그래픽 티셔츠,94366,,,https://www.uniqlo.com/kr/ko/products/E483352-000/00,uniqlo_hydration,"[{""role"":""gender"",""id"":""57894"",""name"":""kids"",""locale"":""KIDS"",""level"":1,""raw_order"":0},{""role"":""class"",""id"":""57974"",""name"":""tops"",""locale"":""티셔츠 & UT"",""level"":2,""raw_order"":1},{""role"":""category"",""id"":""58078"",""name"":""t shirts"",""locale"":""티셔츠 (반팔 & 긴팔)"",""level"":3,""raw_order"":2},{""role"":""subcategory"",""id"":""94366"",""name"":""ut"",""locale"":""그래픽 티셔츠"",""level"":4,""raw_order"":3}]",
uniqlo,E483127,E483127-000,BABY,,BABY,True,영유아(6개월~5세) > 티셔츠 & 스웨트셔츠 > 티셔츠(반팔),영유아(6개월~5세),57981,티셔츠 & 스웨트셔츠,58111,티셔츠(반팔),126279,,,https://www.uniqlo.com/kr/ko/products/E483127-000/00,uniqlo_hydration,"[{""role"":""gender"",""id"":""57925"",""name"":""baby"",""locale"":""BABY"",""level"":1,""raw_order"":0},{""role"":""class"",""id"":""57981"",""name"":""toddler"",""locale"":""영유아(6개월~5세)"",""level"":2,""raw_order"":1},{""role"":""category"",""id"":""58111"",""name"":""tops"",""locale"":""티셔츠 & 스웨트셔츠"",""level"":3,""raw_order"":2},{""role"":""subcategory"",""id"":""126279"",""name"":""short sleeve"",""locale"":""티셔츠(반팔)"",""level"":4,""raw_order"":3}]",
uniqlo,E471157,E471157-000,WOMEN,,MEN,False,티셔츠 & 스웨트셔츠 & UT > PEACE FOR ALL > 그래픽 티셔츠,티셔츠 & 스웨트셔츠 & UT,57967,PEACE FOR ALL,58950,그래픽 티셔츠,58951,,,https://www.uniqlo.com/kr/ko/products/E471157-000/00,uniqlo_hydration,"[{""role"":""gender"",""id"":""57893"",""name"":""men"",""locale"":""MEN"",""level"":1,""raw_order"":0},{""role"":""class"",""id"":""57967"",""name"":""tops"",""locale"":""티셔츠 & 스웨트셔츠 & UT"",""level"":2,""raw_order"":1},{""role"":""category"",""id"":""58950"",""name"":""peace for all"",""locale"":""PEACE FOR ALL"",""level"":3,""raw_order"":2},{""role"":""subcategory"",""id"":""58951"",""name"":""graphic tees"",""locale"":""그래픽 티셔츠"",""level"":4,""raw_order"":3}]",
uniqlo,E483373,E483373-000,KIDS,,KIDS,True,티셔츠 & UT > 그래픽티셔츠 > mofusand,티셔츠 & UT,57974,그래픽티셔츠,58081,mofusand,136135,,,https://www.uniqlo.com/kr/ko/products/E483373-000/00,uniqlo_hydration,"[{""role"":""gender"",""id"":""57894"",""name"":""kids"",""locale"":""KIDS"",""level"":1,""raw_order"":0},{""role"":""class"",""id"":""57974"",""name"":""tops"",""locale"":""티셔츠 & UT"",""level"":2,""raw_order"":1},{""role"":""category"",""id"":""58081"",""name"":""ut graphic tees"",""locale"":""그래픽티셔츠"",""level"":3,""raw_order"":2},{""role"":""subcategory"",""id"":""136135"",""name"":""mofusand 26ss"",""locale"":""mofusand"",""level"":4,""raw_order"":3}]",
uniqlo,E483128,E483128-000,BABY,,BABY,True,영유아(6개월~5세) > 그래픽티셔츠 > The Picture Book Collection,영유아(6개월~5세),57981,그래픽티셔츠,58112,The Picture Book Collection,128055,,,https://www.uniqlo.com/kr/ko/products/E483128-000/00,uniqlo_hydration,"[{""role"":""gender"",""id"":""57925"",""name"":""baby"",""locale"":""BABY"",""level"":1,""raw_order"":0},{""role"":""class"",""id"":""57981"",""name"":""toddler"",""locale"":""영유아(6개월~5세)"",""level"":2,""raw_order"":1},{""role"":""category"",""id"":""58112"",""name"":""ut graphic tees"",""locale"":""그래픽티셔츠"",""level"":3,""raw_order"":2},{""role"":""subcategory"",""id"":""128055"",""name"":""the picture book collection 26ss"",""locale"":""The Picture Book Collection"",""level"":4,""raw_order"":3}]",
uniqlo,E471601,E471601-000,WOMEN,,WOMEN,True,이너웨어 > 히트텍 > 히트텍 캐시미어 블렌드,이너웨어,57963,히트텍,58019,히트텍 캐시미어 블렌드,98312,,,https://www.uniqlo.com/kr/ko/products/E471601-000/00,uniqlo_hydration,"[{""role"":""gender"",""id"":""57892"",""name"":""women"",""locale"":""WOMEN"",""level"":1,""raw_order"":0},{""role"":""class"",""id"":""57963"",""name"":""innerwear"",""locale"":""이너웨어"",""level"":2,""raw_order"":1},{""role"":""category"",""id"":""58019"",""name"":""heattech"",""locale"":""히트텍"",""level"":3,""raw_order"":2},{""role"":""subcategory"",""id"":""98312"",""name"":""cashmere blend"",""locale"":""히트텍 캐시미어 블렌드"",""level"":4,""raw_order"":3}]",
uniqlo,E483374,E483374-000,KIDS,,KIDS,True,티셔츠 & UT > 그래픽티셔츠 > mofusand,티셔츠 & UT,57974,그래픽티셔츠,58081,mofusand,136135,,,https://www.uniqlo.com/kr/ko/products/E483374-000/00,uniqlo_hydration,"[{""role"":""gender"",""id"":""57894"",""name"":""kids"",""locale"":""KIDS"",""level"":1,""raw_order"":0},{""role"":""class"",""id"":""57974"",""name"":""tops"",""locale"":""티셔츠 & UT"",""level"":2,""raw_order"":1},{""role"":""category"",""id"":""58081"",""name"":""ut graphic tees"",""locale"":""그래픽티셔츠"",""level"":3,""raw_order"":2},{""role"":""subcategory"",""id"":""136135"",""name"":""mofusand 26ss"",""locale"":""mofusand"",""level"":4,""raw_order"":3}]",
uniqlo,E483129,E483129-000,BABY,,BABY,True,영유아(6개월~5세) > 그래픽티셔츠 > The Picture Book Collection,영유아(6개월~5세),57981,그래픽티셔츠,58112,The Picture Book Collection,128055,,,https://www.uniqlo.com/kr/ko/products/E483129-000/00,uniqlo_hydration,"[{""role"":""gender"",""id"":""57925"",""name"":""baby"",""locale"":""BABY"",""level"":1,""raw_order"":0},{""role"":""class"",""id"":""57981"",""name"":""toddler"",""locale"":""영유아(6개월~5세)"",""level"":2,""raw_order"":1},{""role"":""category"",""id"":""58112"",""name"":""ut graphic tees"",""locale"":""그래픽티셔츠"",""level"":3,""raw_order"":2},{""role"":""subcategory"",""id"":""128055"",""name"":""the picture book collection 26ss"",""locale"":""The Picture Book Collection"",""level"":4,""raw_order"":3}]",
uniqlo,E471808,E471808-000,WOMEN,,MEN,False,티셔츠 & 스웨트셔츠 & UT > 스웨트셔츠 & 후드집업 > 후드,티셔츠 & 스웨트셔츠 & UT,57967,스웨트셔츠 & 후드집업,58040,후드,102253,,,https://www.uniqlo.com/kr/ko/products/E471808-000/00,uniqlo_hydration,"[{""role"":""gender"",""id"":""57893"",""name"":""men"",""locale"":""MEN"",""level"":1,""raw_order"":0},{""role"":""class"",""id"":""57967"",""name"":""tops"",""locale"":""티셔츠 & 스웨트셔츠 & UT"",""level"":2,""raw_order"":1},{""role"":""category"",""id"":""58040"",""name"":""sweatshirts and hoodies"",""locale"":""스웨트셔츠 & 후드집업"",""level"":3,""raw_order"":2},{""role"":""subcategory"",""id"":""102253"",""name"":""hoodies"",""locale"":""후드"",""level"":4,""raw_order"":3}]",
uniqlo,E483130,E483130-000,BABY,,BABY,True,영유아(6개월~5세) > 티셔츠 & 스웨트셔츠 > 티셔츠(반팔),영유아(6개월~5세),57981,티셔츠 & 스웨트셔츠,58111,티셔츠(반팔),126279,,,https://www.uniqlo.com/kr/ko/products/E483130-000/00,uniqlo_hydration,"[{""role"":""gender"",""id"":""57925"",""name"":""baby"",""locale"":""BABY"",""level"":1,""raw_order"":0},{""role"":""class"",""id"":""57981"",""name"":""toddler"",""locale"":""영유아(6개월~5세)"",""level"":2,""raw_order"":1},{""role"":""category"",""id"":""58111"",""name"":""tops"",""locale"":""티셔츠 & 스웨트셔츠"",""level"":3,""raw_order"":2},{""role"":""subcategory"",""id"":""126279"",""name"":""short sleeve"",""locale"":""티셔츠(반팔)"",""level"":4,""raw_order"":3}]",
uniqlo,E471809,E471809-000,WOMEN,,MEN,False,팬츠 > 스웨트 팬츠 & 조거 팬츠 > 스웨트,팬츠,57968,스웨트 팬츠 & 조거 팬츠,58050,스웨트,58460,,,https://www.uniqlo.com/kr/ko/products/E471809-000/00,uniqlo_hydration,"[{""role"":""gender"",""id"":""57893"",""name"":""men"",""locale"":""MEN"",""level"":1,""raw_order"":0},{""role"":""class"",""id"":""57968"",""name"":""bottoms"",""locale"":""팬츠"",""level"":2,""raw_order"":1},{""role"":""category"",""id"":""58050"",""name"":""sweat pants"",""locale"":""스웨트 팬츠 & 조거 팬츠"",""level"":3,""raw_order"":2},{""role"":""subcategory"",""id"":""58460"",""name"":""sweat"",""locale"":""스웨트"",""level"":4,""raw_order"":3}]",
uniqlo,E472516,E472516-000,WOMEN,,WOMEN,True,티셔츠 & UT > PEACE FOR ALL > 그래픽 티셔츠,티셔츠 & UT,57959,PEACE FOR ALL,58948,그래픽 티셔츠,58949,,,https://www.uniqlo.com/kr/ko/products/E472516-000/00,uniqlo_hydration,"[{""role"":""gender"",""id"":""57892"",""name"":""women"",""locale"":""WOMEN"",""level"":1,""raw_order"":0},{""role"":""class"",""id"":""57959"",""name"":""tops"",""locale"":""티셔츠 & UT"",""level"":2,""raw_order"":1},{""role"":""category"",""id"":""58948"",""name"":""peace for all"",""locale"":""PEACE FOR ALL"",""level"":3,""raw_order"":2},{""role"":""subcategory"",""id"":""58949"",""name"":""graphic tees"",""locale"":""그래픽 티셔츠"",""level"":4,""raw_order"":3}]",
uniqlo,E472517,E472517-000,WOMEN,,MEN,False,티셔츠 & 스웨트셔츠 & UT > PEACE FOR ALL > 그래픽 티셔츠,티셔츠 & 스웨트셔츠 & UT,57967,PEACE FOR ALL,58950,그래픽 티셔츠,58951,,,https://www.uniqlo.com/kr/ko/products/E472517-000/00,uniqlo_hydration,"[{""role"":""gender"",""id"":""57893"",""name"":""men"",""locale"":""MEN"",""level"":1,""raw_order"":0},{""role"":""class"",""id"":""57967"",""name"":""tops"",""locale"":""티셔츠 & 스웨트셔츠 & UT"",""level"":2,""raw_order"":1},{""role"":""category"",""id"":""58950"",""name"":""peace for all"",""locale"":""PEACE FOR ALL"",""level"":3,""raw_order"":2},{""role"":""subcategory"",""id"":""58951"",""name"":""graphic tees"",""locale"":""그래픽 티셔츠"",""level"":4,""raw_order"":3}]",
uniqlo,E472519,E472519-000,WOMEN,,WOMEN,True,티셔츠 & UT > PEACE FOR ALL > 그래픽 티셔츠,티셔츠 & UT,57959,PEACE FOR ALL,58948,그래픽 티셔츠,58949,,,https://www.uniqlo.com/kr/ko/products/E472519-000/00,uniqlo_hydration,"[{""role"":""gender"",""id"":""57892"",""name"":""women"",""locale"":""WOMEN"",""level"":1,""raw_order"":0},{""role"":""class"",""id"":""57959"",""name"":""tops"",""locale"":""티셔츠 & UT"",""level"":2,""raw_order"":1},{""role"":""category"",""id"":""58948"",""name"":""peace for all"",""locale"":""PEACE FOR ALL"",""level"":3,""raw_order"":2},{""role"":""subcategory"",""id"":""58949"",""name"":""graphic tees"",""locale"":""그래픽 티셔츠"",""level"":4,""raw_order"":3}]",
uniqlo,E472520,E472520-000,WOMEN,,WOMEN,True,티셔츠 & UT > PEACE FOR ALL > 그래픽 티셔츠,티셔츠 & UT,57959,PEACE FOR ALL,58948,그래픽 티셔츠,58949,,,https://www.uniqlo.com/kr/ko/products/E472520-000/00,uniqlo_hydration,"[{""role"":""gender"",""id"":""57892"",""name"":""women"",""locale"":""WOMEN"",""level"":1,""raw_order"":0},{""role"":""class"",""id"":""57959"",""name"":""tops"",""locale"":""티셔츠 & UT"",""level"":2,""raw_order"":1},{""role"":""category"",""id"":""58948"",""name"":""peace for all"",""locale"":""PEACE FOR ALL"",""level"":3,""raw_order"":2},{""role"":""subcategory"",""id"":""58949"",""name"":""graphic tees"",""locale"":""그래픽 티셔츠"",""level"":4,""raw_order"":3}]",
uniqlo,E473696,E473696-000,WOMEN,,WOMEN,True,리넨 > 팬츠 > 팬츠,리넨,116863,팬츠,116867,팬츠,116871,,,https://www.uniqlo.com/kr/ko/products/E473696-000/00,uniqlo_hydration,"[{""role"":""gender"",""id"":""57892"",""name"":""women"",""locale"":""WOMEN"",""level"":1,""raw_order"":0},{""role"":""class"",""id"":""116863"",""name"":""linen"",""locale"":""리넨"",""level"":2,""raw_order"":1},{""role"":""category"",""id"":""116867"",""name"":""bottoms"",""locale"":""팬츠"",""level"":3,""raw_order"":2},{""role"":""subcategory"",""id"":""116871"",""name"":""pants"",""locale"":""팬츠"",""level"":4,""raw_order"":3}]",
uniqlo,E473715,E473715-000,WOMEN,,MEN,False,팬츠 > 스웨트 팬츠 & 조거 팬츠 > 스웨트,팬츠,57968,스웨트 팬츠 & 조거 팬츠,58050,스웨트,58460,,,https://www.uniqlo.com/kr/ko/products/E473715-000/00,uniqlo_hydration,"[{""role"":""gender"",""id"":""57893"",""name"":""men"",""locale"":""MEN"",""level"":1,""raw_order"":0},{""role"":""class"",""id"":""57968"",""name"":""bottoms"",""locale"":""팬츠"",""level"":2,""raw_order"":1},{""role"":""category"",""id"":""58050"",""name"":""sweat pants"",""locale"":""스웨트 팬츠 & 조거 팬츠"",""level"":3,""raw_order"":2},{""role"":""subcategory"",""id"":""58460"",""name"":""sweat"",""locale"":""스웨트"",""level"":4,""raw_order"":3}]",
uniqlo,E473791,E473791-000,WOMEN,,WOMEN,True,팬츠 > 캐주얼 팬츠 > 리넨,팬츠,57960,캐주얼 팬츠,58004,리넨,58205,,,https://www.uniqlo.com/kr/ko/products/E473791-000/00,uniqlo_hydration,"[{""role"":""gender"",""id"":""57892"",""name"":""women"",""locale"":""WOMEN"",""level"":1,""raw_order"":0},{""role"":""class"",""id"":""57960"",""name"":""bottoms"",""locale"":""팬츠"",""level"":2,""raw_order"":1},{""role"":""category"",""id"":""58004"",""name"":""casual pants"",""locale"":""캐주얼 팬츠"",""level"":3,""raw_order"":2},{""role"":""subcategory"",""id"":""58205"",""name"":""linen"",""locale"":""리넨"",""level"":4,""raw_order"":3}]",
uniqlo,E473944,E473944-000,WOMEN,,WOMEN,True,이너웨어 > 언더웨어 > 심리스,이너웨어,57963,언더웨어,58022,심리스,58312,,,https://www.uniqlo.com/kr/ko/products/E473944-000/00,uniqlo_hydration,"[{""role"":""gender"",""id"":""57892"",""name"":""women"",""locale"":""WOMEN"",""level"":1,""raw_order"":0},{""role"":""class"",""id"":""57963"",""name"":""innerwear"",""locale"":""이너웨어"",""level"":2,""raw_order"":1},{""role"":""category"",""id"":""58022"",""name"":""underwear"",""locale"":""언더웨어"",""level"":3,""raw_order"":2},{""role"":""subcategory"",""id"":""58312"",""name"":""seamless shorts"",""locale"":""심리스"",""level"":4,""raw_order"":3}]",
uniqlo,E473945,E473945-000,WOMEN,,WOMEN,True,이너웨어 > 언더웨어 > 심리스,이너웨어,57963,언더웨어,58022,심리스,58312,,,https://www.uniqlo.com/kr/ko/products/E473945-000/00,uniqlo_hydration,"[{""role"":""gender"",""id"":""57892"",""name"":""women"",""locale"":""WOMEN"",""level"":1,""raw_order"":0},{""role"":""class"",""id"":""57963"",""name"":""innerwear"",""locale"":""이너웨어"",""level"":2,""raw_order"":1},{""role"":""category"",""id"":""58022"",""name"":""underwear"",""locale"":""언더웨어"",""level"":3,""raw_order"":2},{""role"":""subcategory"",""id"":""58312"",""name"":""seamless shorts"",""locale"":""심리스"",""level"":4,""raw_order"":3}]",
uniqlo,E473979,E473979-000,WOMEN,,WOMEN,True,이너웨어 > 브라탑 > 에어리즘,이너웨어,57963,브라탑,58021,에어리즘,58304,,,https://www.uniqlo.com/kr/ko/products/E473979-000/00,uniqlo_hydration,"[{""role"":""gender"",""id"":""57892"",""name"":""women"",""locale"":""WOMEN"",""level"":1,""raw_order"":0},{""role"":""class"",""id"":""57963"",""name"":""innerwear"",""locale"":""이너웨어"",""level"":2,""raw_order"":1},{""role"":""category"",""id"":""58021"",""name"":""bra tops"",""locale"":""브라탑"",""level"":3,""raw_order"":2},{""role"":""subcategory"",""id"":""58304"",""name"":""airism"",""locale"":""에어리즘"",""level"":4,""raw_order"":3}]",
uniqlo,E474175,E474175-000,WOMEN,,WOMEN,True,아우터 > 파카 & 블루종 > 포켓터블,아우터,57958,파카 & 블루종,57991,포켓터블,98251,,,https://www.uniqlo.com/kr/ko/products/E474175-000/00,uniqlo_hydration,"[{""role"":""gender"",""id"":""57892"",""name"":""women"",""locale"":""WOMEN"",""level"":1,""raw_order"":0},{""role"":""class"",""id"":""57958"",""name"":""outerwear"",""locale"":""아우터"",""level"":2,""raw_order"":1},{""role"":""category"",""id"":""57991"",""name"":""parkas and blousons"",""locale"":""파카 & 블루종"",""level"":3,""raw_order"":2},{""role"":""subcategory"",""id"":""98251"",""name"":""pocketable"",""locale"":""포켓터블"",""level"":4,""raw_order"":3}]",
uniqlo,E474481,E474481-000,WOMEN,,WOMEN,True,UV Protection > 팬츠 & 레깅스 > 팬츠,UV Protection,114788,팬츠 & 레깅스,114791,팬츠,115519,,,https://www.uniqlo.com/kr/ko/products/E474481-000/00,uniqlo_hydration,"[{""role"":""gender"",""id"":""57892"",""name"":""women"",""locale"":""WOMEN"",""level"":1,""raw_order"":0},{""role"":""class"",""id"":""114788"",""name"":""uv protection"",""locale"":""UV Protection"",""level"":2,""raw_order"":1},{""role"":""category"",""id"":""114791"",""name"":""pants"",""locale"":""팬츠 & 레깅스"",""level"":3,""raw_order"":2},{""role"":""subcategory"",""id"":""115519"",""name"":""pants"",""locale"":""팬츠"",""level"":4,""raw_order"":3}]",
uniqlo,E475053,E475053-000,WOMEN,,WOMEN,True,니트 & 가디건 > 니트 > 캐시미어,니트 & 가디건,95353,니트,95361,캐시미어,95368,,,https://www.uniqlo.com/kr/ko/products/E475053-000/00,uniqlo_hydration,"[{""role"":""gender"",""id"":""57892"",""name"":""women"",""locale"":""WOMEN"",""level"":1,""raw_order"":0},{""role"":""class"",""id"":""95353"",""name"":""sweaters and knitwear"",""locale"":""니트 & 가디건"",""level"":2,""raw_order"":1},{""role"":""category"",""id"":""95361"",""name"":""sweaters and knitwear"",""locale"":""니트"",""level"":3,""raw_order"":2},{""role"":""subcategory"",""id"":""95368"",""name"":""cashmere"",""locale"":""캐시미어"",""level"":4,""raw_order"":3}]",
uniqlo,E475344,E475344-000,WOMEN,,WOMEN,True,팬츠 > 캐주얼 팬츠 > 유틸리티(커브ㆍ카고),팬츠,57960,캐주얼 팬츠,58004,유틸리티(커브ㆍ카고),81718,,,https://www.uniqlo.com/kr/ko/products/E475344-000/00,uniqlo_hydration,"[{""role"":""gender"",""id"":""57892"",""name"":""women"",""locale"":""WOMEN"",""level"":1,""raw_order"":0},{""role"":""class"",""id"":""57960"",""name"":""bottoms"",""locale"":""팬츠"",""level"":2,""raw_order"":1},{""role"":""category"",""id"":""58004"",""name"":""casual pants"",""locale"":""캐주얼 팬츠"",""level"":3,""raw_order"":2},{""role"":""subcategory"",""id"":""81718"",""name"":""work pants"",""locale"":""유틸리티(커브ㆍ카고)"",""level"":4,""raw_order"":3}]",
