style_reference,product_name,section,family_name,subfamily_name,fitmatch_major_candidate,product_url,review_status,human_category,human_detail,reviewer_notes,gold_approved,source_product_id,product_code,source_category_paths,observed_at,retailer_code,source_category_codes,source_category_leaf,product_structure,gender,archive_product_url,official_listed,sale_evidence
01732300,"클라이밍 쇼츠 8""",MAN,BERMUDA,ATH Bottoms,BOTTOM,https://www.zara.com/kr/ko/8%E1%84%8B%E1%85%B5%E1%86%AB%E1%84%8E%E1%85%B5-%E1%84%8F%E1%85%B3%E1%86%AF%E1%84%85%E1%85%A1%E1%84%8B%E1%85%B5%E1%84%86%E1%85%B5%E1%86%BC-%E1%84%89%E1%85%AD%E1%84%8E%E1%85%B3-p01732300.html,PENDING_HUMAN_REVIEW,,,,false,ZARA_KR_MAN_01732300,1732/300,"[""남성 > ATHLETICZ / 26 1 18 1 > 컬렉션 > 모두 보기"",""남성 > 컬렉션 > 반바지 | 버뮤다팬츠 > 모두 보기""]",2026-08-24T22:40:58.274Z,ZARA,"[""2432164""]",모두 보기,STANDARD_PRODUCT,MALE,https://www.zara.com/kr/ko/8%E1%84%8B%E1%85%B5%E1%86%AB%E1%84%8E%E1%85%B5-%E1%84%8F%E1%85%B3%E1%86%AF%E1%84%85%E1%85%A1%E1%84%8B%E1%85%B5%E1%84%86%E1%85%B5%E1%86%BC-%E1%84%89%E1%85%AD%E1%84%8E%E1%85%B3-p01732300.html,true,OFFICIAL_ZARA_KR_PRODUCT_SITEMAP
07764392,린넨 롱 버뮤다 팬츠,WOMAN,BERMUDA,B.BERMUDAS,BOTTOM,https://www.zara.com/kr/ko/%E1%84%85%E1%85%A9%E1%86%BC-%E1%84%85%E1%85%B5%E1%86%AB%E1%84%82%E1%85%A6%E1%86%AB-%E1%84%87%E1%85%A5%E1%84%86%E1%85%B2%E1%84%83%E1%85%A1-%E1%84%91%E1%85%A2%E1%86%AB%E1%84%8E%E1%85%B3-p07764392.html,PENDING_HUMAN_REVIEW,,,,false,ZARA_KR_WOMAN_07764392,7764/392,"[""여성 > 컬렉션 > 쇼츠 | 버뮤다 팬츠 > 모두 보기"",""여성 > 컬렉션 > 토탈 룩 > 모두 보기"",""여성 > 컬렉션 > 팬츠 > 모두 보기""]",2026-08-24T22:40:58.274Z,ZARA,"[""2420480""]",모두 보기,STANDARD_PRODUCT,FEMALE,https://www.zara.com/kr/ko/%E1%84%85%E1%85%A9%E1%86%BC-%E1%84%85%E1%85%B5%E1%86%AB%E1%84%82%E1%85%A6%E1%86%AB-%E1%84%87%E1%85%A5%E1%84%86%E1%85%B2%E1%84%83%E1%85%A1-%E1%84%91%E1%85%A2%E1%86%AB%E1%84%8E%E1%85%B3-p07764392.html,true,OFFICIAL_ZARA_KR_PRODUCT_SITEMAP
01355459,오픈 백 롱 점프수트,WOMAN,BODYSUIT,C. BODY,DRESS,https://www.zara.com/kr/ko/%E1%84%8B%E1%85%A9%E1%84%91%E1%85%B3%E1%86%AB-%E1%84%87%E1%85%A2%E1%86%A8-%E1%84%85%E1%85%A9%E1%86%BC-%E1%84%8C%E1%85%A5%E1%86%B7%E1%84%91%E1%85%B3%E1%84%89%E1%85%AE%E1%84%90%E1%85%B3-p01355459.html,PENDING_HUMAN_REVIEW,,,,false,ZARA_KR_WOMAN_01355459,1355/459,"[""여성 > 컬렉션 > 원피스 > 모두 보기""]",2026-08-24T22:40:58.274Z,ZARA,"[""2420896""]",모두 보기,STANDARD_PRODUCT,FEMALE,https://www.zara.com/kr/ko/%E1%84%8B%E1%85%A9%E1%84%91%E1%85%B3%E1%86%AB-%E1%84%87%E1%85%A2%E1%86%A8-%E1%84%85%E1%85%A9%E1%86%BC-%E1%84%8C%E1%85%A5%E1%86%B7%E1%84%91%E1%85%B3%E1%84%89%E1%85%AE%E1%84%90%E1%85%B3-p01355459.html,true,OFFICIAL_ZARA_KR_PRODUCT_SITEMAP
00706864,릴렉스핏 노치리스 수트 블레이저,MAN,BLAZER,Blazer,OUTER,https://www.zara.com/kr/ko/%E1%84%85%E1%85%B5%E1%86%AF%E1%84%85%E1%85%A6%E1%86%A8%E1%84%89%E1%85%B3%E1%84%91%E1%85%B5%E1%86%BA-%E1%84%82%E1%85%A9%E1%84%8F%E1%85%A1%E1%86%AF%E1%84%85%E1%85%A1-%E1%84%89%E1%85%AE%E1%84%90%E1%85%B3-%E1%84%87%E1%85%B3%E1%86%AF%E1%84%85%E1%85%A6%E1%84%8B%E1%85%B5%E1%84%8C%E1%85%A5-p00706864.html,PENDING_HUMAN_REVIEW,,,,false,ZARA_KR_MAN_00706864,0706/864,"[""남성 > 컬렉션 > 베스트셀러 > 모두 보기"",""남성 > 컬렉션 > 블레이저 > 모두 보기""]",2026-08-24T22:40:58.274Z,ZARA,"[""2436311""]",모두 보기,STANDARD_PRODUCT,MALE,https://www.zara.com/kr/ko/%E1%84%85%E1%85%B5%E1%86%AF%E1%84%85%E1%85%A6%E1%86%A8%E1%84%89%E1%85%B3%E1%84%91%E1%85%B5%E1%86%BA-%E1%84%82%E1%85%A9%E1%84%8F%E1%85%A1%E1%86%AF%E1%84%85%E1%85%A1-%E1%84%89%E1%85%AE%E1%84%90%E1%85%B3-%E1%84%87%E1%85%B3%E1%86%AF%E1%84%85%E1%85%A6%E1%84%8B%E1%85%B5%E1%84%8C%E1%85%A5-p00706864.html,true,OFFICIAL_ZARA_KR_PRODUCT_SITEMAP
02753522,오버사이즈 더블 브레스트 블레이저,WOMAN,BLAZER,B.BLAZER,OUTER,https://www.zara.com/kr/ko/%E1%84%8B%E1%85%A9%E1%84%87%E1%85%A5%E1%84%89%E1%85%A1%E1%84%8B%E1%85%B5%E1%84%8C%E1%85%B3-%E1%84%83%E1%85%A5%E1%84%87%E1%85%B3%E1%86%AF-%E1%84%87%E1%85%B3%E1%84%85%E1%85%A6%E1%84%89%E1%85%B3%E1%84%90%E1%85%B3-%E1%84%87%E1%85%B3%E1%86%AF%E1%84%85%E1%85%A6%E1%84%8B%E1%85%B5%E1%84%8C%E1%85%A5-p02753522.html,PENDING_HUMAN_REVIEW,,,,false,ZARA_KR_WOMAN_02753522,2753/522,"[""여성 > 신상품 > THE NEW"",""여성 > 컬렉션 > 블레이저 > 모두 보기""]",2026-08-24T22:40:58.274Z,ZARA,"[""2420942""]",THE NEW,STANDARD_PRODUCT,FEMALE,https://www.zara.com/kr/ko/%E1%84%8B%E1%85%A9%E1%84%87%E1%85%A5%E1%84%89%E1%85%A1%E1%84%8B%E1%85%B5%E1%84%8C%E1%85%B3-%E1%84%83%E1%85%A5%E1%84%87%E1%85%B3%E1%86%AF-%E1%84%87%E1%85%B3%E1%84%85%E1%85%A6%E1%84%89%E1%85%B3%E1%84%90%E1%85%B3-%E1%84%87%E1%85%B3%E1%86%AF%E1%84%85%E1%85%A6%E1%84%8B%E1%85%B5%E1%84%8C%E1%85%A5-p02753522.html,true,OFFICIAL_ZARA_KR_PRODUCT_SITEMAP
07752463,커버드 버튼 버뮤다 팬츠,WOMAN,BERMUDA,B.BERMUDAS,SET_OR_MULTI_PIECE,https://www.zara.com/kr/ko/%E1%84%8A%E1%85%A1%E1%84%80%E1%85%A2-%E1%84%83%E1%85%A1%E1%86%AB%E1%84%8E%E1%85%AE-%E1%84%87%E1%85%A5%E1%84%86%E1%85%B2%E1%84%83%E1%85%A1-%E1%84%91%E1%85%A2%E1%86%AB%E1%84%8E%E1%85%B3-p07752463.html,PENDING_HUMAN_REVIEW,,,,false,ZARA_KR_WOMAN_07752463,7752/463,"[""여성 > 컬렉션 > 토탈 룩 > 모두 보기""]",2026-08-24T22:40:58.274Z,ZARA,"[""2420285""]",모두 보기,STANDARD_PRODUCT,FEMALE,https://www.zara.com/kr/ko/%E1%84%8A%E1%85%A1%E1%84%80%E1%85%A2-%E1%84%83%E1%85%A1%E1%86%AB%E1%84%8E%E1%85%AE-%E1%84%87%E1%85%A5%E1%84%86%E1%85%B2%E1%84%83%E1%85%A1-%E1%84%91%E1%85%A2%E1%86%AB%E1%84%8E%E1%85%B3-p07752463.html,true,OFFICIAL_ZARA_KR_PRODUCT_SITEMAP
08228039,Z1975 크로스 버클 데님 스커트 팬츠,WOMAN,BERMUDA,B.BERMUDAS,SKIRT,https://www.zara.com/kr/ko/z1975-%E1%84%8F%E1%85%B3%E1%84%85%E1%85%A9%E1%84%89%E1%85%B3-%E1%84%87%E1%85%A5%E1%84%8F%E1%85%B3%E1%86%AF-%E1%84%83%E1%85%A6%E1%84%82%E1%85%B5%E1%86%B7-%E1%84%89%E1%85%B3%E1%84%8F%E1%85%A5%E1%84%90%E1%85%B3-%E1%84%91%E1%85%A2%E1%86%AB%E1%84%8E%E1%85%B3-p08228039.html,PENDING_HUMAN_REVIEW,,,,false,ZARA_KR_WOMAN_08228039,8228/039,"[""여성 > 컬렉션 > 스커트 > 모두 보기""]",2026-08-24T22:40:58.274Z,ZARA,"[""2420454""]",모두 보기,STANDARD_PRODUCT,FEMALE,https://www.zara.com/kr/ko/z1975-%E1%84%8F%E1%85%B3%E1%84%85%E1%85%A9%E1%84%89%E1%85%B3-%E1%84%87%E1%85%A5%E1%84%8F%E1%85%B3%E1%86%AF-%E1%84%83%E1%85%A6%E1%84%82%E1%85%B5%E1%86%B7-%E1%84%89%E1%85%B3%E1%84%8F%E1%85%A5%E1%84%90%E1%85%B3-%E1%84%91%E1%85%A2%E1%86%AB%E1%84%8E%E1%85%B3-p08228039.html,true,OFFICIAL_ZARA_KR_PRODUCT_SITEMAP
00722302,푸카스 서프 X ZARA 릴렉스핏 스웨트셔츠,MAN,SWEATSHIRT,Sweatshirt SH/S,SWIMWEAR,https://www.zara.com/kr/ko/pukas-surf-x-zara-%E1%84%85%E1%85%B5%E1%86%AF%E1%84%85%E1%85%A6%E1%86%A8%E1%84%89%E1%85%B3%E1%84%91%E1%85%B5%E1%86%BA-%E1%84%89%E1%85%B3%E1%84%8B%E1%85%B0%E1%84%90%E1%85%B3%E1%84%89%E1%85%A7%E1%84%8E%E1%85%B3-p00722302.html,PENDING_HUMAN_REVIEW,,,,false,ZARA_KR_MAN_00722302,0722/302,"[""남성 > 슈즈 | 액세서리 > 스윔웨어 > 모두 보기"",""남성 > 컬렉션 > 맨투맨 | 후디 > 모두 보기""]",2026-08-24T22:40:58.274Z,ZARA,"[""2576034""]",모두 보기,STANDARD_PRODUCT,MALE,https://www.zara.com/kr/ko/pukas-surf-x-zara-%E1%84%85%E1%85%B5%E1%86%AF%E1%84%85%E1%85%A6%E1%86%A8%E1%84%89%E1%85%B3%E1%84%91%E1%85%B5%E1%86%BA-%E1%84%89%E1%85%B3%E1%84%8B%E1%85%B0%E1%84%90%E1%85%B3%E1%84%89%E1%85%A7%E1%84%8E%E1%85%B3-p00722302.html,true,OFFICIAL_ZARA_KR_PRODUCT_SITEMAP
00167201,크로셰 트라이앵글 비키니 탑,WOMAN,SWIMSUIT,BIKINI,SWIMWEAR,https://www.zara.com/kr/ko/%E1%84%8F%E1%85%B3%E1%84%85%E1%85%A9%E1%84%89%E1%85%A8-%E1%84%90%E1%85%B3%E1%84%85%E1%85%A1%E1%84%8B%E1%85%B5%E1%84%8B%E1%85%A2%E1%86%BC%E1%84%80%E1%85%B3%E1%86%AF-%E1%84%87%E1%85%B5%E1%84%8F%E1%85%B5%E1%84%82%E1%85%B5-%E1%84%90%E1%85%A1%E1%86%B8-p00167201.html,PENDING_HUMAN_REVIEW,,,,false,ZARA_KR_WOMAN_00167201,0167/201,"[""여성 > 컬렉션 > 스윔웨어 > 모두 보기""]",2026-08-24T22:40:58.274Z,ZARA,"[""2418954""]",모두 보기,STANDARD_PRODUCT,FEMALE,https://www.zara.com/kr/ko/%E1%84%8F%E1%85%B3%E1%84%85%E1%85%A9%E1%84%89%E1%85%A8-%E1%84%90%E1%85%B3%E1%84%85%E1%85%A1%E1%84%8B%E1%85%B5%E1%84%8B%E1%85%A2%E1%86%BC%E1%84%80%E1%85%B3%E1%86%AF-%E1%84%87%E1%85%B5%E1%84%8F%E1%85%B5%E1%84%82%E1%85%B5-%E1%84%90%E1%85%A1%E1%86%B8-p00167201.html,true,OFFICIAL_ZARA_KR_PRODUCT_SITEMAP
02893316,릴렉스 핏 골지 가디건,MAN,CARDIGAN,Knitted Jacket,TOP,https://www.zara.com/kr/ko/%E1%84%85%E1%85%B5%E1%86%AF%E1%84%85%E1%85%A6%E1%86%A8%E1%84%89%E1%85%B3-%E1%84%91%E1%85%B5%E1%86%BA-%E1%84%80%E1%85%A9%E1%86%AF%E1%84%8C%E1%85%B5-%E1%84%80%E1%85%A1%E1%84%83%E1%85%B5%E1%84%80%E1%85%A5%E1%86%AB-p02893316.html,PENDING_HUMAN_REVIEW,,,,false,ZARA_KR_MAN_02893316,2893/316,"[""남성 > 컬렉션 > 니트 | 여름 니트 > 모두 보기""]",2026-08-24T22:40:58.274Z,ZARA,"[""2432265""]",모두 보기,STANDARD_PRODUCT,MALE,https://www.zara.com/kr/ko/%E1%84%85%E1%85%B5%E1%86%AF%E1%84%85%E1%85%A6%E1%86%A8%E1%84%89%E1%85%B3-%E1%84%91%E1%85%B5%E1%86%BA-%E1%84%80%E1%85%A9%E1%86%AF%E1%84%8C%E1%85%B5-%E1%84%80%E1%85%A1%E1%84%83%E1%85%B5%E1%84%80%E1%85%A5%E1%86%AB-p02893316.html,true,OFFICIAL_ZARA_KR_PRODUCT_SITEMAP
07805876,사파리 롤업 슬리브 블라우스,WOMAN,BLAZER,B.BLAZER,TOP,https://www.zara.com/kr/ko/%E1%84%89%E1%85%A1%E1%84%91%E1%85%A1%E1%84%85%E1%85%B5-%E1%84%85%E1%85%A9%E1%86%AF%E1%84%8B%E1%85%A5%E1%86%B8-%E1%84%89%E1%85%A9%E1%84%86%E1%85%A2-%E1%84%87%E1%85%B3%E1%86%AF%E1%84%85%E1%85%A1%E1%84%8B%E1%85%AE%E1%84%89%E1%85%B3-p07805876.html,PENDING_HUMAN_REVIEW,,,,false,ZARA_KR_WOMAN_07805876,7805/876,"[""여성 > 컬렉션 > 셔츠 > 모두 보기"",""여성 > 컬렉션 > 토탈 룩 > 모두 보기""]",2026-08-24T22:40:58.274Z,ZARA,"[""2420369""]",모두 보기,STANDARD_PRODUCT,FEMALE,https://www.zara.com/kr/ko/%E1%84%89%E1%85%A1%E1%84%91%E1%85%A1%E1%84%85%E1%85%B5-%E1%84%85%E1%85%A9%E1%86%AF%E1%84%8B%E1%85%A5%E1%86%B8-%E1%84%89%E1%85%A9%E1%84%86%E1%85%A2-%E1%84%87%E1%85%B3%E1%86%AF%E1%84%85%E1%85%A1%E1%84%8B%E1%85%AE%E1%84%89%E1%85%B3-p07805876.html,true,OFFICIAL_ZARA_KR_PRODUCT_SITEMAP
01943406,콤비 박서 브리프 3팩,MAN,PANTY/UNDERPANT,ATH Underwear,UNDERWEAR,https://www.zara.com/kr/ko/%E1%84%8F%E1%85%A9%E1%86%B7%E1%84%87%E1%85%B5-%E1%84%87%E1%85%A1%E1%86%A8%E1%84%89%E1%85%A5-%E1%84%87%E1%85%B3%E1%84%85%E1%85%B5%E1%84%91%E1%85%B3-3%E1%84%91%E1%85%A2%E1%86%A8-p01943406.html,PENDING_HUMAN_REVIEW,,,,false,ZARA_KR_MAN_01943406,1943/406,"[""남성 > ATHLETICZ / 26 1 18 1 > 컬렉션 > 모두 보기"",""남성 > 슈즈 | 액세서리 > 액세서리 > 브리프""]",2026-08-24T22:40:58.274Z,ZARA,"[""2436443""]",모두 보기,STANDARD_PRODUCT,MALE,https://www.zara.com/kr/ko/%E1%84%8F%E1%85%A9%E1%86%B7%E1%84%87%E1%85%B5-%E1%84%87%E1%85%A1%E1%86%A8%E1%84%89%E1%85%A5-%E1%84%87%E1%85%B3%E1%84%85%E1%85%B5%E1%84%91%E1%85%B3-3%E1%84%91%E1%85%A2%E1%86%A8-p01943406.html,true,OFFICIAL_ZARA_KR_PRODUCT_SITEMAP
02051148,카라멜 런던 X 자라 버뮤다 팬츠,WOMAN,BERMUDA,W.BERMUDAS,UNDERWEAR,https://www.zara.com/kr/ko/%E1%84%8F%E1%85%A1%E1%84%85%E1%85%A1%E1%84%86%E1%85%A6%E1%86%AF-%E1%84%85%E1%85%A5%E1%86%AB%E1%84%83%E1%85%A5%E1%86%AB-x-%E1%84%8C%E1%85%A1%E1%84%85%E1%85%A1-%E1%84%87%E1%85%A5%E1%84%86%E1%85%B2%E1%84%83%E1%85%A1-%E1%84%91%E1%85%A2%E1%86%AB%E1%84%8E%E1%85%B3-p02051148.html,PENDING_HUMAN_REVIEW,,,,false,ZARA_KR_WOMAN_02051148,2051/148,"[""여성 > 컬렉션 > 란제리 > 모두 보기"",""여성 > 컬렉션 > 토탈 룩 > 모두 보기""]",2026-08-24T22:40:58.274Z,ZARA,"[""2419807""]",모두 보기,STANDARD_PRODUCT,FEMALE,https://www.zara.com/kr/ko/%E1%84%8F%E1%85%A1%E1%84%85%E1%85%A1%E1%84%86%E1%85%A6%E1%86%AF-%E1%84%85%E1%85%A5%E1%86%AB%E1%84%83%E1%85%A5%E1%86%AB-x-%E1%84%8C%E1%85%A1%E1%84%85%E1%85%A1-%E1%84%87%E1%85%A5%E1%84%86%E1%85%B2%E1%84%83%E1%85%A1-%E1%84%91%E1%85%A2%E1%86%AB%E1%84%8E%E1%85%B3-p02051148.html,true,OFFICIAL_ZARA_KR_PRODUCT_SITEMAP
08054303,코튼 혼방 트레이닝 쇼츠 9인치,MAN,BERMUDA,ATH Short,BOTTOM,https://www.zara.com/kr/ko/%E1%84%8F%E1%85%A9%E1%84%90%E1%85%B3%E1%86%AB-%E1%84%92%E1%85%A9%E1%86%AB%E1%84%87%E1%85%A1%E1%86%BC-%E1%84%90%E1%85%B3%E1%84%85%E1%85%A6%E1%84%8B%E1%85%B5%E1%84%82%E1%85%B5%E1%86%BC-%E1%84%89%E1%85%AD%E1%84%8E%E1%85%B3-9%E1%84%8B%E1%85%B5%E1%86%AB%E1%84%8E%E1%85%B5-p08054303.html,PENDING_HUMAN_REVIEW,,,,false,ZARA_KR_MAN_08054303,8054/303,"[""남성 > ATHLETICZ / 26 1 18 1 > 컬렉션 > 모두 보기"",""남성 > 컬렉션 > 반바지 | 버뮤다팬츠 > 모두 보기""]",2026-08-24T22:40:58.274Z,ZARA,"[""2432164""]",모두 보기,STANDARD_PRODUCT,MALE,https://www.zara.com/kr/ko/%E1%84%8F%E1%85%A9%E1%84%90%E1%85%B3%E1%86%AB-%E1%84%92%E1%85%A9%E1%86%AB%E1%84%87%E1%85%A1%E1%86%BC-%E1%84%90%E1%85%B3%E1%84%85%E1%85%A6%E1%84%8B%E1%85%B5%E1%84%82%E1%85%B5%E1%86%BC-%E1%84%89%E1%85%AD%E1%84%8E%E1%85%B3-9%E1%84%8B%E1%85%B5%E1%86%AB%E1%84%8E%E1%85%B5-p08054303.html,true,OFFICIAL_ZARA_KR_PRODUCT_SITEMAP
00858733,코튼 드로스트링 버뮤다 팬츠,WOMAN,BERMUDA,C-LEGGING,BOTTOM,https://www.zara.com/kr/ko/%E1%84%8F%E1%85%A9%E1%84%90%E1%85%B3%E1%86%AB-%E1%84%83%E1%85%B3%E1%84%85%E1%85%A9%E1%84%89%E1%85%B3%E1%84%90%E1%85%B3%E1%84%85%E1%85%B5%E1%86%BC-%E1%84%87%E1%85%A5%E1%84%86%E1%85%B2%E1%84%83%E1%85%A1-%E1%84%91%E1%85%A2%E1%86%AB%E1%84%8E%E1%85%B3-p00858733.html,PENDING_HUMAN_REVIEW,,,,false,ZARA_KR_WOMAN_00858733,0858/733,"[""여성 > 컬렉션 > 쇼츠 | 버뮤다 팬츠 > 모두 보기"",""여성 > 컬렉션 > 토탈 룩 > 모두 보기""]",2026-08-24T22:40:58.274Z,ZARA,"[""2420480""]",모두 보기,STANDARD_PRODUCT,FEMALE,https://www.zara.com/kr/ko/%E1%84%8F%E1%85%A9%E1%84%90%E1%85%B3%E1%86%AB-%E1%84%83%E1%85%B3%E1%84%85%E1%85%A9%E1%84%89%E1%85%B3%E1%84%90%E1%85%B3%E1%84%85%E1%85%B5%E1%86%BC-%E1%84%87%E1%85%A5%E1%84%86%E1%85%B2%E1%84%83%E1%85%A1-%E1%84%91%E1%85%A2%E1%86%AB%E1%84%8E%E1%85%B3-p00858733.html,true,OFFICIAL_ZARA_KR_PRODUCT_SITEMAP
05252083,TRF 포켓 데님 미니 원피스,WOMAN,DRESS,,DRESS,https://www.zara.com/kr/ko/trf-%E1%84%83%E1%85%A6%E1%84%82%E1%85%B5%E1%86%B7-%E1%84%91%E1%85%A9%E1%84%8F%E1%85%A6%E1%86%BA-%E1%84%86%E1%85%B5%E1%84%82%E1%85%B5-%E1%84%8B%E1%85%AF%E1%86%AB%E1%84%91%E1%85%B5%E1%84%89%E1%85%B3-p05252083.html,PENDING_HUMAN_REVIEW,,,,false,ZARA_KR_WOMAN_05252083,5252/083,"[""여성 > 컬렉션 > 원피스 > 모두 보기""]",2026-08-24T22:40:58.274Z,ZARA,"[""2420896""]",모두 보기,STANDARD_PRODUCT,FEMALE,https://www.zara.com/kr/ko/trf-%E1%84%83%E1%85%A6%E1%84%82%E1%85%B5%E1%86%B7-%E1%84%91%E1%85%A9%E1%84%8F%E1%85%A6%E1%86%BA-%E1%84%86%E1%85%B5%E1%84%82%E1%85%B5-%E1%84%8B%E1%85%AF%E1%86%AB%E1%84%91%E1%85%B5%E1%84%89%E1%85%B3-p05252083.html,true,OFFICIAL_ZARA_KR_PRODUCT_SITEMAP
01564772,울 스트럭처 수트 블레이저,MAN,BLAZER,Tailoring Blaz.,OUTER,https://www.zara.com/kr/ko/%E1%84%8B%E1%85%AE%E1%86%AF-%E1%84%80%E1%85%AE%E1%84%8C%E1%85%A9%E1%84%8C%E1%85%A5%E1%86%A8-%E1%84%89%E1%85%AE%E1%84%90%E1%85%B3-%E1%84%87%E1%85%B3%E1%86%AF%E1%84%85%E1%85%A6%E1%84%8B%E1%85%B5%E1%84%8C%E1%85%A5-p01564772.html,PENDING_HUMAN_REVIEW,,,,false,ZARA_KR_MAN_01564772,1564/772,"[""남성 > 컬렉션 > 블레이저 > 모두 보기""]",2026-08-24T22:40:58.274Z,ZARA,"[""2436311""]",모두 보기,STANDARD_PRODUCT,MALE,https://www.zara.com/kr/ko/%E1%84%8B%E1%85%AE%E1%86%AF-%E1%84%80%E1%85%AE%E1%84%8C%E1%85%A9%E1%84%8C%E1%85%A5%E1%86%A8-%E1%84%89%E1%85%AE%E1%84%90%E1%85%B3-%E1%84%87%E1%85%B3%E1%86%AF%E1%84%85%E1%85%A6%E1%84%8B%E1%85%B5%E1%84%8C%E1%85%A5-p01564772.html,true,OFFICIAL_ZARA_KR_PRODUCT_SITEMAP
05039465,인터록 버튼 블레이저,WOMAN,BLAZER,C. COAT,OUTER,https://www.zara.com/kr/ko/%E1%84%8B%E1%85%B5%E1%86%AB%E1%84%90%E1%85%A5%E1%84%85%E1%85%A9%E1%86%A8-%E1%84%87%E1%85%A5%E1%84%90%E1%85%B3%E1%86%AB-%E1%84%87%E1%85%B3%E1%86%AF%E1%84%85%E1%85%A6%E1%84%8B%E1%85%B5%E1%84%8C%E1%85%A5-p05039465.html,PENDING_HUMAN_REVIEW,,,,false,ZARA_KR_WOMAN_05039465,5039/465,"[""여성 > 컬렉션 > 블레이저 > 모두 보기"",""여성 > 컬렉션 > 토탈 룩 > 모두 보기""]",2026-08-24T22:40:58.274Z,ZARA,"[""2420942""]",모두 보기,STANDARD_PRODUCT,FEMALE,https://www.zara.com/kr/ko/%E1%84%8B%E1%85%B5%E1%86%AB%E1%84%90%E1%85%A5%E1%84%85%E1%85%A9%E1%86%A8-%E1%84%87%E1%85%A5%E1%84%90%E1%85%B3%E1%86%AB-%E1%84%87%E1%85%B3%E1%86%AF%E1%84%85%E1%85%A6%E1%84%8B%E1%85%B5%E1%84%8C%E1%85%A5-p05039465.html,true,OFFICIAL_ZARA_KR_PRODUCT_SITEMAP
08372376,숄더 패드 사파리 재킷,WOMAN,BLAZER,B.BLAZER,SET_OR_MULTI_PIECE,https://www.zara.com/kr/ko/%E1%84%89%E1%85%AD%E1%86%AF%E1%84%83%E1%85%A5-%E1%84%91%E1%85%A2%E1%84%83%E1%85%B3-%E1%84%89%E1%85%A1%E1%84%91%E1%85%A1%E1%84%85%E1%85%B5-%E1%84%8C%E1%85%A2%E1%84%8F%E1%85%B5%E1%86%BA-p08372376.html,PENDING_HUMAN_REVIEW,,,,false,ZARA_KR_WOMAN_08372376,8372/376,"[""여성 > 신상품 > THE NEW"",""여성 > 컬렉션 > 토탈 룩 > 모두 보기""]",2026-08-24T22:40:58.274Z,ZARA,"[""2420285""]",THE NEW,STANDARD_PRODUCT,FEMALE,https://www.zara.com/kr/ko/%E1%84%89%E1%85%AD%E1%86%AF%E1%84%83%E1%85%A5-%E1%84%91%E1%85%A2%E1%84%83%E1%85%B3-%E1%84%89%E1%85%A1%E1%84%91%E1%85%A1%E1%84%85%E1%85%B5-%E1%84%8C%E1%85%A2%E1%84%8F%E1%85%B5%E1%86%BA-p08372376.html,true,OFFICIAL_ZARA_KR_PRODUCT_SITEMAP
05770227,언밸런스 미디 스커트,WOMAN,SKIRT,B.SKIRT,SKIRT,https://www.zara.com/kr/ko/%E1%84%8B%E1%85%A5%E1%86%AB%E1%84%87%E1%85%A2%E1%86%AF%E1%84%85%E1%85%A5%E1%86%AB%E1%84%89%E1%85%B3-%E1%84%86%E1%85%B5%E1%84%83%E1%85%B5-%E1%84%89%E1%85%B3%E1%84%8F%E1%85%A5%E1%84%90%E1%85%B3-p05770227.html,PENDING_HUMAN_REVIEW,,,,false,ZARA_KR_WOMAN_05770227,5770/227,"[""여성 > 컬렉션 > 스커트 > 모두 보기""]",2026-08-24T22:40:58.274Z,ZARA,"[""2420454""]",모두 보기,STANDARD_PRODUCT,FEMALE,https://www.zara.com/kr/ko/%E1%84%8B%E1%85%A5%E1%86%AB%E1%84%87%E1%85%A2%E1%86%AF%E1%84%85%E1%85%A5%E1%86%AB%E1%84%89%E1%85%B3-%E1%84%86%E1%85%B5%E1%84%83%E1%85%B5-%E1%84%89%E1%85%B3%E1%84%8F%E1%85%A5%E1%84%90%E1%85%B3-p05770227.html,true,OFFICIAL_ZARA_KR_PRODUCT_SITEMAP
00495314,플로랄 프린트 롱 스윔팬츠,MAN,SWIMSUIT,Swimwear,SWIMWEAR,https://www.zara.com/kr/ko/%E1%84%91%E1%85%B3%E1%86%AF%E1%84%85%E1%85%A9%E1%84%85%E1%85%A1%E1%86%AF-%E1%84%91%E1%85%B3%E1%84%85%E1%85%B5%E1%86%AB%E1%84%90%E1%85%B3-%E1%84%85%E1%85%A9%E1%86%BC-%E1%84%89%E1%85%B3%E1%84%8B%E1%85%B1%E1%86%B7%E1%84%91%E1%85%A2%E1%86%AB%E1%84%8E%E1%85%B3-p00495314.html,PENDING_HUMAN_REVIEW,,,,false,ZARA_KR_MAN_00495314,0495/314,"[""남성 > 슈즈 | 액세서리 > 스윔웨어 > 모두 보기""]",2026-08-24T22:40:58.274Z,ZARA,"[""2576034""]",모두 보기,STANDARD_PRODUCT,MALE,https://www.zara.com/kr/ko/%E1%84%91%E1%85%B3%E1%86%AF%E1%84%85%E1%85%A9%E1%84%85%E1%85%A1%E1%86%AF-%E1%84%91%E1%85%B3%E1%84%85%E1%85%B5%E1%86%AB%E1%84%90%E1%85%B3-%E1%84%85%E1%85%A9%E1%86%BC-%E1%84%89%E1%85%B3%E1%84%8B%E1%85%B1%E1%86%B7%E1%84%91%E1%85%A2%E1%86%AB%E1%84%8E%E1%85%B3-p00495314.html,true,OFFICIAL_ZARA_KR_PRODUCT_SITEMAP
02910220,콘트라스트 스트랩 솔리드 스윔수트,WOMAN,SWIMSUIT,SWIMSUIT BIKINI,SWIMWEAR,https://www.zara.com/kr/ko/%E1%84%8F%E1%85%A9%E1%86%AB%E1%84%90%E1%85%B3%E1%84%85%E1%85%A1%E1%84%89%E1%85%B3%E1%84%90%E1%85%B3-%E1%84%89%E1%85%B3%E1%84%90%E1%85%B3%E1%84%85%E1%85%A2%E1%86%B8-%E1%84%89%E1%85%A9%E1%86%AF%E1%84%85%E1%85%B5%E1%84%83%E1%85%B3-%E1%84%89%E1%85%B3%E1%84%8B%E1%85%B1%E1%86%B7%E1%84%89%E1%85%AE%E1%84%90%E1%85%B3-p02910220.html,PENDING_HUMAN_REVIEW,,,,false,ZARA_KR_WOMAN_02910220,2910/220,"[""여성 > 컬렉션 > 스윔웨어 > 모두 보기""]",2026-08-24T22:40:58.274Z,ZARA,"[""2418954""]",모두 보기,STANDARD_PRODUCT,FEMALE,https://www.zara.com/kr/ko/%E1%84%8F%E1%85%A9%E1%86%AB%E1%84%90%E1%85%B3%E1%84%85%E1%85%A1%E1%84%89%E1%85%B3%E1%84%90%E1%85%B3-%E1%84%89%E1%85%B3%E1%84%90%E1%85%B3%E1%84%85%E1%85%A2%E1%86%B8-%E1%84%89%E1%85%A9%E1%86%AF%E1%84%85%E1%85%B5%E1%84%83%E1%85%B3-%E1%84%89%E1%85%B3%E1%84%8B%E1%85%B1%E1%86%B7%E1%84%89%E1%85%AE%E1%84%90%E1%85%B3-p02910220.html,true,OFFICIAL_ZARA_KR_PRODUCT_SITEMAP
05755446,아론 레빈 X ZARA 지오메트릭 100% 린넨 자카드 니트 베스트,MAN,KNITTED WAISTCOAT,Knitted Vest,TOP,https://www.zara.com/kr/ko/%E1%84%8B%E1%85%A1%E1%84%85%E1%85%A9%E1%86%AB-%E1%84%85%E1%85%A6%E1%84%87%E1%85%B5%E1%86%AB-x-zara-%E1%84%8C%E1%85%B5%E1%84%8B%E1%85%A9%E1%84%86%E1%85%A6%E1%84%90%E1%85%B3%E1%84%85%E1%85%B5%E1%86%A8-%E1%84%8C%E1%85%A1%E1%84%8F%E1%85%A1%E1%84%83%E1%85%B3-%E1%84%85%E1%85%B5%E1%86%AB%E1%84%82%E1%85%A6%E1%86%AB-%E1%84%82%E1%85%B5%E1%84%90%E1%85%B3-%E1%84%87%E1%85%A6%E1%84%89%E1%85%B3%E1%84%90%E1%85%B3-p05755446.html,PENDING_HUMAN_REVIEW,,,,false,ZARA_KR_MAN_05755446,5755/446,"[""남성 > 신상품 > THE NEW > 컬렉션"",""남성 > 컬렉션 > 니트 | 여름 니트 > 모두 보기"",""남성 > 컬렉션 > 베스트셀러 > 모두 보기""]",2026-08-24T22:40:58.274Z,ZARA,"[""2432265""]",컬렉션,STANDARD_PRODUCT,MALE,https://www.zara.com/kr/ko/%E1%84%8B%E1%85%A1%E1%84%85%E1%85%A9%E1%86%AB-%E1%84%85%E1%85%A6%E1%84%87%E1%85%B5%E1%86%AB-x-zara-%E1%84%8C%E1%85%B5%E1%84%8B%E1%85%A9%E1%84%86%E1%85%A6%E1%84%90%E1%85%B3%E1%84%85%E1%85%B5%E1%86%A8-%E1%84%8C%E1%85%A1%E1%84%8F%E1%85%A1%E1%84%83%E1%85%B3-%E1%84%85%E1%85%B5%E1%86%AB%E1%84%82%E1%85%A6%E1%86%AB-%E1%84%82%E1%85%B5%E1%84%90%E1%85%B3-%E1%84%87%E1%85%A6%E1%84%89%E1%85%B3%E1%84%90%E1%85%B3-p05755446.html,true,OFFICIAL_ZARA_KR_PRODUCT_SITEMAP
01758154,레이스 콤비 바디수트,WOMAN,BODYSUIT,BODY,TOP,https://www.zara.com/kr/ko/%E1%84%85%E1%85%A6%E1%84%8B%E1%85%B5%E1%84%89%E1%85%B3-%E1%84%8F%E1%85%A9%E1%86%B7%E1%84%87%E1%85%B5-%E1%84%87%E1%85%A1%E1%84%83%E1%85%B5%E1%84%89%E1%85%AE%E1%84%90%E1%85%B3-p01758154.html,PENDING_HUMAN_REVIEW,,,,false,ZARA_KR_WOMAN_01758154,1758/154,"[""여성 > 컬렉션 > 란제리 > 모두 보기"",""여성 > 컬렉션 > 탑 > 모두 보기""]",2026-08-24T22:40:58.274Z,ZARA,"[""2419940""]",모두 보기,STANDARD_PRODUCT,FEMALE,https://www.zara.com/kr/ko/%E1%84%85%E1%85%A6%E1%84%8B%E1%85%B5%E1%84%89%E1%85%B3-%E1%84%8F%E1%85%A9%E1%86%B7%E1%84%87%E1%85%B5-%E1%84%87%E1%85%A1%E1%84%83%E1%85%B5%E1%84%89%E1%85%AE%E1%84%90%E1%85%B3-p01758154.html,true,OFFICIAL_ZARA_KR_PRODUCT_SITEMAP
08501302,베이직 브리프 3장 세트,MAN,PANTY/UNDERPANT,Underwear,UNDERWEAR,https://www.zara.com/kr/ko/%E1%84%87%E1%85%A6%E1%84%8B%E1%85%B5%E1%84%8C%E1%85%B5%E1%86%A8-%E1%84%87%E1%85%B3%E1%84%85%E1%85%B5%E1%84%91%E1%85%B3-3%E1%84%8C%E1%85%A1%E1%86%BC-%E1%84%89%E1%85%A6%E1%84%90%E1%85%B3-p08501302.html,PENDING_HUMAN_REVIEW,,,,false,ZARA_KR_MAN_08501302,8501/302,"[""남성 > 슈즈 | 액세서리 > 액세서리 > 브리프""]",2026-08-24T22:40:58.274Z,ZARA,"[""2436443""]",브리프,STANDARD_PRODUCT,MALE,https://www.zara.com/kr/ko/%E1%84%87%E1%85%A6%E1%84%8B%E1%85%B5%E1%84%8C%E1%85%B5%E1%86%A8-%E1%84%87%E1%85%B3%E1%84%85%E1%85%B5%E1%84%91%E1%85%B3-3%E1%84%8C%E1%85%A1%E1%86%BC-%E1%84%89%E1%85%A6%E1%84%90%E1%85%B3-p08501302.html,true,OFFICIAL_ZARA_KR_PRODUCT_SITEMAP
07521143,새틴 자수 바디수트,WOMAN,BODYSUIT,BODY,UNDERWEAR,https://www.zara.com/kr/ko/%E1%84%8C%E1%85%A1%E1%84%89%E1%85%AE-%E1%84%89%E1%85%A2%E1%84%90%E1%85%B5%E1%86%AB-%E1%84%87%E1%85%A1%E1%84%83%E1%85%B5%E1%84%89%E1%85%AE%E1%84%90%E1%85%B3-p07521143.html,PENDING_HUMAN_REVIEW,,,,false,ZARA_KR_WOMAN_07521143,7521/143,"[""여성 > 컬렉션 > 란제리 > 모두 보기""]",2026-08-24T22:40:58.274Z,ZARA,"[""2419807""]",모두 보기,STANDARD_PRODUCT,FEMALE,https://www.zara.com/kr/ko/%E1%84%8C%E1%85%A1%E1%84%89%E1%85%AE-%E1%84%89%E1%85%A2%E1%84%90%E1%85%B5%E1%86%AB-%E1%84%87%E1%85%A1%E1%84%83%E1%85%B5%E1%84%89%E1%85%AE%E1%84%90%E1%85%B3-p07521143.html,true,OFFICIAL_ZARA_KR_PRODUCT_SITEMAP
07484401,컴포트 스트럭처 버뮤다 팬츠,MAN,BERMUDA,B. Bermuda Rest,BOTTOM,https://www.zara.com/kr/ko/%E1%84%8F%E1%85%A5%E1%86%B7%E1%84%91%E1%85%A9%E1%84%90%E1%85%B3-%E1%84%89%E1%85%B3%E1%84%90%E1%85%B3%E1%84%85%E1%85%A5%E1%86%A8%E1%84%8E%E1%85%A5-%E1%84%87%E1%85%A5%E1%84%86%E1%85%B2%E1%84%83%E1%85%A1-%E1%84%91%E1%85%A2%E1%86%AB%E1%84%8E%E1%85%B3-p07484401.html,PENDING_HUMAN_REVIEW,,,,false,ZARA_KR_MAN_07484401,7484/401,"[""남성 > 컬렉션 > 반바지 | 버뮤다팬츠 > 모두 보기"",""남성 > 컬렉션 > 베스트셀러 > 모두 보기""]",2026-08-24T22:40:58.274Z,ZARA,"[""2432164""]",모두 보기,STANDARD_PRODUCT,MALE,https://www.zara.com/kr/ko/%E1%84%8F%E1%85%A5%E1%86%B7%E1%84%91%E1%85%A9%E1%84%90%E1%85%B3-%E1%84%89%E1%85%B3%E1%84%90%E1%85%B3%E1%84%85%E1%85%A5%E1%86%A8%E1%84%8E%E1%85%A5-%E1%84%87%E1%85%A5%E1%84%86%E1%85%B2%E1%84%83%E1%85%A1-%E1%84%91%E1%85%A2%E1%86%AB%E1%84%8E%E1%85%B3-p07484401.html,true,OFFICIAL_ZARA_KR_PRODUCT_SITEMAP
07853222,FLWRS KRN BRMD,WOMAN,BERMUDA,ST. BERMUDA,BOTTOM,https://www.zara.com/kr/ko/flwrs-krn-brmd-p07853222.html,PENDING_HUMAN_REVIEW,,,,false,ZARA_KR_WOMAN_07853222,7853/222,"[""여성 > 컬렉션 > 쇼츠 | 버뮤다 팬츠 > 모두 보기""]",2026-08-24T22:40:58.274Z,ZARA,"[""2420480""]",모두 보기,STANDARD_PRODUCT,FEMALE,https://www.zara.com/kr/ko/flwrs-krn-brmd-p07853222.html,true,OFFICIAL_ZARA_KR_PRODUCT_SITEMAP
07936741,벨트 크로스 미디 원피스,WOMAN,DRESS,B.DRESS,DRESS,https://www.zara.com/kr/ko/%E1%84%87%E1%85%A6%E1%86%AF%E1%84%90%E1%85%B3-%E1%84%8F%E1%85%B3%E1%84%85%E1%85%A9%E1%84%89%E1%85%B3-%E1%84%86%E1%85%B5%E1%84%83%E1%85%B5-%E1%84%8B%E1%85%AF%E1%86%AB%E1%84%91%E1%85%B5%E1%84%89%E1%85%B3-p07936741.html,PENDING_HUMAN_REVIEW,,,,false,ZARA_KR_WOMAN_07936741,7936/741,"[""여성 > 컬렉션 > 원피스 > 모두 보기""]",2026-08-24T22:40:58.274Z,ZARA,"[""2420896""]",모두 보기,STANDARD_PRODUCT,FEMALE,https://www.zara.com/kr/ko/%E1%84%87%E1%85%A6%E1%86%AF%E1%84%90%E1%85%B3-%E1%84%8F%E1%85%B3%E1%84%85%E1%85%A9%E1%84%89%E1%85%B3-%E1%84%86%E1%85%B5%E1%84%83%E1%85%B5-%E1%84%8B%E1%85%AF%E1%86%AB%E1%84%91%E1%85%B5%E1%84%89%E1%85%B3-p07936741.html,true,OFFICIAL_ZARA_KR_PRODUCT_SITEMAP
02521404,레귤러핏 스웨이드 페이크 레더 오버셔츠,MAN,OVERSHIRT,Overshirt,OUTER,https://www.zara.com/kr/ko/%E1%84%89%E1%85%B3%E1%84%8B%E1%85%B0%E1%84%8B%E1%85%B5%E1%84%83%E1%85%B3-%E1%84%85%E1%85%A6%E1%84%83%E1%85%A5-%E1%84%85%E1%85%A6%E1%84%80%E1%85%B2%E1%86%AF%E1%84%85%E1%85%A5%E1%84%91%E1%85%B5%E1%86%BA-%E1%84%8B%E1%85%A9%E1%84%87%E1%85%A5%E1%84%89%E1%85%A7%E1%84%8E%E1%85%B3-p02521404.html,PENDING_HUMAN_REVIEW,,,,false,ZARA_KR_MAN_02521404,2521/404,"[""남성 > 컬렉션 > 셔츠 > 오버셔츠""]",2026-08-24T22:40:58.274Z,ZARA,"[""2431989""]",오버셔츠,STANDARD_PRODUCT,MALE,https://www.zara.com/kr/ko/%E1%84%89%E1%85%B3%E1%84%8B%E1%85%B0%E1%84%8B%E1%85%B5%E1%84%83%E1%85%B3-%E1%84%85%E1%85%A6%E1%84%83%E1%85%A5-%E1%84%85%E1%85%A6%E1%84%80%E1%85%B2%E1%86%AF%E1%84%85%E1%85%A5%E1%84%91%E1%85%B5%E1%86%BA-%E1%84%8B%E1%85%A9%E1%84%87%E1%85%A5%E1%84%89%E1%85%A7%E1%84%8E%E1%85%B3-p02521404.html,true,OFFICIAL_ZARA_KR_PRODUCT_SITEMAP
07839221,BLZR FLWRS,WOMAN,BLAZER,ST. BLASIER,OUTER,https://www.zara.com/kr/ko/blzr-flwrs-p07839221.html,PENDING_HUMAN_REVIEW,,,,false,ZARA_KR_WOMAN_07839221,7839/221,"[""여성 > 컬렉션 > 블레이저 > 모두 보기""]",2026-08-24T22:40:58.274Z,ZARA,"[""2420942""]",모두 보기,STANDARD_PRODUCT,FEMALE,https://www.zara.com/kr/ko/blzr-flwrs-p07839221.html,true,OFFICIAL_ZARA_KR_PRODUCT_SITEMAP
05427700,셔링 지퍼 탑,WOMAN,BLAZER,T.BLAZER,SET_OR_MULTI_PIECE,https://www.zara.com/kr/ko/%E1%84%8C%E1%85%B5%E1%84%91%E1%85%A5-%E1%84%89%E1%85%A7%E1%84%85%E1%85%B5%E1%86%BC-%E1%84%90%E1%85%A1%E1%86%B8-p05427700.html,PENDING_HUMAN_REVIEW,,,,false,ZARA_KR_WOMAN_05427700,5427/700,"[""여성 > 컬렉션 > 토탈 룩 > 모두 보기""]",2026-08-24T22:40:58.274Z,ZARA,"[""2420285""]",모두 보기,STANDARD_PRODUCT,FEMALE,https://www.zara.com/kr/ko/%E1%84%8C%E1%85%B5%E1%84%91%E1%85%A5-%E1%84%89%E1%85%A7%E1%84%85%E1%85%B5%E1%86%BC-%E1%84%90%E1%85%A1%E1%86%B8-p05427700.html,true,OFFICIAL_ZARA_KR_PRODUCT_SITEMAP
05039665,프릴 미디 스커트,WOMAN,SKIRT,C. SKIRT,SKIRT,https://www.zara.com/kr/ko/%E1%84%91%E1%85%B3%E1%84%85%E1%85%B5%E1%86%AF-%E1%84%86%E1%85%B5%E1%84%83%E1%85%B5-%E1%84%89%E1%85%B3%E1%84%8F%E1%85%A5%E1%84%90%E1%85%B3-p05039665.html,PENDING_HUMAN_REVIEW,,,,false,ZARA_KR_WOMAN_05039665,5039/665,"[""여성 > 신상품 > THE NEW"",""여성 > 컬렉션 > 스커트 > 모두 보기""]",2026-08-24T22:40:58.274Z,ZARA,"[""2420454""]",THE NEW,STANDARD_PRODUCT,FEMALE,https://www.zara.com/kr/ko/%E1%84%91%E1%85%B3%E1%84%85%E1%85%B5%E1%86%AF-%E1%84%86%E1%85%B5%E1%84%83%E1%85%B5-%E1%84%89%E1%85%B3%E1%84%8F%E1%85%A5%E1%84%90%E1%85%B3-p05039665.html,true,OFFICIAL_ZARA_KR_PRODUCT_SITEMAP
01078400,콤비 체크 롱 스윔팬츠,MAN,SWIMSUIT,Swimwear,SWIMWEAR,https://www.zara.com/kr/ko/%E1%84%8F%E1%85%A9%E1%86%B7%E1%84%87%E1%85%B5-%E1%84%8E%E1%85%A6%E1%84%8F%E1%85%B3-%E1%84%85%E1%85%A9%E1%86%BC-%E1%84%89%E1%85%B3%E1%84%8B%E1%85%B1%E1%86%B7%E1%84%91%E1%85%A2%E1%86%AB%E1%84%8E%E1%85%B3-p01078400.html,PENDING_HUMAN_REVIEW,,,,false,ZARA_KR_MAN_01078400,1078/400,"[""남성 > 슈즈 | 액세서리 > 스윔웨어 > 모두 보기""]",2026-08-24T22:40:58.274Z,ZARA,"[""2576034""]",모두 보기,STANDARD_PRODUCT,MALE,https://www.zara.com/kr/ko/%E1%84%8F%E1%85%A9%E1%86%B7%E1%84%87%E1%85%B5-%E1%84%8E%E1%85%A6%E1%84%8F%E1%85%B3-%E1%84%85%E1%85%A9%E1%86%BC-%E1%84%89%E1%85%B3%E1%84%8B%E1%85%B1%E1%86%B7%E1%84%91%E1%85%A2%E1%86%AB%E1%84%8E%E1%85%B3-p01078400.html,true,OFFICIAL_ZARA_KR_PRODUCT_SITEMAP
04758052,팜트리 패턴 파레오,WOMAN,TOPS AND OTHERS,Acce Cloth Fold,SWIMWEAR,https://www.zara.com/kr/ko/%E1%84%91%E1%85%A1%E1%86%B7%E1%84%90%E1%85%B3%E1%84%85%E1%85%B5-%E1%84%91%E1%85%A2%E1%84%90%E1%85%A5%E1%86%AB-%E1%84%91%E1%85%A1%E1%84%85%E1%85%A6%E1%84%8B%E1%85%A9-p04758052.html,PENDING_HUMAN_REVIEW,,,,false,ZARA_KR_WOMAN_04758052,4758/052,"[""여성 > 컬렉션 > 스윔웨어 > 모두 보기""]",2026-08-24T22:40:58.274Z,ZARA,"[""2418954""]",모두 보기,STANDARD_PRODUCT,FEMALE,https://www.zara.com/kr/ko/%E1%84%91%E1%85%A1%E1%86%B7%E1%84%90%E1%85%B3%E1%84%85%E1%85%B5-%E1%84%91%E1%85%A2%E1%84%90%E1%85%A5%E1%86%AB-%E1%84%91%E1%85%A1%E1%84%85%E1%85%A6%E1%84%8B%E1%85%A9-p04758052.html,true,OFFICIAL_ZARA_KR_PRODUCT_SITEMAP
06085391,메쉬 스트럭처 릴렉스핏 오버셔츠,MAN,OVERSHIRT,Overshirt,TOP,https://www.zara.com/kr/ko/%E1%84%86%E1%85%A6%E1%84%89%E1%85%B1-%E1%84%80%E1%85%AE%E1%84%8C%E1%85%A9-%E1%84%85%E1%85%B5%E1%86%AF%E1%84%85%E1%85%A6%E1%86%A8%E1%84%89%E1%85%B3%E1%84%91%E1%85%B5%E1%86%BA-%E1%84%8B%E1%85%A9%E1%84%87%E1%85%A5%E1%84%89%E1%85%A7%E1%84%8E%E1%85%B3-p06085391.html,PENDING_HUMAN_REVIEW,,,,false,ZARA_KR_MAN_06085391,6085/391,"[""남성 > 컬렉션 > 맨투맨 | 후디 > 모두 보기""]",2026-08-24T22:40:58.274Z,ZARA,"[""2432232""]",모두 보기,STANDARD_PRODUCT,MALE,https://www.zara.com/kr/ko/%E1%84%86%E1%85%A6%E1%84%89%E1%85%B1-%E1%84%80%E1%85%AE%E1%84%8C%E1%85%A9-%E1%84%85%E1%85%B5%E1%86%AF%E1%84%85%E1%85%A6%E1%86%A8%E1%84%89%E1%85%B3%E1%84%91%E1%85%B5%E1%86%BA-%E1%84%8B%E1%85%A9%E1%84%87%E1%85%A5%E1%84%89%E1%85%A7%E1%84%8E%E1%85%B3-p06085391.html,true,OFFICIAL_ZARA_KR_PRODUCT_SITEMAP
09598084,스팽글 메탈사 니트 재킷,WOMAN,CARDIGAN,KNIT CARDIGAN,TOP,https://www.zara.com/kr/ko/%E1%84%89%E1%85%B5%E1%84%8F%E1%85%B1%E1%86%AB-%E1%84%86%E1%85%A6%E1%84%90%E1%85%A1%E1%86%AF%E1%84%89%E1%85%A1-%E1%84%82%E1%85%B5%E1%84%90%E1%85%B3-%E1%84%8C%E1%85%A2%E1%84%8F%E1%85%B5%E1%86%BA-p09598084.html,PENDING_HUMAN_REVIEW,,,,false,ZARA_KR_WOMAN_09598084,9598/084,"[""여성 > 컬렉션 > 니트웨어 > 모두 보기""]",2026-08-24T22:40:58.274Z,ZARA,"[""2420306""]",모두 보기,STANDARD_PRODUCT,FEMALE,https://www.zara.com/kr/ko/%E1%84%89%E1%85%B5%E1%84%8F%E1%85%B1%E1%86%AB-%E1%84%86%E1%85%A6%E1%84%90%E1%85%A1%E1%86%AF%E1%84%89%E1%85%A1-%E1%84%82%E1%85%B5%E1%84%90%E1%85%B3-%E1%84%8C%E1%85%A2%E1%84%8F%E1%85%B5%E1%86%BA-p09598084.html,true,OFFICIAL_ZARA_KR_PRODUCT_SITEMAP
04442313,소프트 박서 브리프 3팩,MAN,PANTY/UNDERPANT,Underwear,UNDERWEAR,https://www.zara.com/kr/ko/%E1%84%89%E1%85%A9%E1%84%91%E1%85%B3%E1%84%90%E1%85%B3-%E1%84%87%E1%85%A1%E1%86%A8%E1%84%89%E1%85%A5-%E1%84%87%E1%85%B3%E1%84%85%E1%85%B5%E1%84%91%E1%85%B3-3%E1%84%91%E1%85%A2%E1%86%A8-p04442313.html,PENDING_HUMAN_REVIEW,,,,false,ZARA_KR_MAN_04442313,4442/313,"[""남성 > 슈즈 | 액세서리 > 액세서리 > 브리프""]",2026-08-24T22:40:58.274Z,ZARA,"[""2436443""]",브리프,STANDARD_PRODUCT,MALE,https://www.zara.com/kr/ko/%E1%84%89%E1%85%A9%E1%84%91%E1%85%B3%E1%84%90%E1%85%B3-%E1%84%87%E1%85%A1%E1%86%A8%E1%84%89%E1%85%A5-%E1%84%87%E1%85%B3%E1%84%85%E1%85%B5%E1%84%91%E1%85%B3-3%E1%84%91%E1%85%A2%E1%86%A8-p04442313.html,true,OFFICIAL_ZARA_KR_PRODUCT_SITEMAP
01355118,폴리아미드 와이어 브라,WOMAN,BRA,SUJE CON B,UNDERWEAR,https://www.zara.com/kr/ko/%E1%84%91%E1%85%A9%E1%86%AF%E1%84%85%E1%85%B5%E1%84%8B%E1%85%A1%E1%84%86%E1%85%B5%E1%84%83%E1%85%B3-%E1%84%8B%E1%85%AA%E1%84%8B%E1%85%B5%E1%84%8B%E1%85%A5-%E1%84%87%E1%85%B3%E1%84%85%E1%85%A1-p01355118.html,PENDING_HUMAN_REVIEW,,,,false,ZARA_KR_WOMAN_01355118,1355/118,"[""여성 > 컬렉션 > 란제리 > 모두 보기""]",2026-08-24T22:40:58.274Z,ZARA,"[""2419807""]",모두 보기,STANDARD_PRODUCT,FEMALE,https://www.zara.com/kr/ko/%E1%84%91%E1%85%A9%E1%86%AF%E1%84%85%E1%85%B5%E1%84%8B%E1%85%A1%E1%84%86%E1%85%B5%E1%84%83%E1%85%B3-%E1%84%8B%E1%85%AA%E1%84%8B%E1%85%B5%E1%84%8B%E1%85%A5-%E1%84%87%E1%85%B3%E1%84%85%E1%85%A1-p01355118.html,true,OFFICIAL_ZARA_KR_PRODUCT_SITEMAP
05585368,플리츠 레귤러 핏 데님 버뮤다 팬츠,MAN,BERMUDA,Bermuda Denim,BOTTOM,https://www.zara.com/kr/ko/%E1%84%91%E1%85%B3%E1%86%AF%E1%84%85%E1%85%B5%E1%84%8E%E1%85%B3-%E1%84%85%E1%85%A6%E1%84%80%E1%85%B2%E1%86%AF%E1%84%85%E1%85%A5-%E1%84%91%E1%85%B5%E1%86%BA-%E1%84%83%E1%85%A6%E1%84%82%E1%85%B5%E1%86%B7-%E1%84%87%E1%85%A5%E1%84%86%E1%85%B2%E1%84%83%E1%85%A1-%E1%84%91%E1%85%A2%E1%86%AB%E1%84%8E%E1%85%B3-p05585368.html,PENDING_HUMAN_REVIEW,,,,false,ZARA_KR_MAN_05585368,5585/368,"[""남성 > 컬렉션 > 반바지 | 버뮤다팬츠 > 모두 보기"",""남성 > 컬렉션 > 베스트셀러 > 모두 보기""]",2026-08-24T22:40:58.274Z,ZARA,"[""2432164""]",모두 보기,STANDARD_PRODUCT,MALE,https://www.zara.com/kr/ko/%E1%84%91%E1%85%B3%E1%86%AF%E1%84%85%E1%85%B5%E1%84%8E%E1%85%B3-%E1%84%85%E1%85%A6%E1%84%80%E1%85%B2%E1%86%AF%E1%84%85%E1%85%A5-%E1%84%91%E1%85%B5%E1%86%BA-%E1%84%83%E1%85%A6%E1%84%82%E1%85%B5%E1%86%B7-%E1%84%87%E1%85%A5%E1%84%86%E1%85%B2%E1%84%83%E1%85%A1-%E1%84%91%E1%85%A2%E1%86%AB%E1%84%8E%E1%85%B3-p05585368.html,true,OFFICIAL_ZARA_KR_PRODUCT_SITEMAP
04391502,버튼 미니 쇼츠,WOMAN,BERMUDA,T.BERMUDAS,BOTTOM,https://www.zara.com/kr/ko/%E1%84%87%E1%85%A5%E1%84%90%E1%85%B3%E1%86%AB-%E1%84%86%E1%85%B5%E1%84%82%E1%85%B5-%E1%84%89%E1%85%AD%E1%84%8E%E1%85%B3-p04391502.html,PENDING_HUMAN_REVIEW,,,,false,ZARA_KR_WOMAN_04391502,4391/502,"[""여성 > 컬렉션 > 쇼츠 | 버뮤다 팬츠 > 모두 보기"",""여성 > 컬렉션 > 토탈 룩 > 모두 보기""]",2026-08-24T22:40:58.274Z,ZARA,"[""2420480""]",모두 보기,STANDARD_PRODUCT,FEMALE,https://www.zara.com/kr/ko/%E1%84%87%E1%85%A5%E1%84%90%E1%85%B3%E1%86%AB-%E1%84%86%E1%85%B5%E1%84%82%E1%85%B5-%E1%84%89%E1%85%AD%E1%84%8E%E1%85%B3-p04391502.html,true,OFFICIAL_ZARA_KR_PRODUCT_SITEMAP
05039822,애니멀 패턴 텍스처 미디 원피스,WOMAN,DRESS,C.BASIC DRESS,DRESS,https://www.zara.com/kr/ko/%E1%84%90%E1%85%A6%E1%86%A8%E1%84%89%E1%85%B3%E1%84%8E%E1%85%A5-%E1%84%83%E1%85%A9%E1%84%90%E1%85%B3-%E1%84%86%E1%85%B5%E1%84%83%E1%85%B5-%E1%84%8B%E1%85%AF%E1%86%AB%E1%84%91%E1%85%B5%E1%84%89%E1%85%B3-p05039822.html,PENDING_HUMAN_REVIEW,,,,false,ZARA_KR_WOMAN_05039822,5039/822,"[""여성 > 신상품 > THE NEW"",""여성 > 컬렉션 > 원피스 > 모두 보기""]",2026-08-24T22:40:58.274Z,ZARA,"[""2420896""]",THE NEW,STANDARD_PRODUCT,FEMALE,https://www.zara.com/kr/ko/%E1%84%90%E1%85%A6%E1%86%A8%E1%84%89%E1%85%B3%E1%84%8E%E1%85%A5-%E1%84%83%E1%85%A9%E1%84%90%E1%85%B3-%E1%84%86%E1%85%B5%E1%84%83%E1%85%B5-%E1%84%8B%E1%85%AF%E1%86%AB%E1%84%91%E1%85%B5%E1%84%89%E1%85%B3-p05039822.html,true,OFFICIAL_ZARA_KR_PRODUCT_SITEMAP
06103357,릴렉스핏 체크 지퍼 셔츠,MAN,SHIRT,F. Shirt,OUTER,https://www.zara.com/kr/ko/%E1%84%8E%E1%85%A6%E1%84%8F%E1%85%B3-%E1%84%8C%E1%85%B5%E1%84%91%E1%85%A5-%E1%84%85%E1%85%B5%E1%86%AF%E1%84%85%E1%85%A6%E1%86%A8%E1%84%89%E1%85%B3%E1%84%91%E1%85%B5%E1%86%BA-%E1%84%89%E1%85%A7%E1%84%8E%E1%85%B3-p06103357.html,PENDING_HUMAN_REVIEW,,,,false,ZARA_KR_MAN_06103357,6103/357,"[""남성 > 컬렉션 > 재킷 | 트렌치 코트 > 모두 보기""]",2026-08-24T22:40:58.274Z,ZARA,"[""2536906""]",모두 보기,STANDARD_PRODUCT,MALE,https://www.zara.com/kr/ko/%E1%84%8E%E1%85%A6%E1%84%8F%E1%85%B3-%E1%84%8C%E1%85%B5%E1%84%91%E1%85%A5-%E1%84%85%E1%85%B5%E1%86%AF%E1%84%85%E1%85%A6%E1%86%A8%E1%84%89%E1%85%B3%E1%84%91%E1%85%B5%E1%86%BA-%E1%84%89%E1%85%A7%E1%84%8E%E1%85%B3-p06103357.html,true,OFFICIAL_ZARA_KR_PRODUCT_SITEMAP
02010716,러프 버튼 블레이저,WOMAN,BLAZER,T.BLAZER,OUTER,https://www.zara.com/kr/ko/%E1%84%87%E1%85%A5%E1%84%90%E1%85%B3%E1%86%AB-%E1%84%85%E1%85%A5%E1%84%91%E1%85%B3-%E1%84%87%E1%85%B3%E1%86%AF%E1%84%85%E1%85%A6%E1%84%8B%E1%85%B5%E1%84%8C%E1%85%A5-p02010716.html,PENDING_HUMAN_REVIEW,,,,false,ZARA_KR_WOMAN_02010716,2010/716,"[""여성 > 컬렉션 > 블레이저 > 모두 보기"",""여성 > 컬렉션 > 자켓 | 점퍼 > 모두 보기""]",2026-08-24T22:40:58.274Z,ZARA,"[""2420942""]",모두 보기,STANDARD_PRODUCT,FEMALE,https://www.zara.com/kr/ko/%E1%84%87%E1%85%A5%E1%84%90%E1%85%B3%E1%86%AB-%E1%84%85%E1%85%A5%E1%84%91%E1%85%B3-%E1%84%87%E1%85%B3%E1%86%AF%E1%84%85%E1%85%A6%E1%84%8B%E1%85%B5%E1%84%8C%E1%85%A5-p02010716.html,true,OFFICIAL_ZARA_KR_PRODUCT_SITEMAP
03736054,ZW 컬렉션 크롭 블레이저,WOMAN,BLAZER,W.BLAZER,SET_OR_MULTI_PIECE,https://www.zara.com/kr/ko/zw-%E1%84%8F%E1%85%A5%E1%86%AF%E1%84%85%E1%85%A6%E1%86%A8%E1%84%89%E1%85%A7%E1%86%AB-%E1%84%8F%E1%85%B3%E1%84%85%E1%85%A9%E1%86%B8-%E1%84%87%E1%85%B3%E1%86%AF%E1%84%85%E1%85%A6%E1%84%8B%E1%85%B5%E1%84%8C%E1%85%A5-p03736054.html,PENDING_HUMAN_REVIEW,,,,false,ZARA_KR_WOMAN_03736054,3736/054,"[""여성 > 컬렉션 > 토탈 룩 > 모두 보기""]",2026-08-24T22:40:58.274Z,ZARA,"[""2420285""]",모두 보기,STANDARD_PRODUCT,FEMALE,https://www.zara.com/kr/ko/zw-%E1%84%8F%E1%85%A5%E1%86%AF%E1%84%85%E1%85%A6%E1%86%A8%E1%84%89%E1%85%A7%E1%86%AB-%E1%84%8F%E1%85%B3%E1%84%85%E1%85%A9%E1%86%B8-%E1%84%87%E1%85%B3%E1%86%AF%E1%84%85%E1%85%A6%E1%84%8B%E1%85%B5%E1%84%8C%E1%85%A5-p03736054.html,true,OFFICIAL_ZARA_KR_PRODUCT_SITEMAP
05755102,니트 미디 스커트,WOMAN,SKIRT,KNIT SKIRT,SKIRT,https://www.zara.com/kr/ko/%E1%84%82%E1%85%B5%E1%84%90%E1%85%B3-%E1%84%86%E1%85%B5%E1%84%83%E1%85%B5-%E1%84%89%E1%85%B3%E1%84%8F%E1%85%A5%E1%84%90%E1%85%B3-p05755102.html,PENDING_HUMAN_REVIEW,,,,false,ZARA_KR_WOMAN_05755102,5755/102,"[""여성 > 컬렉션 > 니트웨어 > 모두 보기"",""여성 > 컬렉션 > 스커트 > 모두 보기"",""여성 > 컬렉션 > 토탈 룩 > 모두 보기""]",2026-08-24T22:40:58.274Z,ZARA,"[""2420454""]",모두 보기,STANDARD_PRODUCT,FEMALE,https://www.zara.com/kr/ko/%E1%84%82%E1%85%B5%E1%84%90%E1%85%B3-%E1%84%86%E1%85%B5%E1%84%83%E1%85%B5-%E1%84%89%E1%85%B3%E1%84%8F%E1%85%A5%E1%84%90%E1%85%B3-p05755102.html,true,OFFICIAL_ZARA_KR_PRODUCT_SITEMAP
08574403,베이직 미디엄 스윔팬츠,MAN,SWIMSUIT,Swimwear,SWIMWEAR,https://www.zara.com/kr/ko/%E1%84%87%E1%85%A6%E1%84%8B%E1%85%B5%E1%84%8C%E1%85%B5%E1%86%A8-%E1%84%86%E1%85%B5%E1%84%83%E1%85%B5%E1%84%8B%E1%85%A5%E1%86%B7-%E1%84%89%E1%85%B3%E1%84%8B%E1%85%B1%E1%86%B7%E1%84%91%E1%85%A2%E1%86%AB%E1%84%8E%E1%85%B3-p08574403.html,PENDING_HUMAN_REVIEW,,,,false,ZARA_KR_MAN_08574403,8574/403,"[""남성 > 슈즈 | 액세서리 > 스윔웨어 > 모두 보기"",""남성 > 컬렉션 > 베스트셀러 > 모두 보기""]",2026-08-24T22:40:58.274Z,ZARA,"[""2576034""]",모두 보기,STANDARD_PRODUCT,MALE,https://www.zara.com/kr/ko/%E1%84%87%E1%85%A6%E1%84%8B%E1%85%B5%E1%84%8C%E1%85%B5%E1%86%A8-%E1%84%86%E1%85%B5%E1%84%83%E1%85%B5%E1%84%8B%E1%85%A5%E1%86%B7-%E1%84%89%E1%85%B3%E1%84%8B%E1%85%B1%E1%86%B7%E1%84%91%E1%85%A2%E1%86%AB%E1%84%8E%E1%85%B3-p08574403.html,true,OFFICIAL_ZARA_KR_PRODUCT_SITEMAP
02856215,스터드 타이 비키니 팬티,WOMAN,SWIMSUIT,BIKINI,SWIMWEAR,https://www.zara.com/kr/ko/%E1%84%89%E1%85%B3%E1%84%90%E1%85%A5%E1%84%83%E1%85%B3-%E1%84%85%E1%85%B5%E1%84%87%E1%85%A9%E1%86%AB-%E1%84%87%E1%85%B5%E1%84%8F%E1%85%B5%E1%84%82%E1%85%B5-%E1%84%91%E1%85%A2%E1%86%AB%E1%84%90%E1%85%B5-p02856215.html,PENDING_HUMAN_REVIEW,,,,false,ZARA_KR_WOMAN_02856215,2856/215,"[""여성 > 컬렉션 > 스윔웨어 > 모두 보기""]",2026-08-24T22:40:58.274Z,ZARA,"[""2418954""]",모두 보기,STANDARD_PRODUCT,FEMALE,https://www.zara.com/kr/ko/%E1%84%89%E1%85%B3%E1%84%90%E1%85%A5%E1%84%83%E1%85%B3-%E1%84%85%E1%85%B5%E1%84%87%E1%85%A9%E1%86%AB-%E1%84%87%E1%85%B5%E1%84%8F%E1%85%B5%E1%84%82%E1%85%B5-%E1%84%91%E1%85%A2%E1%86%AB%E1%84%90%E1%85%B5-p02856215.html,true,OFFICIAL_ZARA_KR_PRODUCT_SITEMAP
00526448,버티컬 텍스처 폴로셔츠,MAN,POLO SHIRT,B. Polo,TOP,https://www.zara.com/kr/ko/%E1%84%87%E1%85%A5%E1%84%90%E1%85%B5%E1%84%8F%E1%85%A5%E1%86%AF-%E1%84%90%E1%85%A6%E1%86%A8%E1%84%89%E1%85%B3%E1%84%8E%E1%85%A5-%E1%84%91%E1%85%A9%E1%86%AF%E1%84%85%E1%85%A9%E1%84%89%E1%85%A7%E1%84%8E%E1%85%B3-p00526448.html,PENDING_HUMAN_REVIEW,,,,false,ZARA_KR_MAN_00526448,0526/448,"[""남성 > 컬렉션 > 피케 | 카라 티셔츠 > 모두 보기""]",2026-08-24T22:40:58.274Z,ZARA,"[""2432049""]",모두 보기,STANDARD_PRODUCT,MALE,https://www.zara.com/kr/ko/%E1%84%87%E1%85%A5%E1%84%90%E1%85%B5%E1%84%8F%E1%85%A5%E1%86%AF-%E1%84%90%E1%85%A6%E1%86%A8%E1%84%89%E1%85%B3%E1%84%8E%E1%85%A5-%E1%84%91%E1%85%A9%E1%86%AF%E1%84%85%E1%85%A9%E1%84%89%E1%85%A7%E1%84%8E%E1%85%B3-p00526448.html,true,OFFICIAL_ZARA_KR_PRODUCT_SITEMAP
03666097,린넨 롱 캐미솔 탑,WOMAN,DRESS,B.DRESS,TOP,https://www.zara.com/kr/ko/%E1%84%85%E1%85%B5%E1%86%AB%E1%84%82%E1%85%A6%E1%86%AB-%E1%84%85%E1%85%A9%E1%86%BC-%E1%84%8F%E1%85%A2%E1%84%86%E1%85%B5%E1%84%89%E1%85%A9%E1%86%AF-%E1%84%90%E1%85%A1%E1%86%B8-p03666097.html,PENDING_HUMAN_REVIEW,,,,false,ZARA_KR_WOMAN_03666097,3666/097,"[""여성 > 컬렉션 > 탑 > 모두 보기""]",2026-08-24T22:40:58.274Z,ZARA,"[""2419940""]",모두 보기,STANDARD_PRODUCT,FEMALE,https://www.zara.com/kr/ko/%E1%84%85%E1%85%B5%E1%86%AB%E1%84%82%E1%85%A6%E1%86%AB-%E1%84%85%E1%85%A9%E1%86%BC-%E1%84%8F%E1%85%A2%E1%84%86%E1%85%B5%E1%84%89%E1%85%A9%E1%86%AF-%E1%84%90%E1%85%A1%E1%86%B8-p03666097.html,true,OFFICIAL_ZARA_KR_PRODUCT_SITEMAP
04442311,소프트 박서 브리프 3장 세트,MAN,PANTY/UNDERPANT,Underwear,UNDERWEAR,https://www.zara.com/kr/ko/%E1%84%89%E1%85%A9%E1%84%91%E1%85%B3%E1%84%90%E1%85%B3-%E1%84%87%E1%85%A1%E1%86%A8%E1%84%89%E1%85%A5-%E1%84%87%E1%85%B3%E1%84%85%E1%85%B5%E1%84%91%E1%85%B3-3%E1%84%91%E1%85%A2%E1%86%A8-p04442311.html,PENDING_HUMAN_REVIEW,,,,false,ZARA_KR_MAN_04442311,4442/311,"[""남성 > 슈즈 | 액세서리 > 액세서리 > 브리프""]",2026-08-24T22:40:58.274Z,ZARA,"[""2436443""]",브리프,STANDARD_PRODUCT,MALE,https://www.zara.com/kr/ko/%E1%84%89%E1%85%A9%E1%84%91%E1%85%B3%E1%84%90%E1%85%B3-%E1%84%87%E1%85%A1%E1%86%A8%E1%84%89%E1%85%A5-%E1%84%87%E1%85%B3%E1%84%85%E1%85%B5%E1%84%91%E1%85%B3-3%E1%84%91%E1%85%A2%E1%86%A8-p04442311.html,true,OFFICIAL_ZARA_KR_PRODUCT_SITEMAP
01500706,레이스 메탈 디테일 브라,WOMAN,BRA,SUJETADOR,UNDERWEAR,https://www.zara.com/kr/ko/%E1%84%89%E1%85%A6%E1%86%AB%E1%84%90%E1%85%A5-%E1%84%86%E1%85%A6%E1%84%90%E1%85%A1%E1%86%AF-%E1%84%85%E1%85%A6%E1%84%8B%E1%85%B5%E1%84%89%E1%85%B3-%E1%84%87%E1%85%B3%E1%84%85%E1%85%A1-p01500706.html,PENDING_HUMAN_REVIEW,,,,false,ZARA_KR_WOMAN_01500706,1500/706,"[""여성 > 신상품 > THE NEW"",""여성 > 컬렉션 > 란제리 > 모두 보기""]",2026-08-24T22:40:58.274Z,ZARA,"[""2419807""]",THE NEW,STANDARD_PRODUCT,FEMALE,https://www.zara.com/kr/ko/%E1%84%89%E1%85%A6%E1%86%AB%E1%84%90%E1%85%A5-%E1%84%86%E1%85%A6%E1%84%90%E1%85%A1%E1%86%AF-%E1%84%85%E1%85%A6%E1%84%8B%E1%85%B5%E1%84%89%E1%85%B3-%E1%84%87%E1%85%B3%E1%84%85%E1%85%A1-p01500706.html,true,OFFICIAL_ZARA_KR_PRODUCT_SITEMAP
05247403,릴렉스핏 스트럭처 버뮤다 팬츠,MAN,BERMUDA,F.Bermuda Rest,BOTTOM,https://www.zara.com/kr/ko/%E1%84%85%E1%85%B5%E1%86%AF%E1%84%85%E1%85%A6%E1%86%A8%E1%84%89%E1%85%B3%E1%84%91%E1%85%B5%E1%86%BA-%E1%84%89%E1%85%B3%E1%84%90%E1%85%B3%E1%84%85%E1%85%A5%E1%86%A8%E1%84%8E%E1%85%A5-%E1%84%87%E1%85%A5%E1%84%86%E1%85%B2%E1%84%83%E1%85%A1-%E1%84%91%E1%85%A2%E1%86%AB%E1%84%8E%E1%85%B3-p05247403.html,PENDING_HUMAN_REVIEW,,,,false,ZARA_KR_MAN_05247403,5247/403,"[""남성 > 컬렉션 > 반바지 | 버뮤다팬츠 > 모두 보기""]",2026-08-24T22:40:58.274Z,ZARA,"[""2432164""]",모두 보기,STANDARD_PRODUCT,MALE,https://www.zara.com/kr/ko/%E1%84%85%E1%85%B5%E1%86%AF%E1%84%85%E1%85%A6%E1%86%A8%E1%84%89%E1%85%B3%E1%84%91%E1%85%B5%E1%86%BA-%E1%84%89%E1%85%B3%E1%84%90%E1%85%B3%E1%84%85%E1%85%A5%E1%86%A8%E1%84%8E%E1%85%A5-%E1%84%87%E1%85%A5%E1%84%86%E1%85%B2%E1%84%83%E1%85%A1-%E1%84%91%E1%85%A2%E1%86%AB%E1%84%8E%E1%85%B3-p05247403.html,true,OFFICIAL_ZARA_KR_PRODUCT_SITEMAP
06840242,ZW 컬렉션 미드라이즈 데님 버뮤다 팬츠,WOMAN,BERMUDA,W.BERMUDAS,BOTTOM,https://www.zara.com/kr/ko/zw-%E1%84%8F%E1%85%A5%E1%86%AF%E1%84%85%E1%85%A6%E1%86%A8%E1%84%89%E1%85%A7%E1%86%AB-%E1%84%86%E1%85%B5%E1%84%83%E1%85%B3%E1%84%85%E1%85%A1%E1%84%8B%E1%85%B5%E1%84%8C%E1%85%B3-%E1%84%83%E1%85%A6%E1%84%82%E1%85%B5%E1%86%B7-%E1%84%87%E1%85%A5%E1%84%86%E1%85%B2%E1%84%83%E1%85%A1-%E1%84%91%E1%85%A2%E1%86%AB%E1%84%8E%E1%85%B3-p06840242.html,PENDING_HUMAN_REVIEW,,,,false,ZARA_KR_WOMAN_06840242,6840/242,"[""여성 > 컬렉션 > 쇼츠 | 버뮤다 팬츠 > 모두 보기""]",2026-08-24T22:40:58.274Z,ZARA,"[""2420480""]",모두 보기,STANDARD_PRODUCT,FEMALE,https://www.zara.com/kr/ko/zw-%E1%84%8F%E1%85%A5%E1%86%AF%E1%84%85%E1%85%A6%E1%86%A8%E1%84%89%E1%85%A7%E1%86%AB-%E1%84%86%E1%85%B5%E1%84%83%E1%85%B3%E1%84%85%E1%85%A1%E1%84%8B%E1%85%B5%E1%84%8C%E1%85%B3-%E1%84%83%E1%85%A6%E1%84%82%E1%85%B5%E1%86%B7-%E1%84%87%E1%85%A5%E1%84%86%E1%85%B2%E1%84%83%E1%85%A1-%E1%84%91%E1%85%A2%E1%86%AB%E1%84%8E%E1%85%B3-p06840242.html,true,OFFICIAL_ZARA_KR_PRODUCT_SITEMAP
04813801,레이스 미니 원피스,WOMAN,DRESS,C.FANTASY DRESS,DRESS,https://www.zara.com/kr/ko/%E1%84%85%E1%85%A6%E1%84%8B%E1%85%B5%E1%84%89%E1%85%B3-%E1%84%86%E1%85%B5%E1%84%82%E1%85%B5-%E1%84%8B%E1%85%AF%E1%86%AB%E1%84%91%E1%85%B5%E1%84%89%E1%85%B3-p04813801.html,PENDING_HUMAN_REVIEW,,,,false,ZARA_KR_WOMAN_04813801,4813/801,"[""여성 > 신상품 > THE NEW"",""여성 > 컬렉션 > 원피스 > 모두 보기""]",2026-08-24T22:40:58.274Z,ZARA,"[""2420896""]",THE NEW,STANDARD_PRODUCT,FEMALE,https://www.zara.com/kr/ko/%E1%84%85%E1%85%A6%E1%84%8B%E1%85%B5%E1%84%89%E1%85%B3-%E1%84%86%E1%85%B5%E1%84%82%E1%85%B5-%E1%84%8B%E1%85%AF%E1%86%AB%E1%84%91%E1%85%B5%E1%84%89%E1%85%B3-p04813801.html,true,OFFICIAL_ZARA_KR_PRODUCT_SITEMAP
02634383,80/20 워터 리펠런트 다운 베스트,MAN,SLEEVELESS PAD. JACKET,Vest,OUTER,https://www.zara.com/kr/ko/80-%E1%84%83%E1%85%A1%E1%84%8B%E1%85%AE%E1%86%AB-20-%E1%84%91%E1%85%A6%E1%84%83%E1%85%A5-%E1%84%8B%E1%85%AF%E1%84%90%E1%85%A5-%E1%84%85%E1%85%B5%E1%84%91%E1%85%A6%E1%86%AF%E1%84%85%E1%85%A5%E1%86%AB%E1%84%90%E1%85%B3-%E1%84%87%E1%85%A6%E1%84%89%E1%85%B3%E1%84%90%E1%85%B3-p02634383.html,PENDING_HUMAN_REVIEW,,,,false,ZARA_KR_MAN_02634383,2634/383,"[""남성 > 컬렉션 > 재킷 | 트렌치 코트 > 모두 보기""]",2026-08-24T22:40:58.274Z,ZARA,"[""2536906""]",모두 보기,STANDARD_PRODUCT,MALE,https://www.zara.com/kr/ko/80-%E1%84%83%E1%85%A1%E1%84%8B%E1%85%AE%E1%86%AB-20-%E1%84%91%E1%85%A6%E1%84%83%E1%85%A5-%E1%84%8B%E1%85%AF%E1%84%90%E1%85%A5-%E1%84%85%E1%85%B5%E1%84%91%E1%85%A6%E1%86%AF%E1%84%85%E1%85%A5%E1%86%AB%E1%84%90%E1%85%B3-%E1%84%87%E1%85%A6%E1%84%89%E1%85%B3%E1%84%90%E1%85%B3-p02634383.html,true,OFFICIAL_ZARA_KR_PRODUCT_SITEMAP
06136241,ZW 컬렉션 린넨 스트레이트 블레이저,WOMAN,BLAZER,W.BLAZER,OUTER,https://www.zara.com/kr/ko/zw-%E1%84%8F%E1%85%A5%E1%86%AF%E1%84%85%E1%85%A6%E1%86%A8%E1%84%89%E1%85%A7%E1%86%AB-%E1%84%89%E1%85%B3%E1%84%90%E1%85%B3%E1%84%85%E1%85%A6%E1%84%8B%E1%85%B5%E1%84%90%E1%85%B3-%E1%84%85%E1%85%B5%E1%86%AB%E1%84%82%E1%85%A6%E1%86%AB-%E1%84%87%E1%85%B3%E1%86%AF%E1%84%85%E1%85%A6%E1%84%8B%E1%85%B5%E1%84%8C%E1%85%A5-p06136241.html,PENDING_HUMAN_REVIEW,,,,false,ZARA_KR_WOMAN_06136241,6136/241,"[""여성 > 컬렉션 > 블레이저 > 모두 보기"",""여성 > 컬렉션 > 토탈 룩 > 모두 보기""]",2026-08-24T22:40:58.274Z,ZARA,"[""2420942""]",모두 보기,STANDARD_PRODUCT,FEMALE,https://www.zara.com/kr/ko/zw-%E1%84%8F%E1%85%A5%E1%86%AF%E1%84%85%E1%85%A6%E1%86%A8%E1%84%89%E1%85%A7%E1%86%AB-%E1%84%89%E1%85%B3%E1%84%90%E1%85%B3%E1%84%85%E1%85%A6%E1%84%8B%E1%85%B5%E1%84%90%E1%85%B3-%E1%84%85%E1%85%B5%E1%86%AB%E1%84%82%E1%85%A6%E1%86%AB-%E1%84%87%E1%85%B3%E1%86%AF%E1%84%85%E1%85%A6%E1%84%8B%E1%85%B5%E1%84%8C%E1%85%A5-p06136241.html,true,OFFICIAL_ZARA_KR_PRODUCT_SITEMAP
05039451,루즈핏 세미 시스루 바디수트,WOMAN,BODYSUIT,C. BODY,SET_OR_MULTI_PIECE,https://www.zara.com/kr/ko/%E1%84%89%E1%85%A6%E1%84%86%E1%85%B5-%E1%84%89%E1%85%B5%E1%84%89%E1%85%B3%E1%84%85%E1%85%AE-%E1%84%85%E1%85%AE%E1%84%8C%E1%85%B3-%E1%84%87%E1%85%A1%E1%84%83%E1%85%B5%E1%84%89%E1%85%AE%E1%84%90%E1%85%B3-p05039451.html,PENDING_HUMAN_REVIEW,,,,false,ZARA_KR_WOMAN_05039451,5039/451,"[""여성 > 컬렉션 > 토탈 룩 > 모두 보기""]",2026-08-24T22:40:58.274Z,ZARA,"[""2420285""]",모두 보기,STANDARD_PRODUCT,FEMALE,https://www.zara.com/kr/ko/%E1%84%89%E1%85%A6%E1%84%86%E1%85%B5-%E1%84%89%E1%85%B5%E1%84%89%E1%85%B3%E1%84%85%E1%85%AE-%E1%84%85%E1%85%AE%E1%84%8C%E1%85%B3-%E1%84%87%E1%85%A1%E1%84%83%E1%85%B5%E1%84%89%E1%85%AE%E1%84%90%E1%85%B3-p05039451.html,true,OFFICIAL_ZARA_KR_PRODUCT_SITEMAP
01067711,플라워 레이스 패턴 스커트,WOMAN,SKIRT,L. SKIRT,SKIRT,https://www.zara.com/kr/ko/%E1%84%91%E1%85%B3%E1%86%AF%E1%84%85%E1%85%A1%E1%84%8B%E1%85%AF-%E1%84%85%E1%85%A6%E1%84%8B%E1%85%B5%E1%84%89%E1%85%B3-%E1%84%91%E1%85%A2%E1%84%90%E1%85%A5%E1%86%AB-%E1%84%89%E1%85%B3%E1%84%8F%E1%85%A5%E1%84%90%E1%85%B3-p01067711.html,PENDING_HUMAN_REVIEW,,,,false,ZARA_KR_WOMAN_01067711,1067/711,"[""여성 > 컬렉션 > 스커트 > 모두 보기""]",2026-08-24T22:40:58.274Z,ZARA,"[""2420454""]",모두 보기,STANDARD_PRODUCT,FEMALE,https://www.zara.com/kr/ko/%E1%84%91%E1%85%B3%E1%86%AF%E1%84%85%E1%85%A1%E1%84%8B%E1%85%AF-%E1%84%85%E1%85%A6%E1%84%8B%E1%85%B5%E1%84%89%E1%85%B3-%E1%84%91%E1%85%A2%E1%84%90%E1%85%A5%E1%86%AB-%E1%84%89%E1%85%B3%E1%84%8F%E1%85%A5%E1%84%90%E1%85%B3-p01067711.html,true,OFFICIAL_ZARA_KR_PRODUCT_SITEMAP
08574415,소프트 롱 스윔팬츠,MAN,SWIMSUIT,Swimwear,SWIMWEAR,https://www.zara.com/kr/ko/%E1%84%89%E1%85%A9%E1%84%91%E1%85%B3%E1%84%90%E1%85%B3-%E1%84%85%E1%85%A9%E1%86%BC-%E1%84%89%E1%85%B3%E1%84%8B%E1%85%B1%E1%86%B7%E1%84%91%E1%85%A2%E1%86%AB%E1%84%8E%E1%85%B3-p08574415.html,PENDING_HUMAN_REVIEW,,,,false,ZARA_KR_MAN_08574415,8574/415,"[""남성 > 슈즈 | 액세서리 > 스윔웨어 > 모두 보기""]",2026-08-24T22:40:58.274Z,ZARA,"[""2576034""]",모두 보기,STANDARD_PRODUCT,MALE,https://www.zara.com/kr/ko/%E1%84%89%E1%85%A9%E1%84%91%E1%85%B3%E1%84%90%E1%85%B3-%E1%84%85%E1%85%A9%E1%86%BC-%E1%84%89%E1%85%B3%E1%84%8B%E1%85%B1%E1%86%B7%E1%84%91%E1%85%A2%E1%86%AB%E1%84%8E%E1%85%B3-p08574415.html,true,OFFICIAL_ZARA_KR_PRODUCT_SITEMAP
02910223,스트라이프 패턴 스윔수트,WOMAN,SWIMSUIT,SWIMSUIT BIKINI,SWIMWEAR,https://www.zara.com/kr/ko/%E1%84%89%E1%85%B3%E1%84%90%E1%85%B3%E1%84%85%E1%85%A1%E1%84%8B%E1%85%B5%E1%84%91%E1%85%B3-%E1%84%91%E1%85%A2%E1%84%90%E1%85%A5%E1%86%AB-%E1%84%89%E1%85%B3%E1%84%8B%E1%85%B1%E1%86%B7%E1%84%89%E1%85%AE%E1%84%90%E1%85%B3-p02910223.html,PENDING_HUMAN_REVIEW,,,,false,ZARA_KR_WOMAN_02910223,2910/223,"[""여성 > 컬렉션 > 스윔웨어 > 모두 보기""]",2026-08-24T22:40:58.274Z,ZARA,"[""2418954""]",모두 보기,STANDARD_PRODUCT,FEMALE,https://www.zara.com/kr/ko/%E1%84%89%E1%85%B3%E1%84%90%E1%85%B3%E1%84%85%E1%85%A1%E1%84%8B%E1%85%B5%E1%84%91%E1%85%B3-%E1%84%91%E1%85%A2%E1%84%90%E1%85%A5%E1%86%AB-%E1%84%89%E1%85%B3%E1%84%8B%E1%85%B1%E1%86%B7%E1%84%89%E1%85%AE%E1%84%90%E1%85%B3-p02910223.html,true,OFFICIAL_ZARA_KR_PRODUCT_SITEMAP
04442326,레귤러핏 스트라이프 피케 폴로셔츠,MAN,POLO SHIRT,F. Polo,TOP,https://www.zara.com/kr/ko/%E1%84%85%E1%85%A6%E1%84%80%E1%85%B2%E1%86%AF%E1%84%85%E1%85%A5%E1%84%91%E1%85%B5%E1%86%BA-%E1%84%89%E1%85%B3%E1%84%90%E1%85%B3%E1%84%85%E1%85%A1%E1%84%8B%E1%85%B5%E1%84%91%E1%85%B3-%E1%84%91%E1%85%B5%E1%84%8F%E1%85%A6-%E1%84%91%E1%85%A9%E1%86%AF%E1%84%85%E1%85%A9%E1%84%89%E1%85%A7%E1%84%8E%E1%85%B3-p04442326.html,PENDING_HUMAN_REVIEW,,,,false,ZARA_KR_MAN_04442326,4442/326,"[""남성 > 컬렉션 > 베스트셀러 > 모두 보기"",""남성 > 컬렉션 > 피케 | 카라 티셔츠 > 모두 보기""]",2026-08-24T22:40:58.274Z,ZARA,"[""2432049""]",모두 보기,STANDARD_PRODUCT,MALE,https://www.zara.com/kr/ko/%E1%84%85%E1%85%A6%E1%84%80%E1%85%B2%E1%86%AF%E1%84%85%E1%85%A5%E1%84%91%E1%85%B5%E1%86%BA-%E1%84%89%E1%85%B3%E1%84%90%E1%85%B3%E1%84%85%E1%85%A1%E1%84%8B%E1%85%B5%E1%84%91%E1%85%B3-%E1%84%91%E1%85%B5%E1%84%8F%E1%85%A6-%E1%84%91%E1%85%A9%E1%86%AF%E1%84%85%E1%85%A9%E1%84%89%E1%85%A7%E1%84%8E%E1%85%B3-p04442326.html,true,OFFICIAL_ZARA_KR_PRODUCT_SITEMAP
02142012,아가일 니트 폴로셔츠,WOMAN,POLO SHIRT,PUNTO POLO,TOP,https://www.zara.com/kr/ko/%E1%84%8B%E1%85%A1%E1%84%80%E1%85%A1%E1%84%8B%E1%85%B5%E1%86%AF-%E1%84%82%E1%85%B5%E1%84%90%E1%85%B3-%E1%84%91%E1%85%A9%E1%86%AF%E1%84%85%E1%85%A9%E1%84%89%E1%85%A7%E1%84%8E%E1%85%B3-p02142012.html,PENDING_HUMAN_REVIEW,,,,false,ZARA_KR_WOMAN_02142012,2142/012,"[""여성 > 신상품 > THE NEW"",""여성 > 컬렉션 > 니트웨어 > 모두 보기""]",2026-08-24T22:40:58.274Z,ZARA,"[""2420306""]",THE NEW,STANDARD_PRODUCT,FEMALE,https://www.zara.com/kr/ko/%E1%84%8B%E1%85%A1%E1%84%80%E1%85%A1%E1%84%8B%E1%85%B5%E1%86%AF-%E1%84%82%E1%85%B5%E1%84%90%E1%85%B3-%E1%84%91%E1%85%A9%E1%86%AF%E1%84%85%E1%85%A9%E1%84%89%E1%85%A7%E1%84%8E%E1%85%B3-p02142012.html,true,OFFICIAL_ZARA_KR_PRODUCT_SITEMAP
02634300,포플린 믹스 박서 브리프 2팩,MAN,PANTY/UNDERPANT,Underwear,UNDERWEAR,https://www.zara.com/kr/ko/%E1%84%8F%E1%85%A9%E1%86%B7%E1%84%87%E1%85%B5-%E1%84%91%E1%85%A9%E1%84%91%E1%85%B3%E1%86%AF%E1%84%85%E1%85%B5%E1%86%AB-%E1%84%87%E1%85%A1%E1%86%A8%E1%84%89%E1%85%A5-%E1%84%87%E1%85%B3%E1%84%85%E1%85%B5%E1%84%91%E1%85%B3-2%E1%84%91%E1%85%A2%E1%86%A8-p02634300.html,PENDING_HUMAN_REVIEW,,,,false,ZARA_KR_MAN_02634300,2634/300,"[""남성 > 슈즈 | 액세서리 > 액세서리 > 브리프""]",2026-08-24T22:40:58.274Z,ZARA,"[""2436443""]",브리프,STANDARD_PRODUCT,MALE,https://www.zara.com/kr/ko/%E1%84%8F%E1%85%A9%E1%86%B7%E1%84%87%E1%85%B5-%E1%84%91%E1%85%A9%E1%84%91%E1%85%B3%E1%86%AF%E1%84%85%E1%85%B5%E1%86%AB-%E1%84%87%E1%85%A1%E1%86%A8%E1%84%89%E1%85%A5-%E1%84%87%E1%85%B3%E1%84%85%E1%85%B5%E1%84%91%E1%85%B3-2%E1%84%91%E1%85%A2%E1%86%A8-p02634300.html,true,OFFICIAL_ZARA_KR_PRODUCT_SITEMAP
06173102,LIMITED EDITION 비즈 플라워 자수 로브,WOMAN,CARDIGAN,CHAQUETA/SUD,UNDERWEAR,https://www.zara.com/kr/ko/limited-edition-%E1%84%91%E1%85%B3%E1%86%AF%E1%84%85%E1%85%A1%E1%84%8B%E1%85%AF-%E1%84%8C%E1%85%A1%E1%84%89%E1%85%AE-%E1%84%87%E1%85%B5%E1%84%8C%E1%85%B3-%E1%84%85%E1%85%A9%E1%84%87%E1%85%B3-p06173102.html,PENDING_HUMAN_REVIEW,,,,false,ZARA_KR_WOMAN_06173102,6173/102,"[""여성 > 컬렉션 > 란제리 > 모두 보기""]",2026-08-24T22:40:58.274Z,ZARA,"[""2419807""]",모두 보기,STANDARD_PRODUCT,FEMALE,https://www.zara.com/kr/ko/limited-edition-%E1%84%91%E1%85%B3%E1%86%AF%E1%84%85%E1%85%A1%E1%84%8B%E1%85%AF-%E1%84%8C%E1%85%A1%E1%84%89%E1%85%AE-%E1%84%87%E1%85%B5%E1%84%8C%E1%85%B3-%E1%84%85%E1%85%A9%E1%84%87%E1%85%B3-p06173102.html,true,OFFICIAL_ZARA_KR_PRODUCT_SITEMAP
02856052,콤비네이션 프린트 스윔팬츠 LIMITED EDITION,MAN,SWIMSUIT,Swimwear,BOTTOM,https://www.zara.com/kr/ko/%E1%84%8F%E1%85%A5%E1%86%B7%E1%84%87%E1%85%A1%E1%84%8B%E1%85%B5%E1%86%AB%E1%84%83%E1%85%B3-%E1%84%91%E1%85%B3%E1%84%85%E1%85%B5%E1%86%AB%E1%84%90%E1%85%B3-%E1%84%89%E1%85%B3%E1%84%8B%E1%85%B1%E1%86%B7%E1%84%91%E1%85%A2%E1%86%AB%E1%84%8E%E1%85%B3-limited-edition-p02856052.html,PENDING_HUMAN_REVIEW,,,,false,ZARA_KR_MAN_02856052,2856/052,"[""남성 > 컬렉션 > 반바지 | 버뮤다팬츠 > 모두 보기""]",2026-08-24T22:40:58.274Z,ZARA,"[""2432164""]",모두 보기,STANDARD_PRODUCT,MALE,https://www.zara.com/kr/ko/%E1%84%8F%E1%85%A5%E1%86%B7%E1%84%87%E1%85%A1%E1%84%8B%E1%85%B5%E1%86%AB%E1%84%83%E1%85%B3-%E1%84%91%E1%85%B3%E1%84%85%E1%85%B5%E1%86%AB%E1%84%90%E1%85%B3-%E1%84%89%E1%85%B3%E1%84%8B%E1%85%B1%E1%86%B7%E1%84%91%E1%85%A2%E1%86%AB%E1%84%8E%E1%85%B3-limited-edition-p02856052.html,true,OFFICIAL_ZARA_KR_PRODUCT_SITEMAP
04043250,ZW 컬렉션 플리츠 스트라이프 쇼츠,WOMAN,BERMUDA,W.FOLDER PANTS,BOTTOM,https://www.zara.com/kr/ko/zw-%E1%84%8F%E1%85%A5%E1%86%AF%E1%84%85%E1%85%A6%E1%86%A8%E1%84%89%E1%85%A7%E1%86%AB-%E1%84%91%E1%85%B3%E1%86%AF%E1%84%85%E1%85%B5%E1%84%8E%E1%85%B3-%E1%84%89%E1%85%B3%E1%84%90%E1%85%B3%E1%84%85%E1%85%A1%E1%84%8B%E1%85%B5%E1%84%91%E1%85%B3-%E1%84%89%E1%85%AD%E1%84%8E%E1%85%B3-p04043250.html,PENDING_HUMAN_REVIEW,,,,false,ZARA_KR_WOMAN_04043250,4043/250,"[""여성 > 컬렉션 > 쇼츠 | 버뮤다 팬츠 > 모두 보기""]",2026-08-24T22:40:58.274Z,ZARA,"[""2420480""]",모두 보기,STANDARD_PRODUCT,FEMALE,https://www.zara.com/kr/ko/zw-%E1%84%8F%E1%85%A5%E1%86%AF%E1%84%85%E1%85%A6%E1%86%A8%E1%84%89%E1%85%A7%E1%86%AB-%E1%84%91%E1%85%B3%E1%86%AF%E1%84%85%E1%85%B5%E1%84%8E%E1%85%B3-%E1%84%89%E1%85%B3%E1%84%90%E1%85%B3%E1%84%85%E1%85%A1%E1%84%8B%E1%85%B5%E1%84%91%E1%85%B3-%E1%84%89%E1%85%AD%E1%84%8E%E1%85%B3-p04043250.html,true,OFFICIAL_ZARA_KR_PRODUCT_SITEMAP
02756046,벨트 니트 미디 원피스,WOMAN,DRESS,KNIT DRESS,DRESS,https://www.zara.com/kr/ko/%E1%84%87%E1%85%A6%E1%86%AF%E1%84%90%E1%85%B3-%E1%84%82%E1%85%B5%E1%84%90%E1%85%B3-%E1%84%86%E1%85%B5%E1%84%83%E1%85%B5-%E1%84%8B%E1%85%AF%E1%86%AB%E1%84%91%E1%85%B5%E1%84%89%E1%85%B3-p02756046.html,PENDING_HUMAN_REVIEW,,,,false,ZARA_KR_WOMAN_02756046,2756/046,"[""여성 > 컬렉션 > 니트웨어 > 모두 보기"",""여성 > 컬렉션 > 원피스 > 모두 보기""]",2026-08-24T22:40:58.274Z,ZARA,"[""2420896""]",모두 보기,STANDARD_PRODUCT,FEMALE,https://www.zara.com/kr/ko/%E1%84%87%E1%85%A6%E1%86%AF%E1%84%90%E1%85%B3-%E1%84%82%E1%85%B5%E1%84%90%E1%85%B3-%E1%84%86%E1%85%B5%E1%84%83%E1%85%B5-%E1%84%8B%E1%85%AF%E1%86%AB%E1%84%91%E1%85%B5%E1%84%89%E1%85%B3-p02756046.html,true,OFFICIAL_ZARA_KR_PRODUCT_SITEMAP
07484355,코튼-린넨 스트라이프 후드 오버셔츠,MAN,SWEATSHIRT,F. Sweatshirt,OUTER,https://www.zara.com/kr/ko/%E1%84%8F%E1%85%A9%E1%84%90%E1%85%B3%E1%86%AB-%E1%84%85%E1%85%B5%E1%86%AB%E1%84%82%E1%85%A6%E1%86%AB-%E1%84%89%E1%85%B3%E1%84%90%E1%85%B3%E1%84%85%E1%85%A1%E1%84%8B%E1%85%B5%E1%84%91%E1%85%B3-%E1%84%92%E1%85%AE%E1%84%83%E1%85%B3-%E1%84%8B%E1%85%A9%E1%84%87%E1%85%A5%E1%84%89%E1%85%A7%E1%84%8E%E1%85%B3-p07484355.html,PENDING_HUMAN_REVIEW,,,,false,ZARA_KR_MAN_07484355,7484/355,"[""남성 > 컬렉션 > 셔츠 > 오버셔츠"",""남성 > 컬렉션 > 재킷 | 트렌치 코트 > 모두 보기""]",2026-08-24T22:40:58.274Z,ZARA,"[""2431989""]",오버셔츠,STANDARD_PRODUCT,MALE,https://www.zara.com/kr/ko/%E1%84%8F%E1%85%A9%E1%84%90%E1%85%B3%E1%86%AB-%E1%84%85%E1%85%B5%E1%86%AB%E1%84%82%E1%85%A6%E1%86%AB-%E1%84%89%E1%85%B3%E1%84%90%E1%85%B3%E1%84%85%E1%85%A1%E1%84%8B%E1%85%B5%E1%84%91%E1%85%B3-%E1%84%92%E1%85%AE%E1%84%83%E1%85%B3-%E1%84%8B%E1%85%A9%E1%84%87%E1%85%A5%E1%84%89%E1%85%A7%E1%84%8E%E1%85%B3-p07484355.html,true,OFFICIAL_ZARA_KR_PRODUCT_SITEMAP
09970595,보트넥 지퍼 베스트,WOMAN,WAISTCOAT,B.BLAZER,OUTER,https://www.zara.com/kr/ko/%E1%84%8C%E1%85%B5%E1%84%91%E1%85%A5-%E1%84%87%E1%85%A9%E1%84%90%E1%85%B3%E1%84%82%E1%85%A6%E1%86%A8-%E1%84%87%E1%85%A6%E1%84%89%E1%85%B3%E1%84%90%E1%85%B3-p09970595.html,PENDING_HUMAN_REVIEW,,,,false,ZARA_KR_WOMAN_09970595,9970/595,"[""여성 > 컬렉션 > 블레이저 > 모두 보기"",""여성 > 컬렉션 > 토탈 룩 > 모두 보기""]",2026-08-24T22:40:58.274Z,ZARA,"[""2420942""]",모두 보기,STANDARD_PRODUCT,FEMALE,https://www.zara.com/kr/ko/%E1%84%8C%E1%85%B5%E1%84%91%E1%85%A5-%E1%84%87%E1%85%A9%E1%84%90%E1%85%B3%E1%84%82%E1%85%A6%E1%86%A8-%E1%84%87%E1%85%A6%E1%84%89%E1%85%B3%E1%84%90%E1%85%B3-p09970595.html,true,OFFICIAL_ZARA_KR_PRODUCT_SITEMAP
05644811,레이어드 재킷 탑,WOMAN,CARDIGAN,TRF. T-SHIRT,SET_OR_MULTI_PIECE,https://www.zara.com/kr/ko/%E1%84%85%E1%85%A6%E1%84%8B%E1%85%B5%E1%84%8B%E1%85%A5%E1%84%83%E1%85%B3-%E1%84%8C%E1%85%A2%E1%84%8F%E1%85%B5%E1%86%BA-%E1%84%90%E1%85%A1%E1%86%B8-p05644811.html,PENDING_HUMAN_REVIEW,,,,false,ZARA_KR_WOMAN_05644811,5644/811,"[""여성 > 컬렉션 > 토탈 룩 > 모두 보기""]",2026-08-24T22:40:58.274Z,ZARA,"[""2420285""]",모두 보기,STANDARD_PRODUCT,FEMALE,https://www.zara.com/kr/ko/%E1%84%85%E1%85%A6%E1%84%8B%E1%85%B5%E1%84%8B%E1%85%A5%E1%84%83%E1%85%B3-%E1%84%8C%E1%85%A2%E1%84%8F%E1%85%B5%E1%86%BA-%E1%84%90%E1%85%A1%E1%86%B8-p05644811.html,true,OFFICIAL_ZARA_KR_PRODUCT_SITEMAP
07841206,SCHFFL SKRT,WOMAN,SKIRT,ST. FALDA,SKIRT,https://www.zara.com/kr/ko/schffl-skrt-p07841206.html,PENDING_HUMAN_REVIEW,,,,false,ZARA_KR_WOMAN_07841206,7841/206,"[""여성 > 컬렉션 > 스커트 > 모두 보기""]",2026-08-24T22:40:58.274Z,ZARA,"[""2420454""]",모두 보기,STANDARD_PRODUCT,FEMALE,https://www.zara.com/kr/ko/schffl-skrt-p07841206.html,true,OFFICIAL_ZARA_KR_PRODUCT_SITEMAP
08574407,시어서커 미디엄 스윔팬츠,MAN,SWIMSUIT,Swimwear,SWIMWEAR,https://www.zara.com/kr/ko/%E1%84%89%E1%85%B5%E1%84%8B%E1%85%A5%E1%84%89%E1%85%A5%E1%84%8F%E1%85%A5-%E1%84%86%E1%85%B5%E1%84%83%E1%85%B5%E1%84%8B%E1%85%A5%E1%86%B7-%E1%84%89%E1%85%B3%E1%84%8B%E1%85%B1%E1%86%B7%E1%84%91%E1%85%A2%E1%86%AB%E1%84%8E%E1%85%B3-p08574407.html,PENDING_HUMAN_REVIEW,,,,false,ZARA_KR_MAN_08574407,8574/407,"[""남성 > 슈즈 | 액세서리 > 스윔웨어 > 모두 보기"",""남성 > 컬렉션 > 베스트셀러 > 모두 보기""]",2026-08-24T22:40:58.274Z,ZARA,"[""2576034""]",모두 보기,STANDARD_PRODUCT,MALE,https://www.zara.com/kr/ko/%E1%84%89%E1%85%B5%E1%84%8B%E1%85%A5%E1%84%89%E1%85%A5%E1%84%8F%E1%85%A5-%E1%84%86%E1%85%B5%E1%84%83%E1%85%B5%E1%84%8B%E1%85%A5%E1%86%B7-%E1%84%89%E1%85%B3%E1%84%8B%E1%85%B1%E1%86%B7%E1%84%91%E1%85%A2%E1%86%AB%E1%84%8E%E1%85%B3-p08574407.html,true,OFFICIAL_ZARA_KR_PRODUCT_SITEMAP
02856213,링 리본 비키니 팬티,WOMAN,SWIMSUIT,BIKINI,SWIMWEAR,https://www.zara.com/kr/ko/%E1%84%85%E1%85%B5%E1%86%BC-%E1%84%90%E1%85%A1%E1%84%8B%E1%85%B5-%E1%84%87%E1%85%B5%E1%84%8F%E1%85%B5%E1%84%82%E1%85%B5-%E1%84%91%E1%85%A2%E1%86%AB%E1%84%90%E1%85%B5-p02856213.html,PENDING_HUMAN_REVIEW,,,,false,ZARA_KR_WOMAN_02856213,2856/213,"[""여성 > 컬렉션 > 스윔웨어 > 모두 보기""]",2026-08-24T22:40:58.274Z,ZARA,"[""2418954""]",모두 보기,STANDARD_PRODUCT,FEMALE,https://www.zara.com/kr/ko/%E1%84%85%E1%85%B5%E1%86%BC-%E1%84%90%E1%85%A1%E1%84%8B%E1%85%B5-%E1%84%87%E1%85%B5%E1%84%8F%E1%85%B5%E1%84%82%E1%85%B5-%E1%84%91%E1%85%A2%E1%86%AB%E1%84%90%E1%85%B5-p02856213.html,true,OFFICIAL_ZARA_KR_PRODUCT_SITEMAP
04853304,헴프-비스코스 레귤러핏 폴로셔츠,MAN,POLO SHIRT,Polo L/S,TOP,https://www.zara.com/kr/ko/%E1%84%92%E1%85%A6%E1%86%B7%E1%84%91%E1%85%B3---%E1%84%87%E1%85%B5%E1%84%89%E1%85%B3%E1%84%8F%E1%85%A9%E1%84%89%E1%85%B3-%E1%84%85%E1%85%A6%E1%84%80%E1%85%B2%E1%86%AF%E1%84%85%E1%85%A5%E1%84%91%E1%85%B5%E1%86%BA-%E1%84%91%E1%85%A9%E1%86%AF%E1%84%85%E1%85%A9%E1%84%89%E1%85%A7%E1%84%8E%E1%85%B3-p04853304.html,PENDING_HUMAN_REVIEW,,,,false,ZARA_KR_MAN_04853304,4853/304,"[""남성 > 컬렉션 > 피케 | 카라 티셔츠 > 모두 보기""]",2026-08-24T22:40:58.274Z,ZARA,"[""2432049""]",모두 보기,STANDARD_PRODUCT,MALE,https://www.zara.com/kr/ko/%E1%84%92%E1%85%A6%E1%86%B7%E1%84%91%E1%85%B3---%E1%84%87%E1%85%B5%E1%84%89%E1%85%B3%E1%84%8F%E1%85%A9%E1%84%89%E1%85%B3-%E1%84%85%E1%85%A6%E1%84%80%E1%85%B2%E1%86%AF%E1%84%85%E1%85%A5%E1%84%91%E1%85%B5%E1%86%BA-%E1%84%91%E1%85%A9%E1%86%AF%E1%84%85%E1%85%A9%E1%84%89%E1%85%A7%E1%84%8E%E1%85%B3-p04853304.html,true,OFFICIAL_ZARA_KR_PRODUCT_SITEMAP
03897151,슬릿 슬리브 블라우스,WOMAN,SHIRT,B.SHIRT,TOP,https://www.zara.com/kr/ko/%E1%84%89%E1%85%B3%E1%86%AF%E1%84%85%E1%85%B5%E1%84%87%E1%85%B3-%E1%84%89%E1%85%B3%E1%86%AF%E1%84%85%E1%85%B5%E1%86%BA-%E1%84%87%E1%85%B3%E1%86%AF%E1%84%85%E1%85%A1%E1%84%8B%E1%85%AE%E1%84%89%E1%85%B3-p03897151.html,PENDING_HUMAN_REVIEW,,,,false,ZARA_KR_WOMAN_03897151,3897/151,"[""여성 > 컬렉션 > 셔츠 > 모두 보기""]",2026-08-24T22:40:58.274Z,ZARA,"[""2420369""]",모두 보기,STANDARD_PRODUCT,FEMALE,https://www.zara.com/kr/ko/%E1%84%89%E1%85%B3%E1%86%AF%E1%84%85%E1%85%B5%E1%84%87%E1%85%B3-%E1%84%89%E1%85%B3%E1%86%AF%E1%84%85%E1%85%B5%E1%86%BA-%E1%84%87%E1%85%B3%E1%86%AF%E1%84%85%E1%85%A1%E1%84%8B%E1%85%AE%E1%84%89%E1%85%B3-p03897151.html,true,OFFICIAL_ZARA_KR_PRODUCT_SITEMAP
04442430,베이직 박서 브리프 3개 세트,MAN,PANTY/UNDERPANT,Underwear,UNDERWEAR,https://www.zara.com/kr/ko/%E1%84%87%E1%85%A6%E1%84%8B%E1%85%B5%E1%84%8C%E1%85%B5%E1%86%A8-%E1%84%87%E1%85%A1%E1%86%A8%E1%84%89%E1%85%A5-%E1%84%87%E1%85%B3%E1%84%85%E1%85%B5%E1%84%91%E1%85%B3-3%E1%84%8C%E1%85%A1%E1%86%BC-%E1%84%89%E1%85%A6%E1%84%90%E1%85%B3-p04442430.html,PENDING_HUMAN_REVIEW,,,,false,ZARA_KR_MAN_04442430,4442/430,"[""남성 > 슈즈 | 액세서리 > 액세서리 > 브리프""]",2026-08-24T22:40:58.274Z,ZARA,"[""2436443""]",브리프,STANDARD_PRODUCT,MALE,https://www.zara.com/kr/ko/%E1%84%87%E1%85%A6%E1%84%8B%E1%85%B5%E1%84%8C%E1%85%B5%E1%86%A8-%E1%84%87%E1%85%A1%E1%86%A8%E1%84%89%E1%85%A5-%E1%84%87%E1%85%B3%E1%84%85%E1%85%B5%E1%84%91%E1%85%B3-3%E1%84%8C%E1%85%A1%E1%86%BC-%E1%84%89%E1%85%A6%E1%84%90%E1%85%B3-p04442430.html,true,OFFICIAL_ZARA_KR_PRODUCT_SITEMAP
09052807,레이스 스트라이프 셔츠 점프수트,WOMAN,OVERALL,MONO,UNDERWEAR,https://www.zara.com/kr/ko/%E1%84%85%E1%85%A6%E1%84%8B%E1%85%B5%E1%84%89%E1%85%B3-%E1%84%89%E1%85%B3%E1%84%90%E1%85%B3%E1%84%85%E1%85%A1%E1%84%8B%E1%85%B5%E1%84%91%E1%85%B3-%E1%84%91%E1%85%A2%E1%84%90%E1%85%A5%E1%86%AB-%E1%84%89%E1%85%A7%E1%84%8E%E1%85%B3-%E1%84%8C%E1%85%A5%E1%86%B7%E1%84%91%E1%85%B3%E1%84%89%E1%85%AE%E1%84%90%E1%85%B3-p09052807.html,PENDING_HUMAN_REVIEW,,,,false,ZARA_KR_WOMAN_09052807,9052/807,"[""여성 > 컬렉션 > 란제리 > 모두 보기"",""여성 > 컬렉션 > 셔츠 > 모두 보기""]",2026-08-24T22:40:58.274Z,ZARA,"[""2419807""]",모두 보기,STANDARD_PRODUCT,FEMALE,https://www.zara.com/kr/ko/%E1%84%85%E1%85%A6%E1%84%8B%E1%85%B5%E1%84%89%E1%85%B3-%E1%84%89%E1%85%B3%E1%84%90%E1%85%B3%E1%84%85%E1%85%A1%E1%84%8B%E1%85%B5%E1%84%91%E1%85%B3-%E1%84%91%E1%85%A2%E1%84%90%E1%85%A5%E1%86%AB-%E1%84%89%E1%85%A7%E1%84%8E%E1%85%B3-%E1%84%8C%E1%85%A5%E1%86%B7%E1%84%91%E1%85%B3%E1%84%89%E1%85%AE%E1%84%90%E1%85%B3-p09052807.html,true,OFFICIAL_ZARA_KR_PRODUCT_SITEMAP
01732302,테이퍼드 핏 클라이밍 팬츠,MAN,TROUSERS,ATH Bottoms,BOTTOM,https://www.zara.com/kr/ko/%E1%84%90%E1%85%A6%E1%84%8B%E1%85%B5%E1%84%91%E1%85%A5%E1%84%83%E1%85%B3-%E1%84%91%E1%85%B5%E1%86%BA-%E1%84%8F%E1%85%B3%E1%86%AF%E1%84%85%E1%85%A1%E1%84%8B%E1%85%B5%E1%84%86%E1%85%B5%E1%86%BC-%E1%84%91%E1%85%A2%E1%86%AB%E1%84%8E%E1%85%B3-p01732302.html,PENDING_HUMAN_REVIEW,,,,false,ZARA_KR_MAN_01732302,1732/302,"[""남성 > ATHLETICZ / 26 1 18 1 > 컬렉션 > 모두 보기"",""남성 > 컬렉션 > 팬츠 > 모두 보기""]",2026-08-24T22:40:58.274Z,ZARA,"[""2432096""]",모두 보기,STANDARD_PRODUCT,MALE,https://www.zara.com/kr/ko/%E1%84%90%E1%85%A6%E1%84%8B%E1%85%B5%E1%84%91%E1%85%A5%E1%84%83%E1%85%B3-%E1%84%91%E1%85%B5%E1%86%BA-%E1%84%8F%E1%85%B3%E1%86%AF%E1%84%85%E1%85%A1%E1%84%8B%E1%85%B5%E1%84%86%E1%85%B5%E1%86%BC-%E1%84%91%E1%85%A2%E1%86%AB%E1%84%8E%E1%85%B3-p01732302.html,true,OFFICIAL_ZARA_KR_PRODUCT_SITEMAP
05644709,루즈 배기 팬츠,WOMAN,LEGGINGS,C-LEGGING,BOTTOM,https://www.zara.com/kr/ko/%E1%84%85%E1%85%AE%E1%84%8C%E1%85%B3-%E1%84%87%E1%85%A2%E1%84%80%E1%85%B5-%E1%84%91%E1%85%A2%E1%86%AB%E1%84%8E%E1%85%B3-p05644709.html,PENDING_HUMAN_REVIEW,,,,false,ZARA_KR_WOMAN_05644709,5644/709,"[""여성 > 컬렉션 > 토탈 룩 > 모두 보기"",""여성 > 컬렉션 > 팬츠 > 모두 보기""]",2026-08-24T22:40:58.274Z,ZARA,"[""2420795""]",모두 보기,STANDARD_PRODUCT,FEMALE,https://www.zara.com/kr/ko/%E1%84%85%E1%85%AE%E1%84%8C%E1%85%B3-%E1%84%87%E1%85%A2%E1%84%80%E1%85%B5-%E1%84%91%E1%85%A2%E1%86%AB%E1%84%8E%E1%85%B3-p05644709.html,true,OFFICIAL_ZARA_KR_PRODUCT_SITEMAP
07835220,SHRT FLWRS DRSS,WOMAN,DRESS,ST. VESTIDO,DRESS,https://www.zara.com/kr/ko/shrt-flwrs-drss-p07835220.html,PENDING_HUMAN_REVIEW,,,,false,ZARA_KR_WOMAN_07835220,7835/220,"[""여성 > 컬렉션 > 원피스 > 모두 보기""]",2026-08-24T22:40:58.274Z,ZARA,"[""2420896""]",모두 보기,STANDARD_PRODUCT,FEMALE,https://www.zara.com/kr/ko/shrt-flwrs-drss-p07835220.html,true,OFFICIAL_ZARA_KR_PRODUCT_SITEMAP
04869950,아론 레빈 X ZARA 체크 트렌치 코트,MAN,TRENCH RAINCOAT,F. Coat/Trench,OUTER,https://www.zara.com/kr/ko/%E1%84%8B%E1%85%A1%E1%84%85%E1%85%A9%E1%86%AB-%E1%84%85%E1%85%A6%E1%84%87%E1%85%B5%E1%86%AB-x-zara-%E1%84%8E%E1%85%A6%E1%84%8F%E1%85%B3-%E1%84%90%E1%85%B3%E1%84%85%E1%85%A6%E1%86%AB%E1%84%8E%E1%85%B5-%E1%84%8F%E1%85%A9%E1%84%90%E1%85%B3-p04869950.html,PENDING_HUMAN_REVIEW,,,,false,ZARA_KR_MAN_04869950,4869/950,"[""남성 > 신상품 > THE NEW > 컬렉션"",""남성 > 컬렉션 > 재킷 | 트렌치 코트 > 모두 보기""]",2026-08-24T22:40:58.274Z,ZARA,"[""2536906""]",컬렉션,STANDARD_PRODUCT,MALE,https://www.zara.com/kr/ko/%E1%84%8B%E1%85%A1%E1%84%85%E1%85%A9%E1%86%AB-%E1%84%85%E1%85%A6%E1%84%87%E1%85%B5%E1%86%AB-x-zara-%E1%84%8E%E1%85%A6%E1%84%8F%E1%85%B3-%E1%84%90%E1%85%B3%E1%84%85%E1%85%A6%E1%86%AB%E1%84%8E%E1%85%B5-%E1%84%8F%E1%85%A9%E1%84%90%E1%85%B3-p04869950.html,true,OFFICIAL_ZARA_KR_PRODUCT_SITEMAP
07790646,새틴 베스트,WOMAN,WAISTCOAT,B.VEST,OUTER,https://www.zara.com/kr/ko/%E1%84%89%E1%85%A2%E1%84%90%E1%85%B5%E1%86%AB-%E1%84%87%E1%85%A6%E1%84%89%E1%85%B3%E1%84%90%E1%85%B3-p07790646.html,PENDING_HUMAN_REVIEW,,,,false,ZARA_KR_WOMAN_07790646,7790/646,"[""여성 > 신상품 > THE NEW"",""여성 > 컬렉션 > 블레이저 > 모두 보기"",""여성 > 컬렉션 > 토탈 룩 > 모두 보기""]",2026-08-24T22:40:58.274Z,ZARA,"[""2420942""]",THE NEW,STANDARD_PRODUCT,FEMALE,https://www.zara.com/kr/ko/%E1%84%89%E1%85%A2%E1%84%90%E1%85%B5%E1%86%AB-%E1%84%87%E1%85%A6%E1%84%89%E1%85%B3%E1%84%90%E1%85%B3-p07790646.html,true,OFFICIAL_ZARA_KR_PRODUCT_SITEMAP
08452961,시퀸 크롭 탑,WOMAN,SHIRT,B.SHIRT,SET_OR_MULTI_PIECE,https://www.zara.com/kr/ko/%E1%84%89%E1%85%B5%E1%84%8F%E1%85%B1%E1%86%AB-%E1%84%8F%E1%85%B3%E1%84%85%E1%85%A9%E1%86%B8-%E1%84%90%E1%85%A1%E1%86%B8-p08452961.html,PENDING_HUMAN_REVIEW,,,,false,ZARA_KR_WOMAN_08452961,8452/961,"[""여성 > 컬렉션 > 토탈 룩 > 모두 보기""]",2026-08-24T22:40:58.274Z,ZARA,"[""2420285""]",모두 보기,STANDARD_PRODUCT,FEMALE,https://www.zara.com/kr/ko/%E1%84%89%E1%85%B5%E1%84%8F%E1%85%B1%E1%86%AB-%E1%84%8F%E1%85%B3%E1%84%85%E1%85%A9%E1%86%B8-%E1%84%90%E1%85%A1%E1%86%B8-p08452961.html,true,OFFICIAL_ZARA_KR_PRODUCT_SITEMAP
08727093,TRF 데님 미니 스커트,WOMAN,SKIRT,T.FOLDER SKIRT,SKIRT,https://www.zara.com/kr/ko/trf-%E1%84%83%E1%85%A6%E1%84%82%E1%85%B5%E1%86%B7-%E1%84%86%E1%85%B5%E1%84%82%E1%85%B5-%E1%84%89%E1%85%B3%E1%84%8F%E1%85%A5%E1%84%90%E1%85%B3-p08727093.html,PENDING_HUMAN_REVIEW,,,,false,ZARA_KR_WOMAN_08727093,8727/093,"[""여성 > 컬렉션 > 스커트 > 모두 보기""]",2026-08-24T22:40:58.274Z,ZARA,"[""2420454""]",모두 보기,STANDARD_PRODUCT,FEMALE,https://www.zara.com/kr/ko/trf-%E1%84%83%E1%85%A6%E1%84%82%E1%85%B5%E1%86%B7-%E1%84%86%E1%85%B5%E1%84%82%E1%85%B5-%E1%84%89%E1%85%B3%E1%84%8F%E1%85%A5%E1%84%90%E1%85%B3-p08727093.html,true,OFFICIAL_ZARA_KR_PRODUCT_SITEMAP
09569305,페이즐리 패턴 미디 스윔팬츠,MAN,SWIMSUIT,Swimwear,SWIMWEAR,https://www.zara.com/kr/ko/%E1%84%91%E1%85%A6%E1%84%8B%E1%85%B5%E1%84%8C%E1%85%B3%E1%86%AF%E1%84%85%E1%85%B5-%E1%84%91%E1%85%A2%E1%84%90%E1%85%A5%E1%86%AB-%E1%84%86%E1%85%B5%E1%84%83%E1%85%B5-%E1%84%89%E1%85%B3%E1%84%8B%E1%85%B1%E1%86%B7%E1%84%91%E1%85%A2%E1%86%AB%E1%84%8E%E1%85%B3-p09569305.html,PENDING_HUMAN_REVIEW,,,,false,ZARA_KR_MAN_09569305,9569/305,"[""남성 > 슈즈 | 액세서리 > 스윔웨어 > 모두 보기""]",2026-08-24T22:40:58.274Z,ZARA,"[""2576034""]",모두 보기,STANDARD_PRODUCT,MALE,https://www.zara.com/kr/ko/%E1%84%91%E1%85%A6%E1%84%8B%E1%85%B5%E1%84%8C%E1%85%B3%E1%86%AF%E1%84%85%E1%85%B5-%E1%84%91%E1%85%A2%E1%84%90%E1%85%A5%E1%86%AB-%E1%84%86%E1%85%B5%E1%84%83%E1%85%B5-%E1%84%89%E1%85%B3%E1%84%8B%E1%85%B1%E1%86%B7%E1%84%91%E1%85%A2%E1%86%AB%E1%84%8E%E1%85%B3-p09569305.html,true,OFFICIAL_ZARA_KR_PRODUCT_SITEMAP
00167218,플레인 링 스윔수트,WOMAN,SWIMSUIT,SWIMSUIT BIKINI,SWIMWEAR,https://www.zara.com/kr/ko/%E1%84%91%E1%85%B3%E1%86%AF%E1%84%85%E1%85%A6%E1%84%8B%E1%85%B5%E1%86%AB-%E1%84%85%E1%85%B5%E1%86%BC-%E1%84%89%E1%85%B3%E1%84%8B%E1%85%B1%E1%86%B7%E1%84%89%E1%85%AE%E1%84%90%E1%85%B3-p00167218.html,PENDING_HUMAN_REVIEW,,,,false,ZARA_KR_WOMAN_00167218,0167/218,"[""여성 > 컬렉션 > 스윔웨어 > 모두 보기""]",2026-08-24T22:40:58.274Z,ZARA,"[""2418954""]",모두 보기,STANDARD_PRODUCT,FEMALE,https://www.zara.com/kr/ko/%E1%84%91%E1%85%B3%E1%86%AF%E1%84%85%E1%85%A6%E1%84%8B%E1%85%B5%E1%86%AB-%E1%84%85%E1%85%B5%E1%86%BC-%E1%84%89%E1%85%B3%E1%84%8B%E1%85%B1%E1%86%B7%E1%84%89%E1%85%AE%E1%84%90%E1%85%B3-p00167218.html,true,OFFICIAL_ZARA_KR_PRODUCT_SITEMAP
03467310,박시핏 데님 셔츠,MAN,SHIRT,B. Shirt,TOP,https://www.zara.com/kr/ko/%E1%84%87%E1%85%A1%E1%86%A8%E1%84%89%E1%85%B5%E1%84%91%E1%85%B5%E1%86%BA-%E1%84%83%E1%85%A6%E1%84%82%E1%85%B5%E1%86%B7-%E1%84%89%E1%85%A7%E1%84%8E%E1%85%B3-p03467310.html,PENDING_HUMAN_REVIEW,,,,false,ZARA_KR_MAN_03467310,3467/310,"[""남성 > 컬렉션 > 셔츠 > 모두 보기""]",2026-08-24T22:40:58.274Z,ZARA,"[""2431994""]",모두 보기,STANDARD_PRODUCT,MALE,https://www.zara.com/kr/ko/%E1%84%87%E1%85%A1%E1%86%A8%E1%84%89%E1%85%B5%E1%84%91%E1%85%B5%E1%86%BA-%E1%84%83%E1%85%A6%E1%84%82%E1%85%B5%E1%86%B7-%E1%84%89%E1%85%A7%E1%84%8E%E1%85%B3-p03467310.html,true,OFFICIAL_ZARA_KR_PRODUCT_SITEMAP
08779623,버튼 헨리넥 티셔츠,WOMAN,SHIRT,C. BASIC T-SHIRT,TOP,https://www.zara.com/kr/ko/%E1%84%92%E1%85%A6%E1%86%AB%E1%84%85%E1%85%B5%E1%84%82%E1%85%A6%E1%86%A8-%E1%84%87%E1%85%A5%E1%84%90%E1%85%B3%E1%86%AB-%E1%84%90%E1%85%B5%E1%84%89%E1%85%A7%E1%84%8E%E1%85%B3-p08779623.html,PENDING_HUMAN_REVIEW,,,,false,ZARA_KR_WOMAN_08779623,8779/623,"[""여성 > 컬렉션 > 티셔츠 > 모두 보기""]",2026-08-24T22:40:58.274Z,ZARA,"[""2420417""]",모두 보기,STANDARD_PRODUCT,FEMALE,https://www.zara.com/kr/ko/%E1%84%92%E1%85%A6%E1%86%AB%E1%84%85%E1%85%B5%E1%84%82%E1%85%A6%E1%86%A8-%E1%84%87%E1%85%A5%E1%84%90%E1%85%B3%E1%86%AB-%E1%84%90%E1%85%B5%E1%84%89%E1%85%A7%E1%84%8E%E1%85%B3-p08779623.html,true,OFFICIAL_ZARA_KR_PRODUCT_SITEMAP
04442339,소프트 박서 브리프 3장 세트,MAN,PANTY/UNDERPANT,Underwear,UNDERWEAR,https://www.zara.com/kr/ko/%E1%84%89%E1%85%A9%E1%84%91%E1%85%B3%E1%84%90%E1%85%B3-%E1%84%87%E1%85%A1%E1%86%A8%E1%84%89%E1%85%A5-%E1%84%87%E1%85%B3%E1%84%85%E1%85%B5%E1%84%91%E1%85%B3-3%E1%84%8C%E1%85%A1%E1%86%BC-%E1%84%89%E1%85%A6%E1%84%90%E1%85%B3-p04442339.html,PENDING_HUMAN_REVIEW,,,,false,ZARA_KR_MAN_04442339,4442/339,"[""남성 > 슈즈 | 액세서리 > 액세서리 > 브리프""]",2026-08-24T22:40:58.274Z,ZARA,"[""2436443""]",브리프,STANDARD_PRODUCT,MALE,https://www.zara.com/kr/ko/%E1%84%89%E1%85%A9%E1%84%91%E1%85%B3%E1%84%90%E1%85%B3-%E1%84%87%E1%85%A1%E1%86%A8%E1%84%89%E1%85%A5-%E1%84%87%E1%85%B3%E1%84%85%E1%85%B5%E1%84%91%E1%85%B3-3%E1%84%8C%E1%85%A1%E1%86%BC-%E1%84%89%E1%85%A6%E1%84%90%E1%85%B3-p04442339.html,true,OFFICIAL_ZARA_KR_PRODUCT_SITEMAP
01355109,와이드 웨이스트 폴리아미드 팬티,WOMAN,PANTY/UNDERPANT,BRAGA,UNDERWEAR,https://www.zara.com/kr/ko/%E1%84%91%E1%85%A9%E1%86%AF%E1%84%85%E1%85%B5%E1%84%8B%E1%85%A1%E1%84%86%E1%85%B5%E1%84%83%E1%85%B3-%E1%84%8B%E1%85%AA%E1%84%8B%E1%85%B5%E1%84%83%E1%85%B3-%E1%84%8B%E1%85%B0%E1%84%8B%E1%85%B5%E1%84%89%E1%85%B3%E1%84%90%E1%85%B3-%E1%84%91%E1%85%A2%E1%86%AB%E1%84%90%E1%85%B5-p01355109.html,PENDING_HUMAN_REVIEW,,,,false,ZARA_KR_WOMAN_01355109,1355/109,"[""여성 > 컬렉션 > 란제리 > 모두 보기""]",2026-08-24T22:40:58.274Z,ZARA,"[""2419807""]",모두 보기,STANDARD_PRODUCT,FEMALE,https://www.zara.com/kr/ko/%E1%84%91%E1%85%A9%E1%86%AF%E1%84%85%E1%85%B5%E1%84%8B%E1%85%A1%E1%84%86%E1%85%B5%E1%84%83%E1%85%B3-%E1%84%8B%E1%85%AA%E1%84%8B%E1%85%B5%E1%84%83%E1%85%B3-%E1%84%8B%E1%85%B0%E1%84%8B%E1%85%B5%E1%84%89%E1%85%B3%E1%84%90%E1%85%B3-%E1%84%91%E1%85%A2%E1%86%AB%E1%84%90%E1%85%B5-p01355109.html,true,OFFICIAL_ZARA_KR_PRODUCT_SITEMAP
08574433,하이테크 트랙 팬츠,MAN,TROUSERS,ATH Pant,BOTTOM,https://www.zara.com/kr/ko/%E1%84%92%E1%85%A1%E1%84%8B%E1%85%B5%E1%84%90%E1%85%A6%E1%84%8F%E1%85%B3-%E1%84%90%E1%85%B3%E1%84%85%E1%85%A6%E1%84%8B%E1%85%B5%E1%84%82%E1%85%B5%E1%86%BC-%E1%84%91%E1%85%A2%E1%86%AB%E1%84%8E%E1%85%B3-p08574433.html,PENDING_HUMAN_REVIEW,,,,false,ZARA_KR_MAN_08574433,8574/433,"[""남성 > ATHLETICZ / 26 1 18 1 > 컬렉션 > 모두 보기"",""남성 > 컬렉션 > 팬츠 > 모두 보기""]",2026-08-24T22:40:58.274Z,ZARA,"[""2432096""]",모두 보기,STANDARD_PRODUCT,MALE,https://www.zara.com/kr/ko/%E1%84%92%E1%85%A1%E1%84%8B%E1%85%B5%E1%84%90%E1%85%A6%E1%84%8F%E1%85%B3-%E1%84%90%E1%85%B3%E1%84%85%E1%85%A6%E1%84%8B%E1%85%B5%E1%84%82%E1%85%B5%E1%86%BC-%E1%84%91%E1%85%A2%E1%86%AB%E1%84%8E%E1%85%B3-p08574433.html,true,OFFICIAL_ZARA_KR_PRODUCT_SITEMAP
03253111,코튼 와플 쇼츠,WOMAN,SHORTS,C-LEGGING,BOTTOM,https://www.zara.com/kr/ko/%E1%84%8B%E1%85%AA%E1%84%91%E1%85%B3%E1%86%AF-%E1%84%8F%E1%85%A9%E1%84%90%E1%85%B3%E1%86%AB-%E1%84%89%E1%85%AD%E1%84%8E%E1%85%B3-p03253111.html,PENDING_HUMAN_REVIEW,,,,false,ZARA_KR_WOMAN_03253111,3253/111,"[""여성 > 컬렉션 > 쇼츠 | 버뮤다 팬츠 > 모두 보기"",""여성 > 컬렉션 > 토탈 룩 > 모두 보기""]",2026-08-24T22:40:58.274Z,ZARA,"[""2420480""]",모두 보기,STANDARD_PRODUCT,FEMALE,https://www.zara.com/kr/ko/%E1%84%8B%E1%85%AA%E1%84%91%E1%85%B3%E1%86%AF-%E1%84%8F%E1%85%A9%E1%84%90%E1%85%B3%E1%86%AB-%E1%84%89%E1%85%AD%E1%84%8E%E1%85%B3-p03253111.html,true,OFFICIAL_ZARA_KR_PRODUCT_SITEMAP
02892777,콤비 코르셋 원피스,WOMAN,DRESS,T-DRESS,DRESS,https://www.zara.com/kr/ko/%E1%84%8F%E1%85%A9%E1%84%85%E1%85%B3%E1%84%89%E1%85%A6%E1%86%BA-%E1%84%89%E1%85%B3%E1%84%90%E1%85%A1%E1%84%8B%E1%85%B5%E1%86%AF-%E1%84%8F%E1%85%A9%E1%86%B7%E1%84%87%E1%85%B5-%E1%84%8B%E1%85%AF%E1%86%AB%E1%84%91%E1%85%B5%E1%84%89%E1%85%B3-p02892777.html,PENDING_HUMAN_REVIEW,,,,false,ZARA_KR_WOMAN_02892777,2892/777,"[""여성 > 컬렉션 > 원피스 > 모두 보기""]",2026-08-24T22:40:58.274Z,ZARA,"[""2420896""]",모두 보기,STANDARD_PRODUCT,FEMALE,https://www.zara.com/kr/ko/%E1%84%8F%E1%85%A9%E1%84%85%E1%85%B3%E1%84%89%E1%85%A6%E1%86%BA-%E1%84%89%E1%85%B3%E1%84%90%E1%85%A1%E1%84%8B%E1%85%B5%E1%86%AF-%E1%84%8F%E1%85%A9%E1%86%B7%E1%84%87%E1%85%B5-%E1%84%8B%E1%85%AF%E1%86%AB%E1%84%91%E1%85%B5%E1%84%89%E1%85%B3-p02892777.html,true,OFFICIAL_ZARA_KR_PRODUCT_SITEMAP
05868309,라이트 테크니컬 베스트,MAN,WAISTCOAT,ATH Tops,OUTER,https://www.zara.com/kr/ko/%E1%84%85%E1%85%A1%E1%84%8B%E1%85%B5%E1%84%90%E1%85%B3-%E1%84%90%E1%85%A6%E1%84%8F%E1%85%B3%E1%84%82%E1%85%B5%E1%84%8F%E1%85%A5%E1%86%AF-%E1%84%87%E1%85%A6%E1%84%89%E1%85%B3%E1%84%90%E1%85%B3-p05868309.html,PENDING_HUMAN_REVIEW,,,,false,ZARA_KR_MAN_05868309,5868/309,"[""남성 > ATHLETICZ / 26 1 18 1 > 컬렉션 > 모두 보기"",""남성 > 컬렉션 > 재킷 | 트렌치 코트 > 모두 보기""]",2026-08-24T22:40:58.274Z,ZARA,"[""2536906""]",모두 보기,STANDARD_PRODUCT,MALE,https://www.zara.com/kr/ko/%E1%84%85%E1%85%A1%E1%84%8B%E1%85%B5%E1%84%90%E1%85%B3-%E1%84%90%E1%85%A6%E1%84%8F%E1%85%B3%E1%84%82%E1%85%B5%E1%84%8F%E1%85%A5%E1%86%AF-%E1%84%87%E1%85%A6%E1%84%89%E1%85%B3%E1%84%90%E1%85%B3-p05868309.html,true,OFFICIAL_ZARA_KR_PRODUCT_SITEMAP
03046045,벌룬 페이크 레더 봄버 재킷,WOMAN,WIND-JACKET,B.SHORT-OUTWEAR,OUTER,https://www.zara.com/kr/ko/%E1%84%91%E1%85%A6%E1%84%8B%E1%85%B5%E1%84%8F%E1%85%B3-%E1%84%85%E1%85%A6%E1%84%83%E1%85%A5-%E1%84%87%E1%85%A5%E1%86%AF%E1%84%85%E1%85%AE%E1%86%AB-%E1%84%87%E1%85%A9%E1%86%B7%E1%84%87%E1%85%A5-%E1%84%8C%E1%85%A2%E1%84%8F%E1%85%B5%E1%86%BA-p03046045.html,PENDING_HUMAN_REVIEW,,,,false,ZARA_KR_WOMAN_03046045,3046/045,"[""여성 > 컬렉션 > 자켓 | 점퍼 > 모두 보기""]",2026-08-24T22:40:58.274Z,ZARA,"[""2417772""]",모두 보기,STANDARD_PRODUCT,FEMALE,https://www.zara.com/kr/ko/%E1%84%91%E1%85%A6%E1%84%8B%E1%85%B5%E1%84%8F%E1%85%B3-%E1%84%85%E1%85%A6%E1%84%83%E1%85%A5-%E1%84%87%E1%85%A5%E1%86%AF%E1%84%85%E1%85%AE%E1%86%AB-%E1%84%87%E1%85%A9%E1%86%B7%E1%84%87%E1%85%A5-%E1%84%8C%E1%85%A2%E1%84%8F%E1%85%B5%E1%86%BA-p03046045.html,true,OFFICIAL_ZARA_KR_PRODUCT_SITEMAP
06929260,플라워 리본 코르셋,WOMAN,SHIRT,T.SHIRT,SET_OR_MULTI_PIECE,https://www.zara.com/kr/ko/%E1%84%91%E1%85%B3%E1%86%AF%E1%84%85%E1%85%A1%E1%84%8B%E1%85%AF-%E1%84%85%E1%85%B5%E1%84%87%E1%85%A9%E1%86%AB-%E1%84%8F%E1%85%A9%E1%84%85%E1%85%B3%E1%84%89%E1%85%A6%E1%86%BA-p06929260.html,PENDING_HUMAN_REVIEW,,,,false,ZARA_KR_WOMAN_06929260,6929/260,"[""여성 > 컬렉션 > 토탈 룩 > 모두 보기""]",2026-08-24T22:40:58.274Z,ZARA,"[""2420285""]",모두 보기,STANDARD_PRODUCT,FEMALE,https://www.zara.com/kr/ko/%E1%84%91%E1%85%B3%E1%86%AF%E1%84%85%E1%85%A1%E1%84%8B%E1%85%AF-%E1%84%85%E1%85%B5%E1%84%87%E1%85%A9%E1%86%AB-%E1%84%8F%E1%85%A9%E1%84%85%E1%85%B3%E1%84%89%E1%85%A6%E1%86%BA-p06929260.html,true,OFFICIAL_ZARA_KR_PRODUCT_SITEMAP
06929424,루즈 미디 스커트,WOMAN,SKIRT,T.SKIRT,SKIRT,https://www.zara.com/kr/ko/%E1%84%85%E1%85%AE%E1%84%8C%E1%85%B3-%E1%84%86%E1%85%B5%E1%84%83%E1%85%B5-%E1%84%89%E1%85%B3%E1%84%8F%E1%85%A5%E1%84%90%E1%85%B3-p06929424.html,PENDING_HUMAN_REVIEW,,,,false,ZARA_KR_WOMAN_06929424,6929/424,"[""여성 > 컬렉션 > 스커트 > 모두 보기""]",2026-08-24T22:40:58.274Z,ZARA,"[""2420454""]",모두 보기,STANDARD_PRODUCT,FEMALE,https://www.zara.com/kr/ko/%E1%84%85%E1%85%AE%E1%84%8C%E1%85%B3-%E1%84%86%E1%85%B5%E1%84%83%E1%85%B5-%E1%84%89%E1%85%B3%E1%84%8F%E1%85%A5%E1%84%90%E1%85%B3-p06929424.html,true,OFFICIAL_ZARA_KR_PRODUCT_SITEMAP
08574406,스트라이프 미디엄 스윔팬츠,MAN,SWIMSUIT,Swimwear,SWIMWEAR,https://www.zara.com/kr/ko/%E1%84%89%E1%85%B3%E1%84%90%E1%85%B3%E1%84%85%E1%85%A1%E1%84%8B%E1%85%B5%E1%84%91%E1%85%B3-%E1%84%86%E1%85%B5%E1%84%83%E1%85%B5%E1%84%8B%E1%85%A5%E1%86%B7-%E1%84%89%E1%85%B3%E1%84%8B%E1%85%B1%E1%86%B7%E1%84%91%E1%85%A2%E1%86%AB%E1%84%8E%E1%85%B3-p08574406.html,PENDING_HUMAN_REVIEW,,,,false,ZARA_KR_MAN_08574406,8574/406,"[""남성 > 슈즈 | 액세서리 > 스윔웨어 > 모두 보기""]",2026-08-24T22:40:58.274Z,ZARA,"[""2576034""]",모두 보기,STANDARD_PRODUCT,MALE,https://www.zara.com/kr/ko/%E1%84%89%E1%85%B3%E1%84%90%E1%85%B3%E1%84%85%E1%85%A1%E1%84%8B%E1%85%B5%E1%84%91%E1%85%B3-%E1%84%86%E1%85%B5%E1%84%83%E1%85%B5%E1%84%8B%E1%85%A5%E1%86%B7-%E1%84%89%E1%85%B3%E1%84%8B%E1%85%B1%E1%86%B7%E1%84%91%E1%85%A2%E1%86%AB%E1%84%8E%E1%85%B3-p08574406.html,true,OFFICIAL_ZARA_KR_PRODUCT_SITEMAP
02910225,솔리드 셔링 비키니 탑,WOMAN,SWIMSUIT,BIKINI,SWIMWEAR,https://www.zara.com/kr/ko/%E1%84%89%E1%85%A9%E1%86%AF%E1%84%85%E1%85%B5%E1%84%83%E1%85%B3-%E1%84%89%E1%85%A7%E1%84%85%E1%85%B5%E1%86%BC-%E1%84%87%E1%85%B5%E1%84%8F%E1%85%B5%E1%84%82%E1%85%B5-%E1%84%90%E1%85%A1%E1%86%B8-p02910225.html,PENDING_HUMAN_REVIEW,,,,false,ZARA_KR_WOMAN_02910225,2910/225,"[""여성 > 컬렉션 > 스윔웨어 > 모두 보기""]",2026-08-24T22:40:58.274Z,ZARA,"[""2418954""]",모두 보기,STANDARD_PRODUCT,FEMALE,https://www.zara.com/kr/ko/%E1%84%89%E1%85%A9%E1%86%AF%E1%84%85%E1%85%B5%E1%84%83%E1%85%B3-%E1%84%89%E1%85%A7%E1%84%85%E1%85%B5%E1%86%BC-%E1%84%87%E1%85%B5%E1%84%8F%E1%85%B5%E1%84%82%E1%85%B5-%E1%84%90%E1%85%A1%E1%86%B8-p02910225.html,true,OFFICIAL_ZARA_KR_PRODUCT_SITEMAP
01195305,오버사이즈 옥스퍼드 셔츠,MAN,SHIRT,B. Summer Shirt,TOP,https://www.zara.com/kr/ko/%E1%84%8B%E1%85%A9%E1%84%87%E1%85%A5%E1%84%89%E1%85%A1%E1%84%8B%E1%85%B5%E1%84%8C%E1%85%B3-%E1%84%91%E1%85%B5%E1%86%BA-%E1%84%8B%E1%85%A9%E1%86%A8%E1%84%89%E1%85%B3%E1%84%91%E1%85%A5%E1%84%83%E1%85%B3-%E1%84%89%E1%85%A7%E1%84%8E%E1%85%B3-p01195305.html,PENDING_HUMAN_REVIEW,,,,false,ZARA_KR_MAN_01195305,1195/305,"[""남성 > 컬렉션 > 셔츠 > 모두 보기""]",2026-08-24T22:40:58.274Z,ZARA,"[""2431994""]",모두 보기,STANDARD_PRODUCT,MALE,https://www.zara.com/kr/ko/%E1%84%8B%E1%85%A9%E1%84%87%E1%85%A5%E1%84%89%E1%85%A1%E1%84%8B%E1%85%B5%E1%84%8C%E1%85%B3-%E1%84%91%E1%85%B5%E1%86%BA-%E1%84%8B%E1%85%A9%E1%86%A8%E1%84%89%E1%85%B3%E1%84%91%E1%85%A5%E1%84%83%E1%85%B3-%E1%84%89%E1%85%A7%E1%84%8E%E1%85%B3-p01195305.html,true,OFFICIAL_ZARA_KR_PRODUCT_SITEMAP
00264700,100% 면 버튼 셔츠,WOMAN,SHIRT,C. FANTASY T-SHIRT,TOP,https://www.zara.com/kr/ko/100-%E1%84%86%E1%85%A7%E1%86%AB-%E1%84%87%E1%85%A5%E1%84%90%E1%85%B3%E1%86%AB-%E1%84%89%E1%85%A7%E1%84%8E%E1%85%B3-p00264700.html,PENDING_HUMAN_REVIEW,,,,false,ZARA_KR_WOMAN_00264700,0264/700,"[""여성 > 컬렉션 > 셔츠 > 모두 보기""]",2026-08-24T22:40:58.274Z,ZARA,"[""2420369""]",모두 보기,STANDARD_PRODUCT,FEMALE,https://www.zara.com/kr/ko/100-%E1%84%86%E1%85%A7%E1%86%AB-%E1%84%87%E1%85%A5%E1%84%90%E1%85%B3%E1%86%AB-%E1%84%89%E1%85%A7%E1%84%8E%E1%85%B3-p00264700.html,true,OFFICIAL_ZARA_KR_PRODUCT_SITEMAP
01166301,베이직 박서 브리프 3팩,MAN,PANTY/UNDERPANT,Underwear,UNDERWEAR,https://www.zara.com/kr/ko/%E1%84%87%E1%85%A6%E1%84%8B%E1%85%B5%E1%84%8C%E1%85%B5%E1%86%A8-%E1%84%87%E1%85%A1%E1%86%A8%E1%84%89%E1%85%A5-%E1%84%87%E1%85%B3%E1%84%85%E1%85%B5%E1%84%91%E1%85%B3-3%E1%84%91%E1%85%A2%E1%86%A8-p01166301.html,PENDING_HUMAN_REVIEW,,,,false,ZARA_KR_MAN_01166301,1166/301,"[""남성 > 슈즈 | 액세서리 > 액세서리 > 브리프""]",2026-08-24T22:40:58.274Z,ZARA,"[""2436443""]",브리프,STANDARD_PRODUCT,MALE,https://www.zara.com/kr/ko/%E1%84%87%E1%85%A6%E1%84%8B%E1%85%B5%E1%84%8C%E1%85%B5%E1%86%A8-%E1%84%87%E1%85%A1%E1%86%A8%E1%84%89%E1%85%A5-%E1%84%87%E1%85%B3%E1%84%85%E1%85%B5%E1%84%91%E1%85%B3-3%E1%84%91%E1%85%A2%E1%86%A8-p01166301.html,true,OFFICIAL_ZARA_KR_PRODUCT_SITEMAP
00451148,CARAMEL LONDON X ZARA 포플린 탑,WOMAN,SHIRT,W.SHIRT,UNDERWEAR,https://www.zara.com/kr/ko/caramel-london-x-zara-%E1%84%91%E1%85%A9%E1%84%91%E1%85%B3%E1%86%AF%E1%84%85%E1%85%B5%E1%86%AB-%E1%84%90%E1%85%A1%E1%86%B8-p00451148.html,PENDING_HUMAN_REVIEW,,,,false,ZARA_KR_WOMAN_00451148,0451/148,"[""여성 > 컬렉션 > 란제리 > 모두 보기"",""여성 > 컬렉션 > 탑 > 모두 보기"",""여성 > 컬렉션 > 토탈 룩 > 모두 보기""]",2026-08-24T22:40:58.274Z,ZARA,"[""2419807""]",모두 보기,STANDARD_PRODUCT,FEMALE,https://www.zara.com/kr/ko/caramel-london-x-zara-%E1%84%91%E1%85%A9%E1%84%91%E1%85%B3%E1%86%AF%E1%84%85%E1%85%B5%E1%86%AB-%E1%84%90%E1%85%A1%E1%86%B8-p00451148.html,true,OFFICIAL_ZARA_KR_PRODUCT_SITEMAP
06045495,BAGGY FIT JEANS,MAN,TROUSERS,B. Pants Denim,BOTTOM,https://www.zara.com/kr/ko/baggy-fit-jeans-p06045495.html,PENDING_HUMAN_REVIEW,,,,false,ZARA_KR_MAN_06045495,6045/495,"[""남성 > 컬렉션 > 데님팬츠 > 모두 보기"",""남성 > 컬렉션 > 베스트셀러 > 모두 보기""]",2026-08-24T22:40:58.274Z,ZARA,"[""2432131""]",모두 보기,STANDARD_PRODUCT,MALE,https://www.zara.com/kr/ko/baggy-fit-jeans-p06045495.html,true,OFFICIAL_ZARA_KR_PRODUCT_SITEMAP
03897123,크로스 파레오 팬츠,WOMAN,SKIRT,B.SKIRT,BOTTOM,https://www.zara.com/kr/ko/%E1%84%8F%E1%85%B3%E1%84%85%E1%85%A9%E1%84%89%E1%85%B3-%E1%84%91%E1%85%A1%E1%84%85%E1%85%A6%E1%84%8B%E1%85%A9-%E1%84%91%E1%85%A2%E1%86%AB%E1%84%8E%E1%85%B3-p03897123.html,PENDING_HUMAN_REVIEW,,,,false,ZARA_KR_WOMAN_03897123,3897/123,"[""여성 > 컬렉션 > 토탈 룩 > 모두 보기"",""여성 > 컬렉션 > 팬츠 > 모두 보기""]",2026-08-24T22:40:58.274Z,ZARA,"[""2420795""]",모두 보기,STANDARD_PRODUCT,FEMALE,https://www.zara.com/kr/ko/%E1%84%8F%E1%85%B3%E1%84%85%E1%85%A9%E1%84%89%E1%85%B3-%E1%84%91%E1%85%A1%E1%84%85%E1%85%A6%E1%84%8B%E1%85%A9-%E1%84%91%E1%85%A2%E1%86%AB%E1%84%8E%E1%85%B3-p03897123.html,true,OFFICIAL_ZARA_KR_PRODUCT_SITEMAP
04786703,링클 페이크 스트랩 원피스,WOMAN,DRESS,VESTIDO,DRESS,https://www.zara.com/kr/ko/%E1%84%85%E1%85%B5%E1%86%BC%E1%84%8F%E1%85%B3%E1%86%AF-%E1%84%8B%E1%85%B5%E1%84%91%E1%85%A6%E1%86%A8%E1%84%90%E1%85%B3-%E1%84%89%E1%85%B3%E1%84%90%E1%85%B3%E1%84%85%E1%85%A2%E1%86%B8-%E1%84%8B%E1%85%AF%E1%86%AB%E1%84%91%E1%85%B5%E1%84%89%E1%85%B3-p04786703.html,PENDING_HUMAN_REVIEW,,,,false,ZARA_KR_WOMAN_04786703,4786/703,"[""여성 > 컬렉션 > 란제리 > 모두 보기"",""여성 > 컬렉션 > 원피스 > 모두 보기""]",2026-08-24T22:40:58.274Z,ZARA,"[""2420896""]",모두 보기,STANDARD_PRODUCT,FEMALE,https://www.zara.com/kr/ko/%E1%84%85%E1%85%B5%E1%86%BC%E1%84%8F%E1%85%B3%E1%86%AF-%E1%84%8B%E1%85%B5%E1%84%91%E1%85%A6%E1%86%A8%E1%84%90%E1%85%B3-%E1%84%89%E1%85%B3%E1%84%90%E1%85%B3%E1%84%85%E1%85%A2%E1%86%B8-%E1%84%8B%E1%85%AF%E1%86%AB%E1%84%91%E1%85%B5%E1%84%89%E1%85%B3-p04786703.html,true,OFFICIAL_ZARA_KR_PRODUCT_SITEMAP
04302500,경량 워터 프루프 패딩 베스트,MAN,WAISTCOAT,Vest,OUTER,https://www.zara.com/kr/ko/%E1%84%80%E1%85%A7%E1%86%BC%E1%84%85%E1%85%A3%E1%86%BC-%E1%84%8B%E1%85%AF%E1%84%90%E1%85%A5-%E1%84%91%E1%85%B3%E1%84%85%E1%85%AE%E1%84%91%E1%85%B3-%E1%84%91%E1%85%A2%E1%84%83%E1%85%B5%E1%86%BC-%E1%84%87%E1%85%A6%E1%84%89%E1%85%B3%E1%84%90%E1%85%B3-p04302500.html,PENDING_HUMAN_REVIEW,,,,false,ZARA_KR_MAN_04302500,4302/500,"[""남성 > 컬렉션 > 재킷 | 트렌치 코트 > 모두 보기""]",2026-08-24T22:40:58.274Z,ZARA,"[""2536906""]",모두 보기,STANDARD_PRODUCT,MALE,https://www.zara.com/kr/ko/%E1%84%80%E1%85%A7%E1%86%BC%E1%84%85%E1%85%A3%E1%86%BC-%E1%84%8B%E1%85%AF%E1%84%90%E1%85%A5-%E1%84%91%E1%85%B3%E1%84%85%E1%85%AE%E1%84%91%E1%85%B3-%E1%84%91%E1%85%A2%E1%84%83%E1%85%B5%E1%86%BC-%E1%84%87%E1%85%A6%E1%84%89%E1%85%B3%E1%84%90%E1%85%B3-p04302500.html,true,OFFICIAL_ZARA_KR_PRODUCT_SITEMAP
04391853,페이크 레더 봄버 재킷,WOMAN,WIND-JACKET,T.SHORT-OUTWEAR,OUTER,https://www.zara.com/kr/ko/%E1%84%91%E1%85%A6%E1%84%8B%E1%85%B5%E1%84%8F%E1%85%B3-%E1%84%85%E1%85%A6%E1%84%83%E1%85%A5-%E1%84%87%E1%85%A9%E1%86%B7%E1%84%87%E1%85%A5-%E1%84%8C%E1%85%A2%E1%84%8F%E1%85%B5%E1%86%BA-p04391853.html,PENDING_HUMAN_REVIEW,,,,false,ZARA_KR_WOMAN_04391853,4391/853,"[""여성 > 컬렉션 > 자켓 | 점퍼 > 모두 보기""]",2026-08-24T22:40:58.274Z,ZARA,"[""2417772""]",모두 보기,STANDARD_PRODUCT,FEMALE,https://www.zara.com/kr/ko/%E1%84%91%E1%85%A6%E1%84%8B%E1%85%B5%E1%84%8F%E1%85%B3-%E1%84%85%E1%85%A6%E1%84%83%E1%85%A5-%E1%84%87%E1%85%A9%E1%86%B7%E1%84%87%E1%85%A5-%E1%84%8C%E1%85%A2%E1%84%8F%E1%85%B5%E1%86%BA-p04391853.html,true,OFFICIAL_ZARA_KR_PRODUCT_SITEMAP
05107250,ZW 컬렉션 자수 레이스 셔츠,WOMAN,SHIRT,W.SHIRT,SET_OR_MULTI_PIECE,https://www.zara.com/kr/ko/zw-%E1%84%8F%E1%85%A5%E1%86%AF%E1%84%85%E1%85%A6%E1%86%A8%E1%84%89%E1%85%A7%E1%86%AB-%E1%84%8C%E1%85%A1%E1%84%89%E1%85%AE-%E1%84%85%E1%85%A6%E1%84%8B%E1%85%B5%E1%84%89%E1%85%B3-%E1%84%89%E1%85%A7%E1%84%8E%E1%85%B3-p05107250.html,PENDING_HUMAN_REVIEW,,,,false,ZARA_KR_WOMAN_05107250,5107/250,"[""여성 > 컬렉션 > 토탈 룩 > 모두 보기""]",2026-08-24T22:40:58.274Z,ZARA,"[""2420285""]",모두 보기,STANDARD_PRODUCT,FEMALE,https://www.zara.com/kr/ko/zw-%E1%84%8F%E1%85%A5%E1%86%AF%E1%84%85%E1%85%A6%E1%86%A8%E1%84%89%E1%85%A7%E1%86%AB-%E1%84%8C%E1%85%A1%E1%84%89%E1%85%AE-%E1%84%85%E1%85%A6%E1%84%8B%E1%85%B5%E1%84%89%E1%85%B3-%E1%84%89%E1%85%A7%E1%84%8E%E1%85%B3-p05107250.html,true,OFFICIAL_ZARA_KR_PRODUCT_SITEMAP
02507246,ZW 컬렉션 벨트 미디 스커트,WOMAN,SKIRT,W.SKIRT,SKIRT,https://www.zara.com/kr/ko/zw-%E1%84%8F%E1%85%A5%E1%86%AF%E1%84%85%E1%85%A6%E1%86%A8%E1%84%89%E1%85%A7%E1%86%AB-%E1%84%87%E1%85%A6%E1%86%AF%E1%84%90%E1%85%B3-%E1%84%86%E1%85%B5%E1%84%83%E1%85%B5-%E1%84%89%E1%85%B3%E1%84%8F%E1%85%A5%E1%84%90%E1%85%B3-p02507246.html,PENDING_HUMAN_REVIEW,,,,false,ZARA_KR_WOMAN_02507246,2507/246,"[""여성 > 신상품 > THE NEW"",""여성 > 컬렉션 > 스커트 > 모두 보기""]",2026-08-24T22:40:58.274Z,ZARA,"[""2420454""]",THE NEW,STANDARD_PRODUCT,FEMALE,https://www.zara.com/kr/ko/zw-%E1%84%8F%E1%85%A5%E1%86%AF%E1%84%85%E1%85%A6%E1%86%A8%E1%84%89%E1%85%A7%E1%86%AB-%E1%84%87%E1%85%A6%E1%86%AF%E1%84%90%E1%85%B3-%E1%84%86%E1%85%B5%E1%84%83%E1%85%B5-%E1%84%89%E1%85%B3%E1%84%8F%E1%85%A5%E1%84%90%E1%85%B3-p02507246.html,true,OFFICIAL_ZARA_KR_PRODUCT_SITEMAP
00495325,슬립 스윔팬츠,MAN,SWIMSUIT,Swimwear,SWIMWEAR,https://www.zara.com/kr/ko/%E1%84%8F%E1%85%A5%E1%86%AF%E1%84%85%E1%85%A5-%E1%84%87%E1%85%B3%E1%86%AF%E1%84%85%E1%85%A9%E1%86%A8-%E1%84%89%E1%85%B3%E1%86%AF%E1%84%85%E1%85%B5%E1%86%B8-%E1%84%89%E1%85%B3%E1%84%8B%E1%85%B1%E1%86%B7%E1%84%89%E1%85%AE%E1%84%90%E1%85%B3-p00495325.html,PENDING_HUMAN_REVIEW,,,,false,ZARA_KR_MAN_00495325,0495/325,"[""남성 > 슈즈 | 액세서리 > 스윔웨어 > 모두 보기""]",2026-08-24T22:40:58.274Z,ZARA,"[""2576034""]",모두 보기,STANDARD_PRODUCT,MALE,https://www.zara.com/kr/ko/%E1%84%8F%E1%85%A5%E1%86%AF%E1%84%85%E1%85%A5-%E1%84%87%E1%85%B3%E1%86%AF%E1%84%85%E1%85%A9%E1%86%A8-%E1%84%89%E1%85%B3%E1%86%AF%E1%84%85%E1%85%B5%E1%86%B8-%E1%84%89%E1%85%B3%E1%84%8B%E1%85%B1%E1%86%B7%E1%84%89%E1%85%AE%E1%84%90%E1%85%B3-p00495325.html,true,OFFICIAL_ZARA_KR_PRODUCT_SITEMAP
02910217,애니멀 프린트 스윔수트,WOMAN,SWIMSUIT,SWIMSUIT BIKINI,SWIMWEAR,https://www.zara.com/kr/ko/%E1%84%8B%E1%85%A2%E1%84%82%E1%85%B5%E1%84%86%E1%85%A5%E1%86%AF-%E1%84%91%E1%85%B3%E1%84%85%E1%85%B5%E1%86%AB%E1%84%90%E1%85%B3-%E1%84%89%E1%85%B3%E1%84%8B%E1%85%B1%E1%86%B7%E1%84%89%E1%85%AE%E1%84%90%E1%85%B3-p02910217.html,PENDING_HUMAN_REVIEW,,,,false,ZARA_KR_WOMAN_02910217,2910/217,"[""여성 > 컬렉션 > 스윔웨어 > 모두 보기""]",2026-08-24T22:40:58.274Z,ZARA,"[""2418954""]",모두 보기,STANDARD_PRODUCT,FEMALE,https://www.zara.com/kr/ko/%E1%84%8B%E1%85%A2%E1%84%82%E1%85%B5%E1%84%86%E1%85%A5%E1%86%AF-%E1%84%91%E1%85%B3%E1%84%85%E1%85%B5%E1%86%AB%E1%84%90%E1%85%B3-%E1%84%89%E1%85%B3%E1%84%8B%E1%85%B1%E1%86%B7%E1%84%89%E1%85%AE%E1%84%90%E1%85%B3-p02910217.html,true,OFFICIAL_ZARA_KR_PRODUCT_SITEMAP
06085300,체크 텍스트 프린트 릴렉스핏 셔츠,MAN,SHIRT,F. Shirt,TOP,https://www.zara.com/kr/ko/%E1%84%8E%E1%85%A6%E1%84%8F%E1%85%B3-%E1%84%90%E1%85%A6%E1%86%A8%E1%84%89%E1%85%B3%E1%84%90%E1%85%B3-%E1%84%91%E1%85%B3%E1%84%85%E1%85%B5%E1%86%AB%E1%84%90%E1%85%B3-%E1%84%85%E1%85%B5%E1%86%AF%E1%84%85%E1%85%A6%E1%86%A8%E1%84%89%E1%85%B3%E1%84%91%E1%85%B5%E1%86%BA-%E1%84%89%E1%85%A7%E1%84%8E%E1%85%B3-p06085300.html,PENDING_HUMAN_REVIEW,,,,false,ZARA_KR_MAN_06085300,6085/300,"[""남성 > 컬렉션 > 셔츠 > 모두 보기""]",2026-08-24T22:40:58.274Z,ZARA,"[""2431994""]",모두 보기,STANDARD_PRODUCT,MALE,https://www.zara.com/kr/ko/%E1%84%8E%E1%85%A6%E1%84%8F%E1%85%B3-%E1%84%90%E1%85%A6%E1%86%A8%E1%84%89%E1%85%B3%E1%84%90%E1%85%B3-%E1%84%91%E1%85%B3%E1%84%85%E1%85%B5%E1%86%AB%E1%84%90%E1%85%B3-%E1%84%85%E1%85%B5%E1%86%AF%E1%84%85%E1%85%A6%E1%86%A8%E1%84%89%E1%85%B3%E1%84%91%E1%85%B5%E1%86%BA-%E1%84%89%E1%85%A7%E1%84%8E%E1%85%B3-p06085300.html,true,OFFICIAL_ZARA_KR_PRODUCT_SITEMAP
07850217,SLVLSS FLWRS SHRT,WOMAN,SHIRT,ST. CAMISA,TOP,https://www.zara.com/kr/ko/slvlss-flwrs-shrt-p07850217.html,PENDING_HUMAN_REVIEW,,,,false,ZARA_KR_WOMAN_07850217,7850/217,"[""여성 > 컬렉션 > 셔츠 > 모두 보기""]",2026-08-24T22:40:58.274Z,ZARA,"[""2420369""]",모두 보기,STANDARD_PRODUCT,FEMALE,https://www.zara.com/kr/ko/slvlss-flwrs-shrt-p07850217.html,true,OFFICIAL_ZARA_KR_PRODUCT_SITEMAP
04442331,소프트 박서 브리프 3팩,MAN,PANTY/UNDERPANT,Underwear,UNDERWEAR,https://www.zara.com/kr/ko/%E1%84%89%E1%85%A9%E1%84%91%E1%85%B3%E1%84%90%E1%85%B3-%E1%84%87%E1%85%A1%E1%86%A8%E1%84%89%E1%85%A5-%E1%84%87%E1%85%B3%E1%84%85%E1%85%B5%E1%84%91%E1%85%B3-3%E1%84%8C%E1%85%A1%E1%86%BC-%E1%84%89%E1%85%A6%E1%84%90%E1%85%B3-p04442331.html,PENDING_HUMAN_REVIEW,,,,false,ZARA_KR_MAN_04442331,4442/331,"[""남성 > 슈즈 | 액세서리 > 액세서리 > 브리프""]",2026-08-24T22:40:58.274Z,ZARA,"[""2436443""]",브리프,STANDARD_PRODUCT,MALE,https://www.zara.com/kr/ko/%E1%84%89%E1%85%A9%E1%84%91%E1%85%B3%E1%84%90%E1%85%B3-%E1%84%87%E1%85%A1%E1%86%A8%E1%84%89%E1%85%A5-%E1%84%87%E1%85%B3%E1%84%85%E1%85%B5%E1%84%91%E1%85%B3-3%E1%84%8C%E1%85%A1%E1%86%BC-%E1%84%89%E1%85%A6%E1%84%90%E1%85%B3-p04442331.html,true,OFFICIAL_ZARA_KR_PRODUCT_SITEMAP
01223107,미니 안감 스커트,WOMAN,SKIRT,L. SKIRT,UNDERWEAR,https://www.zara.com/kr/ko/%E1%84%86%E1%85%B5%E1%84%82%E1%85%B5-%E1%84%85%E1%85%A9%E1%84%8B%E1%85%AE%E1%84%85%E1%85%A1%E1%84%8B%E1%85%B5%E1%84%8C%E1%85%B3-%E1%84%89%E1%85%B3%E1%84%8F%E1%85%A5%E1%84%90%E1%85%B3-p01223107.html,PENDING_HUMAN_REVIEW,,,,false,ZARA_KR_WOMAN_01223107,1223/107,"[""여성 > 컬렉션 > 란제리 > 모두 보기""]",2026-08-24T22:40:58.274Z,ZARA,"[""2419807""]",모두 보기,STANDARD_PRODUCT,FEMALE,https://www.zara.com/kr/ko/%E1%84%86%E1%85%B5%E1%84%82%E1%85%B5-%E1%84%85%E1%85%A9%E1%84%8B%E1%85%AE%E1%84%85%E1%85%A1%E1%84%8B%E1%85%B5%E1%84%8C%E1%85%B3-%E1%84%89%E1%85%B3%E1%84%8F%E1%85%A5%E1%84%90%E1%85%B3-p01223107.html,true,OFFICIAL_ZARA_KR_PRODUCT_SITEMAP
00706650,컴포트 스트럭처 치노 팬츠,MAN,TROUSERS,B. Pants Rest,BOTTOM,https://www.zara.com/kr/ko/%E1%84%8F%E1%85%A5%E1%86%B7%E1%84%91%E1%85%A9%E1%84%90%E1%85%B3-%E1%84%89%E1%85%B3%E1%84%90%E1%85%B3%E1%84%85%E1%85%A5%E1%86%A8%E1%84%8E%E1%85%A5-%E1%84%8E%E1%85%B5%E1%84%82%E1%85%A9-%E1%84%91%E1%85%A2%E1%86%AB%E1%84%8E%E1%85%B3-p00706650.html,PENDING_HUMAN_REVIEW,,,,false,ZARA_KR_MAN_00706650,0706/650,"[""남성 > SALE > 모두 보기 > 모두 보기"",""남성 > 컬렉션 > 베스트셀러 > 모두 보기"",""남성 > 컬렉션 > 팬츠 > 모두 보기""]",2026-08-24T22:40:58.274Z,ZARA,"[""2432096""]",모두 보기,STANDARD_PRODUCT,MALE,https://www.zara.com/kr/ko/%E1%84%8F%E1%85%A5%E1%86%B7%E1%84%91%E1%85%A9%E1%84%90%E1%85%B3-%E1%84%89%E1%85%B3%E1%84%90%E1%85%B3%E1%84%85%E1%85%A5%E1%86%A8%E1%84%8E%E1%85%A5-%E1%84%8E%E1%85%B5%E1%84%82%E1%85%A9-%E1%84%91%E1%85%A2%E1%86%AB%E1%84%8E%E1%85%B3-p00706650.html,true,OFFICIAL_ZARA_KR_PRODUCT_SITEMAP
02910227,스트라이프 패턴 튤 파레오 팬츠,WOMAN,TOPS AND OTHERS,Acce Cloth Fold,BOTTOM,https://www.zara.com/kr/ko/%E1%84%89%E1%85%B3%E1%84%90%E1%85%B3%E1%84%85%E1%85%A1%E1%84%8B%E1%85%B5%E1%84%91%E1%85%B3-%E1%84%91%E1%85%A2%E1%84%90%E1%85%A5%E1%86%AB-%E1%84%90%E1%85%B2%E1%86%AF-%E1%84%91%E1%85%A1%E1%84%85%E1%85%A6%E1%84%8B%E1%85%A9-%E1%84%91%E1%85%A2%E1%86%AB%E1%84%8E%E1%85%B3-p02910227.html,PENDING_HUMAN_REVIEW,,,,false,ZARA_KR_WOMAN_02910227,2910/227,"[""여성 > 컬렉션 > 팬츠 > 모두 보기""]",2026-08-24T22:40:58.274Z,ZARA,"[""2420795""]",모두 보기,STANDARD_PRODUCT,FEMALE,https://www.zara.com/kr/ko/%E1%84%89%E1%85%B3%E1%84%90%E1%85%B3%E1%84%85%E1%85%A1%E1%84%8B%E1%85%B5%E1%84%91%E1%85%B3-%E1%84%91%E1%85%A2%E1%84%90%E1%85%A5%E1%86%AB-%E1%84%90%E1%85%B2%E1%86%AF-%E1%84%91%E1%85%A1%E1%84%85%E1%85%A6%E1%84%8B%E1%85%A9-%E1%84%91%E1%85%A2%E1%86%AB%E1%84%8E%E1%85%B3-p02910227.html,true,OFFICIAL_ZARA_KR_PRODUCT_SITEMAP
05344242,ZW 컬렉션 시퀸 캐미솔 원피스,WOMAN,DRESS,W.DRESS,DRESS,https://www.zara.com/kr/ko/zw-%E1%84%8F%E1%85%A5%E1%86%AF%E1%84%85%E1%85%A6%E1%86%A8%E1%84%89%E1%85%A7%E1%86%AB-%E1%84%89%E1%85%B5%E1%84%8F%E1%85%B1%E1%86%AB-%E1%84%8F%E1%85%A2%E1%84%86%E1%85%B5%E1%84%89%E1%85%A9%E1%86%AF-%E1%84%8B%E1%85%AF%E1%86%AB%E1%84%91%E1%85%B5%E1%84%89%E1%85%B3-p05344242.html,PENDING_HUMAN_REVIEW,,,,false,ZARA_KR_WOMAN_05344242,5344/242,"[""여성 > 컬렉션 > 원피스 > 모두 보기""]",2026-08-24T22:40:58.274Z,ZARA,"[""2420896""]",모두 보기,STANDARD_PRODUCT,FEMALE,https://www.zara.com/kr/ko/zw-%E1%84%8F%E1%85%A5%E1%86%AF%E1%84%85%E1%85%A6%E1%86%A8%E1%84%89%E1%85%A7%E1%86%AB-%E1%84%89%E1%85%B5%E1%84%8F%E1%85%B1%E1%86%AB-%E1%84%8F%E1%85%A2%E1%84%86%E1%85%B5%E1%84%89%E1%85%A9%E1%86%AF-%E1%84%8B%E1%85%AF%E1%86%AB%E1%84%91%E1%85%B5%E1%84%89%E1%85%B3-p05344242.html,true,OFFICIAL_ZARA_KR_PRODUCT_SITEMAP
03286301,테크니컬 윈드브레이커 재킷,MAN,WIND-JACKET,ATH Tops,OUTER,https://www.zara.com/kr/ko/%E1%84%90%E1%85%A6%E1%84%8F%E1%85%B3%E1%84%82%E1%85%B5%E1%84%8F%E1%85%A5%E1%86%AF-%E1%84%8B%E1%85%B1%E1%86%AB%E1%84%83%E1%85%B3%E1%84%87%E1%85%B3%E1%84%85%E1%85%A6%E1%84%8B%E1%85%B5%E1%84%8F%E1%85%A5-%E1%84%8C%E1%85%A2%E1%84%8F%E1%85%B5%E1%86%BA-p03286301.html,PENDING_HUMAN_REVIEW,,,,false,ZARA_KR_MAN_03286301,3286/301,"[""남성 > ATHLETICZ / 26 1 18 1 > 컬렉션 > 모두 보기"",""남성 > 컬렉션 > 재킷 | 트렌치 코트 > 모두 보기""]",2026-08-24T22:40:58.274Z,ZARA,"[""2536906""]",모두 보기,STANDARD_PRODUCT,MALE,https://www.zara.com/kr/ko/%E1%84%90%E1%85%A6%E1%84%8F%E1%85%B3%E1%84%82%E1%85%B5%E1%84%8F%E1%85%A5%E1%86%AF-%E1%84%8B%E1%85%B1%E1%86%AB%E1%84%83%E1%85%B3%E1%84%87%E1%85%B3%E1%84%85%E1%85%A6%E1%84%8B%E1%85%B5%E1%84%8F%E1%85%A5-%E1%84%8C%E1%85%A2%E1%84%8F%E1%85%B5%E1%86%BA-p03286301.html,true,OFFICIAL_ZARA_KR_PRODUCT_SITEMAP
05247049,ZW 컬렉션 봄버 재킷,WOMAN,WIND-JACKET,W.BLAZER,OUTER,https://www.zara.com/kr/ko/zw-%E1%84%8F%E1%85%A5%E1%86%AF%E1%84%85%E1%85%A6%E1%86%A8%E1%84%89%E1%85%A7%E1%86%AB-%E1%84%87%E1%85%A9%E1%86%B7%E1%84%87%E1%85%A5-%E1%84%8C%E1%85%A2%E1%84%8F%E1%85%B5%E1%86%BA-p05247049.html,PENDING_HUMAN_REVIEW,,,,false,ZARA_KR_WOMAN_05247049,5247/049,"[""여성 > 신상품 > THE NEW"",""여성 > 컬렉션 > 자켓 | 점퍼 > 모두 보기""]",2026-08-24T22:40:58.274Z,ZARA,"[""2417772""]",THE NEW,STANDARD_PRODUCT,FEMALE,https://www.zara.com/kr/ko/zw-%E1%84%8F%E1%85%A5%E1%86%AF%E1%84%85%E1%85%A6%E1%86%A8%E1%84%89%E1%85%A7%E1%86%AB-%E1%84%87%E1%85%A9%E1%86%B7%E1%84%87%E1%85%A5-%E1%84%8C%E1%85%A2%E1%84%8F%E1%85%B5%E1%86%BA-p05247049.html,true,OFFICIAL_ZARA_KR_PRODUCT_SITEMAP
08912741,미니 매듭 스커트 팬츠,WOMAN,SKIRT,B.SKIRT,SET_OR_MULTI_PIECE,https://www.zara.com/kr/ko/%E1%84%86%E1%85%A2%E1%84%83%E1%85%B3%E1%86%B8-%E1%84%86%E1%85%B5%E1%84%82%E1%85%B5-%E1%84%89%E1%85%B3%E1%84%8F%E1%85%A5%E1%84%90%E1%85%B3-%E1%84%91%E1%85%A2%E1%86%AB%E1%84%8E%E1%85%B3-p08912741.html,PENDING_HUMAN_REVIEW,,,,false,ZARA_KR_WOMAN_08912741,8912/741,"[""여성 > 컬렉션 > 토탈 룩 > 모두 보기""]",2026-08-24T22:40:58.274Z,ZARA,"[""2420285""]",모두 보기,STANDARD_PRODUCT,FEMALE,https://www.zara.com/kr/ko/%E1%84%86%E1%85%A2%E1%84%83%E1%85%B3%E1%86%B8-%E1%84%86%E1%85%B5%E1%84%82%E1%85%B5-%E1%84%89%E1%85%B3%E1%84%8F%E1%85%A5%E1%84%90%E1%85%B3-%E1%84%91%E1%85%A2%E1%86%AB%E1%84%8E%E1%85%B3-p08912741.html,true,OFFICIAL_ZARA_KR_PRODUCT_SITEMAP
07916827,로맨틱 레이스 스커트 팬츠,WOMAN,BERMUDA,B.BERMUDAS,SKIRT,https://www.zara.com/kr/ko/%E1%84%85%E1%85%A9%E1%84%86%E1%85%A2%E1%86%AB%E1%84%90%E1%85%B5%E1%86%A8-%E1%84%85%E1%85%A6%E1%84%8B%E1%85%B5%E1%84%89%E1%85%B3-%E1%84%89%E1%85%B3%E1%84%8F%E1%85%A5%E1%84%90%E1%85%B3-%E1%84%91%E1%85%A2%E1%86%AB%E1%84%8E%E1%85%B3-p07916827.html,PENDING_HUMAN_REVIEW,,,,false,ZARA_KR_WOMAN_07916827,7916/827,"[""여성 > 컬렉션 > 스커트 > 모두 보기"",""여성 > 컬렉션 > 토탈 룩 > 모두 보기""]",2026-08-24T22:40:58.274Z,ZARA,"[""2420454""]",모두 보기,STANDARD_PRODUCT,FEMALE,https://www.zara.com/kr/ko/%E1%84%85%E1%85%A9%E1%84%86%E1%85%A2%E1%86%AB%E1%84%90%E1%85%B5%E1%86%A8-%E1%84%85%E1%85%A6%E1%84%8B%E1%85%B5%E1%84%89%E1%85%B3-%E1%84%89%E1%85%B3%E1%84%8F%E1%85%A5%E1%84%90%E1%85%B3-%E1%84%91%E1%85%A2%E1%86%AB%E1%84%8E%E1%85%B3-p07916827.html,true,OFFICIAL_ZARA_KR_PRODUCT_SITEMAP
02634305,스트라이프 미디 스윔팬츠,MAN,SWIMSUIT,Swimwear,SWIMWEAR,https://www.zara.com/kr/ko/%E1%84%89%E1%85%B3%E1%84%90%E1%85%B3%E1%84%85%E1%85%A1%E1%84%8B%E1%85%B5%E1%84%91%E1%85%B3-%E1%84%86%E1%85%B5%E1%84%83%E1%85%B5-%E1%84%89%E1%85%B3%E1%84%8B%E1%85%B1%E1%86%B7%E1%84%91%E1%85%A2%E1%86%AB%E1%84%8E%E1%85%B3-p02634305.html,PENDING_HUMAN_REVIEW,,,,false,ZARA_KR_MAN_02634305,2634/305,"[""남성 > 슈즈 | 액세서리 > 스윔웨어 > 모두 보기""]",2026-08-24T22:40:58.274Z,ZARA,"[""2576034""]",모두 보기,STANDARD_PRODUCT,MALE,https://www.zara.com/kr/ko/%E1%84%89%E1%85%B3%E1%84%90%E1%85%B3%E1%84%85%E1%85%A1%E1%84%8B%E1%85%B5%E1%84%91%E1%85%B3-%E1%84%86%E1%85%B5%E1%84%83%E1%85%B5-%E1%84%89%E1%85%B3%E1%84%8B%E1%85%B1%E1%86%B7%E1%84%91%E1%85%A2%E1%86%AB%E1%84%8E%E1%85%B3-p02634305.html,true,OFFICIAL_ZARA_KR_PRODUCT_SITEMAP
02856905,BKN BTTM,WOMAN,SWIMSUIT,BIKINI,SWIMWEAR,https://www.zara.com/kr/ko/bkn-bttm-p02856905.html,PENDING_HUMAN_REVIEW,,,,false,ZARA_KR_WOMAN_02856905,2856/905,"[""여성 > 컬렉션 > 스윔웨어 > 모두 보기""]",2026-08-24T22:40:58.274Z,ZARA,"[""2418954""]",모두 보기,STANDARD_PRODUCT,FEMALE,https://www.zara.com/kr/ko/bkn-bttm-p02856905.html,true,OFFICIAL_ZARA_KR_PRODUCT_SITEMAP
03911111,앱스트랙트 프린트 플루이드 셔츠,MAN,SHIRT,F. Summer Shirt,TOP,https://www.zara.com/kr/ko/%E1%84%8B%E1%85%A2%E1%86%B8%E1%84%89%E1%85%B3%E1%84%90%E1%85%B3%E1%84%85%E1%85%A2%E1%86%A8%E1%84%90%E1%85%B3-%E1%84%91%E1%85%B3%E1%84%85%E1%85%B5%E1%86%AB%E1%84%90%E1%85%B3-%E1%84%91%E1%85%B3%E1%86%AF%E1%84%85%E1%85%AE%E1%84%8B%E1%85%B5%E1%84%83%E1%85%B3-%E1%84%89%E1%85%A7%E1%84%8E%E1%85%B3-p03911111.html,PENDING_HUMAN_REVIEW,,,,false,ZARA_KR_MAN_03911111,3911/111,"[""남성 > 컬렉션 > 셔츠 > 모두 보기""]",2026-08-24T22:40:58.274Z,ZARA,"[""2431994""]",모두 보기,STANDARD_PRODUCT,MALE,https://www.zara.com/kr/ko/%E1%84%8B%E1%85%A2%E1%86%B8%E1%84%89%E1%85%B3%E1%84%90%E1%85%B3%E1%84%85%E1%85%A2%E1%86%A8%E1%84%90%E1%85%B3-%E1%84%91%E1%85%B3%E1%84%85%E1%85%B5%E1%86%AB%E1%84%90%E1%85%B3-%E1%84%91%E1%85%B3%E1%86%AF%E1%84%85%E1%85%AE%E1%84%8B%E1%85%B5%E1%84%83%E1%85%B3-%E1%84%89%E1%85%A7%E1%84%8E%E1%85%B3-p03911111.html,true,OFFICIAL_ZARA_KR_PRODUCT_SITEMAP
05252262,TRF 지퍼 데님 셔츠,WOMAN,SHIRT,T.FOLDER SHIRT,TOP,https://www.zara.com/kr/ko/trf-%E1%84%8C%E1%85%B5%E1%84%91%E1%85%A5-%E1%84%83%E1%85%A6%E1%84%82%E1%85%B5%E1%86%B7-%E1%84%89%E1%85%A7%E1%84%8E%E1%85%B3-p05252262.html,PENDING_HUMAN_REVIEW,,,,false,ZARA_KR_WOMAN_05252262,5252/262,"[""여성 > 컬렉션 > 셔츠 > 모두 보기""]",2026-08-24T22:40:58.274Z,ZARA,"[""2420369""]",모두 보기,STANDARD_PRODUCT,FEMALE,https://www.zara.com/kr/ko/trf-%E1%84%8C%E1%85%B5%E1%84%91%E1%85%A5-%E1%84%83%E1%85%A6%E1%84%82%E1%85%B5%E1%86%B7-%E1%84%89%E1%85%A7%E1%84%8E%E1%85%B3-p05252262.html,true,OFFICIAL_ZARA_KR_PRODUCT_SITEMAP
04442321,소프트 박서 브리프 3팩,MAN,PANTY/UNDERPANT,Underwear,UNDERWEAR,https://www.zara.com/kr/ko/%E1%84%89%E1%85%A9%E1%84%91%E1%85%B3%E1%84%90%E1%85%B3-%E1%84%87%E1%85%A1%E1%86%A8%E1%84%89%E1%85%A5-%E1%84%87%E1%85%B3%E1%84%85%E1%85%B5%E1%84%91%E1%85%B3-3%E1%84%91%E1%85%A2%E1%86%A8-p04442321.html,PENDING_HUMAN_REVIEW,,,,false,ZARA_KR_MAN_04442321,4442/321,"[""남성 > 슈즈 | 액세서리 > 액세서리 > 브리프""]",2026-08-24T22:40:58.274Z,ZARA,"[""2436443""]",브리프,STANDARD_PRODUCT,MALE,https://www.zara.com/kr/ko/%E1%84%89%E1%85%A9%E1%84%91%E1%85%B3%E1%84%90%E1%85%B3-%E1%84%87%E1%85%A1%E1%86%A8%E1%84%89%E1%85%A5-%E1%84%87%E1%85%B3%E1%84%85%E1%85%B5%E1%84%91%E1%85%B3-3%E1%84%91%E1%85%A2%E1%86%A8-p04442321.html,true,OFFICIAL_ZARA_KR_PRODUCT_SITEMAP
06208709,울 슬리브리스 티셔츠,WOMAN,TOPS AND OTHERS,CAMISETA,UNDERWEAR,https://www.zara.com/kr/ko/%E1%84%8B%E1%85%AE%E1%86%AF-%E1%84%92%E1%85%A9%E1%86%AB%E1%84%87%E1%85%A1%E1%86%BC-%E1%84%90%E1%85%A2%E1%86%BC%E1%84%8F%E1%85%B3-%E1%84%90%E1%85%A1%E1%86%B8-p06208709.html,PENDING_HUMAN_REVIEW,,,,false,ZARA_KR_WOMAN_06208709,6208/709,"[""여성 > 신상품 > THE NEW"",""여성 > 컬렉션 > 란제리 > 모두 보기"",""여성 > 컬렉션 > 티셔츠 > 모두 보기""]",2026-08-24T22:40:58.274Z,ZARA,"[""2419807""]",THE NEW,STANDARD_PRODUCT,FEMALE,https://www.zara.com/kr/ko/%E1%84%8B%E1%85%AE%E1%86%AF-%E1%84%92%E1%85%A9%E1%86%AB%E1%84%87%E1%85%A1%E1%86%BC-%E1%84%90%E1%85%A2%E1%86%BC%E1%84%8F%E1%85%B3-%E1%84%90%E1%85%A1%E1%86%B8-p06208709.html,true,OFFICIAL_ZARA_KR_PRODUCT_SITEMAP
01300488,플레어 핏 스티치 진,MAN,TROUSERS,F. Pants Denim,BOTTOM,https://www.zara.com/kr/ko/%E1%84%89%E1%85%B3%E1%84%90%E1%85%B5%E1%84%8E%E1%85%B5-%E1%84%83%E1%85%B5%E1%84%90%E1%85%A6%E1%84%8B%E1%85%B5%E1%86%AF-%E1%84%91%E1%85%B3%E1%86%AF%E1%84%85%E1%85%A6%E1%84%8B%E1%85%A5-%E1%84%91%E1%85%B5%E1%86%BA-%E1%84%8C%E1%85%B5%E1%86%AB-p01300488.html,PENDING_HUMAN_REVIEW,,,,false,ZARA_KR_MAN_01300488,1300/488,"[""남성 > 컬렉션 > 데님팬츠 > 모두 보기""]",2026-08-24T22:40:58.274Z,ZARA,"[""2432131""]",모두 보기,STANDARD_PRODUCT,MALE,https://www.zara.com/kr/ko/%E1%84%89%E1%85%B3%E1%84%90%E1%85%B5%E1%84%8E%E1%85%B5-%E1%84%83%E1%85%B5%E1%84%90%E1%85%A6%E1%84%8B%E1%85%B5%E1%86%AF-%E1%84%91%E1%85%B3%E1%86%AF%E1%84%85%E1%85%A6%E1%84%8B%E1%85%A5-%E1%84%91%E1%85%B5%E1%86%BA-%E1%84%8C%E1%85%B5%E1%86%AB-p01300488.html,true,OFFICIAL_ZARA_KR_PRODUCT_SITEMAP
06147161,Z1975 하이웨이스트 벨트 퀼로트 청바지,WOMAN,TROUSERS,B.FOLDER PANTS,BOTTOM,https://www.zara.com/kr/ko/z1975-%E1%84%92%E1%85%A1%E1%84%8B%E1%85%B5%E1%84%8B%E1%85%B0%E1%84%8B%E1%85%B5%E1%84%89%E1%85%B3%E1%84%90%E1%85%B3-%E1%84%87%E1%85%A6%E1%86%AF%E1%84%90%E1%85%B3-%E1%84%8F%E1%85%B1%E1%86%AF%E1%84%85%E1%85%A9%E1%84%90%E1%85%B3-%E1%84%8C%E1%85%B5%E1%86%AB-p06147161.html,PENDING_HUMAN_REVIEW,,,,false,ZARA_KR_WOMAN_06147161,6147/161,"[""여성 > 신상품 > THE NEW"",""여성 > 컬렉션 > 진 | 데님팬츠 > 모두 보기""]",2026-08-24T22:40:58.274Z,ZARA,"[""2419185""]",THE NEW,STANDARD_PRODUCT,FEMALE,https://www.zara.com/kr/ko/z1975-%E1%84%92%E1%85%A1%E1%84%8B%E1%85%B5%E1%84%8B%E1%85%B0%E1%84%8B%E1%85%B5%E1%84%89%E1%85%B3%E1%84%90%E1%85%B3-%E1%84%87%E1%85%A6%E1%86%AF%E1%84%90%E1%85%B3-%E1%84%8F%E1%85%B1%E1%86%AF%E1%84%85%E1%85%A9%E1%84%90%E1%85%B3-%E1%84%8C%E1%85%B5%E1%86%AB-p06147161.html,true,OFFICIAL_ZARA_KR_PRODUCT_SITEMAP
02646712,린넨 와이드 할터넥 점프수트,WOMAN,OVERALL,B.PANTS,DRESS,https://www.zara.com/kr/ko/%E1%84%85%E1%85%B5%E1%86%AB%E1%84%82%E1%85%A6%E1%86%AB-%E1%84%8B%E1%85%AA%E1%84%8B%E1%85%B5%E1%84%83%E1%85%B3-%E1%84%92%E1%85%A1%E1%86%AF%E1%84%90%E1%85%A5%E1%84%82%E1%85%A6%E1%86%A8-%E1%84%8C%E1%85%A5%E1%86%B7%E1%84%91%E1%85%B3%E1%84%89%E1%85%AE%E1%84%90%E1%85%B3-p02646712.html,PENDING_HUMAN_REVIEW,,,,false,ZARA_KR_WOMAN_02646712,2646/712,"[""여성 > 컬렉션 > 원피스 > 모두 보기""]",2026-08-24T22:40:58.274Z,ZARA,"[""2420896""]",모두 보기,STANDARD_PRODUCT,FEMALE,https://www.zara.com/kr/ko/%E1%84%85%E1%85%B5%E1%86%AB%E1%84%82%E1%85%A6%E1%86%AB-%E1%84%8B%E1%85%AA%E1%84%8B%E1%85%B5%E1%84%83%E1%85%B3-%E1%84%92%E1%85%A1%E1%86%AF%E1%84%90%E1%85%A5%E1%84%82%E1%85%A6%E1%86%A8-%E1%84%8C%E1%85%A5%E1%86%B7%E1%84%91%E1%85%B3%E1%84%89%E1%85%AE%E1%84%90%E1%85%B3-p02646712.html,true,OFFICIAL_ZARA_KR_PRODUCT_SITEMAP
04027800,릴렉스 핏 페이크 레더 재킷,MAN,WIND-JACKET,B. Jacket,OUTER,https://www.zara.com/kr/ko/%E1%84%85%E1%85%B5%E1%86%AF%E1%84%85%E1%85%A6%E1%86%A8%E1%84%89%E1%85%B3-%E1%84%91%E1%85%B5%E1%86%BA-%E1%84%91%E1%85%A6%E1%84%8B%E1%85%B5%E1%84%8F%E1%85%B3-%E1%84%85%E1%85%A6%E1%84%83%E1%85%A5-%E1%84%8C%E1%85%A2%E1%84%8F%E1%85%B5%E1%86%BA-p04027800.html,PENDING_HUMAN_REVIEW,,,,false,ZARA_KR_MAN_04027800,4027/800,"[""남성 > 컬렉션 > 베스트셀러 > 모두 보기"",""남성 > 컬렉션 > 재킷 | 트렌치 코트 > 모두 보기""]",2026-08-24T22:40:58.274Z,ZARA,"[""2536906""]",모두 보기,STANDARD_PRODUCT,MALE,https://www.zara.com/kr/ko/%E1%84%85%E1%85%B5%E1%86%AF%E1%84%85%E1%85%A6%E1%86%A8%E1%84%89%E1%85%B3-%E1%84%91%E1%85%B5%E1%86%BA-%E1%84%91%E1%85%A6%E1%84%8B%E1%85%B5%E1%84%8F%E1%85%B3-%E1%84%85%E1%85%A6%E1%84%83%E1%85%A5-%E1%84%8C%E1%85%A2%E1%84%8F%E1%85%B5%E1%86%BA-p04027800.html,true,OFFICIAL_ZARA_KR_PRODUCT_SITEMAP
07522249,ZW 컬렉션 하이넥 재킷,WOMAN,WIND-JACKET,W.LONG-OUTWEAR,OUTER,https://www.zara.com/kr/ko/zw-%E1%84%8F%E1%85%A5%E1%86%AF%E1%84%85%E1%85%A6%E1%86%A8%E1%84%89%E1%85%A7%E1%86%AB-%E1%84%92%E1%85%A1%E1%84%8B%E1%85%B5%E1%84%82%E1%85%A6%E1%86%A8-%E1%84%8C%E1%85%A2%E1%84%8F%E1%85%B5%E1%86%BA-p07522249.html,PENDING_HUMAN_REVIEW,,,,false,ZARA_KR_WOMAN_07522249,7522/249,"[""여성 > 컬렉션 > 블레이저 > 모두 보기""]",2026-08-24T22:40:58.274Z,ZARA,"[""2420942""]",모두 보기,STANDARD_PRODUCT,FEMALE,https://www.zara.com/kr/ko/zw-%E1%84%8F%E1%85%A5%E1%86%AF%E1%84%85%E1%85%A6%E1%86%A8%E1%84%89%E1%85%A7%E1%86%AB-%E1%84%92%E1%85%A1%E1%84%8B%E1%85%B5%E1%84%82%E1%85%A6%E1%86%A8-%E1%84%8C%E1%85%A2%E1%84%8F%E1%85%B5%E1%86%BA-p07522249.html,true,OFFICIAL_ZARA_KR_PRODUCT_SITEMAP
05039852,애니멀 프린트 리본 미디 스커트,WOMAN,SKIRT,C. SKIRT,SET_OR_MULTI_PIECE,https://www.zara.com/kr/ko/%E1%84%8B%E1%85%A2%E1%84%82%E1%85%B5%E1%84%86%E1%85%A5%E1%86%AF-%E1%84%91%E1%85%B3%E1%84%85%E1%85%B5%E1%86%AB%E1%84%90%E1%85%B3-%E1%84%85%E1%85%B5%E1%84%87%E1%85%A9%E1%86%AB-%E1%84%86%E1%85%B5%E1%84%83%E1%85%B5-%E1%84%89%E1%85%B3%E1%84%8F%E1%85%A5%E1%84%90%E1%85%B3-p05039852.html,PENDING_HUMAN_REVIEW,,,,false,ZARA_KR_WOMAN_05039852,5039/852,"[""여성 > 컬렉션 > 토탈 룩 > 모두 보기""]",2026-08-24T22:40:58.274Z,ZARA,"[""2420285""]",모두 보기,STANDARD_PRODUCT,FEMALE,https://www.zara.com/kr/ko/%E1%84%8B%E1%85%A2%E1%84%82%E1%85%B5%E1%84%86%E1%85%A5%E1%86%AF-%E1%84%91%E1%85%B3%E1%84%85%E1%85%B5%E1%86%AB%E1%84%90%E1%85%B3-%E1%84%85%E1%85%B5%E1%84%87%E1%85%A9%E1%86%AB-%E1%84%86%E1%85%B5%E1%84%83%E1%85%B5-%E1%84%89%E1%85%B3%E1%84%8F%E1%85%A5%E1%84%90%E1%85%B3-p05039852.html,true,OFFICIAL_ZARA_KR_PRODUCT_SITEMAP
08520726,펀칭 자수 미디 스커트,WOMAN,SKIRT,B.SKIRT,SKIRT,https://www.zara.com/kr/ko/%E1%84%91%E1%85%A5%E1%86%AB%E1%84%8E%E1%85%B5%E1%86%BC-%E1%84%8C%E1%85%A1%E1%84%89%E1%85%AE-%E1%84%86%E1%85%B5%E1%84%83%E1%85%B5-%E1%84%89%E1%85%B3%E1%84%8F%E1%85%A5%E1%84%90%E1%85%B3-p08520726.html,PENDING_HUMAN_REVIEW,,,,false,ZARA_KR_WOMAN_08520726,8520/726,"[""여성 > 컬렉션 > 스커트 > 모두 보기"",""여성 > 컬렉션 > 토탈 룩 > 모두 보기""]",2026-08-24T22:40:58.274Z,ZARA,"[""2420454""]",모두 보기,STANDARD_PRODUCT,FEMALE,https://www.zara.com/kr/ko/%E1%84%91%E1%85%A5%E1%86%AB%E1%84%8E%E1%85%B5%E1%86%BC-%E1%84%8C%E1%85%A1%E1%84%89%E1%85%AE-%E1%84%86%E1%85%B5%E1%84%83%E1%85%B5-%E1%84%89%E1%85%B3%E1%84%8F%E1%85%A5%E1%84%90%E1%85%B3-p08520726.html,true,OFFICIAL_ZARA_KR_PRODUCT_SITEMAP
00495319,컨트라스트 체크 롱 스윔팬츠,MAN,SWIMSUIT,Swimwear,SWIMWEAR,https://www.zara.com/kr/ko/%E1%84%8F%E1%85%A9%E1%86%AB%E1%84%90%E1%85%B3%E1%84%85%E1%85%A1%E1%84%89%E1%85%B3%E1%84%90%E1%85%B3-%E1%84%8E%E1%85%A6%E1%84%8F%E1%85%B3-%E1%84%85%E1%85%A9%E1%86%BC-%E1%84%89%E1%85%B3%E1%84%8B%E1%85%B1%E1%86%B7%E1%84%91%E1%85%A2%E1%86%AB%E1%84%8E%E1%85%B3-p00495319.html,PENDING_HUMAN_REVIEW,,,,false,ZARA_KR_MAN_00495319,0495/319,"[""남성 > 슈즈 | 액세서리 > 스윔웨어 > 모두 보기""]",2026-08-24T22:40:58.274Z,ZARA,"[""2576034""]",모두 보기,STANDARD_PRODUCT,MALE,https://www.zara.com/kr/ko/%E1%84%8F%E1%85%A9%E1%86%AB%E1%84%90%E1%85%B3%E1%84%85%E1%85%A1%E1%84%89%E1%85%B3%E1%84%90%E1%85%B3-%E1%84%8E%E1%85%A6%E1%84%8F%E1%85%B3-%E1%84%85%E1%85%A9%E1%86%BC-%E1%84%89%E1%85%B3%E1%84%8B%E1%85%B1%E1%86%B7%E1%84%91%E1%85%A2%E1%86%AB%E1%84%8E%E1%85%B3-p00495319.html,true,OFFICIAL_ZARA_KR_PRODUCT_SITEMAP
00167225,솔리드 스톤 스윔수트,WOMAN,SWIMSUIT,SWIMSUIT BIKINI,SWIMWEAR,https://www.zara.com/kr/ko/%E1%84%89%E1%85%A9%E1%86%AF%E1%84%85%E1%85%B5%E1%84%83%E1%85%B3-%E1%84%89%E1%85%B3%E1%84%90%E1%85%A9%E1%86%AB-%E1%84%89%E1%85%B3%E1%84%8B%E1%85%B1%E1%86%B7%E1%84%89%E1%85%AE%E1%84%90%E1%85%B3-p00167225.html,PENDING_HUMAN_REVIEW,,,,false,ZARA_KR_WOMAN_00167225,0167/225,"[""여성 > 컬렉션 > 스윔웨어 > 모두 보기""]",2026-08-24T22:40:58.274Z,ZARA,"[""2418954""]",모두 보기,STANDARD_PRODUCT,FEMALE,https://www.zara.com/kr/ko/%E1%84%89%E1%85%A9%E1%86%AF%E1%84%85%E1%85%B5%E1%84%83%E1%85%B3-%E1%84%89%E1%85%B3%E1%84%90%E1%85%A9%E1%86%AB-%E1%84%89%E1%85%B3%E1%84%8B%E1%85%B1%E1%86%B7%E1%84%89%E1%85%AE%E1%84%90%E1%85%B3-p00167225.html,true,OFFICIAL_ZARA_KR_PRODUCT_SITEMAP
01063410,100% 린넨 레귤러핏 셔츠,MAN,SHIRT,Summer Shirt LS,TOP,https://www.zara.com/kr/ko/100-%E1%84%85%E1%85%B5%E1%86%AB%E1%84%82%E1%85%A6%E1%86%AB-%E1%84%85%E1%85%A6%E1%84%80%E1%85%B2%E1%86%AF%E1%84%85%E1%85%A5%E1%84%91%E1%85%B5%E1%86%BA-%E1%84%89%E1%85%A7%E1%84%8E%E1%85%B3-p01063410.html,PENDING_HUMAN_REVIEW,,,,false,ZARA_KR_MAN_01063410,1063/410,"[""남성 > 컬렉션 > 베스트셀러 > 모두 보기"",""남성 > 컬렉션 > 셔츠 > 모두 보기""]",2026-08-24T22:40:58.274Z,ZARA,"[""2431994""]",모두 보기,STANDARD_PRODUCT,MALE,https://www.zara.com/kr/ko/100-%E1%84%85%E1%85%B5%E1%86%AB%E1%84%82%E1%85%A6%E1%86%AB-%E1%84%85%E1%85%A6%E1%84%80%E1%85%B2%E1%86%AF%E1%84%85%E1%85%A5%E1%84%91%E1%85%B5%E1%86%BA-%E1%84%89%E1%85%A7%E1%84%8E%E1%85%B3-p01063410.html,true,OFFICIAL_ZARA_KR_PRODUCT_SITEMAP
02748332,애니멀 프린트 언밸런스 새틴 홀터넥 탑,WOMAN,SHIRT,T.SHIRT,TOP,https://www.zara.com/kr/ko/%E1%84%89%E1%85%A2%E1%84%90%E1%85%B5%E1%86%AB-%E1%84%8B%E1%85%A5%E1%86%AB%E1%84%87%E1%85%A2%E1%86%AF%E1%84%85%E1%85%A5%E1%86%AB%E1%84%89%E1%85%B3-%E1%84%92%E1%85%A9%E1%86%AF%E1%84%90%E1%85%A5%E1%84%82%E1%85%A6%E1%86%A8-%E1%84%90%E1%85%A1%E1%86%B8-p02748332.html,PENDING_HUMAN_REVIEW,,,,false,ZARA_KR_WOMAN_02748332,2748/332,"[""여성 > 컬렉션 > 탑 > 모두 보기"",""여성 > 컬렉션 > 토탈 룩 > 모두 보기""]",2026-08-24T22:40:58.274Z,ZARA,"[""2419940""]",모두 보기,STANDARD_PRODUCT,FEMALE,https://www.zara.com/kr/ko/%E1%84%89%E1%85%A2%E1%84%90%E1%85%B5%E1%86%AB-%E1%84%8B%E1%85%A5%E1%86%AB%E1%84%87%E1%85%A2%E1%86%AF%E1%84%85%E1%85%A5%E1%86%AB%E1%84%89%E1%85%B3-%E1%84%92%E1%85%A9%E1%86%AF%E1%84%90%E1%85%A5%E1%84%82%E1%85%A6%E1%86%A8-%E1%84%90%E1%85%A1%E1%86%B8-p02748332.html,true,OFFICIAL_ZARA_KR_PRODUCT_SITEMAP
04442312,콤비 포플린 박서 브리프 2팩,MAN,PANTY/UNDERPANT,Underwear,UNDERWEAR,https://www.zara.com/kr/ko/%E1%84%8F%E1%85%A9%E1%86%B7%E1%84%87%E1%85%B5-%E1%84%91%E1%85%A9%E1%84%91%E1%85%B3%E1%86%AF%E1%84%85%E1%85%B5%E1%86%AB-%E1%84%87%E1%85%A1%E1%86%A8%E1%84%89%E1%85%A5-%E1%84%87%E1%85%B3%E1%84%85%E1%85%B5%E1%84%91%E1%85%B3-2%E1%84%91%E1%85%A2%E1%86%A8-p04442312.html,PENDING_HUMAN_REVIEW,,,,false,ZARA_KR_MAN_04442312,4442/312,"[""남성 > 슈즈 | 액세서리 > 액세서리 > 브리프""]",2026-08-24T22:40:58.274Z,ZARA,"[""2436443""]",브리프,STANDARD_PRODUCT,MALE,https://www.zara.com/kr/ko/%E1%84%8F%E1%85%A9%E1%86%B7%E1%84%87%E1%85%B5-%E1%84%91%E1%85%A9%E1%84%91%E1%85%B3%E1%86%AF%E1%84%85%E1%85%B5%E1%86%AB-%E1%84%87%E1%85%A1%E1%86%A8%E1%84%89%E1%85%A5-%E1%84%87%E1%85%B3%E1%84%85%E1%85%B5%E1%84%91%E1%85%B3-2%E1%84%91%E1%85%A2%E1%86%A8-p04442312.html,true,OFFICIAL_ZARA_KR_PRODUCT_SITEMAP
05344709,자카드 콤비 코르셋 블라우스,WOMAN,TOPS AND OTHERS,SHIRT-TOPS,UNDERWEAR,https://www.zara.com/kr/ko/%E1%84%8C%E1%85%A1%E1%84%8F%E1%85%A1%E1%84%83%E1%85%B3-%E1%84%8F%E1%85%A9%E1%86%B7%E1%84%87%E1%85%B5-%E1%84%8F%E1%85%A9%E1%84%85%E1%85%B3%E1%84%89%E1%85%A6%E1%86%BA-%E1%84%87%E1%85%B3%E1%86%AF%E1%84%85%E1%85%A1%E1%84%8B%E1%85%AE%E1%84%89%E1%85%B3-p05344709.html,PENDING_HUMAN_REVIEW,,,,false,ZARA_KR_WOMAN_05344709,5344/709,"[""여성 > 컬렉션 > 란제리 > 모두 보기"",""여성 > 컬렉션 > 셔츠 > 모두 보기""]",2026-08-24T22:40:58.274Z,ZARA,"[""2419807""]",모두 보기,STANDARD_PRODUCT,FEMALE,https://www.zara.com/kr/ko/%E1%84%8C%E1%85%A1%E1%84%8F%E1%85%A1%E1%84%83%E1%85%B3-%E1%84%8F%E1%85%A9%E1%86%B7%E1%84%87%E1%85%B5-%E1%84%8F%E1%85%A9%E1%84%85%E1%85%B3%E1%84%89%E1%85%A6%E1%86%BA-%E1%84%87%E1%85%B3%E1%86%AF%E1%84%85%E1%85%A1%E1%84%8B%E1%85%AE%E1%84%89%E1%85%B3-p05344709.html,true,OFFICIAL_ZARA_KR_PRODUCT_SITEMAP
09621340,플리츠 릴렉스핏 팬츠,MAN,TROUSERS,F. Pants Rest,BOTTOM,https://www.zara.com/kr/ko/%E1%84%91%E1%85%B3%E1%86%AF%E1%84%85%E1%85%B5%E1%84%8E%E1%85%B3-%E1%84%85%E1%85%B5%E1%86%AF%E1%84%85%E1%85%A6%E1%86%A8%E1%84%89%E1%85%B3%E1%84%91%E1%85%B5%E1%86%BA-%E1%84%91%E1%85%A2%E1%86%AB%E1%84%8E%E1%85%B3-p09621340.html,PENDING_HUMAN_REVIEW,,,,false,ZARA_KR_MAN_09621340,9621/340,"[""남성 > 컬렉션 > 팬츠 > 모두 보기""]",2026-08-24T22:40:58.274Z,ZARA,"[""2432096""]",모두 보기,STANDARD_PRODUCT,MALE,https://www.zara.com/kr/ko/%E1%84%91%E1%85%B3%E1%86%AF%E1%84%85%E1%85%B5%E1%84%8E%E1%85%B3-%E1%84%85%E1%85%B5%E1%86%AF%E1%84%85%E1%85%A6%E1%86%A8%E1%84%89%E1%85%B3%E1%84%91%E1%85%B5%E1%86%BA-%E1%84%91%E1%85%A2%E1%86%AB%E1%84%8E%E1%85%B3-p09621340.html,true,OFFICIAL_ZARA_KR_PRODUCT_SITEMAP
01003056,스트라이프 치노 팬츠,WOMAN,TROUSERS,B.PANTS,BOTTOM,https://www.zara.com/kr/ko/%E1%84%89%E1%85%B3%E1%84%90%E1%85%B3%E1%84%85%E1%85%A1%E1%84%8B%E1%85%B5%E1%84%91%E1%85%B3-%E1%84%8E%E1%85%B5%E1%84%82%E1%85%A9-%E1%84%91%E1%85%A2%E1%86%AB%E1%84%8E%E1%85%B3-p01003056.html,PENDING_HUMAN_REVIEW,,,,false,ZARA_KR_WOMAN_01003056,1003/056,"[""여성 > 컬렉션 > 팬츠 > 모두 보기""]",2026-08-24T22:40:58.274Z,ZARA,"[""2420795""]",모두 보기,STANDARD_PRODUCT,FEMALE,https://www.zara.com/kr/ko/%E1%84%89%E1%85%B3%E1%84%90%E1%85%B3%E1%84%85%E1%85%A1%E1%84%8B%E1%85%B5%E1%84%91%E1%85%B3-%E1%84%8E%E1%85%B5%E1%84%82%E1%85%A9-%E1%84%91%E1%85%A2%E1%86%AB%E1%84%8E%E1%85%B3-p01003056.html,true,OFFICIAL_ZARA_KR_PRODUCT_SITEMAP
01165729,드레이프 홀터넥 벌룬 점프수트,WOMAN,OVERALL,C. JUMPSUIT,DRESS,https://www.zara.com/kr/ko/%E1%84%83%E1%85%B3%E1%84%85%E1%85%A6%E1%84%8B%E1%85%B5%E1%84%91%E1%85%B3-%E1%84%92%E1%85%A9%E1%86%AF%E1%84%90%E1%85%A5%E1%84%82%E1%85%A6%E1%86%A8-%E1%84%87%E1%85%A5%E1%86%AF%E1%84%85%E1%85%AE%E1%86%AB-%E1%84%8C%E1%85%A5%E1%86%B7%E1%84%91%E1%85%B3%E1%84%89%E1%85%AE%E1%84%90%E1%85%B3-p01165729.html,PENDING_HUMAN_REVIEW,,,,false,ZARA_KR_WOMAN_01165729,1165/729,"[""여성 > 컬렉션 > 원피스 > 모두 보기""]",2026-08-24T22:40:58.274Z,ZARA,"[""2420896""]",모두 보기,STANDARD_PRODUCT,FEMALE,https://www.zara.com/kr/ko/%E1%84%83%E1%85%B3%E1%84%85%E1%85%A6%E1%84%8B%E1%85%B5%E1%84%91%E1%85%B3-%E1%84%92%E1%85%A9%E1%86%AF%E1%84%90%E1%85%A5%E1%84%82%E1%85%A6%E1%86%A8-%E1%84%87%E1%85%A5%E1%86%AF%E1%84%85%E1%85%AE%E1%86%AB-%E1%84%8C%E1%85%A5%E1%86%B7%E1%84%91%E1%85%B3%E1%84%89%E1%85%AE%E1%84%90%E1%85%B3-p01165729.html,true,OFFICIAL_ZARA_KR_PRODUCT_SITEMAP
08281103,플루이드 릴렉스핏 재킷,MAN,WIND-JACKET,F. Jacket,OUTER,https://www.zara.com/kr/ko/%E1%84%91%E1%85%B3%E1%86%AF%E1%84%85%E1%85%AE%E1%84%8B%E1%85%B5%E1%84%83%E1%85%B3-%E1%84%85%E1%85%B5%E1%86%AF%E1%84%85%E1%85%A6%E1%86%A8%E1%84%89%E1%85%B3%E1%84%91%E1%85%B5%E1%86%BA-%E1%84%8C%E1%85%A2%E1%84%8F%E1%85%B5%E1%86%BA-p08281103.html,PENDING_HUMAN_REVIEW,,,,false,ZARA_KR_MAN_08281103,8281/103,"[""남성 > 컬렉션 > 재킷 | 트렌치 코트 > 모두 보기""]",2026-08-24T22:40:58.274Z,ZARA,"[""2536906""]",모두 보기,STANDARD_PRODUCT,MALE,https://www.zara.com/kr/ko/%E1%84%91%E1%85%B3%E1%86%AF%E1%84%85%E1%85%AE%E1%84%8B%E1%85%B5%E1%84%83%E1%85%B3-%E1%84%85%E1%85%B5%E1%86%AF%E1%84%85%E1%85%A6%E1%86%A8%E1%84%89%E1%85%B3%E1%84%91%E1%85%B5%E1%86%BA-%E1%84%8C%E1%85%A2%E1%84%8F%E1%85%B5%E1%86%BA-p08281103.html,true,OFFICIAL_ZARA_KR_PRODUCT_SITEMAP
04001058,ZW 컬렉션 크롭 데님 블레이저,WOMAN,WIND-JACKET,W.SHORT-OUTWEAR,OUTER,https://www.zara.com/kr/ko/zw-%E1%84%8F%E1%85%A5%E1%86%AF%E1%84%85%E1%85%A6%E1%86%A8%E1%84%89%E1%85%A7%E1%86%AB-%E1%84%8F%E1%85%B3%E1%84%85%E1%85%A9%E1%86%B8-%E1%84%83%E1%85%A6%E1%84%82%E1%85%B5%E1%86%B7-%E1%84%87%E1%85%B3%E1%86%AF%E1%84%85%E1%85%A6%E1%84%8B%E1%85%B5%E1%84%8C%E1%85%A5-p04001058.html,PENDING_HUMAN_REVIEW,,,,false,ZARA_KR_WOMAN_04001058,4001/058,"[""여성 > 컬렉션 > 블레이저 > 모두 보기"",""여성 > 컬렉션 > 토탈 룩 > 모두 보기""]",2026-08-24T22:40:58.274Z,ZARA,"[""2420942""]",모두 보기,STANDARD_PRODUCT,FEMALE,https://www.zara.com/kr/ko/zw-%E1%84%8F%E1%85%A5%E1%86%AF%E1%84%85%E1%85%A6%E1%86%A8%E1%84%89%E1%85%A7%E1%86%AB-%E1%84%8F%E1%85%B3%E1%84%85%E1%85%A9%E1%86%B8-%E1%84%83%E1%85%A6%E1%84%82%E1%85%B5%E1%86%B7-%E1%84%87%E1%85%B3%E1%86%AF%E1%84%85%E1%85%A6%E1%84%8B%E1%85%B5%E1%84%8C%E1%85%A5-p04001058.html,true,OFFICIAL_ZARA_KR_PRODUCT_SITEMAP
02488114,더블 레이어 니트 미디 스커트,WOMAN,SKIRT,KNIT SKIRT,SET_OR_MULTI_PIECE,https://www.zara.com/kr/ko/%E1%84%83%E1%85%A5%E1%84%87%E1%85%B3%E1%86%AF-%E1%84%85%E1%85%A6%E1%84%8B%E1%85%B5%E1%84%8B%E1%85%A5-%E1%84%82%E1%85%B5%E1%84%90%E1%85%B3-%E1%84%86%E1%85%B5%E1%84%83%E1%85%B5-%E1%84%89%E1%85%B3%E1%84%8F%E1%85%A5%E1%84%90%E1%85%B3-p02488114.html,PENDING_HUMAN_REVIEW,,,,false,ZARA_KR_WOMAN_02488114,2488/114,"[""여성 > 컬렉션 > 토탈 룩 > 모두 보기""]",2026-08-24T22:40:58.274Z,ZARA,"[""2420285""]",모두 보기,STANDARD_PRODUCT,FEMALE,https://www.zara.com/kr/ko/%E1%84%83%E1%85%A5%E1%84%87%E1%85%B3%E1%86%AF-%E1%84%85%E1%85%A6%E1%84%8B%E1%85%B5%E1%84%8B%E1%85%A5-%E1%84%82%E1%85%B5%E1%84%90%E1%85%B3-%E1%84%86%E1%85%B5%E1%84%83%E1%85%B5-%E1%84%89%E1%85%B3%E1%84%8F%E1%85%A5%E1%84%90%E1%85%B3-p02488114.html,true,OFFICIAL_ZARA_KR_PRODUCT_SITEMAP
05039408,폴카 도트 튤 스커트,WOMAN,SKIRT,C. SKIRT,SKIRT,https://www.zara.com/kr/ko/%E1%84%8B%E1%85%A2%E1%84%82%E1%85%B5%E1%84%86%E1%85%A5%E1%86%AF-%E1%84%91%E1%85%B3%E1%84%85%E1%85%B5%E1%86%AB%E1%84%90%E1%85%B3-%E1%84%90%E1%85%B2%E1%86%AF-%E1%84%89%E1%85%B3%E1%84%8F%E1%85%A5%E1%84%90%E1%85%B3-p05039408.html,PENDING_HUMAN_REVIEW,,,,false,ZARA_KR_WOMAN_05039408,5039/408,"[""여성 > 컬렉션 > 스커트 > 모두 보기"",""여성 > 컬렉션 > 토탈 룩 > 모두 보기""]",2026-08-24T22:40:58.274Z,ZARA,"[""2420454""]",모두 보기,STANDARD_PRODUCT,FEMALE,https://www.zara.com/kr/ko/%E1%84%8B%E1%85%A2%E1%84%82%E1%85%B5%E1%84%86%E1%85%A5%E1%86%AF-%E1%84%91%E1%85%B3%E1%84%85%E1%85%B5%E1%86%AB%E1%84%90%E1%85%B3-%E1%84%90%E1%85%B2%E1%86%AF-%E1%84%89%E1%85%B3%E1%84%8F%E1%85%A5%E1%84%90%E1%85%B3-p05039408.html,true,OFFICIAL_ZARA_KR_PRODUCT_SITEMAP
09569428,AARON LEVINE X ZARA 미디 스윔팬츠,MAN,SWIMSUIT,Swimwear,SWIMWEAR,https://www.zara.com/kr/ko/aaron-levine-x-zara-%E1%84%86%E1%85%B5%E1%84%83%E1%85%B5-%E1%84%89%E1%85%B3%E1%84%8B%E1%85%B1%E1%86%B7%E1%84%91%E1%85%A2%E1%86%AB%E1%84%8E%E1%85%B3-p09569428.html,PENDING_HUMAN_REVIEW,,,,false,ZARA_KR_MAN_09569428,9569/428,"[""남성 > 슈즈 | 액세서리 > 스윔웨어 > 모두 보기""]",2026-08-24T22:40:58.274Z,ZARA,"[""2576034""]",모두 보기,STANDARD_PRODUCT,MALE,https://www.zara.com/kr/ko/aaron-levine-x-zara-%E1%84%86%E1%85%B5%E1%84%83%E1%85%B5-%E1%84%89%E1%85%B3%E1%84%8B%E1%85%B1%E1%86%B7%E1%84%91%E1%85%A2%E1%86%AB%E1%84%8E%E1%85%B3-p09569428.html,true,OFFICIAL_ZARA_KR_PRODUCT_SITEMAP
02856212,링 디테일 트라이앵글 비키니 탑,WOMAN,SWIMSUIT,BIKINI,SWIMWEAR,https://www.zara.com/kr/ko/%E1%84%85%E1%85%B5%E1%86%BC-%E1%84%90%E1%85%B3%E1%84%85%E1%85%A1%E1%84%8B%E1%85%B5%E1%84%8B%E1%85%A2%E1%86%BC%E1%84%80%E1%85%B3%E1%86%AF-%E1%84%87%E1%85%B5%E1%84%8F%E1%85%B5%E1%84%82%E1%85%B5-%E1%84%90%E1%85%A1%E1%86%B8-p02856212.html,PENDING_HUMAN_REVIEW,,,,false,ZARA_KR_WOMAN_02856212,2856/212,"[""여성 > 컬렉션 > 스윔웨어 > 모두 보기""]",2026-08-24T22:40:58.274Z,ZARA,"[""2418954""]",모두 보기,STANDARD_PRODUCT,FEMALE,https://www.zara.com/kr/ko/%E1%84%85%E1%85%B5%E1%86%BC-%E1%84%90%E1%85%B3%E1%84%85%E1%85%A1%E1%84%8B%E1%85%B5%E1%84%8B%E1%85%A2%E1%86%BC%E1%84%80%E1%85%B3%E1%86%AF-%E1%84%87%E1%85%B5%E1%84%8F%E1%85%B5%E1%84%82%E1%85%B5-%E1%84%90%E1%85%A1%E1%86%B8-p02856212.html,true,OFFICIAL_ZARA_KR_PRODUCT_SITEMAP
05536340,소프트 니트 폴로셔츠,MAN,SWEATER,B. Sweater,TOP,https://www.zara.com/kr/ko/%E1%84%89%E1%85%B3%E1%84%90%E1%85%B3%E1%84%85%E1%85%A1%E1%84%8B%E1%85%B5%E1%84%91%E1%85%B3-%E1%84%82%E1%85%B5%E1%84%90%E1%85%B3-%E1%84%91%E1%85%A9%E1%86%AF%E1%84%85%E1%85%A9%E1%84%89%E1%85%A7%E1%84%8E%E1%85%B3-p05536340.html,PENDING_HUMAN_REVIEW,,,,false,ZARA_KR_MAN_05536340,5536/340,"[""남성 > 신상품 > THE NEW > 컬렉션"",""남성 > 컬렉션 > 니트 | 여름 니트 > 모두 보기"",""남성 > 컬렉션 > 피케 | 카라 티셔츠 > 모두 보기""]",2026-08-24T22:40:58.274Z,ZARA,"[""2432265""]",컬렉션,STANDARD_PRODUCT,MALE,https://www.zara.com/kr/ko/%E1%84%89%E1%85%B3%E1%84%90%E1%85%B3%E1%84%85%E1%85%A1%E1%84%8B%E1%85%B5%E1%84%91%E1%85%B3-%E1%84%82%E1%85%B5%E1%84%90%E1%85%B3-%E1%84%91%E1%85%A9%E1%86%AF%E1%84%85%E1%85%A9%E1%84%89%E1%85%A7%E1%84%8E%E1%85%B3-p05536340.html,true,OFFICIAL_ZARA_KR_PRODUCT_SITEMAP
04437252,ZW 컬렉션 토글 셔츠,WOMAN,SHIRT,W.SHIRT,TOP,https://www.zara.com/kr/ko/zw-%E1%84%8F%E1%85%A5%E1%86%AF%E1%84%85%E1%85%A6%E1%86%A8%E1%84%89%E1%85%A7%E1%86%AB-%E1%84%90%E1%85%A9%E1%84%80%E1%85%B3%E1%86%AF-%E1%84%89%E1%85%A7%E1%84%8E%E1%85%B3-p04437252.html,PENDING_HUMAN_REVIEW,,,,false,ZARA_KR_WOMAN_04437252,4437/252,"[""여성 > 컬렉션 > 셔츠 > 모두 보기""]",2026-08-24T22:40:58.274Z,ZARA,"[""2420369""]",모두 보기,STANDARD_PRODUCT,FEMALE,https://www.zara.com/kr/ko/zw-%E1%84%8F%E1%85%A5%E1%86%AF%E1%84%85%E1%85%A6%E1%86%A8%E1%84%89%E1%85%A7%E1%86%AB-%E1%84%90%E1%85%A9%E1%84%80%E1%85%B3%E1%86%AF-%E1%84%89%E1%85%A7%E1%84%8E%E1%85%B3-p04437252.html,true,OFFICIAL_ZARA_KR_PRODUCT_SITEMAP
04442304,소프트 박서 브리프 3팩,MAN,PANTY/UNDERPANT,Underwear,UNDERWEAR,https://www.zara.com/kr/ko/%E1%84%89%E1%85%A9%E1%84%91%E1%85%B3%E1%84%90%E1%85%B3-%E1%84%87%E1%85%A1%E1%86%A8%E1%84%89%E1%85%A5-%E1%84%87%E1%85%B3%E1%84%85%E1%85%B5%E1%84%91%E1%85%B3-3%E1%84%8C%E1%85%A1%E1%86%BC-%E1%84%89%E1%85%A6%E1%84%90%E1%85%B3-p04442304.html,PENDING_HUMAN_REVIEW,,,,false,ZARA_KR_MAN_04442304,4442/304,"[""남성 > 슈즈 | 액세서리 > 액세서리 > 브리프""]",2026-08-24T22:40:58.274Z,ZARA,"[""2436443""]",브리프,STANDARD_PRODUCT,MALE,https://www.zara.com/kr/ko/%E1%84%89%E1%85%A9%E1%84%91%E1%85%B3%E1%84%90%E1%85%B3-%E1%84%87%E1%85%A1%E1%86%A8%E1%84%89%E1%85%A5-%E1%84%87%E1%85%B3%E1%84%85%E1%85%B5%E1%84%91%E1%85%B3-3%E1%84%8C%E1%85%A1%E1%86%BC-%E1%84%89%E1%85%A6%E1%84%90%E1%85%B3-p04442304.html,true,OFFICIAL_ZARA_KR_PRODUCT_SITEMAP
07521168,비즈 시퀸 와이어 코르셋 탑,WOMAN,TOPS AND OTHERS,TOP PIJAMA,UNDERWEAR,https://www.zara.com/kr/ko/%E1%84%87%E1%85%B5%E1%84%8C%E1%85%B3-%E1%84%86%E1%85%B5%E1%86%BE-%E1%84%89%E1%85%B5%E1%84%8F%E1%85%B1%E1%86%AB-%E1%84%8F%E1%85%A9%E1%84%85%E1%85%B3%E1%84%89%E1%85%A6%E1%86%BA-%E1%84%90%E1%85%A1%E1%86%B8-p07521168.html,PENDING_HUMAN_REVIEW,,,,false,ZARA_KR_WOMAN_07521168,7521/168,"[""여성 > 컬렉션 > 란제리 > 모두 보기""]",2026-08-24T22:40:58.274Z,ZARA,"[""2419807""]",모두 보기,STANDARD_PRODUCT,FEMALE,https://www.zara.com/kr/ko/%E1%84%87%E1%85%B5%E1%84%8C%E1%85%B3-%E1%84%86%E1%85%B5%E1%86%BE-%E1%84%89%E1%85%B5%E1%84%8F%E1%85%B1%E1%86%AB-%E1%84%8F%E1%85%A9%E1%84%85%E1%85%B3%E1%84%89%E1%85%A6%E1%86%BA-%E1%84%90%E1%85%A1%E1%86%B8-p07521168.html,true,OFFICIAL_ZARA_KR_PRODUCT_SITEMAP
02553302,스트라이프 배기핏 팬츠,MAN,TROUSERS,Summer trousers,BOTTOM,https://www.zara.com/kr/ko/%E1%84%89%E1%85%B3%E1%84%90%E1%85%B3%E1%84%85%E1%85%A1%E1%84%8B%E1%85%B5%E1%84%91%E1%85%B3-%E1%84%87%E1%85%A2%E1%84%80%E1%85%B5%E1%84%91%E1%85%B5%E1%86%BA-%E1%84%91%E1%85%A2%E1%86%AB%E1%84%8E%E1%85%B3-p02553302.html,PENDING_HUMAN_REVIEW,,,,false,ZARA_KR_MAN_02553302,2553/302,"[""남성 > 컬렉션 > 팬츠 > 모두 보기""]",2026-08-24T22:40:58.274Z,ZARA,"[""2432096""]",모두 보기,STANDARD_PRODUCT,MALE,https://www.zara.com/kr/ko/%E1%84%89%E1%85%B3%E1%84%90%E1%85%B3%E1%84%85%E1%85%A1%E1%84%8B%E1%85%B5%E1%84%91%E1%85%B3-%E1%84%87%E1%85%A2%E1%84%80%E1%85%B5%E1%84%91%E1%85%B5%E1%86%BA-%E1%84%91%E1%85%A2%E1%86%AB%E1%84%8E%E1%85%B3-p02553302.html,true,OFFICIAL_ZARA_KR_PRODUCT_SITEMAP
03641815,인터록 플레어 팬츠,WOMAN,TROUSERS,C-LEGGING,BOTTOM,https://www.zara.com/kr/ko/%E1%84%8B%E1%85%B5%E1%86%AB%E1%84%90%E1%85%A5%E1%84%85%E1%85%A1%E1%86%A8-%E1%84%91%E1%85%B3%E1%86%AF%E1%84%85%E1%85%A6%E1%84%8B%E1%85%A5-%E1%84%91%E1%85%A2%E1%86%AB%E1%84%8E%E1%85%B3-p03641815.html,PENDING_HUMAN_REVIEW,,,,false,ZARA_KR_WOMAN_03641815,3641/815,"[""여성 > 신상품 > THE NEW"",""여성 > 컬렉션 > 스웨트셔츠 | 조거 팬츠 > 모두 보기"",""여성 > 컬렉션 > 토탈 룩 > 모두 보기"",""여성 > 컬렉션 > 팬츠 > 모두 보기""]",2026-08-24T22:40:58.274Z,ZARA,"[""2420795""]",THE NEW,STANDARD_PRODUCT,FEMALE,https://www.zara.com/kr/ko/%E1%84%8B%E1%85%B5%E1%86%AB%E1%84%90%E1%85%A5%E1%84%85%E1%85%A1%E1%86%A8-%E1%84%91%E1%85%B3%E1%86%AF%E1%84%85%E1%85%A6%E1%84%8B%E1%85%A5-%E1%84%91%E1%85%A2%E1%86%AB%E1%84%8E%E1%85%B3-p03641815.html,true,OFFICIAL_ZARA_KR_PRODUCT_SITEMAP
06929286,루즈 롱 점프수트,WOMAN,OVERALL,T-DRESS,DRESS,https://www.zara.com/kr/ko/%E1%84%85%E1%85%AE%E1%84%8C%E1%85%B3-%E1%84%85%E1%85%A9%E1%86%BC-%E1%84%8C%E1%85%A5%E1%86%B7%E1%84%91%E1%85%B3%E1%84%89%E1%85%AE%E1%84%90%E1%85%B3-p06929286.html,PENDING_HUMAN_REVIEW,,,,false,ZARA_KR_WOMAN_06929286,6929/286,"[""여성 > 컬렉션 > 원피스 > 모두 보기""]",2026-08-24T22:40:58.274Z,ZARA,"[""2420896""]",모두 보기,STANDARD_PRODUCT,FEMALE,https://www.zara.com/kr/ko/%E1%84%85%E1%85%AE%E1%84%8C%E1%85%B3-%E1%84%85%E1%85%A9%E1%86%BC-%E1%84%8C%E1%85%A5%E1%86%B7%E1%84%91%E1%85%B3%E1%84%89%E1%85%AE%E1%84%90%E1%85%B3-p06929286.html,true,OFFICIAL_ZARA_KR_PRODUCT_SITEMAP
04514993,레귤러 핏 수트 블레이저,MAN,BLAZER,Blazer,OUTER,https://www.zara.com/kr/ko/%E1%84%85%E1%85%A6%E1%84%80%E1%85%B2%E1%86%AF%E1%84%85%E1%85%A5-%E1%84%91%E1%85%B5%E1%86%BA-%E1%84%89%E1%85%AE%E1%84%90%E1%85%B3-%E1%84%87%E1%85%B3%E1%86%AF%E1%84%85%E1%85%A6%E1%84%8B%E1%85%B5%E1%84%8C%E1%85%A5-p04514993.html,PENDING_HUMAN_REVIEW,,,,false,ZARA_KR_MAN_04514993,4514/993,"[""남성 > 컬렉션 > 블레이저 > 모두 보기""]",2026-08-24T22:40:58.274Z,ZARA,"[""2436311""]",모두 보기,STANDARD_PRODUCT,MALE,https://www.zara.com/kr/ko/%E1%84%85%E1%85%A6%E1%84%80%E1%85%B2%E1%86%AF%E1%84%85%E1%85%A5-%E1%84%91%E1%85%B5%E1%86%BA-%E1%84%89%E1%85%AE%E1%84%90%E1%85%B3-%E1%84%87%E1%85%B3%E1%86%AF%E1%84%85%E1%85%A6%E1%84%8B%E1%85%B5%E1%84%8C%E1%85%A5-p04514993.html,true,OFFICIAL_ZARA_KR_PRODUCT_SITEMAP
04387333,링클 이펙트 시어 재킷,WOMAN,BLAZER,B.BLAZER,OUTER,https://www.zara.com/kr/ko/%E1%84%85%E1%85%B5%E1%86%BC%E1%84%8F%E1%85%B3%E1%86%AF-%E1%84%91%E1%85%A6%E1%84%8B%E1%85%B5%E1%84%8F%E1%85%B3-%E1%84%89%E1%85%B5%E1%84%89%E1%85%B3%E1%84%85%E1%85%AE-%E1%84%8C%E1%85%A2%E1%84%8F%E1%85%B5%E1%86%BA-p04387333.html,PENDING_HUMAN_REVIEW,,,,false,ZARA_KR_WOMAN_04387333,4387/333,"[""여성 > 컬렉션 > 자켓 | 점퍼 > 모두 보기"",""여성 > 컬렉션 > 토탈 룩 > 모두 보기""]",2026-08-24T22:40:58.274Z,ZARA,"[""2417772""]",모두 보기,STANDARD_PRODUCT,FEMALE,https://www.zara.com/kr/ko/%E1%84%85%E1%85%B5%E1%86%BC%E1%84%8F%E1%85%B3%E1%86%AF-%E1%84%91%E1%85%A6%E1%84%8B%E1%85%B5%E1%84%8F%E1%85%B3-%E1%84%89%E1%85%B5%E1%84%89%E1%85%B3%E1%84%85%E1%85%AE-%E1%84%8C%E1%85%A2%E1%84%8F%E1%85%B5%E1%86%BA-p04387333.html,true,OFFICIAL_ZARA_KR_PRODUCT_SITEMAP
03210401,스팽글 미니 스커트,WOMAN,SKIRT,T.SKIRT,SET_OR_MULTI_PIECE,https://www.zara.com/kr/ko/%E1%84%89%E1%85%B3%E1%84%91%E1%85%A2%E1%86%BC%E1%84%80%E1%85%B3%E1%86%AF-%E1%84%86%E1%85%B5%E1%84%82%E1%85%B5-%E1%84%89%E1%85%B3%E1%84%8F%E1%85%A5%E1%84%90%E1%85%B3-p03210401.html,PENDING_HUMAN_REVIEW,,,,false,ZARA_KR_WOMAN_03210401,3210/401,"[""여성 > 컬렉션 > 토탈 룩 > 모두 보기""]",2026-08-24T22:40:58.274Z,ZARA,"[""2420285""]",모두 보기,STANDARD_PRODUCT,FEMALE,https://www.zara.com/kr/ko/%E1%84%89%E1%85%B3%E1%84%91%E1%85%A2%E1%86%BC%E1%84%80%E1%85%B3%E1%86%AF-%E1%84%86%E1%85%B5%E1%84%82%E1%85%B5-%E1%84%89%E1%85%B3%E1%84%8F%E1%85%A5%E1%84%90%E1%85%B3-p03210401.html,true,OFFICIAL_ZARA_KR_PRODUCT_SITEMAP
03921036,립 니트 미디 스커트,WOMAN,SKIRT,KNIT SKIRT,SKIRT,https://www.zara.com/kr/ko/%E1%84%85%E1%85%B5%E1%86%B8-%E1%84%82%E1%85%B5%E1%84%90%E1%85%B3-%E1%84%86%E1%85%B5%E1%84%83%E1%85%B5-%E1%84%89%E1%85%B3%E1%84%8F%E1%85%A5%E1%84%90%E1%85%B3-p03921036.html,PENDING_HUMAN_REVIEW,,,,false,ZARA_KR_WOMAN_03921036,3921/036,"[""여성 > 컬렉션 > 니트웨어 > 모두 보기"",""여성 > 컬렉션 > 스커트 > 모두 보기"",""여성 > 컬렉션 > 토탈 룩 > 모두 보기""]",2026-08-24T22:40:58.274Z,ZARA,"[""2420454""]",모두 보기,STANDARD_PRODUCT,FEMALE,https://www.zara.com/kr/ko/%E1%84%85%E1%85%B5%E1%86%B8-%E1%84%82%E1%85%B5%E1%84%90%E1%85%B3-%E1%84%86%E1%85%B5%E1%84%83%E1%85%B5-%E1%84%89%E1%85%B3%E1%84%8F%E1%85%A5%E1%84%90%E1%85%B3-p03921036.html,true,OFFICIAL_ZARA_KR_PRODUCT_SITEMAP
08574319,반다나 프린트 롱 스윔팬츠,MAN,SWIMSUIT,Swimwear,SWIMWEAR,https://www.zara.com/kr/ko/%E1%84%87%E1%85%A1%E1%86%AB%E1%84%83%E1%85%A1%E1%84%82%E1%85%A1-%E1%84%91%E1%85%A2%E1%84%90%E1%85%A5%E1%86%AB-%E1%84%85%E1%85%A9%E1%86%BC-%E1%84%89%E1%85%B3%E1%84%8B%E1%85%B1%E1%86%B7%E1%84%91%E1%85%A2%E1%86%AB%E1%84%8E%E1%85%B3-p08574319.html,PENDING_HUMAN_REVIEW,,,,false,ZARA_KR_MAN_08574319,8574/319,"[""남성 > 슈즈 | 액세서리 > 스윔웨어 > 모두 보기""]",2026-08-24T22:40:58.274Z,ZARA,"[""2576034""]",모두 보기,STANDARD_PRODUCT,MALE,https://www.zara.com/kr/ko/%E1%84%87%E1%85%A1%E1%86%AB%E1%84%83%E1%85%A1%E1%84%82%E1%85%A1-%E1%84%91%E1%85%A2%E1%84%90%E1%85%A5%E1%86%AB-%E1%84%85%E1%85%A9%E1%86%BC-%E1%84%89%E1%85%B3%E1%84%8B%E1%85%B1%E1%86%B7%E1%84%91%E1%85%A2%E1%86%AB%E1%84%8E%E1%85%B3-p08574319.html,true,OFFICIAL_ZARA_KR_PRODUCT_SITEMAP
02910206,리브즈 패턴 스윔수트,WOMAN,SWIMSUIT,SWIMSUIT BIKINI,SWIMWEAR,https://www.zara.com/kr/ko/%E1%84%85%E1%85%B5%E1%84%91%E1%85%B3-%E1%84%91%E1%85%B3%E1%84%85%E1%85%B5%E1%86%AB%E1%84%90%E1%85%B3-%E1%84%89%E1%85%B3%E1%84%8B%E1%85%B1%E1%86%B7%E1%84%89%E1%85%AE%E1%84%90%E1%85%B3-p02910206.html,PENDING_HUMAN_REVIEW,,,,false,ZARA_KR_WOMAN_02910206,2910/206,"[""여성 > 컬렉션 > 스윔웨어 > 모두 보기""]",2026-08-24T22:40:58.274Z,ZARA,"[""2418954""]",모두 보기,STANDARD_PRODUCT,FEMALE,https://www.zara.com/kr/ko/%E1%84%85%E1%85%B5%E1%84%91%E1%85%B3-%E1%84%91%E1%85%B3%E1%84%85%E1%85%B5%E1%86%AB%E1%84%90%E1%85%B3-%E1%84%89%E1%85%B3%E1%84%8B%E1%85%B1%E1%86%B7%E1%84%89%E1%85%AE%E1%84%90%E1%85%B3-p02910206.html,true,OFFICIAL_ZARA_KR_PRODUCT_SITEMAP
00304426,베이직 레귤러핏 니트 티셔츠,MAN,SWEATER,B. Sweater SH/S,TOP,https://www.zara.com/kr/ko/%E1%84%87%E1%85%A6%E1%84%8B%E1%85%B5%E1%84%8C%E1%85%B5%E1%86%A8-%E1%84%85%E1%85%A6%E1%84%80%E1%85%B2%E1%86%AF%E1%84%85%E1%85%A5%E1%84%91%E1%85%B5%E1%86%BA-%E1%84%82%E1%85%B5%E1%84%90%E1%85%B3-%E1%84%90%E1%85%B5%E1%84%89%E1%85%A7%E1%84%8E%E1%85%B3-p00304426.html,PENDING_HUMAN_REVIEW,,,,false,ZARA_KR_MAN_00304426,0304/426,"[""남성 > 컬렉션 > 니트 | 여름 니트 > 모두 보기"",""남성 > 컬렉션 > 베스트셀러 > 모두 보기""]",2026-08-24T22:40:58.274Z,ZARA,"[""2432265""]",모두 보기,STANDARD_PRODUCT,MALE,https://www.zara.com/kr/ko/%E1%84%87%E1%85%A6%E1%84%8B%E1%85%B5%E1%84%8C%E1%85%B5%E1%86%A8-%E1%84%85%E1%85%A6%E1%84%80%E1%85%B2%E1%86%AF%E1%84%85%E1%85%A5%E1%84%91%E1%85%B5%E1%86%BA-%E1%84%82%E1%85%B5%E1%84%90%E1%85%B3-%E1%84%90%E1%85%B5%E1%84%89%E1%85%A7%E1%84%8E%E1%85%B3-p00304426.html,true,OFFICIAL_ZARA_KR_PRODUCT_SITEMAP
02756047,콤비 니트 매듭 탑,WOMAN,SWEATER,KNIT SWEATER,TOP,https://www.zara.com/kr/ko/%E1%84%86%E1%85%B5%E1%86%A8%E1%84%89%E1%85%B3-%E1%84%89%E1%85%A9%E1%84%8C%E1%85%A2-%E1%84%82%E1%85%B5%E1%84%90%E1%85%B3-%E1%84%86%E1%85%A2%E1%84%83%E1%85%B3%E1%86%B8-%E1%84%90%E1%85%A1%E1%86%B8-p02756047.html,PENDING_HUMAN_REVIEW,,,,false,ZARA_KR_WOMAN_02756047,2756/047,"[""여성 > 컬렉션 > 니트웨어 > 모두 보기"",""여성 > 컬렉션 > 탑 > 모두 보기""]",2026-08-24T22:40:58.274Z,ZARA,"[""2420306""]",모두 보기,STANDARD_PRODUCT,FEMALE,https://www.zara.com/kr/ko/%E1%84%86%E1%85%B5%E1%86%A8%E1%84%89%E1%85%B3-%E1%84%89%E1%85%A9%E1%84%8C%E1%85%A2-%E1%84%82%E1%85%B5%E1%84%90%E1%85%B3-%E1%84%86%E1%85%A2%E1%84%83%E1%85%B3%E1%86%B8-%E1%84%90%E1%85%A1%E1%86%B8-p02756047.html,true,OFFICIAL_ZARA_KR_PRODUCT_SITEMAP
01166300,소프트 박서 브리프 3팩,MAN,PANTY/UNDERPANT,Underwear,UNDERWEAR,https://www.zara.com/kr/ko/%E1%84%89%E1%85%A9%E1%84%91%E1%85%B3%E1%84%90%E1%85%B3-%E1%84%87%E1%85%A1%E1%86%A8%E1%84%89%E1%85%A5-%E1%84%87%E1%85%B3%E1%84%85%E1%85%B5%E1%84%91%E1%85%B3-3%E1%84%91%E1%85%A2%E1%86%A8-p01166300.html,PENDING_HUMAN_REVIEW,,,,false,ZARA_KR_MAN_01166300,1166/300,"[""남성 > 슈즈 | 액세서리 > 액세서리 > 브리프""]",2026-08-24T22:40:58.274Z,ZARA,"[""2436443""]",브리프,STANDARD_PRODUCT,MALE,https://www.zara.com/kr/ko/%E1%84%89%E1%85%A9%E1%84%91%E1%85%B3%E1%84%90%E1%85%B3-%E1%84%87%E1%85%A1%E1%86%A8%E1%84%89%E1%85%A5-%E1%84%87%E1%85%B3%E1%84%85%E1%85%B5%E1%84%91%E1%85%B3-3%E1%84%91%E1%85%A2%E1%86%A8-p01166300.html,true,OFFICIAL_ZARA_KR_PRODUCT_SITEMAP
05344147,새틴 언밸런스 레이스 스커트,WOMAN,TROUSERS,PANT. PIJAMA,UNDERWEAR,https://www.zara.com/kr/ko/%E1%84%89%E1%85%A2%E1%84%90%E1%85%B5%E1%86%AB-%E1%84%85%E1%85%A6%E1%84%8B%E1%85%B5%E1%84%89%E1%85%B3-%E1%84%8B%E1%85%A5%E1%86%AB%E1%84%87%E1%85%A2%E1%86%AF%E1%84%85%E1%85%A5%E1%86%AB%E1%84%89%E1%85%B3-%E1%84%89%E1%85%B3%E1%84%8F%E1%85%A5%E1%84%90%E1%85%B3-p05344147.html,PENDING_HUMAN_REVIEW,,,,false,ZARA_KR_WOMAN_05344147,5344/147,"[""여성 > 컬렉션 > 란제리 > 모두 보기"",""여성 > 컬렉션 > 스커트 > 모두 보기""]",2026-08-24T22:40:58.274Z,ZARA,"[""2419807""]",모두 보기,STANDARD_PRODUCT,FEMALE,https://www.zara.com/kr/ko/%E1%84%89%E1%85%A2%E1%84%90%E1%85%B5%E1%86%AB-%E1%84%85%E1%85%A6%E1%84%8B%E1%85%B5%E1%84%89%E1%85%B3-%E1%84%8B%E1%85%A5%E1%86%AB%E1%84%87%E1%85%A2%E1%86%AF%E1%84%85%E1%85%A5%E1%86%AB%E1%84%89%E1%85%B3-%E1%84%89%E1%85%B3%E1%84%8F%E1%85%A5%E1%84%90%E1%85%B3-p05344147.html,true,OFFICIAL_ZARA_KR_PRODUCT_SITEMAP
01221767,100% 울 레귤러핏 수트 팬츠,MAN,TROUSERS,Tailoring Pants,BOTTOM,https://www.zara.com/kr/ko/100-%E1%84%8B%E1%85%AE%E1%86%AF-%E1%84%85%E1%85%A6%E1%84%80%E1%85%B2%E1%86%AF%E1%84%85%E1%85%A5%E1%84%91%E1%85%B5%E1%86%BA-%E1%84%89%E1%85%AE%E1%84%90%E1%85%B3-%E1%84%91%E1%85%A2%E1%86%AB%E1%84%8E%E1%85%B3-p01221767.html,PENDING_HUMAN_REVIEW,,,,false,ZARA_KR_MAN_01221767,1221/767,"[""남성 > 컬렉션 > 팬츠 > 모두 보기""]",2026-08-24T22:40:58.274Z,ZARA,"[""2432096""]",모두 보기,STANDARD_PRODUCT,MALE,https://www.zara.com/kr/ko/100-%E1%84%8B%E1%85%AE%E1%86%AF-%E1%84%85%E1%85%A6%E1%84%80%E1%85%B2%E1%86%AF%E1%84%85%E1%85%A5%E1%84%91%E1%85%B5%E1%86%BA-%E1%84%89%E1%85%AE%E1%84%90%E1%85%B3-%E1%84%91%E1%85%A2%E1%86%AB%E1%84%8E%E1%85%B3-p01221767.html,true,OFFICIAL_ZARA_KR_PRODUCT_SITEMAP
02142272,파인 니트 파레오 팬츠,WOMAN,TROUSERS,KNIT PANT,BOTTOM,https://www.zara.com/kr/ko/%E1%84%91%E1%85%A1%E1%84%8B%E1%85%B5%E1%86%AB-%E1%84%82%E1%85%B5%E1%84%90%E1%85%B3-%E1%84%91%E1%85%A1%E1%84%85%E1%85%A6%E1%84%8B%E1%85%A9-%E1%84%91%E1%85%A2%E1%86%AB%E1%84%8E%E1%85%B3-p02142272.html,PENDING_HUMAN_REVIEW,,,,false,ZARA_KR_WOMAN_02142272,2142/272,"[""여성 > 컬렉션 > 니트웨어 > 모두 보기"",""여성 > 컬렉션 > 토탈 룩 > 모두 보기"",""여성 > 컬렉션 > 팬츠 > 모두 보기""]",2026-08-24T22:40:58.274Z,ZARA,"[""2420795""]",모두 보기,STANDARD_PRODUCT,FEMALE,https://www.zara.com/kr/ko/%E1%84%91%E1%85%A1%E1%84%8B%E1%85%B5%E1%86%AB-%E1%84%82%E1%85%B5%E1%84%90%E1%85%B3-%E1%84%91%E1%85%A1%E1%84%85%E1%85%A6%E1%84%8B%E1%85%A9-%E1%84%91%E1%85%A2%E1%86%AB%E1%84%8E%E1%85%B3-p02142272.html,true,OFFICIAL_ZARA_KR_PRODUCT_SITEMAP
06929486,루즈 쇼트 포켓 점프수트,WOMAN,OVERALL,T-PANTS,DRESS,https://www.zara.com/kr/ko/%E1%84%91%E1%85%A9%E1%84%8F%E1%85%A6%E1%86%BA-%E1%84%85%E1%85%AE%E1%84%8C%E1%85%B3-%E1%84%89%E1%85%AD%E1%84%90%E1%85%B3-%E1%84%8C%E1%85%A5%E1%86%B7%E1%84%91%E1%85%B3%E1%84%89%E1%85%AE%E1%84%90%E1%85%B3-p06929486.html,PENDING_HUMAN_REVIEW,,,,false,ZARA_KR_WOMAN_06929486,6929/486,"[""여성 > 컬렉션 > 원피스 > 모두 보기""]",2026-08-24T22:40:58.274Z,ZARA,"[""2420896""]",모두 보기,STANDARD_PRODUCT,FEMALE,https://www.zara.com/kr/ko/%E1%84%91%E1%85%A9%E1%84%8F%E1%85%A6%E1%86%BA-%E1%84%85%E1%85%AE%E1%84%8C%E1%85%B3-%E1%84%89%E1%85%AD%E1%84%90%E1%85%B3-%E1%84%8C%E1%85%A5%E1%86%B7%E1%84%91%E1%85%B3%E1%84%89%E1%85%AE%E1%84%90%E1%85%B3-p06929486.html,true,OFFICIAL_ZARA_KR_PRODUCT_SITEMAP
01564650,100% 울 릴렉스핏 수트 블레이저,MAN,BLAZER,Tailoring Blaz.,OUTER,https://www.zara.com/kr/ko/100-%E1%84%8B%E1%85%AE%E1%86%AF-%E1%84%85%E1%85%B5%E1%86%AF%E1%84%85%E1%85%A6%E1%86%A8%E1%84%89%E1%85%B3%E1%84%91%E1%85%B5%E1%86%BA-%E1%84%89%E1%85%AE%E1%84%90%E1%85%B3-%E1%84%87%E1%85%B3%E1%86%AF%E1%84%85%E1%85%A6%E1%84%8B%E1%85%B5%E1%84%8C%E1%85%A5-p01564650.html,PENDING_HUMAN_REVIEW,,,,false,ZARA_KR_MAN_01564650,1564/650,"[""남성 > 신상품 > THE NEW > 컬렉션"",""남성 > 컬렉션 > 베스트셀러 > 모두 보기"",""남성 > 컬렉션 > 블레이저 > 모두 보기""]",2026-08-24T22:40:58.274Z,ZARA,"[""2436311""]",컬렉션,STANDARD_PRODUCT,MALE,https://www.zara.com/kr/ko/100-%E1%84%8B%E1%85%AE%E1%86%AF-%E1%84%85%E1%85%B5%E1%86%AF%E1%84%85%E1%85%A6%E1%86%A8%E1%84%89%E1%85%B3%E1%84%91%E1%85%B5%E1%86%BA-%E1%84%89%E1%85%AE%E1%84%90%E1%85%B3-%E1%84%87%E1%85%B3%E1%86%AF%E1%84%85%E1%85%A6%E1%84%8B%E1%85%B5%E1%84%8C%E1%85%A5-p01564650.html,true,OFFICIAL_ZARA_KR_PRODUCT_SITEMAP
05063705,더블 버튼 반소매 재킷,WOMAN,BLAZER,T.BLAZER,OUTER,https://www.zara.com/kr/ko/%E1%84%83%E1%85%A5%E1%84%87%E1%85%B3%E1%86%AF-%E1%84%87%E1%85%A5%E1%84%90%E1%85%B3%E1%86%AB-%E1%84%87%E1%85%A1%E1%86%AB%E1%84%89%E1%85%A9%E1%84%86%E1%85%A2-%E1%84%8C%E1%85%A2%E1%84%8F%E1%85%B5%E1%86%BA-p05063705.html,PENDING_HUMAN_REVIEW,,,,false,ZARA_KR_WOMAN_05063705,5063/705,"[""여성 > 컬렉션 > 블레이저 > 모두 보기""]",2026-08-24T22:40:58.274Z,ZARA,"[""2420942""]",모두 보기,STANDARD_PRODUCT,FEMALE,https://www.zara.com/kr/ko/%E1%84%83%E1%85%A5%E1%84%87%E1%85%B3%E1%86%AF-%E1%84%87%E1%85%A5%E1%84%90%E1%85%B3%E1%86%AB-%E1%84%87%E1%85%A1%E1%86%AB%E1%84%89%E1%85%A9%E1%84%86%E1%85%A2-%E1%84%8C%E1%85%A2%E1%84%8F%E1%85%B5%E1%86%BA-p05063705.html,true,OFFICIAL_ZARA_KR_PRODUCT_SITEMAP
03641805,인터록 버튼 베스트,WOMAN,T-SHIRT,C. BASIC T-SHIRT,SET_OR_MULTI_PIECE,https://www.zara.com/kr/ko/%E1%84%8B%E1%85%B5%E1%86%AB%E1%84%90%E1%85%A5%E1%84%85%E1%85%A9%E1%86%A8-%E1%84%87%E1%85%A5%E1%84%90%E1%85%B3%E1%86%AB-%E1%84%87%E1%85%A6%E1%84%89%E1%85%B3%E1%84%90%E1%85%B3-p03641805.html,PENDING_HUMAN_REVIEW,,,,false,ZARA_KR_WOMAN_03641805,3641/805,"[""여성 > 컬렉션 > 토탈 룩 > 모두 보기""]",2026-08-24T22:40:58.274Z,ZARA,"[""2420285""]",모두 보기,STANDARD_PRODUCT,FEMALE,https://www.zara.com/kr/ko/%E1%84%8B%E1%85%B5%E1%86%AB%E1%84%90%E1%85%A5%E1%84%85%E1%85%A9%E1%86%A8-%E1%84%87%E1%85%A5%E1%84%90%E1%85%B3%E1%86%AB-%E1%84%87%E1%85%A6%E1%84%89%E1%85%B3%E1%84%90%E1%85%B3-p03641805.html,true,OFFICIAL_ZARA_KR_PRODUCT_SITEMAP
04786702,콘트라스트 드레이프 미디 스커트,WOMAN,SKIRT,L. SKIRT,SKIRT,https://www.zara.com/kr/ko/%E1%84%8F%E1%85%A9%E1%86%AB%E1%84%90%E1%85%B3%E1%84%85%E1%85%A1%E1%84%89%E1%85%B3%E1%84%90%E1%85%B3-%E1%84%83%E1%85%B3%E1%84%85%E1%85%A6%E1%84%8B%E1%85%B5%E1%84%91%E1%85%B3-%E1%84%86%E1%85%B5%E1%84%83%E1%85%B5-%E1%84%89%E1%85%B3%E1%84%8F%E1%85%A5%E1%84%90%E1%85%B3-p04786702.html,PENDING_HUMAN_REVIEW,,,,false,ZARA_KR_WOMAN_04786702,4786/702,"[""여성 > 신상품 > THE NEW"",""여성 > 컬렉션 > 란제리 > 모두 보기"",""여성 > 컬렉션 > 스커트 > 모두 보기""]",2026-08-24T22:40:58.274Z,ZARA,"[""2420454""]",THE NEW,STANDARD_PRODUCT,FEMALE,https://www.zara.com/kr/ko/%E1%84%8F%E1%85%A9%E1%86%AB%E1%84%90%E1%85%B3%E1%84%85%E1%85%A1%E1%84%89%E1%85%B3%E1%84%90%E1%85%B3-%E1%84%83%E1%85%B3%E1%84%85%E1%85%A6%E1%84%8B%E1%85%B5%E1%84%91%E1%85%B3-%E1%84%86%E1%85%B5%E1%84%83%E1%85%B5-%E1%84%89%E1%85%B3%E1%84%8F%E1%85%A5%E1%84%90%E1%85%B3-p04786702.html,true,OFFICIAL_ZARA_KR_PRODUCT_SITEMAP
00495318,스트라이프 미디엄 스윔팬츠,MAN,SWIMSUIT,Swimwear,SWIMWEAR,https://www.zara.com/kr/ko/%E1%84%89%E1%85%B3%E1%84%90%E1%85%B3%E1%84%85%E1%85%A1%E1%84%8B%E1%85%B5%E1%84%91%E1%85%B3-%E1%84%86%E1%85%B5%E1%84%83%E1%85%B5-%E1%84%89%E1%85%B3%E1%84%8B%E1%85%B1%E1%86%B7%E1%84%91%E1%85%A2%E1%86%AB%E1%84%8E%E1%85%B3-p00495318.html,PENDING_HUMAN_REVIEW,,,,false,ZARA_KR_MAN_00495318,0495/318,"[""남성 > 슈즈 | 액세서리 > 스윔웨어 > 모두 보기"",""남성 > 컬렉션 > 베스트셀러 > 모두 보기""]",2026-08-24T22:40:58.274Z,ZARA,"[""2576034""]",모두 보기,STANDARD_PRODUCT,MALE,https://www.zara.com/kr/ko/%E1%84%89%E1%85%B3%E1%84%90%E1%85%B3%E1%84%85%E1%85%A1%E1%84%8B%E1%85%B5%E1%84%91%E1%85%B3-%E1%84%86%E1%85%B5%E1%84%83%E1%85%B5-%E1%84%89%E1%85%B3%E1%84%8B%E1%85%B1%E1%86%B7%E1%84%91%E1%85%A2%E1%86%AB%E1%84%8E%E1%85%B3-p00495318.html,true,OFFICIAL_ZARA_KR_PRODUCT_SITEMAP
02856029,플라워 패턴 반두 비키니 탑,WOMAN,SWIMSUIT,BIKINI,SWIMWEAR,https://www.zara.com/kr/ko/%E1%84%91%E1%85%B3%E1%86%AF%E1%84%85%E1%85%A1%E1%84%8B%E1%85%AF-%E1%84%91%E1%85%A2%E1%84%90%E1%85%A5%E1%86%AB-%E1%84%87%E1%85%A1%E1%86%AB%E1%84%83%E1%85%AE-%E1%84%87%E1%85%B5%E1%84%8F%E1%85%B5%E1%84%82%E1%85%B5-%E1%84%90%E1%85%A1%E1%86%B8-p02856029.html,PENDING_HUMAN_REVIEW,,,,false,ZARA_KR_WOMAN_02856029,2856/029,"[""여성 > 컬렉션 > 스윔웨어 > 모두 보기""]",2026-08-24T22:40:58.274Z,ZARA,"[""2418954""]",모두 보기,STANDARD_PRODUCT,FEMALE,https://www.zara.com/kr/ko/%E1%84%91%E1%85%B3%E1%86%AF%E1%84%85%E1%85%A1%E1%84%8B%E1%85%AF-%E1%84%91%E1%85%A2%E1%84%90%E1%85%A5%E1%86%AB-%E1%84%87%E1%85%A1%E1%86%AB%E1%84%83%E1%85%AE-%E1%84%87%E1%85%B5%E1%84%8F%E1%85%B5%E1%84%82%E1%85%B5-%E1%84%90%E1%85%A1%E1%86%B8-p02856029.html,true,OFFICIAL_ZARA_KR_PRODUCT_SITEMAP
02632309,코튼 린넨 레귤러 핏 니트 스웨터,MAN,SWEATER,F. Sweater,TOP,https://www.zara.com/kr/ko/%E1%84%8F%E1%85%A9%E1%84%90%E1%85%B3%E1%86%AB-%E1%84%85%E1%85%B5%E1%86%AB%E1%84%82%E1%85%A6%E1%86%AB-%E1%84%85%E1%85%A6%E1%84%80%E1%85%B2%E1%86%AF%E1%84%85%E1%85%A5-%E1%84%91%E1%85%B5%E1%86%BA-%E1%84%82%E1%85%B5%E1%84%90%E1%85%B3-%E1%84%89%E1%85%B3%E1%84%8B%E1%85%B0%E1%84%90%E1%85%A5-p02632309.html,PENDING_HUMAN_REVIEW,,,,false,ZARA_KR_MAN_02632309,2632/309,"[""남성 > 컬렉션 > 니트 | 여름 니트 > 모두 보기"",""남성 > 컬렉션 > 베스트셀러 > 모두 보기""]",2026-08-24T22:40:58.274Z,ZARA,"[""2432265""]",모두 보기,STANDARD_PRODUCT,MALE,https://www.zara.com/kr/ko/%E1%84%8F%E1%85%A9%E1%84%90%E1%85%B3%E1%86%AB-%E1%84%85%E1%85%B5%E1%86%AB%E1%84%82%E1%85%A6%E1%86%AB-%E1%84%85%E1%85%A6%E1%84%80%E1%85%B2%E1%86%AF%E1%84%85%E1%85%A5-%E1%84%91%E1%85%B5%E1%86%BA-%E1%84%82%E1%85%B5%E1%84%90%E1%85%B3-%E1%84%89%E1%85%B3%E1%84%8B%E1%85%B0%E1%84%90%E1%85%A5-p02632309.html,true,OFFICIAL_ZARA_KR_PRODUCT_SITEMAP
05755908,PL VNCK,WOMAN,SWEATER,ST.PUNTO JERSEY,TOP,https://www.zara.com/kr/ko/pl-vnck-p05755908.html,PENDING_HUMAN_REVIEW,,,,false,ZARA_KR_WOMAN_05755908,5755/908,"[""여성 > 컬렉션 > 니트웨어 > 모두 보기""]",2026-08-24T22:40:58.274Z,ZARA,"[""2420306""]",모두 보기,STANDARD_PRODUCT,FEMALE,https://www.zara.com/kr/ko/pl-vnck-p05755908.html,true,OFFICIAL_ZARA_KR_PRODUCT_SITEMAP
04442336,립 박서 브리프 3장 세트,MAN,PANTY/UNDERPANT,Underwear,UNDERWEAR,https://www.zara.com/kr/ko/%E1%84%85%E1%85%B5%E1%86%B8-%E1%84%87%E1%85%A1%E1%86%A8%E1%84%89%E1%85%A5-%E1%84%87%E1%85%B3%E1%84%85%E1%85%B5%E1%84%91%E1%85%B3-3%E1%84%91%E1%85%A2%E1%86%A8-p04442336.html,PENDING_HUMAN_REVIEW,,,,false,ZARA_KR_MAN_04442336,4442/336,"[""남성 > 슈즈 | 액세서리 > 액세서리 > 브리프""]",2026-08-24T22:40:58.274Z,ZARA,"[""2436443""]",브리프,STANDARD_PRODUCT,MALE,https://www.zara.com/kr/ko/%E1%84%85%E1%85%B5%E1%86%B8-%E1%84%87%E1%85%A1%E1%86%A8%E1%84%89%E1%85%A5-%E1%84%87%E1%85%B3%E1%84%85%E1%85%B5%E1%84%91%E1%85%B3-3%E1%84%91%E1%85%A2%E1%86%A8-p04442336.html,true,OFFICIAL_ZARA_KR_PRODUCT_SITEMAP
01500702,레이스 스트랩 바디수트,WOMAN,BODYSUIT,BODY,UNDERWEAR,https://www.zara.com/kr/ko/%E1%84%85%E1%85%A6%E1%84%8B%E1%85%B5%E1%84%89%E1%85%B3-%E1%84%89%E1%85%B3%E1%84%90%E1%85%B3%E1%84%85%E1%85%A2%E1%86%B8-%E1%84%87%E1%85%A1%E1%84%83%E1%85%B5%E1%84%89%E1%85%AE%E1%84%90%E1%85%B3-p01500702.html,PENDING_HUMAN_REVIEW,,,,false,ZARA_KR_WOMAN_01500702,1500/702,"[""여성 > 신상품 > THE NEW"",""여성 > 컬렉션 > 란제리 > 모두 보기""]",2026-08-24T22:40:58.274Z,ZARA,"[""2419807""]",THE NEW,STANDARD_PRODUCT,FEMALE,https://www.zara.com/kr/ko/%E1%84%85%E1%85%A6%E1%84%8B%E1%85%B5%E1%84%89%E1%85%B3-%E1%84%89%E1%85%B3%E1%84%90%E1%85%B3%E1%84%85%E1%85%A2%E1%86%B8-%E1%84%87%E1%85%A1%E1%84%83%E1%85%B5%E1%84%89%E1%85%AE%E1%84%90%E1%85%B3-p01500702.html,true,OFFICIAL_ZARA_KR_PRODUCT_SITEMAP
05644338,스트라이프 릴렉스핏 팬츠,MAN,TROUSERS,Tracksuit Pants,BOTTOM,https://www.zara.com/kr/ko/%E1%84%85%E1%85%B5%E1%86%AF%E1%84%85%E1%85%A6%E1%86%A8%E1%84%89%E1%85%B3%E1%84%91%E1%85%B5%E1%86%BA-%E1%84%89%E1%85%B3%E1%84%90%E1%85%B3%E1%84%85%E1%85%A1%E1%84%8B%E1%85%B5%E1%84%91%E1%85%B3-%E1%84%91%E1%85%A2%E1%86%AB%E1%84%8E%E1%85%B3-p05644338.html,PENDING_HUMAN_REVIEW,,,,false,ZARA_KR_MAN_05644338,5644/338,"[""남성 > 컬렉션 > 팬츠 > 모두 보기""]",2026-08-24T22:40:58.274Z,ZARA,"[""2432096""]",모두 보기,STANDARD_PRODUCT,MALE,https://www.zara.com/kr/ko/%E1%84%85%E1%85%B5%E1%86%AF%E1%84%85%E1%85%A6%E1%86%A8%E1%84%89%E1%85%B3%E1%84%91%E1%85%B5%E1%86%BA-%E1%84%89%E1%85%B3%E1%84%90%E1%85%B3%E1%84%85%E1%85%A1%E1%84%8B%E1%85%B5%E1%84%91%E1%85%B3-%E1%84%91%E1%85%A2%E1%86%AB%E1%84%8E%E1%85%B3-p05644338.html,true,OFFICIAL_ZARA_KR_PRODUCT_SITEMAP
09042806,스트라이프 프린트 버뮤다 팬츠,WOMAN,TROUSERS,PANT. PIJAMA,BOTTOM,https://www.zara.com/kr/ko/%E1%84%89%E1%85%B3%E1%84%90%E1%85%B3%E1%84%85%E1%85%A1%E1%84%8B%E1%85%B5%E1%84%91%E1%85%B3-%E1%84%91%E1%85%B3%E1%84%85%E1%85%B5%E1%86%AB%E1%84%90%E1%85%B3-%E1%84%87%E1%85%A5%E1%84%86%E1%85%B2%E1%84%83%E1%85%A1-%E1%84%91%E1%85%A2%E1%86%AB%E1%84%8E%E1%85%B3-p09042806.html,PENDING_HUMAN_REVIEW,,,,false,ZARA_KR_WOMAN_09042806,9042/806,"[""여성 > 컬렉션 > 팬츠 > 모두 보기""]",2026-08-24T22:40:58.274Z,ZARA,"[""2420795""]",모두 보기,STANDARD_PRODUCT,FEMALE,https://www.zara.com/kr/ko/%E1%84%89%E1%85%B3%E1%84%90%E1%85%B3%E1%84%85%E1%85%A1%E1%84%8B%E1%85%B5%E1%84%91%E1%85%B3-%E1%84%91%E1%85%B3%E1%84%85%E1%85%B5%E1%86%AB%E1%84%90%E1%85%B3-%E1%84%87%E1%85%A5%E1%84%86%E1%85%B2%E1%84%83%E1%85%A1-%E1%84%91%E1%85%A2%E1%86%AB%E1%84%8E%E1%85%B3-p09042806.html,true,OFFICIAL_ZARA_KR_PRODUCT_SITEMAP
02247459,ZW 컬렉션 홀터넥 점프수트,WOMAN,OVERALL,W.PANTS,DRESS,https://www.zara.com/kr/ko/zw-%E1%84%8F%E1%85%A5%E1%86%AF%E1%84%85%E1%85%A6%E1%86%A8%E1%84%89%E1%85%A7%E1%86%AB-%E1%84%92%E1%85%A9%E1%86%AF%E1%84%90%E1%85%A5%E1%84%82%E1%85%A6%E1%86%A8-%E1%84%8C%E1%85%A5%E1%86%B7%E1%84%91%E1%85%B3%E1%84%89%E1%85%AE%E1%84%90%E1%85%B3-p02247459.html,PENDING_HUMAN_REVIEW,,,,false,ZARA_KR_WOMAN_02247459,2247/459,"[""여성 > 컬렉션 > 원피스 > 모두 보기""]",2026-08-24T22:40:58.274Z,ZARA,"[""2420896""]",모두 보기,STANDARD_PRODUCT,FEMALE,https://www.zara.com/kr/ko/zw-%E1%84%8F%E1%85%A5%E1%86%AF%E1%84%85%E1%85%A6%E1%86%A8%E1%84%89%E1%85%A7%E1%86%AB-%E1%84%92%E1%85%A9%E1%86%AF%E1%84%90%E1%85%A5%E1%84%82%E1%85%A6%E1%86%A8-%E1%84%8C%E1%85%A5%E1%86%B7%E1%84%91%E1%85%B3%E1%84%89%E1%85%AE%E1%84%90%E1%85%B3-p02247459.html,true,OFFICIAL_ZARA_KR_PRODUCT_SITEMAP
00975757,라이트 포켓 오버셔츠,MAN,OVERSHIRT,Overshirt,OUTER,https://www.zara.com/kr/ko/%E1%84%85%E1%85%A1%E1%84%8B%E1%85%B5%E1%84%90%E1%85%B3-%E1%84%91%E1%85%A9%E1%84%8F%E1%85%A6%E1%86%BA-%E1%84%8B%E1%85%A9%E1%84%87%E1%85%A5%E1%84%89%E1%85%A7%E1%84%8E%E1%85%B3-p00975757.html,PENDING_HUMAN_REVIEW,,,,false,ZARA_KR_MAN_00975757,0975/757,"[""남성 > 컬렉션 > 셔츠 > 오버셔츠""]",2026-08-24T22:40:58.274Z,ZARA,"[""2431989""]",오버셔츠,STANDARD_PRODUCT,MALE,https://www.zara.com/kr/ko/%E1%84%85%E1%85%A1%E1%84%8B%E1%85%B5%E1%84%90%E1%85%B3-%E1%84%91%E1%85%A9%E1%84%8F%E1%85%A6%E1%86%BA-%E1%84%8B%E1%85%A9%E1%84%87%E1%85%A5%E1%84%89%E1%85%A7%E1%84%8E%E1%85%B3-p00975757.html,true,OFFICIAL_ZARA_KR_PRODUCT_SITEMAP
07012800,ZW 컬렉션 린넨 프린지 재킷,WOMAN,BLAZER,W.BLAZER,OUTER,https://www.zara.com/kr/ko/zw-%E1%84%8F%E1%85%A5%E1%86%AF%E1%84%85%E1%85%A6%E1%86%A8%E1%84%89%E1%85%A7%E1%86%AB-%E1%84%85%E1%85%B5%E1%86%AB%E1%84%82%E1%85%A6%E1%86%AB-%E1%84%91%E1%85%B3%E1%84%85%E1%85%B5%E1%86%AB%E1%84%8C%E1%85%B5-%E1%84%8C%E1%85%A2%E1%84%8F%E1%85%B5%E1%86%BA-p07012800.html,PENDING_HUMAN_REVIEW,,,,false,ZARA_KR_WOMAN_07012800,7012/800,"[""여성 > 컬렉션 > 블레이저 > 모두 보기""]",2026-08-24T22:40:58.274Z,ZARA,"[""2420942""]",모두 보기,STANDARD_PRODUCT,FEMALE,https://www.zara.com/kr/ko/zw-%E1%84%8F%E1%85%A5%E1%86%AF%E1%84%85%E1%85%A6%E1%86%A8%E1%84%89%E1%85%A7%E1%86%AB-%E1%84%85%E1%85%B5%E1%86%AB%E1%84%82%E1%85%A6%E1%86%AB-%E1%84%91%E1%85%B3%E1%84%85%E1%85%B5%E1%86%AB%E1%84%8C%E1%85%B5-%E1%84%8C%E1%85%A2%E1%84%8F%E1%85%B5%E1%86%BA-p07012800.html,true,OFFICIAL_ZARA_KR_PRODUCT_SITEMAP
05644713,언밸런스 케이프 탑,WOMAN,T-SHIRT,C. FANTASY T-SHIRT,SET_OR_MULTI_PIECE,https://www.zara.com/kr/ko/%E1%84%8B%E1%85%A5%E1%86%AB%E1%84%87%E1%85%A2%E1%86%AF%E1%84%85%E1%85%A5%E1%86%AB%E1%84%89%E1%85%B3-%E1%84%8F%E1%85%A6%E1%84%8B%E1%85%B5%E1%84%91%E1%85%B3-%E1%84%90%E1%85%A1%E1%86%B8-p05644713.html,PENDING_HUMAN_REVIEW,,,,false,ZARA_KR_WOMAN_05644713,5644/713,"[""여성 > 컬렉션 > 토탈 룩 > 모두 보기""]",2026-08-24T22:40:58.274Z,ZARA,"[""2420285""]",모두 보기,STANDARD_PRODUCT,FEMALE,https://www.zara.com/kr/ko/%E1%84%8B%E1%85%A5%E1%86%AB%E1%84%87%E1%85%A2%E1%86%AF%E1%84%85%E1%85%A5%E1%86%AB%E1%84%89%E1%85%B3-%E1%84%8F%E1%85%A6%E1%84%8B%E1%85%B5%E1%84%91%E1%85%B3-%E1%84%90%E1%85%A1%E1%86%B8-p05644713.html,true,OFFICIAL_ZARA_KR_PRODUCT_SITEMAP
08001801,LIMITED EDITION 패턴 플리츠 미디 스커트,WOMAN,SKIRT,ST. FALDA,SKIRT,https://www.zara.com/kr/ko/limited-edition-%E1%84%91%E1%85%A2%E1%84%90%E1%85%A5%E1%86%AB-%E1%84%91%E1%85%B3%E1%86%AF%E1%84%85%E1%85%B5%E1%84%8E%E1%85%B3-%E1%84%86%E1%85%B5%E1%84%83%E1%85%B5-%E1%84%89%E1%85%B3%E1%84%8F%E1%85%A5%E1%84%90%E1%85%B3-p08001801.html,PENDING_HUMAN_REVIEW,,,,false,ZARA_KR_WOMAN_08001801,8001/801,"[""여성 > 컬렉션 > 스커트 > 모두 보기""]",2026-08-24T22:40:58.274Z,ZARA,"[""2420454""]",모두 보기,STANDARD_PRODUCT,FEMALE,https://www.zara.com/kr/ko/limited-edition-%E1%84%91%E1%85%A2%E1%84%90%E1%85%A5%E1%86%AB-%E1%84%91%E1%85%B3%E1%86%AF%E1%84%85%E1%85%B5%E1%84%8E%E1%85%B3-%E1%84%86%E1%85%B5%E1%84%83%E1%85%B5-%E1%84%89%E1%85%B3%E1%84%8F%E1%85%A5%E1%84%90%E1%85%B3-p08001801.html,true,OFFICIAL_ZARA_KR_PRODUCT_SITEMAP
02856061,FLWR PRNT SWM SHRT,MAN,SWIMSUIT,Swimwear,SWIMWEAR,https://www.zara.com/kr/ko/flwr-prnt-swm-shrt-p02856061.html,PENDING_HUMAN_REVIEW,,,,false,ZARA_KR_MAN_02856061,2856/061,"[""남성 > 슈즈 | 액세서리 > 스윔웨어 > 모두 보기""]",2026-08-24T22:40:58.274Z,ZARA,"[""2576034""]",모두 보기,STANDARD_PRODUCT,MALE,https://www.zara.com/kr/ko/flwr-prnt-swm-shrt-p02856061.html,true,OFFICIAL_ZARA_KR_PRODUCT_SITEMAP
02910215,새틴 링 스윔수트,WOMAN,SWIMSUIT,SWIMSUIT BIKINI,SWIMWEAR,https://www.zara.com/kr/ko/%E1%84%89%E1%85%A2%E1%84%90%E1%85%B5%E1%86%AB-%E1%84%85%E1%85%B5%E1%86%BC-%E1%84%89%E1%85%B3%E1%84%8B%E1%85%B1%E1%86%B7%E1%84%89%E1%85%AE%E1%84%90%E1%85%B3-p02910215.html,PENDING_HUMAN_REVIEW,,,,false,ZARA_KR_WOMAN_02910215,2910/215,"[""여성 > 컬렉션 > 스윔웨어 > 모두 보기""]",2026-08-24T22:40:58.274Z,ZARA,"[""2418954""]",모두 보기,STANDARD_PRODUCT,FEMALE,https://www.zara.com/kr/ko/%E1%84%89%E1%85%A2%E1%84%90%E1%85%B5%E1%86%AB-%E1%84%85%E1%85%B5%E1%86%BC-%E1%84%89%E1%85%B3%E1%84%8B%E1%85%B1%E1%86%B7%E1%84%89%E1%85%AE%E1%84%90%E1%85%B3-p02910215.html,true,OFFICIAL_ZARA_KR_PRODUCT_SITEMAP
04216301,100% 린넨 릴렉스핏 니트 티셔츠,MAN,SWEATER,F. Sweater SH/S,TOP,https://www.zara.com/kr/ko/100-%E1%84%85%E1%85%B5%E1%86%AB%E1%84%82%E1%85%A6%E1%86%AB-%E1%84%82%E1%85%B5%E1%84%90%E1%85%B3-%E1%84%85%E1%85%B5%E1%86%AF%E1%84%85%E1%85%A6%E1%86%A8%E1%84%89%E1%85%B3%E1%84%91%E1%85%B5%E1%86%BA-%E1%84%90%E1%85%B5%E1%84%89%E1%85%A7%E1%84%8E%E1%85%B3-p04216301.html,PENDING_HUMAN_REVIEW,,,,false,ZARA_KR_MAN_04216301,4216/301,"[""남성 > 컬렉션 > 니트 | 여름 니트 > 모두 보기"",""남성 > 컬렉션 > 티셔츠 > 모두 보기""]",2026-08-24T22:40:58.274Z,ZARA,"[""2432265""]",모두 보기,STANDARD_PRODUCT,MALE,https://www.zara.com/kr/ko/100-%E1%84%85%E1%85%B5%E1%86%AB%E1%84%82%E1%85%A6%E1%86%AB-%E1%84%82%E1%85%B5%E1%84%90%E1%85%B3-%E1%84%85%E1%85%B5%E1%86%AF%E1%84%85%E1%85%A6%E1%86%A8%E1%84%89%E1%85%B3%E1%84%91%E1%85%B5%E1%86%BA-%E1%84%90%E1%85%B5%E1%84%89%E1%85%A7%E1%84%8E%E1%85%B3-p04216301.html,true,OFFICIAL_ZARA_KR_PRODUCT_SITEMAP
01165160,아구스티나 슈안 솔라 이클립스 티셔츠,WOMAN,SWEATSHIRT,C. BASIC SWEATSHIRT,TOP,https://www.zara.com/kr/ko/eclipse-solar-agustina-shuan-%E1%84%90%E1%85%B5%E1%84%89%E1%85%A7%E1%84%8E%E1%85%B3-p01165160.html,PENDING_HUMAN_REVIEW,,,,false,ZARA_KR_WOMAN_01165160,1165/160,"[""여성 > 컬렉션 > 티셔츠 > 모두 보기""]",2026-08-24T22:40:58.274Z,ZARA,"[""2420417""]",모두 보기,STANDARD_PRODUCT,FEMALE,https://www.zara.com/kr/ko/eclipse-solar-agustina-shuan-%E1%84%90%E1%85%B5%E1%84%89%E1%85%A7%E1%84%8E%E1%85%B3-p01165160.html,true,OFFICIAL_ZARA_KR_PRODUCT_SITEMAP
03661400,콤비네이션 박서 브리프 3팩,MAN,PANTY/UNDERPANT,Underwear,UNDERWEAR,https://www.zara.com/kr/ko/%E1%84%8F%E1%85%A9%E1%86%B7%E1%84%87%E1%85%B5%E1%84%82%E1%85%A6%E1%84%8B%E1%85%B5%E1%84%89%E1%85%A7%E1%86%AB-%E1%84%87%E1%85%A1%E1%86%A8%E1%84%89%E1%85%A5-%E1%84%87%E1%85%B3%E1%84%85%E1%85%B5%E1%84%91%E1%85%B3-3%E1%84%91%E1%85%A2%E1%86%A8-p03661400.html,PENDING_HUMAN_REVIEW,,,,false,ZARA_KR_MAN_03661400,3661/400,"[""남성 > 슈즈 | 액세서리 > 액세서리 > 브리프""]",2026-08-24T22:40:58.274Z,ZARA,"[""2436443""]",브리프,STANDARD_PRODUCT,MALE,https://www.zara.com/kr/ko/%E1%84%8F%E1%85%A9%E1%86%B7%E1%84%87%E1%85%B5%E1%84%82%E1%85%A6%E1%84%8B%E1%85%B5%E1%84%89%E1%85%A7%E1%86%AB-%E1%84%87%E1%85%A1%E1%86%A8%E1%84%89%E1%85%A5-%E1%84%87%E1%85%B3%E1%84%85%E1%85%B5%E1%84%91%E1%85%B3-3%E1%84%91%E1%85%A2%E1%86%A8-p03661400.html,true,OFFICIAL_ZARA_KR_PRODUCT_SITEMAP
01355750,레이스 와이어 브라,WOMAN,BRA,SUJE CON B,UNDERWEAR,https://www.zara.com/kr/ko/%E1%84%85%E1%85%A6%E1%84%8B%E1%85%B5%E1%84%89%E1%85%B3-%E1%84%8B%E1%85%AA%E1%84%8B%E1%85%B5%E1%84%8B%E1%85%A5-%E1%84%87%E1%85%B3%E1%84%85%E1%85%A1-p01355750.html,PENDING_HUMAN_REVIEW,,,,false,ZARA_KR_WOMAN_01355750,1355/750,"[""여성 > 컬렉션 > 란제리 > 모두 보기""]",2026-08-24T22:40:58.274Z,ZARA,"[""2419807""]",모두 보기,STANDARD_PRODUCT,FEMALE,https://www.zara.com/kr/ko/%E1%84%85%E1%85%A6%E1%84%8B%E1%85%B5%E1%84%89%E1%85%B3-%E1%84%8B%E1%85%AA%E1%84%8B%E1%85%B5%E1%84%8B%E1%85%A5-%E1%84%87%E1%85%B3%E1%84%85%E1%85%A1-p01355750.html,true,OFFICIAL_ZARA_KR_PRODUCT_SITEMAP
01943324,3인치 러닝 쇼츠,MAN,BERMUDA,ATH Bottoms,BOTTOM,https://www.zara.com/kr/ko/3%E1%84%8B%E1%85%B5%E1%86%AB%E1%84%8E%E1%85%B5-%E1%84%85%E1%85%A5%E1%84%82%E1%85%B5%E1%86%BC-%E1%84%89%E1%85%AD%E1%84%8E%E1%85%B3-p01943324.html,PENDING_HUMAN_REVIEW,,,,false,ZARA_KR_MAN_01943324,1943/324,"[""남성 > ATHLETICZ / 26 1 18 1 > 컬렉션 > 모두 보기"",""남성 > 신상품 > THE NEW > 컬렉션"",""남성 > 컬렉션 > 반바지 | 버뮤다팬츠 > 모두 보기""]",2026-08-24T22:40:58.274Z,ZARA,"[""2432164""]",모두 보기,STANDARD_PRODUCT,MALE,https://www.zara.com/kr/ko/3%E1%84%8B%E1%85%B5%E1%86%AB%E1%84%8E%E1%85%B5-%E1%84%85%E1%85%A5%E1%84%82%E1%85%B5%E1%86%BC-%E1%84%89%E1%85%AD%E1%84%8E%E1%85%B3-p01943324.html,true,OFFICIAL_ZARA_KR_PRODUCT_SITEMAP
07833207,SCHFFL CRG PNT,WOMAN,TROUSERS,ST. PANTALON,BOTTOM,https://www.zara.com/kr/ko/schffl-crg-pnt-p07833207.html,PENDING_HUMAN_REVIEW,,,,false,ZARA_KR_WOMAN_07833207,7833/207,"[""여성 > 컬렉션 > 팬츠 > 모두 보기""]",2026-08-24T22:40:58.274Z,ZARA,"[""2420795""]",모두 보기,STANDARD_PRODUCT,FEMALE,https://www.zara.com/kr/ko/schffl-crg-pnt-p07833207.html,true,OFFICIAL_ZARA_KR_PRODUCT_SITEMAP
03666117,애니멀 프린트 란제리 미디 원피스,WOMAN,DRESS,B.DRESS,DRESS,https://www.zara.com/kr/ko/%E1%84%8B%E1%85%A2%E1%84%82%E1%85%B5%E1%84%86%E1%85%A5%E1%86%AF-%E1%84%91%E1%85%B3%E1%84%85%E1%85%B5%E1%86%AB%E1%84%90%E1%85%B3-%E1%84%85%E1%85%A1%E1%86%AB%E1%84%8C%E1%85%A6%E1%84%85%E1%85%B5-%E1%84%86%E1%85%B5%E1%84%83%E1%85%B5-%E1%84%8B%E1%85%AF%E1%86%AB%E1%84%91%E1%85%B5%E1%84%89%E1%85%B3-p03666117.html,PENDING_HUMAN_REVIEW,,,,false,ZARA_KR_WOMAN_03666117,3666/117,"[""여성 > 컬렉션 > 원피스 > 모두 보기""]",2026-08-24T22:40:58.274Z,ZARA,"[""2420896""]",모두 보기,STANDARD_PRODUCT,FEMALE,https://www.zara.com/kr/ko/%E1%84%8B%E1%85%A2%E1%84%82%E1%85%B5%E1%84%86%E1%85%A5%E1%86%AF-%E1%84%91%E1%85%B3%E1%84%85%E1%85%B5%E1%86%AB%E1%84%90%E1%85%B3-%E1%84%85%E1%85%A1%E1%86%AB%E1%84%8C%E1%85%A6%E1%84%85%E1%85%B5-%E1%84%86%E1%85%B5%E1%84%83%E1%85%B5-%E1%84%8B%E1%85%AF%E1%86%AB%E1%84%91%E1%85%B5%E1%84%89%E1%85%B3-p03666117.html,true,OFFICIAL_ZARA_KR_PRODUCT_SITEMAP
01564654,롱 릴렉스핏 트렌치 코트,MAN,TRENCH RAINCOAT,F. Coat/Trench,OUTER,https://www.zara.com/kr/ko/%E1%84%85%E1%85%A9%E1%86%BC-%E1%84%85%E1%85%B5%E1%86%AF%E1%84%85%E1%85%A6%E1%86%A8%E1%84%89%E1%85%B3-%E1%84%91%E1%85%B5%E1%86%BA-%E1%84%90%E1%85%B3%E1%84%85%E1%85%A6%E1%86%AB%E1%84%8E%E1%85%B5-%E1%84%8F%E1%85%A9%E1%84%90%E1%85%B3-p01564654.html,PENDING_HUMAN_REVIEW,,,,false,ZARA_KR_MAN_01564654,1564/654,"[""남성 > 컬렉션 > 베스트셀러 > 모두 보기"",""남성 > 컬렉션 > 재킷 | 트렌치 코트 > 모두 보기""]",2026-08-24T22:40:58.274Z,ZARA,"[""2536906""]",모두 보기,STANDARD_PRODUCT,MALE,https://www.zara.com/kr/ko/%E1%84%85%E1%85%A9%E1%86%BC-%E1%84%85%E1%85%B5%E1%86%AF%E1%84%85%E1%85%A6%E1%86%A8%E1%84%89%E1%85%B3-%E1%84%91%E1%85%B5%E1%86%BA-%E1%84%90%E1%85%B3%E1%84%85%E1%85%A6%E1%86%AB%E1%84%8E%E1%85%B5-%E1%84%8F%E1%85%A9%E1%84%90%E1%85%B3-p01564654.html,true,OFFICIAL_ZARA_KR_PRODUCT_SITEMAP
07741759,린넨 더블 브레스트 베스트,WOMAN,WAISTCOAT,B.VEST,OUTER,https://www.zara.com/kr/ko/%E1%84%85%E1%85%B5%E1%86%AB%E1%84%82%E1%85%A6%E1%86%AB-%E1%84%83%E1%85%A5%E1%84%87%E1%85%B3%E1%86%AF-%E1%84%87%E1%85%B3%E1%84%85%E1%85%A6%E1%84%89%E1%85%B3%E1%84%90%E1%85%B3-%E1%84%87%E1%85%A6%E1%84%89%E1%85%B3%E1%84%90%E1%85%B3-p07741759.html,PENDING_HUMAN_REVIEW,,,,false,ZARA_KR_WOMAN_07741759,7741/759,"[""여성 > 컬렉션 > 블레이저 > 모두 보기"",""여성 > 컬렉션 > 토탈 룩 > 모두 보기""]",2026-08-24T22:40:58.274Z,ZARA,"[""2420942""]",모두 보기,STANDARD_PRODUCT,FEMALE,https://www.zara.com/kr/ko/%E1%84%85%E1%85%B5%E1%86%AB%E1%84%82%E1%85%A6%E1%86%AB-%E1%84%83%E1%85%A5%E1%84%87%E1%85%B3%E1%86%AF-%E1%84%87%E1%85%B3%E1%84%85%E1%85%A6%E1%84%89%E1%85%B3%E1%84%90%E1%85%B3-%E1%84%87%E1%85%A6%E1%84%89%E1%85%B3%E1%84%90%E1%85%B3-p07741759.html,true,OFFICIAL_ZARA_KR_PRODUCT_SITEMAP
05039827,스트레치 오프 숄더 슬릿 탑,WOMAN,TOPS AND OTHERS,C. BASIC T-SHIRT,SET_OR_MULTI_PIECE,https://www.zara.com/kr/ko/%E1%84%8B%E1%85%A9%E1%84%91%E1%85%B3-%E1%84%89%E1%85%AD%E1%86%AF%E1%84%83%E1%85%A5-%E1%84%89%E1%85%B3%E1%84%90%E1%85%B3%E1%84%85%E1%85%A6%E1%84%8E%E1%85%B5-%E1%84%90%E1%85%B3%E1%84%8B%E1%85%B5%E1%86%B7-%E1%84%90%E1%85%A1%E1%86%B8-p05039827.html,PENDING_HUMAN_REVIEW,,,,false,ZARA_KR_WOMAN_05039827,5039/827,"[""여성 > 컬렉션 > 토탈 룩 > 모두 보기""]",2026-08-24T22:40:58.274Z,ZARA,"[""2420285""]",모두 보기,STANDARD_PRODUCT,FEMALE,https://www.zara.com/kr/ko/%E1%84%8B%E1%85%A9%E1%84%91%E1%85%B3-%E1%84%89%E1%85%AD%E1%86%AF%E1%84%83%E1%85%A5-%E1%84%89%E1%85%B3%E1%84%90%E1%85%B3%E1%84%85%E1%85%A6%E1%84%8E%E1%85%B5-%E1%84%90%E1%85%B3%E1%84%8B%E1%85%B5%E1%86%B7-%E1%84%90%E1%85%A1%E1%86%B8-p05039827.html,true,OFFICIAL_ZARA_KR_PRODUCT_SITEMAP
05252291,TRF 언밸런스 데님 미디 스커트,WOMAN,SKIRT,T.FOLDER SKIRT,SKIRT,https://www.zara.com/kr/ko/trf-%E1%84%8B%E1%85%A5%E1%86%AB%E1%84%87%E1%85%A2%E1%86%AF%E1%84%85%E1%85%A5%E1%86%AB%E1%84%89%E1%85%B3-%E1%84%83%E1%85%A6%E1%84%82%E1%85%B5%E1%86%B7-%E1%84%86%E1%85%B5%E1%84%83%E1%85%B5-%E1%84%89%E1%85%B3%E1%84%8F%E1%85%A5%E1%84%90%E1%85%B3-p05252291.html,PENDING_HUMAN_REVIEW,,,,false,ZARA_KR_WOMAN_05252291,5252/291,"[""여성 > 컬렉션 > 스커트 > 모두 보기""]",2026-08-24T22:40:58.274Z,ZARA,"[""2420454""]",모두 보기,STANDARD_PRODUCT,FEMALE,https://www.zara.com/kr/ko/trf-%E1%84%8B%E1%85%A5%E1%86%AB%E1%84%87%E1%85%A2%E1%86%AF%E1%84%85%E1%85%A5%E1%86%AB%E1%84%89%E1%85%B3-%E1%84%83%E1%85%A6%E1%84%82%E1%85%B5%E1%86%B7-%E1%84%86%E1%85%B5%E1%84%83%E1%85%B5-%E1%84%89%E1%85%B3%E1%84%8F%E1%85%A5%E1%84%90%E1%85%B3-p05252291.html,true,OFFICIAL_ZARA_KR_PRODUCT_SITEMAP
08574303,베이직 롱 스윔팬츠,MAN,SWIMSUIT,Swimwear,SWIMWEAR,https://www.zara.com/kr/ko/%E1%84%87%E1%85%A6%E1%84%8B%E1%85%B5%E1%84%8C%E1%85%B5%E1%86%A8-%E1%84%85%E1%85%A9%E1%86%BC-%E1%84%89%E1%85%B3%E1%84%8B%E1%85%B1%E1%86%B7%E1%84%91%E1%85%A2%E1%86%AB%E1%84%8E%E1%85%B3-p08574303.html,PENDING_HUMAN_REVIEW,,,,false,ZARA_KR_MAN_08574303,8574/303,"[""남성 > 슈즈 | 액세서리 > 스윔웨어 > 모두 보기""]",2026-08-24T22:40:58.274Z,ZARA,"[""2576034""]",모두 보기,STANDARD_PRODUCT,MALE,https://www.zara.com/kr/ko/%E1%84%87%E1%85%A6%E1%84%8B%E1%85%B5%E1%84%8C%E1%85%B5%E1%86%A8-%E1%84%85%E1%85%A9%E1%86%BC-%E1%84%89%E1%85%B3%E1%84%8B%E1%85%B1%E1%86%B7%E1%84%91%E1%85%A2%E1%86%AB%E1%84%8E%E1%85%B3-p08574303.html,true,OFFICIAL_ZARA_KR_PRODUCT_SITEMAP
02856210,스트라이프 패턴 비키니 팬티,WOMAN,SWIMSUIT,BIKINI,SWIMWEAR,https://www.zara.com/kr/ko/%E1%84%89%E1%85%B3%E1%84%90%E1%85%B3%E1%84%85%E1%85%A1%E1%84%8B%E1%85%B5%E1%84%91%E1%85%B3-%E1%84%91%E1%85%A2%E1%84%90%E1%85%A5%E1%86%AB-%E1%84%87%E1%85%B5%E1%84%8F%E1%85%B5%E1%84%82%E1%85%B5-%E1%84%91%E1%85%A2%E1%86%AB%E1%84%90%E1%85%B5-p02856210.html,PENDING_HUMAN_REVIEW,,,,false,ZARA_KR_WOMAN_02856210,2856/210,"[""여성 > 컬렉션 > 스윔웨어 > 모두 보기""]",2026-08-24T22:40:58.274Z,ZARA,"[""2418954""]",모두 보기,STANDARD_PRODUCT,FEMALE,https://www.zara.com/kr/ko/%E1%84%89%E1%85%B3%E1%84%90%E1%85%B3%E1%84%85%E1%85%A1%E1%84%8B%E1%85%B5%E1%84%91%E1%85%B3-%E1%84%91%E1%85%A2%E1%84%90%E1%85%A5%E1%86%AB-%E1%84%87%E1%85%B5%E1%84%8F%E1%85%B5%E1%84%82%E1%85%B5-%E1%84%91%E1%85%A2%E1%86%AB%E1%84%90%E1%85%B5-p02856210.html,true,OFFICIAL_ZARA_KR_PRODUCT_SITEMAP
03920398,코튼-린넨 레귤러핏 니트 폴로셔츠,MAN,SWEATER,Plain Sweater,TOP,https://www.zara.com/kr/ko/%E1%84%8F%E1%85%A9%E1%84%90%E1%85%B3%E1%86%AB-%E1%84%85%E1%85%B5%E1%86%AB%E1%84%82%E1%85%A6%E1%86%AB-%E1%84%85%E1%85%A6%E1%84%80%E1%85%B2%E1%86%AF%E1%84%85%E1%85%A5%E1%84%91%E1%85%B5%E1%86%BA-%E1%84%82%E1%85%B5%E1%84%90%E1%85%B3-%E1%84%91%E1%85%A9%E1%86%AF%E1%84%85%E1%85%A9%E1%84%89%E1%85%A7%E1%84%8E%E1%85%B3-p03920398.html,PENDING_HUMAN_REVIEW,,,,false,ZARA_KR_MAN_03920398,3920/398,"[""남성 > 컬렉션 > 니트 | 여름 니트 > 모두 보기"",""남성 > 컬렉션 > 베스트셀러 > 모두 보기"",""남성 > 컬렉션 > 피케 | 카라 티셔츠 > 모두 보기""]",2026-08-24T22:40:58.274Z,ZARA,"[""2432265""]",모두 보기,STANDARD_PRODUCT,MALE,https://www.zara.com/kr/ko/%E1%84%8F%E1%85%A9%E1%84%90%E1%85%B3%E1%86%AB-%E1%84%85%E1%85%B5%E1%86%AB%E1%84%82%E1%85%A6%E1%86%AB-%E1%84%85%E1%85%A6%E1%84%80%E1%85%B2%E1%86%AF%E1%84%85%E1%85%A5%E1%84%91%E1%85%B5%E1%86%BA-%E1%84%82%E1%85%B5%E1%84%90%E1%85%B3-%E1%84%91%E1%85%A9%E1%86%AF%E1%84%85%E1%85%A9%E1%84%89%E1%85%A7%E1%84%8E%E1%85%B3-p03920398.html,true,OFFICIAL_ZARA_KR_PRODUCT_SITEMAP
04805121,리본 릴리프 티셔츠,WOMAN,SWEATSHIRT,C. FANTASY SWEATSHIRT,TOP,https://www.zara.com/kr/ko/%E1%84%8B%E1%85%B5%E1%86%B8%E1%84%8E%E1%85%A6-%E1%84%85%E1%85%B5%E1%84%87%E1%85%A9%E1%86%AB-%E1%84%90%E1%85%B5%E1%84%89%E1%85%A7%E1%84%8E%E1%85%B3-p04805121.html,PENDING_HUMAN_REVIEW,,,,false,ZARA_KR_WOMAN_04805121,4805/121,"[""여성 > 컬렉션 > 티셔츠 > 모두 보기""]",2026-08-24T22:40:58.274Z,ZARA,"[""2420417""]",모두 보기,STANDARD_PRODUCT,FEMALE,https://www.zara.com/kr/ko/%E1%84%8B%E1%85%B5%E1%86%B8%E1%84%8E%E1%85%A6-%E1%84%85%E1%85%B5%E1%84%87%E1%85%A9%E1%86%AB-%E1%84%90%E1%85%B5%E1%84%89%E1%85%A7%E1%84%8E%E1%85%B3-p04805121.html,true,OFFICIAL_ZARA_KR_PRODUCT_SITEMAP
04442424,3팩 콤비 박서 브리프,MAN,PANTY/UNDERPANT,Underwear,UNDERWEAR,https://www.zara.com/kr/ko/3%E1%84%91%E1%85%A2%E1%86%A8-%E1%84%92%E1%85%A9%E1%86%AB%E1%84%92%E1%85%A1%E1%86%B8-%E1%84%87%E1%85%A1%E1%86%A8%E1%84%89%E1%85%A5-%E1%84%87%E1%85%B3%E1%84%85%E1%85%B5%E1%84%91%E1%85%B3-p04442424.html,PENDING_HUMAN_REVIEW,,,,false,ZARA_KR_MAN_04442424,4442/424,"[""남성 > 슈즈 | 액세서리 > 액세서리 > 브리프""]",2026-08-24T22:40:58.274Z,ZARA,"[""2436443""]",브리프,STANDARD_PRODUCT,MALE,https://www.zara.com/kr/ko/3%E1%84%91%E1%85%A2%E1%86%A8-%E1%84%92%E1%85%A9%E1%86%AB%E1%84%92%E1%85%A1%E1%86%B8-%E1%84%87%E1%85%A1%E1%86%A8%E1%84%89%E1%85%A5-%E1%84%87%E1%85%B3%E1%84%85%E1%85%B5%E1%84%91%E1%85%B3-p04442424.html,true,OFFICIAL_ZARA_KR_PRODUCT_SITEMAP
01758711,새틴 트라이앵글 브라렛,WOMAN,BRA,SUJETADOR,UNDERWEAR,https://www.zara.com/kr/ko/%E1%84%89%E1%85%A2%E1%84%90%E1%85%B5%E1%86%AB-%E1%84%90%E1%85%B3%E1%84%85%E1%85%A1%E1%84%8B%E1%85%B5%E1%84%8B%E1%85%A2%E1%86%BC%E1%84%80%E1%85%B3%E1%86%AF-%E1%84%87%E1%85%B3%E1%84%85%E1%85%A1%E1%84%85%E1%85%A6%E1%86%BA-p01758711.html,PENDING_HUMAN_REVIEW,,,,false,ZARA_KR_WOMAN_01758711,1758/711,"[""여성 > 컬렉션 > 란제리 > 모두 보기""]",2026-08-24T22:40:58.274Z,ZARA,"[""2419807""]",모두 보기,STANDARD_PRODUCT,FEMALE,https://www.zara.com/kr/ko/%E1%84%89%E1%85%A2%E1%84%90%E1%85%B5%E1%86%AB-%E1%84%90%E1%85%B3%E1%84%85%E1%85%A1%E1%84%8B%E1%85%B5%E1%84%8B%E1%85%A2%E1%86%BC%E1%84%80%E1%85%B3%E1%86%AF-%E1%84%87%E1%85%B3%E1%84%85%E1%85%A1%E1%84%85%E1%85%A6%E1%86%BA-p01758711.html,true,OFFICIAL_ZARA_KR_PRODUCT_SITEMAP
08054335,헤비웨이트 9인치 츄리닝 쇼츠,MAN,BERMUDA,ATH Short,BOTTOM,https://www.zara.com/kr/ko/%E1%84%92%E1%85%A6%E1%84%87%E1%85%B5%E1%84%8B%E1%85%B0%E1%84%8B%E1%85%B5%E1%84%90%E1%85%B3-9%E1%84%8B%E1%85%B5%E1%86%AB%E1%84%8E%E1%85%B5-%E1%84%89%E1%85%B3%E1%84%8B%E1%85%B0%E1%84%90%E1%85%B3-%E1%84%89%E1%85%AD%E1%84%8E%E1%85%B3-p08054335.html,PENDING_HUMAN_REVIEW,,,,false,ZARA_KR_MAN_08054335,8054/335,"[""남성 > ATHLETICZ / 26 1 18 1 > 컬렉션 > 모두 보기"",""남성 > 컬렉션 > 반바지 | 버뮤다팬츠 > 모두 보기""]",2026-08-24T22:40:58.274Z,ZARA,"[""2432164""]",모두 보기,STANDARD_PRODUCT,MALE,https://www.zara.com/kr/ko/%E1%84%92%E1%85%A6%E1%84%87%E1%85%B5%E1%84%8B%E1%85%B0%E1%84%8B%E1%85%B5%E1%84%90%E1%85%B3-9%E1%84%8B%E1%85%B5%E1%86%AB%E1%84%8E%E1%85%B5-%E1%84%89%E1%85%B3%E1%84%8B%E1%85%B0%E1%84%90%E1%85%B3-%E1%84%89%E1%85%AD%E1%84%8E%E1%85%B3-p08054335.html,true,OFFICIAL_ZARA_KR_PRODUCT_SITEMAP
07848221,FLWRS PNT CTTN,WOMAN,TROUSERS,ST.PANT.PAQUETE,BOTTOM,https://www.zara.com/kr/ko/flwrs-pnt-cttn-p07848221.html,PENDING_HUMAN_REVIEW,,,,false,ZARA_KR_WOMAN_07848221,7848/221,"[""여성 > 컬렉션 > 팬츠 > 모두 보기""]",2026-08-24T22:40:58.274Z,ZARA,"[""2420795""]",모두 보기,STANDARD_PRODUCT,FEMALE,https://www.zara.com/kr/ko/flwrs-pnt-cttn-p07848221.html,true,OFFICIAL_ZARA_KR_PRODUCT_SITEMAP
05039463,레이스 언밸런스 원피스,WOMAN,DRESS,C.BASIC DRESS,DRESS,https://www.zara.com/kr/ko/%E1%84%8B%E1%85%A5%E1%86%AB%E1%84%87%E1%85%A2%E1%86%AF%E1%84%85%E1%85%A5%E1%86%AB%E1%84%89%E1%85%B3-%E1%84%85%E1%85%A6%E1%84%8B%E1%85%B5%E1%84%89%E1%85%B3-%E1%84%8B%E1%85%AF%E1%86%AB%E1%84%91%E1%85%B5%E1%84%89%E1%85%B3-p05039463.html,PENDING_HUMAN_REVIEW,,,,false,ZARA_KR_WOMAN_05039463,5039/463,"[""여성 > 신상품 > THE NEW"",""여성 > 컬렉션 > 원피스 > 모두 보기""]",2026-08-24T22:40:58.274Z,ZARA,"[""2420896""]",THE NEW,STANDARD_PRODUCT,FEMALE,https://www.zara.com/kr/ko/%E1%84%8B%E1%85%A5%E1%86%AB%E1%84%87%E1%85%A2%E1%86%AF%E1%84%85%E1%85%A5%E1%86%AB%E1%84%89%E1%85%B3-%E1%84%85%E1%85%A6%E1%84%8B%E1%85%B5%E1%84%89%E1%85%B3-%E1%84%8B%E1%85%AF%E1%86%AB%E1%84%91%E1%85%B5%E1%84%89%E1%85%B3-p05039463.html,true,OFFICIAL_ZARA_KR_PRODUCT_SITEMAP
00122331,워시드 스티치 베스트,MAN,WAISTCOAT,Vest,OUTER,https://www.zara.com/kr/ko/%E1%84%8B%E1%85%AF%E1%84%89%E1%85%B5%E1%84%83%E1%85%B3-%E1%84%89%E1%85%B3%E1%84%90%E1%85%B5%E1%84%8E%E1%85%B5-%E1%84%87%E1%85%A6%E1%84%89%E1%85%B3%E1%84%90%E1%85%B3-p00122331.html,PENDING_HUMAN_REVIEW,,,,false,ZARA_KR_MAN_00122331,0122/331,"[""남성 > 컬렉션 > 재킷 | 트렌치 코트 > 모두 보기""]",2026-08-24T22:40:58.274Z,ZARA,"[""2536906""]",모두 보기,STANDARD_PRODUCT,MALE,https://www.zara.com/kr/ko/%E1%84%8B%E1%85%AF%E1%84%89%E1%85%B5%E1%84%83%E1%85%B3-%E1%84%89%E1%85%B3%E1%84%90%E1%85%B5%E1%84%8E%E1%85%B5-%E1%84%87%E1%85%A6%E1%84%89%E1%85%B3%E1%84%90%E1%85%B3-p00122331.html,true,OFFICIAL_ZARA_KR_PRODUCT_SITEMAP
08372236,도트 봄버 재킷,WOMAN,WIND-JACKET,B.SHORT-OUTWEAR,OUTER,https://www.zara.com/kr/ko/%E1%84%83%E1%85%A9%E1%84%90%E1%85%B3-%E1%84%87%E1%85%A9%E1%86%B7%E1%84%87%E1%85%A5-%E1%84%8C%E1%85%A2%E1%84%8F%E1%85%B5%E1%86%BA-p08372236.html,PENDING_HUMAN_REVIEW,,,,false,ZARA_KR_WOMAN_08372236,8372/236,"[""여성 > 컬렉션 > 자켓 | 점퍼 > 모두 보기""]",2026-08-24T22:40:58.274Z,ZARA,"[""2417772""]",모두 보기,STANDARD_PRODUCT,FEMALE,https://www.zara.com/kr/ko/%E1%84%83%E1%85%A9%E1%84%90%E1%85%B3-%E1%84%87%E1%85%A9%E1%86%B7%E1%84%87%E1%85%A5-%E1%84%8C%E1%85%A2%E1%84%8F%E1%85%B5%E1%86%BA-p08372236.html,true,OFFICIAL_ZARA_KR_PRODUCT_SITEMAP
05039629,배색 파이핑 토글 탑,WOMAN,TOPS AND OTHERS,C. FANTASY T-SHIRT,SET_OR_MULTI_PIECE,https://www.zara.com/kr/ko/%E1%84%90%E1%85%A9%E1%84%80%E1%85%B3%E1%86%AF-%E1%84%91%E1%85%A1%E1%84%8B%E1%85%B5%E1%84%91%E1%85%B5%E1%86%BC-%E1%84%90%E1%85%A1%E1%86%B8-p05039629.html,PENDING_HUMAN_REVIEW,,,,false,ZARA_KR_WOMAN_05039629,5039/629,"[""여성 > 컬렉션 > 토탈 룩 > 모두 보기""]",2026-08-24T22:40:58.274Z,ZARA,"[""2420285""]",모두 보기,STANDARD_PRODUCT,FEMALE,https://www.zara.com/kr/ko/%E1%84%90%E1%85%A9%E1%84%80%E1%85%B3%E1%86%AF-%E1%84%91%E1%85%A1%E1%84%8B%E1%85%B5%E1%84%91%E1%85%B5%E1%86%BC-%E1%84%90%E1%85%A1%E1%86%B8-p05039629.html,true,OFFICIAL_ZARA_KR_PRODUCT_SITEMAP
08338537,새틴 미디 스커트,WOMAN,SKIRT,T.SKIRT,SKIRT,https://www.zara.com/kr/ko/%E1%84%89%E1%85%A2%E1%84%90%E1%85%B5%E1%86%AB-%E1%84%86%E1%85%B5%E1%84%83%E1%85%B5-%E1%84%89%E1%85%B3%E1%84%8F%E1%85%A5%E1%84%90%E1%85%B3-p08338537.html,PENDING_HUMAN_REVIEW,,,,false,ZARA_KR_WOMAN_08338537,8338/537,"[""여성 > 신상품 > THE NEW"",""여성 > 컬렉션 > 스커트 > 모두 보기""]",2026-08-24T22:40:58.274Z,ZARA,"[""2420454""]",THE NEW,STANDARD_PRODUCT,FEMALE,https://www.zara.com/kr/ko/%E1%84%89%E1%85%A2%E1%84%90%E1%85%B5%E1%86%AB-%E1%84%86%E1%85%B5%E1%84%83%E1%85%B5-%E1%84%89%E1%85%B3%E1%84%8F%E1%85%A5%E1%84%90%E1%85%B3-p08338537.html,true,OFFICIAL_ZARA_KR_PRODUCT_SITEMAP
01078402,미드 패치워크 스윔팬츠,MAN,SWIMSUIT,Swimwear,SWIMWEAR,https://www.zara.com/kr/ko/%E1%84%91%E1%85%A2%E1%84%8E%E1%85%B5%E1%84%8B%E1%85%AF%E1%84%8F%E1%85%B3-%E1%84%86%E1%85%B5%E1%84%83%E1%85%B5%E1%84%8B%E1%85%A5%E1%86%B7-%E1%84%89%E1%85%B3%E1%84%8B%E1%85%B1%E1%86%B7%E1%84%91%E1%85%A2%E1%86%AB%E1%84%8E%E1%85%B3-p01078402.html,PENDING_HUMAN_REVIEW,,,,false,ZARA_KR_MAN_01078402,1078/402,"[""남성 > 슈즈 | 액세서리 > 스윔웨어 > 모두 보기""]",2026-08-24T22:40:58.274Z,ZARA,"[""2576034""]",모두 보기,STANDARD_PRODUCT,MALE,https://www.zara.com/kr/ko/%E1%84%91%E1%85%A2%E1%84%8E%E1%85%B5%E1%84%8B%E1%85%AF%E1%84%8F%E1%85%B3-%E1%84%86%E1%85%B5%E1%84%83%E1%85%B5%E1%84%8B%E1%85%A5%E1%86%B7-%E1%84%89%E1%85%B3%E1%84%8B%E1%85%B1%E1%86%B7%E1%84%91%E1%85%A2%E1%86%AB%E1%84%8E%E1%85%B3-p01078402.html,true,OFFICIAL_ZARA_KR_PRODUCT_SITEMAP
02856216,깊은 네크라인 솔리드 스윔수트,WOMAN,SWIMSUIT,SWIMSUIT BIKINI,SWIMWEAR,https://www.zara.com/kr/ko/%E1%84%83%E1%85%B5%E1%86%B8-%E1%84%87%E1%85%B3%E1%84%8B%E1%85%B5-%E1%84%82%E1%85%A6%E1%84%8F%E1%85%B3%E1%84%85%E1%85%A1%E1%84%8B%E1%85%B5%E1%86%AB-%E1%84%89%E1%85%A9%E1%86%AF%E1%84%85%E1%85%B5%E1%84%83%E1%85%B3-%E1%84%89%E1%85%B3%E1%84%8B%E1%85%B1%E1%86%B7%E1%84%89%E1%85%AE%E1%84%90%E1%85%B3-p02856216.html,PENDING_HUMAN_REVIEW,,,,false,ZARA_KR_WOMAN_02856216,2856/216,"[""여성 > 컬렉션 > 스윔웨어 > 모두 보기""]",2026-08-24T22:40:58.274Z,ZARA,"[""2418954""]",모두 보기,STANDARD_PRODUCT,FEMALE,https://www.zara.com/kr/ko/%E1%84%83%E1%85%B5%E1%86%B8-%E1%84%87%E1%85%B3%E1%84%8B%E1%85%B5-%E1%84%82%E1%85%A6%E1%84%8F%E1%85%B3%E1%84%85%E1%85%A1%E1%84%8B%E1%85%B5%E1%86%AB-%E1%84%89%E1%85%A9%E1%86%AF%E1%84%85%E1%85%B5%E1%84%83%E1%85%B3-%E1%84%89%E1%85%B3%E1%84%8B%E1%85%B1%E1%86%B7%E1%84%89%E1%85%AE%E1%84%90%E1%85%B3-p02856216.html,true,OFFICIAL_ZARA_KR_PRODUCT_SITEMAP
04387316,테크니컬 후드 스웨트셔츠,MAN,SWEATSHIRT,ATH BSweatshirt,TOP,https://www.zara.com/kr/ko/%E1%84%90%E1%85%A6%E1%84%8F%E1%85%B3%E1%84%82%E1%85%B5%E1%84%8F%E1%85%A5%E1%86%AF-%E1%84%92%E1%85%AE%E1%84%83%E1%85%B3-%E1%84%89%E1%85%B3%E1%84%8B%E1%85%B0%E1%84%90%E1%85%B3%E1%84%89%E1%85%A7%E1%84%8E%E1%85%B3-p04387316.html,PENDING_HUMAN_REVIEW,,,,false,ZARA_KR_MAN_04387316,4387/316,"[""남성 > ATHLETICZ / 26 1 18 1 > 컬렉션 > 모두 보기"",""남성 > 신상품 > THE NEW > 컬렉션"",""남성 > 컬렉션 > 맨투맨 | 후디 > 모두 보기""]",2026-08-24T22:40:58.274Z,ZARA,"[""2432232""]",모두 보기,STANDARD_PRODUCT,MALE,https://www.zara.com/kr/ko/%E1%84%90%E1%85%A6%E1%84%8F%E1%85%B3%E1%84%82%E1%85%B5%E1%84%8F%E1%85%A5%E1%86%AF-%E1%84%92%E1%85%AE%E1%84%83%E1%85%B3-%E1%84%89%E1%85%B3%E1%84%8B%E1%85%B0%E1%84%90%E1%85%B3%E1%84%89%E1%85%A7%E1%84%8E%E1%85%B3-p04387316.html,true,OFFICIAL_ZARA_KR_PRODUCT_SITEMAP
04424637,코튼 언밸런스 티셔츠,WOMAN,T-SHIRT,BASIC T-SHIRTS,TOP,https://www.zara.com/kr/ko/%E1%84%8F%E1%85%A9%E1%84%90%E1%85%B3%E1%86%AB-%E1%84%8B%E1%85%A5%E1%86%AB%E1%84%87%E1%85%A2%E1%86%AF%E1%84%85%E1%85%A5%E1%86%AB%E1%84%89%E1%85%B3-%E1%84%90%E1%85%B5%E1%84%89%E1%85%A7%E1%84%8E%E1%85%B3-p04424637.html,PENDING_HUMAN_REVIEW,,,,false,ZARA_KR_WOMAN_04424637,4424/637,"[""여성 > 컬렉션 > 티셔츠 > 모두 보기""]",2026-08-24T22:40:58.274Z,ZARA,"[""2420417""]",모두 보기,STANDARD_PRODUCT,FEMALE,https://www.zara.com/kr/ko/%E1%84%8F%E1%85%A9%E1%84%90%E1%85%B3%E1%86%AB-%E1%84%8B%E1%85%A5%E1%86%AB%E1%84%87%E1%85%A2%E1%86%AF%E1%84%85%E1%85%A5%E1%86%AB%E1%84%89%E1%85%B3-%E1%84%90%E1%85%B5%E1%84%89%E1%85%A7%E1%84%8E%E1%85%B3-p04424637.html,true,OFFICIAL_ZARA_KR_PRODUCT_SITEMAP
08501300,소프트 박서 브리프 3팩,MAN,PANTY/UNDERPANT,Underwear,UNDERWEAR,https://www.zara.com/kr/ko/%E1%84%89%E1%85%A9%E1%84%91%E1%85%B3%E1%84%90%E1%85%B3-%E1%84%87%E1%85%A1%E1%86%A8%E1%84%89%E1%85%A5-%E1%84%87%E1%85%B3%E1%84%85%E1%85%B5%E1%84%91%E1%85%B3-3%E1%84%8C%E1%85%A1%E1%86%BC-%E1%84%89%E1%85%A6%E1%84%90%E1%85%B3-p08501300.html,PENDING_HUMAN_REVIEW,,,,false,ZARA_KR_MAN_08501300,8501/300,"[""남성 > 슈즈 | 액세서리 > 액세서리 > 브리프""]",2026-08-24T22:40:58.274Z,ZARA,"[""2436443""]",브리프,STANDARD_PRODUCT,MALE,https://www.zara.com/kr/ko/%E1%84%89%E1%85%A9%E1%84%91%E1%85%B3%E1%84%90%E1%85%B3-%E1%84%87%E1%85%A1%E1%86%A8%E1%84%89%E1%85%A5-%E1%84%87%E1%85%B3%E1%84%85%E1%85%B5%E1%84%91%E1%85%B3-3%E1%84%8C%E1%85%A1%E1%86%BC-%E1%84%89%E1%85%A6%E1%84%90%E1%85%B3-p08501300.html,true,OFFICIAL_ZARA_KR_PRODUCT_SITEMAP
01223710,립 프릴 니트 재킷,WOMAN,CARDIGAN,CHAQUETA/SUD,UNDERWEAR,https://www.zara.com/kr/ko/%E1%84%85%E1%85%B5%E1%86%B8-%E1%84%91%E1%85%B3%E1%84%85%E1%85%B5%E1%86%AF-%E1%84%82%E1%85%B5%E1%84%90%E1%85%B3-%E1%84%8C%E1%85%A2%E1%84%8F%E1%85%B5%E1%86%BA-p01223710.html,PENDING_HUMAN_REVIEW,,,,false,ZARA_KR_WOMAN_01223710,1223/710,"[""여성 > 신상품 > THE NEW"",""여성 > 컬렉션 > 란제리 > 모두 보기""]",2026-08-24T22:40:58.274Z,ZARA,"[""2419807""]",THE NEW,STANDARD_PRODUCT,FEMALE,https://www.zara.com/kr/ko/%E1%84%85%E1%85%B5%E1%86%B8-%E1%84%91%E1%85%B3%E1%84%85%E1%85%B5%E1%86%AF-%E1%84%82%E1%85%B5%E1%84%90%E1%85%B3-%E1%84%8C%E1%85%A2%E1%84%8F%E1%85%B5%E1%86%BA-p01223710.html,true,OFFICIAL_ZARA_KR_PRODUCT_SITEMAP
07200320,배색 밑단 쇼트 버뮤다 팬츠,MAN,BERMUDA,B. Bermuda Rest,BOTTOM,https://www.zara.com/kr/ko/%E1%84%8F%E1%85%A9%E1%86%AB%E1%84%90%E1%85%B3%E1%84%85%E1%85%A1%E1%84%89%E1%85%B3%E1%84%90%E1%85%B3-%E1%84%86%E1%85%B5%E1%87%80%E1%84%83%E1%85%A1%E1%86%AB-%E1%84%89%E1%85%AD%E1%84%8E%E1%85%B3-p07200320.html,PENDING_HUMAN_REVIEW,,,,false,ZARA_KR_MAN_07200320,7200/320,"[""남성 > 컬렉션 > 반바지 | 버뮤다팬츠 > 모두 보기""]",2026-08-24T22:40:58.274Z,ZARA,"[""2432164""]",모두 보기,STANDARD_PRODUCT,MALE,https://www.zara.com/kr/ko/%E1%84%8F%E1%85%A9%E1%86%AB%E1%84%90%E1%85%B3%E1%84%85%E1%85%A1%E1%84%89%E1%85%B3%E1%84%90%E1%85%B3-%E1%84%86%E1%85%B5%E1%87%80%E1%84%83%E1%85%A1%E1%86%AB-%E1%84%89%E1%85%AD%E1%84%8E%E1%85%B3-p07200320.html,true,OFFICIAL_ZARA_KR_PRODUCT_SITEMAP
06929508,루즈 팬츠,WOMAN,TROUSERS,T-PANTS,BOTTOM,https://www.zara.com/kr/ko/%E1%84%85%E1%85%AE%E1%84%8C%E1%85%B3-%E1%84%89%E1%85%B3%E1%84%90%E1%85%B3%E1%84%85%E1%85%A1%E1%84%8B%E1%85%B5%E1%84%91%E1%85%B3-%E1%84%91%E1%85%A2%E1%86%AB%E1%84%8E%E1%85%B3-p06929508.html,PENDING_HUMAN_REVIEW,,,,false,ZARA_KR_WOMAN_06929508,6929/508,"[""여성 > 컬렉션 > 팬츠 > 모두 보기""]",2026-08-24T22:40:58.274Z,ZARA,"[""2420795""]",모두 보기,STANDARD_PRODUCT,FEMALE,https://www.zara.com/kr/ko/%E1%84%85%E1%85%AE%E1%84%8C%E1%85%B3-%E1%84%89%E1%85%B3%E1%84%90%E1%85%B3%E1%84%85%E1%85%A1%E1%84%8B%E1%85%B5%E1%84%91%E1%85%B3-%E1%84%91%E1%85%A2%E1%86%AB%E1%84%8E%E1%85%B3-p06929508.html,true,OFFICIAL_ZARA_KR_PRODUCT_SITEMAP
05063809,스트레치 밴드 미니 원피스,WOMAN,DRESS,C.FANTASY DRESS,DRESS,https://www.zara.com/kr/ko/%E1%84%89%E1%85%B3%E1%84%90%E1%85%B3%E1%84%85%E1%85%A6%E1%84%8E%E1%85%B5-%E1%84%87%E1%85%A2%E1%86%AB%E1%84%83%E1%85%B3-%E1%84%86%E1%85%B5%E1%84%82%E1%85%B5-%E1%84%8B%E1%85%AF%E1%86%AB%E1%84%91%E1%85%B5%E1%84%89%E1%85%B3-p05063809.html,PENDING_HUMAN_REVIEW,,,,false,ZARA_KR_WOMAN_05063809,5063/809,"[""여성 > 컬렉션 > 원피스 > 모두 보기""]",2026-08-24T22:40:58.274Z,ZARA,"[""2420896""]",모두 보기,STANDARD_PRODUCT,FEMALE,https://www.zara.com/kr/ko/%E1%84%89%E1%85%B3%E1%84%90%E1%85%B3%E1%84%85%E1%85%A6%E1%84%8E%E1%85%B5-%E1%84%87%E1%85%A2%E1%86%AB%E1%84%83%E1%85%B3-%E1%84%86%E1%85%B5%E1%84%82%E1%85%B5-%E1%84%8B%E1%85%AF%E1%86%AB%E1%84%91%E1%85%B5%E1%84%89%E1%85%B3-p05063809.html,true,OFFICIAL_ZARA_KR_PRODUCT_SITEMAP
05320302,러닝 슬릿 윈드브레이커,MAN,WIND-JACKET,ATH Tops,OUTER,https://www.zara.com/kr/ko/%E1%84%85%E1%85%A5%E1%84%82%E1%85%B5%E1%86%BC-%E1%84%89%E1%85%B3%E1%86%AF%E1%84%85%E1%85%B5%E1%86%BA-%E1%84%8B%E1%85%B1%E1%86%AB%E1%84%83%E1%85%B3%E1%84%87%E1%85%B3%E1%84%85%E1%85%A6%E1%84%8B%E1%85%B5%E1%84%8F%E1%85%A5-p05320302.html,PENDING_HUMAN_REVIEW,,,,false,ZARA_KR_MAN_05320302,5320/302,"[""남성 > ATHLETICZ / 26 1 18 1 > 컬렉션 > 모두 보기"",""남성 > 컬렉션 > 재킷 | 트렌치 코트 > 모두 보기""]",2026-08-24T22:40:58.274Z,ZARA,"[""2536906""]",모두 보기,STANDARD_PRODUCT,MALE,https://www.zara.com/kr/ko/%E1%84%85%E1%85%A5%E1%84%82%E1%85%B5%E1%86%BC-%E1%84%89%E1%85%B3%E1%86%AF%E1%84%85%E1%85%B5%E1%86%BA-%E1%84%8B%E1%85%B1%E1%86%AB%E1%84%83%E1%85%B3%E1%84%87%E1%85%B3%E1%84%85%E1%85%A6%E1%84%8B%E1%85%B5%E1%84%8F%E1%85%A5-p05320302.html,true,OFFICIAL_ZARA_KR_PRODUCT_SITEMAP
04749900,도트 패턴 밑단 조절 재킷,WOMAN,WIND-JACKET,T.SHORT-OUTWEAR,OUTER,https://www.zara.com/kr/ko/%E1%84%83%E1%85%A9%E1%84%90%E1%85%B3-%E1%84%91%E1%85%A2%E1%84%90%E1%85%A5%E1%86%AB-%E1%84%86%E1%85%B5%E1%87%80%E1%84%83%E1%85%A1%E1%86%AB-%E1%84%8C%E1%85%A9%E1%84%8C%E1%85%A5%E1%86%AF-%E1%84%8C%E1%85%A2%E1%84%8F%E1%85%B5%E1%86%BA-p04749900.html,PENDING_HUMAN_REVIEW,,,,false,ZARA_KR_WOMAN_04749900,4749/900,"[""여성 > 컬렉션 > 자켓 | 점퍼 > 모두 보기""]",2026-08-24T22:40:58.274Z,ZARA,"[""2417772""]",모두 보기,STANDARD_PRODUCT,FEMALE,https://www.zara.com/kr/ko/%E1%84%83%E1%85%A9%E1%84%90%E1%85%B3-%E1%84%91%E1%85%A2%E1%84%90%E1%85%A5%E1%86%AB-%E1%84%86%E1%85%B5%E1%87%80%E1%84%83%E1%85%A1%E1%86%AB-%E1%84%8C%E1%85%A9%E1%84%8C%E1%85%A5%E1%86%AF-%E1%84%8C%E1%85%A2%E1%84%8F%E1%85%B5%E1%86%BA-p04749900.html,true,OFFICIAL_ZARA_KR_PRODUCT_SITEMAP
05584631,와이드 버뮤다 팬츠,WOMAN,TROUSERS,C-LEGGING,SET_OR_MULTI_PIECE,https://www.zara.com/kr/ko/%E1%84%8B%E1%85%AA%E1%84%8B%E1%85%B5%E1%84%83%E1%85%B3-%E1%84%87%E1%85%A5%E1%84%86%E1%85%B2%E1%84%83%E1%85%A1-%E1%84%91%E1%85%A2%E1%86%AB%E1%84%8E%E1%85%B3-p05584631.html,PENDING_HUMAN_REVIEW,,,,false,ZARA_KR_WOMAN_05584631,5584/631,"[""여성 > 컬렉션 > 토탈 룩 > 모두 보기""]",2026-08-24T22:40:58.274Z,ZARA,"[""2420285""]",모두 보기,STANDARD_PRODUCT,FEMALE,https://www.zara.com/kr/ko/%E1%84%8B%E1%85%AA%E1%84%8B%E1%85%B5%E1%84%83%E1%85%B3-%E1%84%87%E1%85%A5%E1%84%86%E1%85%B2%E1%84%83%E1%85%A1-%E1%84%91%E1%85%A2%E1%86%AB%E1%84%8E%E1%85%B3-p05584631.html,true,OFFICIAL_ZARA_KR_PRODUCT_SITEMAP
00252784,카라멜 런던 X 자라 크리에이티드 체크 스커트,WOMAN,SKIRT,W.SKIRT,SKIRT,https://www.zara.com/kr/ko/caramel-london-x-zara-%E1%84%8F%E1%85%A9%E1%86%AF%E1%84%85%E1%85%A1%E1%84%87%E1%85%A9-%E1%84%8E%E1%85%A6%E1%84%8F%E1%85%B3-%E1%84%89%E1%85%B3%E1%84%8F%E1%85%A5%E1%84%90%E1%85%B3-p00252784.html,PENDING_HUMAN_REVIEW,,,,false,ZARA_KR_WOMAN_00252784,0252/784,"[""여성 > 컬렉션 > 스커트 > 모두 보기""]",2026-08-24T22:40:58.274Z,ZARA,"[""2420454""]",모두 보기,STANDARD_PRODUCT,FEMALE,https://www.zara.com/kr/ko/caramel-london-x-zara-%E1%84%8F%E1%85%A9%E1%86%AF%E1%84%85%E1%85%A1%E1%84%87%E1%85%A9-%E1%84%8E%E1%85%A6%E1%84%8F%E1%85%B3-%E1%84%89%E1%85%B3%E1%84%8F%E1%85%A5%E1%84%90%E1%85%B3-p00252784.html,true,OFFICIAL_ZARA_KR_PRODUCT_SITEMAP
01437315,롱 스티치 스윔팬츠,MAN,SWIMSUIT,Swimwear,SWIMWEAR,https://www.zara.com/kr/ko/%E1%84%85%E1%85%A9%E1%86%BC-%E1%84%89%E1%85%B3%E1%84%90%E1%85%B5%E1%84%8E%E1%85%B5-%E1%84%89%E1%85%B3%E1%84%8B%E1%85%B1%E1%86%B7%E1%84%91%E1%85%A2%E1%86%AB%E1%84%8E%E1%85%B3-p01437315.html,PENDING_HUMAN_REVIEW,,,,false,ZARA_KR_MAN_01437315,1437/315,"[""남성 > 슈즈 | 액세서리 > 스윔웨어 > 모두 보기""]",2026-08-24T22:40:58.274Z,ZARA,"[""2576034""]",모두 보기,STANDARD_PRODUCT,MALE,https://www.zara.com/kr/ko/%E1%84%85%E1%85%A9%E1%86%BC-%E1%84%89%E1%85%B3%E1%84%90%E1%85%B5%E1%84%8E%E1%85%B5-%E1%84%89%E1%85%B3%E1%84%8B%E1%85%B1%E1%86%B7%E1%84%91%E1%85%A2%E1%86%AB%E1%84%8E%E1%85%B3-p01437315.html,true,OFFICIAL_ZARA_KR_PRODUCT_SITEMAP
02910210,셔링 비키니 팬티,WOMAN,SWIMSUIT,BIKINI,SWIMWEAR,https://www.zara.com/kr/ko/%E1%84%89%E1%85%A7%E1%84%85%E1%85%B5%E1%86%BC-%E1%84%87%E1%85%B5%E1%84%8F%E1%85%B5%E1%84%82%E1%85%B5-%E1%84%91%E1%85%A2%E1%86%AB%E1%84%90%E1%85%B5-p02910210.html,PENDING_HUMAN_REVIEW,,,,false,ZARA_KR_WOMAN_02910210,2910/210,"[""여성 > 컬렉션 > 스윔웨어 > 모두 보기""]",2026-08-24T22:40:58.274Z,ZARA,"[""2418954""]",모두 보기,STANDARD_PRODUCT,FEMALE,https://www.zara.com/kr/ko/%E1%84%89%E1%85%A7%E1%84%85%E1%85%B5%E1%86%BC-%E1%84%87%E1%85%B5%E1%84%8F%E1%85%B5%E1%84%82%E1%85%B5-%E1%84%91%E1%85%A2%E1%86%AB%E1%84%90%E1%85%B5-p02910210.html,true,OFFICIAL_ZARA_KR_PRODUCT_SITEMAP
04231345,코튼 후드 스웨트셔츠,MAN,SWEATSHIRT,ATH Tops,TOP,https://www.zara.com/kr/ko/%E1%84%8F%E1%85%A9%E1%84%90%E1%85%B3%E1%86%AB-%E1%84%92%E1%85%AE%E1%84%83%E1%85%B3-%E1%84%89%E1%85%B3%E1%84%8B%E1%85%B0%E1%84%90%E1%85%B3%E1%84%89%E1%85%A7%E1%84%8E%E1%85%B3-p04231345.html,PENDING_HUMAN_REVIEW,,,,false,ZARA_KR_MAN_04231345,4231/345,"[""남성 > ATHLETICZ / 26 1 18 1 > 컬렉션 > 모두 보기"",""남성 > 신상품 > THE NEW > 컬렉션"",""남성 > 컬렉션 > 맨투맨 | 후디 > 모두 보기""]",2026-08-24T22:40:58.274Z,ZARA,"[""2432232""]",모두 보기,STANDARD_PRODUCT,MALE,https://www.zara.com/kr/ko/%E1%84%8F%E1%85%A9%E1%84%90%E1%85%B3%E1%86%AB-%E1%84%92%E1%85%AE%E1%84%83%E1%85%B3-%E1%84%89%E1%85%B3%E1%84%8B%E1%85%B0%E1%84%90%E1%85%B3%E1%84%89%E1%85%A7%E1%84%8E%E1%85%B3-p04231345.html,true,OFFICIAL_ZARA_KR_PRODUCT_SITEMAP
05039462,러스트 버튼 티셔츠,WOMAN,T-SHIRT,C. BASIC T-SHIRT,TOP,https://www.zara.com/kr/ko/%E1%84%85%E1%85%A5%E1%84%89%E1%85%B3%E1%84%90%E1%85%B3-%E1%84%87%E1%85%A5%E1%84%90%E1%85%B3%E1%86%AB-%E1%84%90%E1%85%B5%E1%84%89%E1%85%A7%E1%84%8E%E1%85%B3-p05039462.html,PENDING_HUMAN_REVIEW,,,,false,ZARA_KR_WOMAN_05039462,5039/462,"[""여성 > 컬렉션 > 토탈 룩 > 모두 보기"",""여성 > 컬렉션 > 티셔츠 > 모두 보기""]",2026-08-24T22:40:58.274Z,ZARA,"[""2420417""]",모두 보기,STANDARD_PRODUCT,FEMALE,https://www.zara.com/kr/ko/%E1%84%85%E1%85%A5%E1%84%89%E1%85%B3%E1%84%90%E1%85%B3-%E1%84%87%E1%85%A5%E1%84%90%E1%85%B3%E1%86%AB-%E1%84%90%E1%85%B5%E1%84%89%E1%85%A7%E1%84%8E%E1%85%B3-p05039462.html,true,OFFICIAL_ZARA_KR_PRODUCT_SITEMAP
04442335,대비되는 립 디테일 박서 브리프 3팩,MAN,PANTY/UNDERPANT,Underwear,UNDERWEAR,https://www.zara.com/kr/ko/%E1%84%87%E1%85%A2%E1%84%89%E1%85%A2%E1%86%A8-%E1%84%85%E1%85%B5%E1%86%B8-%E1%84%87%E1%85%A1%E1%86%A8%E1%84%89%E1%85%A5-%E1%84%87%E1%85%B3%E1%84%85%E1%85%B5%E1%84%91%E1%85%B3-3%E1%84%8C%E1%85%A1%E1%86%BC-%E1%84%89%E1%85%A6%E1%84%90%E1%85%B3-p04442335.html,PENDING_HUMAN_REVIEW,,,,false,ZARA_KR_MAN_04442335,4442/335,"[""남성 > 슈즈 | 액세서리 > 액세서리 > 브리프""]",2026-08-24T22:40:58.274Z,ZARA,"[""2436443""]",브리프,STANDARD_PRODUCT,MALE,https://www.zara.com/kr/ko/%E1%84%87%E1%85%A2%E1%84%89%E1%85%A2%E1%86%A8-%E1%84%85%E1%85%B5%E1%86%B8-%E1%84%87%E1%85%A1%E1%86%A8%E1%84%89%E1%85%A5-%E1%84%87%E1%85%B3%E1%84%85%E1%85%B5%E1%84%91%E1%85%B3-3%E1%84%8C%E1%85%A1%E1%86%BC-%E1%84%89%E1%85%A6%E1%84%90%E1%85%B3-p04442335.html,true,OFFICIAL_ZARA_KR_PRODUCT_SITEMAP
01355104,폴리아미드 혼방 와이드 웨이스트 티팬티,WOMAN,PANTY/UNDERPANT,BRAGA,UNDERWEAR,https://www.zara.com/kr/ko/%E1%84%91%E1%85%A9%E1%86%AF%E1%84%85%E1%85%B5%E1%84%8B%E1%85%A1%E1%84%86%E1%85%B5%E1%84%83%E1%85%B3-%E1%84%92%E1%85%A9%E1%86%AB%E1%84%87%E1%85%A1%E1%86%BC-%E1%84%8B%E1%85%AA%E1%84%8B%E1%85%B5%E1%84%83%E1%85%B3-%E1%84%8B%E1%85%B0%E1%84%8B%E1%85%B5%E1%84%89%E1%85%B3%E1%84%90%E1%85%B3-%E1%84%90%E1%85%B5%E1%84%91%E1%85%A2%E1%86%AB%E1%84%90%E1%85%B5-p01355104.html,PENDING_HUMAN_REVIEW,,,,false,ZARA_KR_WOMAN_01355104,1355/104,"[""여성 > 컬렉션 > 란제리 > 모두 보기""]",2026-08-24T22:40:58.274Z,ZARA,"[""2419807""]",모두 보기,STANDARD_PRODUCT,FEMALE,https://www.zara.com/kr/ko/%E1%84%91%E1%85%A9%E1%86%AF%E1%84%85%E1%85%B5%E1%84%8B%E1%85%A1%E1%84%86%E1%85%B5%E1%84%83%E1%85%B3-%E1%84%92%E1%85%A9%E1%86%AB%E1%84%87%E1%85%A1%E1%86%BC-%E1%84%8B%E1%85%AA%E1%84%8B%E1%85%B5%E1%84%83%E1%85%B3-%E1%84%8B%E1%85%B0%E1%84%8B%E1%85%B5%E1%84%89%E1%85%B3%E1%84%90%E1%85%B3-%E1%84%90%E1%85%B5%E1%84%91%E1%85%A2%E1%86%AB%E1%84%90%E1%85%B5-p01355104.html,true,OFFICIAL_ZARA_KR_PRODUCT_SITEMAP
05585366,스트레이트핏 데님 버뮤다 팬츠,MAN,BERMUDA,Bermuda Denim,BOTTOM,https://www.zara.com/kr/ko/%E1%84%89%E1%85%B3%E1%84%90%E1%85%B3%E1%84%85%E1%85%A6%E1%84%8B%E1%85%B5%E1%84%90%E1%85%B3-%E1%84%91%E1%85%B5%E1%86%BA-%E1%84%83%E1%85%A6%E1%84%82%E1%85%B5%E1%86%B7-%E1%84%87%E1%85%A5%E1%84%86%E1%85%B2%E1%84%83%E1%85%A1-%E1%84%91%E1%85%A2%E1%86%AB%E1%84%8E%E1%85%B3-p05585366.html,PENDING_HUMAN_REVIEW,,,,false,ZARA_KR_MAN_05585366,5585/366,"[""남성 > 컬렉션 > 반바지 | 버뮤다팬츠 > 모두 보기""]",2026-08-24T22:40:58.274Z,ZARA,"[""2432164""]",모두 보기,STANDARD_PRODUCT,MALE,https://www.zara.com/kr/ko/%E1%84%89%E1%85%B3%E1%84%90%E1%85%B3%E1%84%85%E1%85%A6%E1%84%8B%E1%85%B5%E1%84%90%E1%85%B3-%E1%84%91%E1%85%B5%E1%86%BA-%E1%84%83%E1%85%A6%E1%84%82%E1%85%B5%E1%86%B7-%E1%84%87%E1%85%A5%E1%84%86%E1%85%B2%E1%84%83%E1%85%A1-%E1%84%91%E1%85%A2%E1%86%AB%E1%84%8E%E1%85%B3-p05585366.html,true,OFFICIAL_ZARA_KR_PRODUCT_SITEMAP
05575252,TRF 오버사이즈 미드라이즈 진,WOMAN,TROUSERS,T.FOLDER PANTS,BOTTOM,https://www.zara.com/kr/ko/trf-%E1%84%8B%E1%85%A9%E1%84%87%E1%85%A5%E1%84%89%E1%85%A1%E1%84%8B%E1%85%B5%E1%84%8C%E1%85%B3-%E1%84%86%E1%85%B5%E1%84%83%E1%85%B3%E1%84%85%E1%85%A1%E1%84%8B%E1%85%B5%E1%84%8C%E1%85%B3-%E1%84%8E%E1%85%A5%E1%86%BC%E1%84%87%E1%85%A1%E1%84%8C%E1%85%B5-p05575252.html,PENDING_HUMAN_REVIEW,,,,false,ZARA_KR_WOMAN_05575252,5575/252,"[""여성 > 신상품 > THE NEW"",""여성 > 컬렉션 > 진 | 데님팬츠 > 모두 보기""]",2026-08-24T22:40:58.274Z,ZARA,"[""2419185""]",THE NEW,STANDARD_PRODUCT,FEMALE,https://www.zara.com/kr/ko/trf-%E1%84%8B%E1%85%A9%E1%84%87%E1%85%A5%E1%84%89%E1%85%A1%E1%84%8B%E1%85%B5%E1%84%8C%E1%85%B3-%E1%84%86%E1%85%B5%E1%84%83%E1%85%B3%E1%84%85%E1%85%A1%E1%84%8B%E1%85%B5%E1%84%8C%E1%85%B3-%E1%84%8E%E1%85%A5%E1%86%BC%E1%84%87%E1%85%A1%E1%84%8C%E1%85%B5-p05575252.html,true,OFFICIAL_ZARA_KR_PRODUCT_SITEMAP
03500002,프린지 니트 원피스,WOMAN,DRESS,KNIT DRESS,DRESS,https://www.zara.com/kr/ko/%E1%84%91%E1%85%B3%E1%84%85%E1%85%B5%E1%86%AB%E1%84%8C%E1%85%B5-%E1%84%82%E1%85%B5%E1%84%90%E1%85%B3-%E1%84%8B%E1%85%AF%E1%86%AB%E1%84%91%E1%85%B5%E1%84%89%E1%85%B3-p03500002.html,PENDING_HUMAN_REVIEW,,,,false,ZARA_KR_WOMAN_03500002,3500/002,"[""여성 > 컬렉션 > 니트웨어 > 모두 보기"",""여성 > 컬렉션 > 원피스 > 모두 보기""]",2026-08-24T22:40:58.274Z,ZARA,"[""2420896""]",모두 보기,STANDARD_PRODUCT,FEMALE,https://www.zara.com/kr/ko/%E1%84%91%E1%85%B3%E1%84%85%E1%85%B5%E1%86%AB%E1%84%8C%E1%85%B5-%E1%84%82%E1%85%B5%E1%84%90%E1%85%B3-%E1%84%8B%E1%85%AF%E1%86%AB%E1%84%91%E1%85%B5%E1%84%89%E1%85%B3-p03500002.html,true,OFFICIAL_ZARA_KR_PRODUCT_SITEMAP
03833430,레귤러 핏 스웨이드 레더 재킷,MAN,WIND-JACKET,B. Jacket,OUTER,https://www.zara.com/kr/ko/%E1%84%85%E1%85%A6%E1%84%80%E1%85%B2%E1%86%AF%E1%84%85%E1%85%A5-%E1%84%91%E1%85%B5%E1%86%BA-%E1%84%89%E1%85%B3%E1%84%8B%E1%85%B0%E1%84%8B%E1%85%B5%E1%84%83%E1%85%B3-%E1%84%80%E1%85%A1%E1%84%8C%E1%85%AE%E1%86%A8-%E1%84%8C%E1%85%A2%E1%84%8F%E1%85%B5%E1%86%BA-p03833430.html,PENDING_HUMAN_REVIEW,,,,false,ZARA_KR_MAN_03833430,3833/430,"[""남성 > 컬렉션 > 베스트셀러 > 모두 보기"",""남성 > 컬렉션 > 재킷 | 트렌치 코트 > 모두 보기""]",2026-08-24T22:40:58.274Z,ZARA,"[""2536906""]",모두 보기,STANDARD_PRODUCT,MALE,https://www.zara.com/kr/ko/%E1%84%85%E1%85%A6%E1%84%80%E1%85%B2%E1%86%AF%E1%84%85%E1%85%A5-%E1%84%91%E1%85%B5%E1%86%BA-%E1%84%89%E1%85%B3%E1%84%8B%E1%85%B0%E1%84%8B%E1%85%B5%E1%84%83%E1%85%B3-%E1%84%80%E1%85%A1%E1%84%8C%E1%85%AE%E1%86%A8-%E1%84%8C%E1%85%A2%E1%84%8F%E1%85%B5%E1%86%BA-p03833430.html,true,OFFICIAL_ZARA_KR_PRODUCT_SITEMAP
06895250,ZW 컬렉션 자카드 블레이저,WOMAN,WIND-JACKET,W.SHORT-OUTWEAR,OUTER,https://www.zara.com/kr/ko/zw-%E1%84%8F%E1%85%A5%E1%86%AF%E1%84%85%E1%85%A6%E1%86%A8%E1%84%89%E1%85%A7%E1%86%AB-%E1%84%8C%E1%85%A1%E1%84%8F%E1%85%A1%E1%84%83%E1%85%B3-%E1%84%87%E1%85%B3%E1%86%AF%E1%84%85%E1%85%A6%E1%84%8B%E1%85%B5%E1%84%8C%E1%85%A5-p06895250.html,PENDING_HUMAN_REVIEW,,,,false,ZARA_KR_WOMAN_06895250,6895/250,"[""여성 > 컬렉션 > 블레이저 > 모두 보기""]",2026-08-24T22:40:58.274Z,ZARA,"[""2420942""]",모두 보기,STANDARD_PRODUCT,FEMALE,https://www.zara.com/kr/ko/zw-%E1%84%8F%E1%85%A5%E1%86%AF%E1%84%85%E1%85%A6%E1%86%A8%E1%84%89%E1%85%A7%E1%86%AB-%E1%84%8C%E1%85%A1%E1%84%8F%E1%85%A1%E1%84%83%E1%85%B3-%E1%84%87%E1%85%B3%E1%86%AF%E1%84%85%E1%85%A6%E1%84%8B%E1%85%B5%E1%84%8C%E1%85%A5-p06895250.html,true,OFFICIAL_ZARA_KR_PRODUCT_SITEMAP
01255477,스트라이프 러플 팬츠,WOMAN,TROUSERS,T-PANTS,SET_OR_MULTI_PIECE,https://www.zara.com/kr/ko/%E1%84%89%E1%85%B3%E1%84%90%E1%85%B3%E1%84%85%E1%85%A1%E1%84%8B%E1%85%B5%E1%84%91%E1%85%B3-%E1%84%85%E1%85%A5%E1%84%91%E1%85%B3%E1%86%AF-%E1%84%91%E1%85%A2%E1%86%AB%E1%84%8E%E1%85%B3-p01255477.html,PENDING_HUMAN_REVIEW,,,,false,ZARA_KR_WOMAN_01255477,1255/477,"[""여성 > 컬렉션 > 토탈 룩 > 모두 보기""]",2026-08-24T22:40:58.274Z,ZARA,"[""2420285""]",모두 보기,STANDARD_PRODUCT,FEMALE,https://www.zara.com/kr/ko/%E1%84%89%E1%85%B3%E1%84%90%E1%85%B3%E1%84%85%E1%85%A1%E1%84%8B%E1%85%B5%E1%84%91%E1%85%B3-%E1%84%85%E1%85%A5%E1%84%91%E1%85%B3%E1%86%AF-%E1%84%91%E1%85%A2%E1%86%AB%E1%84%8E%E1%85%B3-p01255477.html,true,OFFICIAL_ZARA_KR_PRODUCT_SITEMAP
05029139,도트 미디 스커트,WOMAN,SKIRT,B.SKIRT,SKIRT,https://www.zara.com/kr/ko/%E1%84%83%E1%85%A9%E1%84%90%E1%85%B3-%E1%84%86%E1%85%B5%E1%84%83%E1%85%B5-%E1%84%89%E1%85%B3%E1%84%8F%E1%85%A5%E1%84%90%E1%85%B3-p05029139.html,PENDING_HUMAN_REVIEW,,,,false,ZARA_KR_WOMAN_05029139,5029/139,"[""여성 > 컬렉션 > 스커트 > 모두 보기""]",2026-08-24T22:40:58.274Z,ZARA,"[""2420454""]",모두 보기,STANDARD_PRODUCT,FEMALE,https://www.zara.com/kr/ko/%E1%84%83%E1%85%A9%E1%84%90%E1%85%B3-%E1%84%86%E1%85%B5%E1%84%83%E1%85%B5-%E1%84%89%E1%85%B3%E1%84%8F%E1%85%A5%E1%84%90%E1%85%B3-p05029139.html,true,OFFICIAL_ZARA_KR_PRODUCT_SITEMAP
08574312,워싱 이펙트 롱 스윔팬츠,MAN,SWIMSUIT,Swimwear,SWIMWEAR,https://www.zara.com/kr/ko/%E1%84%8B%E1%85%AF%E1%84%89%E1%85%B5%E1%86%BC-%E1%84%8B%E1%85%B5%E1%84%91%E1%85%A6%E1%86%A8%E1%84%90%E1%85%B3-%E1%84%85%E1%85%A9%E1%86%BC-%E1%84%89%E1%85%B3%E1%84%8B%E1%85%B1%E1%86%B7%E1%84%91%E1%85%A2%E1%86%AB%E1%84%8E%E1%85%B3-p08574312.html,PENDING_HUMAN_REVIEW,,,,false,ZARA_KR_MAN_08574312,8574/312,"[""남성 > 슈즈 | 액세서리 > 스윔웨어 > 모두 보기""]",2026-08-24T22:40:58.274Z,ZARA,"[""2576034""]",모두 보기,STANDARD_PRODUCT,MALE,https://www.zara.com/kr/ko/%E1%84%8B%E1%85%AF%E1%84%89%E1%85%B5%E1%86%BC-%E1%84%8B%E1%85%B5%E1%84%91%E1%85%A6%E1%86%A8%E1%84%90%E1%85%B3-%E1%84%85%E1%85%A9%E1%86%BC-%E1%84%89%E1%85%B3%E1%84%8B%E1%85%B1%E1%86%B7%E1%84%91%E1%85%A2%E1%86%AB%E1%84%8E%E1%85%B3-p08574312.html,true,OFFICIAL_ZARA_KR_PRODUCT_SITEMAP
02856211,콘트라스트 스트랩 플레인 스윔수트,WOMAN,SWIMSUIT,SWIMSUIT BIKINI,SWIMWEAR,https://www.zara.com/kr/ko/%E1%84%87%E1%85%A2%E1%84%89%E1%85%A2%E1%86%A8-%E1%84%89%E1%85%B3%E1%84%90%E1%85%B3%E1%84%85%E1%85%A2%E1%86%B8-%E1%84%89%E1%85%A9%E1%86%AF%E1%84%85%E1%85%B5%E1%84%83%E1%85%B3-%E1%84%89%E1%85%B3%E1%84%8B%E1%85%B1%E1%86%B7%E1%84%89%E1%85%AE%E1%84%90%E1%85%B3-p02856211.html,PENDING_HUMAN_REVIEW,,,,false,ZARA_KR_WOMAN_02856211,2856/211,"[""여성 > 컬렉션 > 스윔웨어 > 모두 보기""]",2026-08-24T22:40:58.274Z,ZARA,"[""2418954""]",모두 보기,STANDARD_PRODUCT,FEMALE,https://www.zara.com/kr/ko/%E1%84%87%E1%85%A2%E1%84%89%E1%85%A2%E1%86%A8-%E1%84%89%E1%85%B3%E1%84%90%E1%85%B3%E1%84%85%E1%85%A2%E1%86%B8-%E1%84%89%E1%85%A9%E1%86%AF%E1%84%85%E1%85%B5%E1%84%83%E1%85%B3-%E1%84%89%E1%85%B3%E1%84%8B%E1%85%B1%E1%86%B7%E1%84%89%E1%85%AE%E1%84%90%E1%85%B3-p02856211.html,true,OFFICIAL_ZARA_KR_PRODUCT_SITEMAP
00761350,베이직 릴랙스 핏 후드 스웨트셔츠,MAN,SWEATSHIRT,B. Sweatshirt,TOP,https://www.zara.com/kr/ko/%E1%84%87%E1%85%A6%E1%84%8B%E1%85%B5%E1%84%8C%E1%85%B5%E1%86%A8-%E1%84%85%E1%85%B5%E1%86%AF%E1%84%85%E1%85%A2%E1%86%A8%E1%84%89%E1%85%B3-%E1%84%91%E1%85%B5%E1%86%BA-%E1%84%92%E1%85%AE%E1%84%83%E1%85%B3-%E1%84%89%E1%85%B3%E1%84%8B%E1%85%B0%E1%84%90%E1%85%B3%E1%84%89%E1%85%A7%E1%84%8E%E1%85%B3-p00761350.html,PENDING_HUMAN_REVIEW,,,,false,ZARA_KR_MAN_00761350,0761/350,"[""남성 > 컬렉션 > 맨투맨 | 후디 > 모두 보기""]",2026-08-24T22:40:58.274Z,ZARA,"[""2432232""]",모두 보기,STANDARD_PRODUCT,MALE,https://www.zara.com/kr/ko/%E1%84%87%E1%85%A6%E1%84%8B%E1%85%B5%E1%84%8C%E1%85%B5%E1%86%A8-%E1%84%85%E1%85%B5%E1%86%AF%E1%84%85%E1%85%A2%E1%86%A8%E1%84%89%E1%85%B3-%E1%84%91%E1%85%B5%E1%86%BA-%E1%84%92%E1%85%AE%E1%84%83%E1%85%B3-%E1%84%89%E1%85%B3%E1%84%8B%E1%85%B0%E1%84%90%E1%85%B3%E1%84%89%E1%85%A7%E1%84%8E%E1%85%B3-p00761350.html,true,OFFICIAL_ZARA_KR_PRODUCT_SITEMAP
04424629,스트라이프 와이드 슬리브 티셔츠,WOMAN,T-SHIRT,C. FANTASY T-SHIRT,TOP,https://www.zara.com/kr/ko/%E1%84%89%E1%85%B3%E1%84%90%E1%85%B3%E1%84%85%E1%85%A1%E1%84%8B%E1%85%B5%E1%84%91%E1%85%B3-%E1%84%8B%E1%85%AA%E1%84%8B%E1%85%B5%E1%84%83%E1%85%B3-%E1%84%89%E1%85%B3%E1%86%AF%E1%84%85%E1%85%B5%E1%84%87%E1%85%B3-%E1%84%90%E1%85%B5%E1%84%89%E1%85%A7%E1%84%8E%E1%85%B3-p04424629.html,PENDING_HUMAN_REVIEW,,,,false,ZARA_KR_WOMAN_04424629,4424/629,"[""여성 > 컬렉션 > 티셔츠 > 모두 보기""]",2026-08-24T22:40:58.274Z,ZARA,"[""2420417""]",모두 보기,STANDARD_PRODUCT,FEMALE,https://www.zara.com/kr/ko/%E1%84%89%E1%85%B3%E1%84%90%E1%85%B3%E1%84%85%E1%85%A1%E1%84%8B%E1%85%B5%E1%84%91%E1%85%B3-%E1%84%8B%E1%85%AA%E1%84%8B%E1%85%B5%E1%84%83%E1%85%B3-%E1%84%89%E1%85%B3%E1%86%AF%E1%84%85%E1%85%B5%E1%84%87%E1%85%B3-%E1%84%90%E1%85%B5%E1%84%89%E1%85%A7%E1%84%8E%E1%85%B3-p04424629.html,true,OFFICIAL_ZARA_KR_PRODUCT_SITEMAP
04442306,소프트 박서 브리프 3장 세트,MAN,PANTY/UNDERPANT,Underwear,UNDERWEAR,https://www.zara.com/kr/ko/%E1%84%89%E1%85%A9%E1%84%91%E1%85%B3%E1%84%90%E1%85%B3-%E1%84%87%E1%85%A1%E1%86%A8%E1%84%89%E1%85%A5-%E1%84%87%E1%85%B3%E1%84%85%E1%85%B5%E1%84%91%E1%85%B3-3%E1%84%91%E1%85%A2%E1%86%A8-p04442306.html,PENDING_HUMAN_REVIEW,,,,false,ZARA_KR_MAN_04442306,4442/306,"[""남성 > 슈즈 | 액세서리 > 액세서리 > 브리프""]",2026-08-24T22:40:58.274Z,ZARA,"[""2436443""]",브리프,STANDARD_PRODUCT,MALE,https://www.zara.com/kr/ko/%E1%84%89%E1%85%A9%E1%84%91%E1%85%B3%E1%84%90%E1%85%B3-%E1%84%87%E1%85%A1%E1%86%A8%E1%84%89%E1%85%A5-%E1%84%87%E1%85%B3%E1%84%85%E1%85%B5%E1%84%91%E1%85%B3-3%E1%84%91%E1%85%A2%E1%86%A8-p04442306.html,true,OFFICIAL_ZARA_KR_PRODUCT_SITEMAP
01067115,세미 시스루 링클 페이크 티셔츠,WOMAN,TOPS AND OTHERS,CAMISETA,UNDERWEAR,https://www.zara.com/kr/ko/%E1%84%89%E1%85%A6%E1%84%86%E1%85%B5-%E1%84%89%E1%85%B5%E1%84%89%E1%85%B3%E1%84%85%E1%85%AE-%E1%84%85%E1%85%B5%E1%86%BC%E1%84%8F%E1%85%B3%E1%86%AF-%E1%84%91%E1%85%A6%E1%84%8B%E1%85%B5%E1%84%8F%E1%85%B3-%E1%84%90%E1%85%B5%E1%84%89%E1%85%A7%E1%84%8E%E1%85%B3-p01067115.html,PENDING_HUMAN_REVIEW,,,,false,ZARA_KR_WOMAN_01067115,1067/115,"[""여성 > 컬렉션 > 란제리 > 모두 보기"",""여성 > 컬렉션 > 티셔츠 > 모두 보기""]",2026-08-24T22:40:58.274Z,ZARA,"[""2419807""]",모두 보기,STANDARD_PRODUCT,FEMALE,https://www.zara.com/kr/ko/%E1%84%89%E1%85%A6%E1%84%86%E1%85%B5-%E1%84%89%E1%85%B5%E1%84%89%E1%85%B3%E1%84%85%E1%85%AE-%E1%84%85%E1%85%B5%E1%86%BC%E1%84%8F%E1%85%B3%E1%86%AF-%E1%84%91%E1%85%A6%E1%84%8B%E1%85%B5%E1%84%8F%E1%85%B3-%E1%84%90%E1%85%B5%E1%84%89%E1%85%A7%E1%84%8E%E1%85%B3-p01067115.html,true,OFFICIAL_ZARA_KR_PRODUCT_SITEMAP
00706158,와이드핏 플리츠 버뮤다 팬츠,MAN,BERMUDA,F.Bermuda Rest,BOTTOM,https://www.zara.com/kr/ko/%E1%84%91%E1%85%B3%E1%86%AF%E1%84%85%E1%85%B5%E1%84%8E%E1%85%B3-%E1%84%8B%E1%85%AA%E1%84%8B%E1%85%B5%E1%84%83%E1%85%B3%E1%84%91%E1%85%B5%E1%86%BA-%E1%84%87%E1%85%A5%E1%84%86%E1%85%B2%E1%84%83%E1%85%A1-%E1%84%91%E1%85%A2%E1%86%AB%E1%84%8E%E1%85%B3-p00706158.html,PENDING_HUMAN_REVIEW,,,,false,ZARA_KR_MAN_00706158,0706/158,"[""남성 > 컬렉션 > 반바지 | 버뮤다팬츠 > 모두 보기""]",2026-08-24T22:40:58.274Z,ZARA,"[""2432164""]",모두 보기,STANDARD_PRODUCT,MALE,https://www.zara.com/kr/ko/%E1%84%91%E1%85%B3%E1%86%AF%E1%84%85%E1%85%B5%E1%84%8E%E1%85%B3-%E1%84%8B%E1%85%AA%E1%84%8B%E1%85%B5%E1%84%83%E1%85%B3%E1%84%91%E1%85%B5%E1%86%BA-%E1%84%87%E1%85%A5%E1%84%86%E1%85%B2%E1%84%83%E1%85%A1-%E1%84%91%E1%85%A2%E1%86%AB%E1%84%8E%E1%85%B3-p00706158.html,true,OFFICIAL_ZARA_KR_PRODUCT_SITEMAP
09632268,ZW 컬렉션 릴랙스드 와이드 레그 로우라이즈 진,WOMAN,TROUSERS,W.FOLDER PANTS,BOTTOM,https://www.zara.com/kr/ko/jeans-zw-collection-%E1%84%85%E1%85%B5%E1%86%AF%E1%84%85%E1%85%A2%E1%86%A8%E1%84%89%E1%85%B3%E1%84%83%E1%85%B3-%E1%84%8B%E1%85%AA%E1%84%8B%E1%85%B5%E1%84%83%E1%85%B3-%E1%84%85%E1%85%A6%E1%84%80%E1%85%B3-%E1%84%85%E1%85%A9%E1%84%8B%E1%85%AE%E1%84%85%E1%85%A1%E1%84%8B%E1%85%B5%E1%84%8C%E1%85%B3-p09632268.html,PENDING_HUMAN_REVIEW,,,,false,ZARA_KR_WOMAN_09632268,9632/268,"[""여성 > 컬렉션 > 진 | 데님팬츠 > 모두 보기""]",2026-08-24T22:40:58.274Z,ZARA,"[""2419185""]",모두 보기,STANDARD_PRODUCT,FEMALE,https://www.zara.com/kr/ko/jeans-zw-collection-%E1%84%85%E1%85%B5%E1%86%AF%E1%84%85%E1%85%A2%E1%86%A8%E1%84%89%E1%85%B3%E1%84%83%E1%85%B3-%E1%84%8B%E1%85%AA%E1%84%8B%E1%85%B5%E1%84%83%E1%85%B3-%E1%84%85%E1%85%A6%E1%84%80%E1%85%B3-%E1%84%85%E1%85%A9%E1%84%8B%E1%85%AE%E1%84%85%E1%85%A1%E1%84%8B%E1%85%B5%E1%84%8C%E1%85%B3-p09632268.html,true,OFFICIAL_ZARA_KR_PRODUCT_SITEMAP
07832216,FLWRS DRSS,WOMAN,DRESS,ST. VESTIDO,DRESS,https://www.zara.com/kr/ko/flwrs-drss-p07832216.html,PENDING_HUMAN_REVIEW,,,,false,ZARA_KR_WOMAN_07832216,7832/216,"[""여성 > 컬렉션 > 원피스 > 모두 보기""]",2026-08-24T22:40:58.274Z,ZARA,"[""2420896""]",모두 보기,STANDARD_PRODUCT,FEMALE,https://www.zara.com/kr/ko/flwrs-drss-p07832216.html,true,OFFICIAL_ZARA_KR_PRODUCT_SITEMAP
03046457,릴렉스핏 캥거루 윈드브레이커 재킷,MAN,WIND-JACKET,F. Jacket,OUTER,https://www.zara.com/kr/ko/%E1%84%85%E1%85%B5%E1%86%AF%E1%84%85%E1%85%A6%E1%86%A8%E1%84%89%E1%85%B3%E1%84%91%E1%85%B5%E1%86%BA-%E1%84%8F%E1%85%A2%E1%86%BC%E1%84%80%E1%85%A5%E1%84%85%E1%85%AE-%E1%84%91%E1%85%A9%E1%84%8F%E1%85%A6%E1%86%BA-%E1%84%8B%E1%85%B1%E1%86%AB%E1%84%83%E1%85%B3%E1%84%87%E1%85%B3%E1%84%85%E1%85%A6%E1%84%8B%E1%85%B5%E1%84%8F%E1%85%A5-p03046457.html,PENDING_HUMAN_REVIEW,,,,false,ZARA_KR_MAN_03046457,3046/457,"[""남성 > 컬렉션 > 재킷 | 트렌치 코트 > 모두 보기""]",2026-08-24T22:40:58.274Z,ZARA,"[""2536906""]",모두 보기,STANDARD_PRODUCT,MALE,https://www.zara.com/kr/ko/%E1%84%85%E1%85%B5%E1%86%AF%E1%84%85%E1%85%A6%E1%86%A8%E1%84%89%E1%85%B3%E1%84%91%E1%85%B5%E1%86%BA-%E1%84%8F%E1%85%A2%E1%86%BC%E1%84%80%E1%85%A5%E1%84%85%E1%85%AE-%E1%84%91%E1%85%A9%E1%84%8F%E1%85%A6%E1%86%BA-%E1%84%8B%E1%85%B1%E1%86%AB%E1%84%83%E1%85%B3%E1%84%87%E1%85%B3%E1%84%85%E1%85%A6%E1%84%8B%E1%85%B5%E1%84%8F%E1%85%A5-p03046457.html,true,OFFICIAL_ZARA_KR_PRODUCT_SITEMAP
07810733,레이스 밑단 크롭 블레이저,WOMAN,BLAZER,B.BLAZER,OUTER,https://www.zara.com/kr/ko/%E1%84%85%E1%85%A6%E1%84%8B%E1%85%B5%E1%84%89%E1%85%B3-%E1%84%86%E1%85%B5%E1%87%80%E1%84%83%E1%85%A1%E1%86%AB-%E1%84%8F%E1%85%B3%E1%84%85%E1%85%A9%E1%86%B8-%E1%84%87%E1%85%B3%E1%86%AF%E1%84%85%E1%85%A6%E1%84%8B%E1%85%B5%E1%84%8C%E1%85%A5-p07810733.html,PENDING_HUMAN_REVIEW,,,,false,ZARA_KR_WOMAN_07810733,7810/733,"[""여성 > 컬렉션 > 블레이저 > 모두 보기"",""여성 > 컬렉션 > 토탈 룩 > 모두 보기""]",2026-08-24T22:40:58.274Z,ZARA,"[""2420942""]",모두 보기,STANDARD_PRODUCT,FEMALE,https://www.zara.com/kr/ko/%E1%84%85%E1%85%A6%E1%84%8B%E1%85%B5%E1%84%89%E1%85%B3-%E1%84%86%E1%85%B5%E1%87%80%E1%84%83%E1%85%A1%E1%86%AB-%E1%84%8F%E1%85%B3%E1%84%85%E1%85%A9%E1%86%B8-%E1%84%87%E1%85%B3%E1%86%AF%E1%84%85%E1%85%A6%E1%84%8B%E1%85%B5%E1%84%8C%E1%85%A5-p07810733.html,true,OFFICIAL_ZARA_KR_PRODUCT_SITEMAP
05107105,ZW 컬렉션 레이스 벌룬 팬츠,WOMAN,TROUSERS,W.PANTS,SET_OR_MULTI_PIECE,https://www.zara.com/kr/ko/zw-%E1%84%8F%E1%85%A5%E1%86%AF%E1%84%85%E1%85%A6%E1%86%A8%E1%84%89%E1%85%A7%E1%86%AB-%E1%84%85%E1%85%A6%E1%84%8B%E1%85%B5%E1%84%89%E1%85%B3-%E1%84%87%E1%85%A5%E1%86%AF%E1%84%85%E1%85%AE%E1%86%AB-%E1%84%91%E1%85%A2%E1%86%AB%E1%84%8E%E1%85%B3-p05107105.html,PENDING_HUMAN_REVIEW,,,,false,ZARA_KR_WOMAN_05107105,5107/105,"[""여성 > 컬렉션 > 토탈 룩 > 모두 보기""]",2026-08-24T22:40:58.274Z,ZARA,"[""2420285""]",모두 보기,STANDARD_PRODUCT,FEMALE,https://www.zara.com/kr/ko/zw-%E1%84%8F%E1%85%A5%E1%86%AF%E1%84%85%E1%85%A6%E1%86%A8%E1%84%89%E1%85%A7%E1%86%AB-%E1%84%85%E1%85%A6%E1%84%8B%E1%85%B5%E1%84%89%E1%85%B3-%E1%84%87%E1%85%A5%E1%86%AF%E1%84%85%E1%85%AE%E1%86%AB-%E1%84%91%E1%85%A2%E1%86%AB%E1%84%8E%E1%85%B3-p05107105.html,true,OFFICIAL_ZARA_KR_PRODUCT_SITEMAP
02335627,인터록 믹스 스커트,WOMAN,SKIRT,C. SKIRT,SKIRT,https://www.zara.com/kr/ko/%E1%84%8B%E1%85%B5%E1%86%AB%E1%84%90%E1%85%A5%E1%84%85%E1%85%A9%E1%86%A8-%E1%84%86%E1%85%B5%E1%86%A8%E1%84%89%E1%85%B3-%E1%84%89%E1%85%B3%E1%84%8F%E1%85%A5%E1%84%90%E1%85%B3-p02335627.html,PENDING_HUMAN_REVIEW,,,,false,ZARA_KR_WOMAN_02335627,2335/627,"[""여성 > 컬렉션 > 스커트 > 모두 보기"",""여성 > 컬렉션 > 토탈 룩 > 모두 보기""]",2026-08-24T22:40:58.274Z,ZARA,"[""2420454""]",모두 보기,STANDARD_PRODUCT,FEMALE,https://www.zara.com/kr/ko/%E1%84%8B%E1%85%B5%E1%86%AB%E1%84%90%E1%85%A5%E1%84%85%E1%85%A9%E1%86%A8-%E1%84%86%E1%85%B5%E1%86%A8%E1%84%89%E1%85%B3-%E1%84%89%E1%85%B3%E1%84%8F%E1%85%A5%E1%84%90%E1%85%B3-p02335627.html,true,OFFICIAL_ZARA_KR_PRODUCT_SITEMAP
00495309,크랩 패턴 스윔팬츠,MAN,SWIMSUIT,Swimwear,SWIMWEAR,https://www.zara.com/kr/ko/%E1%84%8F%E1%85%B3%E1%84%85%E1%85%A2%E1%86%B8-%E1%84%91%E1%85%A2%E1%84%90%E1%85%A5%E1%86%AB-%E1%84%89%E1%85%B3%E1%84%8B%E1%85%B1%E1%86%B7%E1%84%91%E1%85%A2%E1%86%AB%E1%84%8E%E1%85%B3-p00495309.html,PENDING_HUMAN_REVIEW,,,,false,ZARA_KR_MAN_00495309,0495/309,"[""남성 > 슈즈 | 액세서리 > 스윔웨어 > 모두 보기""]",2026-08-24T22:40:58.274Z,ZARA,"[""2576034""]",모두 보기,STANDARD_PRODUCT,MALE,https://www.zara.com/kr/ko/%E1%84%8F%E1%85%B3%E1%84%85%E1%85%A2%E1%86%B8-%E1%84%91%E1%85%A2%E1%84%90%E1%85%A5%E1%86%AB-%E1%84%89%E1%85%B3%E1%84%8B%E1%85%B1%E1%86%B7%E1%84%91%E1%85%A2%E1%86%AB%E1%84%8E%E1%85%B3-p00495309.html,true,OFFICIAL_ZARA_KR_PRODUCT_SITEMAP
00167222,플라워 자수 비키니 팬티,WOMAN,SWIMSUIT,BIKINI,SWIMWEAR,https://www.zara.com/kr/ko/%E1%84%91%E1%85%B3%E1%86%AF%E1%84%85%E1%85%A1%E1%84%8B%E1%85%AF-%E1%84%8C%E1%85%A1%E1%84%89%E1%85%AE-%E1%84%87%E1%85%B5%E1%84%8F%E1%85%B5%E1%84%82%E1%85%B5-%E1%84%91%E1%85%A2%E1%86%AB%E1%84%90%E1%85%B5-p00167222.html,PENDING_HUMAN_REVIEW,,,,false,ZARA_KR_WOMAN_00167222,0167/222,"[""여성 > 컬렉션 > 스윔웨어 > 모두 보기""]",2026-08-24T22:40:58.274Z,ZARA,"[""2418954""]",모두 보기,STANDARD_PRODUCT,FEMALE,https://www.zara.com/kr/ko/%E1%84%91%E1%85%B3%E1%86%AF%E1%84%85%E1%85%A1%E1%84%8B%E1%85%AF-%E1%84%8C%E1%85%A1%E1%84%89%E1%85%AE-%E1%84%87%E1%85%B5%E1%84%8F%E1%85%B5%E1%84%82%E1%85%B5-%E1%84%91%E1%85%A2%E1%86%AB%E1%84%90%E1%85%B5-p00167222.html,true,OFFICIAL_ZARA_KR_PRODUCT_SITEMAP
03443317,아론 레빈 X ZARA 릴랙스 핏 후드 스웨트셔츠,MAN,SWEATSHIRT,F. Jacket,TOP,https://www.zara.com/kr/ko/%E1%84%8B%E1%85%A1%E1%84%85%E1%85%A9%E1%86%AB-%E1%84%85%E1%85%A6%E1%84%87%E1%85%B5%E1%86%AB-x-zara-%E1%84%85%E1%85%B5%E1%86%AF%E1%84%85%E1%85%A2%E1%86%A8%E1%84%89%E1%85%B3-%E1%84%91%E1%85%B5%E1%86%BA-%E1%84%92%E1%85%AE%E1%84%83%E1%85%B3-%E1%84%89%E1%85%B3%E1%84%8B%E1%85%B0%E1%84%90%E1%85%B3%E1%84%89%E1%85%A7%E1%84%8E%E1%85%B3-p03443317.html,PENDING_HUMAN_REVIEW,,,,false,ZARA_KR_MAN_03443317,3443/317,"[""남성 > 신상품 > THE NEW > 컬렉션"",""남성 > 컬렉션 > 맨투맨 | 후디 > 모두 보기"",""남성 > 컬렉션 > 베스트셀러 > 모두 보기""]",2026-08-24T22:40:58.274Z,ZARA,"[""2432232""]",컬렉션,STANDARD_PRODUCT,MALE,https://www.zara.com/kr/ko/%E1%84%8B%E1%85%A1%E1%84%85%E1%85%A9%E1%86%AB-%E1%84%85%E1%85%A6%E1%84%87%E1%85%B5%E1%86%AB-x-zara-%E1%84%85%E1%85%B5%E1%86%AF%E1%84%85%E1%85%A2%E1%86%A8%E1%84%89%E1%85%B3-%E1%84%91%E1%85%B5%E1%86%BA-%E1%84%92%E1%85%AE%E1%84%83%E1%85%B3-%E1%84%89%E1%85%B3%E1%84%8B%E1%85%B0%E1%84%90%E1%85%B3%E1%84%89%E1%85%A7%E1%84%8E%E1%85%B3-p03443317.html,true,OFFICIAL_ZARA_KR_PRODUCT_SITEMAP
01277101,코트니 래글런 티셔츠,WOMAN,T-SHIRT,C. POSITIONAL T-SHIRT,TOP,https://www.zara.com/kr/ko/%E1%84%8F%E1%85%A9%E1%84%90%E1%85%B3%E1%84%82%E1%85%B5-%E1%84%85%E1%85%A2%E1%84%80%E1%85%B3%E1%86%AF%E1%84%85%E1%85%A5%E1%86%AB-%E1%84%90%E1%85%B5%E1%84%89%E1%85%A7%E1%84%8E%E1%85%B3-p01277101.html,PENDING_HUMAN_REVIEW,,,,false,ZARA_KR_WOMAN_01277101,1277/101,"[""여성 > 신상품 > THE NEW"",""여성 > 컬렉션 > 티셔츠 > 모두 보기""]",2026-08-24T22:40:58.274Z,ZARA,"[""2420417""]",THE NEW,STANDARD_PRODUCT,FEMALE,https://www.zara.com/kr/ko/%E1%84%8F%E1%85%A9%E1%84%90%E1%85%B3%E1%84%82%E1%85%B5-%E1%84%85%E1%85%A2%E1%84%80%E1%85%B3%E1%86%AF%E1%84%85%E1%85%A5%E1%86%AB-%E1%84%90%E1%85%B5%E1%84%89%E1%85%A7%E1%84%8E%E1%85%B3-p01277101.html,true,OFFICIAL_ZARA_KR_PRODUCT_SITEMAP
04442316,소프트 박서 브리프 3팩,MAN,PANTY/UNDERPANT,Underwear,UNDERWEAR,https://www.zara.com/kr/ko/%E1%84%89%E1%85%A9%E1%84%91%E1%85%B3%E1%84%90%E1%85%B3-%E1%84%87%E1%85%A1%E1%86%A8%E1%84%89%E1%85%A5-%E1%84%87%E1%85%B3%E1%84%85%E1%85%B5%E1%84%91%E1%85%B3-3%E1%84%8C%E1%85%A1%E1%86%BC-%E1%84%89%E1%85%A6%E1%84%90%E1%85%B3-p04442316.html,PENDING_HUMAN_REVIEW,,,,false,ZARA_KR_MAN_04442316,4442/316,"[""남성 > 슈즈 | 액세서리 > 액세서리 > 브리프""]",2026-08-24T22:40:58.274Z,ZARA,"[""2436443""]",브리프,STANDARD_PRODUCT,MALE,https://www.zara.com/kr/ko/%E1%84%89%E1%85%A9%E1%84%91%E1%85%B3%E1%84%90%E1%85%B3-%E1%84%87%E1%85%A1%E1%86%A8%E1%84%89%E1%85%A5-%E1%84%87%E1%85%B3%E1%84%85%E1%85%B5%E1%84%91%E1%85%B3-3%E1%84%8C%E1%85%A1%E1%86%BC-%E1%84%89%E1%85%A6%E1%84%90%E1%85%B3-p04442316.html,true,OFFICIAL_ZARA_KR_PRODUCT_SITEMAP
04786707,프릴 블라우스,WOMAN,TOPS AND OTHERS,SHIRT-TOPS,UNDERWEAR,https://www.zara.com/kr/ko/%E1%84%91%E1%85%B3%E1%84%85%E1%85%B5%E1%86%AF-%E1%84%87%E1%85%B3%E1%86%AF%E1%84%85%E1%85%A1%E1%84%8B%E1%85%AE%E1%84%89%E1%85%B3-p04786707.html,PENDING_HUMAN_REVIEW,,,,false,ZARA_KR_WOMAN_04786707,4786/707,"[""여성 > 컬렉션 > 란제리 > 모두 보기"",""여성 > 컬렉션 > 셔츠 > 모두 보기""]",2026-08-24T22:40:58.274Z,ZARA,"[""2419807""]",모두 보기,STANDARD_PRODUCT,FEMALE,https://www.zara.com/kr/ko/%E1%84%91%E1%85%B3%E1%84%85%E1%85%B5%E1%86%AF-%E1%84%87%E1%85%B3%E1%86%AF%E1%84%85%E1%85%A1%E1%84%8B%E1%85%AE%E1%84%89%E1%85%B3-p04786707.html,true,OFFICIAL_ZARA_KR_PRODUCT_SITEMAP
04092318,코튼 조거 팬츠,MAN,TROUSERS,ATH Pant,BOTTOM,https://www.zara.com/kr/ko/%E1%84%8F%E1%85%A9%E1%84%90%E1%85%B3%E1%86%AB-%E1%84%8C%E1%85%A9%E1%84%80%E1%85%A5-%E1%84%90%E1%85%B3%E1%84%85%E1%85%A6%E1%84%8B%E1%85%B5%E1%84%82%E1%85%B5%E1%86%BC-%E1%84%91%E1%85%A2%E1%86%AB%E1%84%8E%E1%85%B3-p04092318.html,PENDING_HUMAN_REVIEW,,,,false,ZARA_KR_MAN_04092318,4092/318,"[""남성 > ATHLETICZ / 26 1 18 1 > 컬렉션 > 모두 보기"",""남성 > 컬렉션 > 팬츠 > 모두 보기""]",2026-08-24T22:40:58.274Z,ZARA,"[""2432096""]",모두 보기,STANDARD_PRODUCT,MALE,https://www.zara.com/kr/ko/%E1%84%8F%E1%85%A9%E1%84%90%E1%85%B3%E1%86%AB-%E1%84%8C%E1%85%A9%E1%84%80%E1%85%A5-%E1%84%90%E1%85%B3%E1%84%85%E1%85%A6%E1%84%8B%E1%85%B5%E1%84%82%E1%85%B5%E1%86%BC-%E1%84%91%E1%85%A2%E1%86%AB%E1%84%8E%E1%85%B3-p04092318.html,true,OFFICIAL_ZARA_KR_PRODUCT_SITEMAP
01967586,ZW 컬렉션 리넨 플랫 프론트 팬츠,WOMAN,TROUSERS,W.PANTS,BOTTOM,https://www.zara.com/kr/ko/zw-%E1%84%8F%E1%85%A5%E1%86%AF%E1%84%85%E1%85%A6%E1%86%A8%E1%84%89%E1%85%A7%E1%86%AB-%E1%84%85%E1%85%B5%E1%84%82%E1%85%A6%E1%86%AB-%E1%84%91%E1%85%B3%E1%86%AF%E1%84%85%E1%85%A2%E1%86%BA-%E1%84%91%E1%85%B3%E1%84%85%E1%85%A9%E1%86%AB%E1%84%90%E1%85%B3-%E1%84%91%E1%85%A2%E1%86%AB%E1%84%8E%E1%85%B3-p01967586.html,PENDING_HUMAN_REVIEW,,,,false,ZARA_KR_WOMAN_01967586,1967/586,"[""여성 > 컬렉션 > 토탈 룩 > 모두 보기"",""여성 > 컬렉션 > 팬츠 > 모두 보기""]",2026-08-24T22:40:58.274Z,ZARA,"[""2420795""]",모두 보기,STANDARD_PRODUCT,FEMALE,https://www.zara.com/kr/ko/zw-%E1%84%8F%E1%85%A5%E1%86%AF%E1%84%85%E1%85%A6%E1%86%A8%E1%84%89%E1%85%A7%E1%86%AB-%E1%84%85%E1%85%B5%E1%84%82%E1%85%A6%E1%86%AB-%E1%84%91%E1%85%B3%E1%86%AF%E1%84%85%E1%85%A2%E1%86%BA-%E1%84%91%E1%85%B3%E1%84%85%E1%85%A9%E1%86%AB%E1%84%90%E1%85%B3-%E1%84%91%E1%85%A2%E1%86%AB%E1%84%8E%E1%85%B3-p01967586.html,true,OFFICIAL_ZARA_KR_PRODUCT_SITEMAP
00881211,레이스업 프릴 미니 원피스,WOMAN,DRESS,T-DRESS,DRESS,https://www.zara.com/kr/ko/%E1%84%91%E1%85%B3%E1%84%85%E1%85%B5%E1%86%AF-%E1%84%85%E1%85%A6%E1%84%8B%E1%85%B5%E1%84%89%E1%85%B3%E1%84%8B%E1%85%A5%E1%86%B8-%E1%84%86%E1%85%B5%E1%84%82%E1%85%B5-%E1%84%8B%E1%85%AF%E1%86%AB%E1%84%91%E1%85%B5%E1%84%89%E1%85%B3-p00881211.html,PENDING_HUMAN_REVIEW,,,,false,ZARA_KR_WOMAN_00881211,0881/211,"[""여성 > 컬렉션 > 원피스 > 모두 보기""]",2026-08-24T22:40:58.274Z,ZARA,"[""2420896""]",모두 보기,STANDARD_PRODUCT,FEMALE,https://www.zara.com/kr/ko/%E1%84%91%E1%85%B3%E1%84%85%E1%85%B5%E1%86%AF-%E1%84%85%E1%85%A6%E1%84%8B%E1%85%B5%E1%84%89%E1%85%B3%E1%84%8B%E1%85%A5%E1%86%B8-%E1%84%86%E1%85%B5%E1%84%82%E1%85%B5-%E1%84%8B%E1%85%AF%E1%86%AB%E1%84%91%E1%85%B5%E1%84%89%E1%85%B3-p00881211.html,true,OFFICIAL_ZARA_KR_PRODUCT_SITEMAP
03715811,크롭 핏 탭 재킷,MAN,BLAZER,Blazer,OUTER,https://www.zara.com/kr/ko/%E1%84%8F%E1%85%B3%E1%84%85%E1%85%A9%E1%86%B8-%E1%84%91%E1%85%B5%E1%86%BA-%E1%84%90%E1%85%A2%E1%86%B8-%E1%84%8C%E1%85%A2%E1%84%8F%E1%85%B5%E1%86%BA-p03715811.html,PENDING_HUMAN_REVIEW,,,,false,ZARA_KR_MAN_03715811,3715/811,"[""남성 > 신상품 > THE NEW > 컬렉션"",""남성 > 컬렉션 > 베스트셀러 > 모두 보기"",""남성 > 컬렉션 > 재킷 | 트렌치 코트 > 모두 보기""]",2026-08-24T22:40:58.274Z,ZARA,"[""2536906""]",컬렉션,STANDARD_PRODUCT,MALE,https://www.zara.com/kr/ko/%E1%84%8F%E1%85%B3%E1%84%85%E1%85%A9%E1%86%B8-%E1%84%91%E1%85%B5%E1%86%BA-%E1%84%90%E1%85%A2%E1%86%B8-%E1%84%8C%E1%85%A2%E1%84%8F%E1%85%B5%E1%86%BA-p03715811.html,true,OFFICIAL_ZARA_KR_PRODUCT_SITEMAP
02010702,스트라이프 버튼 탑,WOMAN,BLAZER,T.BLAZER,OUTER,https://www.zara.com/kr/ko/%E1%84%87%E1%85%A5%E1%84%90%E1%85%B3%E1%86%AB-%E1%84%89%E1%85%B3%E1%84%90%E1%85%B3%E1%84%85%E1%85%A1%E1%84%8B%E1%85%B5%E1%84%91%E1%85%B3-%E1%84%90%E1%85%A1%E1%86%B8-p02010702.html,PENDING_HUMAN_REVIEW,,,,false,ZARA_KR_WOMAN_02010702,2010/702,"[""여성 > 컬렉션 > 블레이저 > 모두 보기"",""여성 > 컬렉션 > 토탈 룩 > 모두 보기""]",2026-08-24T22:40:58.274Z,ZARA,"[""2420942""]",모두 보기,STANDARD_PRODUCT,FEMALE,https://www.zara.com/kr/ko/%E1%84%87%E1%85%A5%E1%84%90%E1%85%B3%E1%86%AB-%E1%84%89%E1%85%B3%E1%84%90%E1%85%B3%E1%84%85%E1%85%A1%E1%84%8B%E1%85%B5%E1%84%91%E1%85%B3-%E1%84%90%E1%85%A1%E1%86%B8-p02010702.html,true,OFFICIAL_ZARA_KR_PRODUCT_SITEMAP
07762593,하트 네크라인 스트랩 베스트,WOMAN,WAISTCOAT,B.VEST,SET_OR_MULTI_PIECE,https://www.zara.com/kr/ko/%E1%84%92%E1%85%A1%E1%84%90%E1%85%B3-%E1%84%82%E1%85%A6%E1%84%8F%E1%85%B3%E1%84%85%E1%85%A1%E1%84%8B%E1%85%B5%E1%86%AB-%E1%84%89%E1%85%B3%E1%84%90%E1%85%B3%E1%84%85%E1%85%A2%E1%86%B8-%E1%84%87%E1%85%A6%E1%84%89%E1%85%B3%E1%84%90%E1%85%B3-p07762593.html,PENDING_HUMAN_REVIEW,,,,false,ZARA_KR_WOMAN_07762593,7762/593,"[""여성 > 컬렉션 > 토탈 룩 > 모두 보기""]",2026-08-24T22:40:58.274Z,ZARA,"[""2420285""]",모두 보기,STANDARD_PRODUCT,FEMALE,https://www.zara.com/kr/ko/%E1%84%92%E1%85%A1%E1%84%90%E1%85%B3-%E1%84%82%E1%85%A6%E1%84%8F%E1%85%B3%E1%84%85%E1%85%A1%E1%84%8B%E1%85%B5%E1%86%AB-%E1%84%89%E1%85%B3%E1%84%90%E1%85%B3%E1%84%85%E1%85%A2%E1%86%B8-%E1%84%87%E1%85%A6%E1%84%89%E1%85%B3%E1%84%90%E1%85%B3-p07762593.html,true,OFFICIAL_ZARA_KR_PRODUCT_SITEMAP
02142120,니트 미디 스커트,WOMAN,SKIRT,KNIT SKIRT,SKIRT,https://www.zara.com/kr/ko/%E1%84%82%E1%85%B5%E1%84%90%E1%85%B3-%E1%84%86%E1%85%B5%E1%84%83%E1%85%B5-%E1%84%89%E1%85%B3%E1%84%8F%E1%85%A5%E1%84%90%E1%85%B3-p02142120.html,PENDING_HUMAN_REVIEW,,,,false,ZARA_KR_WOMAN_02142120,2142/120,"[""여성 > 컬렉션 > 니트웨어 > 모두 보기"",""여성 > 컬렉션 > 스커트 > 모두 보기"",""여성 > 컬렉션 > 토탈 룩 > 모두 보기""]",2026-08-24T22:40:58.274Z,ZARA,"[""2420454""]",모두 보기,STANDARD_PRODUCT,FEMALE,https://www.zara.com/kr/ko/%E1%84%82%E1%85%B5%E1%84%90%E1%85%B3-%E1%84%86%E1%85%B5%E1%84%83%E1%85%B5-%E1%84%89%E1%85%B3%E1%84%8F%E1%85%A5%E1%84%90%E1%85%B3-p02142120.html,true,OFFICIAL_ZARA_KR_PRODUCT_SITEMAP
08574409,구조적 디자인 쇼트 스윔팬츠,MAN,SWIMSUIT,Swimwear,SWIMWEAR,https://www.zara.com/kr/ko/%E1%84%89%E1%85%AD%E1%84%90%E1%85%B3-%E1%84%80%E1%85%AE%E1%84%8C%E1%85%A9-%E1%84%89%E1%85%B3%E1%84%8B%E1%85%B1%E1%86%B7%E1%84%91%E1%85%A2%E1%86%AB%E1%84%8E%E1%85%B3-p08574409.html,PENDING_HUMAN_REVIEW,,,,false,ZARA_KR_MAN_08574409,8574/409,"[""남성 > 슈즈 | 액세서리 > 스윔웨어 > 모두 보기""]",2026-08-24T22:40:58.274Z,ZARA,"[""2576034""]",모두 보기,STANDARD_PRODUCT,MALE,https://www.zara.com/kr/ko/%E1%84%89%E1%85%AD%E1%84%90%E1%85%B3-%E1%84%80%E1%85%AE%E1%84%8C%E1%85%A9-%E1%84%89%E1%85%B3%E1%84%8B%E1%85%B1%E1%86%B7%E1%84%91%E1%85%A2%E1%86%AB%E1%84%8E%E1%85%B3-p08574409.html,true,OFFICIAL_ZARA_KR_PRODUCT_SITEMAP
02910226,솔리드 셔링 비키니 팬티,WOMAN,SWIMSUIT,BIKINI,SWIMWEAR,https://www.zara.com/kr/ko/%E1%84%89%E1%85%A7%E1%84%85%E1%85%B5%E1%86%BC-%E1%84%91%E1%85%B3%E1%86%AF%E1%84%85%E1%85%A6%E1%84%8B%E1%85%B5%E1%86%AB-%E1%84%87%E1%85%B5%E1%84%8F%E1%85%B5%E1%84%82%E1%85%B5-%E1%84%91%E1%85%A2%E1%86%AB%E1%84%90%E1%85%B5-p02910226.html,PENDING_HUMAN_REVIEW,,,,false,ZARA_KR_WOMAN_02910226,2910/226,"[""여성 > 컬렉션 > 스윔웨어 > 모두 보기""]",2026-08-24T22:40:58.274Z,ZARA,"[""2418954""]",모두 보기,STANDARD_PRODUCT,FEMALE,https://www.zara.com/kr/ko/%E1%84%89%E1%85%A7%E1%84%85%E1%85%B5%E1%86%BC-%E1%84%91%E1%85%B3%E1%86%AF%E1%84%85%E1%85%A6%E1%84%8B%E1%85%B5%E1%86%AB-%E1%84%87%E1%85%B5%E1%84%8F%E1%85%B5%E1%84%82%E1%85%B5-%E1%84%91%E1%85%A2%E1%86%AB%E1%84%90%E1%85%B5-p02910226.html,true,OFFICIAL_ZARA_KR_PRODUCT_SITEMAP
04087303,컬러 블록 지퍼넥 스웨트셔츠,MAN,SWEATSHIRT,F. Sweatshirt,TOP,https://www.zara.com/kr/ko/%E1%84%8F%E1%85%A5%E1%86%AF%E1%84%85%E1%85%A5-%E1%84%87%E1%85%B3%E1%86%AF%E1%84%85%E1%85%A9%E1%86%A8-%E1%84%8C%E1%85%B5%E1%84%91%E1%85%A5%E1%84%82%E1%85%A6%E1%86%A8-%E1%84%89%E1%85%B3%E1%84%8B%E1%85%B0%E1%84%90%E1%85%B3%E1%84%89%E1%85%A7%E1%84%8E%E1%85%B3-p04087303.html,PENDING_HUMAN_REVIEW,,,,false,ZARA_KR_MAN_04087303,4087/303,"[""남성 > 컬렉션 > 맨투맨 | 후디 > 모두 보기"",""남성 > 컬렉션 > 베스트셀러 > 모두 보기""]",2026-08-24T22:40:58.274Z,ZARA,"[""2432232""]",모두 보기,STANDARD_PRODUCT,MALE,https://www.zara.com/kr/ko/%E1%84%8F%E1%85%A5%E1%86%AF%E1%84%85%E1%85%A5-%E1%84%87%E1%85%B3%E1%86%AF%E1%84%85%E1%85%A9%E1%86%A8-%E1%84%8C%E1%85%B5%E1%84%91%E1%85%A5%E1%84%82%E1%85%A6%E1%86%A8-%E1%84%89%E1%85%B3%E1%84%8B%E1%85%B0%E1%84%90%E1%85%B3%E1%84%89%E1%85%A7%E1%84%8E%E1%85%B3-p04087303.html,true,OFFICIAL_ZARA_KR_PRODUCT_SITEMAP
06722901,SLM TSHRT,WOMAN,T-SHIRT,ST. CAMISETA,TOP,https://www.zara.com/kr/ko/slm-tshrt-p06722901.html,PENDING_HUMAN_REVIEW,,,,false,ZARA_KR_WOMAN_06722901,6722/901,"[""여성 > 컬렉션 > 티셔츠 > 모두 보기""]",2026-08-24T22:40:58.274Z,ZARA,"[""2420417""]",모두 보기,STANDARD_PRODUCT,FEMALE,https://www.zara.com/kr/ko/slm-tshrt-p06722901.html,true,OFFICIAL_ZARA_KR_PRODUCT_SITEMAP
08501301,소프트 박서 브리프 3팩,MAN,PANTY/UNDERPANT,Underwear,UNDERWEAR,https://www.zara.com/kr/ko/%E1%84%89%E1%85%A9%E1%84%91%E1%85%B3%E1%84%90%E1%85%B3-%E1%84%87%E1%85%A1%E1%86%A8%E1%84%89%E1%85%A5-%E1%84%87%E1%85%B3%E1%84%85%E1%85%B5%E1%84%91%E1%85%B3-3%E1%84%91%E1%85%A2%E1%86%A8-p08501301.html,PENDING_HUMAN_REVIEW,,,,false,ZARA_KR_MAN_08501301,8501/301,"[""남성 > 슈즈 | 액세서리 > 액세서리 > 브리프""]",2026-08-24T22:40:58.274Z,ZARA,"[""2436443""]",브리프,STANDARD_PRODUCT,MALE,https://www.zara.com/kr/ko/%E1%84%89%E1%85%A9%E1%84%91%E1%85%B3%E1%84%90%E1%85%B3-%E1%84%87%E1%85%A1%E1%86%A8%E1%84%89%E1%85%A5-%E1%84%87%E1%85%B3%E1%84%85%E1%85%B5%E1%84%91%E1%85%B3-3%E1%84%91%E1%85%A2%E1%86%A8-p08501301.html,true,OFFICIAL_ZARA_KR_PRODUCT_SITEMAP
01067709,레이스 버튼 탑,WOMAN,TOPS AND OTHERS,TOP PIJAMA,UNDERWEAR,https://www.zara.com/kr/ko/%E1%84%85%E1%85%A6%E1%84%8B%E1%85%B5%E1%84%89%E1%85%B3-%E1%84%87%E1%85%A5%E1%84%90%E1%85%B3%E1%86%AB-%E1%84%90%E1%85%A1%E1%86%B8-p01067709.html,PENDING_HUMAN_REVIEW,,,,false,ZARA_KR_WOMAN_01067709,1067/709,"[""여성 > 신상품 > THE NEW"",""여성 > 컬렉션 > 란제리 > 모두 보기""]",2026-08-24T22:40:58.274Z,ZARA,"[""2419807""]",THE NEW,STANDARD_PRODUCT,FEMALE,https://www.zara.com/kr/ko/%E1%84%85%E1%85%A6%E1%84%8B%E1%85%B5%E1%84%89%E1%85%B3-%E1%84%87%E1%85%A5%E1%84%90%E1%85%B3%E1%86%AB-%E1%84%90%E1%85%A1%E1%86%B8-p01067709.html,true,OFFICIAL_ZARA_KR_PRODUCT_SITEMAP
04060322,슬림 테이퍼드 핏 진,MAN,TROUSERS,B. Pants Denim,BOTTOM,https://www.zara.com/kr/ko/%E1%84%89%E1%85%B3%E1%86%AF%E1%84%85%E1%85%B5%E1%86%B7-%E1%84%90%E1%85%A6%E1%84%8B%E1%85%B5%E1%84%91%E1%85%A5%E1%84%83%E1%85%B3-%E1%84%91%E1%85%B5%E1%86%BA-%E1%84%8C%E1%85%B5%E1%86%AB-p04060322.html,PENDING_HUMAN_REVIEW,,,,false,ZARA_KR_MAN_04060322,4060/322,"[""남성 > 컬렉션 > 데님팬츠 > 모두 보기""]",2026-08-24T22:40:58.274Z,ZARA,"[""2432131""]",모두 보기,STANDARD_PRODUCT,MALE,https://www.zara.com/kr/ko/%E1%84%89%E1%85%B3%E1%86%AF%E1%84%85%E1%85%B5%E1%86%B7-%E1%84%90%E1%85%A6%E1%84%8B%E1%85%B5%E1%84%91%E1%85%A5%E1%84%83%E1%85%B3-%E1%84%91%E1%85%B5%E1%86%BA-%E1%84%8C%E1%85%B5%E1%86%AB-p04060322.html,true,OFFICIAL_ZARA_KR_PRODUCT_SITEMAP
02774273,플린트 플레어 버뮤다 팬츠,WOMAN,BERMUDA,B.BERMUDAS,BOTTOM,https://www.zara.com/kr/ko/%E1%84%91%E1%85%B3%E1%86%AF%E1%84%85%E1%85%A6%E1%84%8B%E1%85%A5-%E1%84%91%E1%85%B3%E1%84%85%E1%85%B5%E1%86%AB%E1%84%90%E1%85%B3-%E1%84%87%E1%85%A5%E1%84%86%E1%85%B2%E1%84%83%E1%85%A1-%E1%84%91%E1%85%A2%E1%86%AB%E1%84%8E%E1%85%B3-p02774273.html,PENDING_HUMAN_REVIEW,,,,false,ZARA_KR_WOMAN_02774273,2774/273,"[""여성 > 컬렉션 > 쇼츠 | 버뮤다 팬츠 > 모두 보기""]",2026-08-24T22:40:58.274Z,ZARA,"[""2420480""]",모두 보기,STANDARD_PRODUCT,FEMALE,https://www.zara.com/kr/ko/%E1%84%91%E1%85%B3%E1%86%AF%E1%84%85%E1%85%A6%E1%84%8B%E1%85%A5-%E1%84%91%E1%85%B3%E1%84%85%E1%85%B5%E1%86%AB%E1%84%90%E1%85%B3-%E1%84%87%E1%85%A5%E1%84%86%E1%85%B2%E1%84%83%E1%85%A1-%E1%84%91%E1%85%A2%E1%86%AB%E1%84%8E%E1%85%B3-p02774273.html,true,OFFICIAL_ZARA_KR_PRODUCT_SITEMAP
05344701,레이스 새틴 미디 원피스,WOMAN,DRESS,VESTIDO,DRESS,https://www.zara.com/kr/ko/%E1%84%85%E1%85%A6%E1%84%8B%E1%85%B5%E1%84%89%E1%85%B3-%E1%84%89%E1%85%A2%E1%84%90%E1%85%B5%E1%86%AB-%E1%84%86%E1%85%B5%E1%84%83%E1%85%B5-%E1%84%8B%E1%85%AF%E1%86%AB%E1%84%91%E1%85%B5%E1%84%89%E1%85%B3-p05344701.html,PENDING_HUMAN_REVIEW,,,,false,ZARA_KR_WOMAN_05344701,5344/701,"[""여성 > 컬렉션 > 란제리 > 모두 보기"",""여성 > 컬렉션 > 원피스 > 모두 보기""]",2026-08-24T22:40:58.274Z,ZARA,"[""2420896""]",모두 보기,STANDARD_PRODUCT,FEMALE,https://www.zara.com/kr/ko/%E1%84%85%E1%85%A6%E1%84%8B%E1%85%B5%E1%84%89%E1%85%B3-%E1%84%89%E1%85%A2%E1%84%90%E1%85%B5%E1%86%AB-%E1%84%86%E1%85%B5%E1%84%83%E1%85%B5-%E1%84%8B%E1%85%AF%E1%86%AB%E1%84%91%E1%85%B5%E1%84%89%E1%85%B3-p05344701.html,true,OFFICIAL_ZARA_KR_PRODUCT_SITEMAP
04594381,100% 울 수트 블레이저,MAN,BLAZER,Tailoring Blaz.,OUTER,https://www.zara.com/kr/ko/100-%E1%84%8B%E1%85%AE%E1%86%AF-%E1%84%89%E1%85%AE%E1%84%90%E1%85%B3-%E1%84%87%E1%85%B3%E1%86%AF%E1%84%85%E1%85%A6%E1%84%8B%E1%85%B5%E1%84%8C%E1%85%A5-p04594381.html,PENDING_HUMAN_REVIEW,,,,false,ZARA_KR_MAN_04594381,4594/381,"[""남성 > 컬렉션 > 베스트셀러 > 모두 보기"",""남성 > 컬렉션 > 블레이저 > 모두 보기""]",2026-08-24T22:40:58.274Z,ZARA,"[""2436311""]",모두 보기,STANDARD_PRODUCT,MALE,https://www.zara.com/kr/ko/100-%E1%84%8B%E1%85%AE%E1%86%AF-%E1%84%89%E1%85%AE%E1%84%90%E1%85%B3-%E1%84%87%E1%85%B3%E1%86%AF%E1%84%85%E1%85%A6%E1%84%8B%E1%85%B5%E1%84%8C%E1%85%A5-p04594381.html,true,OFFICIAL_ZARA_KR_PRODUCT_SITEMAP
07179241,ZW 컬렉션 린넨 스트라이프 블레이저,WOMAN,BLAZER,W.BLAZER,OUTER,https://www.zara.com/kr/ko/zw-%E1%84%8F%E1%85%A5%E1%86%AF%E1%84%85%E1%85%A6%E1%86%A8%E1%84%89%E1%85%A7%E1%86%AB-%E1%84%85%E1%85%B5%E1%86%AB%E1%84%82%E1%85%A6%E1%86%AB-%E1%84%89%E1%85%B3%E1%84%90%E1%85%B3%E1%84%85%E1%85%A1%E1%84%8B%E1%85%B5%E1%84%91%E1%85%B3-%E1%84%87%E1%85%B3%E1%86%AF%E1%84%85%E1%85%A6%E1%84%8B%E1%85%B5%E1%84%8C%E1%85%A5-p07179241.html,PENDING_HUMAN_REVIEW,,,,false,ZARA_KR_WOMAN_07179241,7179/241,"[""여성 > 컬렉션 > 블레이저 > 모두 보기"",""여성 > 컬렉션 > 토탈 룩 > 모두 보기""]",2026-08-24T22:40:58.274Z,ZARA,"[""2420942""]",모두 보기,STANDARD_PRODUCT,FEMALE,https://www.zara.com/kr/ko/zw-%E1%84%8F%E1%85%A5%E1%86%AF%E1%84%85%E1%85%A6%E1%86%A8%E1%84%89%E1%85%A7%E1%86%AB-%E1%84%85%E1%85%B5%E1%86%AB%E1%84%82%E1%85%A6%E1%86%AB-%E1%84%89%E1%85%B3%E1%84%90%E1%85%B3%E1%84%85%E1%85%A1%E1%84%8B%E1%85%B5%E1%84%91%E1%85%B3-%E1%84%87%E1%85%B3%E1%86%AF%E1%84%85%E1%85%A6%E1%84%8B%E1%85%B5%E1%84%8C%E1%85%A5-p07179241.html,true,OFFICIAL_ZARA_KR_PRODUCT_SITEMAP
08338700,버튼 스트라이프 크로스 탑,WOMAN,WAISTCOAT,T. VEST,SET_OR_MULTI_PIECE,https://www.zara.com/kr/ko/%E1%84%87%E1%85%A5%E1%84%90%E1%85%B3%E1%86%AB-%E1%84%89%E1%85%B3%E1%84%90%E1%85%B3%E1%84%85%E1%85%A1%E1%84%8B%E1%85%B5%E1%84%91%E1%85%B3-%E1%84%8F%E1%85%B3%E1%84%85%E1%85%A9%E1%84%89%E1%85%B3-%E1%84%90%E1%85%A1%E1%86%B8-p08338700.html,PENDING_HUMAN_REVIEW,,,,false,ZARA_KR_WOMAN_08338700,8338/700,"[""여성 > 컬렉션 > 토탈 룩 > 모두 보기""]",2026-08-24T22:40:58.274Z,ZARA,"[""2420285""]",모두 보기,STANDARD_PRODUCT,FEMALE,https://www.zara.com/kr/ko/%E1%84%87%E1%85%A5%E1%84%90%E1%85%B3%E1%86%AB-%E1%84%89%E1%85%B3%E1%84%90%E1%85%B3%E1%84%85%E1%85%A1%E1%84%8B%E1%85%B5%E1%84%91%E1%85%B3-%E1%84%8F%E1%85%B3%E1%84%85%E1%85%A9%E1%84%89%E1%85%B3-%E1%84%90%E1%85%A1%E1%86%B8-p08338700.html,true,OFFICIAL_ZARA_KR_PRODUCT_SITEMAP
01067702,프린지 린넨 미니 스커트,WOMAN,SKIRT,L. SKIRT,SKIRT,https://www.zara.com/kr/ko/%E1%84%91%E1%85%B3%E1%84%85%E1%85%B5%E1%86%AB%E1%84%8C%E1%85%B5-%E1%84%85%E1%85%B5%E1%86%AB%E1%84%82%E1%85%A6%E1%86%AB-%E1%84%86%E1%85%B5%E1%84%82%E1%85%B5-%E1%84%89%E1%85%B3%E1%84%8F%E1%85%A5%E1%84%90%E1%85%B3-p01067702.html,PENDING_HUMAN_REVIEW,,,,false,ZARA_KR_WOMAN_01067702,1067/702,"[""여성 > 컬렉션 > 란제리 > 모두 보기"",""여성 > 컬렉션 > 스커트 > 모두 보기""]",2026-08-24T22:40:58.274Z,ZARA,"[""2420454""]",모두 보기,STANDARD_PRODUCT,FEMALE,https://www.zara.com/kr/ko/%E1%84%91%E1%85%B3%E1%84%85%E1%85%B5%E1%86%AB%E1%84%8C%E1%85%B5-%E1%84%85%E1%85%B5%E1%86%AB%E1%84%82%E1%85%A6%E1%86%AB-%E1%84%86%E1%85%B5%E1%84%82%E1%85%B5-%E1%84%89%E1%85%B3%E1%84%8F%E1%85%A5%E1%84%90%E1%85%B3-p01067702.html,true,OFFICIAL_ZARA_KR_PRODUCT_SITEMAP
08574313,미디 스윔팬츠(트임 디테일),MAN,SWIMSUIT,Swimwear,SWIMWEAR,https://www.zara.com/kr/ko/%E1%84%89%E1%85%A1%E1%84%8B%E1%85%B5%E1%84%83%E1%85%B3-%E1%84%89%E1%85%B3%E1%86%AF%E1%84%85%E1%85%B5%E1%86%BA-%E1%84%86%E1%85%B5%E1%84%83%E1%85%B5%E1%84%8B%E1%85%A5%E1%86%B7-%E1%84%89%E1%85%B3%E1%84%8B%E1%85%B1%E1%86%B7%E1%84%91%E1%85%A2%E1%86%AB%E1%84%8E%E1%85%B3-p08574313.html,PENDING_HUMAN_REVIEW,,,,false,ZARA_KR_MAN_08574313,8574/313,"[""남성 > 슈즈 | 액세서리 > 스윔웨어 > 모두 보기""]",2026-08-24T22:40:58.274Z,ZARA,"[""2576034""]",모두 보기,STANDARD_PRODUCT,MALE,https://www.zara.com/kr/ko/%E1%84%89%E1%85%A1%E1%84%8B%E1%85%B5%E1%84%83%E1%85%B3-%E1%84%89%E1%85%B3%E1%86%AF%E1%84%85%E1%85%B5%E1%86%BA-%E1%84%86%E1%85%B5%E1%84%83%E1%85%B5%E1%84%8B%E1%85%A5%E1%86%B7-%E1%84%89%E1%85%B3%E1%84%8B%E1%85%B1%E1%86%B7%E1%84%91%E1%85%A2%E1%86%AB%E1%84%8E%E1%85%B3-p08574313.html,true,OFFICIAL_ZARA_KR_PRODUCT_SITEMAP
02856214,스터드 커튼형 비키니 탑,WOMAN,SWIMSUIT,BIKINI,SWIMWEAR,https://www.zara.com/kr/ko/%E1%84%89%E1%85%B3%E1%84%90%E1%85%A5%E1%84%83%E1%85%B3-%E1%84%89%E1%85%B3%E1%84%90%E1%85%B3%E1%84%85%E1%85%B5%E1%86%BC-%E1%84%87%E1%85%B5%E1%84%8F%E1%85%B5%E1%84%82%E1%85%B5-%E1%84%90%E1%85%A1%E1%86%B8-p02856214.html,PENDING_HUMAN_REVIEW,,,,false,ZARA_KR_WOMAN_02856214,2856/214,"[""여성 > 컬렉션 > 스윔웨어 > 모두 보기""]",2026-08-24T22:40:58.274Z,ZARA,"[""2418954""]",모두 보기,STANDARD_PRODUCT,FEMALE,https://www.zara.com/kr/ko/%E1%84%89%E1%85%B3%E1%84%90%E1%85%A5%E1%84%83%E1%85%B3-%E1%84%89%E1%85%B3%E1%84%90%E1%85%B3%E1%84%85%E1%85%B5%E1%86%BC-%E1%84%87%E1%85%B5%E1%84%8F%E1%85%B5%E1%84%82%E1%85%B5-%E1%84%90%E1%85%A1%E1%86%B8-p02856214.html,true,OFFICIAL_ZARA_KR_PRODUCT_SITEMAP
06224393,배색 프린트 릴렉스 핏 스웨트셔츠,MAN,SWEATSHIRT,Sweatshirt SH/S,TOP,https://www.zara.com/kr/ko/%E1%84%85%E1%85%B5%E1%86%AF%E1%84%85%E1%85%A6%E1%86%A8%E1%84%89%E1%85%B3%E1%84%91%E1%85%B5%E1%86%BA-%E1%84%87%E1%85%A2%E1%84%89%E1%85%A2%E1%86%A8-%E1%84%91%E1%85%B3%E1%84%85%E1%85%B5%E1%86%AB%E1%84%90%E1%85%B3-%E1%84%89%E1%85%B3%E1%84%8B%E1%85%B0%E1%84%90%E1%85%B3%E1%84%89%E1%85%A7%E1%84%8E%E1%85%B3-p06224393.html,PENDING_HUMAN_REVIEW,,,,false,ZARA_KR_MAN_06224393,6224/393,"[""남성 > 컬렉션 > 맨투맨 | 후디 > 모두 보기""]",2026-08-24T22:40:58.274Z,ZARA,"[""2432232""]",모두 보기,STANDARD_PRODUCT,MALE,https://www.zara.com/kr/ko/%E1%84%85%E1%85%B5%E1%86%AF%E1%84%85%E1%85%A6%E1%86%A8%E1%84%89%E1%85%B3%E1%84%91%E1%85%B5%E1%86%BA-%E1%84%87%E1%85%A2%E1%84%89%E1%85%A2%E1%86%A8-%E1%84%91%E1%85%B3%E1%84%85%E1%85%B5%E1%86%AB%E1%84%90%E1%85%B3-%E1%84%89%E1%85%B3%E1%84%8B%E1%85%B0%E1%84%90%E1%85%B3%E1%84%89%E1%85%A7%E1%84%8E%E1%85%B3-p06224393.html,true,OFFICIAL_ZARA_KR_PRODUCT_SITEMAP
05067283,텍스처 케이프 탑,WOMAN,TOPS AND OTHERS,C. BASIC T-SHIRT,TOP,https://www.zara.com/kr/ko/%E1%84%90%E1%85%A6%E1%86%A8%E1%84%89%E1%85%B3%E1%84%8E%E1%85%A5-%E1%84%8F%E1%85%A6%E1%84%8B%E1%85%B5%E1%84%91%E1%85%B3-%E1%84%90%E1%85%A1%E1%86%B8-p05067283.html,PENDING_HUMAN_REVIEW,,,,false,ZARA_KR_WOMAN_05067283,5067/283,"[""여성 > 컬렉션 > 탑 > 모두 보기""]",2026-08-24T22:40:58.274Z,ZARA,"[""2419940""]",모두 보기,STANDARD_PRODUCT,FEMALE,https://www.zara.com/kr/ko/%E1%84%90%E1%85%A6%E1%86%A8%E1%84%89%E1%85%B3%E1%84%8E%E1%85%A5-%E1%84%8F%E1%85%A6%E1%84%8B%E1%85%B5%E1%84%91%E1%85%B3-%E1%84%90%E1%85%A1%E1%86%B8-p05067283.html,true,OFFICIAL_ZARA_KR_PRODUCT_SITEMAP
09065823,린넨 드로스트링 버뮤다 팬츠,WOMAN,TROUSERS,PANT. PIJAMA,UNDERWEAR,https://www.zara.com/kr/ko/%E1%84%85%E1%85%B5%E1%86%AB%E1%84%82%E1%85%A6%E1%86%AB-%E1%84%83%E1%85%B3%E1%84%85%E1%85%A9%E1%84%89%E1%85%B3%E1%84%90%E1%85%B3%E1%84%85%E1%85%B5%E1%86%BC-%E1%84%87%E1%85%A5%E1%84%86%E1%85%B2%E1%84%83%E1%85%A1-%E1%84%91%E1%85%A2%E1%86%AB%E1%84%8E%E1%85%B3-p09065823.html,PENDING_HUMAN_REVIEW,,,,false,ZARA_KR_WOMAN_09065823,9065/823,"[""여성 > 컬렉션 > 란제리 > 모두 보기""]",2026-08-24T22:40:58.274Z,ZARA,"[""2419807""]",모두 보기,STANDARD_PRODUCT,FEMALE,https://www.zara.com/kr/ko/%E1%84%85%E1%85%B5%E1%86%AB%E1%84%82%E1%85%A6%E1%86%AB-%E1%84%83%E1%85%B3%E1%84%85%E1%85%A9%E1%84%89%E1%85%B3%E1%84%90%E1%85%B3%E1%84%85%E1%85%B5%E1%86%BC-%E1%84%87%E1%85%A5%E1%84%86%E1%85%B2%E1%84%83%E1%85%A1-%E1%84%91%E1%85%A2%E1%86%AB%E1%84%8E%E1%85%B3-p09065823.html,true,OFFICIAL_ZARA_KR_PRODUCT_SITEMAP
08281740,릴렉스핏 플리츠 팬츠,MAN,TROUSERS,B. Pants Rest,BOTTOM,https://www.zara.com/kr/ko/%E1%84%85%E1%85%B5%E1%86%AF%E1%84%85%E1%85%A6%E1%86%A8%E1%84%89%E1%85%B3%E1%84%91%E1%85%B5%E1%86%BA-%E1%84%91%E1%85%B3%E1%86%AF%E1%84%85%E1%85%B5%E1%84%8E%E1%85%B3-%E1%84%91%E1%85%A2%E1%86%AB%E1%84%8E%E1%85%B3-p08281740.html,PENDING_HUMAN_REVIEW,,,,false,ZARA_KR_MAN_08281740,8281/740,"[""남성 > 컬렉션 > 팬츠 > 모두 보기""]",2026-08-24T22:40:58.274Z,ZARA,"[""2432096""]",모두 보기,STANDARD_PRODUCT,MALE,https://www.zara.com/kr/ko/%E1%84%85%E1%85%B5%E1%86%AF%E1%84%85%E1%85%A6%E1%86%A8%E1%84%89%E1%85%B3%E1%84%91%E1%85%B5%E1%86%BA-%E1%84%91%E1%85%B3%E1%86%AF%E1%84%85%E1%85%B5%E1%84%8E%E1%85%B3-%E1%84%91%E1%85%A2%E1%86%AB%E1%84%8E%E1%85%B3-p08281740.html,true,OFFICIAL_ZARA_KR_PRODUCT_SITEMAP
02298704,턱 버뮤다 팬츠,WOMAN,BERMUDA,C-LEGGING,BOTTOM,https://www.zara.com/kr/ko/%E1%84%90%E1%85%A5%E1%86%A8-%E1%84%83%E1%85%B5%E1%84%90%E1%85%A6%E1%84%8B%E1%85%B5%E1%86%AF-%E1%84%87%E1%85%A5%E1%84%86%E1%85%B2%E1%84%83%E1%85%A1-%E1%84%91%E1%85%A2%E1%86%AB%E1%84%8E%E1%85%B3-p02298704.html,PENDING_HUMAN_REVIEW,,,,false,ZARA_KR_WOMAN_02298704,2298/704,"[""여성 > 컬렉션 > 쇼츠 | 버뮤다 팬츠 > 모두 보기""]",2026-08-24T22:40:58.274Z,ZARA,"[""2420480""]",모두 보기,STANDARD_PRODUCT,FEMALE,https://www.zara.com/kr/ko/%E1%84%90%E1%85%A5%E1%86%A8-%E1%84%83%E1%85%B5%E1%84%90%E1%85%A6%E1%84%8B%E1%85%B5%E1%86%AF-%E1%84%87%E1%85%A5%E1%84%86%E1%85%B2%E1%84%83%E1%85%A1-%E1%84%91%E1%85%A2%E1%86%AB%E1%84%8E%E1%85%B3-p02298704.html,true,OFFICIAL_ZARA_KR_PRODUCT_SITEMAP
00250153,프린트 원피스 - THE ITEM,WOMAN,DRESS,W.DRESS,DRESS,https://www.zara.com/kr/ko/%E1%84%91%E1%85%B3%E1%84%85%E1%85%B5%E1%86%AB%E1%84%90%E1%85%B3-%E1%84%8B%E1%85%AF%E1%86%AB%E1%84%91%E1%85%B5%E1%84%89%E1%85%B3---the-item-p00250153.html,PENDING_HUMAN_REVIEW,,,,false,ZARA_KR_WOMAN_00250153,0250/153,"[""여성 > 컬렉션 > 원피스 > 모두 보기""]",2026-08-24T22:40:58.274Z,ZARA,"[""2420896""]",모두 보기,STANDARD_PRODUCT,FEMALE,https://www.zara.com/kr/ko/%E1%84%91%E1%85%B3%E1%84%85%E1%85%B5%E1%86%AB%E1%84%90%E1%85%B3-%E1%84%8B%E1%85%AF%E1%86%AB%E1%84%91%E1%85%B5%E1%84%89%E1%85%B3---the-item-p00250153.html,true,OFFICIAL_ZARA_KR_PRODUCT_SITEMAP
06786005,레귤러핏 지퍼 오버셔츠,MAN,OVERSHIRT,Overshirt,OUTER,https://www.zara.com/kr/ko/%E1%84%85%E1%85%A6%E1%84%80%E1%85%B2%E1%86%AF%E1%84%85%E1%85%A5%E1%84%91%E1%85%B5%E1%86%BA-%E1%84%8C%E1%85%B5%E1%84%91%E1%85%A5-%E1%84%8B%E1%85%A9%E1%84%87%E1%85%A5%E1%84%89%E1%85%A7%E1%84%8E%E1%85%B3-p06786005.html,PENDING_HUMAN_REVIEW,,,,false,ZARA_KR_MAN_06786005,6786/005,"[""남성 > 컬렉션 > 베스트셀러 > 모두 보기"",""남성 > 컬렉션 > 셔츠 > 오버셔츠""]",2026-08-24T22:40:58.274Z,ZARA,"[""2431989""]",모두 보기,STANDARD_PRODUCT,MALE,https://www.zara.com/kr/ko/%E1%84%85%E1%85%A6%E1%84%80%E1%85%B2%E1%86%AF%E1%84%85%E1%85%A5%E1%84%91%E1%85%B5%E1%86%BA-%E1%84%8C%E1%85%B5%E1%84%91%E1%85%A5-%E1%84%8B%E1%85%A9%E1%84%87%E1%85%A5%E1%84%89%E1%85%A7%E1%84%8E%E1%85%B3-p06786005.html,true,OFFICIAL_ZARA_KR_PRODUCT_SITEMAP
03046210,체크 봄버 재킷,WOMAN,WIND-JACKET,B.SHORT-OUTWEAR,OUTER,https://www.zara.com/kr/ko/%E1%84%8E%E1%85%A6%E1%84%8F%E1%85%B3-%E1%84%87%E1%85%A9%E1%86%B7%E1%84%87%E1%85%A5-%E1%84%8C%E1%85%A2%E1%84%8F%E1%85%B5%E1%86%BA-p03046210.html,PENDING_HUMAN_REVIEW,,,,false,ZARA_KR_WOMAN_03046210,3046/210,"[""여성 > 컬렉션 > 자켓 | 점퍼 > 모두 보기""]",2026-08-24T22:40:58.274Z,ZARA,"[""2417772""]",모두 보기,STANDARD_PRODUCT,FEMALE,https://www.zara.com/kr/ko/%E1%84%8E%E1%85%A6%E1%84%8F%E1%85%B3-%E1%84%87%E1%85%A9%E1%86%B7%E1%84%87%E1%85%A5-%E1%84%8C%E1%85%A2%E1%84%8F%E1%85%B5%E1%86%BA-p03046210.html,true,OFFICIAL_ZARA_KR_PRODUCT_SITEMAP
07912684,스트라이프 린넨 재킷,WOMAN,WIND-JACKET,B.SHORT-OUTWEAR,SET_OR_MULTI_PIECE,https://www.zara.com/kr/ko/%E1%84%89%E1%85%B3%E1%84%90%E1%85%B3%E1%84%85%E1%85%A1%E1%84%8B%E1%85%B5%E1%84%91%E1%85%B3-%E1%84%85%E1%85%B5%E1%86%AB%E1%84%82%E1%85%A6%E1%86%AB-%E1%84%8C%E1%85%A2%E1%84%8F%E1%85%B5%E1%86%BA-p07912684.html,PENDING_HUMAN_REVIEW,,,,false,ZARA_KR_WOMAN_07912684,7912/684,"[""여성 > 컬렉션 > 토탈 룩 > 모두 보기""]",2026-08-24T22:40:58.274Z,ZARA,"[""2420285""]",모두 보기,STANDARD_PRODUCT,FEMALE,https://www.zara.com/kr/ko/%E1%84%89%E1%85%B3%E1%84%90%E1%85%B3%E1%84%85%E1%85%A1%E1%84%8B%E1%85%B5%E1%84%91%E1%85%B3-%E1%84%85%E1%85%B5%E1%86%AB%E1%84%82%E1%85%A6%E1%86%AB-%E1%84%8C%E1%85%A2%E1%84%8F%E1%85%B5%E1%86%BA-p07912684.html,true,OFFICIAL_ZARA_KR_PRODUCT_SITEMAP
08006865,LIMITED EDITION 프린트 파레오 스커트,WOMAN,SKIRT,ST. FALDA,SKIRT,https://www.zara.com/kr/ko/limited-edition-%E1%84%91%E1%85%A2%E1%84%90%E1%85%A5%E1%86%AB-%E1%84%91%E1%85%A1%E1%84%85%E1%85%A6%E1%84%8B%E1%85%A9-%E1%84%89%E1%85%B3%E1%84%8F%E1%85%A5%E1%84%90%E1%85%B3-p08006865.html,PENDING_HUMAN_REVIEW,,,,false,ZARA_KR_WOMAN_08006865,8006/865,"[""여성 > 컬렉션 > 스커트 > 모두 보기""]",2026-08-24T22:40:58.274Z,ZARA,"[""2420454""]",모두 보기,STANDARD_PRODUCT,FEMALE,https://www.zara.com/kr/ko/limited-edition-%E1%84%91%E1%85%A2%E1%84%90%E1%85%A5%E1%86%AB-%E1%84%91%E1%85%A1%E1%84%85%E1%85%A6%E1%84%8B%E1%85%A9-%E1%84%89%E1%85%B3%E1%84%8F%E1%85%A5%E1%84%90%E1%85%B3-p08006865.html,true,OFFICIAL_ZARA_KR_PRODUCT_SITEMAP
00495336,칠리 스트라이프 미디 스윔팬츠,MAN,SWIMSUIT,Swimwear,SWIMWEAR,https://www.zara.com/kr/ko/%E1%84%8E%E1%85%B5%E1%86%AF%E1%84%85%E1%85%B5-%E1%84%89%E1%85%B3%E1%84%90%E1%85%B3%E1%84%85%E1%85%A1%E1%84%8B%E1%85%B5%E1%84%91%E1%85%B3-%E1%84%86%E1%85%B5%E1%84%83%E1%85%B5-%E1%84%89%E1%85%B3%E1%84%8B%E1%85%B1%E1%86%B7%E1%84%91%E1%85%A2%E1%86%AB%E1%84%8E%E1%85%B3-p00495336.html,PENDING_HUMAN_REVIEW,,,,false,ZARA_KR_MAN_00495336,0495/336,"[""남성 > 슈즈 | 액세서리 > 스윔웨어 > 모두 보기""]",2026-08-24T22:40:58.274Z,ZARA,"[""2576034""]",모두 보기,STANDARD_PRODUCT,MALE,https://www.zara.com/kr/ko/%E1%84%8E%E1%85%B5%E1%86%AF%E1%84%85%E1%85%B5-%E1%84%89%E1%85%B3%E1%84%90%E1%85%B3%E1%84%85%E1%85%A1%E1%84%8B%E1%85%B5%E1%84%91%E1%85%B3-%E1%84%86%E1%85%B5%E1%84%83%E1%85%B5-%E1%84%89%E1%85%B3%E1%84%8B%E1%85%B1%E1%86%B7%E1%84%91%E1%85%A2%E1%86%AB%E1%84%8E%E1%85%B3-p00495336.html,true,OFFICIAL_ZARA_KR_PRODUCT_SITEMAP
00167221,플라워 자수 비키니 탑,WOMAN,SWIMSUIT,BIKINI,SWIMWEAR,https://www.zara.com/kr/ko/%E1%84%91%E1%85%B3%E1%86%AF%E1%84%85%E1%85%A1%E1%84%8B%E1%85%AF-%E1%84%8C%E1%85%A1%E1%84%89%E1%85%AE-%E1%84%87%E1%85%B5%E1%84%8F%E1%85%B5%E1%84%82%E1%85%B5-%E1%84%90%E1%85%A1%E1%86%B8-p00167221.html,PENDING_HUMAN_REVIEW,,,,false,ZARA_KR_WOMAN_00167221,0167/221,"[""여성 > 컬렉션 > 스윔웨어 > 모두 보기""]",2026-08-24T22:40:58.274Z,ZARA,"[""2418954""]",모두 보기,STANDARD_PRODUCT,FEMALE,https://www.zara.com/kr/ko/%E1%84%91%E1%85%B3%E1%86%AF%E1%84%85%E1%85%A1%E1%84%8B%E1%85%AF-%E1%84%8C%E1%85%A1%E1%84%89%E1%85%AE-%E1%84%87%E1%85%B5%E1%84%8F%E1%85%B5%E1%84%82%E1%85%B5-%E1%84%90%E1%85%A1%E1%86%B8-p00167221.html,true,OFFICIAL_ZARA_KR_PRODUCT_SITEMAP
01943317,탱크탑 베이스 레이어 티셔츠,MAN,T-SHIRT,ATH B. T-shirt,TOP,https://www.zara.com/kr/ko/%E1%84%90%E1%85%A2%E1%86%BC%E1%84%8F%E1%85%B3%E1%84%90%E1%85%A1%E1%86%B8-%E1%84%87%E1%85%A6%E1%84%8B%E1%85%B5%E1%84%89%E1%85%B3-%E1%84%85%E1%85%A6%E1%84%8B%E1%85%B5%E1%84%8B%E1%85%A5-%E1%84%90%E1%85%B5%E1%84%89%E1%85%A7%E1%84%8E%E1%85%B3-p01943317.html,PENDING_HUMAN_REVIEW,,,,false,ZARA_KR_MAN_01943317,1943/317,"[""남성 > 컬렉션 > 티셔츠 > 모두 보기""]",2026-08-24T22:40:58.274Z,ZARA,"[""2432042""]",모두 보기,STANDARD_PRODUCT,MALE,https://www.zara.com/kr/ko/%E1%84%90%E1%85%A2%E1%86%BC%E1%84%8F%E1%85%B3%E1%84%90%E1%85%A1%E1%86%B8-%E1%84%87%E1%85%A6%E1%84%8B%E1%85%B5%E1%84%89%E1%85%B3-%E1%84%85%E1%85%A6%E1%84%8B%E1%85%B5%E1%84%8B%E1%85%A5-%E1%84%90%E1%85%B5%E1%84%89%E1%85%A7%E1%84%8E%E1%85%B3-p01943317.html,true,OFFICIAL_ZARA_KR_PRODUCT_SITEMAP
02298801,콤비 탑,WOMAN,TOPS AND OTHERS,C. FANTASY T-SHIRT,TOP,https://www.zara.com/kr/ko/%E1%84%8F%E1%85%A9%E1%86%B7%E1%84%87%E1%85%B5-%E1%84%90%E1%85%A1%E1%86%B8-p02298801.html,PENDING_HUMAN_REVIEW,,,,false,ZARA_KR_WOMAN_02298801,2298/801,"[""여성 > 컬렉션 > 탑 > 모두 보기"",""여성 > 컬렉션 > 티셔츠 > 모두 보기""]",2026-08-24T22:40:58.274Z,ZARA,"[""2419940""]",모두 보기,STANDARD_PRODUCT,FEMALE,https://www.zara.com/kr/ko/%E1%84%8F%E1%85%A9%E1%86%B7%E1%84%87%E1%85%B5-%E1%84%90%E1%85%A1%E1%86%B8-p02298801.html,true,OFFICIAL_ZARA_KR_PRODUCT_SITEMAP
09056839,플라워 레이스 패턴 점프수트,WOMAN,BODYSUIT,BODY,UNDERWEAR,https://www.zara.com/kr/ko/%E1%84%85%E1%85%A6%E1%84%8B%E1%85%B5%E1%84%89%E1%85%B3-%E1%84%91%E1%85%B3%E1%86%AF%E1%84%85%E1%85%A1%E1%84%8B%E1%85%AF-%E1%84%91%E1%85%A2%E1%84%90%E1%85%A5%E1%86%AB-%E1%84%8C%E1%85%A5%E1%86%B7%E1%84%91%E1%85%B3%E1%84%89%E1%85%AE%E1%84%90%E1%85%B3-p09056839.html,PENDING_HUMAN_REVIEW,,,,false,ZARA_KR_WOMAN_09056839,9056/839,"[""여성 > 컬렉션 > 란제리 > 모두 보기""]",2026-08-24T22:40:58.274Z,ZARA,"[""2419807""]",모두 보기,STANDARD_PRODUCT,FEMALE,https://www.zara.com/kr/ko/%E1%84%85%E1%85%A6%E1%84%8B%E1%85%B5%E1%84%89%E1%85%B3-%E1%84%91%E1%85%B3%E1%86%AF%E1%84%85%E1%85%A1%E1%84%8B%E1%85%AF-%E1%84%91%E1%85%A2%E1%84%90%E1%85%A5%E1%86%AB-%E1%84%8C%E1%85%A5%E1%86%B7%E1%84%91%E1%85%B3%E1%84%89%E1%85%AE%E1%84%90%E1%85%B3-p09056839.html,true,OFFICIAL_ZARA_KR_PRODUCT_SITEMAP
05762380,배기 크롭핏 청바지,MAN,TROUSERS,F. Pants Denim,BOTTOM,https://www.zara.com/kr/ko/jeans-baggy-cropped-fit-p05762380.html,PENDING_HUMAN_REVIEW,,,,false,ZARA_KR_MAN_05762380,5762/380,"[""남성 > 컬렉션 > 데님팬츠 > 모두 보기""]",2026-08-24T22:40:58.274Z,ZARA,"[""2432131""]",모두 보기,STANDARD_PRODUCT,MALE,https://www.zara.com/kr/ko/jeans-baggy-cropped-fit-p05762380.html,true,OFFICIAL_ZARA_KR_PRODUCT_SITEMAP
07847216,FLWRS BRMD,WOMAN,BERMUDA,ST. BERMUDA,BOTTOM,https://www.zara.com/kr/ko/flwrs-brmd-p07847216.html,PENDING_HUMAN_REVIEW,,,,false,ZARA_KR_WOMAN_07847216,7847/216,"[""여성 > 컬렉션 > 쇼츠 | 버뮤다 팬츠 > 모두 보기""]",2026-08-24T22:40:58.274Z,ZARA,"[""2420480""]",모두 보기,STANDARD_PRODUCT,FEMALE,https://www.zara.com/kr/ko/flwrs-brmd-p07847216.html,true,OFFICIAL_ZARA_KR_PRODUCT_SITEMAP
03897126,와이드 슬리브 트리밍 미니 점프수트,WOMAN,OVERALL,B.PANTS,DRESS,https://www.zara.com/kr/ko/%E1%84%8B%E1%85%AA%E1%84%8B%E1%85%B5%E1%84%83%E1%85%B3-%E1%84%89%E1%85%B3%E1%86%AF%E1%84%85%E1%85%B5%E1%84%87%E1%85%B3-%E1%84%90%E1%85%B3%E1%84%85%E1%85%B5%E1%84%86%E1%85%B5%E1%86%BC-%E1%84%86%E1%85%B5%E1%84%82%E1%85%B5-%E1%84%8C%E1%85%A5%E1%86%B7%E1%84%91%E1%85%B3%E1%84%89%E1%85%AE%E1%84%90%E1%85%B3-p03897126.html,PENDING_HUMAN_REVIEW,,,,false,ZARA_KR_WOMAN_03897126,3897/126,"[""여성 > 컬렉션 > 원피스 > 모두 보기""]",2026-08-24T22:40:58.274Z,ZARA,"[""2420896""]",모두 보기,STANDARD_PRODUCT,FEMALE,https://www.zara.com/kr/ko/%E1%84%8B%E1%85%AA%E1%84%8B%E1%85%B5%E1%84%83%E1%85%B3-%E1%84%89%E1%85%B3%E1%86%AF%E1%84%85%E1%85%B5%E1%84%87%E1%85%B3-%E1%84%90%E1%85%B3%E1%84%85%E1%85%B5%E1%84%86%E1%85%B5%E1%86%BC-%E1%84%86%E1%85%B5%E1%84%82%E1%85%B5-%E1%84%8C%E1%85%A5%E1%86%B7%E1%84%91%E1%85%B3%E1%84%89%E1%85%AE%E1%84%90%E1%85%B3-p03897126.html,true,OFFICIAL_ZARA_KR_PRODUCT_SITEMAP
