Excel行,쇼핑몰,조사구분,상품스타일코드,내부상품ID,색상CommercialID,제품명,상품페이지URL,실측사이즈URL,조사분류,당시조사상태,당시사이즈행수,당시HTTP,원본비고,현재API검증,현재의류판정,현재옷장중복검사
5,UNIQLO,사용자 제공 150,E487214-000,,,,https://www.uniqlo.com/kr/ko/products/E487214-000/00,https://www.uniqlo.com/kr/ko/products/E487214-000/00/size?measurementUnit=cm,,SIZE_CHART_RESPONSE_PRESENT,,,제품명은 이번 size-chart 수집자료에서 미수집,NOT RUN,NOT CHECKED,NOT CHECKED
6,UNIQLO,사용자 제공 150,E488739-000,,,,https://www.uniqlo.com/kr/ko/products/E488739-000/00,https://www.uniqlo.com/kr/ko/products/E488739-000/00/size?measurementUnit=cm,,SIZE_CHART_RESPONSE_PRESENT,,,제품명은 이번 size-chart 수집자료에서 미수집,NOT RUN,NOT CHECKED,NOT CHECKED
7,UNIQLO,사용자 제공 150,E484875-000,,,,https://www.uniqlo.com/kr/ko/products/E484875-000/00,https://www.uniqlo.com/kr/ko/products/E484875-000/00/size?measurementUnit=cm,,SIZE_CHART_RESPONSE_PRESENT,,,제품명은 이번 size-chart 수집자료에서 미수집,NOT RUN,NOT CHECKED,NOT CHECKED
8,UNIQLO,사용자 제공 150,E488743-000,,,,https://www.uniqlo.com/kr/ko/products/E488743-000/00,https://www.uniqlo.com/kr/ko/products/E488743-000/00/size?measurementUnit=cm,,SIZE_CHART_RESPONSE_PRESENT,,,제품명은 이번 size-chart 수집자료에서 미수집,NOT RUN,NOT CHECKED,NOT CHECKED
9,UNIQLO,사용자 제공 150,E489565-000,,,,https://www.uniqlo.com/kr/ko/products/E489565-000/00,https://www.uniqlo.com/kr/ko/products/E489565-000/00/size?measurementUnit=cm,,SIZE_CHART_RESPONSE_PRESENT,,,제품명은 이번 size-chart 수집자료에서 미수집,NOT RUN,NOT CHECKED,NOT CHECKED
10,UNIQLO,사용자 제공 150,E488397-000,,,,https://www.uniqlo.com/kr/ko/products/E488397-000/00,https://www.uniqlo.com/kr/ko/products/E488397-000/00/size?measurementUnit=cm,,SIZE_CHART_RESPONSE_PRESENT,,,제품명은 이번 size-chart 수집자료에서 미수집,NOT RUN,NOT CHECKED,NOT CHECKED
11,UNIQLO,사용자 제공 150,E488630-000,,,,https://www.uniqlo.com/kr/ko/products/E488630-000/00,https://www.uniqlo.com/kr/ko/products/E488630-000/00/size?measurementUnit=cm,,SIZE_CHART_RESPONSE_PRESENT,,,제품명은 이번 size-chart 수집자료에서 미수집,NOT RUN,NOT CHECKED,NOT CHECKED
12,UNIQLO,사용자 제공 150,E487220-000,,,,https://www.uniqlo.com/kr/ko/products/E487220-000/00,https://www.uniqlo.com/kr/ko/products/E487220-000/00/size?measurementUnit=cm,,SIZE_CHART_RESPONSE_PRESENT,,,제품명은 이번 size-chart 수집자료에서 미수집,NOT RUN,NOT CHECKED,NOT CHECKED
13,UNIQLO,사용자 제공 150,E492365-000,,,,https://www.uniqlo.com/kr/ko/products/E492365-000/00,https://www.uniqlo.com/kr/ko/products/E492365-000/00/size?measurementUnit=cm,,SIZE_CHART_RESPONSE_PRESENT,,,제품명은 이번 size-chart 수집자료에서 미수집,NOT RUN,NOT CHECKED,NOT CHECKED
14,UNIQLO,사용자 제공 150,E482868-000,,,,https://www.uniqlo.com/kr/ko/products/E482868-000/00,https://www.uniqlo.com/kr/ko/products/E482868-000/00/size?measurementUnit=cm,,SIZE_CHART_RESPONSE_PRESENT,,,제품명은 이번 size-chart 수집자료에서 미수집,NOT RUN,NOT CHECKED,NOT CHECKED
15,UNIQLO,사용자 제공 150,E474175-000,,,,https://www.uniqlo.com/kr/ko/products/E474175-000/00,https://www.uniqlo.com/kr/ko/products/E474175-000/00/size?measurementUnit=cm,,SIZE_CHART_RESPONSE_PRESENT,,,제품명은 이번 size-chart 수집자료에서 미수집,NOT RUN,NOT CHECKED,NOT CHECKED
16,UNIQLO,사용자 제공 150,E487394-000,,,,https://www.uniqlo.com/kr/ko/products/E487394-000/00,https://www.uniqlo.com/kr/ko/products/E487394-000/00/size?measurementUnit=cm,,SIZE_CHART_RESPONSE_PRESENT,,,제품명은 이번 size-chart 수집자료에서 미수집,NOT RUN,NOT CHECKED,NOT CHECKED
17,UNIQLO,사용자 제공 150,E481599-000,,,,https://www.uniqlo.com/kr/ko/products/E481599-000/00,https://www.uniqlo.com/kr/ko/products/E481599-000/00/size?measurementUnit=cm,,SIZE_CHART_RESPONSE_PRESENT,,,제품명은 이번 size-chart 수집자료에서 미수집,NOT RUN,NOT CHECKED,NOT CHECKED
18,UNIQLO,사용자 제공 150,E487517-000,,,,https://www.uniqlo.com/kr/ko/products/E487517-000/00,https://www.uniqlo.com/kr/ko/products/E487517-000/00/size?measurementUnit=cm,,SIZE_CHART_RESPONSE_PRESENT,,,제품명은 이번 size-chart 수집자료에서 미수집,NOT RUN,NOT CHECKED,NOT CHECKED
19,UNIQLO,사용자 제공 150,E487832-000,,,,https://www.uniqlo.com/kr/ko/products/E487832-000/00,https://www.uniqlo.com/kr/ko/products/E487832-000/00/size?measurementUnit=cm,,SIZE_CHART_RESPONSE_PRESENT,,,제품명은 이번 size-chart 수집자료에서 미수집,NOT RUN,NOT CHECKED,NOT CHECKED
20,UNIQLO,사용자 제공 150,E488200-000,,,,https://www.uniqlo.com/kr/ko/products/E488200-000/00,https://www.uniqlo.com/kr/ko/products/E488200-000/00/size?measurementUnit=cm,,SIZE_CHART_RESPONSE_PRESENT,,,제품명은 이번 size-chart 수집자료에서 미수집,NOT RUN,NOT CHECKED,NOT CHECKED
21,UNIQLO,사용자 제공 150,E487883-000,,,,https://www.uniqlo.com/kr/ko/products/E487883-000/00,https://www.uniqlo.com/kr/ko/products/E487883-000/00/size?measurementUnit=cm,,SIZE_CHART_RESPONSE_PRESENT,,,제품명은 이번 size-chart 수집자료에서 미수집,NOT RUN,NOT CHECKED,NOT CHECKED
22,UNIQLO,사용자 제공 150,E487516-000,,,,https://www.uniqlo.com/kr/ko/products/E487516-000/00,https://www.uniqlo.com/kr/ko/products/E487516-000/00/size?measurementUnit=cm,,SIZE_CHART_RESPONSE_PRESENT,,,제품명은 이번 size-chart 수집자료에서 미수집,NOT RUN,NOT CHECKED,NOT CHECKED
23,UNIQLO,사용자 제공 150,E487846-000,,,,https://www.uniqlo.com/kr/ko/products/E487846-000/00,https://www.uniqlo.com/kr/ko/products/E487846-000/00/size?measurementUnit=cm,,SIZE_CHART_RESPONSE_PRESENT,,,제품명은 이번 size-chart 수집자료에서 미수집,NOT RUN,NOT CHECKED,NOT CHECKED
24,UNIQLO,사용자 제공 150,E488787-000,,,,https://www.uniqlo.com/kr/ko/products/E488787-000/00,https://www.uniqlo.com/kr/ko/products/E488787-000/00/size?measurementUnit=cm,,SIZE_CHART_RESPONSE_PRESENT,,,제품명은 이번 size-chart 수집자료에서 미수집,NOT RUN,NOT CHECKED,NOT CHECKED
25,UNIQLO,사용자 제공 150,E488298-000,,,,https://www.uniqlo.com/kr/ko/products/E488298-000/00,https://www.uniqlo.com/kr/ko/products/E488298-000/00/size?measurementUnit=cm,,SIZE_CHART_RESPONSE_PRESENT,,,제품명은 이번 size-chart 수집자료에서 미수집,NOT RUN,NOT CHECKED,NOT CHECKED
26,UNIQLO,사용자 제공 150,E489372-000,,,,https://www.uniqlo.com/kr/ko/products/E489372-000/00,https://www.uniqlo.com/kr/ko/products/E489372-000/00/size?measurementUnit=cm,,SIZE_CHART_RESPONSE_PRESENT,,,제품명은 이번 size-chart 수집자료에서 미수집,NOT RUN,NOT CHECKED,NOT CHECKED
27,UNIQLO,사용자 제공 150,E487908-000,,,,https://www.uniqlo.com/kr/ko/products/E487908-000/00,https://www.uniqlo.com/kr/ko/products/E487908-000/00/size?measurementUnit=cm,,SIZE_CHART_RESPONSE_PRESENT,,,제품명은 이번 size-chart 수집자료에서 미수집,NOT RUN,NOT CHECKED,NOT CHECKED
28,UNIQLO,사용자 제공 150,E465751-000,,,,https://www.uniqlo.com/kr/ko/products/E465751-000/00,https://www.uniqlo.com/kr/ko/products/E465751-000/00/size?measurementUnit=cm,,SIZE_CHART_RESPONSE_PRESENT,,,제품명은 이번 size-chart 수집자료에서 미수집,NOT RUN,NOT CHECKED,NOT CHECKED
29,UNIQLO,사용자 제공 150,E483536-000,,,,https://www.uniqlo.com/kr/ko/products/E483536-000/00,https://www.uniqlo.com/kr/ko/products/E483536-000/00/size?measurementUnit=cm,,SIZE_CHART_RESPONSE_PRESENT,,,제품명은 이번 size-chart 수집자료에서 미수집,NOT RUN,NOT CHECKED,NOT CHECKED
30,UNIQLO,사용자 제공 150,E489040-000,,,,https://www.uniqlo.com/kr/ko/products/E489040-000/00,https://www.uniqlo.com/kr/ko/products/E489040-000/00/size?measurementUnit=cm,,SIZE_CHART_RESPONSE_PRESENT,,,제품명은 이번 size-chart 수집자료에서 미수집,NOT RUN,NOT CHECKED,NOT CHECKED
31,UNIQLO,사용자 제공 150,E489060-000,,,,https://www.uniqlo.com/kr/ko/products/E489060-000/00,https://www.uniqlo.com/kr/ko/products/E489060-000/00/size?measurementUnit=cm,,SIZE_CHART_RESPONSE_PRESENT,,,제품명은 이번 size-chart 수집자료에서 미수집,NOT RUN,NOT CHECKED,NOT CHECKED
32,UNIQLO,사용자 제공 150,E489061-000,,,,https://www.uniqlo.com/kr/ko/products/E489061-000/00,https://www.uniqlo.com/kr/ko/products/E489061-000/00/size?measurementUnit=cm,,SIZE_CHART_RESPONSE_PRESENT,,,제품명은 이번 size-chart 수집자료에서 미수집,NOT RUN,NOT CHECKED,NOT CHECKED
33,UNIQLO,사용자 제공 150,E488230-000,,,,https://www.uniqlo.com/kr/ko/products/E488230-000/00,https://www.uniqlo.com/kr/ko/products/E488230-000/00/size?measurementUnit=cm,,SIZE_CHART_RESPONSE_PRESENT,,,제품명은 이번 size-chart 수집자료에서 미수집,NOT RUN,NOT CHECKED,NOT CHECKED
34,UNIQLO,사용자 제공 150,E488228-000,,,,https://www.uniqlo.com/kr/ko/products/E488228-000/00,https://www.uniqlo.com/kr/ko/products/E488228-000/00/size?measurementUnit=cm,,SIZE_CHART_RESPONSE_PRESENT,,,제품명은 이번 size-chart 수집자료에서 미수집,NOT RUN,NOT CHECKED,NOT CHECKED
35,UNIQLO,사용자 제공 150,E469411-000,,,,https://www.uniqlo.com/kr/ko/products/E469411-000/00,https://www.uniqlo.com/kr/ko/products/E469411-000/00/size?measurementUnit=cm,,SIZE_CHART_RESPONSE_PRESENT,,,제품명은 이번 size-chart 수집자료에서 미수집,NOT RUN,NOT CHECKED,NOT CHECKED
36,UNIQLO,사용자 제공 150,E487005-000,,,,https://www.uniqlo.com/kr/ko/products/E487005-000/00,https://www.uniqlo.com/kr/ko/products/E487005-000/00/size?measurementUnit=cm,,SIZE_CHART_RESPONSE_PRESENT,,,제품명은 이번 size-chart 수집자료에서 미수집,NOT RUN,NOT CHECKED,NOT CHECKED
37,UNIQLO,사용자 제공 150,E485329-000,,,,https://www.uniqlo.com/kr/ko/products/E485329-000/00,https://www.uniqlo.com/kr/ko/products/E485329-000/00/size?measurementUnit=cm,,SIZE_CHART_RESPONSE_PRESENT,,,제품명은 이번 size-chart 수집자료에서 미수집,NOT RUN,NOT CHECKED,NOT CHECKED
38,UNIQLO,사용자 제공 150,E485340-000,,,,https://www.uniqlo.com/kr/ko/products/E485340-000/00,https://www.uniqlo.com/kr/ko/products/E485340-000/00/size?measurementUnit=cm,,SIZE_CHART_RESPONSE_PRESENT,,,제품명은 이번 size-chart 수집자료에서 미수집,NOT RUN,NOT CHECKED,NOT CHECKED
39,UNIQLO,사용자 제공 150,E491991-000,,,,https://www.uniqlo.com/kr/ko/products/E491991-000/00,https://www.uniqlo.com/kr/ko/products/E491991-000/00/size?measurementUnit=cm,,SIZE_CHART_RESPONSE_PRESENT,,,제품명은 이번 size-chart 수집자료에서 미수집,NOT RUN,NOT CHECKED,NOT CHECKED
40,UNIQLO,사용자 제공 150,E481731-000,,,,https://www.uniqlo.com/kr/ko/products/E481731-000/00,https://www.uniqlo.com/kr/ko/products/E481731-000/00/size?measurementUnit=cm,,SIZE_CHART_RESPONSE_PRESENT,,,제품명은 이번 size-chart 수집자료에서 미수집,NOT RUN,NOT CHECKED,NOT CHECKED
41,UNIQLO,사용자 제공 150,E488191-000,,,,https://www.uniqlo.com/kr/ko/products/E488191-000/00,https://www.uniqlo.com/kr/ko/products/E488191-000/00/size?measurementUnit=cm,,SIZE_CHART_RESPONSE_PRESENT,,,제품명은 이번 size-chart 수집자료에서 미수집,NOT RUN,NOT CHECKED,NOT CHECKED
42,UNIQLO,사용자 제공 150,E469410-000,,,,https://www.uniqlo.com/kr/ko/products/E469410-000/00,https://www.uniqlo.com/kr/ko/products/E469410-000/00/size?measurementUnit=cm,,SIZE_CHART_RESPONSE_PRESENT,,,제품명은 이번 size-chart 수집자료에서 미수집,NOT RUN,NOT CHECKED,NOT CHECKED
43,UNIQLO,사용자 제공 150,E485321-000,,,,https://www.uniqlo.com/kr/ko/products/E485321-000/00,https://www.uniqlo.com/kr/ko/products/E485321-000/00/size?measurementUnit=cm,,SIZE_CHART_RESPONSE_PRESENT,,,제품명은 이번 size-chart 수집자료에서 미수집,NOT RUN,NOT CHECKED,NOT CHECKED
44,UNIQLO,사용자 제공 150,E450514-000,,,,https://www.uniqlo.com/kr/ko/products/E450514-000/00,https://www.uniqlo.com/kr/ko/products/E450514-000/00/size?measurementUnit=cm,,SIZE_CHART_RESPONSE_PRESENT,,,제품명은 이번 size-chart 수집자료에서 미수집,NOT RUN,NOT CHECKED,NOT CHECKED
45,UNIQLO,사용자 제공 150,E488182-000,,,,https://www.uniqlo.com/kr/ko/products/E488182-000/00,https://www.uniqlo.com/kr/ko/products/E488182-000/00/size?measurementUnit=cm,,SIZE_CHART_RESPONSE_PRESENT,,,제품명은 이번 size-chart 수집자료에서 미수집,NOT RUN,NOT CHECKED,NOT CHECKED
46,UNIQLO,사용자 제공 150,E488560-000,,,,https://www.uniqlo.com/kr/ko/products/E488560-000/00,https://www.uniqlo.com/kr/ko/products/E488560-000/00/size?measurementUnit=cm,,SIZE_CHART_RESPONSE_PRESENT,,,제품명은 이번 size-chart 수집자료에서 미수집,NOT RUN,NOT CHECKED,NOT CHECKED
47,UNIQLO,사용자 제공 150,E489427-000,,,,https://www.uniqlo.com/kr/ko/products/E489427-000/00,https://www.uniqlo.com/kr/ko/products/E489427-000/00/size?measurementUnit=cm,,SIZE_CHART_RESPONSE_PRESENT,,,제품명은 이번 size-chart 수집자료에서 미수집,NOT RUN,NOT CHECKED,NOT CHECKED
48,UNIQLO,사용자 제공 150,E489509-000,,,,https://www.uniqlo.com/kr/ko/products/E489509-000/00,https://www.uniqlo.com/kr/ko/products/E489509-000/00/size?measurementUnit=cm,,SIZE_CHART_RESPONSE_PRESENT,,,제품명은 이번 size-chart 수집자료에서 미수집,NOT RUN,NOT CHECKED,NOT CHECKED
49,UNIQLO,사용자 제공 150,E491294-000,,,,https://www.uniqlo.com/kr/ko/products/E491294-000/00,https://www.uniqlo.com/kr/ko/products/E491294-000/00/size?measurementUnit=cm,,SIZE_CHART_RESPONSE_PRESENT,,,제품명은 이번 size-chart 수집자료에서 미수집,NOT RUN,NOT CHECKED,NOT CHECKED
50,UNIQLO,사용자 제공 150,E491297-000,,,,https://www.uniqlo.com/kr/ko/products/E491297-000/00,https://www.uniqlo.com/kr/ko/products/E491297-000/00/size?measurementUnit=cm,,SIZE_CHART_RESPONSE_PRESENT,,,제품명은 이번 size-chart 수집자료에서 미수집,NOT RUN,NOT CHECKED,NOT CHECKED
51,UNIQLO,사용자 제공 150,E489409-000,,,,https://www.uniqlo.com/kr/ko/products/E489409-000/00,https://www.uniqlo.com/kr/ko/products/E489409-000/00/size?measurementUnit=cm,,SIZE_CHART_RESPONSE_PRESENT,,,제품명은 이번 size-chart 수집자료에서 미수집,NOT RUN,NOT CHECKED,NOT CHECKED
52,UNIQLO,사용자 제공 150,E483880-000,,,,https://www.uniqlo.com/kr/ko/products/E483880-000/00,https://www.uniqlo.com/kr/ko/products/E483880-000/00/size?measurementUnit=cm,,SIZE_CHART_RESPONSE_PRESENT,,,제품명은 이번 size-chart 수집자료에서 미수집,NOT RUN,NOT CHECKED,NOT CHECKED
53,UNIQLO,사용자 제공 150,E489408-000,,,,https://www.uniqlo.com/kr/ko/products/E489408-000/00,https://www.uniqlo.com/kr/ko/products/E489408-000/00/size?measurementUnit=cm,,SIZE_CHART_RESPONSE_PRESENT,,,제품명은 이번 size-chart 수집자료에서 미수집,NOT RUN,NOT CHECKED,NOT CHECKED
54,UNIQLO,사용자 제공 150,E492900-000,,,,https://www.uniqlo.com/kr/ko/products/E492900-000/00,https://www.uniqlo.com/kr/ko/products/E492900-000/00/size?measurementUnit=cm,,SIZE_CHART_RESPONSE_PRESENT,,,제품명은 이번 size-chart 수집자료에서 미수집,NOT RUN,NOT CHECKED,NOT CHECKED
55,UNIQLO,사용자 제공 150,E477345-000,,,,https://www.uniqlo.com/kr/ko/products/E477345-000/00,https://www.uniqlo.com/kr/ko/products/E477345-000/00/size?measurementUnit=cm,,SIZE_CHART_RESPONSE_PRESENT,,,제품명은 이번 size-chart 수집자료에서 미수집,NOT RUN,NOT CHECKED,NOT CHECKED
56,UNIQLO,사용자 제공 150,E489417-000,,,,https://www.uniqlo.com/kr/ko/products/E489417-000/00,https://www.uniqlo.com/kr/ko/products/E489417-000/00/size?measurementUnit=cm,,SIZE_CHART_RESPONSE_PRESENT,,,제품명은 이번 size-chart 수집자료에서 미수집,NOT RUN,NOT CHECKED,NOT CHECKED
57,UNIQLO,사용자 제공 150,E475344-000,,,,https://www.uniqlo.com/kr/ko/products/E475344-000/00,https://www.uniqlo.com/kr/ko/products/E475344-000/00/size?measurementUnit=cm,,SIZE_CHART_RESPONSE_PRESENT,,,제품명은 이번 size-chart 수집자료에서 미수집,NOT RUN,NOT CHECKED,NOT CHECKED
58,UNIQLO,사용자 제공 150,E489191-000,,,,https://www.uniqlo.com/kr/ko/products/E489191-000/00,https://www.uniqlo.com/kr/ko/products/E489191-000/00/size?measurementUnit=cm,,SIZE_CHART_RESPONSE_PRESENT,,,제품명은 이번 size-chart 수집자료에서 미수집,NOT RUN,NOT CHECKED,NOT CHECKED
59,UNIQLO,사용자 제공 150,E488700-000,,,,https://www.uniqlo.com/kr/ko/products/E488700-000/00,https://www.uniqlo.com/kr/ko/products/E488700-000/00/size?measurementUnit=cm,,SIZE_CHART_RESPONSE_PRESENT,,,제품명은 이번 size-chart 수집자료에서 미수집,NOT RUN,NOT CHECKED,NOT CHECKED
60,UNIQLO,사용자 제공 150,E484807-000,,,,https://www.uniqlo.com/kr/ko/products/E484807-000/00,https://www.uniqlo.com/kr/ko/products/E484807-000/00/size?measurementUnit=cm,,SIZE_CHART_RESPONSE_PRESENT,,,제품명은 이번 size-chart 수집자료에서 미수집,NOT RUN,NOT CHECKED,NOT CHECKED
61,UNIQLO,사용자 제공 150,E479000-000,,,,https://www.uniqlo.com/kr/ko/products/E479000-000/00,https://www.uniqlo.com/kr/ko/products/E479000-000/00/size?measurementUnit=cm,,SIZE_CHART_RESPONSE_PRESENT,,,제품명은 이번 size-chart 수집자료에서 미수집,NOT RUN,NOT CHECKED,NOT CHECKED
62,UNIQLO,사용자 제공 150,E482658-000,,,,https://www.uniqlo.com/kr/ko/products/E482658-000/00,https://www.uniqlo.com/kr/ko/products/E482658-000/00/size?measurementUnit=cm,,SIZE_CHART_RESPONSE_PRESENT,,,제품명은 이번 size-chart 수집자료에서 미수집,NOT RUN,NOT CHECKED,NOT CHECKED
63,UNIQLO,사용자 제공 150,E488364-000,,,,https://www.uniqlo.com/kr/ko/products/E488364-000/00,https://www.uniqlo.com/kr/ko/products/E488364-000/00/size?measurementUnit=cm,,SIZE_CHART_RESPONSE_PRESENT,,,제품명은 이번 size-chart 수집자료에서 미수집,NOT RUN,NOT CHECKED,NOT CHECKED
64,UNIQLO,사용자 제공 150,E482286-000,,,,https://www.uniqlo.com/kr/ko/products/E482286-000/00,https://www.uniqlo.com/kr/ko/products/E482286-000/00/size?measurementUnit=cm,,SIZE_CHART_RESPONSE_PRESENT,,,제품명은 이번 size-chart 수집자료에서 미수집,NOT RUN,NOT CHECKED,NOT CHECKED
65,UNIQLO,사용자 제공 150,E487995-000,,,,https://www.uniqlo.com/kr/ko/products/E487995-000/00,https://www.uniqlo.com/kr/ko/products/E487995-000/00/size?measurementUnit=cm,,SIZE_CHART_RESPONSE_PRESENT,,,제품명은 이번 size-chart 수집자료에서 미수집,NOT RUN,NOT CHECKED,NOT CHECKED
66,UNIQLO,사용자 제공 150,E488089-000,,,,https://www.uniqlo.com/kr/ko/products/E488089-000/00,https://www.uniqlo.com/kr/ko/products/E488089-000/00/size?measurementUnit=cm,,SIZE_CHART_RESPONSE_PRESENT,,,제품명은 이번 size-chart 수집자료에서 미수집,NOT RUN,NOT CHECKED,NOT CHECKED
67,UNIQLO,사용자 제공 150,E484705-000,,,,https://www.uniqlo.com/kr/ko/products/E484705-000/00,https://www.uniqlo.com/kr/ko/products/E484705-000/00/size?measurementUnit=cm,,SIZE_CHART_RESPONSE_PRESENT,,,제품명은 이번 size-chart 수집자료에서 미수집,NOT RUN,NOT CHECKED,NOT CHECKED
68,UNIQLO,사용자 제공 150,E488934-000,,,,https://www.uniqlo.com/kr/ko/products/E488934-000/00,https://www.uniqlo.com/kr/ko/products/E488934-000/00/size?measurementUnit=cm,,SIZE_CHART_RESPONSE_PRESENT,,,제품명은 이번 size-chart 수집자료에서 미수집,NOT RUN,NOT CHECKED,NOT CHECKED
69,UNIQLO,사용자 제공 150,E488008-000,,,,https://www.uniqlo.com/kr/ko/products/E488008-000/00,https://www.uniqlo.com/kr/ko/products/E488008-000/00/size?measurementUnit=cm,,SIZE_CHART_RESPONSE_PRESENT,,,제품명은 이번 size-chart 수집자료에서 미수집,NOT RUN,NOT CHECKED,NOT CHECKED
70,UNIQLO,사용자 제공 150,E488816-000,,,,https://www.uniqlo.com/kr/ko/products/E488816-000/00,https://www.uniqlo.com/kr/ko/products/E488816-000/00/size?measurementUnit=cm,,SIZE_CHART_RESPONSE_PRESENT,,,제품명은 이번 size-chart 수집자료에서 미수집,NOT RUN,NOT CHECKED,NOT CHECKED
71,UNIQLO,사용자 제공 150,E469292-000,,,,https://www.uniqlo.com/kr/ko/products/E469292-000/00,https://www.uniqlo.com/kr/ko/products/E469292-000/00/size?measurementUnit=cm,,SIZE_CHART_RESPONSE_PRESENT,,,제품명은 이번 size-chart 수집자료에서 미수집,NOT RUN,NOT CHECKED,NOT CHECKED
72,UNIQLO,사용자 제공 150,E484610-000,,,,https://www.uniqlo.com/kr/ko/products/E484610-000/00,https://www.uniqlo.com/kr/ko/products/E484610-000/00/size?measurementUnit=cm,,SIZE_CHART_RESPONSE_PRESENT,,,제품명은 이번 size-chart 수집자료에서 미수집,NOT RUN,NOT CHECKED,NOT CHECKED
73,UNIQLO,사용자 제공 150,E486816-000,,,,https://www.uniqlo.com/kr/ko/products/E486816-000/00,https://www.uniqlo.com/kr/ko/products/E486816-000/00/size?measurementUnit=cm,,SIZE_CHART_RESPONSE_PRESENT,,,제품명은 이번 size-chart 수집자료에서 미수집,NOT RUN,NOT CHECKED,NOT CHECKED
74,UNIQLO,사용자 제공 150,E488726-000,,,,https://www.uniqlo.com/kr/ko/products/E488726-000/00,https://www.uniqlo.com/kr/ko/products/E488726-000/00/size?measurementUnit=cm,,SIZE_CHART_RESPONSE_PRESENT,,,제품명은 이번 size-chart 수집자료에서 미수집,NOT RUN,NOT CHECKED,NOT CHECKED
75,UNIQLO,사용자 제공 150,E488829-000,,,,https://www.uniqlo.com/kr/ko/products/E488829-000/00,https://www.uniqlo.com/kr/ko/products/E488829-000/00/size?measurementUnit=cm,,SIZE_CHART_RESPONSE_PRESENT,,,제품명은 이번 size-chart 수집자료에서 미수집,NOT RUN,NOT CHECKED,NOT CHECKED
76,UNIQLO,사용자 제공 150,E487688-000,,,,https://www.uniqlo.com/kr/ko/products/E487688-000/00,https://www.uniqlo.com/kr/ko/products/E487688-000/00/size?measurementUnit=cm,,SIZE_CHART_RESPONSE_PRESENT,,,제품명은 이번 size-chart 수집자료에서 미수집,NOT RUN,NOT CHECKED,NOT CHECKED
77,UNIQLO,사용자 제공 150,E488828-000,,,,https://www.uniqlo.com/kr/ko/products/E488828-000/00,https://www.uniqlo.com/kr/ko/products/E488828-000/00/size?measurementUnit=cm,,SIZE_CHART_RESPONSE_PRESENT,,,제품명은 이번 size-chart 수집자료에서 미수집,NOT RUN,NOT CHECKED,NOT CHECKED
78,UNIQLO,사용자 제공 150,E486167-000,,,,https://www.uniqlo.com/kr/ko/products/E486167-000/00,https://www.uniqlo.com/kr/ko/products/E486167-000/00/size?measurementUnit=cm,,SIZE_CHART_RESPONSE_PRESENT,,,제품명은 이번 size-chart 수집자료에서 미수집,NOT RUN,NOT CHECKED,NOT CHECKED
79,UNIQLO,사용자 제공 150,E484249-000,,,,https://www.uniqlo.com/kr/ko/products/E484249-000/00,https://www.uniqlo.com/kr/ko/products/E484249-000/00/size?measurementUnit=cm,,SIZE_CHART_RESPONSE_PRESENT,,,제품명은 이번 size-chart 수집자료에서 미수집,NOT RUN,NOT CHECKED,NOT CHECKED
80,UNIQLO,사용자 제공 150,E491292-000,,,,https://www.uniqlo.com/kr/ko/products/E491292-000/00,https://www.uniqlo.com/kr/ko/products/E491292-000/00/size?measurementUnit=cm,,SIZE_CHART_RESPONSE_PRESENT,,,제품명은 이번 size-chart 수집자료에서 미수집,NOT RUN,NOT CHECKED,NOT CHECKED
81,UNIQLO,사용자 제공 150,E484080-000,,,,https://www.uniqlo.com/kr/ko/products/E484080-000/00,https://www.uniqlo.com/kr/ko/products/E484080-000/00/size?measurementUnit=cm,,SIZE_CHART_RESPONSE_PRESENT,,,제품명은 이번 size-chart 수집자료에서 미수집,NOT RUN,NOT CHECKED,NOT CHECKED
82,UNIQLO,사용자 제공 150,E482766-000,,,,https://www.uniqlo.com/kr/ko/products/E482766-000/00,https://www.uniqlo.com/kr/ko/products/E482766-000/00/size?measurementUnit=cm,,SIZE_CHART_RESPONSE_PRESENT,,,제품명은 이번 size-chart 수집자료에서 미수집,NOT RUN,NOT CHECKED,NOT CHECKED
83,UNIQLO,사용자 제공 150,E450179-000,,,,https://www.uniqlo.com/kr/ko/products/E450179-000/00,https://www.uniqlo.com/kr/ko/products/E450179-000/00/size?measurementUnit=cm,,SIZE_CHART_RESPONSE_PRESENT,,,제품명은 이번 size-chart 수집자료에서 미수집,NOT RUN,NOT CHECKED,NOT CHECKED
84,UNIQLO,사용자 제공 150,E486129-000,,,,https://www.uniqlo.com/kr/ko/products/E486129-000/00,https://www.uniqlo.com/kr/ko/products/E486129-000/00/size?measurementUnit=cm,,SIZE_CHART_RESPONSE_PRESENT,,,제품명은 이번 size-chart 수집자료에서 미수집,NOT RUN,NOT CHECKED,NOT CHECKED
85,UNIQLO,사용자 제공 150,E465193-000,,,,https://www.uniqlo.com/kr/ko/products/E465193-000/00,https://www.uniqlo.com/kr/ko/products/E465193-000/00/size?measurementUnit=cm,,SIZE_CHART_RESPONSE_PRESENT,,,제품명은 이번 size-chart 수집자료에서 미수집,NOT RUN,NOT CHECKED,NOT CHECKED
86,UNIQLO,사용자 제공 150,E486103-000,,,,https://www.uniqlo.com/kr/ko/products/E486103-000/00,https://www.uniqlo.com/kr/ko/products/E486103-000/00/size?measurementUnit=cm,,SIZE_CHART_RESPONSE_PRESENT,,,제품명은 이번 size-chart 수집자료에서 미수집,NOT RUN,NOT CHECKED,NOT CHECKED
87,UNIQLO,사용자 제공 150,E488605-000,,,,https://www.uniqlo.com/kr/ko/products/E488605-000/00,https://www.uniqlo.com/kr/ko/products/E488605-000/00/size?measurementUnit=cm,,SIZE_CHART_RESPONSE_PRESENT,,,제품명은 이번 size-chart 수집자료에서 미수집,NOT RUN,NOT CHECKED,NOT CHECKED
88,UNIQLO,사용자 제공 150,E481441-000,,,,https://www.uniqlo.com/kr/ko/products/E481441-000/00,https://www.uniqlo.com/kr/ko/products/E481441-000/00/size?measurementUnit=cm,,SIZE_CHART_RESPONSE_PRESENT,,,제품명은 이번 size-chart 수집자료에서 미수집,NOT RUN,NOT CHECKED,NOT CHECKED
89,UNIQLO,사용자 제공 150,E479450-000,,,,https://www.uniqlo.com/kr/ko/products/E479450-000/00,https://www.uniqlo.com/kr/ko/products/E479450-000/00/size?measurementUnit=cm,,SIZE_CHART_RESPONSE_PRESENT,,,제품명은 이번 size-chart 수집자료에서 미수집,NOT RUN,NOT CHECKED,NOT CHECKED
90,UNIQLO,사용자 제공 150,E481442-000,,,,https://www.uniqlo.com/kr/ko/products/E481442-000/00,https://www.uniqlo.com/kr/ko/products/E481442-000/00/size?measurementUnit=cm,,SIZE_CHART_RESPONSE_PRESENT,,,제품명은 이번 size-chart 수집자료에서 미수집,NOT RUN,NOT CHECKED,NOT CHECKED
91,UNIQLO,사용자 제공 150,E487939-000,,,,https://www.uniqlo.com/kr/ko/products/E487939-000/00,https://www.uniqlo.com/kr/ko/products/E487939-000/00/size?measurementUnit=cm,,SIZE_CHART_RESPONSE_PRESENT,,,제품명은 이번 size-chart 수집자료에서 미수집,NOT RUN,NOT CHECKED,NOT CHECKED
92,UNIQLO,사용자 제공 150,E486080-000,,,,https://www.uniqlo.com/kr/ko/products/E486080-000/00,https://www.uniqlo.com/kr/ko/products/E486080-000/00/size?measurementUnit=cm,,SIZE_CHART_RESPONSE_PRESENT,,,제품명은 이번 size-chart 수집자료에서 미수집,NOT RUN,NOT CHECKED,NOT CHECKED
93,UNIQLO,사용자 제공 150,E487942-000,,,,https://www.uniqlo.com/kr/ko/products/E487942-000/00,https://www.uniqlo.com/kr/ko/products/E487942-000/00/size?measurementUnit=cm,,SIZE_CHART_RESPONSE_PRESENT,,,제품명은 이번 size-chart 수집자료에서 미수집,NOT RUN,NOT CHECKED,NOT CHECKED
94,UNIQLO,사용자 제공 150,E450536-000,,,,https://www.uniqlo.com/kr/ko/products/E450536-000/00,https://www.uniqlo.com/kr/ko/products/E450536-000/00/size?measurementUnit=cm,,SIZE_CHART_RESPONSE_PRESENT,,,제품명은 이번 size-chart 수집자료에서 미수집,NOT RUN,NOT CHECKED,NOT CHECKED
95,UNIQLO,사용자 제공 150,E488760-000,,,,https://www.uniqlo.com/kr/ko/products/E488760-000/00,https://www.uniqlo.com/kr/ko/products/E488760-000/00/size?measurementUnit=cm,,SIZE_CHART_RESPONSE_PRESENT,,,제품명은 이번 size-chart 수집자료에서 미수집,NOT RUN,NOT CHECKED,NOT CHECKED
96,UNIQLO,사용자 제공 150,E479791-000,,,,https://www.uniqlo.com/kr/ko/products/E479791-000/00,https://www.uniqlo.com/kr/ko/products/E479791-000/00/size?measurementUnit=cm,,SIZE_CHART_RESPONSE_PRESENT,,,제품명은 이번 size-chart 수집자료에서 미수집,NOT RUN,NOT CHECKED,NOT CHECKED
97,UNIQLO,사용자 제공 150,E453754-000,,,,https://www.uniqlo.com/kr/ko/products/E453754-000/00,https://www.uniqlo.com/kr/ko/products/E453754-000/00/size?measurementUnit=cm,,SIZE_CHART_RESPONSE_PRESENT,,,제품명은 이번 size-chart 수집자료에서 미수집,NOT RUN,NOT CHECKED,NOT CHECKED
98,UNIQLO,사용자 제공 150,E450535-000,,,,https://www.uniqlo.com/kr/ko/products/E450535-000/00,https://www.uniqlo.com/kr/ko/products/E450535-000/00/size?measurementUnit=cm,,SIZE_CHART_RESPONSE_PRESENT,,,제품명은 이번 size-chart 수집자료에서 미수집,NOT RUN,NOT CHECKED,NOT CHECKED
99,UNIQLO,사용자 제공 150,E488758-000,,,,https://www.uniqlo.com/kr/ko/products/E488758-000/00,https://www.uniqlo.com/kr/ko/products/E488758-000/00/size?measurementUnit=cm,,SIZE_CHART_RESPONSE_PRESENT,,,제품명은 이번 size-chart 수집자료에서 미수집,NOT RUN,NOT CHECKED,NOT CHECKED
100,UNIQLO,사용자 제공 150,E486066-000,,,,https://www.uniqlo.com/kr/ko/products/E486066-000/00,https://www.uniqlo.com/kr/ko/products/E486066-000/00/size?measurementUnit=cm,,SIZE_CHART_RESPONSE_PRESENT,,,제품명은 이번 size-chart 수집자료에서 미수집,NOT RUN,NOT CHECKED,NOT CHECKED
101,UNIQLO,사용자 제공 150,E486610-000,,,,https://www.uniqlo.com/kr/ko/products/E486610-000/00,https://www.uniqlo.com/kr/ko/products/E486610-000/00/size?measurementUnit=cm,,SIZE_CHART_RESPONSE_PRESENT,,,제품명은 이번 size-chart 수집자료에서 미수집,NOT RUN,NOT CHECKED,NOT CHECKED
102,UNIQLO,사용자 제공 150,E488801-000,,,,https://www.uniqlo.com/kr/ko/products/E488801-000/00,https://www.uniqlo.com/kr/ko/products/E488801-000/00/size?measurementUnit=cm,,SIZE_CHART_RESPONSE_PRESENT,,,제품명은 이번 size-chart 수집자료에서 미수집,NOT RUN,NOT CHECKED,NOT CHECKED
103,UNIQLO,사용자 제공 150,E488793-000,,,,https://www.uniqlo.com/kr/ko/products/E488793-000/00,https://www.uniqlo.com/kr/ko/products/E488793-000/00/size?measurementUnit=cm,,SIZE_CHART_RESPONSE_PRESENT,,,제품명은 이번 size-chart 수집자료에서 미수집,NOT RUN,NOT CHECKED,NOT CHECKED
104,UNIQLO,사용자 제공 150,E486614-000,,,,https://www.uniqlo.com/kr/ko/products/E486614-000/00,https://www.uniqlo.com/kr/ko/products/E486614-000/00/size?measurementUnit=cm,,SIZE_CHART_RESPONSE_PRESENT,,,제품명은 이번 size-chart 수집자료에서 미수집,NOT RUN,NOT CHECKED,NOT CHECKED
105,UNIQLO,사용자 제공 150,E450260-000,,,,https://www.uniqlo.com/kr/ko/products/E450260-000/00,https://www.uniqlo.com/kr/ko/products/E450260-000/00/size?measurementUnit=cm,,SIZE_CHART_RESPONSE_PRESENT,,,제품명은 이번 size-chart 수집자료에서 미수집,NOT RUN,NOT CHECKED,NOT CHECKED
106,UNIQLO,사용자 제공 150,E486587-000,,,,https://www.uniqlo.com/kr/ko/products/E486587-000/00,https://www.uniqlo.com/kr/ko/products/E486587-000/00/size?measurementUnit=cm,,SIZE_CHART_RESPONSE_PRESENT,,,제품명은 이번 size-chart 수집자료에서 미수집,NOT RUN,NOT CHECKED,NOT CHECKED
107,UNIQLO,사용자 제공 150,E482461-000,,,,https://www.uniqlo.com/kr/ko/products/E482461-000/00,https://www.uniqlo.com/kr/ko/products/E482461-000/00/size?measurementUnit=cm,,SIZE_CHART_RESPONSE_PRESENT,,,제품명은 이번 size-chart 수집자료에서 미수집,NOT RUN,NOT CHECKED,NOT CHECKED
108,UNIQLO,사용자 제공 150,E486586-000,,,,https://www.uniqlo.com/kr/ko/products/E486586-000/00,https://www.uniqlo.com/kr/ko/products/E486586-000/00/size?measurementUnit=cm,,SIZE_CHART_RESPONSE_PRESENT,,,제품명은 이번 size-chart 수집자료에서 미수집,NOT RUN,NOT CHECKED,NOT CHECKED
109,UNIQLO,사용자 제공 150,E485653-000,,,,https://www.uniqlo.com/kr/ko/products/E485653-000/00,https://www.uniqlo.com/kr/ko/products/E485653-000/00/size?measurementUnit=cm,,SIZE_CHART_RESPONSE_PRESENT,,,제품명은 이번 size-chart 수집자료에서 미수집,NOT RUN,NOT CHECKED,NOT CHECKED
110,UNIQLO,사용자 제공 150,E480764-000,,,,https://www.uniqlo.com/kr/ko/products/E480764-000/00,https://www.uniqlo.com/kr/ko/products/E480764-000/00/size?measurementUnit=cm,,SIZE_CHART_RESPONSE_PRESENT,,,제품명은 이번 size-chart 수집자료에서 미수집,NOT RUN,NOT CHECKED,NOT CHECKED
111,UNIQLO,사용자 제공 150,E483443-000,,,,https://www.uniqlo.com/kr/ko/products/E483443-000/00,https://www.uniqlo.com/kr/ko/products/E483443-000/00/size?measurementUnit=cm,,SIZE_CHART_RESPONSE_PRESENT,,,제품명은 이번 size-chart 수집자료에서 미수집,NOT RUN,NOT CHECKED,NOT CHECKED
112,UNIQLO,사용자 제공 150,E480861-000,,,,https://www.uniqlo.com/kr/ko/products/E480861-000/00,https://www.uniqlo.com/kr/ko/products/E480861-000/00/size?measurementUnit=cm,,SIZE_CHART_RESPONSE_PRESENT,,,제품명은 이번 size-chart 수집자료에서 미수집,NOT RUN,NOT CHECKED,NOT CHECKED
113,UNIQLO,사용자 제공 150,E488939-000,,,,https://www.uniqlo.com/kr/ko/products/E488939-000/00,https://www.uniqlo.com/kr/ko/products/E488939-000/00/size?measurementUnit=cm,,SIZE_CHART_RESPONSE_PRESENT,,,제품명은 이번 size-chart 수집자료에서 미수집,NOT RUN,NOT CHECKED,NOT CHECKED
114,UNIQLO,사용자 제공 150,E493533-000,,,,https://www.uniqlo.com/kr/ko/products/E493533-000/00,https://www.uniqlo.com/kr/ko/products/E493533-000/00/size?measurementUnit=cm,,SIZE_CHART_RESPONSE_PRESENT,,,제품명은 이번 size-chart 수집자료에서 미수집,NOT RUN,NOT CHECKED,NOT CHECKED
115,UNIQLO,사용자 제공 150,E490470-000,,,,https://www.uniqlo.com/kr/ko/products/E490470-000/00,https://www.uniqlo.com/kr/ko/products/E490470-000/00/size?measurementUnit=cm,,SIZE_CHART_RESPONSE_PRESENT,,,제품명은 이번 size-chart 수집자료에서 미수집,NOT RUN,NOT CHECKED,NOT CHECKED
116,UNIQLO,사용자 제공 150,E491320-002,,,,https://www.uniqlo.com/kr/ko/products/E491320-002/00,https://www.uniqlo.com/kr/ko/products/E491320-002/00/size?measurementUnit=cm,,SIZE_CHART_RESPONSE_PRESENT,,,제품명은 이번 size-chart 수집자료에서 미수집,NOT RUN,NOT CHECKED,NOT CHECKED
117,UNIQLO,사용자 제공 150,E491320-000,,,,https://www.uniqlo.com/kr/ko/products/E491320-000/00,https://www.uniqlo.com/kr/ko/products/E491320-000/00/size?measurementUnit=cm,,SIZE_CHART_RESPONSE_PRESENT,,,제품명은 이번 size-chart 수집자료에서 미수집,NOT RUN,NOT CHECKED,NOT CHECKED
118,UNIQLO,사용자 제공 150,E491320-001,,,,https://www.uniqlo.com/kr/ko/products/E491320-001/00,https://www.uniqlo.com/kr/ko/products/E491320-001/00/size?measurementUnit=cm,,SIZE_CHART_RESPONSE_PRESENT,,,제품명은 이번 size-chart 수집자료에서 미수집,NOT RUN,NOT CHECKED,NOT CHECKED
119,UNIQLO,사용자 제공 150,E478168-000,,,,https://www.uniqlo.com/kr/ko/products/E478168-000/00,https://www.uniqlo.com/kr/ko/products/E478168-000/00/size?measurementUnit=cm,,SIZE_CHART_RESPONSE_PRESENT,,,제품명은 이번 size-chart 수집자료에서 미수집,NOT RUN,NOT CHECKED,NOT CHECKED
120,UNIQLO,사용자 제공 150,E478141-000,,,,https://www.uniqlo.com/kr/ko/products/E478141-000/00,https://www.uniqlo.com/kr/ko/products/E478141-000/00/size?measurementUnit=cm,,SIZE_CHART_RESPONSE_PRESENT,,,제품명은 이번 size-chart 수집자료에서 미수집,NOT RUN,NOT CHECKED,NOT CHECKED
121,UNIQLO,사용자 제공 150,E483502-000,,,,https://www.uniqlo.com/kr/ko/products/E483502-000/00,https://www.uniqlo.com/kr/ko/products/E483502-000/00/size?measurementUnit=cm,,SIZE_CHART_RESPONSE_PRESENT,,,제품명은 이번 size-chart 수집자료에서 미수집,NOT RUN,NOT CHECKED,NOT CHECKED
122,UNIQLO,사용자 제공 150,E486630-000,,,,https://www.uniqlo.com/kr/ko/products/E486630-000/00,https://www.uniqlo.com/kr/ko/products/E486630-000/00/size?measurementUnit=cm,,SIZE_CHART_RESPONSE_PRESENT,,,제품명은 이번 size-chart 수집자료에서 미수집,NOT RUN,NOT CHECKED,NOT CHECKED
123,UNIQLO,사용자 제공 150,E486637-000,,,,https://www.uniqlo.com/kr/ko/products/E486637-000/00,https://www.uniqlo.com/kr/ko/products/E486637-000/00/size?measurementUnit=cm,,SIZE_CHART_RESPONSE_PRESENT,,,제품명은 이번 size-chart 수집자료에서 미수집,NOT RUN,NOT CHECKED,NOT CHECKED
124,UNIQLO,사용자 제공 150,E486638-000,,,,https://www.uniqlo.com/kr/ko/products/E486638-000/00,https://www.uniqlo.com/kr/ko/products/E486638-000/00/size?measurementUnit=cm,,SIZE_CHART_RESPONSE_PRESENT,,,제품명은 이번 size-chart 수집자료에서 미수집,NOT RUN,NOT CHECKED,NOT CHECKED
125,UNIQLO,사용자 제공 150,E488163-000,,,,https://www.uniqlo.com/kr/ko/products/E488163-000/00,https://www.uniqlo.com/kr/ko/products/E488163-000/00/size?measurementUnit=cm,,SIZE_CHART_RESPONSE_PRESENT,,,제품명은 이번 size-chart 수집자료에서 미수집,NOT RUN,NOT CHECKED,NOT CHECKED
126,UNIQLO,사용자 제공 150,E488426-000,,,,https://www.uniqlo.com/kr/ko/products/E488426-000/00,https://www.uniqlo.com/kr/ko/products/E488426-000/00/size?measurementUnit=cm,,SIZE_CHART_RESPONSE_PRESENT,,,제품명은 이번 size-chart 수집자료에서 미수집,NOT RUN,NOT CHECKED,NOT CHECKED
127,UNIQLO,사용자 제공 150,E478140-000,,,,https://www.uniqlo.com/kr/ko/products/E478140-000/00,https://www.uniqlo.com/kr/ko/products/E478140-000/00/size?measurementUnit=cm,,SIZE_CHART_RESPONSE_PRESENT,,,제품명은 이번 size-chart 수집자료에서 미수집,NOT RUN,NOT CHECKED,NOT CHECKED
128,UNIQLO,사용자 제공 150,E485162-000,,,,https://www.uniqlo.com/kr/ko/products/E485162-000/00,https://www.uniqlo.com/kr/ko/products/E485162-000/00/size?measurementUnit=cm,,SIZE_CHART_RESPONSE_PRESENT,,,제품명은 이번 size-chart 수집자료에서 미수집,NOT RUN,NOT CHECKED,NOT CHECKED
129,UNIQLO,사용자 제공 150,E486627-000,,,,https://www.uniqlo.com/kr/ko/products/E486627-000/00,https://www.uniqlo.com/kr/ko/products/E486627-000/00/size?measurementUnit=cm,,SIZE_CHART_RESPONSE_PRESENT,,,제품명은 이번 size-chart 수집자료에서 미수집,NOT RUN,NOT CHECKED,NOT CHECKED
130,UNIQLO,사용자 제공 150,E486629-000,,,,https://www.uniqlo.com/kr/ko/products/E486629-000/00,https://www.uniqlo.com/kr/ko/products/E486629-000/00/size?measurementUnit=cm,,SIZE_CHART_RESPONSE_PRESENT,,,제품명은 이번 size-chart 수집자료에서 미수집,NOT RUN,NOT CHECKED,NOT CHECKED
131,UNIQLO,사용자 제공 150,E489012-000,,,,https://www.uniqlo.com/kr/ko/products/E489012-000/00,https://www.uniqlo.com/kr/ko/products/E489012-000/00/size?measurementUnit=cm,,SIZE_CHART_RESPONSE_PRESENT,,,제품명은 이번 size-chart 수집자료에서 미수집,NOT RUN,NOT CHECKED,NOT CHECKED
132,UNIQLO,사용자 제공 150,E486412-000,,,,https://www.uniqlo.com/kr/ko/products/E486412-000/00,https://www.uniqlo.com/kr/ko/products/E486412-000/00/size?measurementUnit=cm,,SIZE_CHART_RESPONSE_PRESENT,,,제품명은 이번 size-chart 수집자료에서 미수집,NOT RUN,NOT CHECKED,NOT CHECKED
133,UNIQLO,사용자 제공 150,E488826-000,,,,https://www.uniqlo.com/kr/ko/products/E488826-000/00,https://www.uniqlo.com/kr/ko/products/E488826-000/00/size?measurementUnit=cm,,SIZE_CHART_RESPONSE_PRESENT,,,제품명은 이번 size-chart 수집자료에서 미수집,NOT RUN,NOT CHECKED,NOT CHECKED
134,UNIQLO,사용자 제공 150,E486411-000,,,,https://www.uniqlo.com/kr/ko/products/E486411-000/00,https://www.uniqlo.com/kr/ko/products/E486411-000/00/size?measurementUnit=cm,,SIZE_CHART_RESPONSE_PRESENT,,,제품명은 이번 size-chart 수집자료에서 미수집,NOT RUN,NOT CHECKED,NOT CHECKED
135,UNIQLO,사용자 제공 150,E488006-000,,,,https://www.uniqlo.com/kr/ko/products/E488006-000/00,https://www.uniqlo.com/kr/ko/products/E488006-000/00/size?measurementUnit=cm,,SIZE_CHART_RESPONSE_PRESENT,,,제품명은 이번 size-chart 수집자료에서 미수집,NOT RUN,NOT CHECKED,NOT CHECKED
136,UNIQLO,사용자 제공 150,E488005-000,,,,https://www.uniqlo.com/kr/ko/products/E488005-000/00,https://www.uniqlo.com/kr/ko/products/E488005-000/00/size?measurementUnit=cm,,SIZE_CHART_RESPONSE_PRESENT,,,제품명은 이번 size-chart 수집자료에서 미수집,NOT RUN,NOT CHECKED,NOT CHECKED
137,UNIQLO,사용자 제공 150,E488007-000,,,,https://www.uniqlo.com/kr/ko/products/E488007-000/00,https://www.uniqlo.com/kr/ko/products/E488007-000/00/size?measurementUnit=cm,,SIZE_CHART_RESPONSE_PRESENT,,,제품명은 이번 size-chart 수집자료에서 미수집,NOT RUN,NOT CHECKED,NOT CHECKED
138,UNIQLO,사용자 제공 150,E483127-000,,,,https://www.uniqlo.com/kr/ko/products/E483127-000/00,https://www.uniqlo.com/kr/ko/products/E483127-000/00/size?measurementUnit=cm,,SIZE_CHART_RESPONSE_PRESENT,,,제품명은 이번 size-chart 수집자료에서 미수집,NOT RUN,NOT CHECKED,NOT CHECKED
139,UNIQLO,사용자 제공 150,E483129-000,,,,https://www.uniqlo.com/kr/ko/products/E483129-000/00,https://www.uniqlo.com/kr/ko/products/E483129-000/00/size?measurementUnit=cm,,SIZE_CHART_RESPONSE_PRESENT,,,제품명은 이번 size-chart 수집자료에서 미수집,NOT RUN,NOT CHECKED,NOT CHECKED
140,UNIQLO,사용자 제공 150,E485616-000,,,,https://www.uniqlo.com/kr/ko/products/E485616-000/00,https://www.uniqlo.com/kr/ko/products/E485616-000/00/size?measurementUnit=cm,,SIZE_CHART_RESPONSE_PRESENT,,,제품명은 이번 size-chart 수집자료에서 미수집,NOT RUN,NOT CHECKED,NOT CHECKED
141,UNIQLO,사용자 제공 150,E486604-000,,,,https://www.uniqlo.com/kr/ko/products/E486604-000/00,https://www.uniqlo.com/kr/ko/products/E486604-000/00/size?measurementUnit=cm,,SIZE_CHART_RESPONSE_PRESENT,,,제품명은 이번 size-chart 수집자료에서 미수집,NOT RUN,NOT CHECKED,NOT CHECKED
142,UNIQLO,사용자 제공 150,E480856-000,,,,https://www.uniqlo.com/kr/ko/products/E480856-000/00,https://www.uniqlo.com/kr/ko/products/E480856-000/00/size?measurementUnit=cm,,SIZE_CHART_RESPONSE_PRESENT,,,제품명은 이번 size-chart 수집자료에서 미수집,NOT RUN,NOT CHECKED,NOT CHECKED
143,UNIQLO,사용자 제공 150,E476602-000,,,,https://www.uniqlo.com/kr/ko/products/E476602-000/00,https://www.uniqlo.com/kr/ko/products/E476602-000/00/size?measurementUnit=cm,,SIZE_CHART_RESPONSE_PRESENT,,,제품명은 이번 size-chart 수집자료에서 미수집,NOT RUN,NOT CHECKED,NOT CHECKED
144,UNIQLO,사용자 제공 150,E475436-000,,,,https://www.uniqlo.com/kr/ko/products/E475436-000/00,https://www.uniqlo.com/kr/ko/products/E475436-000/00/size?measurementUnit=cm,,SIZE_CHART_RESPONSE_PRESENT,,,제품명은 이번 size-chart 수집자료에서 미수집,NOT RUN,NOT CHECKED,NOT CHECKED
145,UNIQLO,사용자 제공 150,E475435-000,,,,https://www.uniqlo.com/kr/ko/products/E475435-000/00,https://www.uniqlo.com/kr/ko/products/E475435-000/00/size?measurementUnit=cm,,SIZE_CHART_RESPONSE_PRESENT,,,제품명은 이번 size-chart 수집자료에서 미수집,NOT RUN,NOT CHECKED,NOT CHECKED
146,UNIQLO,사용자 제공 150,E477667-000,,,,https://www.uniqlo.com/kr/ko/products/E477667-000/00,https://www.uniqlo.com/kr/ko/products/E477667-000/00/size?measurementUnit=cm,,SIZE_CHART_RESPONSE_PRESENT,,,제품명은 이번 size-chart 수집자료에서 미수집,NOT RUN,NOT CHECKED,NOT CHECKED
147,UNIQLO,사용자 제공 150,E465185-000,,,,https://www.uniqlo.com/kr/ko/products/E465185-000/00?colorDisplayCode=65,https://www.uniqlo.com/kr/ko/products/E465185-000/00/size?measurementUnit=cm,,SIZE_CHART_RESPONSE_PRESENT,,,제품명은 이번 size-chart 수집자료에서 미수집,NOT RUN,NOT CHECKED,NOT CHECKED
148,UNIQLO,사용자 제공 150,E484508-000,,,,https://www.uniqlo.com/kr/ko/products/E484508-000/00?colorDisplayCode=69,https://www.uniqlo.com/kr/ko/products/E484508-000/00/size?measurementUnit=cm,,SIZE_CHART_RESPONSE_PRESENT,,,제품명은 이번 size-chart 수집자료에서 미수집,NOT RUN,NOT CHECKED,NOT CHECKED
149,UNIQLO,사용자 제공 150,E485454-000,,,,https://www.uniqlo.com/kr/ko/products/E485454-000/00?colorDisplayCode=65,https://www.uniqlo.com/kr/ko/products/E485454-000/00/size?measurementUnit=cm,,SIZE_CHART_RESPONSE_PRESENT,,,제품명은 이번 size-chart 수집자료에서 미수집,NOT RUN,NOT CHECKED,NOT CHECKED
150,UNIQLO,사용자 제공 150,E482299-000,,,,https://www.uniqlo.com/kr/ko/products/E482299-000/00,https://www.uniqlo.com/kr/ko/products/E482299-000/00/size?measurementUnit=cm,,SIZE_CHART_RESPONSE_PRESENT,,,제품명은 이번 size-chart 수집자료에서 미수집,NOT RUN,NOT CHECKED,NOT CHECKED
151,UNIQLO,사용자 제공 150,E489013-000,,,,https://www.uniqlo.com/kr/ko/products/E489013-000/00,https://www.uniqlo.com/kr/ko/products/E489013-000/00/size?measurementUnit=cm,,SIZE_CHART_RESPONSE_PRESENT,,,제품명은 이번 size-chart 수집자료에서 미수집,NOT RUN,NOT CHECKED,NOT CHECKED
152,UNIQLO,사용자 제공 150,E483970-000,,,,https://www.uniqlo.com/kr/ko/products/E483970-000/00,https://www.uniqlo.com/kr/ko/products/E483970-000/00/size?measurementUnit=cm,,SIZE_CHART_RESPONSE_PRESENT,,,제품명은 이번 size-chart 수집자료에서 미수집,NOT RUN,NOT CHECKED,NOT CHECKED
153,UNIQLO,사용자 제공 150,E457263-000,,,,https://www.uniqlo.com/kr/ko/products/E457263-000/00,https://www.uniqlo.com/kr/ko/products/E457263-000/00/size?measurementUnit=cm,,SIZE_CHART_RESPONSE_PRESENT,,,제품명은 이번 size-chart 수집자료에서 미수집,NOT RUN,NOT CHECKED,NOT CHECKED
154,UNIQLO,사용자 제공 150,E464857-000,,,,https://www.uniqlo.com/kr/ko/products/E464857-000/00?colorDisplayCode=69,https://www.uniqlo.com/kr/ko/products/E464857-000/00/size?measurementUnit=cm,,SIZE_CHART_RESPONSE_PRESENT,,,제품명은 이번 size-chart 수집자료에서 미수집,NOT RUN,NOT CHECKED,NOT CHECKED
155,MUSINSA,사용자 제공 직접 링크,6372903,,,,https://www.musinsa.com/products/6372903,https://goods-detail.musinsa.com/api2/goods/6372903/actual-size,,NULL_DATA,0,200,"무신사 전체 1,028개 샘플의 정확한 전체 명부는 원본 조사파일에 보존되지 않음",NOT RUN,NOT CHECKED,NOT CHECKED
156,MUSINSA,사용자 제공 직접 링크,4096130,,,코드그라피(CGP) (우먼) 스퀘어 로고 반소매 티셔츠_화이트,https://www.musinsa.com/products/4096130,https://goods-detail.musinsa.com/api2/goods/4096130/actual-size,반소매티셔츠,POSITIVE_VALUES,2,200,"무신사 전체 1,028개 샘플의 정확한 전체 명부는 원본 조사파일에 보존되지 않음",NOT RUN,NOT CHECKED,NOT CHECKED
157,MUSINSA,사용자 제공 직접 링크,1481640,,,,https://www.musinsa.com/products/1481640,https://goods-detail.musinsa.com/api2/goods/1481640/actual-size,반소매티셔츠,POSITIVE_VALUES,4,200,"무신사 전체 1,028개 샘플의 정확한 전체 명부는 원본 조사파일에 보존되지 않음",NOT RUN,NOT CHECKED,NOT CHECKED
158,MUSINSA,사용자 제공 직접 링크,6176194,,,,https://www.musinsa.com/products/6176194,https://goods-detail.musinsa.com/api2/goods/6176194/actual-size,반소매티셔츠,POSITIVE_VALUES,3,200,"무신사 전체 1,028개 샘플의 정확한 전체 명부는 원본 조사파일에 보존되지 않음",NOT RUN,NOT CHECKED,NOT CHECKED
159,MUSINSA,사용자 제공 직접 링크,6193571,,,,https://www.musinsa.com/products/6193571,https://goods-detail.musinsa.com/api2/goods/6193571/actual-size,반소매티셔츠,POSITIVE_VALUES,3,200,"무신사 전체 1,028개 샘플의 정확한 전체 명부는 원본 조사파일에 보존되지 않음",NOT RUN,NOT CHECKED,NOT CHECKED
160,MUSINSA,사용자 제공 직접 링크,3907950,,,,https://www.musinsa.com/products/3907950,https://goods-detail.musinsa.com/api2/goods/3907950/actual-size,반소매티셔츠,POSITIVE_VALUES,1,200,"무신사 전체 1,028개 샘플의 정확한 전체 명부는 원본 조사파일에 보존되지 않음",NOT RUN,NOT CHECKED,NOT CHECKED
161,MUSINSA,사용자 제공 직접 링크,6372893,,,,https://www.musinsa.com/products/6372893,https://goods-detail.musinsa.com/api2/goods/6372893/actual-size,,NULL_DATA,0,200,"무신사 전체 1,028개 샘플의 정확한 전체 명부는 원본 조사파일에 보존되지 않음",NOT RUN,NOT CHECKED,NOT CHECKED
162,MUSINSA,사용자 제공 직접 링크,6383143,,,,https://www.musinsa.com/products/6383143,https://goods-detail.musinsa.com/api2/goods/6383143/actual-size,반소매티셔츠,POSITIVE_VALUES,3,200,"무신사 전체 1,028개 샘플의 정확한 전체 명부는 원본 조사파일에 보존되지 않음",NOT RUN,NOT CHECKED,NOT CHECKED
163,MUSINSA,사용자 제공 직접 링크,6864173,,,,https://www.musinsa.com/products/6864173,https://goods-detail.musinsa.com/api2/goods/6864173/actual-size,반소매티셔츠,POSITIVE_VALUES,6,200,"무신사 전체 1,028개 샘플의 정확한 전체 명부는 원본 조사파일에 보존되지 않음",NOT RUN,NOT CHECKED,NOT CHECKED
164,MUSINSA,사용자 제공 직접 링크,2149254,,,,https://www.musinsa.com/products/2149254,https://goods-detail.musinsa.com/api2/goods/2149254/actual-size,긴소매티셔츠,POSITIVE_VALUES,6,200,"무신사 전체 1,028개 샘플의 정확한 전체 명부는 원본 조사파일에 보존되지 않음",NOT RUN,NOT CHECKED,NOT CHECKED
165,MUSINSA,사용자 제공 직접 링크,1144989,,,,https://www.musinsa.com/products/1144989,https://goods-detail.musinsa.com/api2/goods/1144989/actual-size,긴소매티셔츠,POSITIVE_VALUES,6,200,"무신사 전체 1,028개 샘플의 정확한 전체 명부는 원본 조사파일에 보존되지 않음",NOT RUN,NOT CHECKED,NOT CHECKED
166,MUSINSA,사용자 제공 직접 링크,6067466,,,,https://www.musinsa.com/products/6067466,https://goods-detail.musinsa.com/api2/goods/6067466/actual-size,반소매티셔츠,POSITIVE_VALUES,1,200,"무신사 전체 1,028개 샘플의 정확한 전체 명부는 원본 조사파일에 보존되지 않음",NOT RUN,NOT CHECKED,NOT CHECKED
167,MUSINSA,사용자 제공 직접 링크,1129745,,,,https://www.musinsa.com/products/1129745,https://goods-detail.musinsa.com/api2/goods/1129745/actual-size,긴소매티셔츠,POSITIVE_VALUES,6,200,"무신사 전체 1,028개 샘플의 정확한 전체 명부는 원본 조사파일에 보존되지 않음",NOT RUN,NOT CHECKED,NOT CHECKED
168,MUSINSA,사용자 제공 직접 링크,1920872,,,,https://www.musinsa.com/products/1920872,https://goods-detail.musinsa.com/api2/goods/1920872/actual-size,긴소매티셔츠,POSITIVE_VALUES,4,200,"무신사 전체 1,028개 샘플의 정확한 전체 명부는 원본 조사파일에 보존되지 않음",NOT RUN,NOT CHECKED,NOT CHECKED
169,MUSINSA,사용자 제공 직접 링크,3730388,,,,https://www.musinsa.com/products/3730388,https://goods-detail.musinsa.com/api2/goods/3730388/actual-size,긴소매티셔츠,POSITIVE_VALUES,4,200,"무신사 전체 1,028개 샘플의 정확한 전체 명부는 원본 조사파일에 보존되지 않음",NOT RUN,NOT CHECKED,NOT CHECKED
170,MUSINSA,사용자 제공 직접 링크,5695778,,,,https://www.musinsa.com/products/5695778,https://goods-detail.musinsa.com/api2/goods/5695778/actual-size,긴소매티셔츠,POSITIVE_VALUES,4,200,"무신사 전체 1,028개 샘플의 정확한 전체 명부는 원본 조사파일에 보존되지 않음",NOT RUN,NOT CHECKED,NOT CHECKED
171,MUSINSA,사용자 제공 직접 링크,5151554,,,,https://www.musinsa.com/products/5151554,https://goods-detail.musinsa.com/api2/goods/5151554/actual-size,긴소매티셔츠,POSITIVE_VALUES,4,200,"무신사 전체 1,028개 샘플의 정확한 전체 명부는 원본 조사파일에 보존되지 않음",NOT RUN,NOT CHECKED,NOT CHECKED
172,MUSINSA,사용자 제공 직접 링크,1144999,,,,https://www.musinsa.com/products/1144999,https://goods-detail.musinsa.com/api2/goods/1144999/actual-size,긴소매티셔츠,POSITIVE_VALUES,6,200,"무신사 전체 1,028개 샘플의 정확한 전체 명부는 원본 조사파일에 보존되지 않음",NOT RUN,NOT CHECKED,NOT CHECKED
173,MUSINSA,사용자 제공 직접 링크,1446486,,,,https://www.musinsa.com/products/1446486,https://goods-detail.musinsa.com/api2/goods/1446486/actual-size,긴소매티셔츠,POSITIVE_VALUES,6,200,"무신사 전체 1,028개 샘플의 정확한 전체 명부는 원본 조사파일에 보존되지 않음",NOT RUN,NOT CHECKED,NOT CHECKED
174,MUSINSA,사용자 제공 직접 링크,5626708,,,,https://www.musinsa.com/products/5626708,https://goods-detail.musinsa.com/api2/goods/5626708/actual-size,긴소매티셔츠,POSITIVE_VALUES,4,200,"무신사 전체 1,028개 샘플의 정확한 전체 명부는 원본 조사파일에 보존되지 않음",NOT RUN,NOT CHECKED,NOT CHECKED
175,MUSINSA,사용자 제공 직접 링크,2448867,,,,https://www.musinsa.com/products/2448867,https://goods-detail.musinsa.com/api2/goods/2448867/actual-size,긴소매티셔츠,POSITIVE_VALUES,4,200,"무신사 전체 1,028개 샘플의 정확한 전체 명부는 원본 조사파일에 보존되지 않음",NOT RUN,NOT CHECKED,NOT CHECKED
176,MUSINSA,사용자 제공 직접 링크,2448874,,,,https://www.musinsa.com/products/2448874,https://goods-detail.musinsa.com/api2/goods/2448874/actual-size,민소매,POSITIVE_VALUES,4,200,"무신사 전체 1,028개 샘플의 정확한 전체 명부는 원본 조사파일에 보존되지 않음",NOT RUN,NOT CHECKED,NOT CHECKED
177,MUSINSA,사용자 제공 직접 링크,2448866,,,,https://www.musinsa.com/products/2448866,https://goods-detail.musinsa.com/api2/goods/2448866/actual-size,긴소매티셔츠,POSITIVE_VALUES,4,200,"무신사 전체 1,028개 샘플의 정확한 전체 명부는 원본 조사파일에 보존되지 않음",NOT RUN,NOT CHECKED,NOT CHECKED
178,MUSINSA,사용자 제공 직접 링크,4682241,,,,https://www.musinsa.com/products/4682241,https://goods-detail.musinsa.com/api2/goods/4682241/actual-size,긴소매티셔츠,POSITIVE_VALUES,5,200,"무신사 전체 1,028개 샘플의 정확한 전체 명부는 원본 조사파일에 보존되지 않음",NOT RUN,NOT CHECKED,NOT CHECKED
179,MUSINSA,사용자 제공 직접 링크,5107472,,,,https://www.musinsa.com/products/5107472,https://goods-detail.musinsa.com/api2/goods/5107472/actual-size,반소매티셔츠,POSITIVE_VALUES,3,200,"무신사 전체 1,028개 샘플의 정확한 전체 명부는 원본 조사파일에 보존되지 않음",NOT RUN,NOT CHECKED,NOT CHECKED
180,MUSINSA,사용자 제공 직접 링크,7051965,,,,https://www.musinsa.com/products/7051965,https://goods-detail.musinsa.com/api2/goods/7051965/actual-size,바지,POSITIVE_VALUES,3,200,"무신사 전체 1,028개 샘플의 정확한 전체 명부는 원본 조사파일에 보존되지 않음",NOT RUN,NOT CHECKED,NOT CHECKED
181,MUSINSA,사용자 제공 직접 링크,4213064,,,,https://www.musinsa.com/products/4213064,https://goods-detail.musinsa.com/api2/goods/4213064/actual-size,바지,POSITIVE_VALUES,3,200,"무신사 전체 1,028개 샘플의 정확한 전체 명부는 원본 조사파일에 보존되지 않음",NOT RUN,NOT CHECKED,NOT CHECKED
182,MUSINSA,사용자 제공 직접 링크,5864299,,,,https://www.musinsa.com/products/5864299,https://goods-detail.musinsa.com/api2/goods/5864299/actual-size,바지,POSITIVE_VALUES,5,200,"무신사 전체 1,028개 샘플의 정확한 전체 명부는 원본 조사파일에 보존되지 않음",NOT RUN,NOT CHECKED,NOT CHECKED
183,MUSINSA,사용자 제공 직접 링크,6193525,,,,https://www.musinsa.com/products/6193525,https://goods-detail.musinsa.com/api2/goods/6193525/actual-size,반소매티셔츠,POSITIVE_VALUES,3,200,"무신사 전체 1,028개 샘플의 정확한 전체 명부는 원본 조사파일에 보존되지 않음",NOT RUN,NOT CHECKED,NOT CHECKED
184,MUSINSA,항목 대표근거,6370276,,,,https://www.musinsa.com/products/6370276,https://goods-detail.musinsa.com/api2/goods/6370276/actual-size,바지,REPRESENTATIVE_SAMPLE,,200,원본항목 '엉덩이단면' 대표값 근거,NOT RUN,NOT CHECKED,NOT CHECKED
185,MUSINSA,항목 대표근거,3704544,,,,https://www.musinsa.com/products/3704544,https://goods-detail.musinsa.com/api2/goods/3704544/actual-size,헌팅/베레,REPRESENTATIVE_SAMPLE,,200,원본항목 '머리둘레' 대표값 근거,NOT RUN,NOT CHECKED,NOT CHECKED
186,MUSINSA,항목 대표근거,3112834,,,,https://www.musinsa.com/products/3112834,https://goods-detail.musinsa.com/api2/goods/3112834/actual-size,양말,REPRESENTATIVE_SAMPLE,,200,원본항목 '길이' 대표값 근거,NOT RUN,NOT CHECKED,NOT CHECKED
187,MUSINSA,항목 대표근거,5749575,,,,https://www.musinsa.com/products/5749575,https://goods-detail.musinsa.com/api2/goods/5749575/actual-size,점퍼_래글런,REPRESENTATIVE_SAMPLE,,200,원본항목 '전체소매길이' 대표값 근거,NOT RUN,NOT CHECKED,NOT CHECKED
188,MUSINSA,항목 대표근거,5928467,,,,https://www.musinsa.com/products/5928467,https://goods-detail.musinsa.com/api2/goods/5928467/actual-size,토트/핸드백,REPRESENTATIVE_SAMPLE,,200,원본항목 '높이' 대표값 근거,NOT RUN,NOT CHECKED,NOT CHECKED
189,MUSINSA,항목 대표근거,4468753,,,,https://www.musinsa.com/products/4468753,https://goods-detail.musinsa.com/api2/goods/4468753/actual-size,케이스,REPRESENTATIVE_SAMPLE,,200,원본항목 '가로' 대표값 근거,NOT RUN,NOT CHECKED,NOT CHECKED
190,MUSINSA,항목 대표근거,6445897,,,,https://www.musinsa.com/products/6445897,https://goods-detail.musinsa.com/api2/goods/6445897/actual-size,신발,REPRESENTATIVE_SAMPLE,,200,원본항목 '발길이' 대표값 근거,NOT RUN,NOT CHECKED,NOT CHECKED
191,MUSINSA,항목 대표근거,2927165,,,아이로닉 아이코닉(IRONIC ICONIC) IN1341L C04,https://www.musinsa.com/products/2927165,https://goods-detail.musinsa.com/api2/goods/2927165/actual-size,안경,REPRESENTATIVE_SAMPLE,,200,원본항목 '전체너비' 대표값 근거,NOT RUN,NOT CHECKED,NOT CHECKED
192,MUSINSA,항목 대표근거,5833168,,,,https://www.musinsa.com/products/5833168,https://goods-detail.musinsa.com/api2/goods/5833168/actual-size,반지,REPRESENTATIVE_SAMPLE,,200,원본항목 '둘레' 대표값 근거,NOT RUN,NOT CHECKED,NOT CHECKED
193,MUSINSA,항목 대표근거,4785397,,,,https://www.musinsa.com/products/4785397,https://goods-detail.musinsa.com/api2/goods/4785397/actual-size,벨트,REPRESENTATIVE_SAMPLE,,200,원본항목 '버클가로' 대표값 근거,NOT RUN,NOT CHECKED,NOT CHECKED
194,MUSINSA,항목 대표근거,6201096,,,,https://www.musinsa.com/products/6201096,https://goods-detail.musinsa.com/api2/goods/6201096/actual-size,캡/야구모자,REPRESENTATIVE_SAMPLE,,200,원본항목 '챙길이' 대표값 근거,NOT RUN,NOT CHECKED,NOT CHECKED
195,MUSINSA,항목 대표근거,3727438,,,,https://www.musinsa.com/products/3727438,https://goods-detail.musinsa.com/api2/goods/3727438/actual-size,크로스백,REPRESENTATIVE_SAMPLE,,200,원본항목 '끈길이' 대표값 근거,NOT RUN,NOT CHECKED,NOT CHECKED
196,ZARA,354 스타일 표본,00722370,553949188,553966026,릴렉스핏 배색 티셔츠,https://www.zara.com/kr/ko/릴렉스핏-배색-티셔츠-p00722370.html,https://www.zara.com/itxrest/4/catalog/store/11717/product/553966026/size-measure-guide?locale=ko_KR,MAN,GARMENT_MEASURE,4,200,제품 페이지 URL/제품명은 조사자료에 보존된 경우만 기입; 실측 API 링크는 354건 모두 보존,NOT RUN,NOT CHECKED,NOT CHECKED
197,ZARA,354 스타일 표본,06264301,551151802,551168569,코튼-린넨 컬러 블록 티셔츠,https://www.zara.com/kr/ko/코튼-린넨-컬러-블록-티셔츠-p06264301.html,https://www.zara.com/itxrest/4/catalog/store/11717/product/551168569/size-measure-guide?locale=ko_KR,MAN,GARMENT_MEASURE,4,200,제품 페이지 URL/제품명은 조사자료에 보존된 경우만 기입; 실측 API 링크는 354건 모두 보존,NOT RUN,NOT CHECKED,NOT CHECKED
198,ZARA,354 스타일 표본,05584471,545419230,553839163,인터록 릴렉스핏 티셔츠 /04,https://www.zara.com/kr/ko/인터록-릴렉스핏-티셔츠--04-p05584471.html,https://www.zara.com/itxrest/4/catalog/store/11717/product/553839163/size-measure-guide?locale=ko_KR,MAN,GARMENT_MEASURE,5,200,제품 페이지 URL/제품명은 조사자료에 보존된 경우만 기입; 실측 API 링크는 354건 모두 보존,NOT RUN,NOT CHECKED,NOT CHECKED
199,ZARA,354 스타일 표본,06318251,551429503,551439275,,,https://www.zara.com/itxrest/4/catalog/store/11717/product/551439275/size-measure-guide?locale=ko_KR,WOMAN,GARMENT_MEASURE,5,200,제품 페이지 URL/제품명은 조사자료에 보존된 경우만 기입; 실측 API 링크는 354건 모두 보존,NOT RUN,NOT CHECKED,NOT CHECKED
200,ZARA,354 스타일 표본,00761414,545419578,545425912,배색 리브드 베이직 티셔츠,https://www.zara.com/kr/ko/배색-리브드-베이직-티셔츠-p00761414.html,https://www.zara.com/itxrest/4/catalog/store/11717/product/545425912/size-measure-guide?locale=ko_KR,MAN,GARMENT_MEASURE,4,200,제품 페이지 URL/제품명은 조사자료에 보존된 경우만 기입; 실측 API 링크는 354건 모두 보존,NOT RUN,NOT CHECKED,NOT CHECKED
201,ZARA,354 스타일 표본,04387223,545478190,545479776,스트라이프 와이드 팬츠,https://www.zara.com/kr/ko/스트라이프-와이드-팬츠-p04387223.html,https://www.zara.com/itxrest/4/catalog/store/11717/product/545479776/size-measure-guide?locale=ko_KR,WOMAN,GARMENT_MEASURE,6,200,제품 페이지 URL/제품명은 조사자료에 보존된 경우만 기입; 실측 API 링크는 354건 모두 보존,NOT RUN,NOT CHECKED,NOT CHECKED
202,ZARA,354 스타일 표본,03641835,559467712,560807071,,,https://www.zara.com/itxrest/4/catalog/store/11717/product/560807071/size-measure-guide?locale=ko_KR,WOMAN,GARMENT_MEASURE,3,200,제품 페이지 URL/제품명은 조사자료에 보존된 경우만 기입; 실측 API 링크는 354건 모두 보존,NOT RUN,NOT CHECKED,NOT CHECKED
203,ZARA,354 스타일 표본,06427104,557824180,563664876,,,https://www.zara.com/itxrest/4/catalog/store/11717/product/563664876/size-measure-guide?locale=ko_KR,WOMAN,GARMENT_MEASURE,3,200,제품 페이지 URL/제품명은 조사자료에 보존된 경우만 기입; 실측 API 링크는 354건 모두 보존,NOT RUN,NOT CHECKED,NOT CHECKED
204,ZARA,354 스타일 표본,06147159,549035226,549035881,,,https://www.zara.com/itxrest/4/catalog/store/11717/product/549035881/size-measure-guide?locale=ko_KR,WOMAN,GARMENT_MEASURE,7,200,제품 페이지 URL/제품명은 조사자료에 보존된 경우만 기입; 실측 API 링크는 354건 모두 보존,NOT RUN,NOT CHECKED,NOT CHECKED
205,ZARA,354 스타일 표본,01758724,550516220,550522967,,,https://www.zara.com/itxrest/4/catalog/store/11717/product/550522967/size-measure-guide?locale=ko_KR,WOMAN,GARMENT_MEASURE,3,200,제품 페이지 URL/제품명은 조사자료에 보존된 경우만 기입; 실측 API 링크는 354건 모두 보존,NOT RUN,NOT CHECKED,NOT CHECKED
206,ZARA,354 스타일 표본,09632273,579814260,579820515,,,https://www.zara.com/itxrest/4/catalog/store/11717/product/579820515/size-measure-guide?locale=ko_KR,WOMAN,GARMENT_MEASURE,7,200,제품 페이지 URL/제품명은 조사자료에 보존된 경우만 기입; 실측 API 링크는 354건 모두 보존,NOT RUN,NOT CHECKED,NOT CHECKED
207,ZARA,354 스타일 표본,01255568,552540645,552577797,,,https://www.zara.com/itxrest/4/catalog/store/11717/product/552577797/size-measure-guide?locale=ko_KR,WOMAN,GARMENT_MEASURE,6,200,제품 페이지 URL/제품명은 조사자료에 보존된 경우만 기입; 실측 API 링크는 354건 모두 보존,NOT RUN,NOT CHECKED,NOT CHECKED
208,ZARA,354 스타일 표본,01608233,571555735,571556822,,,https://www.zara.com/itxrest/4/catalog/store/11717/product/571556822/size-measure-guide?locale=ko_KR,WOMAN,GARMENT_MEASURE,6,200,제품 페이지 URL/제품명은 조사자료에 보존된 경우만 기입; 실측 API 링크는 354건 모두 보존,NOT RUN,NOT CHECKED,NOT CHECKED
209,ZARA,354 스타일 표본,01758123,555131590,555132975,,,https://www.zara.com/itxrest/4/catalog/store/11717/product/555132975/size-measure-guide?locale=ko_KR,WOMAN,NEITHER_GUIDE,0,200,제품 페이지 URL/제품명은 조사자료에 보존된 경우만 기입; 실측 API 링크는 354건 모두 보존,NOT RUN,NOT CHECKED,NOT CHECKED
210,ZARA,354 스타일 표본,01478350,563639461,563650742,,,https://www.zara.com/itxrest/4/catalog/store/11717/product/563650742/size-measure-guide?locale=ko_KR,WOMAN,GARMENT_MEASURE,5,200,제품 페이지 URL/제품명은 조사자료에 보존된 경우만 기입; 실측 API 링크는 354건 모두 보존,NOT RUN,NOT CHECKED,NOT CHECKED
211,ZARA,354 스타일 표본,46182040,545445856,545447513,,,https://www.zara.com/itxrest/4/catalog/store/11717/product/545447513/size-measure-guide?locale=ko_KR,HOME,NEITHER_GUIDE,0,200,제품 페이지 URL/제품명은 조사자료에 보존된 경우만 기입; 실측 API 링크는 354건 모두 보존,NOT RUN,NOT CHECKED,NOT CHECKED
212,ZARA,354 스타일 표본,03548249,547308526,547312199,,,https://www.zara.com/itxrest/4/catalog/store/11717/product/547312199/size-measure-guide?locale=ko_KR,WOMAN,SIZE_GUIDE_ONLY,0,200,제품 페이지 URL/제품명은 조사자료에 보존된 경우만 기입; 실측 API 링크는 354건 모두 보존,NOT RUN,NOT CHECKED,NOT CHECKED
213,ZARA,354 스타일 표본,04749931,545487719,545490501,,,https://www.zara.com/itxrest/4/catalog/store/11717/product/545490501/size-measure-guide?locale=ko_KR,WOMAN,GARMENT_MEASURE,5,200,제품 페이지 URL/제품명은 조사자료에 보존된 경우만 기입; 실측 API 링크는 354건 모두 보존,NOT RUN,NOT CHECKED,NOT CHECKED
214,ZARA,354 스타일 표본,07046436,553966130,553971979,,,https://www.zara.com/itxrest/4/catalog/store/11717/product/553971979/size-measure-guide?locale=ko_KR,WOMAN,GARMENT_MEASURE,4,200,제품 페이지 URL/제품명은 조사자료에 보존된 경우만 기입; 실측 API 링크는 354건 모두 보존,NOT RUN,NOT CHECKED,NOT CHECKED
215,ZARA,354 스타일 표본,04661452,558143579,558151328,,,https://www.zara.com/itxrest/4/catalog/store/11717/product/558151328/size-measure-guide?locale=ko_KR,WOMAN,GARMENT_MEASURE,6,200,제품 페이지 URL/제품명은 조사자료에 보존된 경우만 기입; 실측 API 링크는 354건 모두 보존,NOT RUN,NOT CHECKED,NOT CHECKED
216,ZARA,354 스타일 표본,05252072,547003473,547014734,,,https://www.zara.com/itxrest/4/catalog/store/11717/product/547014734/size-measure-guide?locale=ko_KR,WOMAN,GARMENT_MEASURE,6,200,제품 페이지 URL/제품명은 조사자료에 보존된 경우만 기입; 실측 API 링크는 354건 모두 보존,NOT RUN,NOT CHECKED,NOT CHECKED
217,ZARA,354 스타일 표본,08372276,545471697,545474672,,,https://www.zara.com/itxrest/4/catalog/store/11717/product/545474672/size-measure-guide?locale=ko_KR,WOMAN,GARMENT_MEASURE,5,200,제품 페이지 URL/제품명은 조사자료에 보존된 경우만 기입; 실측 API 링크는 354건 모두 보존,NOT RUN,NOT CHECKED,NOT CHECKED
218,ZARA,354 스타일 표본,04344245,545406418,545410092,,,https://www.zara.com/itxrest/4/catalog/store/11717/product/545410092/size-measure-guide?locale=ko_KR,WOMAN,GARMENT_MEASURE,5,200,제품 페이지 URL/제품명은 조사자료에 보존된 경우만 기입; 실측 API 링크는 354건 모두 보존,NOT RUN,NOT CHECKED,NOT CHECKED
219,ZARA,354 스타일 표본,05247241,545495055,555454991,,,https://www.zara.com/itxrest/4/catalog/store/11717/product/555454991/size-measure-guide?locale=ko_KR,WOMAN,GARMENT_MEASURE,5,200,제품 페이지 URL/제품명은 조사자료에 보존된 경우만 기입; 실측 API 링크는 354건 모두 보존,NOT RUN,NOT CHECKED,NOT CHECKED
220,ZARA,354 스타일 표본,06136011,545399846,545405045,,,https://www.zara.com/itxrest/4/catalog/store/11717/product/545405045/size-measure-guide?locale=ko_KR,WOMAN,GARMENT_MEASURE,8,200,제품 페이지 URL/제품명은 조사자료에 보존된 경우만 기입; 실측 API 링크는 354건 모두 보존,NOT RUN,NOT CHECKED,NOT CHECKED
221,ZARA,354 스타일 표본,07793603,581684905,581691227,,,https://www.zara.com/itxrest/4/catalog/store/11717/product/581691227/size-measure-guide?locale=ko_KR,WOMAN,GARMENT_MEASURE,5,200,제품 페이지 URL/제품명은 조사자료에 보존된 경우만 기입; 실측 API 링크는 354건 모두 보존,NOT RUN,NOT CHECKED,NOT CHECKED
222,ZARA,354 스타일 표본,04043258,545418668,545422906,,,https://www.zara.com/itxrest/4/catalog/store/11717/product/545422906/size-measure-guide?locale=ko_KR,WOMAN,GARMENT_MEASURE,5,200,제품 페이지 URL/제품명은 조사자료에 보존된 경우만 기입; 실측 API 링크는 354건 모두 보존,NOT RUN,NOT CHECKED,NOT CHECKED
223,ZARA,354 스타일 표본,07893973,545400194,545405159,,,https://www.zara.com/itxrest/4/catalog/store/11717/product/545405159/size-measure-guide?locale=ko_KR,WOMAN,GARMENT_MEASURE,5,200,제품 페이지 URL/제품명은 조사자료에 보존된 경우만 기입; 실측 API 링크는 354건 모두 보존,NOT RUN,NOT CHECKED,NOT CHECKED
224,ZARA,354 스타일 표본,05039648,550794344,550820978,,,https://www.zara.com/itxrest/4/catalog/store/11717/product/550820978/size-measure-guide?locale=ko_KR,WOMAN,GARMENT_MEASURE,3,200,제품 페이지 URL/제품명은 조사자료에 보존된 경우만 기입; 실측 API 링크는 354건 모두 보존,NOT RUN,NOT CHECKED,NOT CHECKED
225,ZARA,354 스타일 표본,04090030,555069107,555080478,,,https://www.zara.com/itxrest/4/catalog/store/11717/product/555080478/size-measure-guide?locale=ko_KR,MAN,GARMENT_MEASURE,4,200,제품 페이지 URL/제품명은 조사자료에 보존된 경우만 기입; 실측 API 링크는 354건 모두 보존,NOT RUN,NOT CHECKED,NOT CHECKED
226,ZARA,354 스타일 표본,04736263,553981321,553990097,,,https://www.zara.com/itxrest/4/catalog/store/11717/product/553990097/size-measure-guide?locale=ko_KR,WOMAN,NEITHER_GUIDE,0,200,제품 페이지 URL/제품명은 조사자료에 보존된 경우만 기입; 실측 API 링크는 354건 모두 보존,NOT RUN,NOT CHECKED,NOT CHECKED
227,ZARA,354 스타일 표본,04736228,545399158,545404753,,,https://www.zara.com/itxrest/4/catalog/store/11717/product/545404753/size-measure-guide?locale=ko_KR,WOMAN,NEITHER_GUIDE,0,200,제품 페이지 URL/제품명은 조사자료에 보존된 경우만 기입; 실측 API 링크는 354건 모두 보존,NOT RUN,NOT CHECKED,NOT CHECKED
228,ZARA,354 스타일 표본,04736238,547276737,547294168,,,https://www.zara.com/itxrest/4/catalog/store/11717/product/547294168/size-measure-guide?locale=ko_KR,WOMAN,NEITHER_GUIDE,0,200,제품 페이지 URL/제품명은 조사자료에 보존된 경우만 기입; 실측 API 링크는 354건 모두 보존,NOT RUN,NOT CHECKED,NOT CHECKED
229,ZARA,354 스타일 표본,04772354,546977678,546984557,도트 볼륨 홀터넥 미디 원피스,https://www.zara.com/kr/ko/도트-볼륨-홀터넥-미디-원피스-p04772354.html,https://www.zara.com/itxrest/4/catalog/store/11717/product/546984557/size-measure-guide?locale=ko_KR,WOMAN,GARMENT_MEASURE,6,200,제품 페이지 URL/제품명은 조사자료에 보존된 경우만 기입; 실측 API 링크는 354건 모두 보존,NOT RUN,NOT CHECKED,NOT CHECKED
230,ZARA,354 스타일 표본,13513810,545448957,545454016,,,https://www.zara.com/itxrest/4/catalog/store/11717/product/545454016/size-measure-guide?locale=ko_KR,WOMAN,SIZE_GUIDE_ONLY,0,200,제품 페이지 URL/제품명은 조사자료에 보존된 경우만 기입; 실측 API 링크는 354건 모두 보존,NOT RUN,NOT CHECKED,NOT CHECKED
231,ZARA,354 스타일 표본,15240810,545417669,545422525,,,https://www.zara.com/itxrest/4/catalog/store/11717/product/545422525/size-measure-guide?locale=ko_KR,WOMAN,NEITHER_GUIDE,0,200,제품 페이지 URL/제품명은 조사자료에 보존된 경우만 기입; 실측 API 링크는 354건 모두 보존,NOT RUN,NOT CHECKED,NOT CHECKED
232,ZARA,354 스타일 표본,03067503,551156742,551168852,,,https://www.zara.com/itxrest/4/catalog/store/11717/product/551168852/size-measure-guide?locale=ko_KR,WOMAN,GARMENT_MEASURE,6,200,제품 페이지 URL/제품명은 조사자료에 보존된 경우만 기입; 실측 API 링크는 354건 모두 보존,NOT RUN,NOT CHECKED,NOT CHECKED
233,ZARA,354 스타일 표본,04938110,560318977,560334051,,,https://www.zara.com/itxrest/4/catalog/store/11717/product/560334051/size-measure-guide?locale=ko_KR,WOMAN,GARMENT_MEASURE,3,200,제품 페이지 URL/제품명은 조사자료에 보존된 경우만 기입; 실측 API 링크는 354건 모두 보존,NOT RUN,NOT CHECKED,NOT CHECKED
234,ZARA,354 스타일 표본,08372277,555384966,555391979,,,https://www.zara.com/itxrest/4/catalog/store/11717/product/555391979/size-measure-guide?locale=ko_KR,WOMAN,GARMENT_MEASURE,5,200,제품 페이지 URL/제품명은 조사자료에 보존된 경우만 기입; 실측 API 링크는 354건 모두 보존,NOT RUN,NOT CHECKED,NOT CHECKED
235,ZARA,354 스타일 표본,07741759,549504908,549507607,,,https://www.zara.com/itxrest/4/catalog/store/11717/product/549507607/size-measure-guide?locale=ko_KR,WOMAN,GARMENT_MEASURE,5,200,제품 페이지 URL/제품명은 조사자료에 보존된 경우만 기입; 실측 API 링크는 354건 모두 보존,NOT RUN,NOT CHECKED,NOT CHECKED
236,ZARA,354 스타일 표본,02680590,545429308,545436925,,,https://www.zara.com/itxrest/4/catalog/store/11717/product/545436925/size-measure-guide?locale=ko_KR,WOMAN,GARMENT_MEASURE,5,200,제품 페이지 URL/제품명은 조사자료에 보존된 경우만 기입; 실측 API 링크는 354건 모두 보존,NOT RUN,NOT CHECKED,NOT CHECKED
237,ZARA,354 스타일 표본,07179241,551785589,551788968,,,https://www.zara.com/itxrest/4/catalog/store/11717/product/551788968/size-measure-guide?locale=ko_KR,WOMAN,GARMENT_MEASURE,5,200,제품 페이지 URL/제품명은 조사자료에 보존된 경우만 기입; 실측 API 링크는 354건 모두 보존,NOT RUN,NOT CHECKED,NOT CHECKED
238,ZARA,354 스타일 표본,09598105,545471843,545474701,,,https://www.zara.com/itxrest/4/catalog/store/11717/product/545474701/size-measure-guide?locale=ko_KR,WOMAN,GARMENT_MEASURE,4,200,제품 페이지 URL/제품명은 조사자료에 보존된 경우만 기입; 실측 API 링크는 354건 모두 보존,NOT RUN,NOT CHECKED,NOT CHECKED
239,ZARA,354 스타일 표본,05536035,547389624,547793036,,,https://www.zara.com/itxrest/4/catalog/store/11717/product/547793036/size-measure-guide?locale=ko_KR,WOMAN,GARMENT_MEASURE,4,200,제품 페이지 URL/제품명은 조사자료에 보존된 경우만 기입; 실측 API 링크는 354건 모두 보존,NOT RUN,NOT CHECKED,NOT CHECKED
240,ZARA,354 스타일 표본,03920119,549531996,549535299,,,https://www.zara.com/itxrest/4/catalog/store/11717/product/549535299/size-measure-guide?locale=ko_KR,WOMAN,GARMENT_MEASURE,4,200,제품 페이지 URL/제품명은 조사자료에 보존된 경우만 기입; 실측 API 링크는 354건 모두 보존,NOT RUN,NOT CHECKED,NOT CHECKED
241,ZARA,354 스타일 표본,03500002,545486787,545490335,,,https://www.zara.com/itxrest/4/catalog/store/11717/product/545490335/size-measure-guide?locale=ko_KR,WOMAN,GARMENT_MEASURE,3,200,제품 페이지 URL/제품명은 조사자료에 보존된 경우만 기입; 실측 API 링크는 354건 모두 보존,NOT RUN,NOT CHECKED,NOT CHECKED
242,ZARA,354 스타일 표본,08307047,545467288,555527204,,,https://www.zara.com/itxrest/4/catalog/store/11717/product/555527204/size-measure-guide?locale=ko_KR,WOMAN,GARMENT_MEASURE,8,200,제품 페이지 URL/제품명은 조사자료에 보존된 경우만 기입; 실측 API 링크는 354건 모두 보존,NOT RUN,NOT CHECKED,NOT CHECKED
243,ZARA,354 스타일 표본,09044833,547559125,547559694,,,https://www.zara.com/itxrest/4/catalog/store/11717/product/547559694/size-measure-guide?locale=ko_KR,WOMAN,SIZE_GUIDE_ONLY,0,200,제품 페이지 URL/제품명은 조사자료에 보존된 경우만 기입; 실측 API 링크는 354건 모두 보존,NOT RUN,NOT CHECKED,NOT CHECKED
244,ZARA,354 스타일 표본,03777027,550795093,550820987,,,https://www.zara.com/itxrest/4/catalog/store/11717/product/550820987/size-measure-guide?locale=ko_KR,WOMAN,GARMENT_MEASURE,5,200,제품 페이지 URL/제품명은 조사자료에 보존된 경우만 기입; 실측 API 링크는 354건 모두 보존,NOT RUN,NOT CHECKED,NOT CHECKED
245,ZARA,354 스타일 표본,04676250,552375038,552390099,,,https://www.zara.com/itxrest/4/catalog/store/11717/product/552390099/size-measure-guide?locale=ko_KR,WOMAN,GARMENT_MEASURE,7,200,제품 페이지 URL/제품명은 조사자료에 보존된 경우만 기입; 실측 API 링크는 354건 모두 보존,NOT RUN,NOT CHECKED,NOT CHECKED
246,ZARA,354 스타일 표본,06701022,562438244,562441767,,,https://www.zara.com/itxrest/4/catalog/store/11717/product/562441767/size-measure-guide?locale=ko_KR,WOMAN,SIZE_GUIDE_ONLY,0,200,제품 페이지 URL/제품명은 조사자료에 보존된 경우만 기입; 실측 API 링크는 354건 모두 보존,NOT RUN,NOT CHECKED,NOT CHECKED
247,ZARA,354 스타일 표본,08562130,555714115,555718082,,,https://www.zara.com/itxrest/4/catalog/store/11717/product/555718082/size-measure-guide?locale=ko_KR,WOMAN,SIZE_GUIDE_ONLY,0,200,제품 페이지 URL/제품명은 조사자료에 보존된 경우만 기입; 실측 API 링크는 354건 모두 보존,NOT RUN,NOT CHECKED,NOT CHECKED
248,ZARA,354 스타일 표본,05770230,545478426,545479816,,,https://www.zara.com/itxrest/4/catalog/store/11717/product/545479816/size-measure-guide?locale=ko_KR,WOMAN,GARMENT_MEASURE,5,200,제품 페이지 URL/제품명은 조사자료에 보존된 경우만 기입; 실측 API 링크는 354건 모두 보존,NOT RUN,NOT CHECKED,NOT CHECKED
249,ZARA,354 스타일 표본,04786166,547005585,547014790,,,https://www.zara.com/itxrest/4/catalog/store/11717/product/547014790/size-measure-guide?locale=ko_KR,WOMAN,GARMENT_MEASURE,5,200,제품 페이지 URL/제품명은 조사자료에 보존된 경우만 기입; 실측 API 링크는 354건 모두 보존,NOT RUN,NOT CHECKED,NOT CHECKED
250,ZARA,354 스타일 표본,04387021,545408030,545412983,,,https://www.zara.com/itxrest/4/catalog/store/11717/product/545412983/size-measure-guide?locale=ko_KR,WOMAN,GARMENT_MEASURE,5,200,제품 페이지 URL/제품명은 조사자료에 보존된 경우만 기입; 실측 API 링크는 354건 모두 보존,NOT RUN,NOT CHECKED,NOT CHECKED
251,ZARA,354 스타일 표본,00340151,545396582,545400765,,,https://www.zara.com/itxrest/4/catalog/store/11717/product/545400765/size-measure-guide?locale=ko_KR,WOMAN,GARMENT_MEASURE,5,200,제품 페이지 URL/제품명은 조사자료에 보존된 경우만 기입; 실측 API 링크는 354건 모두 보존,NOT RUN,NOT CHECKED,NOT CHECKED
252,ZARA,354 스타일 표본,07842256,552258396,552262993,,,https://www.zara.com/itxrest/4/catalog/store/11717/product/552262993/size-measure-guide?locale=ko_KR,WOMAN,GARMENT_MEASURE,6,200,제품 페이지 URL/제품명은 조사자료에 보존된 경우만 기입; 실측 API 링크는 354건 모두 보존,NOT RUN,NOT CHECKED,NOT CHECKED
253,ZARA,354 스타일 표본,05029253,545478170,545479773,,,https://www.zara.com/itxrest/4/catalog/store/11717/product/545479773/size-measure-guide?locale=ko_KR,WOMAN,GARMENT_MEASURE,5,200,제품 페이지 URL/제품명은 조사자료에 보존된 경우만 기입; 실측 API 링크는 354건 모두 보존,NOT RUN,NOT CHECKED,NOT CHECKED
254,ZARA,354 스타일 표본,03920593,545477986,545479733,,,https://www.zara.com/itxrest/4/catalog/store/11717/product/545479733/size-measure-guide?locale=ko_KR,WOMAN,GARMENT_MEASURE,5,200,제품 페이지 URL/제품명은 조사자료에 보존된 경우만 기입; 실측 API 링크는 354건 모두 보존,NOT RUN,NOT CHECKED,NOT CHECKED
255,ZARA,354 스타일 표본,01067620,545488070,545490569,,,https://www.zara.com/itxrest/4/catalog/store/11717/product/545490569/size-measure-guide?locale=ko_KR,WOMAN,GARMENT_MEASURE,3,200,제품 페이지 URL/제품명은 조사자료에 보존된 경우만 기입; 실측 API 링크는 354건 모두 보존,NOT RUN,NOT CHECKED,NOT CHECKED
256,ZARA,354 스타일 표본,07521241,545449816,545454409,,,https://www.zara.com/itxrest/4/catalog/store/11717/product/545454409/size-measure-guide?locale=ko_KR,WOMAN,GARMENT_MEASURE,5,200,제품 페이지 URL/제품명은 조사자료에 보존된 경우만 기입; 실측 API 링크는 354건 모두 보존,NOT RUN,NOT CHECKED,NOT CHECKED
257,ZARA,354 스타일 표본,08779630,558031744,558036826,,,https://www.zara.com/itxrest/4/catalog/store/11717/product/558036826/size-measure-guide?locale=ko_KR,WOMAN,GARMENT_MEASURE,3,200,제품 페이지 URL/제품명은 조사자료에 보존된 경우만 기입; 실측 API 링크는 354건 모두 보존,NOT RUN,NOT CHECKED,NOT CHECKED
258,ZARA,354 스타일 표본,07790272,576918712,576924354,,,https://www.zara.com/itxrest/4/catalog/store/11717/product/576924354/size-measure-guide?locale=ko_KR,WOMAN,GARMENT_MEASURE,6,200,제품 페이지 URL/제품명은 조사자료에 보존된 경우만 기입; 실측 API 링크는 354건 모두 보존,NOT RUN,NOT CHECKED,NOT CHECKED
259,ZARA,354 스타일 표본,07042369,561165676,561166924,,,https://www.zara.com/itxrest/4/catalog/store/11717/product/561166924/size-measure-guide?locale=ko_KR,WOMAN,GARMENT_MEASURE,5,200,제품 페이지 URL/제품명은 조사자료에 보존된 경우만 기입; 실측 API 링크는 354건 모두 보존,NOT RUN,NOT CHECKED,NOT CHECKED
260,ZARA,354 스타일 표본,04043008,545458502,545461531,,,https://www.zara.com/itxrest/4/catalog/store/11717/product/545461531/size-measure-guide?locale=ko_KR,WOMAN,GARMENT_MEASURE,5,200,제품 페이지 URL/제품명은 조사자료에 보존된 경우만 기입; 실측 API 링크는 354건 모두 보존,NOT RUN,NOT CHECKED,NOT CHECKED
261,ZARA,354 스타일 표본,06929067,545467437,545470459,,,https://www.zara.com/itxrest/4/catalog/store/11717/product/545470459/size-measure-guide?locale=ko_KR,WOMAN,GARMENT_MEASURE,6,200,제품 페이지 URL/제품명은 조사자료에 보존된 경우만 기입; 실측 API 링크는 354건 모두 보존,NOT RUN,NOT CHECKED,NOT CHECKED
262,ZARA,354 스타일 표본,02608709,547390086,547392320,,,https://www.zara.com/itxrest/4/catalog/store/11717/product/547392320/size-measure-guide?locale=ko_KR,WOMAN,GARMENT_MEASURE,5,200,제품 페이지 URL/제품명은 조사자료에 보존된 경우만 기입; 실측 API 링크는 354건 모두 보존,NOT RUN,NOT CHECKED,NOT CHECKED
263,ZARA,354 스타일 표본,04174643,545429143,545436835,,,https://www.zara.com/itxrest/4/catalog/store/11717/product/545436835/size-measure-guide?locale=ko_KR,WOMAN,GARMENT_MEASURE,4,200,제품 페이지 URL/제품명은 조사자료에 보존된 경우만 기입; 실측 API 링크는 354건 모두 보존,NOT RUN,NOT CHECKED,NOT CHECKED
264,ZARA,354 스타일 표본,02615110,545466844,549809558,,,https://www.zara.com/itxrest/4/catalog/store/11717/product/549809558/size-measure-guide?locale=ko_KR,WOMAN,GARMENT_MEASURE,3,200,제품 페이지 URL/제품명은 조사자료에 보존된 경우만 기입; 실측 API 링크는 354건 모두 보존,NOT RUN,NOT CHECKED,NOT CHECKED
265,ZARA,354 스타일 표본,04805115,548961897,548984788,,,https://www.zara.com/itxrest/4/catalog/store/11717/product/548984788/size-measure-guide?locale=ko_KR,WOMAN,GARMENT_MEASURE,3,200,제품 페이지 URL/제품명은 조사자료에 보존된 경우만 기입; 실측 API 링크는 354건 모두 보존,NOT RUN,NOT CHECKED,NOT CHECKED
266,ZARA,354 스타일 표본,00085131,559702374,559709832,,,https://www.zara.com/itxrest/4/catalog/store/11717/product/559709832/size-measure-guide?locale=ko_KR,WOMAN,GARMENT_MEASURE,3,200,제품 페이지 URL/제품명은 조사자료에 보존된 경우만 기입; 실측 API 링크는 354건 모두 보존,NOT RUN,NOT CHECKED,NOT CHECKED
267,ZARA,354 스타일 표본,08741246,550280445,550281614,,,https://www.zara.com/itxrest/4/catalog/store/11717/product/550281614/size-measure-guide?locale=ko_KR,WOMAN,GARMENT_MEASURE,5,200,제품 페이지 URL/제품명은 조사자료에 보존된 경우만 기입; 실측 API 링크는 354건 모두 보존,NOT RUN,NOT CHECKED,NOT CHECKED
268,ZARA,354 스타일 표본,01131111,548561297,548570074,,,https://www.zara.com/itxrest/4/catalog/store/11717/product/548570074/size-measure-guide?locale=ko_KR,WOMAN,GARMENT_MEASURE,3,200,제품 페이지 URL/제품명은 조사자료에 보존된 경우만 기입; 실측 API 링크는 354건 모두 보존,NOT RUN,NOT CHECKED,NOT CHECKED
269,ZARA,354 스타일 표본,04231031,555068937,555080450,,,https://www.zara.com/itxrest/4/catalog/store/11717/product/555080450/size-measure-guide?locale=ko_KR,MAN,GARMENT_MEASURE,5,200,제품 페이지 URL/제품명은 조사자료에 보존된 경우만 기입; 실측 API 링크는 354건 모두 보존,NOT RUN,NOT CHECKED,NOT CHECKED
270,ZARA,354 스타일 표본,08888774,555796523,555813583,,,https://www.zara.com/itxrest/4/catalog/store/11717/product/555813583/size-measure-guide?locale=ko_KR,WOMAN,SIZE_GUIDE_ONLY,0,200,제품 페이지 URL/제품명은 조사자료에 보존된 경우만 기입; 실측 API 링크는 354건 모두 보존,NOT RUN,NOT CHECKED,NOT CHECKED
271,ZARA,354 스타일 표본,02240100,547005764,547014799,,,https://www.zara.com/itxrest/4/catalog/store/11717/product/547014799/size-measure-guide?locale=ko_KR,WOMAN,GARMENT_MEASURE,5,200,제품 페이지 URL/제품명은 조사자료에 보존된 경우만 기입; 실측 API 링크는 354건 모두 보존,NOT RUN,NOT CHECKED,NOT CHECKED
272,ZARA,354 스타일 표본,01165733,558389785,558394755,,,https://www.zara.com/itxrest/4/catalog/store/11717/product/558394755/size-measure-guide?locale=ko_KR,WOMAN,SIZE_GUIDE_ONLY,0,200,제품 페이지 URL/제품명은 조사자료에 보존된 경우만 기입; 실측 API 링크는 354건 모두 보존,NOT RUN,NOT CHECKED,NOT CHECKED
273,ZARA,354 스타일 표본,07341768,551153904,551168829,,,https://www.zara.com/itxrest/4/catalog/store/11717/product/551168829/size-measure-guide?locale=ko_KR,WOMAN,SIZE_GUIDE_ONLY,0,200,제품 페이지 URL/제품명은 조사자료에 보존된 경우만 기입; 실측 API 링크는 354건 모두 보존,NOT RUN,NOT CHECKED,NOT CHECKED
274,ZARA,354 스타일 표본,03293160,551155948,551168838,,,https://www.zara.com/itxrest/4/catalog/store/11717/product/551168838/size-measure-guide?locale=ko_KR,WOMAN,GARMENT_MEASURE,5,200,제품 페이지 URL/제품명은 조사자료에 보존된 경우만 기입; 실측 API 링크는 354건 모두 보존,NOT RUN,NOT CHECKED,NOT CHECKED
275,ZARA,354 스타일 표본,02229407,545483986,545486103,,,https://www.zara.com/itxrest/4/catalog/store/11717/product/545486103/size-measure-guide?locale=ko_KR,WOMAN,GARMENT_MEASURE,5,200,제품 페이지 URL/제품명은 조사자료에 보존된 경우만 기입; 실측 API 링크는 354건 모두 보존,NOT RUN,NOT CHECKED,NOT CHECKED
276,ZARA,354 스타일 표본,08356514,555211034,555219053,,,https://www.zara.com/itxrest/4/catalog/store/11717/product/555219053/size-measure-guide?locale=ko_KR,WOMAN,GARMENT_MEASURE,4,200,제품 페이지 URL/제품명은 조사자료에 보존된 경우만 기입; 실측 API 링크는 354건 모두 보존,NOT RUN,NOT CHECKED,NOT CHECKED
277,ZARA,354 스타일 표본,07735593,545450252,545454594,,,https://www.zara.com/itxrest/4/catalog/store/11717/product/545454594/size-measure-guide?locale=ko_KR,WOMAN,GARMENT_MEASURE,5,200,제품 페이지 URL/제품명은 조사자료에 보존된 경우만 기입; 실측 API 링크는 354건 모두 보존,NOT RUN,NOT CHECKED,NOT CHECKED
278,ZARA,354 스타일 표본,07521304,551786096,551788997,,,https://www.zara.com/itxrest/4/catalog/store/11717/product/551788997/size-measure-guide?locale=ko_KR,WOMAN,GARMENT_MEASURE,6,200,제품 페이지 URL/제품명은 조사자료에 보존된 경우만 기입; 실측 API 링크는 354건 모두 보존,NOT RUN,NOT CHECKED,NOT CHECKED
279,ZARA,354 스타일 표본,04333243,560267933,560284742,,,https://www.zara.com/itxrest/4/catalog/store/11717/product/560284742/size-measure-guide?locale=ko_KR,WOMAN,GARMENT_MEASURE,5,200,제품 페이지 URL/제품명은 조사자료에 보존된 경우만 기입; 실측 API 링크는 354건 모두 보존,NOT RUN,NOT CHECKED,NOT CHECKED
280,ZARA,354 스타일 표본,03593032,545405889,545409877,,,https://www.zara.com/itxrest/4/catalog/store/11717/product/545409877/size-measure-guide?locale=ko_KR,WOMAN,GARMENT_MEASURE,8,200,제품 페이지 URL/제품명은 조사자료에 보존된 경우만 기입; 실측 API 링크는 354건 모두 보존,NOT RUN,NOT CHECKED,NOT CHECKED
281,ZARA,354 스타일 표본,05585366,555070123,555080543,,,https://www.zara.com/itxrest/4/catalog/store/11717/product/555080543/size-measure-guide?locale=ko_KR,MAN,GARMENT_MEASURE,7,200,제품 페이지 URL/제품명은 조사자료에 보존된 경우만 기입; 실측 API 링크는 354건 모두 보존,NOT RUN,NOT CHECKED,NOT CHECKED
282,ZARA,354 스타일 표본,12006810,548438367,548445970,,,https://www.zara.com/itxrest/4/catalog/store/11717/product/548445970/size-measure-guide?locale=ko_KR,WOMAN,SIZE_GUIDE_ONLY,0,200,제품 페이지 URL/제품명은 조사자료에 보존된 경우만 기입; 실측 API 링크는 354건 모두 보존,NOT RUN,NOT CHECKED,NOT CHECKED
283,ZARA,354 스타일 표본,07521143,555066411,555071534,,,https://www.zara.com/itxrest/4/catalog/store/11717/product/555071534/size-measure-guide?locale=ko_KR,WOMAN,GARMENT_MEASURE,5,200,제품 페이지 URL/제품명은 조사자료에 보존된 경우만 기입; 실측 API 링크는 354건 모두 보존,NOT RUN,NOT CHECKED,NOT CHECKED
284,ZARA,354 스타일 표본,02678150,545440198,545446850,,,https://www.zara.com/itxrest/4/catalog/store/11717/product/545446850/size-measure-guide?locale=ko_KR,WOMAN,NEITHER_GUIDE,0,200,제품 페이지 URL/제품명은 조사자료에 보존된 경우만 기입; 실측 API 링크는 354건 모두 보존,NOT RUN,NOT CHECKED,NOT CHECKED
285,ZARA,354 스타일 표본,02678711,545489881,545490860,,,https://www.zara.com/itxrest/4/catalog/store/11717/product/545490860/size-measure-guide?locale=ko_KR,WOMAN,SIZE_GUIDE_ONLY,0,200,제품 페이지 URL/제품명은 조사자료에 보존된 경우만 기입; 실측 API 링크는 354건 모두 보존,NOT RUN,NOT CHECKED,NOT CHECKED
286,ZARA,354 스타일 표본,02910014,545421630,545426592,,,https://www.zara.com/itxrest/4/catalog/store/11717/product/545426592/size-measure-guide?locale=ko_KR,WOMAN,SIZE_GUIDE_ONLY,0,200,제품 페이지 URL/제품명은 조사자료에 보존된 경우만 기입; 실측 API 링크는 354건 모두 보존,NOT RUN,NOT CHECKED,NOT CHECKED
287,ZARA,354 스타일 표본,00167065,545408164,545413023,,,https://www.zara.com/itxrest/4/catalog/store/11717/product/545413023/size-measure-guide?locale=ko_KR,WOMAN,SIZE_GUIDE_ONLY,0,200,제품 페이지 URL/제품명은 조사자료에 보존된 경우만 기입; 실측 API 링크는 354건 모두 보존,NOT RUN,NOT CHECKED,NOT CHECKED
288,ZARA,354 스타일 표본,13219810,547824655,547825940,,,https://www.zara.com/itxrest/4/catalog/store/11717/product/547825940/size-measure-guide?locale=ko_KR,WOMAN,SIZE_GUIDE_ONLY,0,200,제품 페이지 URL/제품명은 조사자료에 보존된 경우만 기입; 실측 API 링크는 354건 모두 보존,NOT RUN,NOT CHECKED,NOT CHECKED
289,ZARA,354 스타일 표본,15038710,551148072,551149571,,,https://www.zara.com/itxrest/4/catalog/store/11717/product/551149571/size-measure-guide?locale=ko_KR,WOMAN,SIZE_GUIDE_ONLY,0,200,제품 페이지 URL/제품명은 조사자료에 보존된 경우만 기입; 실측 API 링크는 354건 모두 보존,NOT RUN,NOT CHECKED,NOT CHECKED
290,ZARA,354 스타일 표본,13339710,545479109,545479927,,,https://www.zara.com/itxrest/4/catalog/store/11717/product/545479927/size-measure-guide?locale=ko_KR,WOMAN,SIZE_GUIDE_ONLY,0,200,제품 페이지 URL/제품명은 조사자료에 보존된 경우만 기입; 실측 API 링크는 354건 모두 보존,NOT RUN,NOT CHECKED,NOT CHECKED
291,ZARA,354 스타일 표본,12532810,550184251,550191139,,,https://www.zara.com/itxrest/4/catalog/store/11717/product/550191139/size-measure-guide?locale=ko_KR,WOMAN,SIZE_GUIDE_ONLY,0,200,제품 페이지 URL/제품명은 조사자료에 보존된 경우만 기입; 실측 API 링크는 354건 모두 보존,NOT RUN,NOT CHECKED,NOT CHECKED
292,ZARA,354 스타일 표본,12224710,545408046,545412988,,,https://www.zara.com/itxrest/4/catalog/store/11717/product/545412988/size-measure-guide?locale=ko_KR,WOMAN,SIZE_GUIDE_ONLY,0,200,제품 페이지 URL/제품명은 조사자료에 보존된 경우만 기입; 실측 API 링크는 354건 모두 보존,NOT RUN,NOT CHECKED,NOT CHECKED
293,ZARA,354 스타일 표본,12266710,547042984,558284826,,,https://www.zara.com/itxrest/4/catalog/store/11717/product/558284826/size-measure-guide?locale=ko_KR,WOMAN,SIZE_GUIDE_ONLY,0,200,제품 페이지 URL/제품명은 조사자료에 보존된 경우만 기입; 실측 API 링크는 354건 모두 보존,NOT RUN,NOT CHECKED,NOT CHECKED
294,ZARA,354 스타일 표본,12507810,545464174,545465869,,,https://www.zara.com/itxrest/4/catalog/store/11717/product/545465869/size-measure-guide?locale=ko_KR,WOMAN,SIZE_GUIDE_ONLY,0,200,제품 페이지 URL/제품명은 조사자료에 보존된 경우만 기입; 실측 API 링크는 354건 모두 보존,NOT RUN,NOT CHECKED,NOT CHECKED
295,ZARA,354 스타일 표본,40253762,551085137,551098627,,,https://www.zara.com/itxrest/4/catalog/store/11717/product/551098627/size-measure-guide?locale=ko_KR,HOME,NEITHER_GUIDE,0,200,제품 페이지 URL/제품명은 조사자료에 보존된 경우만 기입; 실측 API 링크는 354건 모두 보존,NOT RUN,NOT CHECKED,NOT CHECKED
296,ZARA,354 스타일 표본,11322810,545481985,545485778,,,https://www.zara.com/itxrest/4/catalog/store/11717/product/545485778/size-measure-guide?locale=ko_KR,WOMAN,SIZE_GUIDE_ONLY,0,200,제품 페이지 URL/제품명은 조사자료에 보존된 경우만 기입; 실측 API 링크는 354건 모두 보존,NOT RUN,NOT CHECKED,NOT CHECKED
297,ZARA,354 스타일 표본,16223810,545487591,580840125,,,https://www.zara.com/itxrest/4/catalog/store/11717/product/580840125/size-measure-guide?locale=ko_KR,WOMAN,NEITHER_GUIDE,0,200,제품 페이지 URL/제품명은 조사자료에 보존된 경우만 기입; 실측 API 링크는 354건 모두 보존,NOT RUN,NOT CHECKED,NOT CHECKED
298,ZARA,354 스타일 표본,16262710,545448913,545453998,,,https://www.zara.com/itxrest/4/catalog/store/11717/product/545453998/size-measure-guide?locale=ko_KR,WOMAN,NEITHER_GUIDE,0,200,제품 페이지 URL/제품명은 조사자료에 보존된 경우만 기입; 실측 API 링크는 354건 모두 보존,NOT RUN,NOT CHECKED,NOT CHECKED
299,ZARA,354 스타일 표본,16090810,545429238,545436888,,,https://www.zara.com/itxrest/4/catalog/store/11717/product/545436888/size-measure-guide?locale=ko_KR,WOMAN,NEITHER_GUIDE,0,200,제품 페이지 URL/제품명은 조사자료에 보존된 경우만 기입; 실측 API 링크는 354건 모두 보존,NOT RUN,NOT CHECKED,NOT CHECKED
300,ZARA,354 스타일 표본,00653244,547803382,547823518,,,https://www.zara.com/itxrest/4/catalog/store/11717/product/547823518/size-measure-guide?locale=ko_KR,WOMAN,NEITHER_GUIDE,0,200,제품 페이지 URL/제품명은 조사자료에 보존된 경우만 기입; 실측 API 링크는 354건 모두 보존,NOT RUN,NOT CHECKED,NOT CHECKED
301,ZARA,354 스타일 표본,01023279,564613076,564615795,,,https://www.zara.com/itxrest/4/catalog/store/11717/product/564615795/size-measure-guide?locale=ko_KR,WOMAN,SIZE_GUIDE_ONLY,0,200,제품 페이지 URL/제품명은 조사자료에 보존된 경우만 기입; 실측 API 링크는 354건 모두 보존,NOT RUN,NOT CHECKED,NOT CHECKED
302,ZARA,354 스타일 표본,03920242,545470088,545470884,,,https://www.zara.com/itxrest/4/catalog/store/11717/product/545470884/size-measure-guide?locale=ko_KR,WOMAN,NEITHER_GUIDE,0,200,제품 페이지 URL/제품명은 조사자료에 보존된 경우만 기입; 실측 API 링크는 354건 모두 보존,NOT RUN,NOT CHECKED,NOT CHECKED
303,ZARA,354 스타일 표본,04548022,545476628,545479480,,,https://www.zara.com/itxrest/4/catalog/store/11717/product/545479480/size-measure-guide?locale=ko_KR,WOMAN,SIZE_GUIDE_ONLY,0,200,제품 페이지 URL/제품명은 조사자료에 보존된 경우만 기입; 실측 API 링크는 354건 모두 보존,NOT RUN,NOT CHECKED,NOT CHECKED
304,ZARA,354 스타일 표본,20120495,545449210,545454113,,,https://www.zara.com/itxrest/4/catalog/store/11717/product/545454113/size-measure-guide?locale=ko_KR,WOMAN,NEITHER_GUIDE,0,200,제품 페이지 URL/제품명은 조사자료에 보존된 경우만 기입; 실측 API 링크는 354건 모두 보존,NOT RUN,NOT CHECKED,NOT CHECKED
305,ZARA,354 스타일 표본,20110983,545451144,545456614,,,https://www.zara.com/itxrest/4/catalog/store/11717/product/545456614/size-measure-guide?locale=ko_KR,WOMAN,NEITHER_GUIDE,0,200,제품 페이지 URL/제품명은 조사자료에 보존된 경우만 기입; 실측 API 링크는 354건 모두 보존,NOT RUN,NOT CHECKED,NOT CHECKED
306,ZARA,354 스타일 표본,20120828,545495594,545496340,,,https://www.zara.com/itxrest/4/catalog/store/11717/product/545496340/size-measure-guide?locale=ko_KR,WOMAN,NEITHER_GUIDE,0,200,제품 페이지 URL/제품명은 조사자료에 보존된 경우만 기입; 실측 API 링크는 354건 모두 보존,NOT RUN,NOT CHECKED,NOT CHECKED
307,ZARA,354 스타일 표본,20120376,545487681,545490494,,,https://www.zara.com/itxrest/4/catalog/store/11717/product/545490494/size-measure-guide?locale=ko_KR,WOMAN,NEITHER_GUIDE,0,200,제품 페이지 URL/제품명은 조사자료에 보존된 경우만 기입; 실측 API 링크는 354건 모두 보존,NOT RUN,NOT CHECKED,NOT CHECKED
308,ZARA,354 스타일 표본,20110934,545457061,545461108,,,https://www.zara.com/itxrest/4/catalog/store/11717/product/545461108/size-measure-guide?locale=ko_KR,WOMAN,NEITHER_GUIDE,0,200,제품 페이지 URL/제품명은 조사자료에 보존된 경우만 기입; 실측 API 링크는 354건 모두 보존,NOT RUN,NOT CHECKED,NOT CHECKED
309,ZARA,354 스타일 표본,08002800,555129634,555132294,,,https://www.zara.com/itxrest/4/catalog/store/11717/product/555132294/size-measure-guide?locale=ko_KR,WOMAN,SIZE_GUIDE_ONLY,0,200,제품 페이지 URL/제품명은 조사자료에 보존된 경우만 기입; 실측 API 링크는 354건 모두 보존,NOT RUN,NOT CHECKED,NOT CHECKED
310,ZARA,354 스타일 표본,01437398,556951226,556955212,,,https://www.zara.com/itxrest/4/catalog/store/11717/product/556955212/size-measure-guide?locale=ko_KR,MAN,GARMENT_MEASURE,4,200,제품 페이지 URL/제품명은 조사자료에 보존된 경우만 기입; 실측 API 링크는 354건 모두 보존,NOT RUN,NOT CHECKED,NOT CHECKED
311,ZARA,354 스타일 표본,44123121,547532488,547533464,,,https://www.zara.com/itxrest/4/catalog/store/11717/product/547533464/size-measure-guide?locale=ko_KR,HOME,NEITHER_GUIDE,0,200,제품 페이지 URL/제품명은 조사자료에 보존된 경우만 기입; 실측 API 링크는 354건 모두 보존,NOT RUN,NOT CHECKED,NOT CHECKED
312,ZARA,354 스타일 표본,43309748,545432872,545436927,,,https://www.zara.com/itxrest/4/catalog/store/11717/product/545436927/size-measure-guide?locale=ko_KR,HOME,NEITHER_GUIDE,0,200,제품 페이지 URL/제품명은 조사자료에 보존된 경우만 기입; 실측 API 링크는 354건 모두 보존,NOT RUN,NOT CHECKED,NOT CHECKED
313,ZARA,354 스타일 표본,44316728,545415501,545422860,,,https://www.zara.com/itxrest/4/catalog/store/11717/product/545422860/size-measure-guide?locale=ko_KR,HOME,NEITHER_GUIDE,0,200,제품 페이지 URL/제품명은 조사자료에 보존된 경우만 기입; 실측 API 링크는 354건 모두 보존,NOT RUN,NOT CHECKED,NOT CHECKED
314,ZARA,354 스타일 표본,44131123,545885068,545888955,,,https://www.zara.com/itxrest/4/catalog/store/11717/product/545888955/size-measure-guide?locale=ko_KR,HOME,NEITHER_GUIDE,0,200,제품 페이지 URL/제품명은 조사자료에 보존된 경우만 기입; 실측 API 링크는 354건 모두 보존,NOT RUN,NOT CHECKED,NOT CHECKED
315,ZARA,354 스타일 표본,03920123,550429860,550436767,,,https://www.zara.com/itxrest/4/catalog/store/11717/product/550436767/size-measure-guide?locale=ko_KR,MAN,GARMENT_MEASURE,4,200,제품 페이지 URL/제품명은 조사자료에 보존된 경우만 기입; 실측 API 링크는 354건 모두 보존,NOT RUN,NOT CHECKED,NOT CHECKED
316,ZARA,354 스타일 표본,08062340,567487394,567506678,,,https://www.zara.com/itxrest/4/catalog/store/11717/product/567506678/size-measure-guide?locale=ko_KR,MAN,SIZE_GUIDE_ONLY,0,200,제품 페이지 URL/제품명은 조사자료에 보존된 경우만 기입; 실측 API 링크는 354건 모두 보존,NOT RUN,NOT CHECKED,NOT CHECKED
317,ZARA,354 스타일 표본,13800820,545450825,545456487,,,https://www.zara.com/itxrest/4/catalog/store/11717/product/545456487/size-measure-guide?locale=ko_KR,MAN,NEITHER_GUIDE,0,200,제품 페이지 URL/제품명은 조사자료에 보존된 경우만 기입; 실측 API 링크는 354건 모두 보존,NOT RUN,NOT CHECKED,NOT CHECKED
318,ZARA,354 스타일 표본,01300485,561239467,576164655,,,https://www.zara.com/itxrest/4/catalog/store/11717/product/576164655/size-measure-guide?locale=ko_KR,MAN,GARMENT_MEASURE,6,200,제품 페이지 URL/제품명은 조사자료에 보존된 경우만 기입; 실측 API 링크는 354건 모두 보존,NOT RUN,NOT CHECKED,NOT CHECKED
319,ZARA,354 스타일 표본,01437900,563389990,563392223,,,https://www.zara.com/itxrest/4/catalog/store/11717/product/563392223/size-measure-guide?locale=ko_KR,MAN,GARMENT_MEASURE,4,200,제품 페이지 URL/제품명은 조사자료에 보존된 경우만 기입; 실측 API 링크는 354건 모두 보존,NOT RUN,NOT CHECKED,NOT CHECKED
320,ZARA,354 스타일 표본,00155774,557400175,557405745,,,https://www.zara.com/itxrest/4/catalog/store/11717/product/557405745/size-measure-guide?locale=ko_KR,MAN,GARMENT_MEASURE,4,200,제품 페이지 URL/제품명은 조사자료에 보존된 경우만 기입; 실측 API 링크는 354건 모두 보존,NOT RUN,NOT CHECKED,NOT CHECKED
321,ZARA,354 스타일 표본,06216401,545462729,545465616,,,https://www.zara.com/itxrest/4/catalog/store/11717/product/545465616/size-measure-guide?locale=ko_KR,MAN,GARMENT_MEASURE,4,200,제품 페이지 URL/제품명은 조사자료에 보존된 경우만 기입; 실측 API 링크는 354건 모두 보존,NOT RUN,NOT CHECKED,NOT CHECKED
322,ZARA,354 스타일 표본,03991399,555065520,555071482,,,https://www.zara.com/itxrest/4/catalog/store/11717/product/555071482/size-measure-guide?locale=ko_KR,MAN,GARMENT_MEASURE,7,200,제품 페이지 URL/제품명은 조사자료에 보존된 경우만 기입; 실측 API 링크는 354건 모두 보존,NOT RUN,NOT CHECKED,NOT CHECKED
323,ZARA,354 스타일 표본,04416276,549812031,549815761,,,https://www.zara.com/itxrest/4/catalog/store/11717/product/549815761/size-measure-guide?locale=ko_KR,MAN,GARMENT_MEASURE,4,200,제품 페이지 URL/제품명은 조사자료에 보존된 경우만 기입; 실측 API 링크는 354건 모두 보존,NOT RUN,NOT CHECKED,NOT CHECKED
324,ZARA,354 스타일 표본,03991335,560113191,560143274,,,https://www.zara.com/itxrest/4/catalog/store/11717/product/560143274/size-measure-guide?locale=ko_KR,MAN,GARMENT_MEASURE,6,200,제품 페이지 URL/제품명은 조사자료에 보존된 경우만 기입; 실측 API 링크는 354건 모두 보존,NOT RUN,NOT CHECKED,NOT CHECKED
325,ZARA,354 스타일 표본,06265454,583708036,583708293,,,https://www.zara.com/itxrest/4/catalog/store/11717/product/583708293/size-measure-guide?locale=ko_KR,MAN,SIZE_GUIDE_ONLY,0,200,제품 페이지 URL/제품명은 조사자료에 보존된 경우만 기입; 실측 API 링크는 354건 모두 보존,NOT RUN,NOT CHECKED,NOT CHECKED
326,ZARA,354 스타일 표본,08281740,545416953,555632618,,,https://www.zara.com/itxrest/4/catalog/store/11717/product/555632618/size-measure-guide?locale=ko_KR,MAN,GARMENT_MEASURE,5,200,제품 페이지 URL/제품명은 조사자료에 보존된 경우만 기입; 실측 API 링크는 354건 모두 보존,NOT RUN,NOT CHECKED,NOT CHECKED
327,ZARA,354 스타일 표본,01195308,557300828,557307244,,,https://www.zara.com/itxrest/4/catalog/store/11717/product/557307244/size-measure-guide?locale=ko_KR,MAN,GARMENT_MEASURE,4,200,제품 페이지 URL/제품명은 조사자료에 보존된 경우만 기입; 실측 API 링크는 354건 모두 보존,NOT RUN,NOT CHECKED,NOT CHECKED
328,ZARA,354 스타일 표본,07380100,549229997,549254343,,,https://www.zara.com/itxrest/4/catalog/store/11717/product/549254343/size-measure-guide?locale=ko_KR,MAN,GARMENT_MEASURE,4,200,제품 페이지 URL/제품명은 조사자료에 보존된 경우만 기입; 실측 API 링크는 354건 모두 보존,NOT RUN,NOT CHECKED,NOT CHECKED
329,ZARA,354 스타일 표본,00706740,551788717,551789037,,,https://www.zara.com/itxrest/4/catalog/store/11717/product/551789037/size-measure-guide?locale=ko_KR,MAN,GARMENT_MEASURE,5,200,제품 페이지 URL/제품명은 조사자료에 보존된 경우만 기입; 실측 API 링크는 354건 모두 보존,NOT RUN,NOT CHECKED,NOT CHECKED
330,ZARA,354 스타일 표본,06565830,549006982,549025142,,,https://www.zara.com/itxrest/4/catalog/store/11717/product/549025142/size-measure-guide?locale=ko_KR,MAN,GARMENT_MEASURE,5,200,제품 페이지 URL/제품명은 조사자료에 보존된 경우만 기입; 실측 API 링크는 354건 모두 보존,NOT RUN,NOT CHECKED,NOT CHECKED
331,ZARA,354 스타일 표본,08054327,545487626,545490486,,,https://www.zara.com/itxrest/4/catalog/store/11717/product/545490486/size-measure-guide?locale=ko_KR,MAN,GARMENT_MEASURE,4,200,제품 페이지 URL/제품명은 조사자료에 보존된 경우만 기입; 실측 API 링크는 354건 모두 보존,NOT RUN,NOT CHECKED,NOT CHECKED
332,ZARA,354 스타일 표본,00761305,548759544,548761468,,,https://www.zara.com/itxrest/4/catalog/store/11717/product/548761468/size-measure-guide?locale=ko_KR,MAN,GARMENT_MEASURE,4,200,제품 페이지 URL/제품명은 조사자료에 보존된 경우만 기입; 실측 API 링크는 354건 모두 보존,NOT RUN,NOT CHECKED,NOT CHECKED
333,ZARA,354 스타일 표본,08435321,547791289,547793128,,,https://www.zara.com/itxrest/4/catalog/store/11717/product/547793128/size-measure-guide?locale=ko_KR,MAN,NEITHER_GUIDE,0,200,제품 페이지 URL/제품명은 조사자료에 보존된 경우만 기입; 실측 API 링크는 354건 모두 보존,NOT RUN,NOT CHECKED,NOT CHECKED
334,ZARA,354 스타일 표본,01943317,545475882,545479339,,,https://www.zara.com/itxrest/4/catalog/store/11717/product/545479339/size-measure-guide?locale=ko_KR,MAN,GARMENT_MEASURE,4,200,제품 페이지 URL/제품명은 조사자료에 보존된 경우만 기입; 실측 API 링크는 354건 모두 보존,NOT RUN,NOT CHECKED,NOT CHECKED
335,ZARA,354 스타일 표본,02553301,545418588,545422884,,,https://www.zara.com/itxrest/4/catalog/store/11717/product/545422884/size-measure-guide?locale=ko_KR,MAN,GARMENT_MEASURE,4,200,제품 페이지 URL/제품명은 조사자료에 보존된 경우만 기입; 실측 API 링크는 354건 모두 보존,NOT RUN,NOT CHECKED,NOT CHECKED
336,ZARA,354 스타일 표본,02906306,561240184,561256959,,,https://www.zara.com/itxrest/4/catalog/store/11717/product/561256959/size-measure-guide?locale=ko_KR,MAN,GARMENT_MEASURE,4,200,제품 페이지 URL/제품명은 조사자료에 보존된 경우만 기입; 실측 API 링크는 354건 모두 보존,NOT RUN,NOT CHECKED,NOT CHECKED
337,ZARA,354 스타일 표본,06887403,558195572,558213434,,,https://www.zara.com/itxrest/4/catalog/store/11717/product/558213434/size-measure-guide?locale=ko_KR,MAN,GARMENT_MEASURE,4,200,제품 페이지 URL/제품명은 조사자료에 보존된 경우만 기입; 실측 API 링크는 354건 모두 보존,NOT RUN,NOT CHECKED,NOT CHECKED
338,ZARA,354 스타일 표본,03991323,545476047,545479371,,,https://www.zara.com/itxrest/4/catalog/store/11717/product/545479371/size-measure-guide?locale=ko_KR,MAN,GARMENT_MEASURE,4,200,제품 페이지 URL/제품명은 조사자료에 보존된 경우만 기입; 실측 API 링크는 354건 모두 보존,NOT RUN,NOT CHECKED,NOT CHECKED
339,ZARA,354 스타일 표본,04701872,545418687,545422920,,,https://www.zara.com/itxrest/4/catalog/store/11717/product/545422920/size-measure-guide?locale=ko_KR,MAN,SIZE_GUIDE_ONLY,0,200,제품 페이지 URL/제품명은 조사자료에 보존된 경우만 기입; 실측 API 링크는 354건 모두 보존,NOT RUN,NOT CHECKED,NOT CHECKED
340,ZARA,354 스타일 표본,20210271,545462895,545465648,,,https://www.zara.com/itxrest/4/catalog/store/11717/product/545465648/size-measure-guide?locale=ko_KR,MAN,NEITHER_GUIDE,0,200,제품 페이지 URL/제품명은 조사자료에 보존된 경우만 기입; 실측 API 링크는 354건 모두 보존,NOT RUN,NOT CHECKED,NOT CHECKED
341,ZARA,354 스타일 표본,04795301,556191126,556191790,,,https://www.zara.com/itxrest/4/catalog/store/11717/product/556191790/size-measure-guide?locale=ko_KR,MAN,GARMENT_MEASURE,4,200,제품 페이지 URL/제품명은 조사자료에 보존된 경우만 기입; 실측 API 링크는 354건 모두 보존,NOT RUN,NOT CHECKED,NOT CHECKED
342,ZARA,354 스타일 표본,12000822,588049018,588064020,,,https://www.zara.com/itxrest/4/catalog/store/11717/product/588064020/size-measure-guide?locale=ko_KR,MAN,SIZE_GUIDE_ONLY,0,200,제품 페이지 URL/제품명은 조사자료에 보존된 경우만 기입; 실측 API 링크는 354건 모두 보존,NOT RUN,NOT CHECKED,NOT CHECKED
343,ZARA,354 스타일 표본,13338720,545405292,545409659,,,https://www.zara.com/itxrest/4/catalog/store/11717/product/545409659/size-measure-guide?locale=ko_KR,MAN,NEITHER_GUIDE,0,200,제품 페이지 URL/제품명은 조사자료에 보존된 경우만 기입; 실측 API 링크는 354건 모두 보존,NOT RUN,NOT CHECKED,NOT CHECKED
344,ZARA,354 스타일 표본,03920459,557796376,557822340,,,https://www.zara.com/itxrest/4/catalog/store/11717/product/557822340/size-measure-guide?locale=ko_KR,MAN,NEITHER_GUIDE,0,200,제품 페이지 URL/제품명은 조사자료에 보존된 경우만 기입; 실측 API 링크는 354건 모두 보존,NOT RUN,NOT CHECKED,NOT CHECKED
345,ZARA,354 스타일 표본,06124331,569193762,569197142,,,https://www.zara.com/itxrest/4/catalog/store/11717/product/569197142/size-measure-guide?locale=ko_KR,MAN,GARMENT_MEASURE,4,200,제품 페이지 URL/제품명은 조사자료에 보존된 경우만 기입; 실측 API 링크는 354건 모두 보존,NOT RUN,NOT CHECKED,NOT CHECKED
346,ZARA,354 스타일 표본,20210731,564972916,564976747,,,https://www.zara.com/itxrest/4/catalog/store/11717/product/564976747/size-measure-guide?locale=ko_KR,MAN,NEITHER_GUIDE,0,200,제품 페이지 URL/제품명은 조사자료에 보존된 경우만 기입; 실측 API 링크는 354건 모두 보존,NOT RUN,NOT CHECKED,NOT CHECKED
347,ZARA,354 스타일 표본,05018310,558215839,558218260,,,https://www.zara.com/itxrest/4/catalog/store/11717/product/558218260/size-measure-guide?locale=ko_KR,MAN,GARMENT_MEASURE,3,200,제품 페이지 URL/제품명은 조사자료에 보존된 경우만 기입; 실측 API 링크는 354건 모두 보존,NOT RUN,NOT CHECKED,NOT CHECKED
348,ZARA,354 스타일 표본,03992330,560812839,560813231,,,https://www.zara.com/itxrest/4/catalog/store/11717/product/560813231/size-measure-guide?locale=ko_KR,MAN,SIZE_GUIDE_ONLY,0,200,제품 페이지 URL/제품명은 조사자료에 보존된 경우만 기입; 실측 API 링크는 354건 모두 보존,NOT RUN,NOT CHECKED,NOT CHECKED
349,ZARA,354 스타일 표본,01564654,555829651,555844588,,,https://www.zara.com/itxrest/4/catalog/store/11717/product/555844588/size-measure-guide?locale=ko_KR,MAN,GARMENT_MEASURE,4,200,제품 페이지 URL/제품명은 조사자료에 보존된 경우만 기입; 실측 API 링크는 354건 모두 보존,NOT RUN,NOT CHECKED,NOT CHECKED
350,ZARA,354 스타일 표본,02521404,555066528,555071548,,,https://www.zara.com/itxrest/4/catalog/store/11717/product/555071548/size-measure-guide?locale=ko_KR,MAN,GARMENT_MEASURE,4,200,제품 페이지 URL/제품명은 조사자료에 보존된 경우만 기입; 실측 API 링크는 354건 모두 보존,NOT RUN,NOT CHECKED,NOT CHECKED
351,ZARA,354 스타일 표본,20210662,553598003,553603002,,,https://www.zara.com/itxrest/4/catalog/store/11717/product/553603002/size-measure-guide?locale=ko_KR,MAN,NEITHER_GUIDE,0,200,제품 페이지 URL/제품명은 조사자료에 보존된 경우만 기입; 실측 API 링크는 354건 모두 보존,NOT RUN,NOT CHECKED,NOT CHECKED
352,ZARA,354 스타일 표본,06786011,551684478,551697867,,,https://www.zara.com/itxrest/4/catalog/store/11717/product/551697867/size-measure-guide?locale=ko_KR,MAN,SIZE_GUIDE_ONLY,0,200,제품 페이지 URL/제품명은 조사자료에 보존된 경우만 기입; 실측 API 링크는 354건 모두 보존,NOT RUN,NOT CHECKED,NOT CHECKED
353,ZARA,354 스타일 표본,00706165,550243596,550268209,,,https://www.zara.com/itxrest/4/catalog/store/11717/product/550268209/size-measure-guide?locale=ko_KR,MAN,GARMENT_MEASURE,4,200,제품 페이지 URL/제품명은 조사자료에 보존된 경우만 기입; 실측 API 링크는 354건 모두 보존,NOT RUN,NOT CHECKED,NOT CHECKED
354,ZARA,354 스타일 표본,04090339,549262088,549262328,,,https://www.zara.com/itxrest/4/catalog/store/11717/product/549262328/size-measure-guide?locale=ko_KR,MAN,GARMENT_MEASURE,4,200,제품 페이지 URL/제품명은 조사자료에 보존된 경우만 기입; 실측 API 링크는 354건 모두 보존,NOT RUN,NOT CHECKED,NOT CHECKED
355,ZARA,354 스타일 표본,12463720,548573428,548574483,,,https://www.zara.com/itxrest/4/catalog/store/11717/product/548574483/size-measure-guide?locale=ko_KR,MAN,SIZE_GUIDE_ONLY,0,200,제품 페이지 URL/제품명은 조사자료에 보존된 경우만 기입; 실측 API 링크는 354건 모두 보존,NOT RUN,NOT CHECKED,NOT CHECKED
356,ZARA,354 스타일 표본,12473720,547533813,547541650,,,https://www.zara.com/itxrest/4/catalog/store/11717/product/547541650/size-measure-guide?locale=ko_KR,MAN,SIZE_GUIDE_ONLY,0,200,제품 페이지 URL/제품명은 조사자료에 보존된 경우만 기입; 실측 API 링크는 354건 모두 보존,NOT RUN,NOT CHECKED,NOT CHECKED
357,ZARA,354 스타일 표본,20210250,546943660,546947528,,,https://www.zara.com/itxrest/4/catalog/store/11717/product/546947528/size-measure-guide?locale=ko_KR,MAN,NEITHER_GUIDE,0,200,제품 페이지 URL/제품명은 조사자료에 보존된 경우만 기입; 실측 API 링크는 354건 모두 보존,NOT RUN,NOT CHECKED,NOT CHECKED
358,ZARA,354 스타일 표본,13516820,545493595,545494777,,,https://www.zara.com/itxrest/4/catalog/store/11717/product/545494777/size-measure-guide?locale=ko_KR,MAN,NEITHER_GUIDE,0,200,제품 페이지 URL/제품명은 조사자료에 보존된 경우만 기입; 실측 API 링크는 354건 모두 보존,NOT RUN,NOT CHECKED,NOT CHECKED
359,ZARA,354 스타일 표본,12735720,545478993,545479909,,,https://www.zara.com/itxrest/4/catalog/store/11717/product/545479909/size-measure-guide?locale=ko_KR,MAN,SIZE_GUIDE_ONLY,0,200,제품 페이지 URL/제품명은 조사자료에 보존된 경우만 기입; 실측 API 링크는 354건 모두 보존,NOT RUN,NOT CHECKED,NOT CHECKED
360,ZARA,354 스타일 표본,20210918,545488102,545490575,,,https://www.zara.com/itxrest/4/catalog/store/11717/product/545490575/size-measure-guide?locale=ko_KR,MAN,NEITHER_GUIDE,0,200,제품 페이지 URL/제품명은 조사자료에 보존된 경우만 기입; 실측 API 링크는 354건 모두 보존,NOT RUN,NOT CHECKED,NOT CHECKED
361,ZARA,354 스타일 표본,08741341,545459252,545461667,,,https://www.zara.com/itxrest/4/catalog/store/11717/product/545461667/size-measure-guide?locale=ko_KR,MAN,GARMENT_MEASURE,4,200,제품 페이지 URL/제품명은 조사자료에 보존된 경우만 기입; 실측 API 링크는 354건 모두 보존,NOT RUN,NOT CHECKED,NOT CHECKED
362,ZARA,354 스타일 표본,01887305,545429823,545437107,,,https://www.zara.com/itxrest/4/catalog/store/11717/product/545437107/size-measure-guide?locale=ko_KR,MAN,GARMENT_MEASURE,4,200,제품 페이지 URL/제품명은 조사자료에 보존된 경우만 기입; 실측 API 링크는 354건 모두 보존,NOT RUN,NOT CHECKED,NOT CHECKED
363,ZARA,354 스타일 표본,03665302,545438451,545442674,,,https://www.zara.com/itxrest/4/catalog/store/11717/product/545442674/size-measure-guide?locale=ko_KR,MAN,GARMENT_MEASURE,4,200,제품 페이지 URL/제품명은 조사자료에 보존된 경우만 기입; 실측 API 링크는 354건 모두 보존,NOT RUN,NOT CHECKED,NOT CHECKED
364,ZARA,354 스타일 표본,12666620,545441235,545447290,,,https://www.zara.com/itxrest/4/catalog/store/11717/product/545447290/size-measure-guide?locale=ko_KR,MAN,SIZE_GUIDE_ONLY,0,200,제품 페이지 URL/제품명은 조사자료에 보존된 경우만 기입; 실측 API 링크는 354건 모두 보존,NOT RUN,NOT CHECKED,NOT CHECKED
365,ZARA,354 스타일 표본,12217820,545397142,545400984,,,https://www.zara.com/itxrest/4/catalog/store/11717/product/545400984/size-measure-guide?locale=ko_KR,MAN,SIZE_GUIDE_ONLY,0,200,제품 페이지 URL/제품명은 조사자료에 보존된 경우만 기입; 실측 API 링크는 354건 모두 보존,NOT RUN,NOT CHECKED,NOT CHECKED
366,ZARA,354 스타일 표본,20220325,545467543,545470478,,,https://www.zara.com/itxrest/4/catalog/store/11717/product/545470478/size-measure-guide?locale=ko_KR,MAN,NEITHER_GUIDE,0,200,제품 페이지 URL/제품명은 조사자료에 보존된 경우만 기입; 실측 API 링크는 354건 모두 보존,NOT RUN,NOT CHECKED,NOT CHECKED
367,ZARA,354 스타일 표본,20210010,545464054,545465840,,,https://www.zara.com/itxrest/4/catalog/store/11717/product/545465840/size-measure-guide?locale=ko_KR,MAN,NEITHER_GUIDE,0,200,제품 페이지 URL/제품명은 조사자료에 보존된 경우만 기입; 실측 API 링크는 354건 모두 보존,NOT RUN,NOT CHECKED,NOT CHECKED
368,ZARA,354 스타일 표본,08574313,545467270,545470432,,,https://www.zara.com/itxrest/4/catalog/store/11717/product/545470432/size-measure-guide?locale=ko_KR,MAN,SIZE_GUIDE_ONLY,0,200,제품 페이지 URL/제품명은 조사자료에 보존된 경우만 기입; 실측 API 링크는 354건 모두 보존,NOT RUN,NOT CHECKED,NOT CHECKED
369,ZARA,354 스타일 표본,06987405,545418444,545422817,,,https://www.zara.com/itxrest/4/catalog/store/11717/product/545422817/size-measure-guide?locale=ko_KR,MAN,GARMENT_MEASURE,2,200,제품 페이지 URL/제품명은 조사자료에 보존된 경우만 기입; 실측 API 링크는 354건 모두 보존,NOT RUN,NOT CHECKED,NOT CHECKED
370,ZARA,354 스타일 표본,05536734,562550036,562552326,,,https://www.zara.com/itxrest/4/catalog/store/11717/product/562552326/size-measure-guide?locale=ko_KR,KID,GARMENT_MEASURE,6,200,제품 페이지 URL/제품명은 조사자료에 보존된 경우만 기입; 실측 API 링크는 354건 모두 보존,NOT RUN,NOT CHECKED,NOT CHECKED
371,ZARA,354 스타일 표본,13230820,545408644,545413190,,,https://www.zara.com/itxrest/4/catalog/store/11717/product/545413190/size-measure-guide?locale=ko_KR,MAN,NEITHER_GUIDE,0,200,제품 페이지 URL/제품명은 조사자료에 보존된 경우만 기입; 실측 API 링크는 354건 모두 보존,NOT RUN,NOT CHECKED,NOT CHECKED
372,ZARA,354 스타일 표본,04701708,559787718,559823078,,,https://www.zara.com/itxrest/4/catalog/store/11717/product/559823078/size-measure-guide?locale=ko_KR,KID,NEITHER_GUIDE,0,200,제품 페이지 URL/제품명은 조사자료에 보존된 경우만 기입; 실측 API 링크는 354건 모두 보존,NOT RUN,NOT CHECKED,NOT CHECKED
373,ZARA,354 스타일 표본,11149830,545495476,545496307,,,https://www.zara.com/itxrest/4/catalog/store/11717/product/545496307/size-measure-guide?locale=ko_KR,KID,NEITHER_GUIDE,0,200,제품 페이지 URL/제품명은 조사자료에 보존된 경우만 기입; 실측 API 링크는 354건 모두 보존,NOT RUN,NOT CHECKED,NOT CHECKED
374,ZARA,354 스타일 표본,05854702,545477093,545479562,,,https://www.zara.com/itxrest/4/catalog/store/11717/product/545479562/size-measure-guide?locale=ko_KR,KID,GARMENT_MEASURE,6,200,제품 페이지 URL/제품명은 조사자료에 보존된 경우만 기입; 실측 API 링크는 354건 모두 보존,NOT RUN,NOT CHECKED,NOT CHECKED
375,ZARA,354 스타일 표본,02614708,548880680,548909897,,,https://www.zara.com/itxrest/4/catalog/store/11717/product/548909897/size-measure-guide?locale=ko_KR,KID,GARMENT_MEASURE,6,200,제품 페이지 URL/제품명은 조사자료에 보존된 경우만 기입; 실측 API 링크는 354건 모두 보존,NOT RUN,NOT CHECKED,NOT CHECKED
376,ZARA,354 스타일 표본,11148830,545491049,545494285,,,https://www.zara.com/itxrest/4/catalog/store/11717/product/545494285/size-measure-guide?locale=ko_KR,KID,NEITHER_GUIDE,0,200,제품 페이지 URL/제품명은 조사자료에 보존된 경우만 기입; 실측 API 링크는 354건 모두 보존,NOT RUN,NOT CHECKED,NOT CHECKED
377,ZARA,354 스타일 표본,02511007,567653287,567670075,,,https://www.zara.com/itxrest/4/catalog/store/11717/product/567670075/size-measure-guide?locale=ko_KR,KID,SIZE_GUIDE_ONLY,0,200,제품 페이지 URL/제품명은 조사자료에 보존된 경우만 기입; 실측 API 링크는 354건 모두 보존,NOT RUN,NOT CHECKED,NOT CHECKED
378,ZARA,354 스타일 표본,01733677,545460259,545461804,,,https://www.zara.com/itxrest/4/catalog/store/11717/product/545461804/size-measure-guide?locale=ko_KR,KID,GARMENT_MEASURE,6,200,제품 페이지 URL/제품명은 조사자료에 보존된 경우만 기입; 실측 API 링크는 354건 모두 보존,NOT RUN,NOT CHECKED,NOT CHECKED
379,ZARA,354 스타일 표본,20310496,545449457,545454229,,,https://www.zara.com/itxrest/4/catalog/store/11717/product/545454229/size-measure-guide?locale=ko_KR,KID,NEITHER_GUIDE,0,200,제품 페이지 URL/제품명은 조사자료에 보존된 경우만 기입; 실측 API 링크는 354건 모두 보존,NOT RUN,NOT CHECKED,NOT CHECKED
380,ZARA,354 스타일 표본,14108830,550793028,550820940,,,https://www.zara.com/itxrest/4/catalog/store/11717/product/550820940/size-measure-guide?locale=ko_KR,KID,SIZE_GUIDE_ONLY,0,200,제품 페이지 URL/제품명은 조사자료에 보존된 경우만 기입; 실측 API 링크는 354건 모두 보존,NOT RUN,NOT CHECKED,NOT CHECKED
381,ZARA,354 스타일 표본,04745001,569381743,569384300,,,https://www.zara.com/itxrest/4/catalog/store/11717/product/569384300/size-measure-guide?locale=ko_KR,KID,GARMENT_MEASURE,6,200,제품 페이지 URL/제품명은 조사자료에 보존된 경우만 기입; 실측 API 링크는 354건 모두 보존,NOT RUN,NOT CHECKED,NOT CHECKED
382,ZARA,354 스타일 표본,44646004,547826170,547827076,,,https://www.zara.com/itxrest/4/catalog/store/11717/product/547827076/size-measure-guide?locale=ko_KR,HOME,NEITHER_GUIDE,0,200,제품 페이지 URL/제품명은 조사자료에 보존된 경우만 기입; 실측 API 링크는 354건 모두 보존,NOT RUN,NOT CHECKED,NOT CHECKED
383,ZARA,354 스타일 표본,02005001,563448487,563507219,,,https://www.zara.com/itxrest/4/catalog/store/11717/product/563507219/size-measure-guide?locale=ko_KR,KID,GARMENT_MEASURE,6,200,제품 페이지 URL/제품명은 조사자료에 보존된 경우만 기입; 실측 API 링크는 354건 모두 보존,NOT RUN,NOT CHECKED,NOT CHECKED
384,ZARA,354 스타일 표본,07099495,551753419,551783890,,,https://www.zara.com/itxrest/4/catalog/store/11717/product/551783890/size-measure-guide?locale=ko_KR,KID,NEITHER_GUIDE,0,200,제품 페이지 URL/제품명은 조사자료에 보존된 경우만 기입; 실측 API 링크는 354건 모두 보존,NOT RUN,NOT CHECKED,NOT CHECKED
385,ZARA,354 스타일 표본,05854515,553810812,553816800,,,https://www.zara.com/itxrest/4/catalog/store/11717/product/553816800/size-measure-guide?locale=ko_KR,KID,GARMENT_MEASURE,6,200,제품 페이지 URL/제품명은 조사자료에 보존된 경우만 기입; 실측 API 링크는 354건 모두 보존,NOT RUN,NOT CHECKED,NOT CHECKED
386,ZARA,354 스타일 표본,49624104,545394745,545401118,,,https://www.zara.com/itxrest/4/catalog/store/11717/product/545401118/size-measure-guide?locale=ko_KR,HOME,NEITHER_GUIDE,0,200,제품 페이지 URL/제품명은 조사자료에 보존된 경우만 기입; 실측 API 링크는 354건 모두 보존,NOT RUN,NOT CHECKED,NOT CHECKED
387,ZARA,354 스타일 표본,01255552,545492619,545494605,,,https://www.zara.com/itxrest/4/catalog/store/11717/product/545494605/size-measure-guide?locale=ko_KR,KID,GARMENT_MEASURE,6,200,제품 페이지 URL/제품명은 조사자료에 보존된 경우만 기입; 실측 API 링크는 354건 모두 보존,NOT RUN,NOT CHECKED,NOT CHECKED
388,ZARA,354 스타일 표본,02209476,550333813,550334913,,,https://www.zara.com/itxrest/4/catalog/store/11717/product/550334913/size-measure-guide?locale=ko_KR,KID,GARMENT_MEASURE,4,200,제품 페이지 URL/제품명은 조사자료에 보존된 경우만 기입; 실측 API 링크는 354건 모두 보존,NOT RUN,NOT CHECKED,NOT CHECKED
389,ZARA,354 스타일 표본,04441503,545474178,545475112,,,https://www.zara.com/itxrest/4/catalog/store/11717/product/545475112/size-measure-guide?locale=ko_KR,KID,GARMENT_MEASURE,4,200,제품 페이지 URL/제품명은 조사자료에 보존된 경우만 기입; 실측 API 링크는 354건 모두 보존,NOT RUN,NOT CHECKED,NOT CHECKED
390,ZARA,354 스타일 표본,06224625,556384428,556390080,,,https://www.zara.com/itxrest/4/catalog/store/11717/product/556390080/size-measure-guide?locale=ko_KR,KID,GARMENT_MEASURE,4,200,제품 페이지 URL/제품명은 조사자료에 보존된 경우만 기입; 실측 API 링크는 354건 모두 보존,NOT RUN,NOT CHECKED,NOT CHECKED
391,ZARA,354 스타일 표본,04644705,568401571,568404578,,,https://www.zara.com/itxrest/4/catalog/store/11717/product/568404578/size-measure-guide?locale=ko_KR,KID,GARMENT_MEASURE,6,200,제품 페이지 URL/제품명은 조사자료에 보존된 경우만 기입; 실측 API 링크는 354건 모두 보존,NOT RUN,NOT CHECKED,NOT CHECKED
392,ZARA,354 스타일 표본,04644500,569558114,569568289,,,https://www.zara.com/itxrest/4/catalog/store/11717/product/569568289/size-measure-guide?locale=ko_KR,KID,SIZE_GUIDE_ONLY,0,200,제품 페이지 URL/제품명은 조사자료에 보존된 경우만 기입; 실측 API 링크는 354건 모두 보존,NOT RUN,NOT CHECKED,NOT CHECKED
393,ZARA,354 스타일 표본,05048702,547792283,547793144,,,https://www.zara.com/itxrest/4/catalog/store/11717/product/547793144/size-measure-guide?locale=ko_KR,KID,GARMENT_MEASURE,6,200,제품 페이지 URL/제품명은 조사자료에 보존된 경우만 기입; 실측 API 링크는 354건 모두 보존,NOT RUN,NOT CHECKED,NOT CHECKED
394,ZARA,354 스타일 표본,06333701,545440356,545446953,,,https://www.zara.com/itxrest/4/catalog/store/11717/product/545446953/size-measure-guide?locale=ko_KR,KID,GARMENT_MEASURE,6,200,제품 페이지 URL/제품명은 조사자료에 보존된 경우만 기입; 실측 API 링크는 354건 모두 보존,NOT RUN,NOT CHECKED,NOT CHECKED
395,ZARA,354 스타일 표본,06264705,560268753,560284754,,,https://www.zara.com/itxrest/4/catalog/store/11717/product/560284754/size-measure-guide?locale=ko_KR,KID,GARMENT_MEASURE,6,200,제품 페이지 URL/제품명은 조사자료에 보존된 경우만 기입; 실측 API 링크는 354건 모두 보존,NOT RUN,NOT CHECKED,NOT CHECKED
396,ZARA,354 스타일 표본,05987706,545457502,545461306,,,https://www.zara.com/itxrest/4/catalog/store/11717/product/545461306/size-measure-guide?locale=ko_KR,KID,SIZE_GUIDE_ONLY,0,200,제품 페이지 URL/제품명은 조사자료에 보존된 경우만 기입; 실측 API 링크는 354건 모두 보존,NOT RUN,NOT CHECKED,NOT CHECKED
397,ZARA,354 스타일 표본,09000720,555795838,555813580,,,https://www.zara.com/itxrest/4/catalog/store/11717/product/555813580/size-measure-guide?locale=ko_KR,KID,GARMENT_MEASURE,6,200,제품 페이지 URL/제품명은 조사자료에 보존된 경우만 기입; 실측 API 링크는 354건 모두 보존,NOT RUN,NOT CHECKED,NOT CHECKED
398,ZARA,354 스타일 표본,09000714,551789891,551791627,,,https://www.zara.com/itxrest/4/catalog/store/11717/product/551791627/size-measure-guide?locale=ko_KR,KID,GARMENT_MEASURE,6,200,제품 페이지 URL/제품명은 조사자료에 보존된 경우만 기입; 실측 API 링크는 354건 모두 보존,NOT RUN,NOT CHECKED,NOT CHECKED
399,ZARA,354 스타일 표본,04786724,548760412,548761473,,,https://www.zara.com/itxrest/4/catalog/store/11717/product/548761473/size-measure-guide?locale=ko_KR,KID,GARMENT_MEASURE,6,200,제품 페이지 URL/제품명은 조사자료에 보존된 경우만 기입; 실측 API 링크는 354건 모두 보존,NOT RUN,NOT CHECKED,NOT CHECKED
400,ZARA,354 스타일 표본,01608613,545462916,545465654,콘트라스트 스티치 스트라이프 원피스,https://www.zara.com/kr/ko/콘트라스트-스티치-스트라이프-원피스-p01608613.html,https://www.zara.com/itxrest/4/catalog/store/11717/product/545465654/size-measure-guide?locale=ko_KR,KID,GARMENT_MEASURE,6,200,제품 페이지 URL/제품명은 조사자료에 보존된 경우만 기입; 실측 API 링크는 354건 모두 보존,NOT RUN,NOT CHECKED,NOT CHECKED
401,ZARA,354 스타일 표본,06186705,556958783,556963713,,,https://www.zara.com/itxrest/4/catalog/store/11717/product/556963713/size-measure-guide?locale=ko_KR,KID,GARMENT_MEASURE,6,200,제품 페이지 URL/제품명은 조사자료에 보존된 경우만 기입; 실측 API 링크는 354건 모두 보존,NOT RUN,NOT CHECKED,NOT CHECKED
402,ZARA,354 스타일 표본,05431710,547570029,547579933,,,https://www.zara.com/itxrest/4/catalog/store/11717/product/547579933/size-measure-guide?locale=ko_KR,KID,GARMENT_MEASURE,6,200,제품 페이지 URL/제품명은 조사자료에 보존된 경우만 기입; 실측 API 링크는 354건 모두 보존,NOT RUN,NOT CHECKED,NOT CHECKED
403,ZARA,354 스타일 표본,01879798,549790209,549809173,,,https://www.zara.com/itxrest/4/catalog/store/11717/product/549809173/size-measure-guide?locale=ko_KR,KID,NEITHER_GUIDE,0,200,제품 페이지 URL/제품명은 조사자료에 보존된 경우만 기입; 실측 API 링크는 354건 모두 보존,NOT RUN,NOT CHECKED,NOT CHECKED
404,ZARA,354 스타일 표본,20310380,545494221,545494896,,,https://www.zara.com/itxrest/4/catalog/store/11717/product/545494896/size-measure-guide?locale=ko_KR,KID,NEITHER_GUIDE,0,200,제품 페이지 URL/제품명은 조사자료에 보존된 경우만 기입; 실측 API 링크는 354건 모두 보존,NOT RUN,NOT CHECKED,NOT CHECKED
405,ZARA,354 스타일 표본,05431699,545484350,545486173,,,https://www.zara.com/itxrest/4/catalog/store/11717/product/545486173/size-measure-guide?locale=ko_KR,KID,SIZE_GUIDE_ONLY,0,200,제품 페이지 URL/제품명은 조사자료에 보존된 경우만 기입; 실측 API 링크는 354건 모두 보존,NOT RUN,NOT CHECKED,NOT CHECKED
406,ZARA,354 스타일 표본,01716663,551151338,551159935,,,https://www.zara.com/itxrest/4/catalog/store/11717/product/551159935/size-measure-guide?locale=ko_KR,KID,SIZE_GUIDE_ONLY,0,200,제품 페이지 URL/제품명은 조사자료에 보존된 경우만 기입; 실측 API 링크는 354건 모두 보존,NOT RUN,NOT CHECKED,NOT CHECKED
407,ZARA,354 스타일 표본,04354747,545450356,545454633,,,https://www.zara.com/itxrest/4/catalog/store/11717/product/545454633/size-measure-guide?locale=ko_KR,KID,NEITHER_GUIDE,0,200,제품 페이지 URL/제품명은 조사자료에 보존된 경우만 기입; 실측 API 링크는 354건 모두 보존,NOT RUN,NOT CHECKED,NOT CHECKED
408,ZARA,354 스타일 표본,11581830,561127162,561136550,,,https://www.zara.com/itxrest/4/catalog/store/11717/product/561136550/size-measure-guide?locale=ko_KR,KID,NEITHER_GUIDE,0,200,제품 페이지 URL/제품명은 조사자료에 보존된 경우만 기입; 실측 API 링크는 354건 모두 보존,NOT RUN,NOT CHECKED,NOT CHECKED
409,ZARA,354 스타일 표본,12536830,545447989,545453620,,,https://www.zara.com/itxrest/4/catalog/store/11717/product/545453620/size-measure-guide?locale=ko_KR,KID,SIZE_GUIDE_ONLY,0,200,제품 페이지 URL/제품명은 조사자료에 보존된 경우만 기입; 실측 API 링크는 354건 모두 보존,NOT RUN,NOT CHECKED,NOT CHECKED
410,ZARA,354 스타일 표본,05431749,551069413,551070941,,,https://www.zara.com/itxrest/4/catalog/store/11717/product/551070941/size-measure-guide?locale=ko_KR,KID,NEITHER_GUIDE,0,200,제품 페이지 URL/제품명은 조사자료에 보존된 경우만 기입; 실측 API 링크는 354건 모두 보존,NOT RUN,NOT CHECKED,NOT CHECKED
411,ZARA,354 스타일 표본,04319712,554882289,554895354,,,https://www.zara.com/itxrest/4/catalog/store/11717/product/554895354/size-measure-guide?locale=ko_KR,KID,NEITHER_GUIDE,0,200,제품 페이지 URL/제품명은 조사자료에 보존된 경우만 기입; 실측 API 링크는 354건 모두 보존,NOT RUN,NOT CHECKED,NOT CHECKED
412,ZARA,354 스타일 표본,07243747,545400049,545405117,,,https://www.zara.com/itxrest/4/catalog/store/11717/product/545405117/size-measure-guide?locale=ko_KR,KID,NEITHER_GUIDE,0,200,제품 페이지 URL/제품명은 조사자료에 보존된 경우만 기입; 실측 API 링크는 354건 모두 보존,NOT RUN,NOT CHECKED,NOT CHECKED
413,ZARA,354 스타일 표본,01887773,545450071,545454510,,,https://www.zara.com/itxrest/4/catalog/store/11717/product/545454510/size-measure-guide?locale=ko_KR,KID,GARMENT_MEASURE,6,200,제품 페이지 URL/제품명은 조사자료에 보존된 경우만 기입; 실측 API 링크는 354건 모두 보존,NOT RUN,NOT CHECKED,NOT CHECKED
414,ZARA,354 스타일 표본,03183765,545448555,545453837,,,https://www.zara.com/itxrest/4/catalog/store/11717/product/545453837/size-measure-guide?locale=ko_KR,KID,GARMENT_MEASURE,6,200,제품 페이지 URL/제품명은 조사자료에 보존된 경우만 기입; 실측 API 링크는 354건 모두 보존,NOT RUN,NOT CHECKED,NOT CHECKED
415,ZARA,354 스타일 표본,14448830,545428699,545436686,,,https://www.zara.com/itxrest/4/catalog/store/11717/product/545436686/size-measure-guide?locale=ko_KR,KID,SIZE_GUIDE_ONLY,0,200,제품 페이지 URL/제품명은 조사자료에 보존된 경우만 기입; 실측 API 링크는 354건 모두 보존,NOT RUN,NOT CHECKED,NOT CHECKED
416,ZARA,354 스타일 표본,04323764,545428128,545436472,,,https://www.zara.com/itxrest/4/catalog/store/11717/product/545436472/size-measure-guide?locale=ko_KR,KID,GARMENT_MEASURE,5,200,제품 페이지 URL/제품명은 조사자료에 보존된 경우만 기입; 실측 API 링크는 354건 모두 보존,NOT RUN,NOT CHECKED,NOT CHECKED
417,ZARA,354 스타일 표본,02335786,545482099,545485797,,,https://www.zara.com/itxrest/4/catalog/store/11717/product/545485797/size-measure-guide?locale=ko_KR,KID,GARMENT_MEASURE,6,200,제품 페이지 URL/제품명은 조사자료에 보존된 경우만 기입; 실측 API 링크는 354건 모두 보존,NOT RUN,NOT CHECKED,NOT CHECKED
418,ZARA,354 스타일 표본,06224681,545481791,545485730,,,https://www.zara.com/itxrest/4/catalog/store/11717/product/545485730/size-measure-guide?locale=ko_KR,KID,GARMENT_MEASURE,6,200,제품 페이지 URL/제품명은 조사자료에 보존된 경우만 기입; 실측 API 링크는 354건 모두 보존,NOT RUN,NOT CHECKED,NOT CHECKED
419,ZARA,354 스타일 표본,06224971,545416281,545422037,,,https://www.zara.com/itxrest/4/catalog/store/11717/product/545422037/size-measure-guide?locale=ko_KR,KID,GARMENT_MEASURE,6,200,제품 페이지 URL/제품명은 조사자료에 보존된 경우만 기입; 실측 API 링크는 354건 모두 보존,NOT RUN,NOT CHECKED,NOT CHECKED
420,ZARA,354 스타일 표본,06224966,545478038,545479746,,,https://www.zara.com/itxrest/4/catalog/store/11717/product/545479746/size-measure-guide?locale=ko_KR,KID,GARMENT_MEASURE,6,200,제품 페이지 URL/제품명은 조사자료에 보존된 경우만 기입; 실측 API 링크는 354건 모두 보존,NOT RUN,NOT CHECKED,NOT CHECKED
421,ZARA,354 스타일 표본,14516830,545428560,545436646,,,https://www.zara.com/itxrest/4/catalog/store/11717/product/545436646/size-measure-guide?locale=ko_KR,KID,SIZE_GUIDE_ONLY,0,200,제품 페이지 URL/제품명은 조사자료에 보존된 경우만 기입; 실측 API 링크는 354건 모두 보존,NOT RUN,NOT CHECKED,NOT CHECKED
422,ZARA,354 스타일 표본,05536580,545463776,545465794,,,https://www.zara.com/itxrest/4/catalog/store/11717/product/545465794/size-measure-guide?locale=ko_KR,KID,GARMENT_MEASURE,6,200,제품 페이지 URL/제품명은 조사자료에 보존된 경우만 기입; 실측 API 링크는 354건 모두 보존,NOT RUN,NOT CHECKED,NOT CHECKED
423,ZARA,354 스타일 표본,11400830,545409350,545413448,,,https://www.zara.com/itxrest/4/catalog/store/11717/product/545413448/size-measure-guide?locale=ko_KR,KID,NEITHER_GUIDE,0,200,제품 페이지 URL/제품명은 조사자료에 보존된 경우만 기입; 실측 API 링크는 354건 모두 보존,NOT RUN,NOT CHECKED,NOT CHECKED
424,ZARA,354 스타일 표본,01044102,545405859,551783939,,,https://www.zara.com/itxrest/4/catalog/store/11717/product/551783939/size-measure-guide?locale=ko_KR,KID,SIZE_GUIDE_ONLY,0,200,제품 페이지 URL/제품명은 조사자료에 보존된 경우만 기입; 실측 API 링크는 354건 모두 보존,NOT RUN,NOT CHECKED,NOT CHECKED
425,ZARA,354 스타일 표본,06987001,547280454,547294251,,,https://www.zara.com/itxrest/4/catalog/store/11717/product/547294251/size-measure-guide?locale=ko_KR,KID,GARMENT_MEASURE,6,200,제품 페이지 URL/제품명은 조사자료에 보존된 경우만 기입; 실측 API 링크는 354건 모두 보존,NOT RUN,NOT CHECKED,NOT CHECKED
426,ZARA,354 스타일 표본,41690073,550295301,550303502,,,https://www.zara.com/itxrest/4/catalog/store/11717/product/550303502/size-measure-guide?locale=ko_KR,HOME,NEITHER_GUIDE,0,200,제품 페이지 URL/제품명은 조사자료에 보존된 경우만 기입; 실측 API 링크는 354건 모두 보존,NOT RUN,NOT CHECKED,NOT CHECKED
427,ZARA,354 스타일 표본,05767546,551114337,551116318,,,https://www.zara.com/itxrest/4/catalog/store/11717/product/551116318/size-measure-guide?locale=ko_KR,KID,GARMENT_MEASURE,6,200,제품 페이지 URL/제품명은 조사자료에 보존된 경우만 기입; 실측 API 링크는 354건 모두 보존,NOT RUN,NOT CHECKED,NOT CHECKED
428,ZARA,354 스타일 표본,03153521,545488925,545490706,,,https://www.zara.com/itxrest/4/catalog/store/11717/product/545490706/size-measure-guide?locale=ko_KR,KID,GARMENT_MEASURE,6,200,제품 페이지 URL/제품명은 조사자료에 보존된 경우만 기입; 실측 API 링크는 354건 모두 보존,NOT RUN,NOT CHECKED,NOT CHECKED
429,ZARA,354 스타일 표본,05643532,552945807,552962714,,,https://www.zara.com/itxrest/4/catalog/store/11717/product/552962714/size-measure-guide?locale=ko_KR,KID,GARMENT_MEASURE,6,200,제품 페이지 URL/제품명은 조사자료에 보존된 경우만 기입; 실측 API 링크는 354건 모두 보존,NOT RUN,NOT CHECKED,NOT CHECKED
430,ZARA,354 스타일 표본,01887501,545408552,545413174,,,https://www.zara.com/itxrest/4/catalog/store/11717/product/545413174/size-measure-guide?locale=ko_KR,KID,GARMENT_MEASURE,6,200,제품 페이지 URL/제품명은 조사자료에 보존된 경우만 기입; 실측 API 링크는 354건 모두 보존,NOT RUN,NOT CHECKED,NOT CHECKED
431,ZARA,354 스타일 표본,07147554,547236223,547261217,,,https://www.zara.com/itxrest/4/catalog/store/11717/product/547261217/size-measure-guide?locale=ko_KR,KID,GARMENT_MEASURE,6,200,제품 페이지 URL/제품명은 조사자료에 보존된 경우만 기입; 실측 API 링크는 354건 모두 보존,NOT RUN,NOT CHECKED,NOT CHECKED
432,ZARA,354 스타일 표본,04575562,545407581,545412824,,,https://www.zara.com/itxrest/4/catalog/store/11717/product/545412824/size-measure-guide?locale=ko_KR,KID,GARMENT_MEASURE,6,200,제품 페이지 URL/제품명은 조사자료에 보존된 경우만 기입; 실측 API 링크는 354건 모두 보존,NOT RUN,NOT CHECKED,NOT CHECKED
433,ZARA,354 스타일 표본,42631091,545453219,545454410,,,https://www.zara.com/itxrest/4/catalog/store/11717/product/545454410/size-measure-guide?locale=ko_KR,HOME,NEITHER_GUIDE,0,200,제품 페이지 URL/제품명은 조사자료에 보존된 경우만 기입; 실측 API 링크는 354건 모두 보존,NOT RUN,NOT CHECKED,NOT CHECKED
434,ZARA,354 스타일 표본,01617817,545416707,545422160,,,https://www.zara.com/itxrest/4/catalog/store/11717/product/545422160/size-measure-guide?locale=ko_KR,KID,SIZE_GUIDE_ONLY,0,200,제품 페이지 URL/제품명은 조사자료에 보존된 경우만 기입; 실측 API 링크는 354건 모두 보존,NOT RUN,NOT CHECKED,NOT CHECKED
435,ZARA,354 스타일 표본,03253546,545466822,561576978,,,https://www.zara.com/itxrest/4/catalog/store/11717/product/561576978/size-measure-guide?locale=ko_KR,KID,SIZE_GUIDE_ONLY,0,200,제품 페이지 URL/제품명은 조사자료에 보존된 경우만 기입; 실측 API 링크는 354건 모두 보존,NOT RUN,NOT CHECKED,NOT CHECKED
436,ZARA,354 스타일 표본,05431588,545473692,545475026,,,https://www.zara.com/itxrest/4/catalog/store/11717/product/545475026/size-measure-guide?locale=ko_KR,KID,NEITHER_GUIDE,0,200,제품 페이지 URL/제품명은 조사자료에 보존된 경우만 기입; 실측 API 링크는 354건 모두 보존,NOT RUN,NOT CHECKED,NOT CHECKED
437,ZARA,354 스타일 표본,00377902,560320990,560334110,,,https://www.zara.com/itxrest/4/catalog/store/11717/product/560334110/size-measure-guide?locale=ko_KR,KID,GARMENT_MEASURE,6,200,제품 페이지 URL/제품명은 조사자료에 보존된 경우만 기입; 실측 API 링크는 354건 모두 보존,NOT RUN,NOT CHECKED,NOT CHECKED
438,ZARA,354 스타일 표본,05475553,545441417,545447348,,,https://www.zara.com/itxrest/4/catalog/store/11717/product/545447348/size-measure-guide?locale=ko_KR,KID,GARMENT_MEASURE,6,200,제품 페이지 URL/제품명은 조사자료에 보존된 경우만 기입; 실측 API 링크는 354건 모두 보존,NOT RUN,NOT CHECKED,NOT CHECKED
439,ZARA,354 스타일 표본,00122500,546995445,547002032,,,https://www.zara.com/itxrest/4/catalog/store/11717/product/547002032/size-measure-guide?locale=ko_KR,KID,GARMENT_MEASURE,6,200,제품 페이지 URL/제품명은 조사자료에 보존된 경우만 기입; 실측 API 링크는 354건 모두 보존,NOT RUN,NOT CHECKED,NOT CHECKED
440,ZARA,354 스타일 표본,07099599,545460979,545461957,,,https://www.zara.com/itxrest/4/catalog/store/11717/product/545461957/size-measure-guide?locale=ko_KR,KID,NEITHER_GUIDE,0,200,제품 페이지 URL/제품명은 조사자료에 보존된 경우만 기입; 실측 API 링크는 354건 모두 보존,NOT RUN,NOT CHECKED,NOT CHECKED
441,ZARA,354 스타일 표본,04152503,545495237,575916923,,,https://www.zara.com/itxrest/4/catalog/store/11717/product/575916923/size-measure-guide?locale=ko_KR,KID,GARMENT_MEASURE,6,200,제품 페이지 URL/제품명은 조사자료에 보존된 경우만 기입; 실측 API 링크는 354건 모두 보존,NOT RUN,NOT CHECKED,NOT CHECKED
442,ZARA,354 스타일 표본,06224623,551516250,551527404,,,https://www.zara.com/itxrest/4/catalog/store/11717/product/551527404/size-measure-guide?locale=ko_KR,KID,GARMENT_MEASURE,4,200,제품 페이지 URL/제품명은 조사자료에 보존된 경우만 기입; 실측 API 링크는 354건 모두 보존,NOT RUN,NOT CHECKED,NOT CHECKED
443,ZARA,354 스타일 표본,05059513,545449726,545454365,,,https://www.zara.com/itxrest/4/catalog/store/11717/product/545454365/size-measure-guide?locale=ko_KR,KID,NEITHER_GUIDE,0,200,제품 페이지 URL/제품명은 조사자료에 보존된 경우만 기입; 실측 API 링크는 354건 모두 보존,NOT RUN,NOT CHECKED,NOT CHECKED
444,ZARA,354 스타일 표본,01554565,551812146,551819242,,,https://www.zara.com/itxrest/4/catalog/store/11717/product/551819242/size-measure-guide?locale=ko_KR,KID,NEITHER_GUIDE,0,200,제품 페이지 URL/제품명은 조사자료에 보존된 경우만 기입; 실측 API 링크는 354건 모두 보존,NOT RUN,NOT CHECKED,NOT CHECKED
445,ZARA,354 스타일 표본,49615045,545453254,545454426,,,https://www.zara.com/itxrest/4/catalog/store/11717/product/545454426/size-measure-guide?locale=ko_KR,HOME,NEITHER_GUIDE,0,200,제품 페이지 URL/제품명은 조사자료에 보존된 경우만 기입; 실측 API 링크는 354건 모두 보존,NOT RUN,NOT CHECKED,NOT CHECKED
446,ZARA,354 스타일 표본,02582507,545407267,545412657,,,https://www.zara.com/itxrest/4/catalog/store/11717/product/545412657/size-measure-guide?locale=ko_KR,KID,NEITHER_GUIDE,0,200,제품 페이지 URL/제품명은 조사자료에 보존된 경우만 기입; 실측 API 링크는 354건 모두 보존,NOT RUN,NOT CHECKED,NOT CHECKED
447,ZARA,354 스타일 표본,02582529,545448923,545454001,,,https://www.zara.com/itxrest/4/catalog/store/11717/product/545454001/size-measure-guide?locale=ko_KR,KID,NEITHER_GUIDE,0,200,제품 페이지 URL/제품명은 조사자료에 보존된 경우만 기입; 실측 API 링크는 354건 모두 보존,NOT RUN,NOT CHECKED,NOT CHECKED
448,ZARA,354 스타일 표본,41625091,548645738,548649225,,,https://www.zara.com/itxrest/4/catalog/store/11717/product/548649225/size-measure-guide?locale=ko_KR,HOME,NEITHER_GUIDE,0,200,제품 페이지 URL/제품명은 조사자료에 보존된 경우만 기입; 실측 API 링크는 354건 모두 보존,NOT RUN,NOT CHECKED,NOT CHECKED
449,ZARA,354 스타일 표본,44606500,545413872,545422143,,,https://www.zara.com/itxrest/4/catalog/store/11717/product/545422143/size-measure-guide?locale=ko_KR,HOME,NEITHER_GUIDE,0,200,제품 페이지 URL/제품명은 조사자료에 보존된 경우만 기입; 실측 API 링크는 354건 모두 보존,NOT RUN,NOT CHECKED,NOT CHECKED
450,ZARA,354 스타일 표본,45698523,550832556,550855000,,,https://www.zara.com/itxrest/4/catalog/store/11717/product/550855000/size-measure-guide?locale=ko_KR,HOME,NEITHER_GUIDE,0,200,제품 페이지 URL/제품명은 조사자료에 보존된 경우만 기입; 실측 API 링크는 354건 모두 보존,NOT RUN,NOT CHECKED,NOT CHECKED
451,ZARA,354 스타일 표본,42692052,550832784,550855268,,,https://www.zara.com/itxrest/4/catalog/store/11717/product/550855268/size-measure-guide?locale=ko_KR,HOME,NEITHER_GUIDE,0,200,제품 페이지 URL/제품명은 조사자료에 보존된 경우만 기입; 실측 API 링크는 354건 모두 보존,NOT RUN,NOT CHECKED,NOT CHECKED
452,ZARA,354 스타일 표본,49617051,545454652,545456313,,,https://www.zara.com/itxrest/4/catalog/store/11717/product/545456313/size-measure-guide?locale=ko_KR,HOME,NEITHER_GUIDE,0,200,제품 페이지 URL/제품명은 조사자료에 보존된 경우만 기입; 실측 API 링크는 354건 모두 보존,NOT RUN,NOT CHECKED,NOT CHECKED
453,ZARA,354 스타일 표본,40680014,594137797,594139869,,,https://www.zara.com/itxrest/4/catalog/store/11717/product/594139869/size-measure-guide?locale=ko_KR,HOME,NEITHER_GUIDE,0,200,제품 페이지 URL/제품명은 조사자료에 보존된 경우만 기입; 실측 API 링크는 354건 모두 보존,NOT RUN,NOT CHECKED,NOT CHECKED
454,ZARA,354 스타일 표본,46665049,547799662,547823408,,,https://www.zara.com/itxrest/4/catalog/store/11717/product/547823408/size-measure-guide?locale=ko_KR,HOME,NEITHER_GUIDE,0,200,제품 페이지 URL/제품명은 조사자료에 보존된 경우만 기입; 실측 API 링크는 354건 모두 보존,NOT RUN,NOT CHECKED,NOT CHECKED
455,ZARA,354 스타일 표본,41616900,545424860,545426571,,,https://www.zara.com/itxrest/4/catalog/store/11717/product/545426571/size-measure-guide?locale=ko_KR,HOME,NEITHER_GUIDE,0,200,제품 페이지 URL/제품명은 조사자료에 보존된 경우만 기입; 실측 API 링크는 354건 모두 보존,NOT RUN,NOT CHECKED,NOT CHECKED
456,ZARA,354 스타일 표본,47601018,545455341,545456672,,,https://www.zara.com/itxrest/4/catalog/store/11717/product/545456672/size-measure-guide?locale=ko_KR,HOME,NEITHER_GUIDE,0,200,제품 페이지 URL/제품명은 조사자료에 보존된 경우만 기입; 실측 API 링크는 354건 모두 보존,NOT RUN,NOT CHECKED,NOT CHECKED
457,ZARA,354 스타일 표본,42565077,545452137,545453830,,,https://www.zara.com/itxrest/4/catalog/store/11717/product/545453830/size-measure-guide?locale=ko_KR,HOME,NEITHER_GUIDE,0,200,제품 페이지 URL/제품명은 조사자료에 보존된 경우만 기입; 실측 API 링크는 354건 모두 보존,NOT RUN,NOT CHECKED,NOT CHECKED
458,ZARA,354 스타일 표본,47332072,548922571,548923090,,,https://www.zara.com/itxrest/4/catalog/store/11717/product/548923090/size-measure-guide?locale=ko_KR,HOME,NEITHER_GUIDE,0,200,제품 페이지 URL/제품명은 조사자료에 보존된 경우만 기입; 실측 API 링크는 354건 모두 보존,NOT RUN,NOT CHECKED,NOT CHECKED
459,ZARA,354 스타일 표본,46309149,551041874,551051282,,,https://www.zara.com/itxrest/4/catalog/store/11717/product/551051282/size-measure-guide?locale=ko_KR,HOME,NEITHER_GUIDE,0,200,제품 페이지 URL/제품명은 조사자료에 보존된 경우만 기입; 실측 API 링크는 354건 모두 보존,NOT RUN,NOT CHECKED,NOT CHECKED
460,ZARA,354 스타일 표본,47101089,545404208,545409991,,,https://www.zara.com/itxrest/4/catalog/store/11717/product/545409991/size-measure-guide?locale=ko_KR,HOME,NEITHER_GUIDE,0,200,제품 페이지 URL/제품명은 조사자료에 보존된 경우만 기입; 실측 API 링크는 354건 모두 보존,NOT RUN,NOT CHECKED,NOT CHECKED
461,ZARA,354 스타일 표본,46127091,545424947,545426623,,,https://www.zara.com/itxrest/4/catalog/store/11717/product/545426623/size-measure-guide?locale=ko_KR,HOME,NEITHER_GUIDE,0,200,제품 페이지 URL/제품명은 조사자료에 보존된 경우만 기입; 실측 API 링크는 354건 모두 보존,NOT RUN,NOT CHECKED,NOT CHECKED
462,ZARA,354 스타일 표본,45165006,546981668,546982306,,,https://www.zara.com/itxrest/4/catalog/store/11717/product/546982306/size-measure-guide?locale=ko_KR,HOME,NEITHER_GUIDE,0,200,제품 페이지 URL/제품명은 조사자료에 보존된 경우만 기입; 실측 API 링크는 354건 모두 보존,NOT RUN,NOT CHECKED,NOT CHECKED
463,ZARA,354 스타일 표본,47140029,545451898,545453764,,,https://www.zara.com/itxrest/4/catalog/store/11717/product/545453764/size-measure-guide?locale=ko_KR,HOME,NEITHER_GUIDE,0,200,제품 페이지 URL/제품명은 조사자료에 보존된 경우만 기입; 실측 API 링크는 354건 모두 보존,NOT RUN,NOT CHECKED,NOT CHECKED
464,ZARA,354 스타일 표본,46301046,545412409,545413464,,,https://www.zara.com/itxrest/4/catalog/store/11717/product/545413464/size-measure-guide?locale=ko_KR,HOME,NEITHER_GUIDE,0,200,제품 페이지 URL/제품명은 조사자료에 보존된 경우만 기입; 실측 API 링크는 354건 모두 보존,NOT RUN,NOT CHECKED,NOT CHECKED
465,ZARA,354 스타일 표본,49378046,545455758,545461093,,,https://www.zara.com/itxrest/4/catalog/store/11717/product/545461093/size-measure-guide?locale=ko_KR,HOME,NEITHER_GUIDE,0,200,제품 페이지 URL/제품명은 조사자료에 보존된 경우만 기입; 실측 API 링크는 354건 모두 보존,NOT RUN,NOT CHECKED,NOT CHECKED
466,ZARA,354 스타일 표본,40406468,545452880,545454176,,,https://www.zara.com/itxrest/4/catalog/store/11717/product/545454176/size-measure-guide?locale=ko_KR,HOME,NEITHER_GUIDE,0,200,제품 페이지 URL/제품명은 조사자료에 보존된 경우만 기입; 실측 API 링크는 354건 모두 보존,NOT RUN,NOT CHECKED,NOT CHECKED
467,ZARA,354 스타일 표본,47342108,545424105,545426307,,,https://www.zara.com/itxrest/4/catalog/store/11717/product/545426307/size-measure-guide?locale=ko_KR,HOME,NEITHER_GUIDE,0,200,제품 페이지 URL/제품명은 조사자료에 보존된 경우만 기입; 실측 API 링크는 354건 모두 보존,NOT RUN,NOT CHECKED,NOT CHECKED
468,ZARA,354 스타일 표본,46388004,545410879,545412716,,,https://www.zara.com/itxrest/4/catalog/store/11717/product/545412716/size-measure-guide?locale=ko_KR,HOME,NEITHER_GUIDE,0,200,제품 페이지 URL/제품명은 조사자료에 보존된 경우만 기입; 실측 API 링크는 354건 모두 보존,NOT RUN,NOT CHECKED,NOT CHECKED
469,ZARA,354 스타일 표본,46389008,545411979,545413272,,,https://www.zara.com/itxrest/4/catalog/store/11717/product/545413272/size-measure-guide?locale=ko_KR,HOME,NEITHER_GUIDE,0,200,제품 페이지 URL/제품명은 조사자료에 보존된 경우만 기입; 실측 API 링크는 354건 모두 보존,NOT RUN,NOT CHECKED,NOT CHECKED
470,ZARA,354 스타일 표본,47290249,545413581,545421899,,,https://www.zara.com/itxrest/4/catalog/store/11717/product/545421899/size-measure-guide?locale=ko_KR,HOME,NEITHER_GUIDE,0,200,제품 페이지 URL/제품명은 조사자료에 보존된 경우만 기입; 실측 API 링크는 354건 모두 보존,NOT RUN,NOT CHECKED,NOT CHECKED
471,ZARA,354 스타일 표본,48340049,545410902,545412725,,,https://www.zara.com/itxrest/4/catalog/store/11717/product/545412725/size-measure-guide?locale=ko_KR,HOME,NEITHER_GUIDE,0,200,제품 페이지 URL/제품명은 조사자료에 보존된 경우만 기입; 실측 API 링크는 354건 모두 보존,NOT RUN,NOT CHECKED,NOT CHECKED
472,ZARA,354 스타일 표본,44223757,545425674,545431327,,,https://www.zara.com/itxrest/4/catalog/store/11717/product/545431327/size-measure-guide?locale=ko_KR,HOME,NEITHER_GUIDE,0,200,제품 페이지 URL/제품명은 조사자료에 보존된 경우만 기입; 실측 API 링크는 354건 모두 보존,NOT RUN,NOT CHECKED,NOT CHECKED
473,ZARA,354 스타일 표본,42218409,545445237,545447194,,,https://www.zara.com/itxrest/4/catalog/store/11717/product/545447194/size-measure-guide?locale=ko_KR,HOME,NEITHER_GUIDE,0,200,제품 페이지 URL/제품명은 조사자료에 보존된 경우만 기입; 실측 API 링크는 354건 모두 보존,NOT RUN,NOT CHECKED,NOT CHECKED
474,ZARA,354 스타일 표본,45233210,545453437,545454541,,,https://www.zara.com/itxrest/4/catalog/store/11717/product/545454541/size-measure-guide?locale=ko_KR,HOME,NEITHER_GUIDE,0,200,제품 페이지 URL/제품명은 조사자료에 보존된 경우만 기입; 실측 API 링크는 354건 모두 보존,NOT RUN,NOT CHECKED,NOT CHECKED
475,ZARA,354 스타일 표본,44207040,545432248,545436579,,,https://www.zara.com/itxrest/4/catalog/store/11717/product/545436579/size-measure-guide?locale=ko_KR,HOME,NEITHER_GUIDE,0,200,제품 페이지 URL/제품명은 조사자료에 보존된 경우만 기입; 실측 API 링크는 354건 모두 보존,NOT RUN,NOT CHECKED,NOT CHECKED
476,ZARA,354 스타일 표본,41200021,545431563,545436259,,,https://www.zara.com/itxrest/4/catalog/store/11717/product/545436259/size-measure-guide?locale=ko_KR,HOME,NEITHER_GUIDE,0,200,제품 페이지 URL/제품명은 조사자료에 보존된 경우만 기입; 실측 API 링크는 354건 모두 보존,NOT RUN,NOT CHECKED,NOT CHECKED
477,ZARA,354 스타일 표본,46262402,545445149,545447130,,,https://www.zara.com/itxrest/4/catalog/store/11717/product/545447130/size-measure-guide?locale=ko_KR,HOME,NEITHER_GUIDE,0,200,제품 페이지 URL/제품명은 조사자료에 보존된 경우만 기입; 실측 API 링크는 354건 모두 보존,NOT RUN,NOT CHECKED,NOT CHECKED
478,ZARA,354 스타일 표본,49273023,545411202,545412862,,,https://www.zara.com/itxrest/4/catalog/store/11717/product/545412862/size-measure-guide?locale=ko_KR,HOME,NEITHER_GUIDE,0,200,제품 페이지 URL/제품명은 조사자료에 보존된 경우만 기입; 실측 API 링크는 354건 모두 보존,NOT RUN,NOT CHECKED,NOT CHECKED
479,ZARA,354 스타일 표본,42262530,545403404,545409661,,,https://www.zara.com/itxrest/4/catalog/store/11717/product/545409661/size-measure-guide?locale=ko_KR,HOME,NEITHER_GUIDE,0,200,제품 페이지 URL/제품명은 조사자료에 보존된 경우만 기입; 실측 API 링크는 354건 모두 보존,NOT RUN,NOT CHECKED,NOT CHECKED
480,ZARA,354 스타일 표본,41292302,545432765,545436869,,,https://www.zara.com/itxrest/4/catalog/store/11717/product/545436869/size-measure-guide?locale=ko_KR,HOME,NEITHER_GUIDE,0,200,제품 페이지 URL/제품명은 조사자료에 보존된 경우만 기입; 실측 API 링크는 354건 모두 보존,NOT RUN,NOT CHECKED,NOT CHECKED
481,ZARA,354 스타일 표본,42460545,545431521,545436231,,,https://www.zara.com/itxrest/4/catalog/store/11717/product/545436231/size-measure-guide?locale=ko_KR,HOME,NEITHER_GUIDE,0,200,제품 페이지 URL/제품명은 조사자료에 보존된 경우만 기입; 실측 API 링크는 354건 모두 보존,NOT RUN,NOT CHECKED,NOT CHECKED
482,ZARA,354 스타일 표본,48233202,545452120,545453817,,,https://www.zara.com/itxrest/4/catalog/store/11717/product/545453817/size-measure-guide?locale=ko_KR,HOME,NEITHER_GUIDE,0,200,제품 페이지 URL/제품명은 조사자료에 보존된 경우만 기입; 실측 API 링크는 354건 모두 보존,NOT RUN,NOT CHECKED,NOT CHECKED
483,ZARA,354 스타일 표본,42204216,545395274,545401365,,,https://www.zara.com/itxrest/4/catalog/store/11717/product/545401365/size-measure-guide?locale=ko_KR,HOME,NEITHER_GUIDE,0,200,제품 페이지 URL/제품명은 조사자료에 보존된 경우만 기입; 실측 API 링크는 354건 모두 보존,NOT RUN,NOT CHECKED,NOT CHECKED
484,ZARA,354 스타일 표본,48271322,545413754,545422010,,,https://www.zara.com/itxrest/4/catalog/store/11717/product/545422010/size-measure-guide?locale=ko_KR,HOME,NEITHER_GUIDE,0,200,제품 페이지 URL/제품명은 조사자료에 보존된 경우만 기입; 실측 API 링크는 354건 모두 보존,NOT RUN,NOT CHECKED,NOT CHECKED
485,ZARA,354 스타일 표본,49285026,545412460,545413497,,,https://www.zara.com/itxrest/4/catalog/store/11717/product/545413497/size-measure-guide?locale=ko_KR,HOME,NEITHER_GUIDE,0,200,제품 페이지 URL/제품명은 조사자료에 보존된 경우만 기입; 실측 API 링크는 354건 모두 보존,NOT RUN,NOT CHECKED,NOT CHECKED
486,ZARA,354 스타일 표본,45283028,545393655,545400547,,,https://www.zara.com/itxrest/4/catalog/store/11717/product/545400547/size-measure-guide?locale=ko_KR,HOME,NEITHER_GUIDE,0,200,제품 페이지 URL/제품명은 조사자료에 보존된 경우만 기입; 실측 API 링크는 354건 모두 보존,NOT RUN,NOT CHECKED,NOT CHECKED
487,ZARA,354 스타일 표본,47531466,545453039,545454270,,,https://www.zara.com/itxrest/4/catalog/store/11717/product/545454270/size-measure-guide?locale=ko_KR,HOME,NEITHER_GUIDE,0,200,제품 페이지 URL/제품명은 조사자료에 보존된 경우만 기입; 실측 API 링크는 354건 모두 보존,NOT RUN,NOT CHECKED,NOT CHECKED
488,ZARA,354 스타일 표본,42524104,545411740,545413175,,,https://www.zara.com/itxrest/4/catalog/store/11717/product/545413175/size-measure-guide?locale=ko_KR,HOME,NEITHER_GUIDE,0,200,제품 페이지 URL/제품명은 조사자료에 보존된 경우만 기입; 실측 API 링크는 354건 모두 보존,NOT RUN,NOT CHECKED,NOT CHECKED
489,ZARA,354 스타일 표본,44547002,549453273,549464997,,,https://www.zara.com/itxrest/4/catalog/store/11717/product/549464997/size-measure-guide?locale=ko_KR,HOME,NEITHER_GUIDE,0,200,제품 페이지 URL/제품명은 조사자료에 보존된 경우만 기입; 실측 API 링크는 354건 모두 보존,NOT RUN,NOT CHECKED,NOT CHECKED
490,ZARA,354 스타일 표본,45546013,545402057,545404900,,,https://www.zara.com/itxrest/4/catalog/store/11717/product/545404900/size-measure-guide?locale=ko_KR,HOME,NEITHER_GUIDE,0,200,제품 페이지 URL/제품명은 조사자료에 보존된 경우만 기입; 실측 API 링크는 354건 모두 보존,NOT RUN,NOT CHECKED,NOT CHECKED
491,ZARA,354 스타일 표본,47209428,545432795,545436890,,,https://www.zara.com/itxrest/4/catalog/store/11717/product/545436890/size-measure-guide?locale=ko_KR,HOME,NEITHER_GUIDE,0,200,제품 페이지 URL/제품명은 조사자료에 보존된 경우만 기입; 실측 API 링크는 354건 모두 보존,NOT RUN,NOT CHECKED,NOT CHECKED
492,ZARA,354 스타일 표본,14005800,545452556,545453982,,,https://www.zara.com/itxrest/4/catalog/store/11717/product/545453982/size-measure-guide?locale=ko_KR,HOME,NEITHER_GUIDE,0,200,제품 페이지 URL/제품명은 조사자료에 보존된 경우만 기입; 실측 API 링크는 354건 모두 보존,NOT RUN,NOT CHECKED,NOT CHECKED
493,ZARA,354 스타일 표본,43541014,549452591,549460833,,,https://www.zara.com/itxrest/4/catalog/store/11717/product/549460833/size-measure-guide?locale=ko_KR,HOME,NEITHER_GUIDE,0,200,제품 페이지 URL/제품명은 조사자료에 보존된 경우만 기입; 실측 API 링크는 354건 모두 보존,NOT RUN,NOT CHECKED,NOT CHECKED
494,ZARA,354 스타일 표본,41179579,545432690,545436823,,,https://www.zara.com/itxrest/4/catalog/store/11717/product/545436823/size-measure-guide?locale=ko_KR,HOME,NEITHER_GUIDE,0,200,제품 페이지 URL/제품명은 조사자료에 보존된 경우만 기입; 실측 API 링크는 354건 모두 보존,NOT RUN,NOT CHECKED,NOT CHECKED
495,ZARA,354 스타일 표본,42136122,545410765,545412642,,,https://www.zara.com/itxrest/4/catalog/store/11717/product/545412642/size-measure-guide?locale=ko_KR,HOME,NEITHER_GUIDE,0,200,제품 페이지 URL/제품명은 조사자료에 보존된 경우만 기입; 실측 API 링크는 354건 모두 보존,NOT RUN,NOT CHECKED,NOT CHECKED
496,ZARA,354 스타일 표본,11305800,545412238,545413407,,,https://www.zara.com/itxrest/4/catalog/store/11717/product/545413407/size-measure-guide?locale=ko_KR,HOME,NEITHER_GUIDE,0,200,제품 페이지 URL/제품명은 조사자료에 보존된 경우만 기입; 실측 API 링크는 354건 모두 보존,NOT RUN,NOT CHECKED,NOT CHECKED
497,ZARA,354 스타일 표본,43483703,545451610,545453586,,,https://www.zara.com/itxrest/4/catalog/store/11717/product/545453586/size-measure-guide?locale=ko_KR,HOME,NEITHER_GUIDE,0,200,제품 페이지 URL/제품명은 조사자료에 보존된 경우만 기입; 실측 API 링크는 354건 모두 보존,NOT RUN,NOT CHECKED,NOT CHECKED
498,ZARA,354 스타일 표본,47401703,548197705,586989933,,,https://www.zara.com/itxrest/4/catalog/store/11717/product/586989933/size-measure-guide?locale=ko_KR,HOME,NEITHER_GUIDE,0,200,제품 페이지 URL/제품명은 조사자료에 보존된 경우만 기입; 실측 API 링크는 354건 모두 보존,NOT RUN,NOT CHECKED,NOT CHECKED
499,ZARA,354 스타일 표본,45419703,545453505,545454595,,,https://www.zara.com/itxrest/4/catalog/store/11717/product/545454595/size-measure-guide?locale=ko_KR,HOME,NEITHER_GUIDE,0,200,제품 페이지 URL/제품명은 조사자료에 보존된 경우만 기입; 실측 API 링크는 354건 모두 보존,NOT RUN,NOT CHECKED,NOT CHECKED
500,ZARA,354 스타일 표본,42313149,545413543,545415861,,,https://www.zara.com/itxrest/4/catalog/store/11717/product/545415861/size-measure-guide?locale=ko_KR,HOME,NEITHER_GUIDE,0,200,제품 페이지 URL/제품명은 조사자료에 보존된 경우만 기입; 실측 API 링크는 354건 모두 보존,NOT RUN,NOT CHECKED,NOT CHECKED
501,ZARA,354 스타일 표본,07521705,545483873,545486077,,,https://www.zara.com/itxrest/4/catalog/store/11717/product/545486077/size-measure-guide?locale=ko_KR,WOMAN,GARMENT_MEASURE,5,200,제품 페이지 URL/제품명은 조사자료에 보존된 경우만 기입; 실측 API 링크는 354건 모두 보존,NOT RUN,NOT CHECKED,NOT CHECKED
502,ZARA,354 스타일 표본,00264609,545440430,545446977,,,https://www.zara.com/itxrest/4/catalog/store/11717/product/545446977/size-measure-guide?locale=ko_KR,WOMAN,GARMENT_MEASURE,5,200,제품 페이지 URL/제품명은 조사자료에 보존된 경우만 기입; 실측 API 링크는 354건 모두 보존,NOT RUN,NOT CHECKED,NOT CHECKED
503,ZARA,354 스타일 표본,01994113,553310229,553317523,,,https://www.zara.com/itxrest/4/catalog/store/11717/product/553317523/size-measure-guide?locale=ko_KR,WOMAN,GARMENT_MEASURE,5,200,제품 페이지 URL/제품명은 조사자료에 보존된 경우만 기입; 실측 API 링크는 354건 모두 보존,NOT RUN,NOT CHECKED,NOT CHECKED
504,ZARA,354 스타일 표본,00264608,545440331,545446939,,,https://www.zara.com/itxrest/4/catalog/store/11717/product/545446939/size-measure-guide?locale=ko_KR,WOMAN,GARMENT_MEASURE,5,200,제품 페이지 URL/제품명은 조사자료에 보존된 경우만 기입; 실측 API 링크는 354건 모두 보존,NOT RUN,NOT CHECKED,NOT CHECKED
505,ZARA,354 스타일 표본,01972388,548165872,551303232,,,https://www.zara.com/itxrest/4/catalog/store/11717/product/551303232/size-measure-guide?locale=ko_KR,WOMAN,GARMENT_MEASURE,5,200,제품 페이지 URL/제품명은 조사자료에 보존된 경우만 기입; 실측 API 링크는 354건 모두 보존,NOT RUN,NOT CHECKED,NOT CHECKED
506,ZARA,354 스타일 표본,04442752,564938687,564943959,,,https://www.zara.com/itxrest/4/catalog/store/11717/product/564943959/size-measure-guide?locale=ko_KR,KID,SIZE_GUIDE_ONLY,0,200,제품 페이지 URL/제품명은 조사자료에 보존된 경우만 기입; 실측 API 링크는 354건 모두 보존,NOT RUN,NOT CHECKED,NOT CHECKED
507,ZARA,354 스타일 표본,04442340,562893903,562905089,,,https://www.zara.com/itxrest/4/catalog/store/11717/product/562905089/size-measure-guide?locale=ko_KR,MAN,SIZE_GUIDE_ONLY,0,200,제품 페이지 URL/제품명은 조사자료에 보존된 경우만 기입; 실측 API 링크는 354건 모두 보존,NOT RUN,NOT CHECKED,NOT CHECKED
508,ZARA,354 스타일 표본,04442318,545405385,545409691,,,https://www.zara.com/itxrest/4/catalog/store/11717/product/545409691/size-measure-guide?locale=ko_KR,MAN,SIZE_GUIDE_ONLY,0,200,제품 페이지 URL/제품명은 조사자료에 보존된 경우만 기입; 실측 API 링크는 354건 모두 보존,NOT RUN,NOT CHECKED,NOT CHECKED
509,ZARA,354 스타일 표본,04442322,545405351,545409680,,,https://www.zara.com/itxrest/4/catalog/store/11717/product/545409680/size-measure-guide?locale=ko_KR,MAN,SIZE_GUIDE_ONLY,0,200,제품 페이지 URL/제품명은 조사자료에 보존된 경우만 기입; 실측 API 링크는 354건 모두 보존,NOT RUN,NOT CHECKED,NOT CHECKED
510,ZARA,354 스타일 표본,04442403,557346360,557347196,,,https://www.zara.com/itxrest/4/catalog/store/11717/product/557347196/size-measure-guide?locale=ko_KR,MAN,SIZE_GUIDE_ONLY,0,200,제품 페이지 URL/제품명은 조사자료에 보존된 경우만 기입; 실측 API 링크는 354건 모두 보존,NOT RUN,NOT CHECKED,NOT CHECKED
511,ZARA,354 스타일 표본,44373728,545415172,545422680,,,https://www.zara.com/itxrest/4/catalog/store/11717/product/545422680/size-measure-guide?locale=ko_KR,HOME,NEITHER_GUIDE,0,200,제품 페이지 URL/제품명은 조사자료에 보존된 경우만 기입; 실측 API 링크는 354건 모두 보존,NOT RUN,NOT CHECKED,NOT CHECKED
512,ZARA,354 스타일 표본,13400720,554898882,554912747,,,https://www.zara.com/itxrest/4/catalog/store/11717/product/554912747/size-measure-guide?locale=ko_KR,MAN,NEITHER_GUIDE,0,200,제품 페이지 URL/제품명은 조사자료에 보존된 경우만 기입; 실측 API 링크는 354건 모두 보존,NOT RUN,NOT CHECKED,NOT CHECKED
513,ZARA,354 스타일 표본,14032700,545411236,545412889,,,https://www.zara.com/itxrest/4/catalog/store/11717/product/545412889/size-measure-guide?locale=ko_KR,HOME,NEITHER_GUIDE,0,200,제품 페이지 URL/제품명은 조사자료에 보존된 경우만 기입; 실측 API 링크는 354건 모두 보존,NOT RUN,NOT CHECKED,NOT CHECKED
514,ZARA,354 스타일 표본,04442407,568708815,568717786,,,https://www.zara.com/itxrest/4/catalog/store/11717/product/568717786/size-measure-guide?locale=ko_KR,MAN,SIZE_GUIDE_ONLY,0,200,제품 페이지 URL/제품명은 조사자료에 보존된 경우만 기입; 실측 API 링크는 354건 모두 보존,NOT RUN,NOT CHECKED,NOT CHECKED
515,ZARA,354 스타일 표본,02634405,561137001,561140574,,,https://www.zara.com/itxrest/4/catalog/store/11717/product/561140574/size-measure-guide?locale=ko_KR,MAN,SIZE_GUIDE_ONLY,0,200,제품 페이지 URL/제품명은 조사자료에 보존된 경우만 기입; 실측 API 링크는 354건 모두 보존,NOT RUN,NOT CHECKED,NOT CHECKED
516,ZARA,354 스타일 표본,01943406,545475822,545479324,,,https://www.zara.com/itxrest/4/catalog/store/11717/product/545479324/size-measure-guide?locale=ko_KR,MAN,SIZE_GUIDE_ONLY,0,200,제품 페이지 URL/제품명은 조사자료에 보존된 경우만 기입; 실측 API 링크는 354건 모두 보존,NOT RUN,NOT CHECKED,NOT CHECKED
517,ZARA,354 스타일 표본,02634328,560739028,560744725,,,https://www.zara.com/itxrest/4/catalog/store/11717/product/560744725/size-measure-guide?locale=ko_KR,MAN,SIZE_GUIDE_ONLY,0,200,제품 페이지 URL/제품명은 조사자료에 보존된 경우만 기입; 실측 API 링크는 354건 모두 보존,NOT RUN,NOT CHECKED,NOT CHECKED
518,ZARA,354 스타일 표본,13402820,545408640,545413187,,,https://www.zara.com/itxrest/4/catalog/store/11717/product/545413187/size-measure-guide?locale=ko_KR,MAN,NEITHER_GUIDE,0,200,제품 페이지 URL/제품명은 조사자료에 보존된 경우만 기입; 실측 API 링크는 354건 모두 보존,NOT RUN,NOT CHECKED,NOT CHECKED
519,ZARA,354 스타일 표본,02634315,562906377,562910605,,,https://www.zara.com/itxrest/4/catalog/store/11717/product/562910605/size-measure-guide?locale=ko_KR,MAN,SIZE_GUIDE_ONLY,0,200,제품 페이지 URL/제품명은 조사자료에 보존된 경우만 기입; 실측 API 링크는 354건 모두 보존,NOT RUN,NOT CHECKED,NOT CHECKED
520,ZARA,354 스타일 표본,13401820,545477441,545479628,,,https://www.zara.com/itxrest/4/catalog/store/11717/product/545479628/size-measure-guide?locale=ko_KR,MAN,NEITHER_GUIDE,0,200,제품 페이지 URL/제품명은 조사자료에 보존된 경우만 기입; 실측 API 링크는 354건 모두 보존,NOT RUN,NOT CHECKED,NOT CHECKED
521,ZARA,354 스타일 표본,01758725,550516243,550524650,,,https://www.zara.com/itxrest/4/catalog/store/11717/product/550524650/size-measure-guide?locale=ko_KR,WOMAN,NEITHER_GUIDE,0,200,제품 페이지 URL/제품명은 조사자료에 보존된 경우만 기입; 실측 API 링크는 354건 모두 보존,NOT RUN,NOT CHECKED,NOT CHECKED
522,ZARA,354 스타일 표본,05919513,547308817,594238060,,,https://www.zara.com/itxrest/4/catalog/store/11717/product/594238060/size-measure-guide?locale=ko_KR,WOMAN,NEITHER_GUIDE,0,200,제품 페이지 URL/제품명은 조사자료에 보존된 경우만 기입; 실측 API 링크는 354건 모두 보존,NOT RUN,NOT CHECKED,NOT CHECKED
523,ZARA,354 스타일 표본,01355795,551070572,551070947,,,https://www.zara.com/itxrest/4/catalog/store/11717/product/551070947/size-measure-guide?locale=ko_KR,WOMAN,NEITHER_GUIDE,0,200,제품 페이지 URL/제품명은 조사자료에 보존된 경우만 기입; 실측 API 링크는 354건 모두 보존,NOT RUN,NOT CHECKED,NOT CHECKED
524,ZARA,354 스타일 표본,02678780,548036903,555844589,,,https://www.zara.com/itxrest/4/catalog/store/11717/product/555844589/size-measure-guide?locale=ko_KR,WOMAN,NEITHER_GUIDE,0,200,제품 페이지 URL/제품명은 조사자료에 보존된 경우만 기입; 실측 API 링크는 354건 모두 보존,NOT RUN,NOT CHECKED,NOT CHECKED
525,ZARA,354 스타일 표본,01758160,555132092,555133010,,,https://www.zara.com/itxrest/4/catalog/store/11717/product/555133010/size-measure-guide?locale=ko_KR,WOMAN,NEITHER_GUIDE,0,200,제품 페이지 URL/제품명은 조사자료에 보존된 경우만 기입; 실측 API 링크는 354건 모두 보존,NOT RUN,NOT CHECKED,NOT CHECKED
526,ZARA,354 스타일 표본,01758122,555132058,555133006,,,https://www.zara.com/itxrest/4/catalog/store/11717/product/555133006/size-measure-guide?locale=ko_KR,WOMAN,NEITHER_GUIDE,0,200,제품 페이지 URL/제품명은 조사자료에 보존된 경우만 기입; 실측 API 링크는 354건 모두 보존,NOT RUN,NOT CHECKED,NOT CHECKED
527,ZARA,354 스타일 표본,05919709,546977313,546984553,,,https://www.zara.com/itxrest/4/catalog/store/11717/product/546984553/size-measure-guide?locale=ko_KR,WOMAN,NEITHER_GUIDE,0,200,제품 페이지 URL/제품명은 조사자료에 보존된 경우만 기입; 실측 API 링크는 354건 모두 보존,NOT RUN,NOT CHECKED,NOT CHECKED
528,ZARA,354 스타일 표본,01067780,548963512,548984817,,,https://www.zara.com/itxrest/4/catalog/store/11717/product/548984817/size-measure-guide?locale=ko_KR,WOMAN,NEITHER_GUIDE,0,200,제품 페이지 URL/제품명은 조사자료에 보존된 경우만 기입; 실측 API 링크는 354건 모두 보존,NOT RUN,NOT CHECKED,NOT CHECKED
529,ZARA,354 스타일 표본,01500790,550247273,558151342,,,https://www.zara.com/itxrest/4/catalog/store/11717/product/558151342/size-measure-guide?locale=ko_KR,WOMAN,NEITHER_GUIDE,0,200,제품 페이지 URL/제품명은 조사자료에 보존된 경우만 기입; 실측 API 링크는 354건 모두 보존,NOT RUN,NOT CHECKED,NOT CHECKED
530,ZARA,354 스타일 표본,01355750,550795291,553255905,,,https://www.zara.com/itxrest/4/catalog/store/11717/product/553255905/size-measure-guide?locale=ko_KR,WOMAN,NEITHER_GUIDE,0,200,제품 페이지 URL/제품명은 조사자료에 보존된 경우만 기입; 실측 API 링크는 354건 모두 보존,NOT RUN,NOT CHECKED,NOT CHECKED
531,ZARA,354 스타일 표본,08406481,569322353,569333425,,,https://www.zara.com/itxrest/4/catalog/store/11717/product/569333425/size-measure-guide?locale=ko_KR,WOMAN,GARMENT_MEASURE,4,200,제품 페이지 URL/제품명은 조사자료에 보존된 경우만 기입; 실측 API 링크는 354건 모두 보존,NOT RUN,NOT CHECKED,NOT CHECKED
532,ZARA,354 스타일 표본,08053625,580452594,580455590,,,https://www.zara.com/itxrest/4/catalog/store/11717/product/580455590/size-measure-guide?locale=ko_KR,WOMAN,SIZE_GUIDE_ONLY,0,200,제품 페이지 URL/제품명은 조사자료에 보존된 경우만 기입; 실측 API 링크는 354건 모두 보존,NOT RUN,NOT CHECKED,NOT CHECKED
533,ZARA,354 스타일 표본,07905841,549182888,549225530,,,https://www.zara.com/itxrest/4/catalog/store/11717/product/549225530/size-measure-guide?locale=ko_KR,WOMAN,GARMENT_MEASURE,5,200,제품 페이지 URL/제품명은 조사자료에 보존된 경우만 기입; 실측 API 링크는 354건 모두 보존,NOT RUN,NOT CHECKED,NOT CHECKED
534,ZARA,354 스타일 표본,09052807,554685861,554688634,,,https://www.zara.com/itxrest/4/catalog/store/11717/product/554688634/size-measure-guide?locale=ko_KR,WOMAN,SIZE_GUIDE_ONLY,0,200,제품 페이지 URL/제품명은 조사자료에 보존된 경우만 기입; 실측 API 링크는 354건 모두 보존,NOT RUN,NOT CHECKED,NOT CHECKED
535,ZARA,354 스타일 표본,02657536,545490984,545494273,,,https://www.zara.com/itxrest/4/catalog/store/11717/product/545494273/size-measure-guide?locale=ko_KR,WOMAN,SIZE_GUIDE_ONLY,0,200,제품 페이지 URL/제품명은 조사자료에 보존된 경우만 기입; 실측 API 링크는 354건 모두 보존,NOT RUN,NOT CHECKED,NOT CHECKED
536,ZARA,354 스타일 표본,01210228,556189520,556190896,,,https://www.zara.com/itxrest/4/catalog/store/11717/product/556190896/size-measure-guide?locale=ko_KR,WOMAN,GARMENT_MEASURE,6,200,제품 페이지 URL/제품명은 조사자료에 보존된 경우만 기입; 실측 API 링크는 354건 모두 보존,NOT RUN,NOT CHECKED,NOT CHECKED
537,ZARA,354 스타일 표본,01165155,547534148,547541669,,,https://www.zara.com/itxrest/4/catalog/store/11717/product/547541669/size-measure-guide?locale=ko_KR,WOMAN,GARMENT_MEASURE,5,200,제품 페이지 URL/제품명은 조사자료에 보존된 경우만 기입; 실측 API 링크는 354건 모두 보존,NOT RUN,NOT CHECKED,NOT CHECKED
538,ZARA,354 스타일 표본,04772246,548572721,548574460,,,https://www.zara.com/itxrest/4/catalog/store/11717/product/548574460/size-measure-guide?locale=ko_KR,WOMAN,GARMENT_MEASURE,6,200,제품 페이지 URL/제품명은 조사자료에 보존된 경우만 기입; 실측 API 링크는 354건 모두 보존,NOT RUN,NOT CHECKED,NOT CHECKED
539,ZARA,354 스타일 표본,03897159,547790861,550423020,,,https://www.zara.com/itxrest/4/catalog/store/11717/product/550423020/size-measure-guide?locale=ko_KR,WOMAN,GARMENT_MEASURE,5,200,제품 페이지 URL/제품명은 조사자료에 보존된 경우만 기입; 실측 API 링크는 354건 모두 보존,NOT RUN,NOT CHECKED,NOT CHECKED
540,ZARA,354 스타일 표본,02507252,565613987,565624407,,,https://www.zara.com/itxrest/4/catalog/store/11717/product/565624407/size-measure-guide?locale=ko_KR,WOMAN,GARMENT_MEASURE,5,200,제품 페이지 URL/제품명은 조사자료에 보존된 경우만 기입; 실측 API 링크는 354건 모두 보존,NOT RUN,NOT CHECKED,NOT CHECKED
541,ZARA,354 스타일 표본,04387250,551788069,551789031,,,https://www.zara.com/itxrest/4/catalog/store/11717/product/551789031/size-measure-guide?locale=ko_KR,WOMAN,GARMENT_MEASURE,5,200,제품 페이지 URL/제품명은 조사자료에 보존된 경우만 기입; 실측 API 링크는 354건 모두 보존,NOT RUN,NOT CHECKED,NOT CHECKED
542,ZARA,354 스타일 표본,02288494,574916355,574931550,,,https://www.zara.com/itxrest/4/catalog/store/11717/product/574931550/size-measure-guide?locale=ko_KR,WOMAN,GARMENT_MEASURE,5,200,제품 페이지 URL/제품명은 조사자료에 보존된 경우만 기입; 실측 API 링크는 354건 모두 보존,NOT RUN,NOT CHECKED,NOT CHECKED
543,ZARA,354 스타일 표본,04387292,552247188,552253494,,,https://www.zara.com/itxrest/4/catalog/store/11717/product/552253494/size-measure-guide?locale=ko_KR,WOMAN,GARMENT_MEASURE,5,200,제품 페이지 URL/제품명은 조사자료에 보존된 경우만 기입; 실측 API 링크는 354건 모두 보존,NOT RUN,NOT CHECKED,NOT CHECKED
544,ZARA,354 스타일 표본,04387246,556927038,556928161,,,https://www.zara.com/itxrest/4/catalog/store/11717/product/556928161/size-measure-guide?locale=ko_KR,WOMAN,GARMENT_MEASURE,5,200,제품 페이지 URL/제품명은 조사자료에 보존된 경우만 기입; 실측 API 링크는 354건 모두 보존,NOT RUN,NOT CHECKED,NOT CHECKED
545,ZARA,354 스타일 표본,07798510,571840641,571860848,,,https://www.zara.com/itxrest/4/catalog/store/11717/product/571860848/size-measure-guide?locale=ko_KR,WOMAN,GARMENT_MEASURE,5,200,제품 페이지 URL/제품명은 조사자료에 보존된 경우만 기입; 실측 API 링크는 354건 모두 보존,NOT RUN,NOT CHECKED,NOT CHECKED
546,ZARA,354 스타일 표본,08415570,577909815,577911345,,,https://www.zara.com/itxrest/4/catalog/store/11717/product/577911345/size-measure-guide?locale=ko_KR,WOMAN,SIZE_GUIDE_ONLY,0,200,제품 페이지 URL/제품명은 조사자료에 보존된 경우만 기입; 실측 API 링크는 354건 모두 보존,NOT RUN,NOT CHECKED,NOT CHECKED
547,ZARA,354 스타일 표본,06929951,562530053,562540800,,,https://www.zara.com/itxrest/4/catalog/store/11717/product/562540800/size-measure-guide?locale=ko_KR,WOMAN,GARMENT_MEASURE,6,200,제품 페이지 URL/제품명은 조사자료에 보존된 경우만 기입; 실측 API 링크는 354건 모두 보존,NOT RUN,NOT CHECKED,NOT CHECKED
548,ZARA,354 스타일 표본,08727291,568124053,568124929,,,https://www.zara.com/itxrest/4/catalog/store/11717/product/568124929/size-measure-guide?locale=ko_KR,WOMAN,GARMENT_MEASURE,6,200,제품 페이지 URL/제품명은 조사자료에 보존된 경우만 기입; 실측 API 링크는 354건 모두 보존,NOT RUN,NOT CHECKED,NOT CHECKED
549,ZARA,354 스타일 표본,08338537,546995917,547002035,,,https://www.zara.com/itxrest/4/catalog/store/11717/product/547002035/size-measure-guide?locale=ko_KR,WOMAN,GARMENT_MEASURE,6,200,제품 페이지 URL/제품명은 조사자료에 보존된 경우만 기입; 실측 API 링크는 354건 모두 보존,NOT RUN,NOT CHECKED,NOT CHECKED
