provider,category_key,category_path,group_codes,group_labels,disposition,product_count,audience_codes,sample_product_ids,sample_product_names,mapping_basis,notes,source_ids,source_names
musinsa,musinsa:001001,상의 > 반소매 티셔츠,A,일반 상의,COMPARABLE,7,M|W,7143077|7144369|7148532|7154426|7161552,JXP Extreme Performance Dyeing T-Shirt : Dark Grey (JR3TSU178DG)|SOL 심볼 로고 포켓 반팔티셔츠 (블랙)|GOrI Logo T (black)|GOrI Mini Logo T (black)|래글런 반팔 티셔츠,무신사 categoryDepth의 상의 계층,,"{""depth1"": ""001"", ""depth2"": ""001001""}","{""depth1"": ""상의"", ""depth2"": ""반소매 티셔츠""}"
musinsa,musinsa:001002,상의 > 셔츠/블라우스,A,일반 상의,COMPARABLE,10,M|W,7143860|7144382|7145669|7157006|7170441,DOUBLE TIE BLOUSE_brown|쉐도우 커브 셔츠_3Colors|에브리데이 클래식 체크 셔츠 (올리브)|Vintage Frayed Check Overshirt (Black) TNSH6F106BK|하벤 스티치 데님 셔츠,무신사 categoryDepth의 상의 계층,,"{""depth1"": ""001"", ""depth2"": ""001002""}","{""depth1"": ""상의"", ""depth2"": ""셔츠/블라우스""}"
musinsa,musinsa:001003,상의 > 피케/카라 티셔츠,A,일반 상의,COMPARABLE,2,M,7206414|7206419,Yoyogi Pleats Collared T-Shirt (Black) TNTS6F103BK|Yoyogi Pleats Collared T-Shirt (Navy) TNTS6F103N2,무신사 categoryDepth의 상의 계층,,"{""depth1"": ""001"", ""depth2"": ""001003""}","{""depth1"": ""상의"", ""depth2"": ""피케/카라 티셔츠""}"
musinsa,musinsa:001004,상의 > 후드 티셔츠,A,일반 상의,COMPARABLE,9,M|W,7154277|7160934|7161037|7179221|7182550,오리지널 페이즈 오버핏 쭈리 후드 티셔츠 남녀공용 Black|마운틴 버튼 후드 풀오버 (스카이블루)|VLAD 래글런 헨리넥 후드 티셔츠_(VTG 아트웍) 3 COLOR|[우먼] 클래식 패치 로고 후드티 BK6979 (4 COLOR)|PD 보야지 후드티 2Color,무신사 categoryDepth의 상의 계층,,"{""depth1"": ""001"", ""depth2"": ""001004""}","{""depth1"": ""상의"", ""depth2"": ""후드 티셔츠""}"
musinsa,musinsa:001005,상의 > 맨투맨/스웨트,A,일반 상의,COMPARABLE,13,M|W,7145511|7145738|7147015|7147364|7147367,헨리넥 스웨트셔츠_SPMWG49C01|[2PACK] 스튜디오 1983 오버핏 맨투맨 티셔츠 M300|COVER STITCH VINTAGE SWEATSHIRT _ NAVY|아카이브고딕 더블 코튼 오버숄더 벌룬핏 맨투맨 다크그레이 OTM25025|아카이브고딕 더블 코튼 오버숄더 벌룬핏 맨투맨 올리브 OTM25025,무신사 categoryDepth의 상의 계층,,"{""depth1"": ""001"", ""depth2"": ""001005""}","{""depth1"": ""상의"", ""depth2"": ""맨투맨/스웨트""}"
musinsa,musinsa:001006,상의 > 니트/스웨터,A,일반 상의,COMPARABLE,21,M|W,7147971|7148064|7148316|7155527|7158511,PURE WOOL DEEP V KNIT (3PACKS)|빅 C 로고 니트 라이트 카키|ROLLNECK RINGER KNIT _ ORANGE|케이블 니트 카디건 KT1859|소프트 데일리 니트_NAVY,무신사 categoryDepth의 상의 계층,,"{""depth1"": ""001"", ""depth2"": ""001006""}","{""depth1"": ""상의"", ""depth2"": ""니트/스웨터""}"
musinsa,musinsa:001008,상의 > 기타 상의,A,일반 상의,COMPARABLE,1,M,7161258,컬루어 이지 집업 (네이비),무신사 categoryDepth의 상의 계층,,"{""depth1"": ""001"", ""depth2"": ""001008""}","{""depth1"": ""상의"", ""depth2"": ""기타 상의""}"
musinsa,musinsa:001010,상의 > 긴소매 티셔츠,A,일반 상의,COMPARABLE,49,M|W,7144162|7145762|7147930|7147938|7148749,젠 슬릿 홀터 셔링 탑_Black|RiRi LOGO LONG SLEEVE - LIGHT YELLOW|페이디드 크루넥 롱슬리브 [5COLORS]|A7|Vintage stripe Henley sleeve - Black,무신사 categoryDepth의 상의 계층,,"{""depth1"": ""001"", ""depth2"": ""001010""}","{""depth1"": ""상의"", ""depth2"": ""긴소매 티셔츠""}"
musinsa,musinsa:001011,상의 > 민소매 티셔츠,A,일반 상의,COMPARABLE,4,W,7160729|7160732|7167681|7172428,"Maisie Lace Sleeveless Top (Soft Mint)|Maisie Lace Sleeveless Top (Custard)|코튼 홀터 슬리브리스 (Red)|Multi-Way Tube Top, Turkish Blue",무신사 categoryDepth의 상의 계층,,"{""depth1"": ""001"", ""depth2"": ""001011""}","{""depth1"": ""상의"", ""depth2"": ""민소매 티셔츠""}"
musinsa,musinsa:002001,아우터 > 블루종/MA-1,B,아우터,COMPARABLE,15,M|W,7144782|7147018|7148649|7157426|7158707,공용 에센셜 립 블루종 점퍼(CUM604)|더블 멀티 포켓 워싱 벨티드 오버핏 투웨이 블루종 코튼 집업 자켓 _2COLOR|NYLON FLIGHT JACKET _ OLIVE|[unisex] 스웨이드 크롭 바이커 자켓 블랙|오리지널 시리즈™ 크롭 오버핏 MA-1 [카키],무신사 categoryDepth의 아우터 계층,,"{""depth1"": ""002"", ""depth2"": ""002001""}","{""depth1"": ""아우터"", ""depth2"": ""블루종/MA-1""}"
musinsa,musinsa:002002,아우터 > 레더/라이더스 재킷,B,아우터,COMPARABLE,16,M|W,7148725|7158652|7158755|7158759|7158762,WAXED COWHIDE BUDDY HARRINGTON JACKET _ BLACK|Zip Tucked Faux Leather Jacket_BLACK|레더 A-2 자켓 BLACK|레더 A-2 자켓 DARK BROWN|VEGETABLE LAMBSKIN 리얼 레더 자켓 BLACK,무신사 categoryDepth의 아우터 계층,,"{""depth1"": ""002"", ""depth2"": ""002002""}","{""depth1"": ""아우터"", ""depth2"": ""레더/라이더스 재킷""}"
musinsa,musinsa:002003,아우터 > 슈트/블레이저 재킷,B,아우터,COMPARABLE,10,M|W,7155179|7158155|7161031|7179836|7190065,STAND COLLAR TWEED STRIPED JACKET - BLACK|Mix Structured Blazer - Black|[Office] 올시즌 데일리 수트 셋업_2 COLOR|[SET] Wool-Blend Comfort Jacket&Semi-Wide Pants (Charcoal) 0TPA6F105G2|라운드넥 심플 트위드 자켓 (FTDCJK013),무신사 categoryDepth의 아우터 계층,,"{""depth1"": ""002"", ""depth2"": ""002003""}","{""depth1"": ""아우터"", ""depth2"": ""슈트/블레이저 재킷""}"
musinsa,musinsa:002006,아우터 > 나일론/코치 재킷,B,아우터,COMPARABLE,6,M|W,7144199|7144985|7184126|7234336|7241968,어반 본딩 플리스 스태그 코치 자켓 블랙|시티 커뮤터 체크 윈드 자켓 (체크 블루)|[MEN] 4포켓 미드 워커 점퍼 _네이비_91M6313213|우먼스 셔링 윈드 자켓 라이트베이지 SDFJWCQ52LBE|카치온 워싱 워크 자켓 (브라운),무신사 categoryDepth의 아우터 계층,,"{""depth1"": ""002"", ""depth2"": ""002006""}","{""depth1"": ""아우터"", ""depth2"": ""나일론/코치 재킷""}"
musinsa,musinsa:002007,아우터 > 겨울 싱글 코트,B,아우터,COMPARABLE,2,W,7183668|7183782,핸드메이드 울 블렌드 후디 하프 코트 _다크 브라운_9176411981|코듀로이 카라 패딩 맥코트 _다크카키_9176413986,무신사 categoryDepth의 아우터 계층,,"{""depth1"": ""002"", ""depth2"": ""002007""}","{""depth1"": ""아우터"", ""depth2"": ""겨울 싱글 코트""}"
musinsa,musinsa:002008,아우터 > 환절기 코트,B,아우터,COMPARABLE,4,W,7156467|7186204|7227224|7235256,"미디 트렌치 코트 RMJTG49RT1|Double Button Corduroy Coat, Burgundy|우먼즈 더블 버튼 포켓 라운드카라 세미 크롭 하프 코트 긴팔 자켓_2COLOR|SR_Lapel pure trench coat",무신사 categoryDepth의 아우터 계층,,"{""depth1"": ""002"", ""depth2"": ""002008""}","{""depth1"": ""아우터"", ""depth2"": ""환절기 코트""}"
musinsa,musinsa:002012,아우터 > 숏패딩/헤비 아우터,B,아우터,COMPARABLE,3,M|W,7166322|7181344|7187470,NJ1DS69K 웨이브 다운 자켓 (RDS) DUNE|03 에센셜 그래픽 후드 패딩 - BLACK|NJ3NS55C 남성 알토르 온 자켓 METAL GRAY,무신사 categoryDepth의 아우터 계층,,"{""depth1"": ""002"", ""depth2"": ""002012""}","{""depth1"": ""아우터"", ""depth2"": ""숏패딩/헤비 아우터""}"
musinsa,musinsa:002014,아우터 > 사파리/헌팅 재킷,B,아우터,COMPARABLE,25,M|W,7156745|7161039|7167566|7169471|7171083,M-65 필드 자켓 차콜 그레이|VTG 워시드 정글 퍼티그 필드 자켓_2 COLOR|레인지 자켓 (카본 네이비)|Low pocket cotton jacket - khaki|콘트라스트 카라 자켓- 네이비,무신사 categoryDepth의 아우터 계층,,"{""depth1"": ""002"", ""depth2"": ""002014""}","{""depth1"": ""아우터"", ""depth2"": ""사파리/헌팅 재킷""}"
musinsa,musinsa:002015,아우터 > 기타 아우터,B,아우터,COMPARABLE,20,M|W,7148116|7155595|7156194|7159838|7160518,코듀로이 헤링턴 자켓 틸 그린|SST 트랙 탑 KQ6332|스쿱넥 칼라리스 자켓 RMJKG49NT2|스트링 패디드 코치 자켓_블랙|Denver Washed High Neck Jacket (Washed Beige),무신사 categoryDepth의 아우터 계층,,"{""depth1"": ""002"", ""depth2"": ""002015""}","{""depth1"": ""아우터"", ""depth2"": ""기타 아우터""}"
musinsa,musinsa:002017,아우터 > 트러커 재킷,B,아우터,COMPARABLE,8,M|W,7148128|7153791|7156753|7167882|7171682,링사 C 로고 데님 후드 자켓 인디고|여성 라이더 집업 데님 자켓 블랙|[레귤러 크롭] 덕 캔버스 타입1 트러커 블랙|PURE COLLAR WASHED DENIM JACKET - BLUE|TYPE 3 DENIM JACKET [BLACK],무신사 categoryDepth의 아우터 계층,,"{""depth1"": ""002"", ""depth2"": ""002017""}","{""depth1"": ""아우터"", ""depth2"": ""트러커 재킷""}"
musinsa,musinsa:002018,아우터 > 트레이닝 재킷,B,아우터,COMPARABLE,8,M|W,7160006|7162570|7167582|7174159|7180309,이든 져지 트랙 자켓|여성 보케 플라워 2.0 수베니어 자켓_K256AWU502BKX|AECA TRACK JACKET-BLACK|하치 루즈 트랙탑 [IVORY]|C.L WAFFLE JERSEY - BLACK,무신사 categoryDepth의 아우터 계층,,"{""depth1"": ""002"", ""depth2"": ""002018""}","{""depth1"": ""아우터"", ""depth2"": ""트레이닝 재킷""}"
musinsa,musinsa:002019,아우터 > 아노락 재킷,B,아우터,COMPARABLE,2,M|W,7180382|7192820,T.L HEAVY WAFFLE HALF ZIP-UP - CHARCOAL|W ANORAK - BROWN (P263WJP106),무신사 categoryDepth의 아우터 계층,,"{""depth1"": ""002"", ""depth2"": ""002019""}","{""depth1"": ""아우터"", ""depth2"": ""아노락 재킷""}"
musinsa,musinsa:002020,아우터 > 카디건,B|A,아우터|일반 상의,COMPARABLE,35,M|W,7156233|7156244|7156274|7158055|7158748,캐시미어 블렌드 에센셜 라운드넥 가디건 그레이|캐시미어 블렌드 에센셜 라운드넥 가디건 블루|에스티 크롭가디건 (3color)|울캐시아가일브이넥가디건 J1KT621E|LUNALITE 16GG 가디건 DARK NAVY,무신사 categoryDepth의 아우터 계층,,"{""depth1"": ""002"", ""depth2"": ""002020""}","{""depth1"": ""아우터"", ""depth2"": ""카디건""}"
musinsa,musinsa:002021,아우터 > 베스트,B|A,아우터|일반 상의,COMPARABLE,3,W,7192714|7236208|7238161,스트라이프 니트 베스트 _블랙_9106152100|SALT VEST|SHADOW VEST,무신사 categoryDepth의 아우터 계층,,"{""depth1"": ""002"", ""depth2"": ""002021""}","{""depth1"": ""아우터"", ""depth2"": ""베스트""}"
musinsa,musinsa:002022,아우터 > 후드 집업,B|A,아우터|일반 상의,COMPARABLE,26,M|W,7144898|7145314|7145391|7146650|7147529,타이다이 워싱 코튼 하이넥 멀티 지퍼 디테일 후드집업 자켓 [베이지]|Tiered Zip Hoodie [Gray]|에센셜 골지 후드 집업(FS263FT01F002234)|8.8oz 페이드 워시 후드 집업|라인 워크 자수 후드집업 블랙,무신사 categoryDepth의 아우터 계층,,"{""depth1"": ""002"", ""depth2"": ""002022""}","{""depth1"": ""아우터"", ""depth2"": ""후드 집업""}"
musinsa,musinsa:002023,아우터 > 플리스/뽀글이,B,아우터,COMPARABLE,3,M|W,7144342|7180257|7215436,DEV:12 플리스 후드 하프집업_블랙|BOUND SHELL FLEECE - CHARCOAL|[2nd] Fleece Cloud Jacket Oatmeal,무신사 categoryDepth의 아우터 계층,,"{""depth1"": ""002"", ""depth2"": ""002023""}","{""depth1"": ""아우터"", ""depth2"": ""플리스/뽀글이""}"
musinsa,musinsa:002027001,아우터 > 경량 패딩/패딩 베스트 > 경량 패딩,B,아우터,COMPARABLE,22,M|W,7143064|7143066|7144452|7145740|7147576,우먼 리버 경량 다운 자켓 차콜|우먼 리버 경량 다운 자켓 라이트그레이|여성 경량 후드 커브패딩 NY (Black)|에어리 후드 경량 패딩 자켓 - (5컬러)|수페리어 다운 라운드 넥 자켓 남 2 DARK BEIGE JBWJWMDJ117,무신사 categoryDepth의 아우터 계층,,"{""depth1"": ""002"", ""depth2"": ""002027"", ""depth3"": ""002027001""}","{""depth1"": ""아우터"", ""depth2"": ""경량 패딩/패딩 베스트"", ""depth3"": ""경량 패딩""}"
musinsa,musinsa:017016002,스포츠/레저 > 상의 > 긴소매 티셔츠,A,일반 상의,COMPARABLE,2,M,7181456|7189061,NT7TS52B 남성 오버펙 스트라이프 긴팔 티셔츠 DARK BROWN|SYMBOL B COMPRESSION LONG SLEEVE [BLACK],무신사 categoryDepth의 상의 계층,,"{""depth1"": ""017"", ""depth2"": ""017016"", ""depth3"": ""017016002""}","{""depth1"": ""스포츠/레저"", ""depth2"": ""상의"", ""depth3"": ""긴소매 티셔츠""}"
musinsa,musinsa:017016003,스포츠/레저 > 상의 > 민소매 티셔츠,A,일반 상의,COMPARABLE,4,M|W,7184974|7185363|7189049|7219750,복싱 레드 뎁트 슬리브리스 [BLACK]|러닝 레드 뎁트 슬리브리스 [BLACK]|SYMBOL B TANK SLEEVELESS [BLACK]|LACE LAYERED HALTER NECK SLEEVELESS MOCHA,무신사 categoryDepth의 상의 계층,,"{""depth1"": ""017"", ""depth2"": ""017016"", ""depth3"": ""017016003""}","{""depth1"": ""스포츠/레저"", ""depth2"": ""상의"", ""depth3"": ""민소매 티셔츠""}"
musinsa,musinsa:017016004,스포츠/레저 > 상의 > 맨투맨/스웨트,A,일반 상의,COMPARABLE,1,M,7215619,피그먼트 다잉 레터링 맨투맨 (S26FUFHT64) Choco Brown,무신사 categoryDepth의 상의 계층,,"{""depth1"": ""017"", ""depth2"": ""017016"", ""depth3"": ""017016004""}","{""depth1"": ""스포츠/레저"", ""depth2"": ""상의"", ""depth3"": ""맨투맨/스웨트""}"
musinsa,musinsa:017016005,스포츠/레저 > 상의 > 반소매 티셔츠,A,일반 상의,COMPARABLE,3,M|W,7157696|7168237|7200625,네이쳐 델타피크 배색형 베이직핏 반팔 티셔츠 L/GREY N263UTS220|UA 헤비웨이트 그레이디언트6013624-410|퀵 드라이 숏슬리브 폴로 셔츠 스트레이트 헴 *로고  PICN,무신사 categoryDepth의 상의 계층,,"{""depth1"": ""017"", ""depth2"": ""017016"", ""depth3"": ""017016005""}","{""depth1"": ""스포츠/레저"", ""depth2"": ""상의"", ""depth3"": ""반소매 티셔츠""}"
musinsa,musinsa:017018002,스포츠/레저 > 아우터 > 기타 점퍼/재킷,B,아우터,COMPARABLE,5,M|W,7156454|7156547|7156550|7224859|7231663,멘즈 마이크로 퍼프 후디 / 84031R7|클랜드 여성 자켓 (S26FWDJK91) Rusty Pink|클랜드 여성 자켓 (S26FWDJK91) Charcoal|AL-PACA PARKA QUILTED 자켓 W_Black|오리지널스 트레포일 터틀 넥 점퍼 KR5425,무신사 categoryDepth의 아우터 계층,,"{""depth1"": ""017"", ""depth2"": ""017018"", ""depth3"": ""017018002""}","{""depth1"": ""스포츠/레저"", ""depth2"": ""아우터"", ""depth3"": ""기타 점퍼/재킷""}"
musinsa,musinsa:017018003,스포츠/레저 > 아우터 > 나일론/코치 재킷,B,아우터,COMPARABLE,3,M|W,7181558|7182852|7213666,MEN MULTI POCKET ANORAK_DG|7M50603 남자 남성 알테라 2LAYER 윈드스토퍼 방풍 자켓|[WOMEN] 플레이 숏 후디드 웨더 자켓 - 블랙 HFWA101AJKBLK,무신사 categoryDepth의 아우터 계층,,"{""depth1"": ""017"", ""depth2"": ""017018"", ""depth3"": ""017018003""}","{""depth1"": ""스포츠/레저"", ""depth2"": ""아우터"", ""depth3"": ""나일론/코치 재킷""}"
musinsa,musinsa:017018009,스포츠/레저 > 아우터 > 플리스,B,아우터,COMPARABLE,1,M|W,7166253,스위스 스키 후드형 본딩 플리스 자켓 블랙 SR423SKTO1,무신사 categoryDepth의 아우터 계층,,"{""depth1"": ""017"", ""depth2"": ""017018"", ""depth3"": ""017018009""}","{""depth1"": ""스포츠/레저"", ""depth2"": ""아우터"", ""depth3"": ""플리스""}"
musinsa,musinsa:017018013,스포츠/레저 > 아우터 > 롱 패딩/롱 헤비 아우터,B,아우터,COMPARABLE,3,M|W,7147362|7237514|7237516,La Reine (라헨느) 여성 캐시미어 블렌드 W/S 롱 다운 자켓_Black|BOOST_카르파(CARPA) 롱 다운_Black|BOOST_카르파(CARPA) 롱 다운_Cinder,무신사 categoryDepth의 아우터 계층,,"{""depth1"": ""017"", ""depth2"": ""017018"", ""depth3"": ""017018013""}","{""depth1"": ""스포츠/레저"", ""depth2"": ""아우터"", ""depth3"": ""롱 패딩/롱 헤비 아우터""}"
musinsa,musinsa:017018014,스포츠/레저 > 아우터 > 숏 패딩/숏 헤비 아우터,B,아우터,COMPARABLE,2,W,7147520|7223696,MOMENTUM (모멘텀) 여성 경량 패딩 자켓_Light Brown|중량 스텐넥 덕 다운 자켓 우먼 YELLOW,무신사 categoryDepth의 아우터 계층,,"{""depth1"": ""017"", ""depth2"": ""017018"", ""depth3"": ""017018014""}","{""depth1"": ""스포츠/레저"", ""depth2"": ""아우터"", ""depth3"": ""숏 패딩/숏 헤비 아우터""}"
musinsa,musinsa:017018016,스포츠/레저 > 아우터 > 후드 집업,B|A,아우터|일반 상의,COMPARABLE,2,M,7154211|7166226,남성 아틱 크레스트 II 후드 풀집 자켓|NBNAG4A013 / UNI NB 데님 후드 포켓 자켓 (L/INDIGO),무신사 categoryDepth의 아우터 계층,,"{""depth1"": ""017"", ""depth2"": ""017018"", ""depth3"": ""017018016""}","{""depth1"": ""스포츠/레저"", ""depth2"": ""아우터"", ""depth3"": ""후드 집업""}"
uniqlo,uniqlo:57892:107542:107546:122737,WOMEN > Special Collaborations > UNIQLO : C > Pre Launch,R,혼합·검토,REVIEW,1,UNISEX|WOMEN,E491119,스웨트하프집풀오버,유니클로 collection/category leaf만으로 비교 축을 확정할 수 없음,,"{""category"": ""107546"", ""class"": ""107542"", ""gender"": ""57892"", ""subcategory"": ""122737""}","{""category"": ""uniqlo c"", ""class"": ""special collaboration"", ""gender"": ""women"", ""subcategory"": ""pre launch""}"
uniqlo,uniqlo:57892:107542:143065:143068,WOMEN > Special Collaborations > UNIQLO and Cecilie Bahnsen > Dresses,E,원피스·점프수트·커버올,COMPARABLE,1,WOMEN,E488216,셔링원피스(슬리브리스),유니클로 category/subcategory의 명시적 의류 종류,,"{""category"": ""143065"", ""class"": ""107542"", ""gender"": ""57892"", ""subcategory"": ""143068""}","{""category"": ""uniqlo and cecilie bahnsen"", ""class"": ""special collaboration"", ""gender"": ""women"", ""subcategory"": ""dresses""}"
uniqlo,uniqlo:57892:124424:124427:124436,WOMEN > GU > 상의 > 스웨트,A,일반 상의,COMPARABLE,2,WOMEN,E486703|E486706,GU퍼프스웨트풀집후디|GU루프얀풀집후디,유니클로 category/subcategory의 명시적 의류 종류,,"{""category"": ""124427"", ""class"": ""124424"", ""gender"": ""57892"", ""subcategory"": ""124436""}","{""category"": ""tops"", ""class"": ""gu"", ""gender"": ""women"", ""subcategory"": ""sweat""}"
uniqlo,uniqlo:57892:124424:124427:124437,WOMEN > GU > 상의 > 셔츠,A,일반 상의,COMPARABLE,2,WOMEN,E487303|E493710,GU플라워프린트캐미솔튜닉|GU보타이체크블라우스,유니클로 category/subcategory의 명시적 의류 종류,,"{""category"": ""124427"", ""class"": ""124424"", ""gender"": ""57892"", ""subcategory"": ""124437""}","{""category"": ""tops"", ""class"": ""gu"", ""gender"": ""women"", ""subcategory"": ""shirts""}"
uniqlo,uniqlo:57892:124424:124428:124440,WOMEN > GU > 원피스 & 스커트 > 스커트,E,원피스·점프수트·커버올,COMPARABLE,2,WOMEN,E486691|E486695,GU사이드플리츠스코츠|GU티어드스코츠,유니클로 category/subcategory의 명시적 의류 종류,,"{""category"": ""124428"", ""class"": ""124424"", ""gender"": ""57892"", ""subcategory"": ""124440""}","{""category"": ""dresses and skirts"", ""class"": ""gu"", ""gender"": ""women"", ""subcategory"": ""skirts""}"
uniqlo,uniqlo:57892:124424:124429:124442,WOMEN > GU > 팬츠 > 팬츠,C,팬츠·쇼츠·레깅스,COMPARABLE,1,WOMEN,E486683,GU퍼프스웨트배기팬츠,유니클로 category/subcategory의 명시적 의류 종류,,"{""category"": ""124429"", ""class"": ""124424"", ""gender"": ""57892"", ""subcategory"": ""124442""}","{""category"": ""bottoms"", ""class"": ""gu"", ""gender"": ""women"", ""subcategory"": ""pants""}"
uniqlo,uniqlo:57892:148314:148318:148328,WOMEN > 라운지 & 언더웨어 컬렉션 > Minimalist Classics > 언더웨어(보이),F,이너웨어·홈웨어,COMPARABLE,1,WOMEN,E488668,울트라스트레치드라이쇼츠(보이),유니클로 category/subcategory의 명시적 의류 종류,,"{""category"": ""148318"", ""class"": ""148314"", ""gender"": ""57892"", ""subcategory"": ""148328""}","{""category"": ""minimalist classics"", ""class"": ""lounge and underwear collection"", ""gender"": ""women"", ""subcategory"": ""boyshorts""}"
uniqlo,uniqlo:57892:148314:148319:148324,WOMEN > 라운지 & 언더웨어 컬렉션 > Effortless Charm > 힙허거,F,이너웨어·홈웨어,COMPARABLE,1,WOMEN,E487064,코튼저지쇼츠(힙허거)플라워A,유니클로 category/subcategory의 명시적 의류 종류,,"{""category"": ""148319"", ""class"": ""148314"", ""gender"": ""57892"", ""subcategory"": ""148324""}","{""category"": ""effortless charm"", ""class"": ""lounge and underwear collection"", ""gender"": ""women"", ""subcategory"": ""hiphugger""}"
uniqlo,uniqlo:57892:148314:148319:148358,WOMEN > 라운지 & 언더웨어 컬렉션 > Effortless Charm > 저스트 웨이스트,F,이너웨어·홈웨어,COMPARABLE,2,WOMEN,E487032|E487034,코튼저지쇼츠(저스트웨이스트)플라워C|코튼저지쇼츠(저스트웨이스트)플라워D,유니클로 category/subcategory의 명시적 의류 종류,,"{""category"": ""148319"", ""class"": ""148314"", ""gender"": ""57892"", ""subcategory"": ""148358""}","{""category"": ""effortless charm"", ""class"": ""lounge and underwear collection"", ""gender"": ""women"", ""subcategory"": ""just waist""}"
uniqlo,uniqlo:57892:148314:148319:148359,WOMEN > 라운지 & 언더웨어 컬렉션 > Effortless Charm > 미들 웨이스트,F,이너웨어·홈웨어,COMPARABLE,2,WOMEN,E487042|E487050,코튼저지쇼츠(미들웨이스트)스트라이프|코튼저지쇼츠(미들웨이스트)원포인트,유니클로 category/subcategory의 명시적 의류 종류,,"{""category"": ""148319"", ""class"": ""148314"", ""gender"": ""57892"", ""subcategory"": ""148359""}","{""category"": ""effortless charm"", ""class"": ""lounge and underwear collection"", ""gender"": ""women"", ""subcategory"": ""bikini""}"
uniqlo,uniqlo:57892:57958:57991:58119,WOMEN > 아우터 > 파카 & 블루종 > 파카,B,아우터,COMPARABLE,1,WOMEN,E487396,유틸리티코튼블렌드파카,유니클로 category/subcategory의 명시적 의류 종류,,"{""category"": ""57991"", ""class"": ""57958"", ""gender"": ""57892"", ""subcategory"": ""58119""}","{""category"": ""parkas and blousons"", ""class"": ""outerwear"", ""gender"": ""women"", ""subcategory"": ""parka""}"
uniqlo,uniqlo:57892:57958:57991:98251,WOMEN > 아우터 > 파카 & 블루종 > 포켓터블,B,아우터,COMPARABLE,2,WOMEN,E474175|E481599,포켓터블UV PROTECTION파카|포켓터블UV PROTECTION파카(패턴),유니클로 category/subcategory의 명시적 의류 종류,,"{""category"": ""57991"", ""class"": ""57958"", ""gender"": ""57892"", ""subcategory"": ""98251""}","{""category"": ""parkas and blousons"", ""class"": ""outerwear"", ""gender"": ""women"", ""subcategory"": ""pocketable""}"
uniqlo,uniqlo:57892:57958:57991:98252,WOMEN > 아우터 > 파카 & 블루종 > 후리스,B,아우터,COMPARABLE,1,WOMEN,E449753,플러피얀후리스풀집재킷,유니클로 category/subcategory의 명시적 의류 종류,,"{""category"": ""57991"", ""class"": ""57958"", ""gender"": ""57892"", ""subcategory"": ""98252""}","{""category"": ""parkas and blousons"", ""class"": ""outerwear"", ""gender"": ""women"", ""subcategory"": ""fleece""}"
uniqlo,uniqlo:57892:57958:57991:98253,WOMEN > 아우터 > 파카 & 블루종 > 재킷 & 블루종,B,아우터,COMPARABLE,8,UNISEX|WOMEN,E483807|E484664|E487516|E487517|E487832,유틸리티쇼트재킷|유틸리티쇼트재킷(데님)|집업쇼트재킷|후리스스탠드블루종|윈드블럭스탠드블루종,유니클로 category/subcategory의 명시적 의류 종류,,"{""category"": ""57991"", ""class"": ""57958"", ""gender"": ""57892"", ""subcategory"": ""98253""}","{""category"": ""parkas and blousons"", ""class"": ""outerwear"", ""gender"": ""women"", ""subcategory"": ""jacket""}"
uniqlo,uniqlo:57892:57958:57993:58125,WOMEN > 아우터 > 재킷 > 캐주얼 재킷,B,아우터,COMPARABLE,2,WOMEN,E487518|E489026,패디드유틸리티쇼트재킷|패디드유틸리티쇼트재킷(패턴),유니클로 category/subcategory의 명시적 의류 종류,,"{""category"": ""57993"", ""class"": ""57958"", ""gender"": ""57892"", ""subcategory"": ""58125""}","{""category"": ""jackets"", ""class"": ""outerwear"", ""gender"": ""women"", ""subcategory"": ""casual""}"
uniqlo,uniqlo:57892:57958:57993:94952,WOMEN > 아우터 > 재킷 > 재킷,B,아우터,COMPARABLE,2,WOMEN,E488652|E489025,테일러드재킷(릴랙스핏)|테일러드재킷(릴랙스핏)패턴,유니클로 category/subcategory의 명시적 의류 종류,,"{""category"": ""57993"", ""class"": ""57958"", ""gender"": ""57892"", ""subcategory"": ""94952""}","{""category"": ""jackets"", ""class"": ""outerwear"", ""gender"": ""women"", ""subcategory"": ""jacket""}"
uniqlo,uniqlo:57892:57958:57994:58130,WOMEN > 아우터 > 경량 패딩 (PUFFTECH) > 퍼프테크,B,아우터,COMPARABLE,4,WOMEN,E469863|E469871|E487404|E492040,PUFFTECH컴팩트베스트|PUFFTECH파카|PUFFTECH컴팩트재킷|수납파우치(PUFFTECH),유니클로 category/subcategory의 명시적 의류 종류,,"{""category"": ""57994"", ""class"": ""57958"", ""gender"": ""57892"", ""subcategory"": ""58130""}","{""category"": ""pufftech and ultra light down"", ""class"": ""outerwear"", ""gender"": ""women"", ""subcategory"": ""pufftech""}"
uniqlo,uniqlo:57892:57958:57994:58132,WOMEN > 아우터 > 경량 패딩 (PUFFTECH) > 재킷,B,아우터,COMPARABLE,1,WOMEN,E487408,PUFFTECH재킷,유니클로 category/subcategory의 명시적 의류 종류,,"{""category"": ""57994"", ""class"": ""57958"", ""gender"": ""57892"", ""subcategory"": ""58132""}","{""category"": ""pufftech and ultra light down"", ""class"": ""outerwear"", ""gender"": ""women"", ""subcategory"": ""jacket""}"
uniqlo,uniqlo:57892:57958:98229:100071,WOMEN > 아우터 > 코트 > 롱 코트,B,아우터,COMPARABLE,1,WOMEN,E487420,트렌치코트,유니클로 category/subcategory의 명시적 의류 종류,,"{""category"": ""98229"", ""class"": ""57958"", ""gender"": ""57892"", ""subcategory"": ""100071""}","{""category"": ""coats"", ""class"": ""outerwear"", ""gender"": ""women"", ""subcategory"": ""long""}"
uniqlo,uniqlo:57892:57959:57995:58135,WOMEN > 티셔츠 & 스웨트셔츠 & 후리스 > 티셔츠 (긴팔 & 반팔) > GU,A,일반 상의,COMPARABLE,1,WOMEN,E486704,GU소프트시어크루넥T(긴팔),유니클로 category/subcategory의 명시적 의류 종류,,"{""category"": ""57995"", ""class"": ""57959"", ""gender"": ""57892"", ""subcategory"": ""58135""}","{""category"": ""t shirts"", ""class"": ""tops"", ""gender"": ""women"", ""subcategory"": ""gu""}"
uniqlo,uniqlo:57892:57959:57995:58142,WOMEN > 티셔츠 & 스웨트셔츠 & 후리스 > 티셔츠 (긴팔 & 반팔) > 긴팔,A,일반 상의,COMPARABLE,7,WOMEN,E465751|E470143|E483536|E487579|E487908,소프트립T(긴팔)|소프트니트후리스크루넥T|소프트립T(긴팔)스트라이프|미니T(긴팔)|립헨리넥T(긴팔),유니클로 category/subcategory의 명시적 의류 종류,,"{""category"": ""57995"", ""class"": ""57959"", ""gender"": ""57892"", ""subcategory"": ""58142""}","{""category"": ""t shirts"", ""class"": ""tops"", ""gender"": ""women"", ""subcategory"": ""long sleeve""}"
uniqlo,uniqlo:57892:57959:57995:58144,WOMEN > 티셔츠 & 스웨트셔츠 & 후리스 > 티셔츠 (긴팔 & 반팔) > 반팔,A,일반 상의,COMPARABLE,13,WOMEN,E424873|E465755|E465760|E480054|E483268,크루넥T|AIRism코튼T|미니T|AIRism코튼T(스트라이프)|그래픽T A,유니클로 category/subcategory의 명시적 의류 종류,,"{""category"": ""57995"", ""class"": ""57959"", ""gender"": ""57892"", ""subcategory"": ""58144""}","{""category"": ""t shirts"", ""class"": ""tops"", ""gender"": ""women"", ""subcategory"": ""half sleeve""}"
uniqlo,uniqlo:57892:57959:57995:58145,WOMEN > 티셔츠 & 스웨트셔츠 & 후리스 > 티셔츠 (긴팔 & 반팔) > 슬리브리스,A,일반 상의,COMPARABLE,5,WOMEN,E483479|E484226|E485642|E485647|E488088,소프트립탱크탑|프런트오픈셸탑T(슬리브리스)|소프트립탱크탑(스트라이프)|소프트립탱크탑(링거)|셔링T(슬리브리스),유니클로 category/subcategory의 명시적 의류 종류,,"{""category"": ""57995"", ""class"": ""57959"", ""gender"": ""57892"", ""subcategory"": ""58145""}","{""category"": ""t shirts"", ""class"": ""tops"", ""gender"": ""women"", ""subcategory"": ""sleeveless""}"
uniqlo,uniqlo:57892:57959:57996:117295,WOMEN > 티셔츠 & 스웨트셔츠 & 후리스 > 브라탑 > 디자인,F|A,이너웨어·홈웨어|일반 상의,COMPARABLE,1,WOMEN,E489180,워셔블니트브라탑,유니클로 category/subcategory의 명시적 의류 종류,,"{""category"": ""57996"", ""class"": ""57959"", ""gender"": ""57892"", ""subcategory"": ""117295""}","{""category"": ""bra tops"", ""class"": ""tops"", ""gender"": ""women"", ""subcategory"": ""design""}"
uniqlo,uniqlo:57892:57959:57996:117300,WOMEN > 티셔츠 & 스웨트셔츠 & 후리스 > 브라탑 > 코튼,F|A,이너웨어·홈웨어|일반 상의,COMPARABLE,1,WOMEN,E482204,립브라탑(컬러블록),유니클로 category/subcategory의 명시적 의류 종류,,"{""category"": ""57996"", ""class"": ""57959"", ""gender"": ""57892"", ""subcategory"": ""117300""}","{""category"": ""bra tops"", ""class"": ""tops"", ""gender"": ""women"", ""subcategory"": ""cotton""}"
uniqlo,uniqlo:57892:57959:57997:102685,WOMEN > 티셔츠 & 스웨트셔츠 & 후리스 > 스웨트셔츠 & 후드집업 > GU,A,일반 상의,COMPARABLE,1,WOMEN,E483184,GU퍼프스웨트셔츠,유니클로 category/subcategory의 명시적 의류 종류,,"{""category"": ""57997"", ""class"": ""57959"", ""gender"": ""57892"", ""subcategory"": ""102685""}","{""category"": ""sweatshirts and hoodies"", ""class"": ""tops"", ""gender"": ""women"", ""subcategory"": ""gu""}"
uniqlo,uniqlo:57892:57959:57997:58154,WOMEN > 티셔츠 & 스웨트셔츠 & 후리스 > 스웨트셔츠 & 후드집업 > 스웨트셔츠,A,일반 상의,COMPARABLE,1,WOMEN,E487585,버튼업스웨트풀오버,유니클로 category/subcategory의 명시적 의류 종류,,"{""category"": ""57997"", ""class"": ""57959"", ""gender"": ""57892"", ""subcategory"": ""58154""}","{""category"": ""sweatshirts and hoodies"", ""class"": ""tops"", ""gender"": ""women"", ""subcategory"": ""shirts""}"
uniqlo,uniqlo:57892:57959:58001:117033,WOMEN > 티셔츠 & 스웨트셔츠 & 후리스 > 그래픽티셔츠 > 그 외,A,일반 상의,COMPARABLE,3,MEN|UNISEX,E484777|E489908|E489910,Pokémon UT(그래픽T)A|Pokémon UT(그래픽T)B|Pokémon UT(그래픽T)D,유니클로 category/subcategory의 명시적 의류 종류,,"{""category"": ""58001"", ""class"": ""57959"", ""gender"": ""57892"", ""subcategory"": ""117033""}","{""category"": ""graphic tees ut"", ""class"": ""tops"", ""gender"": ""women"", ""subcategory"": ""others""}"
uniqlo,uniqlo:57892:57959:58001:140591,WOMEN > 티셔츠 & 스웨트셔츠 & 후리스 > 그래픽티셔츠 > Monchhichi,A,일반 상의,COMPARABLE,6,WOMEN,E488572|E488926|E488927|E488928|E489551,Monchhichi UT(그래픽T)A|Monchhichi UT(그래픽T)B|Monchhichi UT(그래픽T)C|Monchhichi UT(그래픽T)D|Monchhichi UT(그래픽T)E,유니클로 category/subcategory의 명시적 의류 종류,,"{""category"": ""58001"", ""class"": ""57959"", ""gender"": ""57892"", ""subcategory"": ""140591""}","{""category"": ""graphic tees ut"", ""class"": ""tops"", ""gender"": ""women"", ""subcategory"": ""monchhichi 26ss""}"
uniqlo,uniqlo:57892:57959:58001:141560,WOMEN > 티셔츠 & 스웨트셔츠 & 후리스 > 그래픽티셔츠 > Disney/PIXAR,A,일반 상의,COMPARABLE,1,WOMEN,E488046,Disney/PIXAR미니UT(그래픽T)D,유니클로 category/subcategory의 명시적 의류 종류,,"{""category"": ""58001"", ""class"": ""57959"", ""gender"": ""57892"", ""subcategory"": ""141560""}","{""category"": ""graphic tees ut"", ""class"": ""tops"", ""gender"": ""women"", ""subcategory"": ""disney pixar 26ss""}"
uniqlo,uniqlo:57892:57959:58001:144517,WOMEN > 티셔츠 & 스웨트셔츠 & 후리스 > 그래픽티셔츠 > Mickey & Friends,A,일반 상의,COMPARABLE,1,WOMEN,E488157,Mickey＆Friends미니UT(그래픽T·긴팔)A,유니클로 category/subcategory의 명시적 의류 종류,,"{""category"": ""58001"", ""class"": ""57959"", ""gender"": ""57892"", ""subcategory"": ""144517""}","{""category"": ""graphic tees ut"", ""class"": ""tops"", ""gender"": ""women"", ""subcategory"": ""mickey and friends 26ss""}"
uniqlo,uniqlo:57892:57959:58001:144587,WOMEN > 티셔츠 & 스웨트셔츠 & 후리스 > 그래픽티셔츠 > ZO&FRIENDS,A,일반 상의,COMPARABLE,4,WOMEN,E483265|E490277|E490278|E490279,ZO&FRIENDS UT(그래픽T)A|ZO&FRIENDS UT(그래픽T)B|ZO&FRIENDS UT(그래픽T)C|ZO&FRIENDS UT(그래픽T)D,유니클로 category/subcategory의 명시적 의류 종류,,"{""category"": ""58001"", ""class"": ""57959"", ""gender"": ""57892"", ""subcategory"": ""144587""}","{""category"": ""graphic tees ut"", ""class"": ""tops"", ""gender"": ""women"", ""subcategory"": ""zoandfriends 26ss""}"
uniqlo,uniqlo:57892:57959:58001:146993,WOMEN > 티셔츠 & 스웨트셔츠 & 후리스 > 그래픽티셔츠 > CHIIKAWA,A,일반 상의,COMPARABLE,7,WOMEN,E483261|E488041|E491209|E491210|E491211,CHIIKAWA UT(그래픽T)A|CHIIKAWA스웨트셔츠A|CHIIKAWA스웨트셔츠B|CHIIKAWA스웨트셔츠C|CHIIKAWA UT(그래픽T)B,유니클로 category/subcategory의 명시적 의류 종류,,"{""category"": ""58001"", ""class"": ""57959"", ""gender"": ""57892"", ""subcategory"": ""146993""}","{""category"": ""graphic tees ut"", ""class"": ""tops"", ""gender"": ""women"", ""subcategory"": ""chiikawa 26ss""}"
uniqlo,uniqlo:57892:57960:58002:124361,WOMEN > 팬츠 > 와이드 팬츠 > GU,C,팬츠·쇼츠·레깅스,COMPARABLE,2,WOMEN,E493594|E493596,GU벌룬팬츠|GU드레이프벌룬팬츠,유니클로 category/subcategory의 명시적 의류 종류,,"{""category"": ""58002"", ""class"": ""57960"", ""gender"": ""57892"", ""subcategory"": ""124361""}","{""category"": ""wide pants"", ""class"": ""bottoms"", ""gender"": ""women"", ""subcategory"": ""gu""}"
uniqlo,uniqlo:57892:57960:58002:58190,WOMEN > 팬츠 > 와이드 팬츠 > 데님,C,팬츠·쇼츠·레깅스,COMPARABLE,2,WOMEN,E482280|E482281,배기배럴레그진(다리길이75cm)|EZY와이드스트레이트진,유니클로 category/subcategory의 명시적 의류 종류,,"{""category"": ""58002"", ""class"": ""57960"", ""gender"": ""57892"", ""subcategory"": ""58190""}","{""category"": ""wide pants"", ""class"": ""bottoms"", ""gender"": ""women"", ""subcategory"": ""denim""}"
uniqlo,uniqlo:57892:57960:58002:58193,WOMEN > 팬츠 > 와이드 팬츠 > 커브ㆍ배럴 레그,C,팬츠·쇼츠·레깅스,COMPARABLE,3,UNISEX|WOMEN,E475344|E477345|E488202,저지배럴레그팬츠(다리길이70~72cm)|저지배럴레그팬츠(다리길이77cm·긴기장)|코듀로이배럴레그팬츠,유니클로 category/subcategory의 명시적 의류 종류,,"{""category"": ""58002"", ""class"": ""57960"", ""gender"": ""57892"", ""subcategory"": ""58193""}","{""category"": ""wide pants"", ""class"": ""bottoms"", ""gender"": ""women"", ""subcategory"": ""curve and barrel""}"
uniqlo,uniqlo:57892:57960:58002:96140,WOMEN > 팬츠 > 와이드 팬츠 > 이지(허리 밴딩),C,팬츠·쇼츠·레깅스,COMPARABLE,3,WOMEN,E473791|E474481|E486982,리넨블렌드이지팬츠|울트라스트레치액티브와이드팬츠(다리길이68.5~71.5cm)|유틸리티볼륨팬츠,유니클로 category/subcategory의 명시적 의류 종류,,"{""category"": ""58002"", ""class"": ""57960"", ""gender"": ""57892"", ""subcategory"": ""96140""}","{""category"": ""wide pants"", ""class"": ""bottoms"", ""gender"": ""women"", ""subcategory"": ""easy""}"
uniqlo,uniqlo:57892:57960:58003:149272,WOMEN > 팬츠 > 진(청바지) > 레귤러,C,팬츠·쇼츠·레깅스,COMPARABLE,2,WOMEN,E476209|E491116,스트레이트진|스트레이트진(데미지),유니클로 category/subcategory의 명시적 의류 종류,,"{""category"": ""58003"", ""class"": ""57960"", ""gender"": ""57892"", ""subcategory"": ""149272""}","{""category"": ""jeans"", ""class"": ""bottoms"", ""gender"": ""women"", ""subcategory"": ""regular""}"
uniqlo,uniqlo:57892:57960:58003:63082,WOMEN > 팬츠 > 진(청바지) > 배기,C,팬츠·쇼츠·레깅스,COMPARABLE,3,UNISEX|WOMEN,E479000|E484807|E488700,배기배럴레그진(다리길이75cm)|배기배럴레그진(다리길이80cm·긴기장)|배기배럴레그진(다리길이80cm·긴기장),유니클로 category/subcategory의 명시적 의류 종류,,"{""category"": ""58003"", ""class"": ""57960"", ""gender"": ""57892"", ""subcategory"": ""63082""}","{""category"": ""jeans"", ""class"": ""bottoms"", ""gender"": ""women"", ""subcategory"": ""baggy""}"
uniqlo,uniqlo:57892:57960:58004:124362,WOMEN > 팬츠 > 캐주얼 팬츠 > GU,C,팬츠·쇼츠·레깅스,COMPARABLE,1,WOMEN,E493595,GU벌룬팬츠(체크),유니클로 category/subcategory의 명시적 의류 종류,,"{""category"": ""58004"", ""class"": ""57960"", ""gender"": ""57892"", ""subcategory"": ""124362""}","{""category"": ""casual pants"", ""class"": ""bottoms"", ""gender"": ""women"", ""subcategory"": ""gu""}"
uniqlo,uniqlo:57892:57960:58004:58204,WOMEN > 팬츠 > 캐주얼 팬츠 > 울트라 스트레치,C,팬츠·쇼츠·레깅스,COMPARABLE,1,WOMEN,E477869,울트라스트레치액티브와이드팬츠(다리길이73.5~76.5cm·긴기장),유니클로 category/subcategory의 명시적 의류 종류,,"{""category"": ""58004"", ""class"": ""57960"", ""gender"": ""57892"", ""subcategory"": ""58204""}","{""category"": ""casual pants"", ""class"": ""bottoms"", ""gender"": ""women"", ""subcategory"": ""ultra stretch""}"
uniqlo,uniqlo:57892:57960:58005:58209,WOMEN > 팬츠 > 스웨트 팬츠 & 조거 팬츠 > 스웨트,C,팬츠·쇼츠·레깅스,COMPARABLE,6,UNISEX|WOMEN,E479620|E481249|E483285|E484854|E491779,스웨트와이드팬츠(다리길이70~73cm)|스웨트와이드팬츠(다리길이75~78cm·긴기장)|스웨트스트레이트팬츠(다리길이69~72cm)|스웨트스트레이트팬츠(다리길이74~77cm·긴기장)|웜보아스웨트팬츠,유니클로 category/subcategory의 명시적 의류 종류,,"{""category"": ""58005"", ""class"": ""57960"", ""gender"": ""57892"", ""subcategory"": ""58209""}","{""category"": ""sweat pants"", ""class"": ""bottoms"", ""gender"": ""women"", ""subcategory"": ""sweat""}"
uniqlo,uniqlo:57892:57960:58005:63086,WOMEN > 팬츠 > 스웨트 팬츠 & 조거 팬츠 > 유니섹스,C,팬츠·쇼츠·레깅스,COMPARABLE,1,MEN|UNISEX,E476225,스웨트와이드쇼트팬츠,유니클로 category/subcategory의 명시적 의류 종류,,"{""category"": ""58005"", ""class"": ""57960"", ""gender"": ""57892"", ""subcategory"": ""63086""}","{""category"": ""sweat pants"", ""class"": ""bottoms"", ""gender"": ""women"", ""subcategory"": ""unisex""}"
uniqlo,uniqlo:57892:57960:58005:98298,WOMEN > 팬츠 > 스웨트 팬츠 & 조거 팬츠 > 보아 스웨트,C,팬츠·쇼츠·레깅스,COMPARABLE,1,WOMEN,E493368,웜보아스웨트와이드팬츠(다리길이69~72cm),유니클로 category/subcategory의 명시적 의류 종류,,"{""category"": ""58005"", ""class"": ""57960"", ""gender"": ""57892"", ""subcategory"": ""98298""}","{""category"": ""sweat pants"", ""class"": ""bottoms"", ""gender"": ""women"", ""subcategory"": ""pile lined weat""}"
uniqlo,uniqlo:57892:57960:58008:58221,WOMEN > 팬츠 > 슬랙스(트라우저) > 스마트 팬츠,C,팬츠·쇼츠·레깅스,COMPARABLE,1,WOMEN,E487957,스마트와이드스트레이트팬츠,유니클로 category/subcategory의 명시적 의류 종류,,"{""category"": ""58008"", ""class"": ""57960"", ""gender"": ""57892"", ""subcategory"": ""58221""}","{""category"": ""trousers"", ""class"": ""bottoms"", ""gender"": ""women"", ""subcategory"": ""smart ankle""}"
uniqlo,uniqlo:57892:57960:58009:58225,WOMEN > 팬츠 > 레깅스 > 울트라 스트레치,C,팬츠·쇼츠·레깅스,COMPARABLE,2,WOMEN,E483546|E484860,울트라스트레치액티브레깅스(다리길이60.5~61cm)|울트라스트레치액티브레깅스(다리길이64~67cm·긴기장),유니클로 category/subcategory의 명시적 의류 종류,,"{""category"": ""58009"", ""class"": ""57960"", ""gender"": ""57892"", ""subcategory"": ""58225""}","{""category"": ""leggings pants"", ""class"": ""bottoms"", ""gender"": ""women"", ""subcategory"": ""ultra stretch""}"
uniqlo,uniqlo:57892:57960:58010:141892,WOMEN > 팬츠 > 쇼트 팬츠(반바지) > 큐롯,C,팬츠·쇼츠·레깅스,COMPARABLE,1,WOMEN,E488203,코듀로이큐롯,유니클로 category/subcategory의 명시적 의류 종류,,"{""category"": ""58010"", ""class"": ""57960"", ""gender"": ""57892"", ""subcategory"": ""141892""}","{""category"": ""short pants"", ""class"": ""bottoms"", ""gender"": ""women"", ""subcategory"": ""culottes""}"
uniqlo,uniqlo:57892:57960:58010:58231,WOMEN > 팬츠 > 쇼트 팬츠(반바지) > 반바지,C,팬츠·쇼츠·레깅스,COMPARABLE,2,WOMEN,E482172|E482646,리넨코튼쇼트팬츠(스트라이프)|코튼이지쇼트팬츠,유니클로 category/subcategory의 명시적 의류 종류,,"{""category"": ""58010"", ""class"": ""57960"", ""gender"": ""57892"", ""subcategory"": ""58231""}","{""category"": ""short pants"", ""class"": ""bottoms"", ""gender"": ""women"", ""subcategory"": ""easy shorts""}"
uniqlo,uniqlo:57892:57960:58010:63087,WOMEN > 팬츠 > 쇼트 팬츠(반바지) > 유니섹스,C,팬츠·쇼츠·레깅스,COMPARABLE,4,MEN|UNISEX,E482937|E487891|E488997|E489125,기어쇼트팬츠|와이드쇼트팬츠|와이드쇼트팬츠(프린트)|턱쇼트팬츠(프린트체크),유니클로 category/subcategory의 명시적 의류 종류,,"{""category"": ""58010"", ""class"": ""57960"", ""gender"": ""57892"", ""subcategory"": ""63087""}","{""category"": ""short pants"", ""class"": ""bottoms"", ""gender"": ""women"", ""subcategory"": ""unisex""}"
uniqlo,uniqlo:57892:57960:58010:84787,WOMEN > 팬츠 > 쇼트 팬츠(반바지) > 리넨,C,팬츠·쇼츠·레깅스,COMPARABLE,1,WOMEN,E473696,리넨코튼쇼트팬츠,유니클로 category/subcategory의 명시적 의류 종류,,"{""category"": ""58010"", ""class"": ""57960"", ""gender"": ""57892"", ""subcategory"": ""84787""}","{""category"": ""short pants"", ""class"": ""bottoms"", ""gender"": ""women"", ""subcategory"": ""linen""}"
uniqlo,uniqlo:57892:57961:58011:124364,WOMEN > 스커트 & 원피스 > 원피스 > GU,E,원피스·점프수트·커버올,COMPARABLE,1,WOMEN,E486699,GU티어드튜닉드레스(반팔),유니클로 category/subcategory의 명시적 의류 종류,,"{""category"": ""58011"", ""class"": ""57961"", ""gender"": ""57892"", ""subcategory"": ""124364""}","{""category"": ""dresses"", ""class"": ""dress and skirts"", ""gender"": ""women"", ""subcategory"": ""gu""}"
uniqlo,uniqlo:57892:57961:58011:58232,WOMEN > 스커트 & 원피스 > 원피스 > AIRism 원피스,E,원피스·점프수트·커버올,COMPARABLE,1,WOMEN,E482982,울트라스트레치AIRism원피스(슬리브리스),유니클로 category/subcategory의 명시적 의류 종류,,"{""category"": ""58011"", ""class"": ""57961"", ""gender"": ""57892"", ""subcategory"": ""58232""}","{""category"": ""dresses"", ""class"": ""dress and skirts"", ""gender"": ""women"", ""subcategory"": ""airism dresses""}"
uniqlo,uniqlo:57892:57961:58011:58241,WOMEN > 스커트 & 원피스 > 원피스 > 긴팔원피스,E,원피스·점프수트·커버올,COMPARABLE,1,WOMEN,E487630,셔츠원피스,유니클로 category/subcategory의 명시적 의류 종류,,"{""category"": ""58011"", ""class"": ""57961"", ""gender"": ""57892"", ""subcategory"": ""58241""}","{""category"": ""dresses"", ""class"": ""dress and skirts"", ""gender"": ""women"", ""subcategory"": ""long sleeve""}"
uniqlo,uniqlo:57892:57961:58011:58242,WOMEN > 스커트 & 원피스 > 원피스 > 반팔원피스,E,원피스·점프수트·커버올,COMPARABLE,4,WOMEN,E483986|E484289|E489216|E489217,AIRism코튼T원피스(반팔)|보타이원피스(반팔)|보타이원피스(반팔)프린트|릴랙스원피스(반팔)프린트,유니클로 category/subcategory의 명시적 의류 종류,,"{""category"": ""58011"", ""class"": ""57961"", ""gender"": ""57892"", ""subcategory"": ""58242""}","{""category"": ""dresses"", ""class"": ""dress and skirts"", ""gender"": ""women"", ""subcategory"": ""short sleeve""}"
uniqlo,uniqlo:57892:57961:58011:58243,WOMEN > 스커트 & 원피스 > 원피스 > 슬리브리스 원피스,E,원피스·점프수트·커버올,COMPARABLE,4,WOMEN,E482983|E487278|E487286|E488722,콤비네이션원피스(슬리브리스)|캐미솔원피스|콤비네이션티어드원피스(슬리브리스)|워셔블립니트원피스(슬리브리스),유니클로 category/subcategory의 명시적 의류 종류,,"{""category"": ""58011"", ""class"": ""57961"", ""gender"": ""57892"", ""subcategory"": ""58243""}","{""category"": ""dresses"", ""class"": ""dress and skirts"", ""gender"": ""women"", ""subcategory"": ""sleeveless""}"
uniqlo,uniqlo:57892:57961:58012:122475,WOMEN > 스커트 & 원피스 > 스커트 > 미니,D,스커트,COMPARABLE,1,WOMEN,E488204,코듀로이미니스커트,유니클로 category/subcategory의 명시적 의류 종류,,"{""category"": ""58012"", ""class"": ""57961"", ""gender"": ""57892"", ""subcategory"": ""122475""}","{""category"": ""skirts"", ""class"": ""dress and skirts"", ""gender"": ""women"", ""subcategory"": ""mini""}"
uniqlo,uniqlo:57892:57961:58012:58245,WOMEN > 스커트 & 원피스 > 스커트 > 롱 (맥시),D,스커트,COMPARABLE,2,WOMEN,E487995|E488934,나일론개더스커트|플레어롱스커트(프린트),유니클로 category/subcategory의 명시적 의류 종류,,"{""category"": ""58012"", ""class"": ""57961"", ""gender"": ""57892"", ""subcategory"": ""58245""}","{""category"": ""skirts"", ""class"": ""dress and skirts"", ""gender"": ""women"", ""subcategory"": ""long""}"
uniqlo,uniqlo:57892:57961:58012:58246,WOMEN > 스커트 & 원피스 > 스커트 > 플리츠,D,스커트,COMPARABLE,2,WOMEN,E482658|E488364,와이드플리츠미디스커트(치마길이69~73cm)|와이드플리츠미디스커트(치마길이67~71cm·짧은기장),유니클로 category/subcategory의 명시적 의류 종류,,"{""category"": ""58012"", ""class"": ""57961"", ""gender"": ""57892"", ""subcategory"": ""58246""}","{""category"": ""skirts"", ""class"": ""dress and skirts"", ""gender"": ""women"", ""subcategory"": ""pleated skirts""}"
uniqlo,uniqlo:57892:57961:58012:58247,WOMEN > 스커트 & 원피스 > 스커트 > 플레어,D,스커트,COMPARABLE,3,WOMEN,E482286|E484705|E488089,티어드맥시스커트(치마길이87~91cm)|티어드맥시스커트(스트라이프·치마길이87~91cm)|셔링스커트,유니클로 category/subcategory의 명시적 의류 종류,,"{""category"": ""58012"", ""class"": ""57961"", ""gender"": ""57892"", ""subcategory"": ""58247""}","{""category"": ""skirts"", ""class"": ""dress and skirts"", ""gender"": ""women"", ""subcategory"": ""flare skirts""}"
uniqlo,uniqlo:57892:57961:58012:96141,WOMEN > 스커트 & 원피스 > 스커트 > 스코츠,C|D,팬츠·쇼츠·레깅스|스커트,COMPARABLE,2,WOMEN,E488008|E488816,플리츠스코츠|플리츠스코츠(스트라이프),유니클로 category/subcategory의 명시적 의류 종류,,"{""category"": ""58012"", ""class"": ""57961"", ""gender"": ""57892"", ""subcategory"": ""96141""}","{""category"": ""skirts"", ""class"": ""dress and skirts"", ""gender"": ""women"", ""subcategory"": ""skort""}"
uniqlo,uniqlo:57892:57961:58012:96142,WOMEN > 스커트 & 원피스 > 스커트 > 미디,D,스커트,COMPARABLE,2,WOMEN,E487751|E487996,벌룬개더미디스커트|시폰플리츠미디스커트,유니클로 category/subcategory의 명시적 의류 종류,,"{""category"": ""58012"", ""class"": ""57961"", ""gender"": ""57892"", ""subcategory"": ""96142""}","{""category"": ""skirts"", ""class"": ""dress and skirts"", ""gender"": ""women"", ""subcategory"": ""midi""}"
uniqlo,uniqlo:57892:57962:58013:105468,WOMEN > 스포츠 유틸리티 웨어 > 아우터 > 풀집 후디,B|A,아우터|일반 상의,COMPARABLE,1,WOMEN,E483281,울트라스트레치AIRism UV PROTECTION풀집후디,유니클로 category/subcategory의 명시적 의류 종류,,"{""category"": ""58013"", ""class"": ""57962"", ""gender"": ""57892"", ""subcategory"": ""105468""}","{""category"": ""outerwear"", ""class"": ""sport utility wear"", ""gender"": ""women"", ""subcategory"": ""hoodies""}"
uniqlo,uniqlo:57892:57962:58013:98328,WOMEN > 스포츠 유틸리티 웨어 > 아우터 > 포켓터블,B,아우터,COMPARABLE,1,WOMEN,E487394,포켓터블UV PROTECTION파카,유니클로 category/subcategory의 명시적 의류 종류,,"{""category"": ""58013"", ""class"": ""57962"", ""gender"": ""57892"", ""subcategory"": ""98328""}","{""category"": ""outerwear"", ""class"": ""sport utility wear"", ""gender"": ""women"", ""subcategory"": ""pocketable""}"
uniqlo,uniqlo:57892:57962:58016:58266,WOMEN > 스포츠 유틸리티 웨어 > 이너웨어 > 브라탑,F|A,이너웨어·홈웨어|일반 상의,COMPARABLE,1,WOMEN,E465707,AIRism브라캐미솔,유니클로 category/subcategory의 명시적 의류 종류,,"{""category"": ""58016"", ""class"": ""57962"", ""gender"": ""57892"", ""subcategory"": ""58266""}","{""category"": ""innerwear"", ""class"": ""sport utility wear"", ""gender"": ""women"", ""subcategory"": ""bratop""}"
uniqlo,uniqlo:57892:57963:141497:141498,WOMEN > 이너웨어 > 코튼 이너탑 > 캐미솔,F|A,이너웨어·홈웨어|일반 상의,COMPARABLE,5,WOMEN,E485709|E485710|E485711|E487121|E489044,소프트모달캐미솔(스트라이프)|소프트모달캐미솔(플라워)|소프트모달캐미솔(하트)|포인텔캐미솔|립레이스V넥캐미솔,유니클로 category/subcategory의 명시적 의류 종류,,"{""category"": ""141497"", ""class"": ""57963"", ""gender"": ""57892"", ""subcategory"": ""141498""}","{""category"": ""undershirts"", ""class"": ""innerwear"", ""gender"": ""women"", ""subcategory"": ""camisole""}"
uniqlo,uniqlo:57892:57963:141497:141499,WOMEN > 이너웨어 > 코튼 이너탑 > 탱크탑,F|A,이너웨어·홈웨어|일반 상의,COMPARABLE,6,WOMEN,E484228|E485610|E487118|E487119|E487120,포인텔탱크탑(프린트)|소프트모달탱크탑(레이스포인텔)|립탱크탑(플라워)|크롭스퀘어넥탱크탑|헨리넥탱크탑,유니클로 category/subcategory의 명시적 의류 종류,,"{""category"": ""141497"", ""class"": ""57963"", ""gender"": ""57892"", ""subcategory"": ""141499""}","{""category"": ""undershirts"", ""class"": ""innerwear"", ""gender"": ""women"", ""subcategory"": ""tanktop""}"
uniqlo,uniqlo:57892:57963:58018:58274,WOMEN > 이너웨어 > 에어리즘 > 탱크탑,F|A,이너웨어·홈웨어|일반 상의,COMPARABLE,1,WOMEN,E457912,AIRism탱크탑,유니클로 category/subcategory의 명시적 의류 종류,,"{""category"": ""58018"", ""class"": ""57963"", ""gender"": ""57892"", ""subcategory"": ""58274""}","{""category"": ""airism"", ""class"": ""innerwear"", ""gender"": ""women"", ""subcategory"": ""tank top""}"
uniqlo,uniqlo:57892:57963:58018:58275,WOMEN > 이너웨어 > 에어리즘 > 캐미솔,F|A,이너웨어·홈웨어|일반 상의,COMPARABLE,1,WOMEN,E482148,AIRism캐미솔,유니클로 category/subcategory의 명시적 의류 종류,,"{""category"": ""58018"", ""class"": ""57963"", ""gender"": ""57892"", ""subcategory"": ""58275""}","{""category"": ""airism"", ""class"": ""innerwear"", ""gender"": ""women"", ""subcategory"": ""camisole""}"
uniqlo,uniqlo:57892:57963:58018:58276,WOMEN > 이너웨어 > 에어리즘 > 반팔,F,이너웨어·홈웨어,COMPARABLE,1,WOMEN,E457913,AIRismU넥T,유니클로 category/subcategory의 명시적 의류 종류,,"{""category"": ""58018"", ""class"": ""57963"", ""gender"": ""57892"", ""subcategory"": ""58276""}","{""category"": ""airism"", ""class"": ""innerwear"", ""gender"": ""women"", ""subcategory"": ""short sleeve""}"
uniqlo,uniqlo:57892:57963:58018:58278,WOMEN > 이너웨어 > 에어리즘 > 속바지,C|F,팬츠·쇼츠·레깅스|이너웨어·홈웨어,COMPARABLE,1,WOMEN,E482154,AIRism속바지,유니클로 category/subcategory의 명시적 의류 종류,,"{""category"": ""58018"", ""class"": ""57963"", ""gender"": ""57892"", ""subcategory"": ""58278""}","{""category"": ""airism"", ""class"": ""innerwear"", ""gender"": ""women"", ""subcategory"": ""petticoat""}"
uniqlo,uniqlo:57892:57963:58018:58280,WOMEN > 이너웨어 > 에어리즘 > 브라탑,F|A,이너웨어·홈웨어|일반 상의,COMPARABLE,1,WOMEN,E482184,AIRism브라캐미솔,유니클로 category/subcategory의 명시적 의류 종류,,"{""category"": ""58018"", ""class"": ""57963"", ""gender"": ""57892"", ""subcategory"": ""58280""}","{""category"": ""airism"", ""class"": ""innerwear"", ""gender"": ""women"", ""subcategory"": ""bra top""}"
uniqlo,uniqlo:57892:57963:58018:58281,WOMEN > 이너웨어 > 에어리즘 > 브라,F,이너웨어·홈웨어,COMPARABLE,1,WOMEN,E464334,AIRism와이어리스브라(울트라릴랙스),유니클로 category/subcategory의 명시적 의류 종류,,"{""category"": ""58018"", ""class"": ""57963"", ""gender"": ""57892"", ""subcategory"": ""58281""}","{""category"": ""airism"", ""class"": ""innerwear"", ""gender"": ""women"", ""subcategory"": ""bra""}"
uniqlo,uniqlo:57892:57963:58018:58285,WOMEN > 이너웨어 > 에어리즘 > 바디쉐이퍼,F,이너웨어·홈웨어,COMPARABLE,1,WOMEN,E481036,AIRism쉐이퍼쇼츠(서포트),유니클로 category/subcategory의 명시적 의류 종류,,"{""category"": ""58018"", ""class"": ""57963"", ""gender"": ""57892"", ""subcategory"": ""58285""}","{""category"": ""airism"", ""class"": ""innerwear"", ""gender"": ""women"", ""subcategory"": ""body shaper shorts""}"
uniqlo,uniqlo:57892:57963:58019:98311,WOMEN > 이너웨어 > 히트텍 > 히트텍,F,이너웨어·홈웨어,COMPARABLE,3,WOMEN,E469740|E469742|E487124,히트텍U넥T(8부)|히트텍크루넥T(긴팔)|히트텍니트타이즈,유니클로 category/subcategory의 명시적 의류 종류,,"{""category"": ""58019"", ""class"": ""57963"", ""gender"": ""57892"", ""subcategory"": ""98311""}","{""category"": ""heattech"", ""class"": ""innerwear"", ""gender"": ""women"", ""subcategory"": ""heattech""}"
uniqlo,uniqlo:57892:57963:58019:98312,WOMEN > 이너웨어 > 히트텍 > 히트텍 캐시미어 블렌드,F,이너웨어·홈웨어,COMPARABLE,4,WOMEN,E469765|E471601|E480342|E487201,히트텍캐시미어블렌드크루넥T(긴팔)엑스트라웜|히트텍캐시미어블렌드터틀넥T(긴팔)엑스트라웜|히트텍캐시미어블렌드U넥T(긴팔)엑스트라웜|히트텍캐시미어블렌드레깅스(10부)엑스트라웜,유니클로 category/subcategory의 명시적 의류 종류,,"{""category"": ""58019"", ""class"": ""57963"", ""gender"": ""57892"", ""subcategory"": ""98312""}","{""category"": ""heattech"", ""class"": ""innerwear"", ""gender"": ""women"", ""subcategory"": ""cashmere blend""}"
uniqlo,uniqlo:57892:57963:58019:98314,WOMEN > 이너웨어 > 히트텍 > 히트텍 울트라 웜,F,이너웨어·홈웨어,COMPARABLE,2,WOMEN,E478965|E480966,히트텍울트라웜크루넥T(긴팔)|히트텍울트라웜레깅스(10부),유니클로 category/subcategory의 명시적 의류 종류,,"{""category"": ""58019"", ""class"": ""57963"", ""gender"": ""57892"", ""subcategory"": ""98314""}","{""category"": ""heattech"", ""class"": ""innerwear"", ""gender"": ""women"", ""subcategory"": ""ultra warm""}"
uniqlo,uniqlo:57892:57963:58020:112674,WOMEN > 이너웨어 > 와이어리스 브라 > 액티브,F,이너웨어·홈웨어,COMPARABLE,1,WOMEN,E487016,와이어리스브라(액티브),유니클로 category/subcategory의 명시적 의류 종류,,"{""category"": ""58020"", ""class"": ""57963"", ""gender"": ""57892"", ""subcategory"": ""112674""}","{""category"": ""bras"", ""class"": ""innerwear"", ""gender"": ""women"", ""subcategory"": ""active""}"
uniqlo,uniqlo:57892:57963:58020:58301,WOMEN > 이너웨어 > 와이어리스 브라 > 3D 홀드,F,이너웨어·홈웨어,COMPARABLE,1,WOMEN,E482659,와이어리스브라(3D홀드),유니클로 category/subcategory의 명시적 의류 종류,,"{""category"": ""58020"", ""class"": ""57963"", ""gender"": ""57892"", ""subcategory"": ""58301""}","{""category"": ""bras"", ""class"": ""innerwear"", ""gender"": ""women"", ""subcategory"": ""3dhold""}"
uniqlo,uniqlo:57892:57963:58020:62585,WOMEN > 이너웨어 > 와이어리스 브라 > 코튼,F,이너웨어·홈웨어,COMPARABLE,2,WOMEN,E488145|E489045,코튼와이어리스브라(라인)|코튼와이어리스브라(트라이앵글),유니클로 category/subcategory의 명시적 의류 종류,,"{""category"": ""58020"", ""class"": ""57963"", ""gender"": ""57892"", ""subcategory"": ""62585""}","{""category"": ""bras"", ""class"": ""innerwear"", ""gender"": ""women"", ""subcategory"": ""cotton""}"
uniqlo,uniqlo:57892:57963:58021:58304,WOMEN > 이너웨어 > 브라탑 > 에어리즘,F|A,이너웨어·홈웨어|일반 상의,COMPARABLE,2,WOMEN,E473979|E482189,AIRism브라탱크탑|AIRism코튼브라탱크탑,유니클로 category/subcategory의 명시적 의류 종류,,"{""category"": ""58021"", ""class"": ""57963"", ""gender"": ""57892"", ""subcategory"": ""58304""}","{""category"": ""bra tops"", ""class"": ""innerwear"", ""gender"": ""women"", ""subcategory"": ""airism""}"
uniqlo,uniqlo:57892:57963:58021:58306,WOMEN > 이너웨어 > 브라탑 > 코튼,F|A,이너웨어·홈웨어|일반 상의,COMPARABLE,6,WOMEN,E482194|E482198|E482201|E482329|E484830,립브라탑|립브라탑(링거)|립크롭브라탑(링거)|레이서백브라탑|레이서백브라탑(스트라이프),유니클로 category/subcategory의 명시적 의류 종류,,"{""category"": ""58021"", ""class"": ""57963"", ""gender"": ""57892"", ""subcategory"": ""58306""}","{""category"": ""bra tops"", ""class"": ""innerwear"", ""gender"": ""women"", ""subcategory"": ""cotton""}"
uniqlo,uniqlo:57892:57963:58022:58312,WOMEN > 이너웨어 > 언더웨어 > 심리스,F,이너웨어·홈웨어,COMPARABLE,2,WOMEN,E473944|E473945,AIRism심리스쇼츠(힙허거)|AIRism심리스쇼츠(저스트웨이스트),유니클로 category/subcategory의 명시적 의류 종류,,"{""category"": ""58022"", ""class"": ""57963"", ""gender"": ""57892"", ""subcategory"": ""58312""}","{""category"": ""underwear"", ""class"": ""innerwear"", ""gender"": ""women"", ""subcategory"": ""seamless shorts""}"
uniqlo,uniqlo:57892:57963:58022:58313,WOMEN > 이너웨어 > 언더웨어 > 코튼 저지,F,이너웨어·홈웨어,COMPARABLE,13,WOMEN,E487024|E487026|E487028|E487030|E487036,코튼저지쇼츠(저스트웨이스트)|코튼저지쇼츠(저스트웨이스트)레이스|코튼저지쇼츠(저스트웨이스트)플라워A|코튼저지쇼츠(저스트웨이스트)플라워B|코튼저지쇼츠(저스트웨이스트)플라워E,유니클로 category/subcategory의 명시적 의류 종류,,"{""category"": ""58022"", ""class"": ""57963"", ""gender"": ""57892"", ""subcategory"": ""58313""}","{""category"": ""underwear"", ""class"": ""innerwear"", ""gender"": ""women"", ""subcategory"": ""cotton""}"
uniqlo,uniqlo:57892:57963:58022:58316,WOMEN > 이너웨어 > 언더웨어 > 미들 웨이스트,F,이너웨어·홈웨어,COMPARABLE,5,WOMEN,E487038|E487040|E487044|E487046|E487048,코튼저지쇼츠(미들웨이스트)|코튼저지쇼츠(미들웨이스트)레이스|코튼저지쇼츠(미들웨이스트)플라워A|코튼저지쇼츠(미들웨이스트)도트|코튼저지쇼츠(미들웨이스트)플라워B,유니클로 category/subcategory의 명시적 의류 종류,,"{""category"": ""58022"", ""class"": ""57963"", ""gender"": ""57892"", ""subcategory"": ""58316""}","{""category"": ""underwear"", ""class"": ""innerwear"", ""gender"": ""women"", ""subcategory"": ""regular""}"
uniqlo,uniqlo:57892:57963:58022:58319,WOMEN > 이너웨어 > 언더웨어 > 바디 쉐이퍼,F,이너웨어·홈웨어,COMPARABLE,1,WOMEN,E484940,AIRism쉐이퍼쇼츠(스무드),유니클로 category/subcategory의 명시적 의류 종류,,"{""category"": ""58022"", ""class"": ""57963"", ""gender"": ""57892"", ""subcategory"": ""58319""}","{""category"": ""underwear"", ""class"": ""innerwear"", ""gender"": ""women"", ""subcategory"": ""body shaper shorts""}"
uniqlo,uniqlo:57892:57963:58023:58322,WOMEN > 이너웨어 > 레깅스 & 타이즈 > 히트텍,X,비교 제외,EXCLUDED,3,WOMEN,E487125|E487127|E487128,히트텍니트립타이즈|히트텍타이즈|히트텍엑스트라웜보아타이즈,유니클로 category가 명시적인 비의류/액세서리,,"{""category"": ""58023"", ""class"": ""57963"", ""gender"": ""57892"", ""subcategory"": ""58322""}","{""category"": ""leggings and tights"", ""class"": ""innerwear"", ""gender"": ""women"", ""subcategory"": ""heattech""}"
uniqlo,uniqlo:57892:57963:58023:98308,WOMEN > 이너웨어 > 레깅스 & 타이즈 > 레깅스,X,비교 제외,EXCLUDED,1,WOMEN,E469836,히트텍레깅스,유니클로 category가 명시적인 비의류/액세서리,,"{""category"": ""58023"", ""class"": ""57963"", ""gender"": ""57892"", ""subcategory"": ""98308""}","{""category"": ""leggings and tights"", ""class"": ""innerwear"", ""gender"": ""women"", ""subcategory"": ""leggings""}"
uniqlo,uniqlo:57892:57963:58024:58325,WOMEN > 이너웨어 > 양말 > 쇼트 삭스,X,비교 제외,EXCLUDED,2,WOMEN,E464384|E482732,쇼트삭스3P(스포츠)|쇼트삭스3P(파일라인),유니클로 category가 명시적인 비의류/액세서리,,"{""category"": ""58024"", ""class"": ""57963"", ""gender"": ""57892"", ""subcategory"": ""58325""}","{""category"": ""socks"", ""class"": ""innerwear"", ""gender"": ""women"", ""subcategory"": ""short""}"
uniqlo,uniqlo:57892:57963:58024:58326,WOMEN > 이너웨어 > 양말 > 베리 쇼트 삭스,X,비교 제외,EXCLUDED,2,WOMEN,E464390|E464392,베리쇼트삭스3P(메쉬)|베리쇼트삭스3P(스포츠파일),유니클로 category가 명시적인 비의류/액세서리,,"{""category"": ""58024"", ""class"": ""57963"", ""gender"": ""57892"", ""subcategory"": ""58326""}","{""category"": ""socks"", ""class"": ""innerwear"", ""gender"": ""women"", ""subcategory"": ""very short""}"
uniqlo,uniqlo:57892:57963:58024:58330,WOMEN > 이너웨어 > 양말 > 그 외,X,비교 제외,EXCLUDED,1,WOMEN,E477074,슬라우치삭스3P,유니클로 category가 명시적인 비의류/액세서리,,"{""category"": ""58024"", ""class"": ""57963"", ""gender"": ""57892"", ""subcategory"": ""58330""}","{""category"": ""socks"", ""class"": ""innerwear"", ""gender"": ""women"", ""subcategory"": ""others""}"
uniqlo,uniqlo:57892:57964:58025:141118,WOMEN > 파자마 & 홈웨어 > 파자마 & 홈웨어 상의 > GU,F|A,이너웨어·홈웨어|일반 상의,COMPARABLE,1,WOMEN,E486718,GU코튼컬러라운지세트,유니클로 category/subcategory의 명시적 의류 종류,,"{""category"": ""58025"", ""class"": ""57964"", ""gender"": ""57892"", ""subcategory"": ""141118""}","{""category"": ""loungewear and pajamas"", ""class"": ""loungewear and homeware"", ""gender"": ""women"", ""subcategory"": ""gu""}"
uniqlo,uniqlo:57892:57964:58025:58332,WOMEN > 파자마 & 홈웨어 > 파자마 & 홈웨어 상의 > 긴팔 파자마,F|A,이너웨어·홈웨어|일반 상의,COMPARABLE,3,WOMEN,E488172|E488173|E488174,새틴파자마(프린트)|코튼파자마(깅엄체크)|코튼파자마(플라워),유니클로 category/subcategory의 명시적 의류 종류,,"{""category"": ""58025"", ""class"": ""57964"", ""gender"": ""57892"", ""subcategory"": ""58332""}","{""category"": ""loungewear and pajamas"", ""class"": ""loungewear and homeware"", ""gender"": ""women"", ""subcategory"": ""pajamas""}"
uniqlo,uniqlo:57892:57964:58025:58334,WOMEN > 파자마 & 홈웨어 > 파자마 & 홈웨어 상의 > 그 외,F|A,이너웨어·홈웨어|일반 상의,COMPARABLE,2,MEN|UNISEX|WOMEN,E461767|E488014,룸슈즈|립V넥가디건,유니클로 category/subcategory의 명시적 의류 종류,,"{""category"": ""58025"", ""class"": ""57964"", ""gender"": ""57892"", ""subcategory"": ""58334""}","{""category"": ""loungewear and pajamas"", ""class"": ""loungewear and homeware"", ""gender"": ""women"", ""subcategory"": ""others""}"
uniqlo,uniqlo:57892:57964:58025:74427,WOMEN > 파자마 & 홈웨어 > 파자마 & 홈웨어 상의 > 반팔 파자마,F|A,이너웨어·홈웨어|일반 상의,COMPARABLE,1,WOMEN,E482652,AIRism코튼파자마,유니클로 category/subcategory의 명시적 의류 종류,,"{""category"": ""58025"", ""class"": ""57964"", ""gender"": ""57892"", ""subcategory"": ""74427""}","{""category"": ""loungewear and pajamas"", ""class"": ""loungewear and homeware"", ""gender"": ""women"", ""subcategory"": ""short sleeve""}"
uniqlo,uniqlo:57892:57964:58026:112811,WOMEN > 파자마 & 홈웨어 > 라운지 팬츠 > 리넨 블렌드,C|F,팬츠·쇼츠·레깅스|이너웨어·홈웨어,COMPARABLE,1,WOMEN,E483903,리넨블렌드이지팬츠(스트라이프),유니클로 category/subcategory의 명시적 의류 종류,,"{""category"": ""58026"", ""class"": ""57964"", ""gender"": ""57892"", ""subcategory"": ""112811""}","{""category"": ""lounge pants"", ""class"": ""loungewear and homeware"", ""gender"": ""women"", ""subcategory"": ""linen blend""}"
uniqlo,uniqlo:57892:57964:58026:58335,WOMEN > 파자마 & 홈웨어 > 라운지 팬츠 > 이지 팬츠,C|F,팬츠·쇼츠·레깅스|이너웨어·홈웨어,COMPARABLE,4,WOMEN,E486317|E487589|E488167|E488168,립와이드이지팬츠|코튼볼륨이지팬츠|립와이드이지팬츠(스트라이프)|립와이드이지팬츠(플라워),유니클로 category/subcategory의 명시적 의류 종류,,"{""category"": ""58026"", ""class"": ""57964"", ""gender"": ""57892"", ""subcategory"": ""58335""}","{""category"": ""lounge pants"", ""class"": ""loungewear and homeware"", ""gender"": ""women"", ""subcategory"": ""long""}"
uniqlo,uniqlo:57892:57964:58026:58336,WOMEN > 파자마 & 홈웨어 > 라운지 팬츠 > 쇼트 팬츠,C|F,팬츠·쇼츠·레깅스|이너웨어·홈웨어,COMPARABLE,5,WOMEN,E483912|E483913|E488357|E488358|E489049,코튼이지쇼트팬츠(데님)|코튼이지쇼트팬츠(스트라이프)|코튼복서이지쇼트팬츠(프린트)|코튼복서이지쇼트팬츠(체크)|코튼복서이지쇼트팬츠(깅엄),유니클로 category/subcategory의 명시적 의류 종류,,"{""category"": ""58026"", ""class"": ""57964"", ""gender"": ""57892"", ""subcategory"": ""58336""}","{""category"": ""lounge pants"", ""class"": ""loungewear and homeware"", ""gender"": ""women"", ""subcategory"": ""short pants""}"
uniqlo,uniqlo:57892:57964:58026:94358,WOMEN > 파자마 & 홈웨어 > 라운지 팬츠 > 워셔블 니트 립 팬츠,C|F,팬츠·쇼츠·레깅스|이너웨어·홈웨어,COMPARABLE,1,WOMEN,E486095,워셔블니트팬츠(스무드),유니클로 category/subcategory의 명시적 의류 종류,,"{""category"": ""58026"", ""class"": ""57964"", ""gender"": ""57892"", ""subcategory"": ""94358""}","{""category"": ""lounge pants"", ""class"": ""loungewear and homeware"", ""gender"": ""women"", ""subcategory"": ""washable knit""}"
uniqlo,uniqlo:57892:57964:58026:94359,WOMEN > 파자마 & 홈웨어 > 라운지 팬츠 > 앵클 팬츠,C|F,팬츠·쇼츠·레깅스|이너웨어·홈웨어,COMPARABLE,2,WOMEN,E482243|E483896,코튼릴랙스앵클팬츠|코튼릴랙스앵클팬츠(데님),유니클로 category/subcategory의 명시적 의류 종류,,"{""category"": ""58026"", ""class"": ""57964"", ""gender"": ""57892"", ""subcategory"": ""94359""}","{""category"": ""lounge pants"", ""class"": ""loungewear and homeware"", ""gender"": ""women"", ""subcategory"": ""ankle""}"
uniqlo,uniqlo:57892:57965:124369:124421,WOMEN > 액세서리 > 장갑 > 캐시미어,X,비교 제외,EXCLUDED,1,UNISEX|WOMEN,E486764,캐시미어니트글러브,유니클로 category가 명시적인 비의류/액세서리,,"{""category"": ""124369"", ""class"": ""57965"", ""gender"": ""57892"", ""subcategory"": ""124421""}","{""category"": ""gloves"", ""class"": ""accessories"", ""gender"": ""women"", ""subcategory"": ""cashmere""}"
uniqlo,uniqlo:57892:57965:58029:62598,WOMEN > 액세서리 > 모자 > 비니,X,비교 제외,EXCLUDED,1,UNISEX|WOMEN,E486755,캐시미어니트비니,유니클로 category가 명시적인 비의류/액세서리,,"{""category"": ""58029"", ""class"": ""57965"", ""gender"": ""57892"", ""subcategory"": ""62598""}","{""category"": ""hats and caps"", ""class"": ""accessories"", ""gender"": ""women"", ""subcategory"": ""beanie""}"
uniqlo,uniqlo:57892:57965:58030:58353,WOMEN > 액세서리 > 스카프 & 목도리 > 스카프,X,비교 제외,EXCLUDED,1,UNISEX|WOMEN,E486760,캐시미어스카프,유니클로 category가 명시적인 비의류/액세서리,,"{""category"": ""58030"", ""class"": ""57965"", ""gender"": ""57892"", ""subcategory"": ""58353""}","{""category"": ""scarves and stoles"", ""class"": ""accessories"", ""gender"": ""women"", ""subcategory"": ""scarves""}"
uniqlo,uniqlo:57892:57965:58034:58367,WOMEN > 액세서리 > 우산 > 우산,X,비교 제외,EXCLUDED,1,MEN|UNISEX,E482268,UV PROTECTION컴팩트엄브렐라(열차단),유니클로 category가 명시적인 비의류/액세서리,,"{""category"": ""58034"", ""class"": ""57965"", ""gender"": ""57892"", ""subcategory"": ""58367""}","{""category"": ""accessories"", ""class"": ""accessories"", ""gender"": ""women"", ""subcategory"": ""umbrella""}"
uniqlo,uniqlo:57892:81619:82082:82480,WOMEN > 에어리즘 > 언더웨어 > 바디 쉐이퍼,F,이너웨어·홈웨어,COMPARABLE,1,WOMEN,E480785,AIRism쉐이퍼쇼츠(스무드),유니클로 category/subcategory의 명시적 의류 종류,,"{""category"": ""82082"", ""class"": ""81619"", ""gender"": ""57892"", ""subcategory"": ""82480""}","{""category"": ""underwear"", ""class"": ""airism"", ""gender"": ""women"", ""subcategory"": ""body shaper shorts""}"
uniqlo,uniqlo:57892:81619:82085:82136,WOMEN > 에어리즘 > 팬츠 > 조거,C|F,팬츠·쇼츠·레깅스|이너웨어·홈웨어,COMPARABLE,2,WOMEN,E455942|E458462,울트라스트레치액티브조거팬츠(다리길이66~68cm)|울트라스트레치액티브조거팬츠(다리길이71~73cm·긴기장),유니클로 category/subcategory의 명시적 의류 종류,,"{""category"": ""82085"", ""class"": ""81619"", ""gender"": ""57892"", ""subcategory"": ""82136""}","{""category"": ""bottoms"", ""class"": ""airism"", ""gender"": ""women"", ""subcategory"": ""jogger""}"
uniqlo,uniqlo:57892:95353:128380:128382,WOMEN > 니트 & 가디건 > 가디건 > 메리노,B|A,아우터|일반 상의,COMPARABLE,1,WOMEN,E469411,메리노크루넥가디건,유니클로 category/subcategory의 명시적 의류 종류,,"{""category"": ""128380"", ""class"": ""95353"", ""gender"": ""57892"", ""subcategory"": ""128382""}","{""category"": ""cardigan"", ""class"": ""sweaters and knitwear"", ""gender"": ""women"", ""subcategory"": ""extra fine merino""}"
uniqlo,uniqlo:57892:95353:128380:128384,WOMEN > 니트 & 가디건 > 가디건 > 캐시미어,B|A,아우터|일반 상의,COMPARABLE,1,WOMEN,E485329,캐시미어크루넥가디건,유니클로 category/subcategory의 명시적 의류 종류,,"{""category"": ""128380"", ""class"": ""95353"", ""gender"": ""57892"", ""subcategory"": ""128384""}","{""category"": ""cardigan"", ""class"": ""sweaters and knitwear"", ""gender"": ""women"", ""subcategory"": ""cashmere""}"
uniqlo,uniqlo:57892:95353:128380:128388,WOMEN > 니트 & 가디건 > 가디건 > 그 외,B|A,아우터|일반 상의,COMPARABLE,5,WOMEN,E484939|E485340|E485717|E487001|E491991,포인텔가디건|수플레얀릴랙스가디건|포인텔가디건(프린트)|라운드넥가디건(반팔)|케이블크루넥가디건,유니클로 category/subcategory의 명시적 의류 종류,,"{""category"": ""128380"", ""class"": ""95353"", ""gender"": ""57892"", ""subcategory"": ""128388""}","{""category"": ""cardigan"", ""class"": ""sweaters and knitwear"", ""gender"": ""women"", ""subcategory"": ""others""}"
uniqlo,uniqlo:57892:95353:128380:135281,WOMEN > 니트 & 가디건 > 가디건 > UV Protection,B|A,아우터|일반 상의,COMPARABLE,1,WOMEN,E465484,UV PROTECTION크루넥가디건(긴팔),유니클로 category/subcategory의 명시적 의류 종류,,"{""category"": ""128380"", ""class"": ""95353"", ""gender"": ""57892"", ""subcategory"": ""135281""}","{""category"": ""cardigan"", ""class"": ""sweaters and knitwear"", ""gender"": ""women"", ""subcategory"": ""uv protection""}"
uniqlo,uniqlo:57892:95353:128380:135282,WOMEN > 니트 & 가디건 > 가디건 > 스무드 코튼,B|A,아우터|일반 상의,COMPARABLE,3,WOMEN,E487005|E491115|E491602,스무드코튼풀집가디건|포인텔가디건(긴팔)|포인텔가디건(긴팔)하트,유니클로 category/subcategory의 명시적 의류 종류,,"{""category"": ""128380"", ""class"": ""95353"", ""gender"": ""57892"", ""subcategory"": ""135282""}","{""category"": ""cardigan"", ""class"": ""sweaters and knitwear"", ""gender"": ""women"", ""subcategory"": ""smooth cotton""}"
uniqlo,uniqlo:57892:95353:128380:136609,WOMEN > 니트 & 가디건 > 가디건 > 브이넥,B|A,아우터|일반 상의,COMPARABLE,3,WOMEN,E484938|E489398|E489399,라이트V넥가디건|립V넥가디건(스트라이프)|립V넥가디건(플라워),유니클로 category/subcategory의 명시적 의류 종류,,"{""category"": ""128380"", ""class"": ""95353"", ""gender"": ""57892"", ""subcategory"": ""136609""}","{""category"": ""cardigan"", ""class"": ""sweaters and knitwear"", ""gender"": ""women"", ""subcategory"": ""v neck""}"
uniqlo,uniqlo:57892:95353:95361:116336,WOMEN > 니트 & 가디건 > 니트 > 폴로 니트,A,일반 상의,COMPARABLE,2,WOMEN,E484607|E485224,폴로스웨터(반팔)|폴로스웨터(반팔)컬러블록,유니클로 category/subcategory의 명시적 의류 종류,,"{""category"": ""95361"", ""class"": ""95353"", ""gender"": ""57892"", ""subcategory"": ""116336""}","{""category"": ""sweaters and knitwear"", ""class"": ""sweaters and knitwear"", ""gender"": ""women"", ""subcategory"": ""polo shirts""}"
uniqlo,uniqlo:57892:95353:95361:95364,WOMEN > 니트 & 가디건 > 니트 > 반팔 니트,A,일반 상의,COMPARABLE,4,WOMEN,E469409|E485306|E485307|E488333,메리노크루넥스웨터(반팔)|메리노크루넥스웨터(반팔)|메리노블렌드폴로가디건(반팔)|메리노블렌드폴로가디건(반팔)아가일,유니클로 category/subcategory의 명시적 의류 종류,,"{""category"": ""95361"", ""class"": ""95353"", ""gender"": ""57892"", ""subcategory"": ""95364""}","{""category"": ""sweaters and knitwear"", ""class"": ""sweaters and knitwear"", ""gender"": ""women"", ""subcategory"": ""short half sleeve""}"
uniqlo,uniqlo:57892:95353:95361:95365,WOMEN > 니트 & 가디건 > 니트 > 긴팔 니트,A,일반 상의,COMPARABLE,6,UNISEX|WOMEN,E469410|E475053|E481731|E485310|E488210,메리노크루넥스웨터|스무드코튼크루넥스웨터|밀라노립풀집가디건|수플레얀크루넥스웨터|메리노블렌드헨리넥스웨터,유니클로 category/subcategory의 명시적 의류 종류,,"{""category"": ""95361"", ""class"": ""95353"", ""gender"": ""57892"", ""subcategory"": ""95365""}","{""category"": ""sweaters and knitwear"", ""class"": ""sweaters and knitwear"", ""gender"": ""women"", ""subcategory"": ""long sleeve""}"
uniqlo,uniqlo:57892:95353:95361:95369,WOMEN > 니트 & 가디건 > 니트 > 램스울,A,일반 상의,COMPARABLE,1,WOMEN,E488209,램스울크루넥스웨터,유니클로 category/subcategory의 명시적 의류 종류,,"{""category"": ""95361"", ""class"": ""95353"", ""gender"": ""57892"", ""subcategory"": ""95369""}","{""category"": ""sweaters and knitwear"", ""class"": ""sweaters and knitwear"", ""gender"": ""women"", ""subcategory"": ""lambswool""}"
uniqlo,uniqlo:57892:95353:95361:95370,WOMEN > 니트 & 가디건 > 니트 > 3D 니트,A,일반 상의,COMPARABLE,1,WOMEN,E485321,3D니트메리노블렌드립폴로스웨터,유니클로 category/subcategory의 명시적 의류 종류,,"{""category"": ""95361"", ""class"": ""95353"", ""gender"": ""57892"", ""subcategory"": ""95370""}","{""category"": ""sweaters and knitwear"", ""class"": ""sweaters and knitwear"", ""gender"": ""women"", ""subcategory"": ""3d knit""}"
uniqlo,uniqlo:57892:95353:95361:95373,WOMEN > 니트 & 가디건 > 니트 > 워셔블,A,일반 상의,COMPARABLE,1,WOMEN,E486320,워셔블니트V넥스웨터(스무드),유니클로 category/subcategory의 명시적 의류 종류,,"{""category"": ""95361"", ""class"": ""95353"", ""gender"": ""57892"", ""subcategory"": ""95373""}","{""category"": ""sweaters and knitwear"", ""class"": ""sweaters and knitwear"", ""gender"": ""women"", ""subcategory"": ""washable""}"
uniqlo,uniqlo:57892:95353:95361:95375,WOMEN > 니트 & 가디건 > 니트 > 가디건,A,일반 상의,COMPARABLE,1,WOMEN,E476975,UV PROTECTION크루넥가디건(스트라이프),유니클로 category/subcategory의 명시적 의류 종류,,"{""category"": ""95361"", ""class"": ""95353"", ""gender"": ""57892"", ""subcategory"": ""95375""}","{""category"": ""sweaters and knitwear"", ""class"": ""sweaters and knitwear"", ""gender"": ""women"", ""subcategory"": ""knit cardigans""}"
uniqlo,uniqlo:57892:95353:95361:95376,WOMEN > 니트 & 가디건 > 니트 > 크루넥 니트,A,일반 상의,COMPARABLE,1,WOMEN,E465734,캐시미어크루넥스웨터,유니클로 category/subcategory의 명시적 의류 종류,,"{""category"": ""95361"", ""class"": ""95353"", ""gender"": ""57892"", ""subcategory"": ""95376""}","{""category"": ""sweaters and knitwear"", ""class"": ""sweaters and knitwear"", ""gender"": ""women"", ""subcategory"": ""crew neck""}"
uniqlo,uniqlo:57892:95353:95361:95378,WOMEN > 니트 & 가디건 > 니트 > 터틀넥,A,일반 상의,COMPARABLE,1,WOMEN,E465735,캐시미어터틀넥스웨터,유니클로 category/subcategory의 명시적 의류 종류,,"{""category"": ""95361"", ""class"": ""95353"", ""gender"": ""57892"", ""subcategory"": ""95378""}","{""category"": ""sweaters and knitwear"", ""class"": ""sweaters and knitwear"", ""gender"": ""women"", ""subcategory"": ""turtle neck""}"
uniqlo,uniqlo:57892:95353:95361:95379,WOMEN > 니트 & 가디건 > 니트 > 유니섹스,A,일반 상의,COMPARABLE,1,MEN|UNISEX,E450540,메리노V넥가디건,유니클로 category/subcategory의 명시적 의류 종류,,"{""category"": ""95361"", ""class"": ""95353"", ""gender"": ""57892"", ""subcategory"": ""95379""}","{""category"": ""sweaters and knitwear"", ""class"": ""sweaters and knitwear"", ""gender"": ""women"", ""subcategory"": ""unisex""}"
uniqlo,uniqlo:57892:95354:95362:102589,WOMEN > 셔츠 & 블라우스 > 셔츠 & 블라우스 > UNIQLO and JW ANDERSON,A,일반 상의,COMPARABLE,2,WOMEN,E484928|E485265,옥스포드박시셔츠|옥스포드박시셔츠(스트라이프),유니클로 category/subcategory의 명시적 의류 종류,,"{""category"": ""95362"", ""class"": ""95354"", ""gender"": ""57892"", ""subcategory"": ""102589""}","{""category"": ""shirts and blouses"", ""class"": ""shirts and blouses"", ""gender"": ""women"", ""subcategory"": ""uniqlo and jw anderson""}"
uniqlo,uniqlo:57892:95354:95362:95381,WOMEN > 셔츠 & 블라우스 > 셔츠 & 블라우스 > 긴팔,A,일반 상의,COMPARABLE,18,UNISEX|WOMEN,E487526|E488206|E488520|E488522|E488559,레이온블라우스(스트라이프)|데님블라우스|옥스포드박시셔츠|옥스포드박시셔츠(스트라이프)A|플란넬박시셔츠,유니클로 category/subcategory의 명시적 의류 종류,,"{""category"": ""95362"", ""class"": ""95354"", ""gender"": ""57892"", ""subcategory"": ""95381""}","{""category"": ""shirts and blouses"", ""class"": ""shirts and blouses"", ""gender"": ""women"", ""subcategory"": ""long sleeve""}"
uniqlo,uniqlo:57892:95354:95362:95382,WOMEN > 셔츠 & 블라우스 > 셔츠 & 블라우스 > 7부,A,일반 상의,COMPARABLE,1,WOMEN,E479073,레이온스키퍼칼라블라우스(7부),유니클로 category/subcategory의 명시적 의류 종류,,"{""category"": ""95362"", ""class"": ""95354"", ""gender"": ""57892"", ""subcategory"": ""95382""}","{""category"": ""shirts and blouses"", ""class"": ""shirts and blouses"", ""gender"": ""women"", ""subcategory"": ""three quarter sleeve""}"
uniqlo,uniqlo:57892:95354:95362:95383,WOMEN > 셔츠 & 블라우스 > 셔츠 & 블라우스 > 반팔,A,일반 상의,COMPARABLE,4,WOMEN,E483875|E483881|E484849|E488448,레이온블라우스(반팔)|코튼도비V넥블라우스(반팔)|옥스포드박시셔츠(반팔)|나일론박시쇼트셔츠(5부),유니클로 category/subcategory의 명시적 의류 종류,,"{""category"": ""95362"", ""class"": ""95354"", ""gender"": ""57892"", ""subcategory"": ""95383""}","{""category"": ""shirts and blouses"", ""class"": ""shirts and blouses"", ""gender"": ""women"", ""subcategory"": ""short sleeve""}"
uniqlo,uniqlo:57892:95354:95362:95384,WOMEN > 셔츠 & 블라우스 > 셔츠 & 블라우스 > 슬리브리스,A,일반 상의,COMPARABLE,2,WOMEN,E485584|E487989,라이트코튼핀턱블라우스(슬리브리스)|엠브로이더리블라우스(슬리브리스),유니클로 category/subcategory의 명시적 의류 종류,,"{""category"": ""95362"", ""class"": ""95354"", ""gender"": ""57892"", ""subcategory"": ""95384""}","{""category"": ""shirts and blouses"", ""class"": ""shirts and blouses"", ""gender"": ""women"", ""subcategory"": ""sleeveles""}"
uniqlo,uniqlo:57892:95354:95362:95385,WOMEN > 셔츠 & 블라우스 > 셔츠 & 블라우스 > 레이온,A,일반 상의,COMPARABLE,6,WOMEN,E479071|E482825|E484240|E487528|E489229,레이온블라우스|레이온스키퍼칼라블라우스(7부)스트라이프|레이온블라우스(반팔)도트|레이온스키퍼칼라블라우스(7부)스트라이프|레이온블라우스(반팔),유니클로 category/subcategory의 명시적 의류 종류,,"{""category"": ""95362"", ""class"": ""95354"", ""gender"": ""57892"", ""subcategory"": ""95385""}","{""category"": ""shirts and blouses"", ""class"": ""shirts and blouses"", ""gender"": ""women"", ""subcategory"": ""rayon""}"
uniqlo,uniqlo:57892:95354:95362:95386,WOMEN > 셔츠 & 블라우스 > 셔츠 & 블라우스 > 리넨,A,일반 상의,COMPARABLE,6,WOMEN,E475647|E475649|E483869|E483872|E483890,프리미엄리넨셔츠|프리미엄리넨스키퍼칼라셔츠(7부)|프리미엄리넨셔츠(스트라이프)A|프리미엄리넨스키퍼칼라셔츠(7부)|리넨블렌드블라우스(슬리브리스),유니클로 category/subcategory의 명시적 의류 종류,,"{""category"": ""95362"", ""class"": ""95354"", ""gender"": ""57892"", ""subcategory"": ""95386""}","{""category"": ""shirts and blouses"", ""class"": ""shirts and blouses"", ""gender"": ""women"", ""subcategory"": ""linen""}"
uniqlo,uniqlo:57892:95354:95362:95388,WOMEN > 셔츠 & 블라우스 > 셔츠 & 블라우스 > 코튼,A,일반 상의,COMPARABLE,2,WOMEN,E483880|E492900,코튼오버사이즈셔츠|코튼핏셔츠,유니클로 category/subcategory의 명시적 의류 종류,,"{""category"": ""95362"", ""class"": ""95354"", ""gender"": ""57892"", ""subcategory"": ""95388""}","{""category"": ""shirts and blouses"", ""class"": ""shirts and blouses"", ""gender"": ""women"", ""subcategory"": ""cotton""}"
uniqlo,uniqlo:57892:95354:95362:95399,WOMEN > 셔츠 & 블라우스 > 셔츠 & 블라우스 > GU,A,일반 상의,COMPARABLE,3,WOMEN,E486696|E486697|E486701,GU캐미솔튜닉|GU옥스포드쇼트셔츠|GU테크쇼트셔츠(반팔),유니클로 category/subcategory의 명시적 의류 종류,,"{""category"": ""95362"", ""class"": ""95354"", ""gender"": ""57892"", ""subcategory"": ""95399""}","{""category"": ""shirts and blouses"", ""class"": ""shirts and blouses"", ""gender"": ""women"", ""subcategory"": ""gu""}"
uniqlo,uniqlo:57893:107543:107550:107607,MEN > Special Collaborations > Uniqlo U > Bottoms,C,팬츠·쇼츠·레깅스,COMPARABLE,1,MEN|UNISEX,E482965,턱와이드쇼트팬츠,유니클로 category/subcategory의 명시적 의류 종류,,"{""category"": ""107550"", ""class"": ""107543"", ""gender"": ""57893"", ""subcategory"": ""107607""}","{""category"": ""uniqlo u"", ""class"": ""special collaboration"", ""gender"": ""men"", ""subcategory"": ""bottoms""}"
uniqlo,uniqlo:57893:107543:107552:107621,MEN > Special Collaborations > UNIQLO and JW ANDERSON > Cut & Sewn,A,일반 상의,COMPARABLE,1,MEN|UNISEX,E485454,바이컬러T,유니클로 category/subcategory의 명시적 의류 종류,,"{""category"": ""107552"", ""class"": ""107543"", ""gender"": ""57893"", ""subcategory"": ""107621""}","{""category"": ""uniqlo and jw anderson"", ""class"": ""special collaboration"", ""gender"": ""men"", ""subcategory"": ""t-shirts""}"
uniqlo,uniqlo:57893:107543:140769:140770,MEN > Special Collaborations > The Roger Federer Collection > DRY-EX Polo Shirts,A,일반 상의,COMPARABLE,2,MEN|UNISEX,E482306|E485782,DRY-EX하프집폴로셔츠|DRY-EX폴로셔츠,유니클로 category/subcategory의 명시적 의류 종류,,"{""category"": ""140769"", ""class"": ""107543"", ""gender"": ""57893"", ""subcategory"": ""140770""}","{""category"": ""the roger federer collection"", ""class"": ""special collaboration"", ""gender"": ""men"", ""subcategory"": ""polo""}"
uniqlo,uniqlo:57893:107543:140769:140773,MEN > Special Collaborations > The Roger Federer Collection > Dry Stretch Sweats,R,혼합·검토,REVIEW,1,MEN,E484398,드라이스트레치스웨트재킷,유니클로 collection/category leaf만으로 비교 축을 확정할 수 없음,,"{""category"": ""140769"", ""class"": ""107543"", ""gender"": ""57893"", ""subcategory"": ""140773""}","{""category"": ""the roger federer collection"", ""class"": ""special collaboration"", ""gender"": ""men"", ""subcategory"": ""sweats""}"
uniqlo,uniqlo:57893:124425:124431:124445,MEN > GU > 상의 > 티셔츠,A,일반 상의,COMPARABLE,2,MEN|NO_GENDER|UNISEX,E486739|E486743,GU스웨트룩T|GU헤비웨이트크루넥T(긴팔),유니클로 category/subcategory의 명시적 의류 종류,,"{""category"": ""124431"", ""class"": ""124425"", ""gender"": ""57893"", ""subcategory"": ""124445""}","{""category"": ""tops"", ""class"": ""gu"", ""gender"": ""men"", ""subcategory"": ""t-shirts""}"
uniqlo,uniqlo:57893:124425:124432:124449,MEN > GU > 팬츠 > 진,C,팬츠·쇼츠·레깅스,COMPARABLE,1,MEN,E486722,GU배럴레그진,유니클로 category/subcategory의 명시적 의류 종류,,"{""category"": ""124432"", ""class"": ""124425"", ""gender"": ""57893"", ""subcategory"": ""124449""}","{""category"": ""bottoms"", ""class"": ""gu"", ""gender"": ""men"", ""subcategory"": ""jeans""}"
uniqlo,uniqlo:57893:124425:124432:124450,MEN > GU > 팬츠 > 팬츠,C,팬츠·쇼츠·레깅스,COMPARABLE,3,MEN,E478702|E486723|E486726,GU조츠|GU조츠|GU카고배기쇼트팬츠,유니클로 category/subcategory의 명시적 의류 종류,,"{""category"": ""124432"", ""class"": ""124425"", ""gender"": ""57893"", ""subcategory"": ""124450""}","{""category"": ""bottoms"", ""class"": ""gu"", ""gender"": ""men"", ""subcategory"": ""pants""}"
uniqlo,uniqlo:57893:57966:58035:136617,MEN > 아우터 > 파카 & 블루종 > GU,B,아우터,COMPARABLE,1,MEN,E493797,GU페이크레더커버올재킷,유니클로 category/subcategory의 명시적 의류 종류,,"{""category"": ""58035"", ""class"": ""57966"", ""gender"": ""57893"", ""subcategory"": ""136617""}","{""category"": ""parkas and blousons"", ""class"": ""outerwear"", ""gender"": ""men"", ""subcategory"": ""gu""}"
uniqlo,uniqlo:57893:57966:58035:58371,MEN > 아우터 > 파카 & 블루종 > 블루종,B,아우터,COMPARABLE,3,MEN|UNISEX,E484249|E486167|E491096,집업블루종|윈드블럭스탠드블루종|집업블루종,유니클로 category/subcategory의 명시적 의류 종류,,"{""category"": ""58035"", ""class"": ""57966"", ""gender"": ""57893"", ""subcategory"": ""58371""}","{""category"": ""parkas and blousons"", ""class"": ""outerwear"", ""gender"": ""men"", ""subcategory"": ""blouson""}"
uniqlo,uniqlo:57893:57966:58035:58374,MEN > 아우터 > 파카 & 블루종 > 코치재킷,B,아우터,COMPARABLE,1,MEN,E487689,패디드쇼트블루종,유니클로 category/subcategory의 명시적 의류 종류,,"{""category"": ""58035"", ""class"": ""57966"", ""gender"": ""57893"", ""subcategory"": ""58374""}","{""category"": ""parkas and blousons"", ""class"": ""outerwear"", ""gender"": ""men"", ""subcategory"": ""others""}"
uniqlo,uniqlo:57893:57966:58035:94361,MEN > 아우터 > 파카 & 블루종 > 포켓터블,B,아우터,COMPARABLE,1,MEN,E469292,포켓터블UV PROTECTION파카,유니클로 category/subcategory의 명시적 의류 종류,,"{""category"": ""58035"", ""class"": ""57966"", ""gender"": ""57893"", ""subcategory"": ""94361""}","{""category"": ""parkas and blousons"", ""class"": ""outerwear"", ""gender"": ""men"", ""subcategory"": ""pocketable""}"
uniqlo,uniqlo:57893:57966:58035:98331,MEN > 아우터 > 파카 & 블루종 > 재킷,B,아우터,COMPARABLE,5,MEN|UNISEX,E484610|E487688|E488726|E488828|E488829,해링턴재킷|커버롤|데님트러커재킷|커버롤(데님)|커버롤(데님),유니클로 category/subcategory의 명시적 의류 종류,,"{""category"": ""58035"", ""class"": ""57966"", ""gender"": ""57893"", ""subcategory"": ""98331""}","{""category"": ""parkas and blousons"", ""class"": ""outerwear"", ""gender"": ""men"", ""subcategory"": ""jacket""}"
uniqlo,uniqlo:57893:57966:58035:98333,MEN > 아우터 > 파카 & 블루종 > 후리스,B,아우터,COMPARABLE,2,MEN|UNISEX,E450195|E469956,후리스풀집재킷|후리스풀집재킷(컬러블록),유니클로 category/subcategory의 명시적 의류 종류,,"{""category"": ""58035"", ""class"": ""57966"", ""gender"": ""57893"", ""subcategory"": ""98333""}","{""category"": ""parkas and blousons"", ""class"": ""outerwear"", ""gender"": ""men"", ""subcategory"": ""fleece""}"
uniqlo,uniqlo:57893:57966:58036:116908,MEN > 아우터 > 감탄 재킷 > 감탄 재킷 (CUSTOM ORDER),B,아우터,COMPARABLE,7,MEN,E448039|E448040|E448041|E448042|E448043,감탄재킷(CUSTOM ORDER·사이즈S)|감탄재킷(CUSTOM ORDER·사이즈M)|감탄재킷(CUSTOM ORDER·사이즈L)|감탄재킷(CUSTOM ORDER·사이즈XL)|감탄재킷(CUSTOM ORDER·사이즈XXL),유니클로 category/subcategory의 명시적 의류 종류,,"{""category"": ""58036"", ""class"": ""57966"", ""gender"": ""57893"", ""subcategory"": ""116908""}","{""category"": ""gamtan jackets"", ""class"": ""outerwear"", ""gender"": ""men"", ""subcategory"": ""uniqlo custom order""}"
uniqlo,uniqlo:57893:57966:58036:58375,MEN > 아우터 > 감탄 재킷 > 감탄 재킷,B,아우터,COMPARABLE,2,MEN,E448034|E468671,감탄재킷|감탄재킷(패턴),유니클로 category/subcategory의 명시적 의류 종류,,"{""category"": ""58036"", ""class"": ""57966"", ""gender"": ""57893"", ""subcategory"": ""58375""}","{""category"": ""gamtan jackets"", ""class"": ""outerwear"", ""gender"": ""men"", ""subcategory"": ""wool""}"
uniqlo,uniqlo:57893:57966:58036:58376,MEN > 아우터 > 감탄 재킷 > 감탄 재킷 (라이트),B,아우터,COMPARABLE,1,MEN,E444557,감탄재킷(라이트),유니클로 category/subcategory의 명시적 의류 종류,,"{""category"": ""58036"", ""class"": ""57966"", ""gender"": ""57893"", ""subcategory"": ""58376""}","{""category"": ""gamtan jackets"", ""class"": ""outerwear"", ""gender"": ""men"", ""subcategory"": ""cotton""}"
uniqlo,uniqlo:57893:57966:58037:62622,MEN > 아우터 > 재킷 & 블레이저 > UNIQLO and JW ANDERSON,B,아우터,COMPARABLE,1,MEN|UNISEX,E477704,감탄블레이저,유니클로 category/subcategory의 명시적 의류 종류,,"{""category"": ""58037"", ""class"": ""57966"", ""gender"": ""57893"", ""subcategory"": ""62622""}","{""category"": ""jackets"", ""class"": ""outerwear"", ""gender"": ""men"", ""subcategory"": ""uniqlo and jw anderson""}"
uniqlo,uniqlo:57893:57966:58038:58386,MEN > 아우터 > 경량 패딩 (PUFFTECH) > 퍼프테크,B,아우터,COMPARABLE,5,MEN,E470061|E470118|E479755|E486171|E486819,PUFFTECH컴팩트베스트|PUFFTECH파카|PUFFTECH재킷|PUFFTECH재킷|PUFFTECH컴팩트재킷,유니클로 category/subcategory의 명시적 의류 종류,,"{""category"": ""58038"", ""class"": ""57966"", ""gender"": ""57893"", ""subcategory"": ""58386""}","{""category"": ""pufftech and ultra light down"", ""class"": ""outerwear"", ""gender"": ""men"", ""subcategory"": ""pufftech""}"
uniqlo,uniqlo:57893:57966:58038:58388,MEN > 아우터 > 경량 패딩 (PUFFTECH) > 베스트,B,아우터,COMPARABLE,1,MEN,E487348,PUFFTECH베스트,유니클로 category/subcategory의 명시적 의류 종류,,"{""category"": ""58038"", ""class"": ""57966"", ""gender"": ""57893"", ""subcategory"": ""58388""}","{""category"": ""pufftech and ultra light down"", ""class"": ""outerwear"", ""gender"": ""men"", ""subcategory"": ""vest""}"
uniqlo,uniqlo:57893:57966:58038:58389,MEN > 아우터 > 경량 패딩 (PUFFTECH) > 그 외,B,아우터,COMPARABLE,2,MEN,E489110|E491988,PUFFTECH파카|수납파우치(PUFFTECH),유니클로 category/subcategory의 명시적 의류 종류,,"{""category"": ""58038"", ""class"": ""57966"", ""gender"": ""57893"", ""subcategory"": ""58389""}","{""category"": ""pufftech and ultra light down"", ""class"": ""outerwear"", ""gender"": ""men"", ""subcategory"": ""others""}"
uniqlo,uniqlo:57893:57966:98234:98344,MEN > 아우터 > 다운 & 패딩 > 심리스,B,아우터,COMPARABLE,1,MEN,E486176,심리스다운파카,유니클로 category/subcategory의 명시적 의류 종류,,"{""category"": ""98234"", ""class"": ""57966"", ""gender"": ""57893"", ""subcategory"": ""98344""}","{""category"": ""down"", ""class"": ""outerwear"", ""gender"": ""men"", ""subcategory"": ""seamless""}"
uniqlo,uniqlo:57893:57967:58039:58390,MEN > 티셔츠 & 스웨트셔츠 & 후리스 > 티셔츠 (긴팔 & 반팔) > 에어리즘 코튼,F|A,이너웨어·홈웨어|일반 상의,COMPARABLE,5,MEN|UNISEX,E457517|E465185|E465193|E484508|E486103,AIRism코튼슬리브리스T|AIRism코튼오버사이즈크루넥T(5부)|AIRism코튼크루넥T(긴팔)|AIRism코튼오버사이즈스트라이프T|AIRism코튼스트라이프T(긴팔),유니클로 category/subcategory의 명시적 의류 종류,,"{""category"": ""58039"", ""class"": ""57967"", ""gender"": ""57893"", ""subcategory"": ""58390""}","{""category"": ""t shirts"", ""class"": ""tops"", ""gender"": ""men"", ""subcategory"": ""arism cotton""}"
uniqlo,uniqlo:57893:57967:58039:58393,MEN > 티셔츠 & 스웨트셔츠 & 후리스 > 티셔츠 (긴팔 & 반팔) > DRY-EX,A,일반 상의,COMPARABLE,2,MEN,E482299|E483970,DRY-EX T|DRY-EX T(프린트),유니클로 category/subcategory의 명시적 의류 종류,,"{""category"": ""58039"", ""class"": ""57967"", ""gender"": ""57893"", ""subcategory"": ""58393""}","{""category"": ""t shirts"", ""class"": ""tops"", ""gender"": ""men"", ""subcategory"": ""dry ex""}"
uniqlo,uniqlo:57893:57967:58039:58394,MEN > 티셔츠 & 스웨트셔츠 & 후리스 > 티셔츠 (긴팔 & 반팔) > 긴팔,A,일반 상의,COMPARABLE,4,MEN,E450179|E482766|E484080|E486129,소프트브러시드크루넥T(긴팔)|와플헨리넥T(긴팔)|워시코튼크루넥T(긴팔)|소프트브러시드터틀넥T(긴팔),유니클로 category/subcategory의 명시적 의류 종류,,"{""category"": ""58039"", ""class"": ""57967"", ""gender"": ""57893"", ""subcategory"": ""58394""}","{""category"": ""t shirts"", ""class"": ""tops"", ""gender"": ""men"", ""subcategory"": ""long sleeve""}"
uniqlo,uniqlo:57893:57967:58039:58395,MEN > 티셔츠 & 스웨트셔츠 & 후리스 > 티셔츠 (긴팔 & 반팔) > 반팔,A,일반 상의,COMPARABLE,7,MEN|UNISEX,E422992|E455365|E465187|E475376|E487898,크루넥T|SUPIMA COTTON T|드라이컬러크루넥T|드라이V넥T|SUPIMA COTTON오버사이즈T,유니클로 category/subcategory의 명시적 의류 종류,,"{""category"": ""58039"", ""class"": ""57967"", ""gender"": ""57893"", ""subcategory"": ""58395""}","{""category"": ""t shirts"", ""class"": ""tops"", ""gender"": ""men"", ""subcategory"": ""short sleeve""}"
uniqlo,uniqlo:57893:57967:58039:58397,MEN > 티셔츠 & 스웨트셔츠 & 후리스 > 티셔츠 (긴팔 & 반팔) > 슬리브리스,A,일반 상의,COMPARABLE,1,MEN,E465189,드라이립탱크탑,유니클로 category/subcategory의 명시적 의류 종류,,"{""category"": ""58039"", ""class"": ""57967"", ""gender"": ""57893"", ""subcategory"": ""58397""}","{""category"": ""t shirts"", ""class"": ""tops"", ""gender"": ""men"", ""subcategory"": ""tank top""}"
uniqlo,uniqlo:57893:57967:58039:58400,MEN > 티셔츠 & 스웨트셔츠 & 후리스 > 티셔츠 (긴팔 & 반팔) > 그 외,A,일반 상의,COMPARABLE,1,MEN,E476528,UNIQLO로고크루넥T,유니클로 category/subcategory의 명시적 의류 종류,,"{""category"": ""58039"", ""class"": ""57967"", ""gender"": ""57893"", ""subcategory"": ""58400""}","{""category"": ""t shirts"", ""class"": ""tops"", ""gender"": ""men"", ""subcategory"": ""others""}"
uniqlo,uniqlo:57893:57967:58039:98354,MEN > 티셔츠 & 스웨트셔츠 & 후리스 > 티셔츠 (긴팔 & 반팔) > DRY,A,일반 상의,COMPARABLE,1,MEN,E483924,드라이와플헨리넥T,유니클로 category/subcategory의 명시적 의류 종류,,"{""category"": ""58039"", ""class"": ""57967"", ""gender"": ""57893"", ""subcategory"": ""98354""}","{""category"": ""t shirts"", ""class"": ""tops"", ""gender"": ""men"", ""subcategory"": ""dry""}"
uniqlo,uniqlo:57893:57967:58040:102253,MEN > 티셔츠 & 스웨트셔츠 & 후리스 > 스웨트셔츠 & 후드집업 > 후드,A,일반 상의,COMPARABLE,3,MEN|UNISEX,E471808|E485735|E486119,스웨트오버사이즈풀파카|스웨트오버사이즈풀집파카|스웨트풀집파카,유니클로 category/subcategory의 명시적 의류 종류,,"{""category"": ""58040"", ""class"": ""57967"", ""gender"": ""57893"", ""subcategory"": ""102253""}","{""category"": ""sweatshirts and hoodies"", ""class"": ""tops"", ""gender"": ""men"", ""subcategory"": ""hoodies""}"
uniqlo,uniqlo:57893:57967:58040:58401,MEN > 티셔츠 & 스웨트셔츠 & 후리스 > 스웨트셔츠 & 후드집업 > 스웨트셔츠,A,일반 상의,COMPARABLE,5,MEN|UNISEX,E475800|E480346|E481040|E486117|E493507,UNIQLO로고스웨트셔츠|STUDIO GHIBLI스웨트셔츠A|오버사이즈스웨트셔츠|스웨트셔츠|KAWS UNIVERSE스웨트셔츠C,유니클로 category/subcategory의 명시적 의류 종류,,"{""category"": ""58040"", ""class"": ""57967"", ""gender"": ""57893"", ""subcategory"": ""58401""}","{""category"": ""sweatshirts and hoodies"", ""class"": ""tops"", ""gender"": ""men"", ""subcategory"": ""sweatshirts""}"
uniqlo,uniqlo:57893:57967:58040:58407,MEN > 티셔츠 & 스웨트셔츠 & 후리스 > 스웨트셔츠 & 후드집업 > (X)그래픽 스웨트,A,일반 상의,COMPARABLE,4,MEN|UNISEX,E486295|E489074|E489075|E489076,PEANUTS스웨트셔츠A|PEANUTS스웨트셔츠B|PEANUTS스웨트셔츠C|PEANUTS스웨트셔츠D,유니클로 category/subcategory의 명시적 의류 종류,,"{""category"": ""58040"", ""class"": ""57967"", ""gender"": ""57893"", ""subcategory"": ""58407""}","{""category"": ""sweatshirts and hoodies"", ""class"": ""tops"", ""gender"": ""men"", ""subcategory"": ""graphic sweatshirts and hoodie""}"
uniqlo,uniqlo:57893:57967:58045:126401,MEN > 티셔츠 & 스웨트셔츠 & 후리스 > 그래픽티셔츠 > PEANUTS,A,일반 상의,COMPARABLE,5,MEN|UNISEX,E485035|E485036|E485053|E485058|E489072,PEANUTS UT(그래픽T)D|PEANUTS UT(그래픽T)2A|PEANUTS UT(그래픽T)CN|PEANUTS UT(그래픽T)A 링거|PEANUTS UT(그래픽T)B 링거,유니클로 category/subcategory의 명시적 의류 종류,,"{""category"": ""58045"", ""class"": ""57967"", ""gender"": ""57893"", ""subcategory"": ""126401""}","{""category"": ""graphic tees ut"", ""class"": ""tops"", ""gender"": ""men"", ""subcategory"": ""peanuts 26ss""}"
uniqlo,uniqlo:57893:57967:58045:127491,MEN > 티셔츠 & 스웨트셔츠 & 후리스 > 그래픽티셔츠 > NY POP ART,A,일반 상의,COMPARABLE,4,MEN,E485067|E493044|E493045|E493046,NY POP ART UT(그래픽T)Keith Haring|NY POP ART UT(그래픽T)Basquiat|NY POP ART UT(그래픽T)Andy Warhol|NY POP ART UT(그래픽T)Keith Haring,유니클로 category/subcategory의 명시적 의류 종류,,"{""category"": ""58045"", ""class"": ""57967"", ""gender"": ""57893"", ""subcategory"": ""127491""}","{""category"": ""graphic tees ut"", ""class"": ""tops"", ""gender"": ""men"", ""subcategory"": ""ny pop art 26ss""}"
uniqlo,uniqlo:57893:57967:58045:143662,MEN > 티셔츠 & 스웨트셔츠 & 후리스 > 그래픽티셔츠 > PIXAR ANIMATION STUDIOS,A,일반 상의,COMPARABLE,4,MEN,E485308|E489155|E489156|E489157,PIXAR UT(그래픽T)A|PIXAR UT(그래픽T)B|PIXAR UT(그래픽T)C|PIXAR UT(그래픽T)D,유니클로 category/subcategory의 명시적 의류 종류,,"{""category"": ""58045"", ""class"": ""57967"", ""gender"": ""57893"", ""subcategory"": ""143662""}","{""category"": ""graphic tees ut"", ""class"": ""tops"", ""gender"": ""men"", ""subcategory"": ""pixar animation studios 26ss""}"
uniqlo,uniqlo:57893:57967:58045:143924,MEN > 티셔츠 & 스웨트셔츠 & 후리스 > 그래픽티셔츠 > Andy Warhol Transformation,A,일반 상의,COMPARABLE,1,MEN,E489160,Andy Warhol UT(그래픽T)D,유니클로 category/subcategory의 명시적 의류 종류,,"{""category"": ""58045"", ""class"": ""57967"", ""gender"": ""57893"", ""subcategory"": ""143924""}","{""category"": ""graphic tees ut"", ""class"": ""tops"", ""gender"": ""men"", ""subcategory"": ""andy warhol transformation 26ss""}"
uniqlo,uniqlo:57893:57967:58045:144221,MEN > 티셔츠 & 스웨트셔츠 & 후리스 > 그래픽티셔츠 > ONE PIECE,A,일반 상의,COMPARABLE,4,MEN,E482770|E488246|E488247|E488248,ONE PIECE UT(그래픽T)A|ONE PIECE UT(그래픽T)B|ONE PIECE UT(그래픽T)C|ONE PIECE UT(그래픽T)D,유니클로 category/subcategory의 명시적 의류 종류,,"{""category"": ""58045"", ""class"": ""57967"", ""gender"": ""57893"", ""subcategory"": ""144221""}","{""category"": ""graphic tees ut"", ""class"": ""tops"", ""gender"": ""men"", ""subcategory"": ""one piece 26ss""}"
uniqlo,uniqlo:57893:57967:58045:145016,MEN > 티셔츠 & 스웨트셔츠 & 후리스 > 그래픽티셔츠 > YOASOBI,A,일반 상의,COMPARABLE,4,MEN,E485312|E489914|E489915|E489916,YOASOBI UT(그래픽T)A|YOASOBI UT(그래픽T)B|YOASOBI UT(그래픽T)C|YOASOBI UT(그래픽T)D,유니클로 category/subcategory의 명시적 의류 종류,,"{""category"": ""58045"", ""class"": ""57967"", ""gender"": ""57893"", ""subcategory"": ""145016""}","{""category"": ""graphic tees ut"", ""class"": ""tops"", ""gender"": ""men"", ""subcategory"": ""yoasobi 26ss""}"
uniqlo,uniqlo:57893:57967:58045:146107,MEN > 티셔츠 & 스웨트셔츠 & 후리스 > 그래픽티셔츠 > Jason Polan,A,일반 상의,COMPARABLE,7,MEN,E484260|E489152|E489153|E489154|E491000,Jason Polan UT(그래픽T)A|Jason Polan UT(그래픽T)B|Jason Polan UT(그래픽T)C|Jason Polan UT(그래픽T)D|Jason Polan스웨트셔츠A,유니클로 category/subcategory의 명시적 의류 종류,,"{""category"": ""58045"", ""class"": ""57967"", ""gender"": ""57893"", ""subcategory"": ""146107""}","{""category"": ""graphic tees ut"", ""class"": ""tops"", ""gender"": ""men"", ""subcategory"": ""jason polan 26ss""}"
uniqlo,uniqlo:57893:57967:58045:153269,MEN > 티셔츠 & 스웨트셔츠 & 후리스 > 그래픽티셔츠 > KAWS UNIVERSE,A,일반 상의,COMPARABLE,6,MEN|UNISEX,E493506|E493509|E493510|E493511|E493538,KAWS UNIVERSE스웨트셔츠B|KAWS UNIVERSE UT(그래픽T)B|KAWS UNIVERSE UT(그래픽T)C|KAWS UNIVERSE UT(그래픽T)D|KAWS UNIVERSE참B,유니클로 category/subcategory의 명시적 의류 종류,,"{""category"": ""58045"", ""class"": ""57967"", ""gender"": ""57893"", ""subcategory"": ""153269""}","{""category"": ""graphic tees ut"", ""class"": ""tops"", ""gender"": ""men"", ""subcategory"": ""kaws universe 26fw""}"
uniqlo,uniqlo:57893:57967:58045:78155,MEN > 티셔츠 & 스웨트셔츠 & 후리스 > 그래픽티셔츠 > other,A,일반 상의,COMPARABLE,1,MEN|UNISEX,E489909,Pokémon UT(그래픽T)C,유니클로 category/subcategory의 명시적 의류 종류,,"{""category"": ""58045"", ""class"": ""57967"", ""gender"": ""57893"", ""subcategory"": ""78155""}","{""category"": ""graphic tees ut"", ""class"": ""tops"", ""gender"": ""men"", ""subcategory"": ""introduction of detective conan case closed 24ss""}"
uniqlo,uniqlo:57893:57968:58046:100085,MEN > 팬츠 > 와이드 팬츠 > UNIQLO : C,C,팬츠·쇼츠·레깅스,COMPARABLE,1,MEN|UNISEX,E484875,배럴팬츠,유니클로 category/subcategory의 명시적 의류 종류,,"{""category"": ""58046"", ""class"": ""57968"", ""gender"": ""57893"", ""subcategory"": ""100085""}","{""category"": ""wide pants"", ""class"": ""bottoms"", ""gender"": ""men"", ""subcategory"": ""uniqlo c""}"
uniqlo,uniqlo:57893:57968:58046:124370,MEN > 팬츠 > 와이드 팬츠 > GU,C,팬츠·쇼츠·레깅스,COMPARABLE,1,MEN,E486729,GU트윌와이드스트레이트팬츠,유니클로 category/subcategory의 명시적 의류 종류,,"{""category"": ""58046"", ""class"": ""57968"", ""gender"": ""57893"", ""subcategory"": ""124370""}","{""category"": ""wide pants"", ""class"": ""bottoms"", ""gender"": ""men"", ""subcategory"": ""gu""}"
uniqlo,uniqlo:57893:57968:58046:58442,MEN > 팬츠 > 와이드 팬츠 > 슬랙스,C,팬츠·쇼츠·레깅스,COMPARABLE,1,MEN,E487220,턱릴랙스와이드팬츠,유니클로 category/subcategory의 명시적 의류 종류,,"{""category"": ""58046"", ""class"": ""57968"", ""gender"": ""57893"", ""subcategory"": ""58442""}","{""category"": ""wide pants"", ""class"": ""bottoms"", ""gender"": ""men"", ""subcategory"": ""trousers""}"
uniqlo,uniqlo:57893:57968:58046:58443,MEN > 팬츠 > 와이드 팬츠 > 유틸리티,C,팬츠·쇼츠·레깅스,COMPARABLE,3,MEN|UNISEX,E482883|E486042|E492881,와이드카고팬츠|파라슈트팬츠|파라슈트팬츠,유니클로 category/subcategory의 명시적 의류 종류,,"{""category"": ""58046"", ""class"": ""57968"", ""gender"": ""57893"", ""subcategory"": ""58443""}","{""category"": ""wide pants"", ""class"": ""bottoms"", ""gender"": ""men"", ""subcategory"": ""work pants""}"
uniqlo,uniqlo:57893:57968:58046:58444,MEN > 팬츠 > 와이드 팬츠 > 데님,C,팬츠·쇼츠·레깅스,COMPARABLE,1,MEN,E470542,와이드스트레이트진,유니클로 category/subcategory의 명시적 의류 종류,,"{""category"": ""58046"", ""class"": ""57968"", ""gender"": ""57893"", ""subcategory"": ""58444""}","{""category"": ""wide pants"", ""class"": ""bottoms"", ""gender"": ""men"", ""subcategory"": ""denim""}"
uniqlo,uniqlo:57893:57968:58047:58446,MEN > 팬츠 > 치노 팬츠 > 슬림,C,팬츠·쇼츠·레깅스,COMPARABLE,1,MEN,E487209,슬림치노팬츠,유니클로 category/subcategory의 명시적 의류 종류,,"{""category"": ""58047"", ""class"": ""57968"", ""gender"": ""57893"", ""subcategory"": ""58446""}","{""category"": ""chinos"", ""class"": ""bottoms"", ""gender"": ""men"", ""subcategory"": ""slim""}"
uniqlo,uniqlo:57893:57968:58047:98360,MEN > 팬츠 > 치노 팬츠 > 와이드,C,팬츠·쇼츠·레깅스,COMPARABLE,2,MEN|UNISEX,E470549|E481030,와이드치노팬츠(다리길이72.5~74.5cm)|와이드치노팬츠(다리길이85.5cm·긴기장),유니클로 category/subcategory의 명시적 의류 종류,,"{""category"": ""58047"", ""class"": ""57968"", ""gender"": ""57893"", ""subcategory"": ""98360""}","{""category"": ""chinos"", ""class"": ""bottoms"", ""gender"": ""men"", ""subcategory"": ""wide""}"
uniqlo,uniqlo:57893:57968:58047:98361,MEN > 팬츠 > 치노 팬츠 > 레귤러,C,팬츠·쇼츠·레깅스,COMPARABLE,1,MEN,E482880,레귤러치노팬츠,유니클로 category/subcategory의 명시적 의류 종류,,"{""category"": ""58047"", ""class"": ""57968"", ""gender"": ""57893"", ""subcategory"": ""98361""}","{""category"": ""chinos"", ""class"": ""bottoms"", ""gender"": ""men"", ""subcategory"": ""regular""}"
uniqlo,uniqlo:57893:57968:58048:107791,MEN > 팬츠 > 진(청바지) > GU,C,팬츠·쇼츠·레깅스,COMPARABLE,1,MEN,E486725,GU배기진,유니클로 category/subcategory의 명시적 의류 종류,,"{""category"": ""58048"", ""class"": ""57968"", ""gender"": ""57893"", ""subcategory"": ""107791""}","{""category"": ""jeans"", ""class"": ""bottoms"", ""gender"": ""men"", ""subcategory"": ""gu""}"
uniqlo,uniqlo:57893:57968:58048:149796,MEN > 팬츠 > 진(청바지) > 배기,C,팬츠·쇼츠·레깅스,COMPARABLE,4,MEN,E482868|E488397|E488630|E492365,배기진|EZY배럴진|EZY배럴진|배기스트레이트진,유니클로 category/subcategory의 명시적 의류 종류,,"{""category"": ""58048"", ""class"": ""57968"", ""gender"": ""57893"", ""subcategory"": ""149796""}","{""category"": ""jeans"", ""class"": ""bottoms"", ""gender"": ""men"", ""subcategory"": ""baggy""}"
uniqlo,uniqlo:57893:57968:58048:58450,MEN > 팬츠 > 진(청바지) > 슬림,C,팬츠·쇼츠·레깅스,COMPARABLE,3,MEN,E455476|E482856|E485679,EZY진|슬림스트레이트진|슬림스트레이트진,유니클로 category/subcategory의 명시적 의류 종류,,"{""category"": ""58048"", ""class"": ""57968"", ""gender"": ""57893"", ""subcategory"": ""58450""}","{""category"": ""jeans"", ""class"": ""bottoms"", ""gender"": ""men"", ""subcategory"": ""slim""}"
uniqlo,uniqlo:57893:57968:58048:58452,MEN > 팬츠 > 진(청바지) > 레귤러,C,팬츠·쇼츠·레깅스,COMPARABLE,6,MEN|UNISEX,E479816|E487206|E487742|E488684|E489367,스트레이트진|스트레이트진|스트레이트진|스트레이트진(셀비지)|스트레이트진(데미지),유니클로 category/subcategory의 명시적 의류 종류,,"{""category"": ""58048"", ""class"": ""57968"", ""gender"": ""57893"", ""subcategory"": ""58452""}","{""category"": ""jeans"", ""class"": ""bottoms"", ""gender"": ""men"", ""subcategory"": ""regular""}"
uniqlo,uniqlo:57893:57968:58048:58453,MEN > 팬츠 > 진(청바지) > 와이드,C,팬츠·쇼츠·레깅스,COMPARABLE,2,MEN|UNISEX,E488743|E489565,배럴진|배럴진(인디고),유니클로 category/subcategory의 명시적 의류 종류,,"{""category"": ""58048"", ""class"": ""57968"", ""gender"": ""57893"", ""subcategory"": ""58453""}","{""category"": ""jeans"", ""class"": ""bottoms"", ""gender"": ""men"", ""subcategory"": ""wide""}"
uniqlo,uniqlo:57893:57968:58049:114926,MEN > 팬츠 > 캐주얼 팬츠 > 울트라 스트레치,C,팬츠·쇼츠·레깅스,COMPARABLE,3,MEN,E485495|E485744|E485745,울트라스트레치액티브테이퍼드팬츠(다리길이68~74cm·긴기장)|울트라스트레치액티브조거팬츠(다리길이66.5~72.5cm)|울트라스트레치액티브조거팬츠(다리길이69~75cm·긴기장),유니클로 category/subcategory의 명시적 의류 종류,,"{""category"": ""58049"", ""class"": ""57968"", ""gender"": ""57893"", ""subcategory"": ""114926""}","{""category"": ""casual pants"", ""class"": ""bottoms"", ""gender"": ""men"", ""subcategory"": ""ultra stretch""}"
uniqlo,uniqlo:57893:57968:58049:152206,MEN > 팬츠 > 캐주얼 팬츠 > 이지 팬츠,C,팬츠·쇼츠·레깅스,COMPARABLE,1,MEN|UNISEX,E488739,저지이지워크팬츠,유니클로 category/subcategory의 명시적 의류 종류,,"{""category"": ""58049"", ""class"": ""57968"", ""gender"": ""57893"", ""subcategory"": ""152206""}","{""category"": ""casual pants"", ""class"": ""bottoms"", ""gender"": ""men"", ""subcategory"": ""easy pants""}"
uniqlo,uniqlo:57893:57968:58049:62687,MEN > 팬츠 > 캐주얼 팬츠 > 리넨,C,팬츠·쇼츠·레깅스,COMPARABLE,1,MEN,E482920,리넨블렌드이지팬츠,유니클로 category/subcategory의 명시적 의류 종류,,"{""category"": ""58049"", ""class"": ""57968"", ""gender"": ""57893"", ""subcategory"": ""62687""}","{""category"": ""casual pants"", ""class"": ""bottoms"", ""gender"": ""men"", ""subcategory"": ""linen""}"
uniqlo,uniqlo:57893:57968:58050:58460,MEN > 팬츠 > 스웨트 팬츠 & 조거 팬츠 > 스웨트,C,팬츠·쇼츠·레깅스,COMPARABLE,5,MEN|UNISEX,E471809|E473715|E482758|E486120|E486121,스웨트와이드팬츠(다리길이66~72cm)|스웨트와이드팬츠(다리길이70~76cm·긴기장)|스웨트와이드쇼트팬츠|스웨트팬츠(다리길이65~71cm)|스웨트팬츠(다리길이68~74cm·긴기장),유니클로 category/subcategory의 명시적 의류 종류,,"{""category"": ""58050"", ""class"": ""57968"", ""gender"": ""57893"", ""subcategory"": ""58460""}","{""category"": ""sweat pants"", ""class"": ""bottoms"", ""gender"": ""men"", ""subcategory"": ""sweat""}"
uniqlo,uniqlo:57893:57968:58052:58466,MEN > 팬츠 > 감탄 팬츠 > 감탄 팬츠,C,팬츠·쇼츠·레깅스,COMPARABLE,2,MEN,E447780|E467574,감탄팬츠|감탄팬츠(하운드투스),유니클로 category/subcategory의 명시적 의류 종류,,"{""category"": ""58052"", ""class"": ""57968"", ""gender"": ""57893"", ""subcategory"": ""58466""}","{""category"": ""gamtan pants"", ""class"": ""bottoms"", ""gender"": ""men"", ""subcategory"": ""gamtan pants""}"
uniqlo,uniqlo:57893:57968:58052:58467,MEN > 팬츠 > 감탄 팬츠 > 감탄 팬츠(라이트),C,팬츠·쇼츠·레깅스,COMPARABLE,1,MEN,E463820,감탄팬츠(라이트),유니클로 category/subcategory의 명시적 의류 종류,,"{""category"": ""58052"", ""class"": ""57968"", ""gender"": ""57893"", ""subcategory"": ""58467""}","{""category"": ""gamtan pants"", ""class"": ""bottoms"", ""gender"": ""men"", ""subcategory"": ""gamtan pants light""}"
uniqlo,uniqlo:57893:57968:58054:113378,MEN > 팬츠 > 쇼트 팬츠(반바지) > 데님 & 코튼,C,팬츠·쇼츠·레깅스,COMPARABLE,1,MEN|UNISEX,E484209,데님쇼트팬츠,유니클로 category/subcategory의 명시적 의류 종류,,"{""category"": ""58054"", ""class"": ""57968"", ""gender"": ""57893"", ""subcategory"": ""113378""}","{""category"": ""short pants"", ""class"": ""bottoms"", ""gender"": ""men"", ""subcategory"": ""denim""}"
uniqlo,uniqlo:57893:57968:58054:58475,MEN > 팬츠 > 쇼트 팬츠(반바지) > 이지(허리 밴딩),C,팬츠·쇼츠·레깅스,COMPARABLE,3,MEN|UNISEX,E458325|E481582|E485739,스트레치이지쇼트팬츠(시어서커)|스트레치이지쇼트팬츠|이지쇼트팬츠,유니클로 category/subcategory의 명시적 의류 종류,,"{""category"": ""58054"", ""class"": ""57968"", ""gender"": ""57893"", ""subcategory"": ""58475""}","{""category"": ""short pants"", ""class"": ""bottoms"", ""gender"": ""men"", ""subcategory"": ""easy""}"
uniqlo,uniqlo:57893:57968:58054:79441,MEN > 팬츠 > 쇼트 팬츠(반바지) > 카고 & 기어,C,팬츠·쇼츠·레깅스,COMPARABLE,2,MEN,E482942|E489563,카고쇼트팬츠|기어쇼트팬츠(프린트),유니클로 category/subcategory의 명시적 의류 종류,,"{""category"": ""58054"", ""class"": ""57968"", ""gender"": ""57893"", ""subcategory"": ""79441""}","{""category"": ""short pants"", ""class"": ""bottoms"", ""gender"": ""men"", ""subcategory"": ""cargo""}"
uniqlo,uniqlo:57893:57969:58056:58486,MEN > 스포츠 유틸리티 웨어 > 아우터 > 파카,B,아우터,COMPARABLE,2,MEN,E465203|E483975,DRY-EX UV PROTECTION풀집파카|DRY-EX UV PROTECTION풀집파카(프린트),유니클로 category/subcategory의 명시적 의류 종류,,"{""category"": ""58056"", ""class"": ""57969"", ""gender"": ""57893"", ""subcategory"": ""58486""}","{""category"": ""outerwear"", ""class"": ""sport utility wear"", ""gender"": ""men"", ""subcategory"": ""parka""}"
uniqlo,uniqlo:57893:57969:58058:112643,MEN > 스포츠 유틸리티 웨어 > 팬츠 > 울트라 스트레치 팬츠,C,팬츠·쇼츠·레깅스,COMPARABLE,2,MEN|UNISEX,E465491|E475386,울트라스트레치액티브테이퍼드팬츠(다리길이65~71cm)|울트라스트레치액티브쇼트팬츠,유니클로 category/subcategory의 명시적 의류 종류,,"{""category"": ""58058"", ""class"": ""57969"", ""gender"": ""57893"", ""subcategory"": ""112643""}","{""category"": ""pants"", ""class"": ""sport utility wear"", ""gender"": ""men"", ""subcategory"": ""ultra stretch""}"
uniqlo,uniqlo:57893:57969:58058:58498,MEN > 스포츠 유틸리티 웨어 > 팬츠 > 기어 팬츠,C,팬츠·쇼츠·레깅스,COMPARABLE,1,MEN|UNISEX,E488371,기어쇼트팬츠,유니클로 category/subcategory의 명시적 의류 종류,,"{""category"": ""58058"", ""class"": ""57969"", ""gender"": ""57893"", ""subcategory"": ""58498""}","{""category"": ""pants"", ""class"": ""sport utility wear"", ""gender"": ""men"", ""subcategory"": ""geared""}"
uniqlo,uniqlo:57893:57969:58059:58499,MEN > 스포츠 유틸리티 웨어 > 이너웨어 > 에어리즘,F,이너웨어·홈웨어,COMPARABLE,3,MEN,E456567|E466489|E471717,AIRism메쉬V넥T|AIRism메쉬탱크탑|AIRism메쉬크루넥T,유니클로 category/subcategory의 명시적 의류 종류,,"{""category"": ""58059"", ""class"": ""57969"", ""gender"": ""57893"", ""subcategory"": ""58499""}","{""category"": ""innerwear"", ""class"": ""sport utility wear"", ""gender"": ""men"", ""subcategory"": ""airism""}"
uniqlo,uniqlo:57893:57969:58059:58500,MEN > 스포츠 유틸리티 웨어 > 이너웨어 > 양말,X,비교 제외,EXCLUDED,1,MEN,E462220,스포츠쇼트삭스(파일라인)A,유니클로 category가 명시적인 비의류/액세서리,,"{""category"": ""58059"", ""class"": ""57969"", ""gender"": ""57893"", ""subcategory"": ""58500""}","{""category"": ""innerwear"", ""class"": ""sport utility wear"", ""gender"": ""men"", ""subcategory"": ""socks""}"
uniqlo,uniqlo:57893:57970:58061:58505,MEN > 이너웨어 > 에어리즘 > 에어리즘,F,이너웨어·홈웨어,COMPARABLE,1,MEN,E454311,AIRism V넥T,유니클로 category/subcategory의 명시적 의류 종류,,"{""category"": ""58061"", ""class"": ""57970"", ""gender"": ""57893"", ""subcategory"": ""58505""}","{""category"": ""airism"", ""class"": ""innerwear"", ""gender"": ""men"", ""subcategory"": ""airism""}"
uniqlo,uniqlo:57893:57970:58061:58506,MEN > 이너웨어 > 에어리즘 > 코튼,F,이너웨어·홈웨어,COMPARABLE,1,MEN,E482522,AIRism코튼크루넥T,유니클로 category/subcategory의 명시적 의류 종류,,"{""category"": ""58061"", ""class"": ""57970"", ""gender"": ""57893"", ""subcategory"": ""58506""}","{""category"": ""airism"", ""class"": ""innerwear"", ""gender"": ""men"", ""subcategory"": ""airism cotton""}"
uniqlo,uniqlo:57893:57970:58061:58510,MEN > 이너웨어 > 에어리즘 > 심리스,F,이너웨어·홈웨어,COMPARABLE,2,MEN,E479885|E484996,AIRism심리스복서브리프|AIRism심리스복서브리프,유니클로 category/subcategory의 명시적 의류 종류,,"{""category"": ""58061"", ""class"": ""57970"", ""gender"": ""57893"", ""subcategory"": ""58510""}","{""category"": ""airism"", ""class"": ""innerwear"", ""gender"": ""men"", ""subcategory"": ""seamless""}"
uniqlo,uniqlo:57893:57970:58061:58511,MEN > 이너웨어 > 에어리즘 > 브리프 (레귤러),F,이너웨어·홈웨어,COMPARABLE,2,MEN,E454326|E480997,AIRism복서브리프|AIRism복서브리프(프린트)C,유니클로 category/subcategory의 명시적 의류 종류,,"{""category"": ""58061"", ""class"": ""57970"", ""gender"": ""57893"", ""subcategory"": ""58511""}","{""category"": ""airism"", ""class"": ""innerwear"", ""gender"": ""men"", ""subcategory"": ""briefs""}"
uniqlo,uniqlo:57893:57970:58061:58512,MEN > 이너웨어 > 에어리즘 > 브리프 (로라이즈),F,이너웨어·홈웨어,COMPARABLE,3,MEN,E454328|E474321|E478814,AIRism복서브리프(로라이즈)|AIRism복서브리프(로라이즈)프린트|AIRism복서브리프(로라이즈)스트라이프,유니클로 category/subcategory의 명시적 의류 종류,,"{""category"": ""58061"", ""class"": ""57970"", ""gender"": ""57893"", ""subcategory"": ""58512""}","{""category"": ""airism"", ""class"": ""innerwear"", ""gender"": ""men"", ""subcategory"": ""briefs low-rise""}"
uniqlo,uniqlo:57893:57970:58061:58513,MEN > 이너웨어 > 에어리즘 > 트렁크,F,이너웨어·홈웨어,COMPARABLE,2,MEN,E454327|E466509,AIRism트렁크스|AIRism트렁크스(스트라이프),유니클로 category/subcategory의 명시적 의류 종류,,"{""category"": ""58061"", ""class"": ""57970"", ""gender"": ""57893"", ""subcategory"": ""58513""}","{""category"": ""airism"", ""class"": ""innerwear"", ""gender"": ""men"", ""subcategory"": ""trunks""}"
uniqlo,uniqlo:57893:57970:58062:123533,MEN > 이너웨어 > 히트텍 > 히트텍 캐시미어 블렌드,F,이너웨어·홈웨어,COMPARABLE,2,MEN,E481441|E481442,히트텍캐시미어블렌드크루넥T(9부)엑스트라웜|히트텍캐시미어블렌드터틀넥T(9부)엑스트라웜,유니클로 category/subcategory의 명시적 의류 종류,,"{""category"": ""58062"", ""class"": ""57970"", ""gender"": ""57893"", ""subcategory"": ""123533""}","{""category"": ""heattech"", ""class"": ""innerwear"", ""gender"": ""men"", ""subcategory"": ""heattech cashmere blend""}"
uniqlo,uniqlo:57893:57970:58062:58517,MEN > 이너웨어 > 히트텍 > 긴팔,F,이너웨어·홈웨어,COMPARABLE,1,MEN,E461003,히트텍크루넥T,유니클로 category/subcategory의 명시적 의류 종류,,"{""category"": ""58062"", ""class"": ""57970"", ""gender"": ""57893"", ""subcategory"": ""58517""}","{""category"": ""heattech"", ""class"": ""innerwear"", ""gender"": ""men"", ""subcategory"": ""long sleeve""}"
uniqlo,uniqlo:57893:57970:58062:58519,MEN > 이너웨어 > 히트텍 > 반팔,F,이너웨어·홈웨어,COMPARABLE,1,MEN,E461001,히트텍크루넥T,유니클로 category/subcategory의 명시적 의류 종류,,"{""category"": ""58062"", ""class"": ""57970"", ""gender"": ""57893"", ""subcategory"": ""58519""}","{""category"": ""heattech"", ""class"": ""innerwear"", ""gender"": ""men"", ""subcategory"": ""short sleeve""}"
uniqlo,uniqlo:57893:57970:58062:58523,MEN > 이너웨어 > 히트텍 > 타이즈,X,비교 제외,EXCLUDED,3,MEN,E461013|E479467|E479538,히트텍타이즈|히트텍코튼타이즈(엑스트라웜)|히트텍울트라웜타이즈,유니클로 category가 명시적인 비의류/액세서리,,"{""category"": ""58062"", ""class"": ""57970"", ""gender"": ""57893"", ""subcategory"": ""58523""}","{""category"": ""heattech"", ""class"": ""innerwear"", ""gender"": ""men"", ""subcategory"": ""tights""}"
uniqlo,uniqlo:57893:57970:58062:98371,MEN > 이너웨어 > 히트텍 > 히트텍 엑스트라 웜,F,이너웨어·홈웨어,COMPARABLE,1,MEN,E479450,히트텍코튼크루넥T(9부)엑스트라웜,유니클로 category/subcategory의 명시적 의류 종류,,"{""category"": ""58062"", ""class"": ""57970"", ""gender"": ""57893"", ""subcategory"": ""98371""}","{""category"": ""heattech"", ""class"": ""innerwear"", ""gender"": ""men"", ""subcategory"": ""heattech cotton extra warm""}"
uniqlo,uniqlo:57893:57970:58062:98372,MEN > 이너웨어 > 히트텍 > 히트텍 울트라 웜,F,이너웨어·홈웨어,COMPARABLE,1,MEN,E479525,히트텍울트라웜크루넥T(긴팔),유니클로 category/subcategory의 명시적 의류 종류,,"{""category"": ""58062"", ""class"": ""57970"", ""gender"": ""57893"", ""subcategory"": ""98372""}","{""category"": ""heattech"", ""class"": ""innerwear"", ""gender"": ""men"", ""subcategory"": ""ultra warm""}"
uniqlo,uniqlo:57893:57970:58063:58525,MEN > 이너웨어 > 언더웨어 > 에어리즘 심리스 브리프,F,이너웨어·홈웨어,COMPARABLE,8,MEN,E482556|E482557|E482558|E482563|E482567,AIRism심리스복서브리프|AIRism심리스복서브리프(프린트)A|AIRism심리스복서브리프(프린트)B|AIRism메쉬심리스복서브리프|AIRism메쉬심리스복서브리프,유니클로 category/subcategory의 명시적 의류 종류,,"{""category"": ""58063"", ""class"": ""57970"", ""gender"": ""57893"", ""subcategory"": ""58525""}","{""category"": ""underwear"", ""class"": ""innerwear"", ""gender"": ""men"", ""subcategory"": ""airism seamless""}"
uniqlo,uniqlo:57893:57970:58063:58526,MEN > 이너웨어 > 언더웨어 > 에어리즘 브리프,F,이너웨어·홈웨어,COMPARABLE,3,MEN,E482538|E488035|E489058,AIRism복서브리프|AIRism복서브리프(스트라이프)B|AIRism복서브리프(컬러블록),유니클로 category/subcategory의 명시적 의류 종류,,"{""category"": ""58063"", ""class"": ""57970"", ""gender"": ""57893"", ""subcategory"": ""58526""}","{""category"": ""underwear"", ""class"": ""innerwear"", ""gender"": ""men"", ""subcategory"": ""airism regular""}"
uniqlo,uniqlo:57893:57970:58063:58528,MEN > 이너웨어 > 언더웨어 > 에어리즘 트렁크,F,이너웨어·홈웨어,COMPARABLE,1,MEN,E482581,AIRism트렁크스,유니클로 category/subcategory의 명시적 의류 종류,,"{""category"": ""58063"", ""class"": ""57970"", ""gender"": ""57893"", ""subcategory"": ""58528""}","{""category"": ""underwear"", ""class"": ""innerwear"", ""gender"": ""men"", ""subcategory"": ""airism trunks""}"
uniqlo,uniqlo:57893:57970:58065:58533,MEN > 이너웨어 > 양말 > 컬러 삭스,X,비교 제외,EXCLUDED,2,MEN|UNISEX,E461025|E482606,컬러삭스|컬러삭스,유니클로 category가 명시적인 비의류/액세서리,,"{""category"": ""58065"", ""class"": ""57970"", ""gender"": ""57893"", ""subcategory"": ""58533""}","{""category"": ""socks"", ""class"": ""innerwear"", ""gender"": ""men"", ""subcategory"": ""colorful socks""}"
uniqlo,uniqlo:57893:57970:58065:58534,MEN > 이너웨어 > 양말 > 레귤러 삭스,X,비교 제외,EXCLUDED,11,MEN,E441897|E452029|E457288|E470960|E471947,SUPIMA COTTON블렌드피케삭스|삭스(아가일)|SUPIMA COTTON블렌드삭스(와이드립)|삭스(소프트핏)|삭스(파일라인),유니클로 category가 명시적인 비의류/액세서리,,"{""category"": ""58065"", ""class"": ""57970"", ""gender"": ""57893"", ""subcategory"": ""58534""}","{""category"": ""socks"", ""class"": ""innerwear"", ""gender"": ""men"", ""subcategory"": ""regular""}"
uniqlo,uniqlo:57893:57970:58065:58535,MEN > 이너웨어 > 양말 > 하프 삭스,X,비교 제외,EXCLUDED,6,MEN,E471968|E479546|E482638|E486916|E488105,스포츠하프삭스(파일)|스포츠하프삭스|스포츠하프삭스(파일라인)|하프삭스(컬러슬러브얀)|하프삭스(스트라이프),유니클로 category가 명시적인 비의류/액세서리,,"{""category"": ""58065"", ""class"": ""57970"", ""gender"": ""57893"", ""subcategory"": ""58535""}","{""category"": ""socks"", ""class"": ""innerwear"", ""gender"": ""men"", ""subcategory"": ""half""}"
uniqlo,uniqlo:57893:57970:58065:58536,MEN > 이너웨어 > 양말 > 쇼트 삭스,X,비교 제외,EXCLUDED,6,MEN,E457267|E462216|E471958|E481091|E485005,쇼트삭스(파일메쉬)|쇼트삭스(립)|스포츠쇼트삭스|스포츠쇼트삭스(파일라인)B|스포츠쇼트삭스B,유니클로 category가 명시적인 비의류/액세서리,,"{""category"": ""58065"", ""class"": ""57970"", ""gender"": ""57893"", ""subcategory"": ""58536""}","{""category"": ""socks"", ""class"": ""innerwear"", ""gender"": ""men"", ""subcategory"": ""short""}"
uniqlo,uniqlo:57893:57970:58065:58537,MEN > 이너웨어 > 양말 > 베리 쇼트 삭스,X,비교 제외,EXCLUDED,3,MEN,E462233|E469996|E471972,스포츠베리쇼트삭스(파일)|베리쇼트삭스|베리쇼트삭스(미들컷),유니클로 category가 명시적인 비의류/액세서리,,"{""category"": ""58065"", ""class"": ""57970"", ""gender"": ""57893"", ""subcategory"": ""58537""}","{""category"": ""socks"", ""class"": ""innerwear"", ""gender"": ""men"", ""subcategory"": ""very short""}"
uniqlo,uniqlo:57893:57971:58067:58545,MEN > 라운지 팬츠 > 라운지 팬츠 > 쇼트 팬츠,C|F,팬츠·쇼츠·레깅스|이너웨어·홈웨어,COMPARABLE,2,MEN|UNISEX,E481583|E482260,스트레치이지쇼트팬츠(데님)|리넨블렌드이지쇼트팬츠,유니클로 category/subcategory의 명시적 의류 종류,,"{""category"": ""58067"", ""class"": ""57971"", ""gender"": ""57893"", ""subcategory"": ""58545""}","{""category"": ""lounge pants"", ""class"": ""loungewear and homeware"", ""gender"": ""men"", ""subcategory"": ""shorts""}"
uniqlo,uniqlo:57893:57971:58067:98376,MEN > 라운지 팬츠 > 라운지 팬츠 > 롱 팬츠,C|F,팬츠·쇼츠·레깅스|이너웨어·홈웨어,COMPARABLE,2,MEN,E478670|E482259,리넨블렌드이지앵클팬츠|리넨블렌드이지앵클팬츠(스트라이프),유니클로 category/subcategory의 명시적 의류 종류,,"{""category"": ""58067"", ""class"": ""57971"", ""gender"": ""57893"", ""subcategory"": ""98376""}","{""category"": ""lounge pants"", ""class"": ""loungewear and homeware"", ""gender"": ""men"", ""subcategory"": ""ankle""}"
uniqlo,uniqlo:57893:57972:124373:124422,MEN > 액세서리 > 장갑 > 히트텍,X,비교 제외,EXCLUDED,1,MEN,E486205,히트텍라이닝글러브(패디드),유니클로 category가 명시적인 비의류/액세서리,,"{""category"": ""124373"", ""class"": ""57972"", ""gender"": ""57893"", ""subcategory"": ""124422""}","{""category"": ""gloves"", ""class"": ""accessories"", ""gender"": ""men"", ""subcategory"": ""heattech""}"
uniqlo,uniqlo:57893:57972:58071:58558,MEN > 액세서리 > 모자 > 캡,X,비교 제외,EXCLUDED,2,MEN|UNISEX,E478306|E486194,UV PROTECTION캡(2WAY스트레치)|UV PROTECTION캡(트윌),유니클로 category가 명시적인 비의류/액세서리,,"{""category"": ""58071"", ""class"": ""57972"", ""gender"": ""57893"", ""subcategory"": ""58558""}","{""category"": ""hats and caps"", ""class"": ""accessories"", ""gender"": ""men"", ""subcategory"": ""caps""}"
uniqlo,uniqlo:57893:57972:58071:58559,MEN > 액세서리 > 모자 > 햇,X,비교 제외,EXCLUDED,1,MEN|UNISEX,E486196,UV PROTECTION니트버킷햇,유니클로 category가 명시적인 비의류/액세서리,,"{""category"": ""58071"", ""class"": ""57972"", ""gender"": ""57893"", ""subcategory"": ""58559""}","{""category"": ""hats and caps"", ""class"": ""accessories"", ""gender"": ""men"", ""subcategory"": ""hats""}"
uniqlo,uniqlo:57893:57972:58071:58560,MEN > 액세서리 > 모자 > UV Protection,X,비교 제외,EXCLUDED,2,MEN|UNISEX,E491142|E491143,Jason Polan UV PROTECTION캡|PEANUTS UV PROTECTION캡(코듀로이),유니클로 category가 명시적인 비의류/액세서리,,"{""category"": ""58071"", ""class"": ""57972"", ""gender"": ""57893"", ""subcategory"": ""58560""}","{""category"": ""hats and caps"", ""class"": ""accessories"", ""gender"": ""men"", ""subcategory"": ""uv protection""}"
uniqlo,uniqlo:57893:57972:58071:62990,MEN > 액세서리 > 모자 > 비니,X,비교 제외,EXCLUDED,1,MEN|UNISEX,E486191,히트텍립비니,유니클로 category가 명시적인 비의류/액세서리,,"{""category"": ""58071"", ""class"": ""57972"", ""gender"": ""57893"", ""subcategory"": ""62990""}","{""category"": ""hats and caps"", ""class"": ""accessories"", ""gender"": ""men"", ""subcategory"": ""beanie""}"
uniqlo,uniqlo:57893:57972:58072:58562,MEN > 액세서리 > 벨트 > 정장벨트,X,비교 제외,EXCLUDED,4,MEN,E463729|E463730|E481626|E484783,이탈리안레더스티치벨트|이탈리안오일드레더벨트|이탈리안레더슬라이드버클벨트|레더콤비네이션스트라이프벨트,유니클로 category가 명시적인 비의류/액세서리,,"{""category"": ""58072"", ""class"": ""57972"", ""gender"": ""57893"", ""subcategory"": ""58562""}","{""category"": ""belts"", ""class"": ""accessories"", ""gender"": ""men"", ""subcategory"": ""dress belts""}"
uniqlo,uniqlo:57893:57972:58072:58563,MEN > 액세서리 > 벨트 > 메쉬벨트,X,비교 제외,EXCLUDED,2,MEN|UNISEX,E470008|E481623,레더콤비네이션메쉬벨트|레더메쉬벨트,유니클로 category가 명시적인 비의류/액세서리,,"{""category"": ""58072"", ""class"": ""57972"", ""gender"": ""57893"", ""subcategory"": ""58563""}","{""category"": ""belts"", ""class"": ""accessories"", ""gender"": ""men"", ""subcategory"": ""mesh belts""}"
uniqlo,uniqlo:57893:57972:58072:58565,MEN > 액세서리 > 벨트 > 그 외,X,비교 제외,EXCLUDED,3,MEN,E486184|E486186|E488047,이탈리안레더개리슨벨트|레더콤비네이션스트라이프벨트|스웨이드벨트,유니클로 category가 명시적인 비의류/액세서리,,"{""category"": ""58072"", ""class"": ""57972"", ""gender"": ""57893"", ""subcategory"": ""58565""}","{""category"": ""belts"", ""class"": ""accessories"", ""gender"": ""men"", ""subcategory"": ""others""}"
uniqlo,uniqlo:57893:57972:58073:58566,MEN > 액세서리 > 선글라스 > 패션 선글라스,X,비교 제외,EXCLUDED,11,MEN|UNISEX,E481636|E481637|E481638|E481639|E481640,선글라스(웰링턴)|선글라스(스퀘어)|선글라스(보스턴콤비네이션)|선글라스(웰링턴·폴딩)|선글라스(보스턴),유니클로 category가 명시적인 비의류/액세서리,,"{""category"": ""58073"", ""class"": ""57972"", ""gender"": ""57893"", ""subcategory"": ""58566""}","{""category"": ""sunglasses"", ""class"": ""accessories"", ""gender"": ""men"", ""subcategory"": ""fashion glasses""}"
uniqlo,uniqlo:57893:57972:58073:58567,MEN > 액세서리 > 선글라스 > 스포츠 선글라스,X,비교 제외,EXCLUDED,2,MEN|UNISEX,E484935|E484937,스포츠선글라스(스퀘어)|스포츠선글라스(하프림),유니클로 category가 명시적인 비의류/액세서리,,"{""category"": ""58073"", ""class"": ""57972"", ""gender"": ""57893"", ""subcategory"": ""58567""}","{""category"": ""sunglasses"", ""class"": ""accessories"", ""gender"": ""men"", ""subcategory"": ""sports glasses""}"
uniqlo,uniqlo:57893:57972:58074:58570,MEN > 액세서리 > 우산 > 우산,X,비교 제외,EXCLUDED,2,MEN|UNISEX,E433776|E486199,UV PROTECTION컴팩트엄브렐라|UV PROTECTION컴팩트엄브렐라,유니클로 category가 명시적인 비의류/액세서리,,"{""category"": ""58074"", ""class"": ""57972"", ""gender"": ""57893"", ""subcategory"": ""58570""}","{""category"": ""accessories"", ""class"": ""accessories"", ""gender"": ""men"", ""subcategory"": ""umbrella""}"
uniqlo,uniqlo:57893:57972:62413:62994,MEN > 액세서리 > 신발 > 스니커즈,X,비교 제외,EXCLUDED,1,MEN|UNISEX,E484330,콤비네이션스니커즈,유니클로 category가 명시적인 비의류/액세서리,,"{""category"": ""62413"", ""class"": ""57972"", ""gender"": ""57893"", ""subcategory"": ""62994""}","{""category"": ""shoes"", ""class"": ""accessories"", ""gender"": ""men"", ""subcategory"": ""sneakers""}"
uniqlo,uniqlo:57893:57972:67132:67133,MEN > 액세서리 > 목도리 > 스카프,X,비교 제외,EXCLUDED,2,MEN|UNISEX,E486202|E486203,히트텍스카프|히트텍스카프(패턴),유니클로 category가 명시적인 비의류/액세서리,,"{""category"": ""67132"", ""class"": ""57972"", ""gender"": ""57893"", ""subcategory"": ""67133""}","{""category"": ""scarves and stoles"", ""class"": ""accessories"", ""gender"": ""men"", ""subcategory"": ""scarves""}"
uniqlo,uniqlo:57893:81620:82089:82144,MEN > 에어리즘 > 이너웨어 상의 > 크루넥,F|A,이너웨어·홈웨어|일반 상의,COMPARABLE,1,MEN,E482514,AIRism크루넥T,유니클로 category/subcategory의 명시적 의류 종류,,"{""category"": ""82089"", ""class"": ""81620"", ""gender"": ""57893"", ""subcategory"": ""82144""}","{""category"": ""inner tops"", ""class"": ""airism"", ""gender"": ""men"", ""subcategory"": ""crew neck""}"
uniqlo,uniqlo:57893:81620:82090:82122,MEN > 에어리즘 > 언더웨어 > 심리스,F,이너웨어·홈웨어,COMPARABLE,1,MEN,E482565,AIRism메쉬심리스복서브리프(프린트)A,유니클로 category/subcategory의 명시적 의류 종류,,"{""category"": ""82090"", ""class"": ""81620"", ""gender"": ""57893"", ""subcategory"": ""82122""}","{""category"": ""underwear"", ""class"": ""airism"", ""gender"": ""men"", ""subcategory"": ""seamless""}"
uniqlo,uniqlo:57893:81620:82090:82975,MEN > 에어리즘 > 언더웨어 > 로라이즈,F,이너웨어·홈웨어,COMPARABLE,1,MEN,E484997,AIRism복서브리프(로라이즈),유니클로 category/subcategory의 명시적 의류 종류,,"{""category"": ""82090"", ""class"": ""81620"", ""gender"": ""57893"", ""subcategory"": ""82975""}","{""category"": ""underwear"", ""class"": ""airism"", ""gender"": ""men"", ""subcategory"": ""low rise""}"
uniqlo,uniqlo:57893:95355:128424:128427,MEN > 니트 & 가디건 > 가디건 > 수플레 얀,B|A,아우터|일반 상의,COMPARABLE,1,MEN,E487942,수플레얀스탠드칼라가디건,유니클로 category/subcategory의 명시적 의류 종류,,"{""category"": ""128424"", ""class"": ""95355"", ""gender"": ""57893"", ""subcategory"": ""128427""}","{""category"": ""cardigan"", ""class"": ""sweaters and knitwear"", ""gender"": ""men"", ""subcategory"": ""souffle yarn""}"
uniqlo,uniqlo:57893:95355:95357:100315,MEN > 니트 & 가디건 > 니트 > 긴팔 니트,A,일반 상의,COMPARABLE,2,MEN|UNISEX,E486071|E486080,램스울크루넥스웨터|수플레얀크루넥스웨터,유니클로 category/subcategory의 명시적 의류 종류,,"{""category"": ""95357"", ""class"": ""95355"", ""gender"": ""57893"", ""subcategory"": ""100315""}","{""category"": ""sweaters and knitwear"", ""class"": ""sweaters and knitwear"", ""gender"": ""men"", ""subcategory"": ""long sleeve""}"
uniqlo,uniqlo:57893:95355:95357:102687,MEN > 니트 & 가디건 > 니트 > GU,A,일반 상의,COMPARABLE,2,MEN,E486746|E486747,GU워셔블니트폴로셔츠 (반팔)|GU워셔블부클레니트셔츠(반팔),유니클로 category/subcategory의 명시적 의류 종류,,"{""category"": ""95357"", ""class"": ""95355"", ""gender"": ""57893"", ""subcategory"": ""102687""}","{""category"": ""sweaters and knitwear"", ""class"": ""sweaters and knitwear"", ""gender"": ""men"", ""subcategory"": ""gu""}"
uniqlo,uniqlo:57893:95355:95357:95405,MEN > 니트 & 가디건 > 니트 > 크루넥 니트,A,일반 상의,COMPARABLE,4,MEN|UNISEX,E450535|E450543|E453754|E482321,메리노크루넥스웨터|캐시미어크루넥스웨터|워셔블밀라노립크루넥스웨터|워셔블3D니트크루넥스웨터,유니클로 category/subcategory의 명시적 의류 종류,,"{""category"": ""95357"", ""class"": ""95355"", ""gender"": ""57893"", ""subcategory"": ""95405""}","{""category"": ""sweaters and knitwear"", ""class"": ""sweaters and knitwear"", ""gender"": ""men"", ""subcategory"": ""crew neck""}"
uniqlo,uniqlo:57893:95355:95357:95406,MEN > 니트 & 가디건 > 니트 > 브이넥,A,일반 상의,COMPARABLE,1,MEN|UNISEX,E450536,메리노V넥스웨터,유니클로 category/subcategory의 명시적 의류 종류,,"{""category"": ""95357"", ""class"": ""95355"", ""gender"": ""57893"", ""subcategory"": ""95406""}","{""category"": ""sweaters and knitwear"", ""class"": ""sweaters and knitwear"", ""gender"": ""men"", ""subcategory"": ""v neck""}"
uniqlo,uniqlo:57893:95355:95357:95407,MEN > 니트 & 가디건 > 니트 > 터틀넥,A,일반 상의,COMPARABLE,2,MEN|UNISEX,E450544|E486066,캐시미어터틀넥스웨터|메리노터틀넥스웨터,유니클로 category/subcategory의 명시적 의류 종류,,"{""category"": ""95357"", ""class"": ""95355"", ""gender"": ""57893"", ""subcategory"": ""95407""}","{""category"": ""sweaters and knitwear"", ""class"": ""sweaters and knitwear"", ""gender"": ""men"", ""subcategory"": ""turtle neck""}"
uniqlo,uniqlo:57893:95355:95357:95408,MEN > 니트 & 가디건 > 니트 > 반팔 니트,A,일반 상의,COMPARABLE,4,MEN|UNISEX,E476997|E481004|E482328|E485612,워셔블니트폴로스웨터(반팔)|워셔블밀라노립니트T(반팔)|워셔블니트스키퍼폴로스웨터(반팔)|워셔블니트폴로스웨터(반팔)스트라이프,유니클로 category/subcategory의 명시적 의류 종류,,"{""category"": ""95357"", ""class"": ""95355"", ""gender"": ""57893"", ""subcategory"": ""95408""}","{""category"": ""sweaters and knitwear"", ""class"": ""sweaters and knitwear"", ""gender"": ""men"", ""subcategory"": ""short sleeve""}"
uniqlo,uniqlo:57893:95356:95359:95422,MEN > 셔츠 > 캐주얼셔츠 > 반팔,A,일반 상의,COMPARABLE,7,MEN|UNISEX,E482497|E482498|E482502|E484876|E489136,박시셔츠(반팔)|박시셔츠(반팔)체크|코튼리넨셔츠(반팔)|프리미엄리넨오버사이즈셔츠(반팔)|브로드셔츠(반팔)프린트A,유니클로 category/subcategory의 명시적 의류 종류,,"{""category"": ""95359"", ""class"": ""95356"", ""gender"": ""57893"", ""subcategory"": ""95422""}","{""category"": ""casual shirts"", ""class"": ""shirts and polo shirts"", ""gender"": ""men"", ""subcategory"": ""short sleeves""}"
uniqlo,uniqlo:57893:95356:95359:95423,MEN > 셔츠 > 캐주얼셔츠 > 플란넬,A,일반 상의,COMPARABLE,5,MEN|UNISEX,E470182|E470187|E481224|E486597|E486604,플란넬셔츠|플란넬셔츠(블록체크)|플란넬셔츠(옴브레체크)A|플란넬셔츠(옴브레체크)B|플란넬셔츠(타탄체크)E,유니클로 category/subcategory의 명시적 의류 종류,,"{""category"": ""95359"", ""class"": ""95356"", ""gender"": ""57893"", ""subcategory"": ""95423""}","{""category"": ""casual shirts"", ""class"": ""shirts and polo shirts"", ""gender"": ""men"", ""subcategory"": ""flannel""}"
uniqlo,uniqlo:57893:95356:95359:95424,MEN > 셔츠 > 캐주얼셔츠 > 옥스포드,A,일반 상의,COMPARABLE,2,MEN|UNISEX,E450259|E452298,옥스포드셔츠|옥스포드셔츠(스트라이프),유니클로 category/subcategory의 명시적 의류 종류,,"{""category"": ""95359"", ""class"": ""95356"", ""gender"": ""57893"", ""subcategory"": ""95424""}","{""category"": ""casual shirts"", ""class"": ""shirts and polo shirts"", ""gender"": ""men"", ""subcategory"": ""oxford""}"
uniqlo,uniqlo:57893:95356:95359:95425,MEN > 셔츠 > 캐주얼셔츠 > 데님 & 샴브레이,A,일반 상의,COMPARABLE,2,MEN|UNISEX,E481388|E482452,샴브레이오버셔츠|샴브레이오버셔츠,유니클로 category/subcategory의 명시적 의류 종류,,"{""category"": ""95359"", ""class"": ""95356"", ""gender"": ""57893"", ""subcategory"": ""95425""}","{""category"": ""casual shirts"", ""class"": ""shirts and polo shirts"", ""gender"": ""men"", ""subcategory"": ""denim work""}"
uniqlo,uniqlo:57893:95356:95359:95426,MEN > 셔츠 > 캐주얼셔츠 > 브로드 클로스(코튼100%),A,일반 상의,COMPARABLE,3,MEN|UNISEX,E450260|E480764|E482460,브로드클로스셔츠(버튼다운칼라)|브로드클로스셔츠(버튼다운칼라)헤어라인|브로드클로스셔츠(버튼다운칼라)스트라이프,유니클로 category/subcategory의 명시적 의류 종류,,"{""category"": ""95359"", ""class"": ""95356"", ""gender"": ""57893"", ""subcategory"": ""95426""}","{""category"": ""casual shirts"", ""class"": ""shirts and polo shirts"", ""gender"": ""men"", ""subcategory"": ""efc broadcloth""}"
uniqlo,uniqlo:57893:95356:95359:95427,MEN > 셔츠 > 캐주얼셔츠 > 리넨,A,일반 상의,COMPARABLE,2,MEN|UNISEX,E455957|E482434,프리미엄리넨셔츠|프리미엄리넨셔츠(스트라이프)B,유니클로 category/subcategory의 명시적 의류 종류,,"{""category"": ""95359"", ""class"": ""95356"", ""gender"": ""57893"", ""subcategory"": ""95427""}","{""category"": ""casual shirts"", ""class"": ""shirts and polo shirts"", ""gender"": ""men"", ""subcategory"": ""linen""}"
uniqlo,uniqlo:57893:95356:95359:95430,MEN > 셔츠 > 캐주얼셔츠 > 오픈 칼라,A,일반 상의,COMPARABLE,4,MEN,E474152|E482479|E482480|E482483,STUDIO GHIBLI오픈칼라셔츠(반팔)C|오픈칼라셔츠(반팔)|오픈칼라셔츠(반팔·프린트)A|오픈칼라셔츠(반팔·프린트)B,유니클로 category/subcategory의 명시적 의류 종류,,"{""category"": ""95359"", ""class"": ""95356"", ""gender"": ""57893"", ""subcategory"": ""95430""}","{""category"": ""casual shirts"", ""class"": ""shirts and polo shirts"", ""gender"": ""men"", ""subcategory"": ""stand collar""}"
uniqlo,uniqlo:57893:95356:95359:95431,MEN > 셔츠 > 캐주얼셔츠 > 긴팔,A,일반 상의,COMPARABLE,30,MEN|UNISEX,E482461|E484244|E484245|E484904|E484905,브로드클로스셔츠(버튼다운칼라)체크A|옥스포드오버사이즈셔츠|데님셔츠|옥스포드오버사이즈셔츠(스트라이프)A|옥스포드오버사이즈셔츠(스트라이프)B,유니클로 category/subcategory의 명시적 의류 종류,,"{""category"": ""95359"", ""class"": ""95356"", ""gender"": ""57893"", ""subcategory"": ""95431""}","{""category"": ""casual shirts"", ""class"": ""shirts and polo shirts"", ""gender"": ""men"", ""subcategory"": ""long sleeves""}"
uniqlo,uniqlo:57893:95356:95359:95435,MEN > 셔츠 > 캐주얼셔츠 > GU,A,일반 상의,COMPARABLE,4,MEN,E486734|E486736|E486738|E486834,GU이지케어브로드클로스셔츠(반팔)|GU나일론포켓셔츠(반팔)|GU텍스처패턴셔츠(반팔)|GU드라이코치셔츠(반팔),유니클로 category/subcategory의 명시적 의류 종류,,"{""category"": ""95359"", ""class"": ""95356"", ""gender"": ""57893"", ""subcategory"": ""95435""}","{""category"": ""casual shirts"", ""class"": ""shirts and polo shirts"", ""gender"": ""men"", ""subcategory"": ""others""}"
uniqlo,uniqlo:57893:95356:95360:95436,MEN > 셔츠 > 폴로셔츠 (카라티) > 그 외,A,일반 상의,COMPARABLE,1,MEN|UNISEX,E487939,수플레얀폴로스웨터,유니클로 category/subcategory의 명시적 의류 종류,,"{""category"": ""95360"", ""class"": ""95356"", ""gender"": ""57893"", ""subcategory"": ""95436""}","{""category"": ""polo shirts"", ""class"": ""shirts and polo shirts"", ""gender"": ""men"", ""subcategory"": ""long sleeve""}"
uniqlo,uniqlo:57893:95356:95360:95438,MEN > 셔츠 > 폴로셔츠 (카라티) > 드라이 피케,A,일반 상의,COMPARABLE,7,MEN,E482304|E485564|E485565|E485566|E485567,드라이피케폴로셔츠|드라이피케폴로셔츠(티핑)|드라이피케스트라이프폴로셔츠(와이드)|드라이피케스트라이프폴로셔츠(내로우)|드라이피케스트라이프폴로셔츠(멀티),유니클로 category/subcategory의 명시적 의류 종류,,"{""category"": ""95360"", ""class"": ""95356"", ""gender"": ""57893"", ""subcategory"": ""95438""}","{""category"": ""polo shirts"", ""class"": ""shirts and polo shirts"", ""gender"": ""men"", ""subcategory"": ""dry pique""}"
uniqlo,uniqlo:57893:95356:95360:95439,MEN > 셔츠 > 폴로셔츠 (카라티) > 에어리즘 코튼,F|A,이너웨어·홈웨어|일반 상의,COMPARABLE,4,MEN,E465196|E475367|E479724|E482303,AIRism코튼피케폴로셔츠(반팔)|AIRism코튼피케폴로셔츠|AIRism코튼피케폴로셔츠|AIRism코튼피케풀오픈폴로셔츠,유니클로 category/subcategory의 명시적 의류 종류,,"{""category"": ""95360"", ""class"": ""95356"", ""gender"": ""57893"", ""subcategory"": ""95439""}","{""category"": ""polo shirts"", ""class"": ""shirts and polo shirts"", ""gender"": ""men"", ""subcategory"": ""airism""}"
uniqlo,uniqlo:57893:95356:95360:95440,MEN > 셔츠 > 폴로셔츠 (카라티) > DRY-EX,A,일반 상의,COMPARABLE,3,MEN,E482305|E483972|E489085,DRY-EX폴로셔츠|DRY-EX폴로셔츠(패턴)|DRY-EX폴로셔츠(아담스콧),유니클로 category/subcategory의 명시적 의류 종류,,"{""category"": ""95360"", ""class"": ""95356"", ""gender"": ""57893"", ""subcategory"": ""95440""}","{""category"": ""polo shirts"", ""class"": ""shirts and polo shirts"", ""gender"": ""men"", ""subcategory"": ""dry ex""}"
uniqlo,uniqlo:57894:100066:100068:100091,KIDS > 니트 & 셔츠 > 셔츠 > 셔츠,A,일반 상의,COMPARABLE,1,KIDS,E488777,KIDS플란넬체크셔츠D,유니클로 category/subcategory의 명시적 의류 종류,,"{""category"": ""100068"", ""class"": ""100066"", ""gender"": ""57894"", ""subcategory"": ""100091""}","{""category"": ""shirts"", ""class"": ""knitwear"", ""gender"": ""kids"", ""subcategory"": ""shirts""}"
uniqlo,uniqlo:57894:103078:103082:103092,KIDS > 히트텍 > 히트텍 엑스트라 웜 > 레깅스,C|F,팬츠·쇼츠·레깅스|이너웨어·홈웨어,COMPARABLE,1,KIDS,E485369,KIDS히트텍엑스트라웜코튼레깅스,유니클로 category/subcategory의 명시적 의류 종류,,"{""category"": ""103082"", ""class"": ""103078"", ""gender"": ""57894"", ""subcategory"": ""103092""}","{""category"": ""heattech extra warm"", ""class"": ""heattech"", ""gender"": ""kids"", ""subcategory"": ""leggings""}"
uniqlo,uniqlo:57894:150424:150426:150437,KIDS > 남아 & 공용 > 티셔츠 & 스웨트셔츠 > 티셔츠 (반팔 & 긴팔),A,일반 상의,COMPARABLE,1,KIDS,E486658,KIDS소프트니트후리스크루넥T(긴팔),유니클로 category/subcategory의 명시적 의류 종류,,"{""category"": ""150426"", ""class"": ""150424"", ""gender"": ""57894"", ""subcategory"": ""150437""}","{""category"": ""tops"", ""class"": ""boys and unisex"", ""gender"": ""kids"", ""subcategory"": ""t shirts""}"
uniqlo,uniqlo:57894:150424:150426:150438,KIDS > 남아 & 공용 > 티셔츠 & 스웨트셔츠 > 그래픽티셔츠,A,일반 상의,COMPARABLE,2,KIDS,E492989|E492990,KIDS KAWS UNIVERSE UT(그래픽T)B|KIDS KAWS UNIVERSE UT(그래픽T)C,유니클로 category/subcategory의 명시적 의류 종류,,"{""category"": ""150426"", ""class"": ""150424"", ""gender"": ""57894"", ""subcategory"": ""150438""}","{""category"": ""tops"", ""class"": ""boys and unisex"", ""gender"": ""kids"", ""subcategory"": ""ut graphic tees""}"
uniqlo,uniqlo:57894:150424:150429:150440,KIDS > 남아 & 공용 > 팬츠 > 청바지 & 팬츠,C,팬츠·쇼츠·레깅스,COMPARABLE,1,KIDS,E488860,KIDS라이트웨이트데님배럴앵클팬츠(인디고),유니클로 category/subcategory의 명시적 의류 종류,,"{""category"": ""150429"", ""class"": ""150424"", ""gender"": ""57894"", ""subcategory"": ""150440""}","{""category"": ""bottoms"", ""class"": ""boys and unisex"", ""gender"": ""kids"", ""subcategory"": ""pants""}"
uniqlo,uniqlo:57894:150424:150431:150433,KIDS > 남아 & 공용 > 아우터 > 블루종 & 파카,B,아우터,COMPARABLE,2,KIDS,E490470|E491181,KIDS패디드블루종|KIDS PUFFTECH워셔블파카,유니클로 category/subcategory의 명시적 의류 종류,,"{""category"": ""150431"", ""class"": ""150424"", ""gender"": ""57894"", ""subcategory"": ""150433""}","{""category"": ""outerwear"", ""class"": ""boys and unisex"", ""gender"": ""kids"", ""subcategory"": ""blousons and parkas""}"
uniqlo,uniqlo:57894:150424:150431:150450,KIDS > 남아 & 공용 > 아우터 > 그 외,B,아우터,COMPARABLE,1,KIDS,E486660,KIDS후리스풀집재킷,유니클로 category/subcategory의 명시적 의류 종류,,"{""category"": ""150431"", ""class"": ""150424"", ""gender"": ""57894"", ""subcategory"": ""150450""}","{""category"": ""outerwear"", ""class"": ""boys and unisex"", ""gender"": ""kids"", ""subcategory"": ""other""}"
uniqlo,uniqlo:57894:57973:58075:105253,KIDS > 아우터 > 재킷 & 파카 > 후리스,B,아우터,COMPARABLE,1,KIDS,E478168,KIDS플러피후리스풀집재킷,유니클로 category/subcategory의 명시적 의류 종류,,"{""category"": ""58075"", ""class"": ""57973"", ""gender"": ""57894"", ""subcategory"": ""105253""}","{""category"": ""parkas and blousons"", ""class"": ""outerwear"", ""gender"": ""kids"", ""subcategory"": ""fleece""}"
uniqlo,uniqlo:57894:57973:58075:58573,KIDS > 아우터 > 재킷 & 파카 > 파카,B,아우터,COMPARABLE,1,KIDS,E480861,KIDS포켓터블UV PROTECTION파카(컬러블록),유니클로 category/subcategory의 명시적 의류 종류,,"{""category"": ""58075"", ""class"": ""57973"", ""gender"": ""57894"", ""subcategory"": ""58573""}","{""category"": ""parkas and blousons"", ""class"": ""outerwear"", ""gender"": ""kids"", ""subcategory"": ""parkas""}"
uniqlo,uniqlo:57894:57973:58075:58576,KIDS > 아우터 > 재킷 & 파카 > 패딩,B,아우터,COMPARABLE,1,KIDS,E478123,KIDS PUFFTECH워셔블파카A,유니클로 category/subcategory의 명시적 의류 종류,,"{""category"": ""58075"", ""class"": ""57973"", ""gender"": ""57894"", ""subcategory"": ""58576""}","{""category"": ""parkas and blousons"", ""class"": ""outerwear"", ""gender"": ""kids"", ""subcategory"": ""padding""}"
uniqlo,uniqlo:57894:57973:58075:58577,KIDS > 아우터 > 재킷 & 파카 > 그 외,B,아우터,COMPARABLE,2,KIDS,E486622|E493533,KIDS PUFFTECH워셔블베스트|KIDS스웨트스타디움블루종,유니클로 category/subcategory의 명시적 의류 종류,,"{""category"": ""58075"", ""class"": ""57973"", ""gender"": ""57894"", ""subcategory"": ""58577""}","{""category"": ""parkas and blousons"", ""class"": ""outerwear"", ""gender"": ""kids"", ""subcategory"": ""others""}"
uniqlo,uniqlo:57894:57974:58077:58580,KIDS > 티셔츠 & 스웨트셔츠 & 후리스 > 스웨트셔츠 & 후드티 > 스웨트셔츠,A,일반 상의,COMPARABLE,7,KIDS,E487337|E487338|E487339|E487340|E492991,KIDS PEANUTS드라이스웨트셔츠A|KIDS PEANUTS드라이스웨트셔츠B|KIDS PEANUTS드라이스웨트셔츠C|KIDS PEANUTS드라이스웨트셔츠D|KIDS KAWS UNIVERSE스웨트셔츠A,유니클로 category/subcategory의 명시적 의류 종류,,"{""category"": ""58077"", ""class"": ""57974"", ""gender"": ""57894"", ""subcategory"": ""58580""}","{""category"": ""sweatshirts and hoodies"", ""class"": ""tops"", ""gender"": ""kids"", ""subcategory"": ""pullover""}"
uniqlo,uniqlo:57894:57974:58077:58581,KIDS > 티셔츠 & 스웨트셔츠 & 후리스 > 스웨트셔츠 & 후드티 > 스웨트파카,A|B,일반 상의|아우터,COMPARABLE,1,KIDS,E488939,KIDS드라이스웨트풀집파카(컬러블록),유니클로 category/subcategory의 명시적 의류 종류,,"{""category"": ""58077"", ""class"": ""57974"", ""gender"": ""57894"", ""subcategory"": ""58581""}","{""category"": ""sweatshirts and hoodies"", ""class"": ""tops"", ""gender"": ""kids"", ""subcategory"": ""parka""}"
uniqlo,uniqlo:57894:57974:58077:58582,KIDS > 티셔츠 & 스웨트셔츠 & 후리스 > 스웨트셔츠 & 후드티 > 스웨트팬츠,C,팬츠·쇼츠·레깅스,COMPARABLE,2,KIDS,E488163|E488426,KIDS드라이스웨트와이드팬츠|KIDS드라이스웨트팬츠,유니클로 category/subcategory의 명시적 의류 종류,,"{""category"": ""58077"", ""class"": ""57974"", ""gender"": ""57894"", ""subcategory"": ""58582""}","{""category"": ""sweatshirts and hoodies"", ""class"": ""tops"", ""gender"": ""kids"", ""subcategory"": ""sweat pants""}"
uniqlo,uniqlo:57894:57974:58077:96145,KIDS > 티셔츠 & 스웨트셔츠 & 후리스 > 스웨트셔츠 & 후드티 > 스웨트풀집,A|B,일반 상의|아우터,COMPARABLE,1,KIDS,E483443,KIDS드라이스웨트풀집파카(무지),유니클로 category/subcategory의 명시적 의류 종류,,"{""category"": ""58077"", ""class"": ""57974"", ""gender"": ""57894"", ""subcategory"": ""96145""}","{""category"": ""sweatshirts and hoodies"", ""class"": ""tops"", ""gender"": ""kids"", ""subcategory"": ""full zip""}"
uniqlo,uniqlo:57894:57974:58078:58584,KIDS > 티셔츠 & 스웨트셔츠 & 후리스 > 티셔츠 (긴팔 & 반팔) > 긴팔,A,일반 상의,COMPARABLE,4,KIDS,E486651|E486992|E486994|E488762,KIDS AIRism코튼스트라이프크루넥T(긴팔)A|GIRLS립크루넥T(긴팔)|GIRLS립크루넥T(긴팔)스트라이프|KIDS AIRism코튼스트라이프크루넥T(긴팔)B,유니클로 category/subcategory의 명시적 의류 종류,,"{""category"": ""58078"", ""class"": ""57974"", ""gender"": ""57894"", ""subcategory"": ""58584""}","{""category"": ""t shirts"", ""class"": ""tops"", ""gender"": ""kids"", ""subcategory"": ""long sleeve""}"
uniqlo,uniqlo:57894:57974:58078:58585,KIDS > 티셔츠 & 스웨트셔츠 & 후리스 > 티셔츠 (긴팔 & 반팔) > 반팔,A,일반 상의,COMPARABLE,12,KIDS,E483377|E483382|E483414|E483415|E483416,GIRLS엠브로이더리콤비네이션T|GIRLS프릴T|KIDS AIRism코튼그래픽크루넥T|KIDS AIRism코튼그래픽크루넥T|KIDS AIRism코튼그래픽크루넥T,유니클로 category/subcategory의 명시적 의류 종류,,"{""category"": ""58078"", ""class"": ""57974"", ""gender"": ""57894"", ""subcategory"": ""58585""}","{""category"": ""t shirts"", ""class"": ""tops"", ""gender"": ""kids"", ""subcategory"": ""short sleeve""}"
uniqlo,uniqlo:57894:57974:58078:58586,KIDS > 티셔츠 & 스웨트셔츠 & 후리스 > 티셔츠 (긴팔 & 반팔) > 걸즈,A,일반 상의,COMPARABLE,2,KIDS,E484066|E485778,GIRLS퍼프슬리브T(셔링)|GIRLS퍼프슬리브T,유니클로 category/subcategory의 명시적 의류 종류,,"{""category"": ""58078"", ""class"": ""57974"", ""gender"": ""57894"", ""subcategory"": ""58586""}","{""category"": ""t shirts"", ""class"": ""tops"", ""gender"": ""kids"", ""subcategory"": ""girls""}"
uniqlo,uniqlo:57894:57974:58078:58587,KIDS > 티셔츠 & 스웨트셔츠 & 후리스 > 티셔츠 (긴팔 & 반팔) > 에어리즘 코튼,F|A,이너웨어·홈웨어|일반 상의,COMPARABLE,2,KIDS,E474592|E474832,KIDS AIRism코튼크루넥T|KIDS AIRism코튼크루넥T(긴팔),유니클로 category/subcategory의 명시적 의류 종류,,"{""category"": ""58078"", ""class"": ""57974"", ""gender"": ""57894"", ""subcategory"": ""58587""}","{""category"": ""t shirts"", ""class"": ""tops"", ""gender"": ""kids"", ""subcategory"": ""airism cotton""}"
uniqlo,uniqlo:57894:57974:58081:132868,KIDS > 티셔츠 & 스웨트셔츠 & 후리스 > 그래픽티셔츠 > MAGIC FOR ALL ICONS,A,일반 상의,COMPARABLE,9,KIDS,E484212|E484214|E484218|E484219|E484220,KIDS MAGIC FOR ALL ICONS UT(그래픽T)A|KIDS MAGIC FOR ALL ICONS UT(그래픽T)C|KIDS MAGIC FOR ALL ICONS UT(그래픽T)Marie|KIDS MAGIC FOR ALL ICONS UT(그래픽T)Chip Dale|KIDS MAGIC FOR ALL ICONS UT(그래픽T)Bambi,유니클로 category/subcategory의 명시적 의류 종류,,"{""category"": ""58081"", ""class"": ""57974"", ""gender"": ""57894"", ""subcategory"": ""132868""}","{""category"": ""ut graphic tees"", ""class"": ""tops"", ""gender"": ""kids"", ""subcategory"": ""magic for all icons 26ss""}"
uniqlo,uniqlo:57894:57974:58081:136168,KIDS > 티셔츠 & 스웨트셔츠 & 후리스 > 그래픽티셔츠 > PEANUTS,A,일반 상의,COMPARABLE,1,KIDS,E491320,KIDS PEANUTS코치재킷,유니클로 category/subcategory의 명시적 의류 종류,,"{""category"": ""58081"", ""class"": ""57974"", ""gender"": ""57894"", ""subcategory"": ""136168""}","{""category"": ""ut graphic tees"", ""class"": ""tops"", ""gender"": ""kids"", ""subcategory"": ""peanuts 26ss""}"
uniqlo,uniqlo:57894:57974:58081:144584,KIDS > 티셔츠 & 스웨트셔츠 & 후리스 > 그래픽티셔츠 > MARIO KART WORLD,A,일반 상의,COMPARABLE,4,KIDS,E488193|E491287|E491288|E491289,KIDS Mario Kart World스웨트후디A|KIDS Mario Kart World스웨트후디B|KIDS Mario Kart World스웨트후디C|KIDS Mario Kart World스웨트후디D,유니클로 category/subcategory의 명시적 의류 종류,,"{""category"": ""58081"", ""class"": ""57974"", ""gender"": ""57894"", ""subcategory"": ""144584""}","{""category"": ""ut graphic tees"", ""class"": ""tops"", ""gender"": ""kids"", ""subcategory"": ""mario kart world 26ss""}"
uniqlo,uniqlo:57894:57974:58081:146992,KIDS > 티셔츠 & 스웨트셔츠 & 후리스 > 그래픽티셔츠 > CHIIKAWA,A,일반 상의,COMPARABLE,3,KIDS,E487272|E491284|E491285,GIRLS CHIIKAWA스웨트셔츠A|GIRLS CHIIKAWA스웨트셔츠B|GIRLS CHIIKAWA스웨트셔츠C,유니클로 category/subcategory의 명시적 의류 종류,,"{""category"": ""58081"", ""class"": ""57974"", ""gender"": ""57894"", ""subcategory"": ""146992""}","{""category"": ""ut graphic tees"", ""class"": ""tops"", ""gender"": ""kids"", ""subcategory"": ""chiikawa 26ss""}"
uniqlo,uniqlo:57894:57974:58081:151483,KIDS > 티셔츠 & 스웨트셔츠 & 후리스 > 그래픽티셔츠 > Pokémon,A,일반 상의,COMPARABLE,4,KIDS,E483675|E483676|E483677|E483678,KIDS Pokémon UT(그래픽T)F|KIDS Pokémon UT(그래픽T)G|KIDS Pokémon UT(그래픽T)H|KIDS Pokémon UT(그래픽T)I,유니클로 category/subcategory의 명시적 의류 종류,,"{""category"": ""58081"", ""class"": ""57974"", ""gender"": ""57894"", ""subcategory"": ""151483""}","{""category"": ""ut graphic tees"", ""class"": ""tops"", ""gender"": ""kids"", ""subcategory"": ""pokemon 26ss 2nd""}"
uniqlo,uniqlo:57894:57975:58082:58597,KIDS > 청바지 & 팬츠 > 청바지 & 팬츠 > 카고 팬츠,C,팬츠·쇼츠·레깅스,COMPARABLE,1,KIDS,E484717,KIDS카고조거팬츠(샴브레이),유니클로 category/subcategory의 명시적 의류 종류,,"{""category"": ""58082"", ""class"": ""57975"", ""gender"": ""57894"", ""subcategory"": ""58597""}","{""category"": ""pants"", ""class"": ""pants and skirts"", ""gender"": ""kids"", ""subcategory"": ""cargo pants""}"
uniqlo,uniqlo:57894:57975:58082:58599,KIDS > 청바지 & 팬츠 > 청바지 & 팬츠 > 스웨트 팬츠,C,팬츠·쇼츠·레깅스,COMPARABLE,1,KIDS,E485162,KIDS드라이스웨트팬츠(카고),유니클로 category/subcategory의 명시적 의류 종류,,"{""category"": ""58082"", ""class"": ""57975"", ""gender"": ""57894"", ""subcategory"": ""58599""}","{""category"": ""pants"", ""class"": ""pants and skirts"", ""gender"": ""kids"", ""subcategory"": ""sweat pants""}"
uniqlo,uniqlo:57894:57975:58082:58600,KIDS > 청바지 & 팬츠 > 청바지 & 팬츠 > 진,C,팬츠·쇼츠·레깅스,COMPARABLE,3,KIDS,E486630|E486637|E486638,KIDS배럴레그진|KIDS저지레귤러핏진|KIDS저지레귤러핏컬러진,유니클로 category/subcategory의 명시적 의류 종류,,"{""category"": ""58082"", ""class"": ""57975"", ""gender"": ""57894"", ""subcategory"": ""58600""}","{""category"": ""pants"", ""class"": ""pants and skirts"", ""gender"": ""kids"", ""subcategory"": ""jeans""}"
uniqlo,uniqlo:57894:57975:58082:58601,KIDS > 청바지 & 팬츠 > 청바지 & 팬츠 > 조거 팬츠,C,팬츠·쇼츠·레깅스,COMPARABLE,1,KIDS,E483502,KIDS카고조거팬츠(무지),유니클로 category/subcategory의 명시적 의류 종류,,"{""category"": ""58082"", ""class"": ""57975"", ""gender"": ""57894"", ""subcategory"": ""58601""}","{""category"": ""pants"", ""class"": ""pants and skirts"", ""gender"": ""kids"", ""subcategory"": ""jogger pants""}"
uniqlo,uniqlo:57894:57975:58082:58603,KIDS > 청바지 & 팬츠 > 청바지 & 팬츠 > 이지 팬츠,C,팬츠·쇼츠·레깅스,COMPARABLE,1,KIDS,E479575,KIDS스트레치이지팬츠,유니클로 category/subcategory의 명시적 의류 종류,,"{""category"": ""58082"", ""class"": ""57975"", ""gender"": ""57894"", ""subcategory"": ""58603""}","{""category"": ""pants"", ""class"": ""pants and skirts"", ""gender"": ""kids"", ""subcategory"": ""easy pants""}"
uniqlo,uniqlo:57894:57975:58084:58607,KIDS > 청바지 & 팬츠 > 반바지 > 반바지,C,팬츠·쇼츠·레깅스,COMPARABLE,6,KIDS,E483327|E483395|E483406|E483411|E483412,GIRLS데님쇼트팬츠|GIRLS이지쇼트팬츠|KIDS기어쇼트팬츠(물놀이겸용)|KIDS AIRism코튼하프팬츠(무지)|KIDS AIRism코튼하프팬츠(프린트),유니클로 category/subcategory의 명시적 의류 종류,,"{""category"": ""58084"", ""class"": ""57975"", ""gender"": ""57894"", ""subcategory"": ""58607""}","{""category"": ""short pants"", ""class"": ""pants and skirts"", ""gender"": ""kids"", ""subcategory"": ""shorts""}"
uniqlo,uniqlo:57894:57975:58084:58608,KIDS > 청바지 & 팬츠 > 반바지 > 스커트 팬츠,C|D,팬츠·쇼츠·레깅스|스커트,COMPARABLE,8,KIDS,E483329|E483394|E484064|E484924|E486220,GIRLS유틸리티미니스코츠|GIRLS셔링스코츠(무지)|GIRLS저지미니스코츠(엠브로이더리)|GIRLS저지미니스코츠(플라워)|GIRLS저지미니스코츠(벌룬),유니클로 category/subcategory의 명시적 의류 종류,,"{""category"": ""58084"", ""class"": ""57975"", ""gender"": ""57894"", ""subcategory"": ""58608""}","{""category"": ""short pants"", ""class"": ""pants and skirts"", ""gender"": ""kids"", ""subcategory"": ""skorts""}"
uniqlo,uniqlo:57894:57976:58085:58611,KIDS > 스커트 & 원피스 > 원피스 > 슬리브리스,E,원피스·점프수트·커버올,COMPARABLE,2,KIDS,E488976|E489063,GIRLS셔링원피스(슬리브리스)무지|GIRLS셔링원피스(슬리브리스)체크,유니클로 category/subcategory의 명시적 의류 종류,,"{""category"": ""58085"", ""class"": ""57976"", ""gender"": ""57894"", ""subcategory"": ""58611""}","{""category"": ""dresses"", ""class"": ""dresses and skirts"", ""gender"": ""kids"", ""subcategory"": ""sleeveless""}"
uniqlo,uniqlo:57894:57976:58085:58612,KIDS > 스커트 & 원피스 > 원피스 > 반팔,E,원피스·점프수트·커버올,COMPARABLE,1,KIDS,E488239,GIRLS프릴원피스(반팔),유니클로 category/subcategory의 명시적 의류 종류,,"{""category"": ""58085"", ""class"": ""57976"", ""gender"": ""57894"", ""subcategory"": ""58612""}","{""category"": ""dresses"", ""class"": ""dresses and skirts"", ""gender"": ""kids"", ""subcategory"": ""short sleeve""}"
uniqlo,uniqlo:57894:57977:58089:58626,KIDS > 스포츠 유틸리티 웨어 > 하의 > 바지,C,팬츠·쇼츠·레깅스,COMPARABLE,1,KIDS,E465163,KIDS울트라스트레치액티브조거팬츠,유니클로 category/subcategory의 명시적 의류 종류,,"{""category"": ""58089"", ""class"": ""57977"", ""gender"": ""57894"", ""subcategory"": ""58626""}","{""category"": ""bottoms"", ""class"": ""sport utility wear"", ""gender"": ""kids"", ""subcategory"": ""long pants""}"
uniqlo,uniqlo:57894:57978:58091:58633,KIDS > 이너웨어 > 에어리즘 > 에어리즘 코튼 블렌드,F,이너웨어·홈웨어,COMPARABLE,1,KIDS,E454063,GIRLS AIRism코튼블렌드캐미솔,유니클로 category/subcategory의 명시적 의류 종류,,"{""category"": ""58091"", ""class"": ""57978"", ""gender"": ""57894"", ""subcategory"": ""58633""}","{""category"": ""airism"", ""class"": ""innerwear"", ""gender"": ""kids"", ""subcategory"": ""airism cotton brend""}"
uniqlo,uniqlo:57894:57978:58091:58635,KIDS > 이너웨어 > 에어리즘 > 탱크탑,F|A,이너웨어·홈웨어|일반 상의,COMPARABLE,1,KIDS,E481951,KIDS AIRism마이크로메쉬탱크탑,유니클로 category/subcategory의 명시적 의류 종류,,"{""category"": ""58091"", ""class"": ""57978"", ""gender"": ""57894"", ""subcategory"": ""58635""}","{""category"": ""airism"", ""class"": ""innerwear"", ""gender"": ""kids"", ""subcategory"": ""tank top""}"
uniqlo,uniqlo:57894:57978:58091:58636,KIDS > 이너웨어 > 에어리즘 > 캐미솔,F|A,이너웨어·홈웨어|일반 상의,COMPARABLE,1,KIDS,E481994,GIRLS AIRism코튼블렌드캐미솔(프린트),유니클로 category/subcategory의 명시적 의류 종류,,"{""category"": ""58091"", ""class"": ""57978"", ""gender"": ""57894"", ""subcategory"": ""58636""}","{""category"": ""airism"", ""class"": ""innerwear"", ""gender"": ""kids"", ""subcategory"": ""camisole""}"
uniqlo,uniqlo:57894:57978:58092:100097,KIDS > 이너웨어 > 히트텍 > 긴팔,F,이너웨어·홈웨어,COMPARABLE,3,KIDS,E470362|E478628|E478634,KIDS히트텍엑스트라웜코튼크루넥T(긴팔)|KIDS히트텍엑스트라웜코튼크루넥T(긴팔)|KIDS히트텍울트라웜크루넥T(긴팔),유니클로 category/subcategory의 명시적 의류 종류,,"{""category"": ""58092"", ""class"": ""57978"", ""gender"": ""57894"", ""subcategory"": ""100097""}","{""category"": ""heattech"", ""class"": ""innerwear"", ""gender"": ""kids"", ""subcategory"": ""long sleeve""}"
uniqlo,uniqlo:57894:57978:58092:100098,KIDS > 이너웨어 > 히트텍 > 히트텍 엑스트라 웜,F,이너웨어·홈웨어,COMPARABLE,2,KIDS,E478637|E485359,KIDS히트텍엑스트라웜코튼레깅스|KIDS히트텍엑스트라웜코튼크루넥T(긴팔),유니클로 category/subcategory의 명시적 의류 종류,,"{""category"": ""58092"", ""class"": ""57978"", ""gender"": ""57894"", ""subcategory"": ""100098""}","{""category"": ""heattech"", ""class"": ""innerwear"", ""gender"": ""kids"", ""subcategory"": ""heattech extra warm""}"
uniqlo,uniqlo:57894:57978:58092:58641,KIDS > 이너웨어 > 히트텍 > 히트텍,F,이너웨어·홈웨어,COMPARABLE,1,KIDS,E478623,KIDS히트텍U넥T(긴팔),유니클로 category/subcategory의 명시적 의류 종류,,"{""category"": ""58092"", ""class"": ""57978"", ""gender"": ""57894"", ""subcategory"": ""58641""}","{""category"": ""heattech"", ""class"": ""innerwear"", ""gender"": ""kids"", ""subcategory"": ""heattech""}"
uniqlo,uniqlo:57894:57978:58092:58644,KIDS > 이너웨어 > 히트텍 > 양말,X,비교 제외,EXCLUDED,5,KIDS,E485394|E485396|E485397|E485400|E488947,KIDS히트텍삭스2P(페어아일)|KIDS히트텍삭스2P(라인)|GIRLS히트텍삭스2P(도트)|GIRLS히트텍삭스2P(퍼리)|KIDS히트텍삭스2P(케이블),유니클로 category가 명시적인 비의류/액세서리,,"{""category"": ""58092"", ""class"": ""57978"", ""gender"": ""57894"", ""subcategory"": ""58644""}","{""category"": ""heattech"", ""class"": ""innerwear"", ""gender"": ""kids"", ""subcategory"": ""others""}"
uniqlo,uniqlo:57894:57978:58093:58646,KIDS > 이너웨어 > 주니어브라 & 브라탑 > 브라탑,F|A,이너웨어·홈웨어|일반 상의,COMPARABLE,1,KIDS,E474816,GIRLS AIRism코튼블렌드브라캐미솔,유니클로 category/subcategory의 명시적 의류 종류,,"{""category"": ""58093"", ""class"": ""57978"", ""gender"": ""57894"", ""subcategory"": ""58646""}","{""category"": ""bras and bra tops"", ""class"": ""innerwear"", ""gender"": ""kids"", ""subcategory"": ""bra top""}"
uniqlo,uniqlo:57894:57978:58094:58648,KIDS > 이너웨어 > 레깅스 & 타이즈 > HEATTECH,X,비교 제외,EXCLUDED,2,KIDS,E458788|E470374,KIDS히트텍레깅스|KIDS히트텍엑스트라웜코튼레깅스,유니클로 category가 명시적인 비의류/액세서리,,"{""category"": ""58094"", ""class"": ""57978"", ""gender"": ""57894"", ""subcategory"": ""58648""}","{""category"": ""leggings and tights"", ""class"": ""innerwear"", ""gender"": ""kids"", ""subcategory"": ""heattech""}"
uniqlo,uniqlo:57894:57978:58095:58650,KIDS > 이너웨어 > 언더웨어 > 복서브리프,F,이너웨어·홈웨어,COMPARABLE,1,KIDS,E478657,BOYS AIRism복서브리프3P,유니클로 category/subcategory의 명시적 의류 종류,,"{""category"": ""58095"", ""class"": ""57978"", ""gender"": ""57894"", ""subcategory"": ""58650""}","{""category"": ""underwear"", ""class"": ""innerwear"", ""gender"": ""kids"", ""subcategory"": ""boxer briefs""}"
uniqlo,uniqlo:57894:57978:58095:58651,KIDS > 이너웨어 > 언더웨어 > 쇼츠,F,이너웨어·홈웨어,COMPARABLE,1,KIDS,E482015,GIRLS AIRism심리스쇼츠(3P·복서),유니클로 category/subcategory의 명시적 의류 종류,,"{""category"": ""58095"", ""class"": ""57978"", ""gender"": ""57894"", ""subcategory"": ""58651""}","{""category"": ""underwear"", ""class"": ""innerwear"", ""gender"": ""kids"", ""subcategory"": ""shorts""}"
uniqlo,uniqlo:57894:57978:58096:58653,KIDS > 이너웨어 > 양말 > 레귤러삭스,X,비교 제외,EXCLUDED,5,KIDS,E481972|E485403|E485408|E485411|E488359,KIDS삭스3P(라인)B|KIDS삭스3P(라인)C|GIRLS삭스3P|KIDS쇼트삭스3P|KIDS삭스3P,유니클로 category가 명시적인 비의류/액세서리,,"{""category"": ""58096"", ""class"": ""57978"", ""gender"": ""57894"", ""subcategory"": ""58653""}","{""category"": ""socks"", ""class"": ""innerwear"", ""gender"": ""kids"", ""subcategory"": ""regular socks""}"
uniqlo,uniqlo:57894:57978:58096:58654,KIDS > 이너웨어 > 양말 > 쇼트삭스,X,비교 제외,EXCLUDED,4,KIDS,E464284|E481973|E481978|E485416,KIDS쇼트삭스3P(서포트)|KIDS쇼트삭스3P(라인)A|KIDS쇼트삭스3P(라인)B|GIRLS쇼트삭스3P,유니클로 category가 명시적인 비의류/액세서리,,"{""category"": ""58096"", ""class"": ""57978"", ""gender"": ""57894"", ""subcategory"": ""58654""}","{""category"": ""socks"", ""class"": ""innerwear"", ""gender"": ""kids"", ""subcategory"": ""short socks""}"
uniqlo,uniqlo:57894:59410:59411:63038,KIDS > 액세서리 > 액세서리 > 모자,X,비교 제외,EXCLUDED,2,KIDS,E485791|E486675,KIDS PEANUTS UV PROTECTION캡|KIDS PEANUTS UV PROTECTION캡,유니클로 category가 명시적인 비의류/액세서리,,"{""category"": ""59411"", ""class"": ""59410"", ""gender"": ""57894"", ""subcategory"": ""63038""}","{""category"": ""accessories"", ""class"": ""accessories"", ""gender"": ""kids"", ""subcategory"": ""hats""}"
uniqlo,uniqlo:57894:81621:82095:82486,KIDS > 에어리즘 > 주니어브라 & 브라탑 > 브라탑,F|A,이너웨어·홈웨어|일반 상의,COMPARABLE,1,KIDS,E482006,GIRLS AIRism퍼스트브라,유니클로 category/subcategory의 명시적 의류 종류,,"{""category"": ""82095"", ""class"": ""81621"", ""gender"": ""57894"", ""subcategory"": ""82486""}","{""category"": ""bras and bra tops"", ""class"": ""airism"", ""gender"": ""kids"", ""subcategory"": ""others""}"
uniqlo,uniqlo:57894:81621:86272:86273,KIDS > 에어리즘 > 언더웨어 > Others 그 외,F,이너웨어·홈웨어,COMPARABLE,1,KIDS,E478656,BOYS AIRism복서브리프3P,유니클로 category/subcategory의 명시적 의류 종류,,"{""category"": ""86272"", ""class"": ""81621"", ""gender"": ""57894"", ""subcategory"": ""86273""}","{""category"": ""innerwear"", ""class"": ""airism"", ""gender"": ""kids"", ""subcategory"": ""others""}"
uniqlo,uniqlo:57925:57980:58101:58668,BABY > 신생아(0개월~2세) > 커버올 > 긴팔,E,원피스·점프수트·커버올,COMPARABLE,3,BABY,E486335|E486336|E487950,BN립커버올(긴팔)|BN립커버올(긴팔)스트라이프|BN살로페트,유니클로 category/subcategory의 명시적 의류 종류,,"{""category"": ""58101"", ""class"": ""57980"", ""gender"": ""57925"", ""subcategory"": ""58668""}","{""category"": ""one pieces"", ""class"": ""newborn"", ""gender"": ""baby"", ""subcategory"": ""longsleeves""}"
uniqlo,uniqlo:57925:57980:58101:58669,BABY > 신생아(0개월~2세) > 커버올 > 반팔,E,원피스·점프수트·커버올,COMPARABLE,1,BABY,E483021,BN커버올(반팔)A,유니클로 category/subcategory의 명시적 의류 종류,,"{""category"": ""58101"", ""class"": ""57980"", ""gender"": ""57925"", ""subcategory"": ""58669""}","{""category"": ""one pieces"", ""class"": ""newborn"", ""gender"": ""baby"", ""subcategory"": ""shortsleeves""}"
uniqlo,uniqlo:57925:57980:58101:58670,BABY > 신생아(0개월~2세) > 커버올 > 슬리브리스,E,원피스·점프수트·커버올,COMPARABLE,2,BABY,E483022|E489176,BN커버올(슬리브리스)A|BN커버올(슬리브리스),유니클로 category/subcategory의 명시적 의류 종류,,"{""category"": ""58101"", ""class"": ""57980"", ""gender"": ""57925"", ""subcategory"": ""58670""}","{""category"": ""one pieces"", ""class"": ""newborn"", ""gender"": ""baby"", ""subcategory"": ""sleeveless""}"
uniqlo,uniqlo:57925:57980:58101:58671,BABY > 신생아(0개월~2세) > 커버올 > 그 외,E,원피스·점프수트·커버올,COMPARABLE,3,BABY,E488902|E488903|E489247,BN퀼팅커버올(긴팔)칼라|BN퀼팅커버올(긴팔)컬러블록|BN퀼팅커버올(긴팔)동물,유니클로 category/subcategory의 명시적 의류 종류,,"{""category"": ""58101"", ""class"": ""57980"", ""gender"": ""57925"", ""subcategory"": ""58671""}","{""category"": ""one pieces"", ""class"": ""newborn"", ""gender"": ""baby"", ""subcategory"": ""others""}"
uniqlo,uniqlo:57925:57980:58102:58672,BABY > 신생아(0개월~2세) > 바디수트 > 코튼,E,원피스·점프수트·커버올,COMPARABLE,1,BABY,E466434,BN바디수트(긴팔·포인텔),유니클로 category/subcategory의 명시적 의류 종류,,"{""category"": ""58102"", ""class"": ""57980"", ""gender"": ""57925"", ""subcategory"": ""58672""}","{""category"": ""bodysuits"", ""class"": ""newborn"", ""gender"": ""baby"", ""subcategory"": ""cotton""}"
uniqlo,uniqlo:57925:57980:58102:58673,BABY > 신생아(0개월~2세) > 바디수트 > 코튼메쉬,E,원피스·점프수트·커버올,COMPARABLE,4,BABY,E444812|E481761|E481764|E481769,BN코튼메쉬이너바디수트(슬리브리스·1P·무지)|BN코튼메쉬이너바디수트(슬리브리스)|BN코튼메쉬이너바디수트(슬리브리스·프린트)|BN코튼메쉬이너바디수트(반팔),유니클로 category/subcategory의 명시적 의류 종류,,"{""category"": ""58102"", ""class"": ""57980"", ""gender"": ""57925"", ""subcategory"": ""58673""}","{""category"": ""bodysuits"", ""class"": ""newborn"", ""gender"": ""baby"", ""subcategory"": ""cotton mesh""}"
uniqlo,uniqlo:57925:57980:58102:58674,BABY > 신생아(0개월~2세) > 바디수트 > 긴팔,E,원피스·점프수트·커버올,COMPARABLE,6,BABY,E486367|E486378|E486380|E488861|E489526,BN바디수트(긴팔)프린트|BN Picture Book바디수트(긴팔)미피A|BN Picture Book바디수트(긴팔)미피B|BN바디수트(긴팔)립|BN Picture Book바디수트(긴팔)애벌레A,유니클로 category/subcategory의 명시적 의류 종류,,"{""category"": ""58102"", ""class"": ""57980"", ""gender"": ""57925"", ""subcategory"": ""58674""}","{""category"": ""bodysuits"", ""class"": ""newborn"", ""gender"": ""baby"", ""subcategory"": ""long sleeve""}"
uniqlo,uniqlo:57925:57980:58102:58675,BABY > 신생아(0개월~2세) > 바디수트 > 반팔,E,원피스·점프수트·커버올,COMPARABLE,2,BABY,E481772|E487909,BN코튼메쉬이너바디수트(반팔)|BN코튼메쉬이너바디수트(반팔),유니클로 category/subcategory의 명시적 의류 종류,,"{""category"": ""58102"", ""class"": ""57980"", ""gender"": ""57925"", ""subcategory"": ""58675""}","{""category"": ""bodysuits"", ""class"": ""newborn"", ""gender"": ""baby"", ""subcategory"": ""short sleeve""}"
uniqlo,uniqlo:57925:57980:58104:126278,BABY > 신생아(0개월~2세) > 티셔츠 & 스웨트셔츠 > 티셔츠(반팔),A,일반 상의,COMPARABLE,1,BABY,E485616,BT AIRism코튼크루넥T(패치),유니클로 category/subcategory의 명시적 의류 종류,,"{""category"": ""58104"", ""class"": ""57980"", ""gender"": ""57925"", ""subcategory"": ""126278""}","{""category"": ""tops"", ""class"": ""newborn"", ""gender"": ""baby"", ""subcategory"": ""short sleeve""}"
uniqlo,uniqlo:57925:57980:58105:58689,BABY > 신생아(0개월~2세) > 레깅스 & 팬츠 > 레깅스,C,팬츠·쇼츠·레깅스,COMPARABLE,3,BABY,E464536|E488922|E490697,BT레깅스(10부·체크)|BT릴랙스핏레깅스(무지)|BT레깅스(10부·프린트),유니클로 category/subcategory의 명시적 의류 종류,,"{""category"": ""58105"", ""class"": ""57980"", ""gender"": ""57925"", ""subcategory"": ""58689""}","{""category"": ""pants and leggings"", ""class"": ""newborn"", ""gender"": ""baby"", ""subcategory"": ""leggings""}"
uniqlo,uniqlo:57925:57980:58105:58691,BABY > 신생아(0개월~2세) > 레깅스 & 팬츠 > 쇼트팬츠,C,팬츠·쇼츠·레깅스,COMPARABLE,2,BABY,E481788|E481791,BT이지쇼트팬츠(스트라이프)|BT이지쇼트팬츠(스코츠),유니클로 category/subcategory의 명시적 의류 종류,,"{""category"": ""58105"", ""class"": ""57980"", ""gender"": ""57925"", ""subcategory"": ""58691""}","{""category"": ""pants and leggings"", ""class"": ""newborn"", ""gender"": ""baby"", ""subcategory"": ""shorts""}"
uniqlo,uniqlo:57925:57980:58108:58698,BABY > 신생아(0개월~2세) > 양말 > 레귤러삭스,X,비교 제외,EXCLUDED,1,BABY,E486424,BABY삭스3P,유니클로 category가 명시적인 비의류/액세서리,,"{""category"": ""58108"", ""class"": ""57980"", ""gender"": ""57925"", ""subcategory"": ""58698""}","{""category"": ""socks"", ""class"": ""newborn"", ""gender"": ""baby"", ""subcategory"": ""regular socks""}"
uniqlo,uniqlo:57925:57980:58108:58699,BABY > 신생아(0개월~2세) > 양말 > 쇼트삭스,X,비교 제외,EXCLUDED,1,BABY,E486423,BABY쇼트삭스3P,유니클로 category가 명시적인 비의류/액세서리,,"{""category"": ""58108"", ""class"": ""57980"", ""gender"": ""57925"", ""subcategory"": ""58699""}","{""category"": ""socks"", ""class"": ""newborn"", ""gender"": ""baby"", ""subcategory"": ""short socks""}"
uniqlo,uniqlo:57925:57981:58110:105313,BABY > 영유아(6개월~5세) > 아우터 > 후리스,B,아우터,COMPARABLE,2,BABY,E486443|E486444,BT플러피얀후리스풀집재킷(컬러블록)|BT플러피얀후리스풀집재킷,유니클로 category/subcategory의 명시적 의류 종류,,"{""category"": ""58110"", ""class"": ""57981"", ""gender"": ""57925"", ""subcategory"": ""105313""}","{""category"": ""outerwear"", ""class"": ""toddler"", ""gender"": ""baby"", ""subcategory"": ""fleece""}"
uniqlo,uniqlo:57925:57981:58110:58704,BABY > 영유아(6개월~5세) > 아우터 > 패딩,B,아우터,COMPARABLE,2,BABY,E486416|E486417,BT PUFFTECH워셔블파카|BT PUFFTECH워셔블파카(프린트),유니클로 category/subcategory의 명시적 의류 종류,,"{""category"": ""58110"", ""class"": ""57981"", ""gender"": ""57925"", ""subcategory"": ""58704""}","{""category"": ""outerwear"", ""class"": ""toddler"", ""gender"": ""baby"", ""subcategory"": ""pufftech""}"
uniqlo,uniqlo:57925:57981:58111:126279,BABY > 영유아(6개월~5세) > 티셔츠 & 스웨트셔츠 > 티셔츠(반팔),A,일반 상의,COMPARABLE,8,BABY,E481792|E481794|E481796|E481797|E483126,BT AIRism코튼크루넥T(공룡)|BT AIRism코튼크루넥T(프릴)|BT AIRism코튼크루넥T(프린트)|BT AIRism코튼크루넥T|BT Picture Book UT(그래픽T·반팔)애벌레A,유니클로 category/subcategory의 명시적 의류 종류,,"{""category"": ""58111"", ""class"": ""57981"", ""gender"": ""57925"", ""subcategory"": ""126279""}","{""category"": ""tops"", ""class"": ""toddler"", ""gender"": ""baby"", ""subcategory"": ""short sleeve""}"
uniqlo,uniqlo:57925:57981:58111:58709,BABY > 영유아(6개월~5세) > 티셔츠 & 스웨트셔츠 > 스웨트,A,일반 상의,COMPARABLE,4,BABY,E486411|E488005|E488006|E488007,BT Mickey＆Friends스웨트셔츠A|BT Mickey＆Friends스웨트셔츠B|BT Mickey＆Friends스웨트셔츠C|BT Mickey＆Friends스웨트셔츠D,유니클로 category/subcategory의 명시적 의류 종류,,"{""category"": ""58111"", ""class"": ""57981"", ""gender"": ""57925"", ""subcategory"": ""58709""}","{""category"": ""tops"", ""class"": ""toddler"", ""gender"": ""baby"", ""subcategory"": ""sweat""}"
uniqlo,uniqlo:57925:57981:58111:87958,BABY > 영유아(6개월~5세) > 티셔츠 & 스웨트셔츠 > 티셔츠(긴팔),A,일반 상의,COMPARABLE,3,BABY,E486412|E488826|E489012,BT크루넥T(긴팔)스트라이프|BT크루넥T(긴팔)엠브로이더리|BT크루넥T(긴팔)멀티스트라이프,유니클로 category/subcategory의 명시적 의류 종류,,"{""category"": ""58111"", ""class"": ""57981"", ""gender"": ""57925"", ""subcategory"": ""87958""}","{""category"": ""tops"", ""class"": ""toddler"", ""gender"": ""baby"", ""subcategory"": ""long sleeve""}"
uniqlo,uniqlo:57925:57981:58112:128055,BABY > 영유아(6개월~5세) > 그래픽티셔츠 > The Picture Book Collection,A,일반 상의,COMPARABLE,4,BABY,E481808|E481809|E483128|E483129,BT Picture Book드라이파자마(반팔)미피|BT Picture Book드라이파자마(반팔)빵도둑 A|BT Picture Book UT(그래픽T·반팔)미피A|BT Picture Book UT(그래픽T·반팔)미피B,유니클로 category/subcategory의 명시적 의류 종류,,"{""category"": ""58112"", ""class"": ""57981"", ""gender"": ""57925"", ""subcategory"": ""128055""}","{""category"": ""ut graphic tees"", ""class"": ""toddler"", ""gender"": ""baby"", ""subcategory"": ""the picture book collection 26ss""}"
uniqlo,uniqlo:57925:57981:58112:134783,BABY > 영유아(6개월~5세) > 그래픽티셔츠 > Sanrio characters,A,일반 상의,COMPARABLE,3,BABY,E484425|E484992|E484993,BT Sanrio드라이파자마(반팔)A|BT Sanrio드라이파자마(반팔)B|BT Sanrio드라이파자마(반팔)C,유니클로 category/subcategory의 명시적 의류 종류,,"{""category"": ""58112"", ""class"": ""57981"", ""gender"": ""57925"", ""subcategory"": ""134783""}","{""category"": ""ut graphic tees"", ""class"": ""toddler"", ""gender"": ""baby"", ""subcategory"": ""sanrio characters""}"
uniqlo,uniqlo:57925:57981:58112:81253,BABY > 영유아(6개월~5세) > 그래픽티셔츠 > STUDIO GHIBLI,A,일반 상의,COMPARABLE,1,BABY,E473559,BT STUDIO GHIBLI UT(그래픽T·반팔)B,유니클로 category/subcategory의 명시적 의류 종류,,"{""category"": ""58112"", ""class"": ""57981"", ""gender"": ""57925"", ""subcategory"": ""81253""}","{""category"": ""ut graphic tees"", ""class"": ""toddler"", ""gender"": ""baby"", ""subcategory"": ""studio ghibli""}"
uniqlo,uniqlo:57925:57981:58113:58714,BABY > 영유아(6개월~5세) > 레깅스 & 팬츠 > 레깅스,C,팬츠·쇼츠·레깅스,COMPARABLE,6,BABY,E444715|E460776|E469617|E481881|E485143,BT레깅스(10부·데님라이크)|BT레깅스(10부·립)|BT릴랙스핏레깅스(10부·데님라이크)|BT레깅스(립·프린트)|BT레깅스(프린트),유니클로 category/subcategory의 명시적 의류 종류,,"{""category"": ""58113"", ""class"": ""57981"", ""gender"": ""57925"", ""subcategory"": ""58714""}","{""category"": ""pants and leggings"", ""class"": ""toddler"", ""gender"": ""baby"", ""subcategory"": ""leggings""}"
uniqlo,uniqlo:57925:57981:58113:58715,BABY > 영유아(6개월~5세) > 레깅스 & 팬츠 > 크롭레깅스,C,팬츠·쇼츠·레깅스,COMPARABLE,2,BABY,E481779|E481780,BT AIRism크롭레깅스(7부·릴랙스핏)|BT AIRism크롭레깅스(7부·립),유니클로 category/subcategory의 명시적 의류 종류,,"{""category"": ""58113"", ""class"": ""57981"", ""gender"": ""57925"", ""subcategory"": ""58715""}","{""category"": ""pants and leggings"", ""class"": ""toddler"", ""gender"": ""baby"", ""subcategory"": ""cropped leggings""}"
uniqlo,uniqlo:57925:57981:58113:58716,BABY > 영유아(6개월~5세) > 레깅스 & 팬츠 > 쇼트팬츠,C,팬츠·쇼츠·레깅스,COMPARABLE,3,BABY,E481786|E481787|E485322,BT이지쇼트팬츠(트윌)|BT데님이지쇼트팬츠|BT이지쇼트팬츠(프린트),유니클로 category/subcategory의 명시적 의류 종류,,"{""category"": ""58113"", ""class"": ""57981"", ""gender"": ""57925"", ""subcategory"": ""58716""}","{""category"": ""pants and leggings"", ""class"": ""toddler"", ""gender"": ""baby"", ""subcategory"": ""shorts""}"
uniqlo,uniqlo:57925:57981:58115:58721,BABY > 영유아(6개월~5세) > 홈웨어 & 파자마 > 긴팔,F,이너웨어·홈웨어,COMPARABLE,12,BABY,E486425|E486426|E486427|E486428|E486448,BT Picture Book파자마(긴팔)미피A|BT Picture Book파자마(긴팔)미피B|BT Picture Book파자마(긴팔)푸A|BT Picture Book파자마(긴팔)푸B|BT Picture Book퀼팅파자마(긴팔)The Bears' School A,유니클로 category/subcategory의 명시적 의류 종류,,"{""category"": ""58115"", ""class"": ""57981"", ""gender"": ""57925"", ""subcategory"": ""58721""}","{""category"": ""homewear"", ""class"": ""toddler"", ""gender"": ""baby"", ""subcategory"": ""long sleeve""}"
uniqlo,uniqlo:57925:57981:58115:58722,BABY > 영유아(6개월~5세) > 홈웨어 & 파자마 > 반팔,F,이너웨어·홈웨어,COMPARABLE,3,BABY,E488580|E488650|E488651,BT PAW Patrol드라이파자마(반팔)A|BT PAW Patrol드라이파자마(반팔)B|BT PAW Patrol드라이파자마(반팔)C,유니클로 category/subcategory의 명시적 의류 종류,,"{""category"": ""58115"", ""class"": ""57981"", ""gender"": ""57925"", ""subcategory"": ""58722""}","{""category"": ""homewear"", ""class"": ""toddler"", ""gender"": ""baby"", ""subcategory"": ""short sleeve""}"
uniqlo,uniqlo:57925:57981:58116:124092,BABY > 영유아(6개월~5세) > 이너웨어 > 히트텍,F,이너웨어·홈웨어,COMPARABLE,2,BABY,E478444|E478456,BT히트텍코튼크루넥T(긴팔)|BT히트텍코튼레깅스,유니클로 category/subcategory의 명시적 의류 종류,,"{""category"": ""58116"", ""class"": ""57981"", ""gender"": ""57925"", ""subcategory"": ""124092""}","{""category"": ""innerwear"", ""class"": ""toddler"", ""gender"": ""baby"", ""subcategory"": ""heattech""}"
uniqlo,uniqlo:57925:57981:58116:58725,BABY > 영유아(6개월~5세) > 이너웨어 > 코튼메쉬,F,이너웨어·홈웨어,COMPARABLE,3,BABY,E464637|E481800|E481801,BT코튼메쉬탱크탑2P|BT코튼메쉬탱크탑2P|BT코튼메쉬탱크탑2P,유니클로 category/subcategory의 명시적 의류 종류,,"{""category"": ""58116"", ""class"": ""57981"", ""gender"": ""57925"", ""subcategory"": ""58725""}","{""category"": ""innerwear"", ""class"": ""toddler"", ""gender"": ""baby"", ""subcategory"": ""cotton mesh inner""}"
uniqlo,uniqlo:57925:57981:58117:58731,BABY > 영유아(6개월~5세) > 양말 > 레귤러삭스,X,비교 제외,EXCLUDED,2,BABY,E470836|E481898,BABY삭스3P|BABY삭스3P,유니클로 category가 명시적인 비의류/액세서리,,"{""category"": ""58117"", ""class"": ""57981"", ""gender"": ""57925"", ""subcategory"": ""58731""}","{""category"": ""socks"", ""class"": ""toddler"", ""gender"": ""baby"", ""subcategory"": ""regular socks""}"
zara,zara:3:108:13725,KID > 스타킹-팬티 스타킹 > LEOTARDO,X,비교 제외,EXCLUDED,6,3,571860936|572137846|577824255|577911383|583480237,베이직 타이즈 2장 세트|베이직 타이즈 2장 세트|심플 레오타드 2장 세트|베이직 타이즈 2장 세트|베이직 타이즈 2장 세트,자라 familyId 수동 제안표,,"{""family"": ""108"", ""section"": ""3"", ""subfamily"": ""13725""}","{""family"": ""스타킹-팬티 스타킹"", ""section"": ""KID"", ""subfamily"": ""LEOTARDO""}"
zara,zara:3:123:294,KID > 유아용 바지 > KDO DENIM TRS,C,팬츠·쇼츠·레깅스,COMPARABLE,1,3,585314707,슬림 컴포트 진,자라 familyId 수동 제안표,,"{""family"": ""123"", ""section"": ""3"", ""subfamily"": ""294""}","{""family"": ""유아용 바지"", ""section"": ""KID"", ""subfamily"": ""KDO DENIM TRS""}"
zara,zara:3:123:564,KID > 유아용 바지 > MINI KNITWEAR,C,팬츠·쇼츠·레깅스,COMPARABLE,4,3,568363420|577823926|581682546|590144869,하우스 자카드 니트 팬츠|ZARA TIMELESS - 100% 캐시미어 레깅스|스트라이프 니트 팬츠|자수 베어 니트 팬츠,자라 familyId 수동 제안표,,"{""family"": ""123"", ""section"": ""3"", ""subfamily"": ""564""}","{""family"": ""유아용 바지"", ""section"": ""KID"", ""subfamily"": ""MINI KNITWEAR""}"
zara,zara:3:126:305,KID > 유아용 셔츠/블라우스 > KDO SHIRT,A,일반 상의,COMPARABLE,3,3,571922598|578179757|582770585,© DISNEY 데님 오버셔츠|체크 안감 트윌 후드 오버셔츠|체크 안감 트윌 후드 오버셔츠,자라 familyId 수동 제안표,,"{""family"": ""126"", ""section"": ""3"", ""subfamily"": ""305""}","{""family"": ""유아용 셔츠/블라우스"", ""section"": ""KID"", ""subfamily"": ""KDO SHIRT""}"
zara,zara:3:126:306,KID > 유아용 셔츠/블라우스 > KDO KNITWEAR,A,일반 상의,COMPARABLE,1,3,560499281,크로셰 모자이크 니트 셔츠,자라 familyId 수동 제안표,,"{""family"": ""126"", ""section"": ""3"", ""subfamily"": ""306""}","{""family"": ""유아용 셔츠/블라우스"", ""section"": ""KID"", ""subfamily"": ""KDO KNITWEAR""}"
zara,zara:3:126:428,KID > 유아용 셔츠/블라우스 > MINI HANGING,A,일반 상의,COMPARABLE,11,3,561604999|567485992|567485998|576028594|576028597,플라워 자수 깅엄체크 블라우스|린넨 탑|플라워 블라우스|레이스 텍스처 블라우스|레이스 텍스처 블라우스,자라 familyId 수동 제안표,,"{""family"": ""126"", ""section"": ""3"", ""subfamily"": ""428""}","{""family"": ""유아용 셔츠/블라우스"", ""section"": ""KID"", ""subfamily"": ""MINI HANGING""}"
zara,zara:3:127:291,KID > 유아용 자켓/코트 > KDA OUT.GARMEN,B,아우터,COMPARABLE,1,3,593360998,워터 프루프 패딩 코트,자라 familyId 수동 제안표,,"{""family"": ""127"", ""section"": ""3"", ""subfamily"": ""291""}","{""family"": ""유아용 자켓/코트"", ""section"": ""KID"", ""subfamily"": ""KDA OUT.GARMEN""}"
zara,zara:3:127:303,KID > 유아용 자켓/코트 > TIMELESZ,B,아우터,COMPARABLE,3,3,564124887|582770459|582770460,ZARA TIMELESS - 토글 패딩 코트|ZARA 타임리스 - 워터프루프 솔리드 레인코트|ZARA TIMELESS - 스트라이프 토글 후드 코트,자라 familyId 수동 제안표,,"{""family"": ""127"", ""section"": ""3"", ""subfamily"": ""303""}","{""family"": ""유아용 자켓/코트"", ""section"": ""KID"", ""subfamily"": ""TIMELESZ""}"
zara,zara:3:127:311,KID > 유아용 자켓/코트 > KDO OUT.GARMEN,B,아우터,COMPARABLE,79,3,560340098|565488153|565488228|567861822|571477680,워터 프루프 스트라이프 패딩 코트|컬러 블록 워터 프루프 경량 레인코트|컬러 블록 워터 프루프 경량 레인코트|컬러 블록 워터 프루프 경량 레인코트|콘트라스트 칼라 재킷,자라 familyId 수동 제안표,,"{""family"": ""127"", ""section"": ""3"", ""subfamily"": ""311""}","{""family"": ""유아용 자켓/코트"", ""section"": ""KID"", ""subfamily"": ""KDO OUT.GARMEN""}"
zara,zara:3:127:563,KID > 유아용 자켓/코트 > MINI OUTGARMENT,B,아우터,COMPARABLE,25,3,567485991|569289963|569289965|575953254|575953301,깅엄 체크 퀼팅 재킷|데님 재킷|데님 재킷|워터프루프 패딩 재킷|워터프루프 패딩 재킷,자라 familyId 수동 제안표,,"{""family"": ""127"", ""section"": ""3"", ""subfamily"": ""563""}","{""family"": ""유아용 자켓/코트"", ""section"": ""KID"", ""subfamily"": ""MINI OUTGARMENT""}"
zara,zara:3:130:307,KID > 유아용 조끼 > KDO PLUSH,B,아우터,COMPARABLE,4,3,561603689|565488125|576231918|582770589,인터록 라벨 베스트|인터록 후드 베스트|인터록 후드 베스트|인터록 라벨 베스트,자라 familyId 수동 제안표,,"{""family"": ""130"", ""section"": ""3"", ""subfamily"": ""307""}","{""family"": ""유아용 조끼"", ""section"": ""KID"", ""subfamily"": ""KDO PLUSH""}"
zara,zara:3:130:311,KID > 유아용 조끼 > KDO OUT.GARMEN,B,아우터,COMPARABLE,12,3,575916945|576232011|576949638|576949639|577244133,워터 프루프 패딩 베스트|워터 프루프 패딩 베스트|리버시블 인조 양털 베스트|리버시블 인조 양털 베스트|오버사이즈 패딩 베스트,자라 familyId 수동 제안표,,"{""family"": ""130"", ""section"": ""3"", ""subfamily"": ""311""}","{""family"": ""유아용 조끼"", ""section"": ""KID"", ""subfamily"": ""KDO OUT.GARMEN""}"
zara,zara:3:131:564,KID > 유아용 가디건 > MINI KNITWEAR,A|B,일반 상의|아우터,COMPARABLE,2,3,585985139|585997725,링크 크로스오버 니트 재킷|링크 크로스 니트 재킷,자라 familyId 수동 제안표,,"{""family"": ""131"", ""section"": ""3"", ""subfamily"": ""564""}","{""family"": ""유아용 가디건"", ""section"": ""KID"", ""subfamily"": ""MINI KNITWEAR""}"
zara,zara:3:131:606,KID > 유아용 가디건 > KDA KNITWEAR,A|B,일반 상의|아우터,COMPARABLE,1,3,560088231,프루트오브더룸™ 배색 니트 재킷,자라 familyId 수동 제안표,,"{""family"": ""131"", ""section"": ""3"", ""subfamily"": ""606""}","{""family"": ""유아용 가디건"", ""section"": ""KID"", ""subfamily"": ""KDA KNITWEAR""}"
zara,zara:3:132:303,KID > 유아용 스웨터 > TIMELESZ,A,일반 상의,COMPARABLE,4,3,577023407|577613057|577823955|582904863,ZARA TIMELESS - 자수 텍스트 스웨트셔츠|ZARA TIMELESS - 텍스트 프린트 폴로셔츠 스웨트셔츠|ZARA TIMELESS - 100% 캐시미어 스웨터|ZARA TIMELESS - 지퍼 디테일 플레인 스웨트셔츠,자라 familyId 수동 제안표,,"{""family"": ""132"", ""section"": ""3"", ""subfamily"": ""303""}","{""family"": ""유아용 스웨터"", ""section"": ""KID"", ""subfamily"": ""TIMELESZ""}"
zara,zara:3:132:306,KID > 유아용 스웨터 > KDO KNITWEAR,A,일반 상의,COMPARABLE,17,3,563442213|564557970|571326754|571781812|574868897,MICKEY MOUSE © DISNEY 와플 니트 폴로셔츠|스트라이프 니트 폴로셔츠|MICKEY MOUSE © DISNEY 와플 니트 폴로셔츠|스트라이프 케이블 니트 스웨터|스트라이프 케이블 니트 스웨터,자라 familyId 수동 제안표,,"{""family"": ""132"", ""section"": ""3"", ""subfamily"": ""306""}","{""family"": ""유아용 스웨터"", ""section"": ""KID"", ""subfamily"": ""KDO KNITWEAR""}"
zara,zara:3:132:307,KID > 유아용 스웨터 > KDO PLUSH,A,일반 상의,COMPARABLE,69,3,558281834|559566426|559566427|559566428|559750609,바시티 후드 스웨트셔츠|스트라이프 프린트 스웨트셔츠|스트라이프 프린트 스웨트셔츠|스트라이프 프린트 스웨트셔츠|MICKEY MOUSE © DISNEY 자수 스웨트셔츠,자라 familyId 수동 제안표,,"{""family"": ""132"", ""section"": ""3"", ""subfamily"": ""307""}","{""family"": ""유아용 스웨터"", ""section"": ""KID"", ""subfamily"": ""KDO PLUSH""}"
zara,zara:3:132:419,KID > 유아용 스웨터 > KDA PLUSH,A,일반 상의,COMPARABLE,1,3,564230594,FRUIT OF THE LOOM™ 자수 스웨트셔츠,자라 familyId 수동 제안표,,"{""family"": ""132"", ""section"": ""3"", ""subfamily"": ""419""}","{""family"": ""유아용 스웨터"", ""section"": ""KID"", ""subfamily"": ""KDA PLUSH""}"
zara,zara:3:132:535,KID > 유아용 스웨터 > MINI COTTON,A,일반 상의,COMPARABLE,21,3,559594438|560750077|564347695|564557956|564615797,스완 아플리케 스웨트셔츠|체리 아플리케 스웨트셔츠|애니멀 프린트 스웨트셔츠|스트라이프 프린트 스웨트셔츠|FRUIT OF THE LOOM™ 콘트라스트 자수 스웨트셔츠,자라 familyId 수동 제안표,,"{""family"": ""132"", ""section"": ""3"", ""subfamily"": ""535""}","{""family"": ""유아용 스웨터"", ""section"": ""KID"", ""subfamily"": ""MINI COTTON""}"
zara,zara:3:132:564,KID > 유아용 스웨터 > MINI KNITWEAR,A,일반 상의,COMPARABLE,9,3,568363419|575953258|581682548|581682552|583787169,하우스 자카드 니트 스웨터|자수 와플 니트 스웨터|펄 니트 스웨터|스트라이프 크로스 니트 스웨터|WINNIE THE POOH © DISNEY 자수 스웨터,자라 familyId 수동 제안표,,"{""family"": ""132"", ""section"": ""3"", ""subfamily"": ""564""}","{""family"": ""유아용 스웨터"", ""section"": ""KID"", ""subfamily"": ""MINI KNITWEAR""}"
zara,zara:3:132:606,KID > 유아용 스웨터 > KDA KNITWEAR,A,일반 상의,COMPARABLE,3,3,560284765|593360997|593898781,프루트 오브 더 룸™ 니트 폴로셔츠|100% 울 컬러블록 니트 폴로셔츠|100% 울 컬러블록 니트 폴로셔츠,자라 familyId 수동 제안표,,"{""family"": ""132"", ""section"": ""3"", ""subfamily"": ""606""}","{""family"": ""유아용 스웨터"", ""section"": ""KID"", ""subfamily"": ""KDA KNITWEAR""}"
zara,zara:3:133:13550,KID > 유아용 티셔츠 > BABY COTTON,A,일반 상의,COMPARABLE,29,3,558188272|558188275|558284895|559649832|561564648,애플 스트라이프 티셔츠|포켓 콤비 티셔츠|포켓 콤비 티셔츠|하트 텍스처 티셔츠|플라워 패턴 텍스처 티셔츠,자라 familyId 수동 제안표,,"{""family"": ""133"", ""section"": ""3"", ""subfamily"": ""13550""}","{""family"": ""유아용 티셔츠"", ""section"": ""KID"", ""subfamily"": ""BABY COTTON""}"
zara,zara:3:133:306,KID > 유아용 티셔츠 > KDO KNITWEAR,A,일반 상의,COMPARABLE,2,3,569101954|569101960,린넨-코튼 혼방 버튼 라운드넥 니트 티셔츠|코튼 린넨 니트 티셔츠,자라 familyId 수동 제안표,,"{""family"": ""133"", ""section"": ""3"", ""subfamily"": ""306""}","{""family"": ""유아용 티셔츠"", ""section"": ""KID"", ""subfamily"": ""KDO KNITWEAR""}"
zara,zara:3:134:13550,KID > 유아용 바디 > BABY COTTON,F,이너웨어·홈웨어,COMPARABLE,18,3,558188271|558284893|558284894|558284947|560830092,폴로 칼라 바디수트|콤비 바디수트|폴로 칼라 바디수트|콤비 바디수트|피터팬 칼라 바디수트,자라 familyId 수동 제안표,,"{""family"": ""134"", ""section"": ""3"", ""subfamily"": ""13550""}","{""family"": ""유아용 바디"", ""section"": ""KID"", ""subfamily"": ""BABY COTTON""}"
zara,zara:3:134:13721,KID > 유아용 바디 > KIDS-INTERIORES,F,이너웨어·홈웨어,COMPARABLE,11,3,564557948|564557950|568485560|571922524|571922525,스트라이프 크로스 넥 바디수트 3장 세트|조절형 기장 스트라이프 레깅스 3장 세트|별 & 스트라이프 패턴 바디수트 5장 세트|반소매 라벨 바디수트 5장 세트|반소매 바디수트 5장 세트,자라 familyId 수동 제안표,,"{""family"": ""134"", ""section"": ""3"", ""subfamily"": ""13721""}","{""family"": ""유아용 바디"", ""section"": ""KID"", ""subfamily"": ""KIDS-INTERIORES""}"
zara,zara:3:134:428,KID > 유아용 바디 > MINI HANGING,F,이너웨어·홈웨어,COMPARABLE,4,3,561289609|590564785|590685531|590685537,JACQUARD BODYSUIT WITH RUFFLES|피터팬 칼라 데님 바디수트|당근 프린트 텍스처 바디수트|당근 프린트 텍스처 바디수트,자라 familyId 수동 제안표,,"{""family"": ""134"", ""section"": ""3"", ""subfamily"": ""428""}","{""family"": ""유아용 바디"", ""section"": ""KID"", ""subfamily"": ""MINI HANGING""}"
zara,zara:3:134:564,KID > 유아용 바디 > MINI KNITWEAR,F,이너웨어·홈웨어,COMPARABLE,3,3,593010863|593898872|593899401,FRUIT OF THE LOOM™ 울 혼방 스트라이프 니트 바디수트|FRUIT OF THE LOOM™ 울 혼방 스트라이프 니트 바디수트|FRUIT OF THE LOOM™ 울 혼방 스트라이프 니트 바디수트,자라 familyId 수동 제안표,,"{""family"": ""134"", ""section"": ""3"", ""subfamily"": ""564""}","{""family"": ""유아용 바디"", ""section"": ""KID"", ""subfamily"": ""MINI KNITWEAR""}"
zara,zara:3:135:13554,KID > 유아용 양말/스타킹 > BABY ACCESORIOS,X,비교 제외,EXCLUDED,5,3,560813222|564503323|577322224|583787170|593899402,울 혼방 스트라이프 미드 삭스 Fruit of the Loom™|Fruit of the Loom™ 스트라이프 미드 삭스 2켤레 세트|플라워 웨이브 삭스 2켤레 세트|스트라이프 & 체크 쇼트 삭스 3켤레 세트|Fruit of the Loom™ 스트라이프 미드 삭스 2켤레 세트,자라 familyId 수동 제안표,,"{""family"": ""135"", ""section"": ""3"", ""subfamily"": ""13554""}","{""family"": ""유아용 양말/스타킹"", ""section"": ""KID"", ""subfamily"": ""BABY ACCESORIOS""}"
zara,zara:3:136:13554,KID > 유아용 보닛(모자) > BABY ACCESORIOS,X,비교 제외,EXCLUDED,7,3,569568290|581138962|581445513|581453913|581682547,크로셰 플라워 니트 보닛|라벨 니트 모자|코튼 실크 니트 보닛|실크 코튼 니트 보닛|니트 보닛,자라 familyId 수동 제안표,,"{""family"": ""136"", ""section"": ""3"", ""subfamily"": ""13554""}","{""family"": ""유아용 보닛(모자)"", ""section"": ""KID"", ""subfamily"": ""BABY ACCESORIOS""}"
zara,zara:3:137:303,KID > 유아용 트랙슈트 > TIMELESZ,R,혼합·검토,REVIEW,3,3,580760524|580760525|580760526,ZARA TIMELESS - 플레인 스웨트셔츠|ZARA TIMELESS - 플레인 스웨트셔츠|ZARA TIMELESS - 플레인 스웨트셔츠,자라 familyId 수동 제안표,,"{""family"": ""137"", ""section"": ""3"", ""subfamily"": ""303""}","{""family"": ""유아용 트랙슈트"", ""section"": ""KID"", ""subfamily"": ""TIMELESZ""}"
zara,zara:3:137:307,KID > 유아용 트랙슈트 > KDO PLUSH,R,혼합·검토,REVIEW,34,3,560830068|562818881|562940423|564015641|564205315,거북이 패턴 스웨트셔츠 조거 세트|CARS RAYO MCQUEEN © DISNEY/PIXAR 티셔츠 & 버뮤다 세트|CARS RAYO MCQUEEN © DISNEY/PIXAR 후드 스웨트셔츠·조거 팬츠 세트|MICKEY MOUSE © DISNEY 조깅 세트|강아지 스웨트셔츠 & 스트라이프 팬츠 조깅 세트,자라 familyId 수동 제안표,,"{""family"": ""137"", ""section"": ""3"", ""subfamily"": ""307""}","{""family"": ""유아용 트랙슈트"", ""section"": ""KID"", ""subfamily"": ""KDO PLUSH""}"
zara,zara:3:141:535,KID > 유아복 > MINI COTTON,R,혼합·검토,REVIEW,39,3,558188270|559372627|559372628|559372630|559372631,스트라이프 티셔츠 & 버뮤다 세트|베어 스웨트셔츠 팬츠 세트|다람쥐 스웨트셔츠·조거 팬츠 세트|부클레 패치 스웨트셔츠 및 조거 팬츠 세트|애니멀 프린트 스웨트셔츠 및 레깅스 세트,자라 familyId 수동 제안표,,"{""family"": ""141"", ""section"": ""3"", ""subfamily"": ""535""}","{""family"": ""유아복"", ""section"": ""KID"", ""subfamily"": ""MINI COTTON""}"
zara,zara:3:141:564,KID > 유아복 > MINI KNITWEAR,R,혼합·검토,REVIEW,1,3,581445514,코튼 & 실크 텍스처 니트 스웨터 & 레깅스 세트,자라 familyId 수동 제안표,,"{""family"": ""141"", ""section"": ""3"", ""subfamily"": ""564""}","{""family"": ""유아복"", ""section"": ""KID"", ""subfamily"": ""MINI KNITWEAR""}"
zara,zara:3:142:299,KID > 유아용 셔츠 > KDO DENIM CAPR,C,팬츠·쇼츠·레깅스,COMPARABLE,10,3,561599054|571403750|578179758|578179760|582770583,FRUIT OF THE LOOM™ 데님 버뮤다 팬츠|배기 데님 버뮤다 팬츠|MICKEY MOUSE © DISNEY 데님 버뮤다 팬츠|스트라이프 데님 버뮤다 팬츠|애니멀 프린트 데님 버뮤다 팬츠,자라 familyId 수동 제안표,표시명과 달리 수집 표본이 버뮤다/쇼츠·팬츠 중심이라 C 제안,"{""family"": ""142"", ""section"": ""3"", ""subfamily"": ""299""}","{""family"": ""유아용 셔츠"", ""section"": ""KID"", ""subfamily"": ""KDO DENIM CAPR""}"
zara,zara:3:142:300,KID > 유아용 셔츠 > KDO OTHER CAPR,C,팬츠·쇼츠·레깅스,COMPARABLE,8,3,560499202|560499283|560499286|560499292|561233827,체커보드 트윌 버뮤다 팬츠|코튼 린넨 버뮤다 팬츠|솔 패턴 버뮤다 팬츠|시어서커 스트라이프 버뮤다 팬츠|체커보드 트윌 버뮤다 팬츠,자라 familyId 수동 제안표,표시명과 달리 수집 표본이 버뮤다/쇼츠·팬츠 중심이라 C 제안,"{""family"": ""142"", ""section"": ""3"", ""subfamily"": ""300""}","{""family"": ""유아용 셔츠"", ""section"": ""KID"", ""subfamily"": ""KDO OTHER CAPR""}"
zara,zara:3:142:306,KID > 유아용 셔츠 > KDO KNITWEAR,C,팬츠·쇼츠·레깅스,COMPARABLE,1,3,571326758,와플 니트 버뮤다 팬츠,자라 familyId 수동 제안표,표시명과 달리 수집 표본이 버뮤다/쇼츠·팬츠 중심이라 C 제안,"{""family"": ""142"", ""section"": ""3"", ""subfamily"": ""306""}","{""family"": ""유아용 셔츠"", ""section"": ""KID"", ""subfamily"": ""KDO KNITWEAR""}"
zara,zara:3:142:307,KID > 유아용 셔츠 > KDO PLUSH,C,팬츠·쇼츠·레깅스,COMPARABLE,14,3,560737193|561189052|561576946|561576952|563174806,토이 스토리 자수 스트라이프 버뮤다 팬츠|페이크 타월 버뮤다 팬츠|베이식 버뮤다 팬츠|베이식 버뮤다 팬츠|베이식 버뮤다 팬츠,자라 familyId 수동 제안표,표시명과 달리 수집 표본이 버뮤다/쇼츠·팬츠 중심이라 C 제안,"{""family"": ""142"", ""section"": ""3"", ""subfamily"": ""307""}","{""family"": ""유아용 셔츠"", ""section"": ""KID"", ""subfamily"": ""KDO PLUSH""}"
zara,zara:3:142:428,KID > 유아용 셔츠 > MINI HANGING,C,팬츠·쇼츠·레깅스,COMPARABLE,7,3,565101569|565683603|571477782|576028592|585995831,플라워 패치워크 데님 버뮤다 팬츠|플라워 프린트 리버티 패브릭 팬티|포켓 데님 버뮤다 팬츠|스트라이프 텍스처 베이비 팬티|깅엄 체크 프릴 베이비 쇼츠,자라 familyId 수동 제안표,표시명과 달리 수집 표본이 버뮤다/쇼츠·팬츠 중심이라 C 제안,"{""family"": ""142"", ""section"": ""3"", ""subfamily"": ""428""}","{""family"": ""유아용 셔츠"", ""section"": ""KID"", ""subfamily"": ""MINI HANGING""}"
zara,zara:3:142:535,KID > 유아용 셔츠 > MINI COTTON,C,팬츠·쇼츠·레깅스,COMPARABLE,3,3,568363411|577023424|577824388,깅엄 체크 텍스처 팬티|자라 타임리스 - 스트라이프 패턴 블루머|ZARA TIMELESS - 스트라이프 블루머,자라 familyId 수동 제안표,표시명과 달리 수집 표본이 버뮤다/쇼츠·팬츠 중심이라 C 제안,"{""family"": ""142"", ""section"": ""3"", ""subfamily"": ""535""}","{""family"": ""유아용 셔츠"", ""section"": ""KID"", ""subfamily"": ""MINI COTTON""}"
zara,zara:3:142:564,KID > 유아용 셔츠 > MINI KNITWEAR,C,팬츠·쇼츠·레깅스,COMPARABLE,3,3,560781499|565192065|585979197,오픈워크 보독 베이비 쇼츠|플라워 자카드 니트 쇼츠|링크 니트 쇼츠,자라 familyId 수동 제안표,표시명과 달리 수집 표본이 버뮤다/쇼츠·팬츠 중심이라 C 제안,"{""family"": ""142"", ""section"": ""3"", ""subfamily"": ""564""}","{""family"": ""유아용 셔츠"", ""section"": ""KID"", ""subfamily"": ""MINI KNITWEAR""}"
zara,zara:3:145:307,KID > 유아용 니트조끼 > KDO PLUSH,R,혼합·검토,REVIEW,11,3,571781809|576028742|583525095|584572639|584711264,플러시 패치 봄버 재킷|후드 지퍼 스웨트셔츠|플러시 패치 봄버 재킷|플러시 패치 봄버 재킷|후드 지퍼 스웨트셔츠,자라 familyId 수동 제안표,동일 familyId에 니트조끼·보머·후디 표본이 섞여 R 유지,"{""family"": ""145"", ""section"": ""3"", ""subfamily"": ""307""}","{""family"": ""유아용 니트조끼"", ""section"": ""KID"", ""subfamily"": ""KDO PLUSH""}"
zara,zara:3:146:564,KID > 유아용 멜방바지 > MINI KNITWEAR,E,원피스·점프수트·커버올,COMPARABLE,4,3,568363412|577023421|590144872|590923152,하우스 자수 니트 점프수트|ZARA TIMELESS - 100% 캐시미어 점프수트|테디베어 니트 점프수트|플라워 자수 니트 롱 점프수트,자라 familyId 수동 제안표,,"{""family"": ""146"", ""section"": ""3"", ""subfamily"": ""564""}","{""family"": ""유아용 멜방바지"", ""section"": ""KID"", ""subfamily"": ""MINI KNITWEAR""}"
zara,zara:3:147:13723,KID > 유아용 파자마 > KIDS-PIJAMA,F,이너웨어·홈웨어,COMPARABLE,1,3,582390244,플레인 일체형 파자마,자라 familyId 수동 제안표,,"{""family"": ""147"", ""section"": ""3"", ""subfamily"": ""13723""}","{""family"": ""유아용 파자마"", ""section"": ""KID"", ""subfamily"": ""KIDS-PIJAMA""}"
zara,zara:3:152:564,KID > 유아용 우주복 > MINI KNITWEAR,E,원피스·점프수트·커버올,COMPARABLE,1,3,565192063,플라워 자카드 니트 롬퍼,자라 familyId 수동 제안표,,"{""family"": ""152"", ""section"": ""3"", ""subfamily"": ""564""}","{""family"": ""유아용 우주복"", ""section"": ""KID"", ""subfamily"": ""MINI KNITWEAR""}"
zara,zara:3:159:13721,KID > 유아용 > KIDS-INTERIORES,F,이너웨어·홈웨어,COMPARABLE,12,3,565398116|565398118|568668219|577397272|578289744,2-6세용/ TOY STORY © DISNEY PIXAR 박서 브리프 2장 세트|2-6세용/ TOY STORY © DISNEY PIXAR 박서 브리프 2장 세트|2-6세용/ 공룡 프린트 박서 브리프 5장 세트|ZARA TIMELESS - 리브드 스트라이프 티셔츠 3장 세트|1.5-6세/ CARS © DISNEY 브리프 3장 세트,자라 familyId 수동 제안표,표시명은 넓지만 수집 표본과 KIDS-INTERIORES가 모두 언더웨어라 F 제안,"{""family"": ""159"", ""section"": ""3"", ""subfamily"": ""13721""}","{""family"": ""유아용"", ""section"": ""KID"", ""subfamily"": ""KIDS-INTERIORES""}"
zara,zara:3:84:13719,KID > 내의 > NIÑA-INTERIORES,F,이너웨어·홈웨어,COMPARABLE,19,3,568042495|568042496|568042497|568042498|568485561,6-14세용/ 스트라이프 & 플라워 팬티 6장 세트|6-14세용 기하학 패턴 팬티 6장 세트|6-14세 플라워 팬티 6장 세트|레몬 팬티 6장 세트 (6-14세)|8-14세 심리스 팬티 3장 세트,자라 familyId 수동 제안표,,"{""family"": ""84"", ""section"": ""3"", ""subfamily"": ""13719""}","{""family"": ""내의"", ""section"": ""KID"", ""subfamily"": ""NIÑA-INTERIORES""}"
zara,zara:3:84:13720,KID > 내의 > NIÑO-INTERIORES,F,이너웨어·홈웨어,COMPARABLE,8,3,563651101|564880224|565398122|565683576|571298537,6-14세/ 립 박서 브리프 5장 세트|6-14세용/ 텍스트 박서 브리프 5장 세트|6~14세용 MINECRAFT © MOJANG AB 박서 브리프 2장 세트|6-14세/ 라벨 박서 브리프 5장 세트|6-14세/ 라벨 박서 브리프 5장 세트,자라 familyId 수동 제안표,,"{""family"": ""84"", ""section"": ""3"", ""subfamily"": ""13720""}","{""family"": ""내의"", ""section"": ""KID"", ""subfamily"": ""NIÑO-INTERIORES""}"
zara,zara:3:85:13724,KID > 양말 > CALCETIN,X,비교 제외,EXCLUDED,9,3,561256974|561256975|561261149|561261151|561261156,프루트오브더룸™ 미디엄 삭스 2켤레 세트|프루트오브더룸™ 미디 삭스 2켤레 세트|밴드 롱 삭스 7켤레 세트|밴드 롱 삭스 7켤레 세트|베어 스트라이프 미드 삭스 3켤레 세트,자라 familyId 수동 제안표,,"{""family"": ""85"", ""section"": ""3"", ""subfamily"": ""13724""}","{""family"": ""양말"", ""section"": ""KID"", ""subfamily"": ""CALCETIN""}"
