source,product_id,product_code,size_name,raw_measurement_name,raw_measurement_value,raw_unit,measurement_type,measurement_source,canonical_key,normalized_value_cm,mapping_status,mapping_note,source_url
MUSINSA,6800912,J6222CRS08WHA,SIZE=S,어깨너비,0,cm,GARMENT_MEASUREMENT,STRUCTURED_API,,,EXCLUDED_ZERO_VALUE,Official response returned 0; preserved raw and excluded from FitMatch canonical fields because zero may be a placeholder.,https://goods-detail.musinsa.com/api2/goods/6800912/actual-size
MUSINSA,6800912,J6222CRS08WHA,SIZE=M,어깨너비,0,cm,GARMENT_MEASUREMENT,STRUCTURED_API,,,EXCLUDED_ZERO_VALUE,Official response returned 0; preserved raw and excluded from FitMatch canonical fields because zero may be a placeholder.,https://goods-detail.musinsa.com/api2/goods/6800912/actual-size
MUSINSA,5328890,25F777971,FREE,어깨너비,0,cm,GARMENT_MEASUREMENT,STRUCTURED_API,,,EXCLUDED_ZERO_VALUE,Official response returned 0; preserved raw and excluded from FitMatch canonical fields because zero may be a placeholder.,https://goods-detail.musinsa.com/api2/goods/5328890/actual-size
MUSINSA,6716212,P0000BSW,white/free,총장,0,cm,GARMENT_MEASUREMENT,STRUCTURED_API,,,EXCLUDED_ZERO_VALUE,Official response returned 0; preserved raw and excluded from FitMatch canonical fields because zero may be a placeholder.,https://goods-detail.musinsa.com/api2/goods/6716212/actual-size
MUSINSA,6716212,P0000BSW,white/free,가슴단면,0,cm,GARMENT_MEASUREMENT,STRUCTURED_API,,,EXCLUDED_ZERO_VALUE,Official response returned 0; preserved raw and excluded from FitMatch canonical fields because zero may be a placeholder.,https://goods-detail.musinsa.com/api2/goods/6716212/actual-size
MUSINSA,6716212,P0000BSW,white/free,어깨너비,0,cm,GARMENT_MEASUREMENT,STRUCTURED_API,,,EXCLUDED_ZERO_VALUE,Official response returned 0; preserved raw and excluded from FitMatch canonical fields because zero may be a placeholder.,https://goods-detail.musinsa.com/api2/goods/6716212/actual-size
MUSINSA,6666754,SPRNG26G99,FREE[999],총장,0,cm,GARMENT_MEASUREMENT,STRUCTURED_API,,,EXCLUDED_ZERO_VALUE,Official response returned 0; preserved raw and excluded from FitMatch canonical fields because zero may be a placeholder.,https://goods-detail.musinsa.com/api2/goods/6666754/actual-size
MUSINSA,4996374,1803003ZY003FN401SS25,S,어깨너비,0,cm,GARMENT_MEASUREMENT,STRUCTURED_API,,,EXCLUDED_ZERO_VALUE,Official response returned 0; preserved raw and excluded from FitMatch canonical fields because zero may be a placeholder.,https://goods-detail.musinsa.com/api2/goods/4996374/actual-size
MUSINSA,4996374,1803003ZY003FN401SS25,M,어깨너비,0,cm,GARMENT_MEASUREMENT,STRUCTURED_API,,,EXCLUDED_ZERO_VALUE,Official response returned 0; preserved raw and excluded from FitMatch canonical fields because zero may be a placeholder.,https://goods-detail.musinsa.com/api2/goods/4996374/actual-size
MUSINSA,4996374,1803003ZY003FN401SS25,L,어깨너비,0,cm,GARMENT_MEASUREMENT,STRUCTURED_API,,,EXCLUDED_ZERO_VALUE,Official response returned 0; preserved raw and excluded from FitMatch canonical fields because zero may be a placeholder.,https://goods-detail.musinsa.com/api2/goods/4996374/actual-size
MUSINSA,6686120,IM3820-101,S,어깨너비,0,cm,GARMENT_MEASUREMENT,STRUCTURED_API,,,EXCLUDED_ZERO_VALUE,Official response returned 0; preserved raw and excluded from FitMatch canonical fields because zero may be a placeholder.,https://goods-detail.musinsa.com/api2/goods/6686120/actual-size
MUSINSA,6686120,IM3820-101,M,어깨너비,0,cm,GARMENT_MEASUREMENT,STRUCTURED_API,,,EXCLUDED_ZERO_VALUE,Official response returned 0; preserved raw and excluded from FitMatch canonical fields because zero may be a placeholder.,https://goods-detail.musinsa.com/api2/goods/6686120/actual-size
MUSINSA,6686120,IM3820-101,L,어깨너비,0,cm,GARMENT_MEASUREMENT,STRUCTURED_API,,,EXCLUDED_ZERO_VALUE,Official response returned 0; preserved raw and excluded from FitMatch canonical fields because zero may be a placeholder.,https://goods-detail.musinsa.com/api2/goods/6686120/actual-size
MUSINSA,6686120,IM3820-101,XL,어깨너비,0,cm,GARMENT_MEASUREMENT,STRUCTURED_API,,,EXCLUDED_ZERO_VALUE,Official response returned 0; preserved raw and excluded from FitMatch canonical fields because zero may be a placeholder.,https://goods-detail.musinsa.com/api2/goods/6686120/actual-size
MUSINSA,6686120,IM3820-101,2XL,어깨너비,0,cm,GARMENT_MEASUREMENT,STRUCTURED_API,,,EXCLUDED_ZERO_VALUE,Official response returned 0; preserved raw and excluded from FitMatch canonical fields because zero may be a placeholder.,https://goods-detail.musinsa.com/api2/goods/6686120/actual-size
MUSINSA,5086034,HQ0621-010,XS,총장,0,cm,GARMENT_MEASUREMENT,STRUCTURED_API,,,EXCLUDED_ZERO_VALUE,Official response returned 0; preserved raw and excluded from FitMatch canonical fields because zero may be a placeholder.,https://goods-detail.musinsa.com/api2/goods/5086034/actual-size
MUSINSA,5086034,HQ0621-010,XS,가슴단면,0,cm,GARMENT_MEASUREMENT,STRUCTURED_API,,,EXCLUDED_ZERO_VALUE,Official response returned 0; preserved raw and excluded from FitMatch canonical fields because zero may be a placeholder.,https://goods-detail.musinsa.com/api2/goods/5086034/actual-size
MUSINSA,5086034,HQ0621-010,XS,어깨너비,0,cm,GARMENT_MEASUREMENT,STRUCTURED_API,,,EXCLUDED_ZERO_VALUE,Official response returned 0; preserved raw and excluded from FitMatch canonical fields because zero may be a placeholder.,https://goods-detail.musinsa.com/api2/goods/5086034/actual-size
MUSINSA,5086034,HQ0621-010,S,어깨너비,0,cm,GARMENT_MEASUREMENT,STRUCTURED_API,,,EXCLUDED_ZERO_VALUE,Official response returned 0; preserved raw and excluded from FitMatch canonical fields because zero may be a placeholder.,https://goods-detail.musinsa.com/api2/goods/5086034/actual-size
MUSINSA,5086034,HQ0621-010,M,어깨너비,0,cm,GARMENT_MEASUREMENT,STRUCTURED_API,,,EXCLUDED_ZERO_VALUE,Official response returned 0; preserved raw and excluded from FitMatch canonical fields because zero may be a placeholder.,https://goods-detail.musinsa.com/api2/goods/5086034/actual-size
MUSINSA,5086034,HQ0621-010,L,어깨너비,0,cm,GARMENT_MEASUREMENT,STRUCTURED_API,,,EXCLUDED_ZERO_VALUE,Official response returned 0; preserved raw and excluded from FitMatch canonical fields because zero may be a placeholder.,https://goods-detail.musinsa.com/api2/goods/5086034/actual-size
MUSINSA,5086034,HQ0621-010,XL,어깨너비,0,cm,GARMENT_MEASUREMENT,STRUCTURED_API,,,EXCLUDED_ZERO_VALUE,Official response returned 0; preserved raw and excluded from FitMatch canonical fields because zero may be a placeholder.,https://goods-detail.musinsa.com/api2/goods/5086034/actual-size
MUSINSA,4172805,FD1063-011,XS,어깨너비,0,cm,GARMENT_MEASUREMENT,STRUCTURED_API,,,EXCLUDED_ZERO_VALUE,Official response returned 0; preserved raw and excluded from FitMatch canonical fields because zero may be a placeholder.,https://goods-detail.musinsa.com/api2/goods/4172805/actual-size
MUSINSA,4172805,FD1063-011,S,어깨너비,0,cm,GARMENT_MEASUREMENT,STRUCTURED_API,,,EXCLUDED_ZERO_VALUE,Official response returned 0; preserved raw and excluded from FitMatch canonical fields because zero may be a placeholder.,https://goods-detail.musinsa.com/api2/goods/4172805/actual-size
MUSINSA,4172805,FD1063-011,M,어깨너비,0,cm,GARMENT_MEASUREMENT,STRUCTURED_API,,,EXCLUDED_ZERO_VALUE,Official response returned 0; preserved raw and excluded from FitMatch canonical fields because zero may be a placeholder.,https://goods-detail.musinsa.com/api2/goods/4172805/actual-size
MUSINSA,4172805,FD1063-011,L,어깨너비,0,cm,GARMENT_MEASUREMENT,STRUCTURED_API,,,EXCLUDED_ZERO_VALUE,Official response returned 0; preserved raw and excluded from FitMatch canonical fields because zero may be a placeholder.,https://goods-detail.musinsa.com/api2/goods/4172805/actual-size
MUSINSA,4172805,FD1063-011,XL,어깨너비,0,cm,GARMENT_MEASUREMENT,STRUCTURED_API,,,EXCLUDED_ZERO_VALUE,Official response returned 0; preserved raw and excluded from FitMatch canonical fields because zero may be a placeholder.,https://goods-detail.musinsa.com/api2/goods/4172805/actual-size
MUSINSA,4696797,814127TQO351000SS25,S,총장,0,cm,GARMENT_MEASUREMENT,STRUCTURED_API,,,EXCLUDED_ZERO_VALUE,Official response returned 0; preserved raw and excluded from FitMatch canonical fields because zero may be a placeholder.,https://goods-detail.musinsa.com/api2/goods/4696797/actual-size
MUSINSA,4696797,814127TQO351000SS25,S,어깨너비,0,cm,GARMENT_MEASUREMENT,STRUCTURED_API,,,EXCLUDED_ZERO_VALUE,Official response returned 0; preserved raw and excluded from FitMatch canonical fields because zero may be a placeholder.,https://goods-detail.musinsa.com/api2/goods/4696797/actual-size
MUSINSA,4696797,814127TQO351000SS25,S,가슴단면,0,cm,GARMENT_MEASUREMENT,STRUCTURED_API,,,EXCLUDED_ZERO_VALUE,Official response returned 0; preserved raw and excluded from FitMatch canonical fields because zero may be a placeholder.,https://goods-detail.musinsa.com/api2/goods/4696797/actual-size
MUSINSA,4696797,814127TQO351000SS25,S,소매길이,0,cm,GARMENT_MEASUREMENT,STRUCTURED_API,,,EXCLUDED_ZERO_VALUE,Official response returned 0; preserved raw and excluded from FitMatch canonical fields because zero may be a placeholder.,https://goods-detail.musinsa.com/api2/goods/4696797/actual-size
MUSINSA,6996910,SBE4DW01M,XS,어깨너비,0,cm,GARMENT_MEASUREMENT,STRUCTURED_API,,,EXCLUDED_ZERO_VALUE,Official response returned 0; preserved raw and excluded from FitMatch canonical fields because zero may be a placeholder.,https://goods-detail.musinsa.com/api2/goods/6996910/actual-size
MUSINSA,6996910,SBE4DW01M,S,어깨너비,0,cm,GARMENT_MEASUREMENT,STRUCTURED_API,,,EXCLUDED_ZERO_VALUE,Official response returned 0; preserved raw and excluded from FitMatch canonical fields because zero may be a placeholder.,https://goods-detail.musinsa.com/api2/goods/6996910/actual-size
MUSINSA,6996910,SBE4DW01M,M,어깨너비,0,cm,GARMENT_MEASUREMENT,STRUCTURED_API,,,EXCLUDED_ZERO_VALUE,Official response returned 0; preserved raw and excluded from FitMatch canonical fields because zero may be a placeholder.,https://goods-detail.musinsa.com/api2/goods/6996910/actual-size
MUSINSA,6996910,SBE4DW01M,L,어깨너비,0,cm,GARMENT_MEASUREMENT,STRUCTURED_API,,,EXCLUDED_ZERO_VALUE,Official response returned 0; preserved raw and excluded from FitMatch canonical fields because zero may be a placeholder.,https://goods-detail.musinsa.com/api2/goods/6996910/actual-size
MUSINSA,6996910,SBE4DW01M,XL,어깨너비,0,cm,GARMENT_MEASUREMENT,STRUCTURED_API,,,EXCLUDED_ZERO_VALUE,Official response returned 0; preserved raw and excluded from FitMatch canonical fields because zero may be a placeholder.,https://goods-detail.musinsa.com/api2/goods/6996910/actual-size
MUSINSA,4336062,IY7278,2XS,총장,0,cm,GARMENT_MEASUREMENT,STRUCTURED_API,,,EXCLUDED_ZERO_VALUE,Official response returned 0; preserved raw and excluded from FitMatch canonical fields because zero may be a placeholder.,https://goods-detail.musinsa.com/api2/goods/4336062/actual-size
MUSINSA,4336062,IY7278,2XS,어깨너비,0,cm,GARMENT_MEASUREMENT,STRUCTURED_API,,,EXCLUDED_ZERO_VALUE,Official response returned 0; preserved raw and excluded from FitMatch canonical fields because zero may be a placeholder.,https://goods-detail.musinsa.com/api2/goods/4336062/actual-size
MUSINSA,4336062,IY7278,2XS,가슴단면,0,cm,GARMENT_MEASUREMENT,STRUCTURED_API,,,EXCLUDED_ZERO_VALUE,Official response returned 0; preserved raw and excluded from FitMatch canonical fields because zero may be a placeholder.,https://goods-detail.musinsa.com/api2/goods/4336062/actual-size
MUSINSA,4336062,IY7278,2XS,소매길이,0,cm,GARMENT_MEASUREMENT,STRUCTURED_API,,,EXCLUDED_ZERO_VALUE,Official response returned 0; preserved raw and excluded from FitMatch canonical fields because zero may be a placeholder.,https://goods-detail.musinsa.com/api2/goods/4336062/actual-size
MUSINSA,6114116,KD5858,2XS,총장,0,cm,GARMENT_MEASUREMENT,STRUCTURED_API,,,EXCLUDED_ZERO_VALUE,Official response returned 0; preserved raw and excluded from FitMatch canonical fields because zero may be a placeholder.,https://goods-detail.musinsa.com/api2/goods/6114116/actual-size
MUSINSA,6114116,KD5858,2XS,가슴단면,0,cm,GARMENT_MEASUREMENT,STRUCTURED_API,,,EXCLUDED_ZERO_VALUE,Official response returned 0; preserved raw and excluded from FitMatch canonical fields because zero may be a placeholder.,https://goods-detail.musinsa.com/api2/goods/6114116/actual-size
MUSINSA,6114116,KD5858,2XS,소매길이,0,cm,GARMENT_MEASUREMENT,STRUCTURED_API,,,EXCLUDED_ZERO_VALUE,Official response returned 0; preserved raw and excluded from FitMatch canonical fields because zero may be a placeholder.,https://goods-detail.musinsa.com/api2/goods/6114116/actual-size
MUSINSA,6114116,KD5858,XS,총장,0,cm,GARMENT_MEASUREMENT,STRUCTURED_API,,,EXCLUDED_ZERO_VALUE,Official response returned 0; preserved raw and excluded from FitMatch canonical fields because zero may be a placeholder.,https://goods-detail.musinsa.com/api2/goods/6114116/actual-size
MUSINSA,6114116,KD5858,XS,가슴단면,0,cm,GARMENT_MEASUREMENT,STRUCTURED_API,,,EXCLUDED_ZERO_VALUE,Official response returned 0; preserved raw and excluded from FitMatch canonical fields because zero may be a placeholder.,https://goods-detail.musinsa.com/api2/goods/6114116/actual-size
MUSINSA,6114116,KD5858,XS,소매길이,0,cm,GARMENT_MEASUREMENT,STRUCTURED_API,,,EXCLUDED_ZERO_VALUE,Official response returned 0; preserved raw and excluded from FitMatch canonical fields because zero may be a placeholder.,https://goods-detail.musinsa.com/api2/goods/6114116/actual-size
MUSINSA,6114116,KD5858,3XL,총장,0,cm,GARMENT_MEASUREMENT,STRUCTURED_API,,,EXCLUDED_ZERO_VALUE,Official response returned 0; preserved raw and excluded from FitMatch canonical fields because zero may be a placeholder.,https://goods-detail.musinsa.com/api2/goods/6114116/actual-size
MUSINSA,6114116,KD5858,3XL,가슴단면,0,cm,GARMENT_MEASUREMENT,STRUCTURED_API,,,EXCLUDED_ZERO_VALUE,Official response returned 0; preserved raw and excluded from FitMatch canonical fields because zero may be a placeholder.,https://goods-detail.musinsa.com/api2/goods/6114116/actual-size
MUSINSA,6114116,KD5858,3XL,소매길이,0,cm,GARMENT_MEASUREMENT,STRUCTURED_API,,,EXCLUDED_ZERO_VALUE,Official response returned 0; preserved raw and excluded from FitMatch canonical fields because zero may be a placeholder.,https://goods-detail.musinsa.com/api2/goods/6114116/actual-size
MUSINSA,6114116,KD5858,4XL,총장,0,cm,GARMENT_MEASUREMENT,STRUCTURED_API,,,EXCLUDED_ZERO_VALUE,Official response returned 0; preserved raw and excluded from FitMatch canonical fields because zero may be a placeholder.,https://goods-detail.musinsa.com/api2/goods/6114116/actual-size
MUSINSA,6114116,KD5858,4XL,가슴단면,0,cm,GARMENT_MEASUREMENT,STRUCTURED_API,,,EXCLUDED_ZERO_VALUE,Official response returned 0; preserved raw and excluded from FitMatch canonical fields because zero may be a placeholder.,https://goods-detail.musinsa.com/api2/goods/6114116/actual-size
MUSINSA,6114116,KD5858,4XL,소매길이,0,cm,GARMENT_MEASUREMENT,STRUCTURED_API,,,EXCLUDED_ZERO_VALUE,Official response returned 0; preserved raw and excluded from FitMatch canonical fields because zero may be a placeholder.,https://goods-detail.musinsa.com/api2/goods/6114116/actual-size
MUSINSA,6024472,MNPOOTW16021299-410-26,XS,총장,0,cm,GARMENT_MEASUREMENT,STRUCTURED_API,,,EXCLUDED_ZERO_VALUE,Official response returned 0; preserved raw and excluded from FitMatch canonical fields because zero may be a placeholder.,https://goods-detail.musinsa.com/api2/goods/6024472/actual-size
MUSINSA,6024472,MNPOOTW16021299-410-26,XS,어깨너비,0,cm,GARMENT_MEASUREMENT,STRUCTURED_API,,,EXCLUDED_ZERO_VALUE,Official response returned 0; preserved raw and excluded from FitMatch canonical fields because zero may be a placeholder.,https://goods-detail.musinsa.com/api2/goods/6024472/actual-size
MUSINSA,6024472,MNPOOTW16021299-410-26,XS,가슴단면,0,cm,GARMENT_MEASUREMENT,STRUCTURED_API,,,EXCLUDED_ZERO_VALUE,Official response returned 0; preserved raw and excluded from FitMatch canonical fields because zero may be a placeholder.,https://goods-detail.musinsa.com/api2/goods/6024472/actual-size
MUSINSA,6024472,MNPOOTW16021299-410-26,XS,소매길이,0,cm,GARMENT_MEASUREMENT,STRUCTURED_API,,,EXCLUDED_ZERO_VALUE,Official response returned 0; preserved raw and excluded from FitMatch canonical fields because zero may be a placeholder.,https://goods-detail.musinsa.com/api2/goods/6024472/actual-size
MUSINSA,6024472,MNPOOTW16021299-410-26,2XL,총장,0,cm,GARMENT_MEASUREMENT,STRUCTURED_API,,,EXCLUDED_ZERO_VALUE,Official response returned 0; preserved raw and excluded from FitMatch canonical fields because zero may be a placeholder.,https://goods-detail.musinsa.com/api2/goods/6024472/actual-size
MUSINSA,6024472,MNPOOTW16021299-410-26,2XL,어깨너비,0,cm,GARMENT_MEASUREMENT,STRUCTURED_API,,,EXCLUDED_ZERO_VALUE,Official response returned 0; preserved raw and excluded from FitMatch canonical fields because zero may be a placeholder.,https://goods-detail.musinsa.com/api2/goods/6024472/actual-size
MUSINSA,6024472,MNPOOTW16021299-410-26,2XL,가슴단면,0,cm,GARMENT_MEASUREMENT,STRUCTURED_API,,,EXCLUDED_ZERO_VALUE,Official response returned 0; preserved raw and excluded from FitMatch canonical fields because zero may be a placeholder.,https://goods-detail.musinsa.com/api2/goods/6024472/actual-size
MUSINSA,6024472,MNPOOTW16021299-410-26,2XL,소매길이,0,cm,GARMENT_MEASUREMENT,STRUCTURED_API,,,EXCLUDED_ZERO_VALUE,Official response returned 0; preserved raw and excluded from FitMatch canonical fields because zero may be a placeholder.,https://goods-detail.musinsa.com/api2/goods/6024472/actual-size
MUSINSA,3109051,AD41JK09,IVORY FREE,총장,0,cm,GARMENT_MEASUREMENT,STRUCTURED_API,,,EXCLUDED_ZERO_VALUE,Official response returned 0; preserved raw and excluded from FitMatch canonical fields because zero may be a placeholder.,https://goods-detail.musinsa.com/api2/goods/3109051/actual-size
MUSINSA,3109051,AD41JK09,IVORY FREE,어깨너비,0,cm,GARMENT_MEASUREMENT,STRUCTURED_API,,,EXCLUDED_ZERO_VALUE,Official response returned 0; preserved raw and excluded from FitMatch canonical fields because zero may be a placeholder.,https://goods-detail.musinsa.com/api2/goods/3109051/actual-size
MUSINSA,3109051,AD41JK09,IVORY FREE,가슴단면,0,cm,GARMENT_MEASUREMENT,STRUCTURED_API,,,EXCLUDED_ZERO_VALUE,Official response returned 0; preserved raw and excluded from FitMatch canonical fields because zero may be a placeholder.,https://goods-detail.musinsa.com/api2/goods/3109051/actual-size
MUSINSA,3109051,AD41JK09,IVORY FREE,소매길이,0,cm,GARMENT_MEASUREMENT,STRUCTURED_API,,,EXCLUDED_ZERO_VALUE,Official response returned 0; preserved raw and excluded from FitMatch canonical fields because zero may be a placeholder.,https://goods-detail.musinsa.com/api2/goods/3109051/actual-size
MUSINSA,6024471,MNPOOTW16021290-260-26,XS,총장,0,cm,GARMENT_MEASUREMENT,STRUCTURED_API,,,EXCLUDED_ZERO_VALUE,Official response returned 0; preserved raw and excluded from FitMatch canonical fields because zero may be a placeholder.,https://goods-detail.musinsa.com/api2/goods/6024471/actual-size
MUSINSA,6024471,MNPOOTW16021290-260-26,XS,어깨너비,0,cm,GARMENT_MEASUREMENT,STRUCTURED_API,,,EXCLUDED_ZERO_VALUE,Official response returned 0; preserved raw and excluded from FitMatch canonical fields because zero may be a placeholder.,https://goods-detail.musinsa.com/api2/goods/6024471/actual-size
MUSINSA,6024471,MNPOOTW16021290-260-26,XS,가슴단면,0,cm,GARMENT_MEASUREMENT,STRUCTURED_API,,,EXCLUDED_ZERO_VALUE,Official response returned 0; preserved raw and excluded from FitMatch canonical fields because zero may be a placeholder.,https://goods-detail.musinsa.com/api2/goods/6024471/actual-size
MUSINSA,6024471,MNPOOTW16021290-260-26,XS,소매길이,0,cm,GARMENT_MEASUREMENT,STRUCTURED_API,,,EXCLUDED_ZERO_VALUE,Official response returned 0; preserved raw and excluded from FitMatch canonical fields because zero may be a placeholder.,https://goods-detail.musinsa.com/api2/goods/6024471/actual-size
MUSINSA,6094571,BW26SSJK02-IV,NONE,어깨너비,0,cm,GARMENT_MEASUREMENT,STRUCTURED_API,,,EXCLUDED_ZERO_VALUE,Official response returned 0; preserved raw and excluded from FitMatch canonical fields because zero may be a placeholder.,https://goods-detail.musinsa.com/api2/goods/6094571/actual-size
MUSINSA,6928720,P0000COL,Free,어깨너비,0,cm,GARMENT_MEASUREMENT,STRUCTURED_API,,,EXCLUDED_ZERO_VALUE,Official response returned 0; preserved raw and excluded from FitMatch canonical fields because zero may be a placeholder.,https://goods-detail.musinsa.com/api2/goods/6928720/actual-size
MUSINSA,3051386,SLJKDA001CH,M,총장,0,cm,GARMENT_MEASUREMENT,STRUCTURED_API,,,EXCLUDED_ZERO_VALUE,Official response returned 0; preserved raw and excluded from FitMatch canonical fields because zero may be a placeholder.,https://goods-detail.musinsa.com/api2/goods/3051386/actual-size
MUSINSA,3051386,SLJKDA001CH,M,어깨너비,0,cm,GARMENT_MEASUREMENT,STRUCTURED_API,,,EXCLUDED_ZERO_VALUE,Official response returned 0; preserved raw and excluded from FitMatch canonical fields because zero may be a placeholder.,https://goods-detail.musinsa.com/api2/goods/3051386/actual-size
MUSINSA,3051386,SLJKDA001CH,M,가슴단면,0,cm,GARMENT_MEASUREMENT,STRUCTURED_API,,,EXCLUDED_ZERO_VALUE,Official response returned 0; preserved raw and excluded from FitMatch canonical fields because zero may be a placeholder.,https://goods-detail.musinsa.com/api2/goods/3051386/actual-size
MUSINSA,3051386,SLJKDA001CH,M,소매길이,0,cm,GARMENT_MEASUREMENT,STRUCTURED_API,,,EXCLUDED_ZERO_VALUE,Official response returned 0; preserved raw and excluded from FitMatch canonical fields because zero may be a placeholder.,https://goods-detail.musinsa.com/api2/goods/3051386/actual-size
MUSINSA,3051386,SLJKDA001CH,L,총장,0,cm,GARMENT_MEASUREMENT,STRUCTURED_API,,,EXCLUDED_ZERO_VALUE,Official response returned 0; preserved raw and excluded from FitMatch canonical fields because zero may be a placeholder.,https://goods-detail.musinsa.com/api2/goods/3051386/actual-size
MUSINSA,3051386,SLJKDA001CH,L,어깨너비,0,cm,GARMENT_MEASUREMENT,STRUCTURED_API,,,EXCLUDED_ZERO_VALUE,Official response returned 0; preserved raw and excluded from FitMatch canonical fields because zero may be a placeholder.,https://goods-detail.musinsa.com/api2/goods/3051386/actual-size
MUSINSA,3051386,SLJKDA001CH,L,가슴단면,0,cm,GARMENT_MEASUREMENT,STRUCTURED_API,,,EXCLUDED_ZERO_VALUE,Official response returned 0; preserved raw and excluded from FitMatch canonical fields because zero may be a placeholder.,https://goods-detail.musinsa.com/api2/goods/3051386/actual-size
MUSINSA,3051386,SLJKDA001CH,L,소매길이,0,cm,GARMENT_MEASUREMENT,STRUCTURED_API,,,EXCLUDED_ZERO_VALUE,Official response returned 0; preserved raw and excluded from FitMatch canonical fields because zero may be a placeholder.,https://goods-detail.musinsa.com/api2/goods/3051386/actual-size
MUSINSA,4509506,ZG6CT620BK,100,총장,0,cm,GARMENT_MEASUREMENT,STRUCTURED_API,,,EXCLUDED_ZERO_VALUE,Official response returned 0; preserved raw and excluded from FitMatch canonical fields because zero may be a placeholder.,https://goods-detail.musinsa.com/api2/goods/4509506/actual-size
MUSINSA,4509506,ZG6CT620BK,100,어깨너비,0,cm,GARMENT_MEASUREMENT,STRUCTURED_API,,,EXCLUDED_ZERO_VALUE,Official response returned 0; preserved raw and excluded from FitMatch canonical fields because zero may be a placeholder.,https://goods-detail.musinsa.com/api2/goods/4509506/actual-size
MUSINSA,4509506,ZG6CT620BK,100,가슴단면,0,cm,GARMENT_MEASUREMENT,STRUCTURED_API,,,EXCLUDED_ZERO_VALUE,Official response returned 0; preserved raw and excluded from FitMatch canonical fields because zero may be a placeholder.,https://goods-detail.musinsa.com/api2/goods/4509506/actual-size
MUSINSA,4509506,ZG6CT620BK,100,소매길이,0,cm,GARMENT_MEASUREMENT,STRUCTURED_API,,,EXCLUDED_ZERO_VALUE,Official response returned 0; preserved raw and excluded from FitMatch canonical fields because zero may be a placeholder.,https://goods-detail.musinsa.com/api2/goods/4509506/actual-size
MUSINSA,4509506,ZG6CT620BK,105,총장,0,cm,GARMENT_MEASUREMENT,STRUCTURED_API,,,EXCLUDED_ZERO_VALUE,Official response returned 0; preserved raw and excluded from FitMatch canonical fields because zero may be a placeholder.,https://goods-detail.musinsa.com/api2/goods/4509506/actual-size
MUSINSA,4509506,ZG6CT620BK,105,어깨너비,0,cm,GARMENT_MEASUREMENT,STRUCTURED_API,,,EXCLUDED_ZERO_VALUE,Official response returned 0; preserved raw and excluded from FitMatch canonical fields because zero may be a placeholder.,https://goods-detail.musinsa.com/api2/goods/4509506/actual-size
MUSINSA,4509506,ZG6CT620BK,105,가슴단면,0,cm,GARMENT_MEASUREMENT,STRUCTURED_API,,,EXCLUDED_ZERO_VALUE,Official response returned 0; preserved raw and excluded from FitMatch canonical fields because zero may be a placeholder.,https://goods-detail.musinsa.com/api2/goods/4509506/actual-size
MUSINSA,4509506,ZG6CT620BK,105,소매길이,0,cm,GARMENT_MEASUREMENT,STRUCTURED_API,,,EXCLUDED_ZERO_VALUE,Official response returned 0; preserved raw and excluded from FitMatch canonical fields because zero may be a placeholder.,https://goods-detail.musinsa.com/api2/goods/4509506/actual-size
MUSINSA,2863073,TRFCT06BR,S (누빔),총장,0,cm,GARMENT_MEASUREMENT,STRUCTURED_API,,,EXCLUDED_ZERO_VALUE,Official response returned 0; preserved raw and excluded from FitMatch canonical fields because zero may be a placeholder.,https://goods-detail.musinsa.com/api2/goods/2863073/actual-size
MUSINSA,2863073,TRFCT06BR,S (누빔),어깨너비,0,cm,GARMENT_MEASUREMENT,STRUCTURED_API,,,EXCLUDED_ZERO_VALUE,Official response returned 0; preserved raw and excluded from FitMatch canonical fields because zero may be a placeholder.,https://goods-detail.musinsa.com/api2/goods/2863073/actual-size
MUSINSA,2863073,TRFCT06BR,S (누빔),가슴단면,0,cm,GARMENT_MEASUREMENT,STRUCTURED_API,,,EXCLUDED_ZERO_VALUE,Official response returned 0; preserved raw and excluded from FitMatch canonical fields because zero may be a placeholder.,https://goods-detail.musinsa.com/api2/goods/2863073/actual-size
MUSINSA,2863073,TRFCT06BR,S (누빔),소매길이,0,cm,GARMENT_MEASUREMENT,STRUCTURED_API,,,EXCLUDED_ZERO_VALUE,Official response returned 0; preserved raw and excluded from FitMatch canonical fields because zero may be a placeholder.,https://goods-detail.musinsa.com/api2/goods/2863073/actual-size
MUSINSA,2863073,TRFCT06BR,M (누빔),총장,0,cm,GARMENT_MEASUREMENT,STRUCTURED_API,,,EXCLUDED_ZERO_VALUE,Official response returned 0; preserved raw and excluded from FitMatch canonical fields because zero may be a placeholder.,https://goods-detail.musinsa.com/api2/goods/2863073/actual-size
MUSINSA,2863073,TRFCT06BR,M (누빔),어깨너비,0,cm,GARMENT_MEASUREMENT,STRUCTURED_API,,,EXCLUDED_ZERO_VALUE,Official response returned 0; preserved raw and excluded from FitMatch canonical fields because zero may be a placeholder.,https://goods-detail.musinsa.com/api2/goods/2863073/actual-size
MUSINSA,2863073,TRFCT06BR,M (누빔),가슴단면,0,cm,GARMENT_MEASUREMENT,STRUCTURED_API,,,EXCLUDED_ZERO_VALUE,Official response returned 0; preserved raw and excluded from FitMatch canonical fields because zero may be a placeholder.,https://goods-detail.musinsa.com/api2/goods/2863073/actual-size
MUSINSA,2863073,TRFCT06BR,M (누빔),소매길이,0,cm,GARMENT_MEASUREMENT,STRUCTURED_API,,,EXCLUDED_ZERO_VALUE,Official response returned 0; preserved raw and excluded from FitMatch canonical fields because zero may be a placeholder.,https://goods-detail.musinsa.com/api2/goods/2863073/actual-size
MUSINSA,2863073,TRFCT06BR,L (누빔),총장,0,cm,GARMENT_MEASUREMENT,STRUCTURED_API,,,EXCLUDED_ZERO_VALUE,Official response returned 0; preserved raw and excluded from FitMatch canonical fields because zero may be a placeholder.,https://goods-detail.musinsa.com/api2/goods/2863073/actual-size
MUSINSA,2863073,TRFCT06BR,L (누빔),어깨너비,0,cm,GARMENT_MEASUREMENT,STRUCTURED_API,,,EXCLUDED_ZERO_VALUE,Official response returned 0; preserved raw and excluded from FitMatch canonical fields because zero may be a placeholder.,https://goods-detail.musinsa.com/api2/goods/2863073/actual-size
MUSINSA,2863073,TRFCT06BR,L (누빔),가슴단면,0,cm,GARMENT_MEASUREMENT,STRUCTURED_API,,,EXCLUDED_ZERO_VALUE,Official response returned 0; preserved raw and excluded from FitMatch canonical fields because zero may be a placeholder.,https://goods-detail.musinsa.com/api2/goods/2863073/actual-size
MUSINSA,2863073,TRFCT06BR,L (누빔),소매길이,0,cm,GARMENT_MEASUREMENT,STRUCTURED_API,,,EXCLUDED_ZERO_VALUE,Official response returned 0; preserved raw and excluded from FitMatch canonical fields because zero may be a placeholder.,https://goods-detail.musinsa.com/api2/goods/2863073/actual-size
MUSINSA,5559014,5008672837,FREE,어깨너비,0,cm,GARMENT_MEASUREMENT,STRUCTURED_API,,,EXCLUDED_ZERO_VALUE,Official response returned 0; preserved raw and excluded from FitMatch canonical fields because zero may be a placeholder.,https://goods-detail.musinsa.com/api2/goods/5559014/actual-size
MUSINSA,5589488,LRCT5402GR,FREE,어깨너비,0,cm,GARMENT_MEASUREMENT,STRUCTURED_API,,,EXCLUDED_ZERO_VALUE,Official response returned 0; preserved raw and excluded from FitMatch canonical fields because zero may be a placeholder.,https://goods-detail.musinsa.com/api2/goods/5589488/actual-size
MUSINSA,5634372,MCO105-BK,M,어깨너비,0,cm,GARMENT_MEASUREMENT,STRUCTURED_API,,,EXCLUDED_ZERO_VALUE,Official response returned 0; preserved raw and excluded from FitMatch canonical fields because zero may be a placeholder.,https://goods-detail.musinsa.com/api2/goods/5634372/actual-size
MUSINSA,5634372,MCO105-BK,L,어깨너비,0,cm,GARMENT_MEASUREMENT,STRUCTURED_API,,,EXCLUDED_ZERO_VALUE,Official response returned 0; preserved raw and excluded from FitMatch canonical fields because zero may be a placeholder.,https://goods-detail.musinsa.com/api2/goods/5634372/actual-size
MUSINSA,4642776,H.하프토글CT-Be,FREE,어깨너비,0,cm,GARMENT_MEASUREMENT,STRUCTURED_API,,,EXCLUDED_ZERO_VALUE,Official response returned 0; preserved raw and excluded from FitMatch canonical fields because zero may be a placeholder.,https://goods-detail.musinsa.com/api2/goods/4642776/actual-size
MUSINSA,6726017,MWFWV7B24-MR,XS,어깨너비,0,cm,GARMENT_MEASUREMENT,STRUCTURED_API,,,EXCLUDED_ZERO_VALUE,Official response returned 0; preserved raw and excluded from FitMatch canonical fields because zero may be a placeholder.,https://goods-detail.musinsa.com/api2/goods/6726017/actual-size
MUSINSA,6726017,MWFWV7B24-MR,S,어깨너비,0,cm,GARMENT_MEASUREMENT,STRUCTURED_API,,,EXCLUDED_ZERO_VALUE,Official response returned 0; preserved raw and excluded from FitMatch canonical fields because zero may be a placeholder.,https://goods-detail.musinsa.com/api2/goods/6726017/actual-size
MUSINSA,6726017,MWFWV7B24-MR,M,어깨너비,0,cm,GARMENT_MEASUREMENT,STRUCTURED_API,,,EXCLUDED_ZERO_VALUE,Official response returned 0; preserved raw and excluded from FitMatch canonical fields because zero may be a placeholder.,https://goods-detail.musinsa.com/api2/goods/6726017/actual-size
MUSINSA,6726017,MWFWV7B24-MR,L,어깨너비,0,cm,GARMENT_MEASUREMENT,STRUCTURED_API,,,EXCLUDED_ZERO_VALUE,Official response returned 0; preserved raw and excluded from FitMatch canonical fields because zero may be a placeholder.,https://goods-detail.musinsa.com/api2/goods/6726017/actual-size
MUSINSA,6227239,M63003EAC70,BLACK/FREE,어깨너비,0,cm,GARMENT_MEASUREMENT,STRUCTURED_API,,,EXCLUDED_ZERO_VALUE,Official response returned 0; preserved raw and excluded from FitMatch canonical fields because zero may be a placeholder.,https://goods-detail.musinsa.com/api2/goods/6227239/actual-size
MUSINSA,4644497,M62001EAC12,화이트/FREE,총장,0,cm,GARMENT_MEASUREMENT,STRUCTURED_API,,,EXCLUDED_ZERO_VALUE,Official response returned 0; preserved raw and excluded from FitMatch canonical fields because zero may be a placeholder.,https://goods-detail.musinsa.com/api2/goods/4644497/actual-size
MUSINSA,4644497,M62001EAC12,화이트/FREE,어깨너비,0,cm,GARMENT_MEASUREMENT,STRUCTURED_API,,,EXCLUDED_ZERO_VALUE,Official response returned 0; preserved raw and excluded from FitMatch canonical fields because zero may be a placeholder.,https://goods-detail.musinsa.com/api2/goods/4644497/actual-size
MUSINSA,4644497,M62001EAC12,화이트/FREE,가슴단면,0,cm,GARMENT_MEASUREMENT,STRUCTURED_API,,,EXCLUDED_ZERO_VALUE,Official response returned 0; preserved raw and excluded from FitMatch canonical fields because zero may be a placeholder.,https://goods-detail.musinsa.com/api2/goods/4644497/actual-size
MUSINSA,5996487,RNF-J01,FREE,가슴단면,0,cm,GARMENT_MEASUREMENT,STRUCTURED_API,,,EXCLUDED_ZERO_VALUE,Official response returned 0; preserved raw and excluded from FitMatch canonical fields because zero may be a placeholder.,https://goods-detail.musinsa.com/api2/goods/5996487/actual-size
MUSINSA,3552585,DFWMCT3405BK,XS,어깨너비,0,cm,GARMENT_MEASUREMENT,STRUCTURED_API,,,EXCLUDED_ZERO_VALUE,Official response returned 0; preserved raw and excluded from FitMatch canonical fields because zero may be a placeholder.,https://goods-detail.musinsa.com/api2/goods/3552585/actual-size
MUSINSA,3552585,DFWMCT3405BK,S,어깨너비,0,cm,GARMENT_MEASUREMENT,STRUCTURED_API,,,EXCLUDED_ZERO_VALUE,Official response returned 0; preserved raw and excluded from FitMatch canonical fields because zero may be a placeholder.,https://goods-detail.musinsa.com/api2/goods/3552585/actual-size
MUSINSA,3552585,DFWMCT3405BK,M,어깨너비,0,cm,GARMENT_MEASUREMENT,STRUCTURED_API,,,EXCLUDED_ZERO_VALUE,Official response returned 0; preserved raw and excluded from FitMatch canonical fields because zero may be a placeholder.,https://goods-detail.musinsa.com/api2/goods/3552585/actual-size
MUSINSA,3808011,H.울하프CT-ch,Free,어깨너비,0,cm,GARMENT_MEASUREMENT,STRUCTURED_API,,,EXCLUDED_ZERO_VALUE,Official response returned 0; preserved raw and excluded from FitMatch canonical fields because zero may be a placeholder.,https://goods-detail.musinsa.com/api2/goods/3808011/actual-size
MUSINSA,5049575,MEL-CDG-SS-25-002Z4,라이트 블루,총장,0,cm,GARMENT_MEASUREMENT,STRUCTURED_API,,,EXCLUDED_ZERO_VALUE,Official response returned 0; preserved raw and excluded from FitMatch canonical fields because zero may be a placeholder.,https://goods-detail.musinsa.com/api2/goods/5049575/actual-size
MUSINSA,5049575,MEL-CDG-SS-25-002Z4,라이트 블루,어깨너비,0,cm,GARMENT_MEASUREMENT,STRUCTURED_API,,,EXCLUDED_ZERO_VALUE,Official response returned 0; preserved raw and excluded from FitMatch canonical fields because zero may be a placeholder.,https://goods-detail.musinsa.com/api2/goods/5049575/actual-size
MUSINSA,5049575,MEL-CDG-SS-25-002Z4,라이트 블루,가슴단면,0,cm,GARMENT_MEASUREMENT,STRUCTURED_API,,,EXCLUDED_ZERO_VALUE,Official response returned 0; preserved raw and excluded from FitMatch canonical fields because zero may be a placeholder.,https://goods-detail.musinsa.com/api2/goods/5049575/actual-size
MUSINSA,5049575,MEL-CDG-SS-25-002Z4,라이트 블루,소매길이,0,cm,GARMENT_MEASUREMENT,STRUCTURED_API,,,EXCLUDED_ZERO_VALUE,Official response returned 0; preserved raw and excluded from FitMatch canonical fields because zero may be a placeholder.,https://goods-detail.musinsa.com/api2/goods/5049575/actual-size
MUSINSA,5049575,MEL-CDG-SS-25-002Z4,크림,총장,0,cm,GARMENT_MEASUREMENT,STRUCTURED_API,,,EXCLUDED_ZERO_VALUE,Official response returned 0; preserved raw and excluded from FitMatch canonical fields because zero may be a placeholder.,https://goods-detail.musinsa.com/api2/goods/5049575/actual-size
MUSINSA,5049575,MEL-CDG-SS-25-002Z4,크림,어깨너비,0,cm,GARMENT_MEASUREMENT,STRUCTURED_API,,,EXCLUDED_ZERO_VALUE,Official response returned 0; preserved raw and excluded from FitMatch canonical fields because zero may be a placeholder.,https://goods-detail.musinsa.com/api2/goods/5049575/actual-size
MUSINSA,5049575,MEL-CDG-SS-25-002Z4,크림,가슴단면,0,cm,GARMENT_MEASUREMENT,STRUCTURED_API,,,EXCLUDED_ZERO_VALUE,Official response returned 0; preserved raw and excluded from FitMatch canonical fields because zero may be a placeholder.,https://goods-detail.musinsa.com/api2/goods/5049575/actual-size
MUSINSA,5049575,MEL-CDG-SS-25-002Z4,크림,소매길이,0,cm,GARMENT_MEASUREMENT,STRUCTURED_API,,,EXCLUDED_ZERO_VALUE,Official response returned 0; preserved raw and excluded from FitMatch canonical fields because zero may be a placeholder.,https://goods-detail.musinsa.com/api2/goods/5049575/actual-size
MUSINSA,6907230,5014836291,1,엉덩이단면,0,cm,GARMENT_MEASUREMENT,STRUCTURED_API,,,EXCLUDED_ZERO_VALUE,Official response returned 0; preserved raw and excluded from FitMatch canonical fields because zero may be a placeholder.,https://goods-detail.musinsa.com/api2/goods/6907230/actual-size
MUSINSA,6907230,5014836291,1,밑위,0,cm,GARMENT_MEASUREMENT,STRUCTURED_API,,,EXCLUDED_ZERO_VALUE,Official response returned 0; preserved raw and excluded from FitMatch canonical fields because zero may be a placeholder.,https://goods-detail.musinsa.com/api2/goods/6907230/actual-size
MUSINSA,6907230,5014836291,2,엉덩이단면,0,cm,GARMENT_MEASUREMENT,STRUCTURED_API,,,EXCLUDED_ZERO_VALUE,Official response returned 0; preserved raw and excluded from FitMatch canonical fields because zero may be a placeholder.,https://goods-detail.musinsa.com/api2/goods/6907230/actual-size
MUSINSA,6907230,5014836291,2,밑위,0,cm,GARMENT_MEASUREMENT,STRUCTURED_API,,,EXCLUDED_ZERO_VALUE,Official response returned 0; preserved raw and excluded from FitMatch canonical fields because zero may be a placeholder.,https://goods-detail.musinsa.com/api2/goods/6907230/actual-size
MUSINSA,6907230,5014836291,3,엉덩이단면,0,cm,GARMENT_MEASUREMENT,STRUCTURED_API,,,EXCLUDED_ZERO_VALUE,Official response returned 0; preserved raw and excluded from FitMatch canonical fields because zero may be a placeholder.,https://goods-detail.musinsa.com/api2/goods/6907230/actual-size
MUSINSA,6907230,5014836291,3,밑위,0,cm,GARMENT_MEASUREMENT,STRUCTURED_API,,,EXCLUDED_ZERO_VALUE,Official response returned 0; preserved raw and excluded from FitMatch canonical fields because zero may be a placeholder.,https://goods-detail.musinsa.com/api2/goods/6907230/actual-size
MUSINSA,4258827,BTFW019,XS(44),총장,0,cm,GARMENT_MEASUREMENT,STRUCTURED_API,,,EXCLUDED_ZERO_VALUE,Official response returned 0; preserved raw and excluded from FitMatch canonical fields because zero may be a placeholder.,https://goods-detail.musinsa.com/api2/goods/4258827/actual-size
MUSINSA,4258827,BTFW019,XS(44),허리단면,0,cm,GARMENT_MEASUREMENT,STRUCTURED_API,,,EXCLUDED_ZERO_VALUE,Official response returned 0; preserved raw and excluded from FitMatch canonical fields because zero may be a placeholder.,https://goods-detail.musinsa.com/api2/goods/4258827/actual-size
MUSINSA,4258827,BTFW019,XS(44),엉덩이단면,0,cm,GARMENT_MEASUREMENT,STRUCTURED_API,,,EXCLUDED_ZERO_VALUE,Official response returned 0; preserved raw and excluded from FitMatch canonical fields because zero may be a placeholder.,https://goods-detail.musinsa.com/api2/goods/4258827/actual-size
MUSINSA,4258827,BTFW019,XS(44),허벅지단면,0,cm,GARMENT_MEASUREMENT,STRUCTURED_API,,,EXCLUDED_ZERO_VALUE,Official response returned 0; preserved raw and excluded from FitMatch canonical fields because zero may be a placeholder.,https://goods-detail.musinsa.com/api2/goods/4258827/actual-size
MUSINSA,4258827,BTFW019,XS(44),밑위,0,cm,GARMENT_MEASUREMENT,STRUCTURED_API,,,EXCLUDED_ZERO_VALUE,Official response returned 0; preserved raw and excluded from FitMatch canonical fields because zero may be a placeholder.,https://goods-detail.musinsa.com/api2/goods/4258827/actual-size
MUSINSA,4258827,BTFW019,XS(44),밑단단면,0,cm,GARMENT_MEASUREMENT,STRUCTURED_API,,,EXCLUDED_ZERO_VALUE,Official response returned 0; preserved raw and excluded from FitMatch canonical fields because zero may be a placeholder.,https://goods-detail.musinsa.com/api2/goods/4258827/actual-size
MUSINSA,1923315,SBBSHLPT772,(퍼티그)블랙:S,총장,0,cm,GARMENT_MEASUREMENT,STRUCTURED_API,,,EXCLUDED_ZERO_VALUE,Official response returned 0; preserved raw and excluded from FitMatch canonical fields because zero may be a placeholder.,https://goods-detail.musinsa.com/api2/goods/1923315/actual-size
MUSINSA,1923315,SBBSHLPT772,(퍼티그)블랙:S,허리단면,0,cm,GARMENT_MEASUREMENT,STRUCTURED_API,,,EXCLUDED_ZERO_VALUE,Official response returned 0; preserved raw and excluded from FitMatch canonical fields because zero may be a placeholder.,https://goods-detail.musinsa.com/api2/goods/1923315/actual-size
MUSINSA,1923315,SBBSHLPT772,(퍼티그)블랙:S,엉덩이단면,0,cm,GARMENT_MEASUREMENT,STRUCTURED_API,,,EXCLUDED_ZERO_VALUE,Official response returned 0; preserved raw and excluded from FitMatch canonical fields because zero may be a placeholder.,https://goods-detail.musinsa.com/api2/goods/1923315/actual-size
MUSINSA,1923315,SBBSHLPT772,(퍼티그)블랙:S,허벅지단면,0,cm,GARMENT_MEASUREMENT,STRUCTURED_API,,,EXCLUDED_ZERO_VALUE,Official response returned 0; preserved raw and excluded from FitMatch canonical fields because zero may be a placeholder.,https://goods-detail.musinsa.com/api2/goods/1923315/actual-size
MUSINSA,1923315,SBBSHLPT772,(퍼티그)블랙:S,밑위,0,cm,GARMENT_MEASUREMENT,STRUCTURED_API,,,EXCLUDED_ZERO_VALUE,Official response returned 0; preserved raw and excluded from FitMatch canonical fields because zero may be a placeholder.,https://goods-detail.musinsa.com/api2/goods/1923315/actual-size
MUSINSA,1923315,SBBSHLPT772,(퍼티그)블랙:S,밑단단면,0,cm,GARMENT_MEASUREMENT,STRUCTURED_API,,,EXCLUDED_ZERO_VALUE,Official response returned 0; preserved raw and excluded from FitMatch canonical fields because zero may be a placeholder.,https://goods-detail.musinsa.com/api2/goods/1923315/actual-size
MUSINSA,1923315,SBBSHLPT772,(퍼티그)블랙:M,총장,0,cm,GARMENT_MEASUREMENT,STRUCTURED_API,,,EXCLUDED_ZERO_VALUE,Official response returned 0; preserved raw and excluded from FitMatch canonical fields because zero may be a placeholder.,https://goods-detail.musinsa.com/api2/goods/1923315/actual-size
MUSINSA,1923315,SBBSHLPT772,(퍼티그)블랙:M,허리단면,0,cm,GARMENT_MEASUREMENT,STRUCTURED_API,,,EXCLUDED_ZERO_VALUE,Official response returned 0; preserved raw and excluded from FitMatch canonical fields because zero may be a placeholder.,https://goods-detail.musinsa.com/api2/goods/1923315/actual-size
MUSINSA,1923315,SBBSHLPT772,(퍼티그)블랙:M,엉덩이단면,0,cm,GARMENT_MEASUREMENT,STRUCTURED_API,,,EXCLUDED_ZERO_VALUE,Official response returned 0; preserved raw and excluded from FitMatch canonical fields because zero may be a placeholder.,https://goods-detail.musinsa.com/api2/goods/1923315/actual-size
MUSINSA,1923315,SBBSHLPT772,(퍼티그)블랙:M,허벅지단면,0,cm,GARMENT_MEASUREMENT,STRUCTURED_API,,,EXCLUDED_ZERO_VALUE,Official response returned 0; preserved raw and excluded from FitMatch canonical fields because zero may be a placeholder.,https://goods-detail.musinsa.com/api2/goods/1923315/actual-size
MUSINSA,1923315,SBBSHLPT772,(퍼티그)블랙:M,밑위,0,cm,GARMENT_MEASUREMENT,STRUCTURED_API,,,EXCLUDED_ZERO_VALUE,Official response returned 0; preserved raw and excluded from FitMatch canonical fields because zero may be a placeholder.,https://goods-detail.musinsa.com/api2/goods/1923315/actual-size
MUSINSA,1923315,SBBSHLPT772,(퍼티그)블랙:M,밑단단면,0,cm,GARMENT_MEASUREMENT,STRUCTURED_API,,,EXCLUDED_ZERO_VALUE,Official response returned 0; preserved raw and excluded from FitMatch canonical fields because zero may be a placeholder.,https://goods-detail.musinsa.com/api2/goods/1923315/actual-size
MUSINSA,1923315,SBBSHLPT772,(퍼티그)블랙:L,총장,0,cm,GARMENT_MEASUREMENT,STRUCTURED_API,,,EXCLUDED_ZERO_VALUE,Official response returned 0; preserved raw and excluded from FitMatch canonical fields because zero may be a placeholder.,https://goods-detail.musinsa.com/api2/goods/1923315/actual-size
MUSINSA,1923315,SBBSHLPT772,(퍼티그)블랙:L,허리단면,0,cm,GARMENT_MEASUREMENT,STRUCTURED_API,,,EXCLUDED_ZERO_VALUE,Official response returned 0; preserved raw and excluded from FitMatch canonical fields because zero may be a placeholder.,https://goods-detail.musinsa.com/api2/goods/1923315/actual-size
MUSINSA,1923315,SBBSHLPT772,(퍼티그)블랙:L,엉덩이단면,0,cm,GARMENT_MEASUREMENT,STRUCTURED_API,,,EXCLUDED_ZERO_VALUE,Official response returned 0; preserved raw and excluded from FitMatch canonical fields because zero may be a placeholder.,https://goods-detail.musinsa.com/api2/goods/1923315/actual-size
MUSINSA,1923315,SBBSHLPT772,(퍼티그)블랙:L,허벅지단면,0,cm,GARMENT_MEASUREMENT,STRUCTURED_API,,,EXCLUDED_ZERO_VALUE,Official response returned 0; preserved raw and excluded from FitMatch canonical fields because zero may be a placeholder.,https://goods-detail.musinsa.com/api2/goods/1923315/actual-size
MUSINSA,1923315,SBBSHLPT772,(퍼티그)블랙:L,밑위,0,cm,GARMENT_MEASUREMENT,STRUCTURED_API,,,EXCLUDED_ZERO_VALUE,Official response returned 0; preserved raw and excluded from FitMatch canonical fields because zero may be a placeholder.,https://goods-detail.musinsa.com/api2/goods/1923315/actual-size
MUSINSA,1923315,SBBSHLPT772,(퍼티그)블랙:L,밑단단면,0,cm,GARMENT_MEASUREMENT,STRUCTURED_API,,,EXCLUDED_ZERO_VALUE,Official response returned 0; preserved raw and excluded from FitMatch canonical fields because zero may be a placeholder.,https://goods-detail.musinsa.com/api2/goods/1923315/actual-size
MUSINSA,1923315,SBBSHLPT772,(퍼티그)네이비:S,총장,0,cm,GARMENT_MEASUREMENT,STRUCTURED_API,,,EXCLUDED_ZERO_VALUE,Official response returned 0; preserved raw and excluded from FitMatch canonical fields because zero may be a placeholder.,https://goods-detail.musinsa.com/api2/goods/1923315/actual-size
MUSINSA,1923315,SBBSHLPT772,(퍼티그)네이비:S,허리단면,0,cm,GARMENT_MEASUREMENT,STRUCTURED_API,,,EXCLUDED_ZERO_VALUE,Official response returned 0; preserved raw and excluded from FitMatch canonical fields because zero may be a placeholder.,https://goods-detail.musinsa.com/api2/goods/1923315/actual-size
MUSINSA,1923315,SBBSHLPT772,(퍼티그)네이비:S,엉덩이단면,0,cm,GARMENT_MEASUREMENT,STRUCTURED_API,,,EXCLUDED_ZERO_VALUE,Official response returned 0; preserved raw and excluded from FitMatch canonical fields because zero may be a placeholder.,https://goods-detail.musinsa.com/api2/goods/1923315/actual-size
MUSINSA,1923315,SBBSHLPT772,(퍼티그)네이비:S,허벅지단면,0,cm,GARMENT_MEASUREMENT,STRUCTURED_API,,,EXCLUDED_ZERO_VALUE,Official response returned 0; preserved raw and excluded from FitMatch canonical fields because zero may be a placeholder.,https://goods-detail.musinsa.com/api2/goods/1923315/actual-size
MUSINSA,1923315,SBBSHLPT772,(퍼티그)네이비:S,밑위,0,cm,GARMENT_MEASUREMENT,STRUCTURED_API,,,EXCLUDED_ZERO_VALUE,Official response returned 0; preserved raw and excluded from FitMatch canonical fields because zero may be a placeholder.,https://goods-detail.musinsa.com/api2/goods/1923315/actual-size
MUSINSA,1923315,SBBSHLPT772,(퍼티그)네이비:S,밑단단면,0,cm,GARMENT_MEASUREMENT,STRUCTURED_API,,,EXCLUDED_ZERO_VALUE,Official response returned 0; preserved raw and excluded from FitMatch canonical fields because zero may be a placeholder.,https://goods-detail.musinsa.com/api2/goods/1923315/actual-size
MUSINSA,1923315,SBBSHLPT772,(퍼티그)네이비:M,총장,0,cm,GARMENT_MEASUREMENT,STRUCTURED_API,,,EXCLUDED_ZERO_VALUE,Official response returned 0; preserved raw and excluded from FitMatch canonical fields because zero may be a placeholder.,https://goods-detail.musinsa.com/api2/goods/1923315/actual-size
MUSINSA,1923315,SBBSHLPT772,(퍼티그)네이비:M,허리단면,0,cm,GARMENT_MEASUREMENT,STRUCTURED_API,,,EXCLUDED_ZERO_VALUE,Official response returned 0; preserved raw and excluded from FitMatch canonical fields because zero may be a placeholder.,https://goods-detail.musinsa.com/api2/goods/1923315/actual-size
MUSINSA,1923315,SBBSHLPT772,(퍼티그)네이비:M,엉덩이단면,0,cm,GARMENT_MEASUREMENT,STRUCTURED_API,,,EXCLUDED_ZERO_VALUE,Official response returned 0; preserved raw and excluded from FitMatch canonical fields because zero may be a placeholder.,https://goods-detail.musinsa.com/api2/goods/1923315/actual-size
MUSINSA,1923315,SBBSHLPT772,(퍼티그)네이비:M,허벅지단면,0,cm,GARMENT_MEASUREMENT,STRUCTURED_API,,,EXCLUDED_ZERO_VALUE,Official response returned 0; preserved raw and excluded from FitMatch canonical fields because zero may be a placeholder.,https://goods-detail.musinsa.com/api2/goods/1923315/actual-size
MUSINSA,1923315,SBBSHLPT772,(퍼티그)네이비:M,밑위,0,cm,GARMENT_MEASUREMENT,STRUCTURED_API,,,EXCLUDED_ZERO_VALUE,Official response returned 0; preserved raw and excluded from FitMatch canonical fields because zero may be a placeholder.,https://goods-detail.musinsa.com/api2/goods/1923315/actual-size
MUSINSA,1923315,SBBSHLPT772,(퍼티그)네이비:M,밑단단면,0,cm,GARMENT_MEASUREMENT,STRUCTURED_API,,,EXCLUDED_ZERO_VALUE,Official response returned 0; preserved raw and excluded from FitMatch canonical fields because zero may be a placeholder.,https://goods-detail.musinsa.com/api2/goods/1923315/actual-size
MUSINSA,1923315,SBBSHLPT772,(퍼티그)네이비:L,총장,0,cm,GARMENT_MEASUREMENT,STRUCTURED_API,,,EXCLUDED_ZERO_VALUE,Official response returned 0; preserved raw and excluded from FitMatch canonical fields because zero may be a placeholder.,https://goods-detail.musinsa.com/api2/goods/1923315/actual-size
MUSINSA,1923315,SBBSHLPT772,(퍼티그)네이비:L,허리단면,0,cm,GARMENT_MEASUREMENT,STRUCTURED_API,,,EXCLUDED_ZERO_VALUE,Official response returned 0; preserved raw and excluded from FitMatch canonical fields because zero may be a placeholder.,https://goods-detail.musinsa.com/api2/goods/1923315/actual-size
MUSINSA,1923315,SBBSHLPT772,(퍼티그)네이비:L,엉덩이단면,0,cm,GARMENT_MEASUREMENT,STRUCTURED_API,,,EXCLUDED_ZERO_VALUE,Official response returned 0; preserved raw and excluded from FitMatch canonical fields because zero may be a placeholder.,https://goods-detail.musinsa.com/api2/goods/1923315/actual-size
MUSINSA,1923315,SBBSHLPT772,(퍼티그)네이비:L,허벅지단면,0,cm,GARMENT_MEASUREMENT,STRUCTURED_API,,,EXCLUDED_ZERO_VALUE,Official response returned 0; preserved raw and excluded from FitMatch canonical fields because zero may be a placeholder.,https://goods-detail.musinsa.com/api2/goods/1923315/actual-size
MUSINSA,1923315,SBBSHLPT772,(퍼티그)네이비:L,밑위,0,cm,GARMENT_MEASUREMENT,STRUCTURED_API,,,EXCLUDED_ZERO_VALUE,Official response returned 0; preserved raw and excluded from FitMatch canonical fields because zero may be a placeholder.,https://goods-detail.musinsa.com/api2/goods/1923315/actual-size
MUSINSA,1923315,SBBSHLPT772,(퍼티그)네이비:L,밑단단면,0,cm,GARMENT_MEASUREMENT,STRUCTURED_API,,,EXCLUDED_ZERO_VALUE,Official response returned 0; preserved raw and excluded from FitMatch canonical fields because zero may be a placeholder.,https://goods-detail.musinsa.com/api2/goods/1923315/actual-size
MUSINSA,1923315,SBBSHLPT772,(퍼티그)카키:S,총장,0,cm,GARMENT_MEASUREMENT,STRUCTURED_API,,,EXCLUDED_ZERO_VALUE,Official response returned 0; preserved raw and excluded from FitMatch canonical fields because zero may be a placeholder.,https://goods-detail.musinsa.com/api2/goods/1923315/actual-size
MUSINSA,1923315,SBBSHLPT772,(퍼티그)카키:S,허리단면,0,cm,GARMENT_MEASUREMENT,STRUCTURED_API,,,EXCLUDED_ZERO_VALUE,Official response returned 0; preserved raw and excluded from FitMatch canonical fields because zero may be a placeholder.,https://goods-detail.musinsa.com/api2/goods/1923315/actual-size
MUSINSA,1923315,SBBSHLPT772,(퍼티그)카키:S,엉덩이단면,0,cm,GARMENT_MEASUREMENT,STRUCTURED_API,,,EXCLUDED_ZERO_VALUE,Official response returned 0; preserved raw and excluded from FitMatch canonical fields because zero may be a placeholder.,https://goods-detail.musinsa.com/api2/goods/1923315/actual-size
MUSINSA,1923315,SBBSHLPT772,(퍼티그)카키:S,허벅지단면,0,cm,GARMENT_MEASUREMENT,STRUCTURED_API,,,EXCLUDED_ZERO_VALUE,Official response returned 0; preserved raw and excluded from FitMatch canonical fields because zero may be a placeholder.,https://goods-detail.musinsa.com/api2/goods/1923315/actual-size
MUSINSA,1923315,SBBSHLPT772,(퍼티그)카키:S,밑위,0,cm,GARMENT_MEASUREMENT,STRUCTURED_API,,,EXCLUDED_ZERO_VALUE,Official response returned 0; preserved raw and excluded from FitMatch canonical fields because zero may be a placeholder.,https://goods-detail.musinsa.com/api2/goods/1923315/actual-size
MUSINSA,1923315,SBBSHLPT772,(퍼티그)카키:S,밑단단면,0,cm,GARMENT_MEASUREMENT,STRUCTURED_API,,,EXCLUDED_ZERO_VALUE,Official response returned 0; preserved raw and excluded from FitMatch canonical fields because zero may be a placeholder.,https://goods-detail.musinsa.com/api2/goods/1923315/actual-size
MUSINSA,1923315,SBBSHLPT772,(퍼티그)카키:M,총장,0,cm,GARMENT_MEASUREMENT,STRUCTURED_API,,,EXCLUDED_ZERO_VALUE,Official response returned 0; preserved raw and excluded from FitMatch canonical fields because zero may be a placeholder.,https://goods-detail.musinsa.com/api2/goods/1923315/actual-size
MUSINSA,1923315,SBBSHLPT772,(퍼티그)카키:M,허리단면,0,cm,GARMENT_MEASUREMENT,STRUCTURED_API,,,EXCLUDED_ZERO_VALUE,Official response returned 0; preserved raw and excluded from FitMatch canonical fields because zero may be a placeholder.,https://goods-detail.musinsa.com/api2/goods/1923315/actual-size
MUSINSA,1923315,SBBSHLPT772,(퍼티그)카키:M,엉덩이단면,0,cm,GARMENT_MEASUREMENT,STRUCTURED_API,,,EXCLUDED_ZERO_VALUE,Official response returned 0; preserved raw and excluded from FitMatch canonical fields because zero may be a placeholder.,https://goods-detail.musinsa.com/api2/goods/1923315/actual-size
MUSINSA,1923315,SBBSHLPT772,(퍼티그)카키:M,허벅지단면,0,cm,GARMENT_MEASUREMENT,STRUCTURED_API,,,EXCLUDED_ZERO_VALUE,Official response returned 0; preserved raw and excluded from FitMatch canonical fields because zero may be a placeholder.,https://goods-detail.musinsa.com/api2/goods/1923315/actual-size
MUSINSA,1923315,SBBSHLPT772,(퍼티그)카키:M,밑위,0,cm,GARMENT_MEASUREMENT,STRUCTURED_API,,,EXCLUDED_ZERO_VALUE,Official response returned 0; preserved raw and excluded from FitMatch canonical fields because zero may be a placeholder.,https://goods-detail.musinsa.com/api2/goods/1923315/actual-size
MUSINSA,1923315,SBBSHLPT772,(퍼티그)카키:M,밑단단면,0,cm,GARMENT_MEASUREMENT,STRUCTURED_API,,,EXCLUDED_ZERO_VALUE,Official response returned 0; preserved raw and excluded from FitMatch canonical fields because zero may be a placeholder.,https://goods-detail.musinsa.com/api2/goods/1923315/actual-size
MUSINSA,1923315,SBBSHLPT772,(퍼티그)카키:L,총장,0,cm,GARMENT_MEASUREMENT,STRUCTURED_API,,,EXCLUDED_ZERO_VALUE,Official response returned 0; preserved raw and excluded from FitMatch canonical fields because zero may be a placeholder.,https://goods-detail.musinsa.com/api2/goods/1923315/actual-size
MUSINSA,1923315,SBBSHLPT772,(퍼티그)카키:L,허리단면,0,cm,GARMENT_MEASUREMENT,STRUCTURED_API,,,EXCLUDED_ZERO_VALUE,Official response returned 0; preserved raw and excluded from FitMatch canonical fields because zero may be a placeholder.,https://goods-detail.musinsa.com/api2/goods/1923315/actual-size
MUSINSA,1923315,SBBSHLPT772,(퍼티그)카키:L,엉덩이단면,0,cm,GARMENT_MEASUREMENT,STRUCTURED_API,,,EXCLUDED_ZERO_VALUE,Official response returned 0; preserved raw and excluded from FitMatch canonical fields because zero may be a placeholder.,https://goods-detail.musinsa.com/api2/goods/1923315/actual-size
MUSINSA,1923315,SBBSHLPT772,(퍼티그)카키:L,허벅지단면,0,cm,GARMENT_MEASUREMENT,STRUCTURED_API,,,EXCLUDED_ZERO_VALUE,Official response returned 0; preserved raw and excluded from FitMatch canonical fields because zero may be a placeholder.,https://goods-detail.musinsa.com/api2/goods/1923315/actual-size
MUSINSA,1923315,SBBSHLPT772,(퍼티그)카키:L,밑위,0,cm,GARMENT_MEASUREMENT,STRUCTURED_API,,,EXCLUDED_ZERO_VALUE,Official response returned 0; preserved raw and excluded from FitMatch canonical fields because zero may be a placeholder.,https://goods-detail.musinsa.com/api2/goods/1923315/actual-size
MUSINSA,1923315,SBBSHLPT772,(퍼티그)카키:L,밑단단면,0,cm,GARMENT_MEASUREMENT,STRUCTURED_API,,,EXCLUDED_ZERO_VALUE,Official response returned 0; preserved raw and excluded from FitMatch canonical fields because zero may be a placeholder.,https://goods-detail.musinsa.com/api2/goods/1923315/actual-size
MUSINSA,1923315,SBBSHLPT772,(퍼티그)네츄럴:S,총장,0,cm,GARMENT_MEASUREMENT,STRUCTURED_API,,,EXCLUDED_ZERO_VALUE,Official response returned 0; preserved raw and excluded from FitMatch canonical fields because zero may be a placeholder.,https://goods-detail.musinsa.com/api2/goods/1923315/actual-size
MUSINSA,1923315,SBBSHLPT772,(퍼티그)네츄럴:S,허리단면,0,cm,GARMENT_MEASUREMENT,STRUCTURED_API,,,EXCLUDED_ZERO_VALUE,Official response returned 0; preserved raw and excluded from FitMatch canonical fields because zero may be a placeholder.,https://goods-detail.musinsa.com/api2/goods/1923315/actual-size
MUSINSA,1923315,SBBSHLPT772,(퍼티그)네츄럴:S,엉덩이단면,0,cm,GARMENT_MEASUREMENT,STRUCTURED_API,,,EXCLUDED_ZERO_VALUE,Official response returned 0; preserved raw and excluded from FitMatch canonical fields because zero may be a placeholder.,https://goods-detail.musinsa.com/api2/goods/1923315/actual-size
MUSINSA,1923315,SBBSHLPT772,(퍼티그)네츄럴:S,허벅지단면,0,cm,GARMENT_MEASUREMENT,STRUCTURED_API,,,EXCLUDED_ZERO_VALUE,Official response returned 0; preserved raw and excluded from FitMatch canonical fields because zero may be a placeholder.,https://goods-detail.musinsa.com/api2/goods/1923315/actual-size
MUSINSA,1923315,SBBSHLPT772,(퍼티그)네츄럴:S,밑위,0,cm,GARMENT_MEASUREMENT,STRUCTURED_API,,,EXCLUDED_ZERO_VALUE,Official response returned 0; preserved raw and excluded from FitMatch canonical fields because zero may be a placeholder.,https://goods-detail.musinsa.com/api2/goods/1923315/actual-size
MUSINSA,1923315,SBBSHLPT772,(퍼티그)네츄럴:S,밑단단면,0,cm,GARMENT_MEASUREMENT,STRUCTURED_API,,,EXCLUDED_ZERO_VALUE,Official response returned 0; preserved raw and excluded from FitMatch canonical fields because zero may be a placeholder.,https://goods-detail.musinsa.com/api2/goods/1923315/actual-size
MUSINSA,1923315,SBBSHLPT772,(퍼티그)네츄럴:M,총장,0,cm,GARMENT_MEASUREMENT,STRUCTURED_API,,,EXCLUDED_ZERO_VALUE,Official response returned 0; preserved raw and excluded from FitMatch canonical fields because zero may be a placeholder.,https://goods-detail.musinsa.com/api2/goods/1923315/actual-size
MUSINSA,1923315,SBBSHLPT772,(퍼티그)네츄럴:M,허리단면,0,cm,GARMENT_MEASUREMENT,STRUCTURED_API,,,EXCLUDED_ZERO_VALUE,Official response returned 0; preserved raw and excluded from FitMatch canonical fields because zero may be a placeholder.,https://goods-detail.musinsa.com/api2/goods/1923315/actual-size
MUSINSA,1923315,SBBSHLPT772,(퍼티그)네츄럴:M,엉덩이단면,0,cm,GARMENT_MEASUREMENT,STRUCTURED_API,,,EXCLUDED_ZERO_VALUE,Official response returned 0; preserved raw and excluded from FitMatch canonical fields because zero may be a placeholder.,https://goods-detail.musinsa.com/api2/goods/1923315/actual-size
MUSINSA,1923315,SBBSHLPT772,(퍼티그)네츄럴:M,허벅지단면,0,cm,GARMENT_MEASUREMENT,STRUCTURED_API,,,EXCLUDED_ZERO_VALUE,Official response returned 0; preserved raw and excluded from FitMatch canonical fields because zero may be a placeholder.,https://goods-detail.musinsa.com/api2/goods/1923315/actual-size
MUSINSA,1923315,SBBSHLPT772,(퍼티그)네츄럴:M,밑위,0,cm,GARMENT_MEASUREMENT,STRUCTURED_API,,,EXCLUDED_ZERO_VALUE,Official response returned 0; preserved raw and excluded from FitMatch canonical fields because zero may be a placeholder.,https://goods-detail.musinsa.com/api2/goods/1923315/actual-size
MUSINSA,1923315,SBBSHLPT772,(퍼티그)네츄럴:M,밑단단면,0,cm,GARMENT_MEASUREMENT,STRUCTURED_API,,,EXCLUDED_ZERO_VALUE,Official response returned 0; preserved raw and excluded from FitMatch canonical fields because zero may be a placeholder.,https://goods-detail.musinsa.com/api2/goods/1923315/actual-size
MUSINSA,1923315,SBBSHLPT772,(퍼티그)네츄럴:L,총장,0,cm,GARMENT_MEASUREMENT,STRUCTURED_API,,,EXCLUDED_ZERO_VALUE,Official response returned 0; preserved raw and excluded from FitMatch canonical fields because zero may be a placeholder.,https://goods-detail.musinsa.com/api2/goods/1923315/actual-size
MUSINSA,1923315,SBBSHLPT772,(퍼티그)네츄럴:L,허리단면,0,cm,GARMENT_MEASUREMENT,STRUCTURED_API,,,EXCLUDED_ZERO_VALUE,Official response returned 0; preserved raw and excluded from FitMatch canonical fields because zero may be a placeholder.,https://goods-detail.musinsa.com/api2/goods/1923315/actual-size
MUSINSA,1923315,SBBSHLPT772,(퍼티그)네츄럴:L,엉덩이단면,0,cm,GARMENT_MEASUREMENT,STRUCTURED_API,,,EXCLUDED_ZERO_VALUE,Official response returned 0; preserved raw and excluded from FitMatch canonical fields because zero may be a placeholder.,https://goods-detail.musinsa.com/api2/goods/1923315/actual-size
MUSINSA,1923315,SBBSHLPT772,(퍼티그)네츄럴:L,허벅지단면,0,cm,GARMENT_MEASUREMENT,STRUCTURED_API,,,EXCLUDED_ZERO_VALUE,Official response returned 0; preserved raw and excluded from FitMatch canonical fields because zero may be a placeholder.,https://goods-detail.musinsa.com/api2/goods/1923315/actual-size
MUSINSA,1923315,SBBSHLPT772,(퍼티그)네츄럴:L,밑위,0,cm,GARMENT_MEASUREMENT,STRUCTURED_API,,,EXCLUDED_ZERO_VALUE,Official response returned 0; preserved raw and excluded from FitMatch canonical fields because zero may be a placeholder.,https://goods-detail.musinsa.com/api2/goods/1923315/actual-size
MUSINSA,1923315,SBBSHLPT772,(퍼티그)네츄럴:L,밑단단면,0,cm,GARMENT_MEASUREMENT,STRUCTURED_API,,,EXCLUDED_ZERO_VALUE,Official response returned 0; preserved raw and excluded from FitMatch canonical fields because zero may be a placeholder.,https://goods-detail.musinsa.com/api2/goods/1923315/actual-size
MUSINSA,1923315,SBBSHLPT772,(세미와이드)블랙:XS,총장,0,cm,GARMENT_MEASUREMENT,STRUCTURED_API,,,EXCLUDED_ZERO_VALUE,Official response returned 0; preserved raw and excluded from FitMatch canonical fields because zero may be a placeholder.,https://goods-detail.musinsa.com/api2/goods/1923315/actual-size
MUSINSA,1923315,SBBSHLPT772,(세미와이드)블랙:XS,허리단면,0,cm,GARMENT_MEASUREMENT,STRUCTURED_API,,,EXCLUDED_ZERO_VALUE,Official response returned 0; preserved raw and excluded from FitMatch canonical fields because zero may be a placeholder.,https://goods-detail.musinsa.com/api2/goods/1923315/actual-size
MUSINSA,1923315,SBBSHLPT772,(세미와이드)블랙:XS,엉덩이단면,0,cm,GARMENT_MEASUREMENT,STRUCTURED_API,,,EXCLUDED_ZERO_VALUE,Official response returned 0; preserved raw and excluded from FitMatch canonical fields because zero may be a placeholder.,https://goods-detail.musinsa.com/api2/goods/1923315/actual-size
MUSINSA,1923315,SBBSHLPT772,(세미와이드)블랙:XS,허벅지단면,0,cm,GARMENT_MEASUREMENT,STRUCTURED_API,,,EXCLUDED_ZERO_VALUE,Official response returned 0; preserved raw and excluded from FitMatch canonical fields because zero may be a placeholder.,https://goods-detail.musinsa.com/api2/goods/1923315/actual-size
MUSINSA,1923315,SBBSHLPT772,(세미와이드)블랙:XS,밑위,0,cm,GARMENT_MEASUREMENT,STRUCTURED_API,,,EXCLUDED_ZERO_VALUE,Official response returned 0; preserved raw and excluded from FitMatch canonical fields because zero may be a placeholder.,https://goods-detail.musinsa.com/api2/goods/1923315/actual-size
MUSINSA,1923315,SBBSHLPT772,(세미와이드)블랙:XS,밑단단면,0,cm,GARMENT_MEASUREMENT,STRUCTURED_API,,,EXCLUDED_ZERO_VALUE,Official response returned 0; preserved raw and excluded from FitMatch canonical fields because zero may be a placeholder.,https://goods-detail.musinsa.com/api2/goods/1923315/actual-size
MUSINSA,1923315,SBBSHLPT772,(세미와이드)블랙:S,총장,0,cm,GARMENT_MEASUREMENT,STRUCTURED_API,,,EXCLUDED_ZERO_VALUE,Official response returned 0; preserved raw and excluded from FitMatch canonical fields because zero may be a placeholder.,https://goods-detail.musinsa.com/api2/goods/1923315/actual-size
MUSINSA,1923315,SBBSHLPT772,(세미와이드)블랙:S,허리단면,0,cm,GARMENT_MEASUREMENT,STRUCTURED_API,,,EXCLUDED_ZERO_VALUE,Official response returned 0; preserved raw and excluded from FitMatch canonical fields because zero may be a placeholder.,https://goods-detail.musinsa.com/api2/goods/1923315/actual-size
MUSINSA,1923315,SBBSHLPT772,(세미와이드)블랙:S,엉덩이단면,0,cm,GARMENT_MEASUREMENT,STRUCTURED_API,,,EXCLUDED_ZERO_VALUE,Official response returned 0; preserved raw and excluded from FitMatch canonical fields because zero may be a placeholder.,https://goods-detail.musinsa.com/api2/goods/1923315/actual-size
MUSINSA,1923315,SBBSHLPT772,(세미와이드)블랙:S,허벅지단면,0,cm,GARMENT_MEASUREMENT,STRUCTURED_API,,,EXCLUDED_ZERO_VALUE,Official response returned 0; preserved raw and excluded from FitMatch canonical fields because zero may be a placeholder.,https://goods-detail.musinsa.com/api2/goods/1923315/actual-size
MUSINSA,1923315,SBBSHLPT772,(세미와이드)블랙:S,밑위,0,cm,GARMENT_MEASUREMENT,STRUCTURED_API,,,EXCLUDED_ZERO_VALUE,Official response returned 0; preserved raw and excluded from FitMatch canonical fields because zero may be a placeholder.,https://goods-detail.musinsa.com/api2/goods/1923315/actual-size
MUSINSA,1923315,SBBSHLPT772,(세미와이드)블랙:S,밑단단면,0,cm,GARMENT_MEASUREMENT,STRUCTURED_API,,,EXCLUDED_ZERO_VALUE,Official response returned 0; preserved raw and excluded from FitMatch canonical fields because zero may be a placeholder.,https://goods-detail.musinsa.com/api2/goods/1923315/actual-size
MUSINSA,1923315,SBBSHLPT772,(세미와이드)블랙:M,총장,0,cm,GARMENT_MEASUREMENT,STRUCTURED_API,,,EXCLUDED_ZERO_VALUE,Official response returned 0; preserved raw and excluded from FitMatch canonical fields because zero may be a placeholder.,https://goods-detail.musinsa.com/api2/goods/1923315/actual-size
MUSINSA,1923315,SBBSHLPT772,(세미와이드)블랙:M,허리단면,0,cm,GARMENT_MEASUREMENT,STRUCTURED_API,,,EXCLUDED_ZERO_VALUE,Official response returned 0; preserved raw and excluded from FitMatch canonical fields because zero may be a placeholder.,https://goods-detail.musinsa.com/api2/goods/1923315/actual-size
MUSINSA,1923315,SBBSHLPT772,(세미와이드)블랙:M,엉덩이단면,0,cm,GARMENT_MEASUREMENT,STRUCTURED_API,,,EXCLUDED_ZERO_VALUE,Official response returned 0; preserved raw and excluded from FitMatch canonical fields because zero may be a placeholder.,https://goods-detail.musinsa.com/api2/goods/1923315/actual-size
MUSINSA,1923315,SBBSHLPT772,(세미와이드)블랙:M,허벅지단면,0,cm,GARMENT_MEASUREMENT,STRUCTURED_API,,,EXCLUDED_ZERO_VALUE,Official response returned 0; preserved raw and excluded from FitMatch canonical fields because zero may be a placeholder.,https://goods-detail.musinsa.com/api2/goods/1923315/actual-size
MUSINSA,1923315,SBBSHLPT772,(세미와이드)블랙:M,밑위,0,cm,GARMENT_MEASUREMENT,STRUCTURED_API,,,EXCLUDED_ZERO_VALUE,Official response returned 0; preserved raw and excluded from FitMatch canonical fields because zero may be a placeholder.,https://goods-detail.musinsa.com/api2/goods/1923315/actual-size
MUSINSA,1923315,SBBSHLPT772,(세미와이드)블랙:M,밑단단면,0,cm,GARMENT_MEASUREMENT,STRUCTURED_API,,,EXCLUDED_ZERO_VALUE,Official response returned 0; preserved raw and excluded from FitMatch canonical fields because zero may be a placeholder.,https://goods-detail.musinsa.com/api2/goods/1923315/actual-size
MUSINSA,1923315,SBBSHLPT772,(세미와이드)블랙:L,총장,0,cm,GARMENT_MEASUREMENT,STRUCTURED_API,,,EXCLUDED_ZERO_VALUE,Official response returned 0; preserved raw and excluded from FitMatch canonical fields because zero may be a placeholder.,https://goods-detail.musinsa.com/api2/goods/1923315/actual-size
MUSINSA,1923315,SBBSHLPT772,(세미와이드)블랙:L,허리단면,0,cm,GARMENT_MEASUREMENT,STRUCTURED_API,,,EXCLUDED_ZERO_VALUE,Official response returned 0; preserved raw and excluded from FitMatch canonical fields because zero may be a placeholder.,https://goods-detail.musinsa.com/api2/goods/1923315/actual-size
MUSINSA,1923315,SBBSHLPT772,(세미와이드)블랙:L,엉덩이단면,0,cm,GARMENT_MEASUREMENT,STRUCTURED_API,,,EXCLUDED_ZERO_VALUE,Official response returned 0; preserved raw and excluded from FitMatch canonical fields because zero may be a placeholder.,https://goods-detail.musinsa.com/api2/goods/1923315/actual-size
MUSINSA,1923315,SBBSHLPT772,(세미와이드)블랙:L,허벅지단면,0,cm,GARMENT_MEASUREMENT,STRUCTURED_API,,,EXCLUDED_ZERO_VALUE,Official response returned 0; preserved raw and excluded from FitMatch canonical fields because zero may be a placeholder.,https://goods-detail.musinsa.com/api2/goods/1923315/actual-size
MUSINSA,1923315,SBBSHLPT772,(세미와이드)블랙:L,밑위,0,cm,GARMENT_MEASUREMENT,STRUCTURED_API,,,EXCLUDED_ZERO_VALUE,Official response returned 0; preserved raw and excluded from FitMatch canonical fields because zero may be a placeholder.,https://goods-detail.musinsa.com/api2/goods/1923315/actual-size
MUSINSA,1923315,SBBSHLPT772,(세미와이드)블랙:L,밑단단면,0,cm,GARMENT_MEASUREMENT,STRUCTURED_API,,,EXCLUDED_ZERO_VALUE,Official response returned 0; preserved raw and excluded from FitMatch canonical fields because zero may be a placeholder.,https://goods-detail.musinsa.com/api2/goods/1923315/actual-size
MUSINSA,1923315,SBBSHLPT772,(세미와이드)네이비:XS,총장,0,cm,GARMENT_MEASUREMENT,STRUCTURED_API,,,EXCLUDED_ZERO_VALUE,Official response returned 0; preserved raw and excluded from FitMatch canonical fields because zero may be a placeholder.,https://goods-detail.musinsa.com/api2/goods/1923315/actual-size
MUSINSA,1923315,SBBSHLPT772,(세미와이드)네이비:XS,허리단면,0,cm,GARMENT_MEASUREMENT,STRUCTURED_API,,,EXCLUDED_ZERO_VALUE,Official response returned 0; preserved raw and excluded from FitMatch canonical fields because zero may be a placeholder.,https://goods-detail.musinsa.com/api2/goods/1923315/actual-size
MUSINSA,1923315,SBBSHLPT772,(세미와이드)네이비:XS,엉덩이단면,0,cm,GARMENT_MEASUREMENT,STRUCTURED_API,,,EXCLUDED_ZERO_VALUE,Official response returned 0; preserved raw and excluded from FitMatch canonical fields because zero may be a placeholder.,https://goods-detail.musinsa.com/api2/goods/1923315/actual-size
MUSINSA,1923315,SBBSHLPT772,(세미와이드)네이비:XS,허벅지단면,0,cm,GARMENT_MEASUREMENT,STRUCTURED_API,,,EXCLUDED_ZERO_VALUE,Official response returned 0; preserved raw and excluded from FitMatch canonical fields because zero may be a placeholder.,https://goods-detail.musinsa.com/api2/goods/1923315/actual-size
MUSINSA,1923315,SBBSHLPT772,(세미와이드)네이비:XS,밑위,0,cm,GARMENT_MEASUREMENT,STRUCTURED_API,,,EXCLUDED_ZERO_VALUE,Official response returned 0; preserved raw and excluded from FitMatch canonical fields because zero may be a placeholder.,https://goods-detail.musinsa.com/api2/goods/1923315/actual-size
MUSINSA,1923315,SBBSHLPT772,(세미와이드)네이비:XS,밑단단면,0,cm,GARMENT_MEASUREMENT,STRUCTURED_API,,,EXCLUDED_ZERO_VALUE,Official response returned 0; preserved raw and excluded from FitMatch canonical fields because zero may be a placeholder.,https://goods-detail.musinsa.com/api2/goods/1923315/actual-size
MUSINSA,1923315,SBBSHLPT772,(세미와이드)네이비:S,총장,0,cm,GARMENT_MEASUREMENT,STRUCTURED_API,,,EXCLUDED_ZERO_VALUE,Official response returned 0; preserved raw and excluded from FitMatch canonical fields because zero may be a placeholder.,https://goods-detail.musinsa.com/api2/goods/1923315/actual-size
MUSINSA,1923315,SBBSHLPT772,(세미와이드)네이비:S,허리단면,0,cm,GARMENT_MEASUREMENT,STRUCTURED_API,,,EXCLUDED_ZERO_VALUE,Official response returned 0; preserved raw and excluded from FitMatch canonical fields because zero may be a placeholder.,https://goods-detail.musinsa.com/api2/goods/1923315/actual-size
MUSINSA,1923315,SBBSHLPT772,(세미와이드)네이비:S,엉덩이단면,0,cm,GARMENT_MEASUREMENT,STRUCTURED_API,,,EXCLUDED_ZERO_VALUE,Official response returned 0; preserved raw and excluded from FitMatch canonical fields because zero may be a placeholder.,https://goods-detail.musinsa.com/api2/goods/1923315/actual-size
MUSINSA,1923315,SBBSHLPT772,(세미와이드)네이비:S,허벅지단면,0,cm,GARMENT_MEASUREMENT,STRUCTURED_API,,,EXCLUDED_ZERO_VALUE,Official response returned 0; preserved raw and excluded from FitMatch canonical fields because zero may be a placeholder.,https://goods-detail.musinsa.com/api2/goods/1923315/actual-size
MUSINSA,1923315,SBBSHLPT772,(세미와이드)네이비:S,밑위,0,cm,GARMENT_MEASUREMENT,STRUCTURED_API,,,EXCLUDED_ZERO_VALUE,Official response returned 0; preserved raw and excluded from FitMatch canonical fields because zero may be a placeholder.,https://goods-detail.musinsa.com/api2/goods/1923315/actual-size
MUSINSA,1923315,SBBSHLPT772,(세미와이드)네이비:S,밑단단면,0,cm,GARMENT_MEASUREMENT,STRUCTURED_API,,,EXCLUDED_ZERO_VALUE,Official response returned 0; preserved raw and excluded from FitMatch canonical fields because zero may be a placeholder.,https://goods-detail.musinsa.com/api2/goods/1923315/actual-size
MUSINSA,1923315,SBBSHLPT772,(세미와이드)네이비:M,총장,0,cm,GARMENT_MEASUREMENT,STRUCTURED_API,,,EXCLUDED_ZERO_VALUE,Official response returned 0; preserved raw and excluded from FitMatch canonical fields because zero may be a placeholder.,https://goods-detail.musinsa.com/api2/goods/1923315/actual-size
MUSINSA,1923315,SBBSHLPT772,(세미와이드)네이비:M,허리단면,0,cm,GARMENT_MEASUREMENT,STRUCTURED_API,,,EXCLUDED_ZERO_VALUE,Official response returned 0; preserved raw and excluded from FitMatch canonical fields because zero may be a placeholder.,https://goods-detail.musinsa.com/api2/goods/1923315/actual-size
MUSINSA,1923315,SBBSHLPT772,(세미와이드)네이비:M,엉덩이단면,0,cm,GARMENT_MEASUREMENT,STRUCTURED_API,,,EXCLUDED_ZERO_VALUE,Official response returned 0; preserved raw and excluded from FitMatch canonical fields because zero may be a placeholder.,https://goods-detail.musinsa.com/api2/goods/1923315/actual-size
MUSINSA,1923315,SBBSHLPT772,(세미와이드)네이비:M,허벅지단면,0,cm,GARMENT_MEASUREMENT,STRUCTURED_API,,,EXCLUDED_ZERO_VALUE,Official response returned 0; preserved raw and excluded from FitMatch canonical fields because zero may be a placeholder.,https://goods-detail.musinsa.com/api2/goods/1923315/actual-size
MUSINSA,1923315,SBBSHLPT772,(세미와이드)네이비:M,밑위,0,cm,GARMENT_MEASUREMENT,STRUCTURED_API,,,EXCLUDED_ZERO_VALUE,Official response returned 0; preserved raw and excluded from FitMatch canonical fields because zero may be a placeholder.,https://goods-detail.musinsa.com/api2/goods/1923315/actual-size
MUSINSA,1923315,SBBSHLPT772,(세미와이드)네이비:M,밑단단면,0,cm,GARMENT_MEASUREMENT,STRUCTURED_API,,,EXCLUDED_ZERO_VALUE,Official response returned 0; preserved raw and excluded from FitMatch canonical fields because zero may be a placeholder.,https://goods-detail.musinsa.com/api2/goods/1923315/actual-size
MUSINSA,1923315,SBBSHLPT772,(세미와이드)네이비:L,총장,0,cm,GARMENT_MEASUREMENT,STRUCTURED_API,,,EXCLUDED_ZERO_VALUE,Official response returned 0; preserved raw and excluded from FitMatch canonical fields because zero may be a placeholder.,https://goods-detail.musinsa.com/api2/goods/1923315/actual-size
MUSINSA,1923315,SBBSHLPT772,(세미와이드)네이비:L,허리단면,0,cm,GARMENT_MEASUREMENT,STRUCTURED_API,,,EXCLUDED_ZERO_VALUE,Official response returned 0; preserved raw and excluded from FitMatch canonical fields because zero may be a placeholder.,https://goods-detail.musinsa.com/api2/goods/1923315/actual-size
MUSINSA,1923315,SBBSHLPT772,(세미와이드)네이비:L,엉덩이단면,0,cm,GARMENT_MEASUREMENT,STRUCTURED_API,,,EXCLUDED_ZERO_VALUE,Official response returned 0; preserved raw and excluded from FitMatch canonical fields because zero may be a placeholder.,https://goods-detail.musinsa.com/api2/goods/1923315/actual-size
MUSINSA,1923315,SBBSHLPT772,(세미와이드)네이비:L,허벅지단면,0,cm,GARMENT_MEASUREMENT,STRUCTURED_API,,,EXCLUDED_ZERO_VALUE,Official response returned 0; preserved raw and excluded from FitMatch canonical fields because zero may be a placeholder.,https://goods-detail.musinsa.com/api2/goods/1923315/actual-size
MUSINSA,1923315,SBBSHLPT772,(세미와이드)네이비:L,밑위,0,cm,GARMENT_MEASUREMENT,STRUCTURED_API,,,EXCLUDED_ZERO_VALUE,Official response returned 0; preserved raw and excluded from FitMatch canonical fields because zero may be a placeholder.,https://goods-detail.musinsa.com/api2/goods/1923315/actual-size
MUSINSA,1923315,SBBSHLPT772,(세미와이드)네이비:L,밑단단면,0,cm,GARMENT_MEASUREMENT,STRUCTURED_API,,,EXCLUDED_ZERO_VALUE,Official response returned 0; preserved raw and excluded from FitMatch canonical fields because zero may be a placeholder.,https://goods-detail.musinsa.com/api2/goods/1923315/actual-size
MUSINSA,1923315,SBBSHLPT772,(세미와이드)카키:XS,총장,0,cm,GARMENT_MEASUREMENT,STRUCTURED_API,,,EXCLUDED_ZERO_VALUE,Official response returned 0; preserved raw and excluded from FitMatch canonical fields because zero may be a placeholder.,https://goods-detail.musinsa.com/api2/goods/1923315/actual-size
MUSINSA,1923315,SBBSHLPT772,(세미와이드)카키:XS,허리단면,0,cm,GARMENT_MEASUREMENT,STRUCTURED_API,,,EXCLUDED_ZERO_VALUE,Official response returned 0; preserved raw and excluded from FitMatch canonical fields because zero may be a placeholder.,https://goods-detail.musinsa.com/api2/goods/1923315/actual-size
MUSINSA,1923315,SBBSHLPT772,(세미와이드)카키:XS,엉덩이단면,0,cm,GARMENT_MEASUREMENT,STRUCTURED_API,,,EXCLUDED_ZERO_VALUE,Official response returned 0; preserved raw and excluded from FitMatch canonical fields because zero may be a placeholder.,https://goods-detail.musinsa.com/api2/goods/1923315/actual-size
MUSINSA,1923315,SBBSHLPT772,(세미와이드)카키:XS,허벅지단면,0,cm,GARMENT_MEASUREMENT,STRUCTURED_API,,,EXCLUDED_ZERO_VALUE,Official response returned 0; preserved raw and excluded from FitMatch canonical fields because zero may be a placeholder.,https://goods-detail.musinsa.com/api2/goods/1923315/actual-size
MUSINSA,1923315,SBBSHLPT772,(세미와이드)카키:XS,밑위,0,cm,GARMENT_MEASUREMENT,STRUCTURED_API,,,EXCLUDED_ZERO_VALUE,Official response returned 0; preserved raw and excluded from FitMatch canonical fields because zero may be a placeholder.,https://goods-detail.musinsa.com/api2/goods/1923315/actual-size
MUSINSA,1923315,SBBSHLPT772,(세미와이드)카키:XS,밑단단면,0,cm,GARMENT_MEASUREMENT,STRUCTURED_API,,,EXCLUDED_ZERO_VALUE,Official response returned 0; preserved raw and excluded from FitMatch canonical fields because zero may be a placeholder.,https://goods-detail.musinsa.com/api2/goods/1923315/actual-size
MUSINSA,1923315,SBBSHLPT772,(세미와이드)카키:S,총장,0,cm,GARMENT_MEASUREMENT,STRUCTURED_API,,,EXCLUDED_ZERO_VALUE,Official response returned 0; preserved raw and excluded from FitMatch canonical fields because zero may be a placeholder.,https://goods-detail.musinsa.com/api2/goods/1923315/actual-size
MUSINSA,1923315,SBBSHLPT772,(세미와이드)카키:S,허리단면,0,cm,GARMENT_MEASUREMENT,STRUCTURED_API,,,EXCLUDED_ZERO_VALUE,Official response returned 0; preserved raw and excluded from FitMatch canonical fields because zero may be a placeholder.,https://goods-detail.musinsa.com/api2/goods/1923315/actual-size
MUSINSA,1923315,SBBSHLPT772,(세미와이드)카키:S,엉덩이단면,0,cm,GARMENT_MEASUREMENT,STRUCTURED_API,,,EXCLUDED_ZERO_VALUE,Official response returned 0; preserved raw and excluded from FitMatch canonical fields because zero may be a placeholder.,https://goods-detail.musinsa.com/api2/goods/1923315/actual-size
MUSINSA,1923315,SBBSHLPT772,(세미와이드)카키:S,허벅지단면,0,cm,GARMENT_MEASUREMENT,STRUCTURED_API,,,EXCLUDED_ZERO_VALUE,Official response returned 0; preserved raw and excluded from FitMatch canonical fields because zero may be a placeholder.,https://goods-detail.musinsa.com/api2/goods/1923315/actual-size
MUSINSA,1923315,SBBSHLPT772,(세미와이드)카키:S,밑위,0,cm,GARMENT_MEASUREMENT,STRUCTURED_API,,,EXCLUDED_ZERO_VALUE,Official response returned 0; preserved raw and excluded from FitMatch canonical fields because zero may be a placeholder.,https://goods-detail.musinsa.com/api2/goods/1923315/actual-size
MUSINSA,1923315,SBBSHLPT772,(세미와이드)카키:S,밑단단면,0,cm,GARMENT_MEASUREMENT,STRUCTURED_API,,,EXCLUDED_ZERO_VALUE,Official response returned 0; preserved raw and excluded from FitMatch canonical fields because zero may be a placeholder.,https://goods-detail.musinsa.com/api2/goods/1923315/actual-size
MUSINSA,1923315,SBBSHLPT772,(세미와이드)카키:M,총장,0,cm,GARMENT_MEASUREMENT,STRUCTURED_API,,,EXCLUDED_ZERO_VALUE,Official response returned 0; preserved raw and excluded from FitMatch canonical fields because zero may be a placeholder.,https://goods-detail.musinsa.com/api2/goods/1923315/actual-size
MUSINSA,1923315,SBBSHLPT772,(세미와이드)카키:M,허리단면,0,cm,GARMENT_MEASUREMENT,STRUCTURED_API,,,EXCLUDED_ZERO_VALUE,Official response returned 0; preserved raw and excluded from FitMatch canonical fields because zero may be a placeholder.,https://goods-detail.musinsa.com/api2/goods/1923315/actual-size
MUSINSA,1923315,SBBSHLPT772,(세미와이드)카키:M,엉덩이단면,0,cm,GARMENT_MEASUREMENT,STRUCTURED_API,,,EXCLUDED_ZERO_VALUE,Official response returned 0; preserved raw and excluded from FitMatch canonical fields because zero may be a placeholder.,https://goods-detail.musinsa.com/api2/goods/1923315/actual-size
MUSINSA,1923315,SBBSHLPT772,(세미와이드)카키:M,허벅지단면,0,cm,GARMENT_MEASUREMENT,STRUCTURED_API,,,EXCLUDED_ZERO_VALUE,Official response returned 0; preserved raw and excluded from FitMatch canonical fields because zero may be a placeholder.,https://goods-detail.musinsa.com/api2/goods/1923315/actual-size
MUSINSA,1923315,SBBSHLPT772,(세미와이드)카키:M,밑위,0,cm,GARMENT_MEASUREMENT,STRUCTURED_API,,,EXCLUDED_ZERO_VALUE,Official response returned 0; preserved raw and excluded from FitMatch canonical fields because zero may be a placeholder.,https://goods-detail.musinsa.com/api2/goods/1923315/actual-size
MUSINSA,1923315,SBBSHLPT772,(세미와이드)카키:M,밑단단면,0,cm,GARMENT_MEASUREMENT,STRUCTURED_API,,,EXCLUDED_ZERO_VALUE,Official response returned 0; preserved raw and excluded from FitMatch canonical fields because zero may be a placeholder.,https://goods-detail.musinsa.com/api2/goods/1923315/actual-size
MUSINSA,1923315,SBBSHLPT772,(세미와이드)카키:L,총장,0,cm,GARMENT_MEASUREMENT,STRUCTURED_API,,,EXCLUDED_ZERO_VALUE,Official response returned 0; preserved raw and excluded from FitMatch canonical fields because zero may be a placeholder.,https://goods-detail.musinsa.com/api2/goods/1923315/actual-size
MUSINSA,1923315,SBBSHLPT772,(세미와이드)카키:L,허리단면,0,cm,GARMENT_MEASUREMENT,STRUCTURED_API,,,EXCLUDED_ZERO_VALUE,Official response returned 0; preserved raw and excluded from FitMatch canonical fields because zero may be a placeholder.,https://goods-detail.musinsa.com/api2/goods/1923315/actual-size
MUSINSA,1923315,SBBSHLPT772,(세미와이드)카키:L,엉덩이단면,0,cm,GARMENT_MEASUREMENT,STRUCTURED_API,,,EXCLUDED_ZERO_VALUE,Official response returned 0; preserved raw and excluded from FitMatch canonical fields because zero may be a placeholder.,https://goods-detail.musinsa.com/api2/goods/1923315/actual-size
MUSINSA,1923315,SBBSHLPT772,(세미와이드)카키:L,허벅지단면,0,cm,GARMENT_MEASUREMENT,STRUCTURED_API,,,EXCLUDED_ZERO_VALUE,Official response returned 0; preserved raw and excluded from FitMatch canonical fields because zero may be a placeholder.,https://goods-detail.musinsa.com/api2/goods/1923315/actual-size
MUSINSA,1923315,SBBSHLPT772,(세미와이드)카키:L,밑위,0,cm,GARMENT_MEASUREMENT,STRUCTURED_API,,,EXCLUDED_ZERO_VALUE,Official response returned 0; preserved raw and excluded from FitMatch canonical fields because zero may be a placeholder.,https://goods-detail.musinsa.com/api2/goods/1923315/actual-size
MUSINSA,1923315,SBBSHLPT772,(세미와이드)카키:L,밑단단면,0,cm,GARMENT_MEASUREMENT,STRUCTURED_API,,,EXCLUDED_ZERO_VALUE,Official response returned 0; preserved raw and excluded from FitMatch canonical fields because zero may be a placeholder.,https://goods-detail.musinsa.com/api2/goods/1923315/actual-size
MUSINSA,1923315,SBBSHLPT772,(세미와이드)네츄럴:XS,총장,0,cm,GARMENT_MEASUREMENT,STRUCTURED_API,,,EXCLUDED_ZERO_VALUE,Official response returned 0; preserved raw and excluded from FitMatch canonical fields because zero may be a placeholder.,https://goods-detail.musinsa.com/api2/goods/1923315/actual-size
MUSINSA,1923315,SBBSHLPT772,(세미와이드)네츄럴:XS,허리단면,0,cm,GARMENT_MEASUREMENT,STRUCTURED_API,,,EXCLUDED_ZERO_VALUE,Official response returned 0; preserved raw and excluded from FitMatch canonical fields because zero may be a placeholder.,https://goods-detail.musinsa.com/api2/goods/1923315/actual-size
MUSINSA,1923315,SBBSHLPT772,(세미와이드)네츄럴:XS,엉덩이단면,0,cm,GARMENT_MEASUREMENT,STRUCTURED_API,,,EXCLUDED_ZERO_VALUE,Official response returned 0; preserved raw and excluded from FitMatch canonical fields because zero may be a placeholder.,https://goods-detail.musinsa.com/api2/goods/1923315/actual-size
MUSINSA,1923315,SBBSHLPT772,(세미와이드)네츄럴:XS,허벅지단면,0,cm,GARMENT_MEASUREMENT,STRUCTURED_API,,,EXCLUDED_ZERO_VALUE,Official response returned 0; preserved raw and excluded from FitMatch canonical fields because zero may be a placeholder.,https://goods-detail.musinsa.com/api2/goods/1923315/actual-size
MUSINSA,1923315,SBBSHLPT772,(세미와이드)네츄럴:XS,밑위,0,cm,GARMENT_MEASUREMENT,STRUCTURED_API,,,EXCLUDED_ZERO_VALUE,Official response returned 0; preserved raw and excluded from FitMatch canonical fields because zero may be a placeholder.,https://goods-detail.musinsa.com/api2/goods/1923315/actual-size
MUSINSA,1923315,SBBSHLPT772,(세미와이드)네츄럴:XS,밑단단면,0,cm,GARMENT_MEASUREMENT,STRUCTURED_API,,,EXCLUDED_ZERO_VALUE,Official response returned 0; preserved raw and excluded from FitMatch canonical fields because zero may be a placeholder.,https://goods-detail.musinsa.com/api2/goods/1923315/actual-size
MUSINSA,1923315,SBBSHLPT772,(세미와이드)네츄럴:S,총장,0,cm,GARMENT_MEASUREMENT,STRUCTURED_API,,,EXCLUDED_ZERO_VALUE,Official response returned 0; preserved raw and excluded from FitMatch canonical fields because zero may be a placeholder.,https://goods-detail.musinsa.com/api2/goods/1923315/actual-size
MUSINSA,1923315,SBBSHLPT772,(세미와이드)네츄럴:S,허리단면,0,cm,GARMENT_MEASUREMENT,STRUCTURED_API,,,EXCLUDED_ZERO_VALUE,Official response returned 0; preserved raw and excluded from FitMatch canonical fields because zero may be a placeholder.,https://goods-detail.musinsa.com/api2/goods/1923315/actual-size
MUSINSA,1923315,SBBSHLPT772,(세미와이드)네츄럴:S,엉덩이단면,0,cm,GARMENT_MEASUREMENT,STRUCTURED_API,,,EXCLUDED_ZERO_VALUE,Official response returned 0; preserved raw and excluded from FitMatch canonical fields because zero may be a placeholder.,https://goods-detail.musinsa.com/api2/goods/1923315/actual-size
MUSINSA,1923315,SBBSHLPT772,(세미와이드)네츄럴:S,허벅지단면,0,cm,GARMENT_MEASUREMENT,STRUCTURED_API,,,EXCLUDED_ZERO_VALUE,Official response returned 0; preserved raw and excluded from FitMatch canonical fields because zero may be a placeholder.,https://goods-detail.musinsa.com/api2/goods/1923315/actual-size
MUSINSA,1923315,SBBSHLPT772,(세미와이드)네츄럴:S,밑위,0,cm,GARMENT_MEASUREMENT,STRUCTURED_API,,,EXCLUDED_ZERO_VALUE,Official response returned 0; preserved raw and excluded from FitMatch canonical fields because zero may be a placeholder.,https://goods-detail.musinsa.com/api2/goods/1923315/actual-size
MUSINSA,1923315,SBBSHLPT772,(세미와이드)네츄럴:S,밑단단면,0,cm,GARMENT_MEASUREMENT,STRUCTURED_API,,,EXCLUDED_ZERO_VALUE,Official response returned 0; preserved raw and excluded from FitMatch canonical fields because zero may be a placeholder.,https://goods-detail.musinsa.com/api2/goods/1923315/actual-size
MUSINSA,1923315,SBBSHLPT772,(세미와이드)네츄럴:M,총장,0,cm,GARMENT_MEASUREMENT,STRUCTURED_API,,,EXCLUDED_ZERO_VALUE,Official response returned 0; preserved raw and excluded from FitMatch canonical fields because zero may be a placeholder.,https://goods-detail.musinsa.com/api2/goods/1923315/actual-size
MUSINSA,1923315,SBBSHLPT772,(세미와이드)네츄럴:M,허리단면,0,cm,GARMENT_MEASUREMENT,STRUCTURED_API,,,EXCLUDED_ZERO_VALUE,Official response returned 0; preserved raw and excluded from FitMatch canonical fields because zero may be a placeholder.,https://goods-detail.musinsa.com/api2/goods/1923315/actual-size
MUSINSA,1923315,SBBSHLPT772,(세미와이드)네츄럴:M,엉덩이단면,0,cm,GARMENT_MEASUREMENT,STRUCTURED_API,,,EXCLUDED_ZERO_VALUE,Official response returned 0; preserved raw and excluded from FitMatch canonical fields because zero may be a placeholder.,https://goods-detail.musinsa.com/api2/goods/1923315/actual-size
MUSINSA,1923315,SBBSHLPT772,(세미와이드)네츄럴:M,허벅지단면,0,cm,GARMENT_MEASUREMENT,STRUCTURED_API,,,EXCLUDED_ZERO_VALUE,Official response returned 0; preserved raw and excluded from FitMatch canonical fields because zero may be a placeholder.,https://goods-detail.musinsa.com/api2/goods/1923315/actual-size
MUSINSA,1923315,SBBSHLPT772,(세미와이드)네츄럴:M,밑위,0,cm,GARMENT_MEASUREMENT,STRUCTURED_API,,,EXCLUDED_ZERO_VALUE,Official response returned 0; preserved raw and excluded from FitMatch canonical fields because zero may be a placeholder.,https://goods-detail.musinsa.com/api2/goods/1923315/actual-size
MUSINSA,1923315,SBBSHLPT772,(세미와이드)네츄럴:M,밑단단면,0,cm,GARMENT_MEASUREMENT,STRUCTURED_API,,,EXCLUDED_ZERO_VALUE,Official response returned 0; preserved raw and excluded from FitMatch canonical fields because zero may be a placeholder.,https://goods-detail.musinsa.com/api2/goods/1923315/actual-size
MUSINSA,1923315,SBBSHLPT772,(세미와이드)네츄럴:L,총장,0,cm,GARMENT_MEASUREMENT,STRUCTURED_API,,,EXCLUDED_ZERO_VALUE,Official response returned 0; preserved raw and excluded from FitMatch canonical fields because zero may be a placeholder.,https://goods-detail.musinsa.com/api2/goods/1923315/actual-size
MUSINSA,1923315,SBBSHLPT772,(세미와이드)네츄럴:L,허리단면,0,cm,GARMENT_MEASUREMENT,STRUCTURED_API,,,EXCLUDED_ZERO_VALUE,Official response returned 0; preserved raw and excluded from FitMatch canonical fields because zero may be a placeholder.,https://goods-detail.musinsa.com/api2/goods/1923315/actual-size
MUSINSA,1923315,SBBSHLPT772,(세미와이드)네츄럴:L,엉덩이단면,0,cm,GARMENT_MEASUREMENT,STRUCTURED_API,,,EXCLUDED_ZERO_VALUE,Official response returned 0; preserved raw and excluded from FitMatch canonical fields because zero may be a placeholder.,https://goods-detail.musinsa.com/api2/goods/1923315/actual-size
MUSINSA,1923315,SBBSHLPT772,(세미와이드)네츄럴:L,허벅지단면,0,cm,GARMENT_MEASUREMENT,STRUCTURED_API,,,EXCLUDED_ZERO_VALUE,Official response returned 0; preserved raw and excluded from FitMatch canonical fields because zero may be a placeholder.,https://goods-detail.musinsa.com/api2/goods/1923315/actual-size
MUSINSA,1923315,SBBSHLPT772,(세미와이드)네츄럴:L,밑위,0,cm,GARMENT_MEASUREMENT,STRUCTURED_API,,,EXCLUDED_ZERO_VALUE,Official response returned 0; preserved raw and excluded from FitMatch canonical fields because zero may be a placeholder.,https://goods-detail.musinsa.com/api2/goods/1923315/actual-size
MUSINSA,1923315,SBBSHLPT772,(세미와이드)네츄럴:L,밑단단면,0,cm,GARMENT_MEASUREMENT,STRUCTURED_API,,,EXCLUDED_ZERO_VALUE,Official response returned 0; preserved raw and excluded from FitMatch canonical fields because zero may be a placeholder.,https://goods-detail.musinsa.com/api2/goods/1923315/actual-size
MUSINSA,1923315,SBBSHLPT772,(세미와이드)베이지:XS,총장,0,cm,GARMENT_MEASUREMENT,STRUCTURED_API,,,EXCLUDED_ZERO_VALUE,Official response returned 0; preserved raw and excluded from FitMatch canonical fields because zero may be a placeholder.,https://goods-detail.musinsa.com/api2/goods/1923315/actual-size
MUSINSA,1923315,SBBSHLPT772,(세미와이드)베이지:XS,허리단면,0,cm,GARMENT_MEASUREMENT,STRUCTURED_API,,,EXCLUDED_ZERO_VALUE,Official response returned 0; preserved raw and excluded from FitMatch canonical fields because zero may be a placeholder.,https://goods-detail.musinsa.com/api2/goods/1923315/actual-size
MUSINSA,1923315,SBBSHLPT772,(세미와이드)베이지:XS,엉덩이단면,0,cm,GARMENT_MEASUREMENT,STRUCTURED_API,,,EXCLUDED_ZERO_VALUE,Official response returned 0; preserved raw and excluded from FitMatch canonical fields because zero may be a placeholder.,https://goods-detail.musinsa.com/api2/goods/1923315/actual-size
MUSINSA,1923315,SBBSHLPT772,(세미와이드)베이지:XS,허벅지단면,0,cm,GARMENT_MEASUREMENT,STRUCTURED_API,,,EXCLUDED_ZERO_VALUE,Official response returned 0; preserved raw and excluded from FitMatch canonical fields because zero may be a placeholder.,https://goods-detail.musinsa.com/api2/goods/1923315/actual-size
MUSINSA,1923315,SBBSHLPT772,(세미와이드)베이지:XS,밑위,0,cm,GARMENT_MEASUREMENT,STRUCTURED_API,,,EXCLUDED_ZERO_VALUE,Official response returned 0; preserved raw and excluded from FitMatch canonical fields because zero may be a placeholder.,https://goods-detail.musinsa.com/api2/goods/1923315/actual-size
MUSINSA,1923315,SBBSHLPT772,(세미와이드)베이지:XS,밑단단면,0,cm,GARMENT_MEASUREMENT,STRUCTURED_API,,,EXCLUDED_ZERO_VALUE,Official response returned 0; preserved raw and excluded from FitMatch canonical fields because zero may be a placeholder.,https://goods-detail.musinsa.com/api2/goods/1923315/actual-size
MUSINSA,1923315,SBBSHLPT772,(세미와이드)베이지:S,총장,0,cm,GARMENT_MEASUREMENT,STRUCTURED_API,,,EXCLUDED_ZERO_VALUE,Official response returned 0; preserved raw and excluded from FitMatch canonical fields because zero may be a placeholder.,https://goods-detail.musinsa.com/api2/goods/1923315/actual-size
MUSINSA,1923315,SBBSHLPT772,(세미와이드)베이지:S,허리단면,0,cm,GARMENT_MEASUREMENT,STRUCTURED_API,,,EXCLUDED_ZERO_VALUE,Official response returned 0; preserved raw and excluded from FitMatch canonical fields because zero may be a placeholder.,https://goods-detail.musinsa.com/api2/goods/1923315/actual-size
MUSINSA,1923315,SBBSHLPT772,(세미와이드)베이지:S,엉덩이단면,0,cm,GARMENT_MEASUREMENT,STRUCTURED_API,,,EXCLUDED_ZERO_VALUE,Official response returned 0; preserved raw and excluded from FitMatch canonical fields because zero may be a placeholder.,https://goods-detail.musinsa.com/api2/goods/1923315/actual-size
MUSINSA,1923315,SBBSHLPT772,(세미와이드)베이지:S,허벅지단면,0,cm,GARMENT_MEASUREMENT,STRUCTURED_API,,,EXCLUDED_ZERO_VALUE,Official response returned 0; preserved raw and excluded from FitMatch canonical fields because zero may be a placeholder.,https://goods-detail.musinsa.com/api2/goods/1923315/actual-size
MUSINSA,1923315,SBBSHLPT772,(세미와이드)베이지:S,밑위,0,cm,GARMENT_MEASUREMENT,STRUCTURED_API,,,EXCLUDED_ZERO_VALUE,Official response returned 0; preserved raw and excluded from FitMatch canonical fields because zero may be a placeholder.,https://goods-detail.musinsa.com/api2/goods/1923315/actual-size
MUSINSA,1923315,SBBSHLPT772,(세미와이드)베이지:S,밑단단면,0,cm,GARMENT_MEASUREMENT,STRUCTURED_API,,,EXCLUDED_ZERO_VALUE,Official response returned 0; preserved raw and excluded from FitMatch canonical fields because zero may be a placeholder.,https://goods-detail.musinsa.com/api2/goods/1923315/actual-size
MUSINSA,1923315,SBBSHLPT772,(세미와이드)베이지:M,총장,0,cm,GARMENT_MEASUREMENT,STRUCTURED_API,,,EXCLUDED_ZERO_VALUE,Official response returned 0; preserved raw and excluded from FitMatch canonical fields because zero may be a placeholder.,https://goods-detail.musinsa.com/api2/goods/1923315/actual-size
MUSINSA,1923315,SBBSHLPT772,(세미와이드)베이지:M,허리단면,0,cm,GARMENT_MEASUREMENT,STRUCTURED_API,,,EXCLUDED_ZERO_VALUE,Official response returned 0; preserved raw and excluded from FitMatch canonical fields because zero may be a placeholder.,https://goods-detail.musinsa.com/api2/goods/1923315/actual-size
MUSINSA,1923315,SBBSHLPT772,(세미와이드)베이지:M,엉덩이단면,0,cm,GARMENT_MEASUREMENT,STRUCTURED_API,,,EXCLUDED_ZERO_VALUE,Official response returned 0; preserved raw and excluded from FitMatch canonical fields because zero may be a placeholder.,https://goods-detail.musinsa.com/api2/goods/1923315/actual-size
MUSINSA,1923315,SBBSHLPT772,(세미와이드)베이지:M,허벅지단면,0,cm,GARMENT_MEASUREMENT,STRUCTURED_API,,,EXCLUDED_ZERO_VALUE,Official response returned 0; preserved raw and excluded from FitMatch canonical fields because zero may be a placeholder.,https://goods-detail.musinsa.com/api2/goods/1923315/actual-size
MUSINSA,1923315,SBBSHLPT772,(세미와이드)베이지:M,밑위,0,cm,GARMENT_MEASUREMENT,STRUCTURED_API,,,EXCLUDED_ZERO_VALUE,Official response returned 0; preserved raw and excluded from FitMatch canonical fields because zero may be a placeholder.,https://goods-detail.musinsa.com/api2/goods/1923315/actual-size
MUSINSA,1923315,SBBSHLPT772,(세미와이드)베이지:M,밑단단면,0,cm,GARMENT_MEASUREMENT,STRUCTURED_API,,,EXCLUDED_ZERO_VALUE,Official response returned 0; preserved raw and excluded from FitMatch canonical fields because zero may be a placeholder.,https://goods-detail.musinsa.com/api2/goods/1923315/actual-size
MUSINSA,1923315,SBBSHLPT772,(세미와이드)베이지:L,총장,0,cm,GARMENT_MEASUREMENT,STRUCTURED_API,,,EXCLUDED_ZERO_VALUE,Official response returned 0; preserved raw and excluded from FitMatch canonical fields because zero may be a placeholder.,https://goods-detail.musinsa.com/api2/goods/1923315/actual-size
MUSINSA,1923315,SBBSHLPT772,(세미와이드)베이지:L,허리단면,0,cm,GARMENT_MEASUREMENT,STRUCTURED_API,,,EXCLUDED_ZERO_VALUE,Official response returned 0; preserved raw and excluded from FitMatch canonical fields because zero may be a placeholder.,https://goods-detail.musinsa.com/api2/goods/1923315/actual-size
MUSINSA,1923315,SBBSHLPT772,(세미와이드)베이지:L,엉덩이단면,0,cm,GARMENT_MEASUREMENT,STRUCTURED_API,,,EXCLUDED_ZERO_VALUE,Official response returned 0; preserved raw and excluded from FitMatch canonical fields because zero may be a placeholder.,https://goods-detail.musinsa.com/api2/goods/1923315/actual-size
MUSINSA,1923315,SBBSHLPT772,(세미와이드)베이지:L,허벅지단면,0,cm,GARMENT_MEASUREMENT,STRUCTURED_API,,,EXCLUDED_ZERO_VALUE,Official response returned 0; preserved raw and excluded from FitMatch canonical fields because zero may be a placeholder.,https://goods-detail.musinsa.com/api2/goods/1923315/actual-size
MUSINSA,1923315,SBBSHLPT772,(세미와이드)베이지:L,밑위,0,cm,GARMENT_MEASUREMENT,STRUCTURED_API,,,EXCLUDED_ZERO_VALUE,Official response returned 0; preserved raw and excluded from FitMatch canonical fields because zero may be a placeholder.,https://goods-detail.musinsa.com/api2/goods/1923315/actual-size
MUSINSA,1923315,SBBSHLPT772,(세미와이드)베이지:L,밑단단면,0,cm,GARMENT_MEASUREMENT,STRUCTURED_API,,,EXCLUDED_ZERO_VALUE,Official response returned 0; preserved raw and excluded from FitMatch canonical fields because zero may be a placeholder.,https://goods-detail.musinsa.com/api2/goods/1923315/actual-size
MUSINSA,1923315,SBBSHLPT772,(세미와이드)G.카키:XS,총장,0,cm,GARMENT_MEASUREMENT,STRUCTURED_API,,,EXCLUDED_ZERO_VALUE,Official response returned 0; preserved raw and excluded from FitMatch canonical fields because zero may be a placeholder.,https://goods-detail.musinsa.com/api2/goods/1923315/actual-size
MUSINSA,1923315,SBBSHLPT772,(세미와이드)G.카키:XS,허리단면,0,cm,GARMENT_MEASUREMENT,STRUCTURED_API,,,EXCLUDED_ZERO_VALUE,Official response returned 0; preserved raw and excluded from FitMatch canonical fields because zero may be a placeholder.,https://goods-detail.musinsa.com/api2/goods/1923315/actual-size
MUSINSA,1923315,SBBSHLPT772,(세미와이드)G.카키:XS,엉덩이단면,0,cm,GARMENT_MEASUREMENT,STRUCTURED_API,,,EXCLUDED_ZERO_VALUE,Official response returned 0; preserved raw and excluded from FitMatch canonical fields because zero may be a placeholder.,https://goods-detail.musinsa.com/api2/goods/1923315/actual-size
MUSINSA,1923315,SBBSHLPT772,(세미와이드)G.카키:XS,허벅지단면,0,cm,GARMENT_MEASUREMENT,STRUCTURED_API,,,EXCLUDED_ZERO_VALUE,Official response returned 0; preserved raw and excluded from FitMatch canonical fields because zero may be a placeholder.,https://goods-detail.musinsa.com/api2/goods/1923315/actual-size
MUSINSA,1923315,SBBSHLPT772,(세미와이드)G.카키:XS,밑위,0,cm,GARMENT_MEASUREMENT,STRUCTURED_API,,,EXCLUDED_ZERO_VALUE,Official response returned 0; preserved raw and excluded from FitMatch canonical fields because zero may be a placeholder.,https://goods-detail.musinsa.com/api2/goods/1923315/actual-size
MUSINSA,1923315,SBBSHLPT772,(세미와이드)G.카키:XS,밑단단면,0,cm,GARMENT_MEASUREMENT,STRUCTURED_API,,,EXCLUDED_ZERO_VALUE,Official response returned 0; preserved raw and excluded from FitMatch canonical fields because zero may be a placeholder.,https://goods-detail.musinsa.com/api2/goods/1923315/actual-size
MUSINSA,1923315,SBBSHLPT772,(세미와이드)G.카키:S,총장,0,cm,GARMENT_MEASUREMENT,STRUCTURED_API,,,EXCLUDED_ZERO_VALUE,Official response returned 0; preserved raw and excluded from FitMatch canonical fields because zero may be a placeholder.,https://goods-detail.musinsa.com/api2/goods/1923315/actual-size
MUSINSA,1923315,SBBSHLPT772,(세미와이드)G.카키:S,허리단면,0,cm,GARMENT_MEASUREMENT,STRUCTURED_API,,,EXCLUDED_ZERO_VALUE,Official response returned 0; preserved raw and excluded from FitMatch canonical fields because zero may be a placeholder.,https://goods-detail.musinsa.com/api2/goods/1923315/actual-size
MUSINSA,1923315,SBBSHLPT772,(세미와이드)G.카키:S,엉덩이단면,0,cm,GARMENT_MEASUREMENT,STRUCTURED_API,,,EXCLUDED_ZERO_VALUE,Official response returned 0; preserved raw and excluded from FitMatch canonical fields because zero may be a placeholder.,https://goods-detail.musinsa.com/api2/goods/1923315/actual-size
MUSINSA,1923315,SBBSHLPT772,(세미와이드)G.카키:S,허벅지단면,0,cm,GARMENT_MEASUREMENT,STRUCTURED_API,,,EXCLUDED_ZERO_VALUE,Official response returned 0; preserved raw and excluded from FitMatch canonical fields because zero may be a placeholder.,https://goods-detail.musinsa.com/api2/goods/1923315/actual-size
MUSINSA,1923315,SBBSHLPT772,(세미와이드)G.카키:S,밑위,0,cm,GARMENT_MEASUREMENT,STRUCTURED_API,,,EXCLUDED_ZERO_VALUE,Official response returned 0; preserved raw and excluded from FitMatch canonical fields because zero may be a placeholder.,https://goods-detail.musinsa.com/api2/goods/1923315/actual-size
MUSINSA,1923315,SBBSHLPT772,(세미와이드)G.카키:S,밑단단면,0,cm,GARMENT_MEASUREMENT,STRUCTURED_API,,,EXCLUDED_ZERO_VALUE,Official response returned 0; preserved raw and excluded from FitMatch canonical fields because zero may be a placeholder.,https://goods-detail.musinsa.com/api2/goods/1923315/actual-size
MUSINSA,1923315,SBBSHLPT772,(세미와이드)G.카키:M,총장,0,cm,GARMENT_MEASUREMENT,STRUCTURED_API,,,EXCLUDED_ZERO_VALUE,Official response returned 0; preserved raw and excluded from FitMatch canonical fields because zero may be a placeholder.,https://goods-detail.musinsa.com/api2/goods/1923315/actual-size
MUSINSA,1923315,SBBSHLPT772,(세미와이드)G.카키:M,허리단면,0,cm,GARMENT_MEASUREMENT,STRUCTURED_API,,,EXCLUDED_ZERO_VALUE,Official response returned 0; preserved raw and excluded from FitMatch canonical fields because zero may be a placeholder.,https://goods-detail.musinsa.com/api2/goods/1923315/actual-size
MUSINSA,1923315,SBBSHLPT772,(세미와이드)G.카키:M,엉덩이단면,0,cm,GARMENT_MEASUREMENT,STRUCTURED_API,,,EXCLUDED_ZERO_VALUE,Official response returned 0; preserved raw and excluded from FitMatch canonical fields because zero may be a placeholder.,https://goods-detail.musinsa.com/api2/goods/1923315/actual-size
MUSINSA,1923315,SBBSHLPT772,(세미와이드)G.카키:M,허벅지단면,0,cm,GARMENT_MEASUREMENT,STRUCTURED_API,,,EXCLUDED_ZERO_VALUE,Official response returned 0; preserved raw and excluded from FitMatch canonical fields because zero may be a placeholder.,https://goods-detail.musinsa.com/api2/goods/1923315/actual-size
MUSINSA,1923315,SBBSHLPT772,(세미와이드)G.카키:M,밑위,0,cm,GARMENT_MEASUREMENT,STRUCTURED_API,,,EXCLUDED_ZERO_VALUE,Official response returned 0; preserved raw and excluded from FitMatch canonical fields because zero may be a placeholder.,https://goods-detail.musinsa.com/api2/goods/1923315/actual-size
MUSINSA,1923315,SBBSHLPT772,(세미와이드)G.카키:M,밑단단면,0,cm,GARMENT_MEASUREMENT,STRUCTURED_API,,,EXCLUDED_ZERO_VALUE,Official response returned 0; preserved raw and excluded from FitMatch canonical fields because zero may be a placeholder.,https://goods-detail.musinsa.com/api2/goods/1923315/actual-size
MUSINSA,1923315,SBBSHLPT772,(세미와이드)G.카키:L,총장,0,cm,GARMENT_MEASUREMENT,STRUCTURED_API,,,EXCLUDED_ZERO_VALUE,Official response returned 0; preserved raw and excluded from FitMatch canonical fields because zero may be a placeholder.,https://goods-detail.musinsa.com/api2/goods/1923315/actual-size
MUSINSA,1923315,SBBSHLPT772,(세미와이드)G.카키:L,허리단면,0,cm,GARMENT_MEASUREMENT,STRUCTURED_API,,,EXCLUDED_ZERO_VALUE,Official response returned 0; preserved raw and excluded from FitMatch canonical fields because zero may be a placeholder.,https://goods-detail.musinsa.com/api2/goods/1923315/actual-size
MUSINSA,1923315,SBBSHLPT772,(세미와이드)G.카키:L,엉덩이단면,0,cm,GARMENT_MEASUREMENT,STRUCTURED_API,,,EXCLUDED_ZERO_VALUE,Official response returned 0; preserved raw and excluded from FitMatch canonical fields because zero may be a placeholder.,https://goods-detail.musinsa.com/api2/goods/1923315/actual-size
MUSINSA,1923315,SBBSHLPT772,(세미와이드)G.카키:L,허벅지단면,0,cm,GARMENT_MEASUREMENT,STRUCTURED_API,,,EXCLUDED_ZERO_VALUE,Official response returned 0; preserved raw and excluded from FitMatch canonical fields because zero may be a placeholder.,https://goods-detail.musinsa.com/api2/goods/1923315/actual-size
MUSINSA,1923315,SBBSHLPT772,(세미와이드)G.카키:L,밑위,0,cm,GARMENT_MEASUREMENT,STRUCTURED_API,,,EXCLUDED_ZERO_VALUE,Official response returned 0; preserved raw and excluded from FitMatch canonical fields because zero may be a placeholder.,https://goods-detail.musinsa.com/api2/goods/1923315/actual-size
MUSINSA,1923315,SBBSHLPT772,(세미와이드)G.카키:L,밑단단면,0,cm,GARMENT_MEASUREMENT,STRUCTURED_API,,,EXCLUDED_ZERO_VALUE,Official response returned 0; preserved raw and excluded from FitMatch canonical fields because zero may be a placeholder.,https://goods-detail.musinsa.com/api2/goods/1923315/actual-size
MUSINSA,1923315,SBBSHLPT772,(세미와이드)스톤:XS,총장,0,cm,GARMENT_MEASUREMENT,STRUCTURED_API,,,EXCLUDED_ZERO_VALUE,Official response returned 0; preserved raw and excluded from FitMatch canonical fields because zero may be a placeholder.,https://goods-detail.musinsa.com/api2/goods/1923315/actual-size
MUSINSA,1923315,SBBSHLPT772,(세미와이드)스톤:XS,허리단면,0,cm,GARMENT_MEASUREMENT,STRUCTURED_API,,,EXCLUDED_ZERO_VALUE,Official response returned 0; preserved raw and excluded from FitMatch canonical fields because zero may be a placeholder.,https://goods-detail.musinsa.com/api2/goods/1923315/actual-size
MUSINSA,1923315,SBBSHLPT772,(세미와이드)스톤:XS,엉덩이단면,0,cm,GARMENT_MEASUREMENT,STRUCTURED_API,,,EXCLUDED_ZERO_VALUE,Official response returned 0; preserved raw and excluded from FitMatch canonical fields because zero may be a placeholder.,https://goods-detail.musinsa.com/api2/goods/1923315/actual-size
MUSINSA,1923315,SBBSHLPT772,(세미와이드)스톤:XS,허벅지단면,0,cm,GARMENT_MEASUREMENT,STRUCTURED_API,,,EXCLUDED_ZERO_VALUE,Official response returned 0; preserved raw and excluded from FitMatch canonical fields because zero may be a placeholder.,https://goods-detail.musinsa.com/api2/goods/1923315/actual-size
MUSINSA,1923315,SBBSHLPT772,(세미와이드)스톤:XS,밑위,0,cm,GARMENT_MEASUREMENT,STRUCTURED_API,,,EXCLUDED_ZERO_VALUE,Official response returned 0; preserved raw and excluded from FitMatch canonical fields because zero may be a placeholder.,https://goods-detail.musinsa.com/api2/goods/1923315/actual-size
MUSINSA,1923315,SBBSHLPT772,(세미와이드)스톤:XS,밑단단면,0,cm,GARMENT_MEASUREMENT,STRUCTURED_API,,,EXCLUDED_ZERO_VALUE,Official response returned 0; preserved raw and excluded from FitMatch canonical fields because zero may be a placeholder.,https://goods-detail.musinsa.com/api2/goods/1923315/actual-size
MUSINSA,1923315,SBBSHLPT772,(세미와이드)스톤:S,총장,0,cm,GARMENT_MEASUREMENT,STRUCTURED_API,,,EXCLUDED_ZERO_VALUE,Official response returned 0; preserved raw and excluded from FitMatch canonical fields because zero may be a placeholder.,https://goods-detail.musinsa.com/api2/goods/1923315/actual-size
MUSINSA,1923315,SBBSHLPT772,(세미와이드)스톤:S,허리단면,0,cm,GARMENT_MEASUREMENT,STRUCTURED_API,,,EXCLUDED_ZERO_VALUE,Official response returned 0; preserved raw and excluded from FitMatch canonical fields because zero may be a placeholder.,https://goods-detail.musinsa.com/api2/goods/1923315/actual-size
MUSINSA,1923315,SBBSHLPT772,(세미와이드)스톤:S,엉덩이단면,0,cm,GARMENT_MEASUREMENT,STRUCTURED_API,,,EXCLUDED_ZERO_VALUE,Official response returned 0; preserved raw and excluded from FitMatch canonical fields because zero may be a placeholder.,https://goods-detail.musinsa.com/api2/goods/1923315/actual-size
MUSINSA,1923315,SBBSHLPT772,(세미와이드)스톤:S,허벅지단면,0,cm,GARMENT_MEASUREMENT,STRUCTURED_API,,,EXCLUDED_ZERO_VALUE,Official response returned 0; preserved raw and excluded from FitMatch canonical fields because zero may be a placeholder.,https://goods-detail.musinsa.com/api2/goods/1923315/actual-size
MUSINSA,1923315,SBBSHLPT772,(세미와이드)스톤:S,밑위,0,cm,GARMENT_MEASUREMENT,STRUCTURED_API,,,EXCLUDED_ZERO_VALUE,Official response returned 0; preserved raw and excluded from FitMatch canonical fields because zero may be a placeholder.,https://goods-detail.musinsa.com/api2/goods/1923315/actual-size
MUSINSA,1923315,SBBSHLPT772,(세미와이드)스톤:S,밑단단면,0,cm,GARMENT_MEASUREMENT,STRUCTURED_API,,,EXCLUDED_ZERO_VALUE,Official response returned 0; preserved raw and excluded from FitMatch canonical fields because zero may be a placeholder.,https://goods-detail.musinsa.com/api2/goods/1923315/actual-size
MUSINSA,1923315,SBBSHLPT772,(세미와이드)스톤:M,총장,0,cm,GARMENT_MEASUREMENT,STRUCTURED_API,,,EXCLUDED_ZERO_VALUE,Official response returned 0; preserved raw and excluded from FitMatch canonical fields because zero may be a placeholder.,https://goods-detail.musinsa.com/api2/goods/1923315/actual-size
MUSINSA,1923315,SBBSHLPT772,(세미와이드)스톤:M,허리단면,0,cm,GARMENT_MEASUREMENT,STRUCTURED_API,,,EXCLUDED_ZERO_VALUE,Official response returned 0; preserved raw and excluded from FitMatch canonical fields because zero may be a placeholder.,https://goods-detail.musinsa.com/api2/goods/1923315/actual-size
MUSINSA,1923315,SBBSHLPT772,(세미와이드)스톤:M,엉덩이단면,0,cm,GARMENT_MEASUREMENT,STRUCTURED_API,,,EXCLUDED_ZERO_VALUE,Official response returned 0; preserved raw and excluded from FitMatch canonical fields because zero may be a placeholder.,https://goods-detail.musinsa.com/api2/goods/1923315/actual-size
MUSINSA,1923315,SBBSHLPT772,(세미와이드)스톤:M,허벅지단면,0,cm,GARMENT_MEASUREMENT,STRUCTURED_API,,,EXCLUDED_ZERO_VALUE,Official response returned 0; preserved raw and excluded from FitMatch canonical fields because zero may be a placeholder.,https://goods-detail.musinsa.com/api2/goods/1923315/actual-size
MUSINSA,1923315,SBBSHLPT772,(세미와이드)스톤:M,밑위,0,cm,GARMENT_MEASUREMENT,STRUCTURED_API,,,EXCLUDED_ZERO_VALUE,Official response returned 0; preserved raw and excluded from FitMatch canonical fields because zero may be a placeholder.,https://goods-detail.musinsa.com/api2/goods/1923315/actual-size
MUSINSA,1923315,SBBSHLPT772,(세미와이드)스톤:M,밑단단면,0,cm,GARMENT_MEASUREMENT,STRUCTURED_API,,,EXCLUDED_ZERO_VALUE,Official response returned 0; preserved raw and excluded from FitMatch canonical fields because zero may be a placeholder.,https://goods-detail.musinsa.com/api2/goods/1923315/actual-size
MUSINSA,1923315,SBBSHLPT772,(세미와이드)스톤:L,총장,0,cm,GARMENT_MEASUREMENT,STRUCTURED_API,,,EXCLUDED_ZERO_VALUE,Official response returned 0; preserved raw and excluded from FitMatch canonical fields because zero may be a placeholder.,https://goods-detail.musinsa.com/api2/goods/1923315/actual-size
MUSINSA,1923315,SBBSHLPT772,(세미와이드)스톤:L,허리단면,0,cm,GARMENT_MEASUREMENT,STRUCTURED_API,,,EXCLUDED_ZERO_VALUE,Official response returned 0; preserved raw and excluded from FitMatch canonical fields because zero may be a placeholder.,https://goods-detail.musinsa.com/api2/goods/1923315/actual-size
MUSINSA,1923315,SBBSHLPT772,(세미와이드)스톤:L,엉덩이단면,0,cm,GARMENT_MEASUREMENT,STRUCTURED_API,,,EXCLUDED_ZERO_VALUE,Official response returned 0; preserved raw and excluded from FitMatch canonical fields because zero may be a placeholder.,https://goods-detail.musinsa.com/api2/goods/1923315/actual-size
MUSINSA,1923315,SBBSHLPT772,(세미와이드)스톤:L,허벅지단면,0,cm,GARMENT_MEASUREMENT,STRUCTURED_API,,,EXCLUDED_ZERO_VALUE,Official response returned 0; preserved raw and excluded from FitMatch canonical fields because zero may be a placeholder.,https://goods-detail.musinsa.com/api2/goods/1923315/actual-size
MUSINSA,1923315,SBBSHLPT772,(세미와이드)스톤:L,밑위,0,cm,GARMENT_MEASUREMENT,STRUCTURED_API,,,EXCLUDED_ZERO_VALUE,Official response returned 0; preserved raw and excluded from FitMatch canonical fields because zero may be a placeholder.,https://goods-detail.musinsa.com/api2/goods/1923315/actual-size
MUSINSA,1923315,SBBSHLPT772,(세미와이드)스톤:L,밑단단면,0,cm,GARMENT_MEASUREMENT,STRUCTURED_API,,,EXCLUDED_ZERO_VALUE,Official response returned 0; preserved raw and excluded from FitMatch canonical fields because zero may be a placeholder.,https://goods-detail.musinsa.com/api2/goods/1923315/actual-size
MUSINSA,6461697,NM6BPB4107-BE,S,엉덩이단면,0,cm,GARMENT_MEASUREMENT,STRUCTURED_API,,,EXCLUDED_ZERO_VALUE,Official response returned 0; preserved raw and excluded from FitMatch canonical fields because zero may be a placeholder.,https://goods-detail.musinsa.com/api2/goods/6461697/actual-size
MUSINSA,6461697,NM6BPB4107-BE,M,엉덩이단면,0,cm,GARMENT_MEASUREMENT,STRUCTURED_API,,,EXCLUDED_ZERO_VALUE,Official response returned 0; preserved raw and excluded from FitMatch canonical fields because zero may be a placeholder.,https://goods-detail.musinsa.com/api2/goods/6461697/actual-size
MUSINSA,6461697,NM6BPB4107-BE,L,엉덩이단면,0,cm,GARMENT_MEASUREMENT,STRUCTURED_API,,,EXCLUDED_ZERO_VALUE,Official response returned 0; preserved raw and excluded from FitMatch canonical fields because zero may be a placeholder.,https://goods-detail.musinsa.com/api2/goods/6461697/actual-size
MUSINSA,6532779,260512,M,엉덩이단면,0,cm,GARMENT_MEASUREMENT,STRUCTURED_API,,,EXCLUDED_ZERO_VALUE,Official response returned 0; preserved raw and excluded from FitMatch canonical fields because zero may be a placeholder.,https://goods-detail.musinsa.com/api2/goods/6532779/actual-size
MUSINSA,6532779,260512,L,엉덩이단면,0,cm,GARMENT_MEASUREMENT,STRUCTURED_API,,,EXCLUDED_ZERO_VALUE,Official response returned 0; preserved raw and excluded from FitMatch canonical fields because zero may be a placeholder.,https://goods-detail.musinsa.com/api2/goods/6532779/actual-size
MUSINSA,6532779,260512,XL,엉덩이단면,0,cm,GARMENT_MEASUREMENT,STRUCTURED_API,,,EXCLUDED_ZERO_VALUE,Official response returned 0; preserved raw and excluded from FitMatch canonical fields because zero may be a placeholder.,https://goods-detail.musinsa.com/api2/goods/6532779/actual-size
MUSINSA,6837218,UNION-PT30BL,S,엉덩이단면,0,cm,GARMENT_MEASUREMENT,STRUCTURED_API,,,EXCLUDED_ZERO_VALUE,Official response returned 0; preserved raw and excluded from FitMatch canonical fields because zero may be a placeholder.,https://goods-detail.musinsa.com/api2/goods/6837218/actual-size
MUSINSA,6837218,UNION-PT30BL,M,엉덩이단면,0,cm,GARMENT_MEASUREMENT,STRUCTURED_API,,,EXCLUDED_ZERO_VALUE,Official response returned 0; preserved raw and excluded from FitMatch canonical fields because zero may be a placeholder.,https://goods-detail.musinsa.com/api2/goods/6837218/actual-size
MUSINSA,6837218,UNION-PT30BL,L,엉덩이단면,0,cm,GARMENT_MEASUREMENT,STRUCTURED_API,,,EXCLUDED_ZERO_VALUE,Official response returned 0; preserved raw and excluded from FitMatch canonical fields because zero may be a placeholder.,https://goods-detail.musinsa.com/api2/goods/6837218/actual-size
MUSINSA,6837218,UNION-PT30BL,XL,엉덩이단면,0,cm,GARMENT_MEASUREMENT,STRUCTURED_API,,,EXCLUDED_ZERO_VALUE,Official response returned 0; preserved raw and excluded from FitMatch canonical fields because zero may be a placeholder.,https://goods-detail.musinsa.com/api2/goods/6837218/actual-size
MUSINSA,3346164,86-IRO284 MT,M,엉덩이단면,0,cm,GARMENT_MEASUREMENT,STRUCTURED_API,,,EXCLUDED_ZERO_VALUE,Official response returned 0; preserved raw and excluded from FitMatch canonical fields because zero may be a placeholder.,https://goods-detail.musinsa.com/api2/goods/3346164/actual-size
MUSINSA,3346164,86-IRO284 MT,L,엉덩이단면,0,cm,GARMENT_MEASUREMENT,STRUCTURED_API,,,EXCLUDED_ZERO_VALUE,Official response returned 0; preserved raw and excluded from FitMatch canonical fields because zero may be a placeholder.,https://goods-detail.musinsa.com/api2/goods/3346164/actual-size
MUSINSA,6897428,KQ8853,40,총장,0,cm,GARMENT_MEASUREMENT,STRUCTURED_API,,,EXCLUDED_ZERO_VALUE,Official response returned 0; preserved raw and excluded from FitMatch canonical fields because zero may be a placeholder.,https://goods-detail.musinsa.com/api2/goods/6897428/actual-size
MUSINSA,6897428,KQ8853,40,허리단면,0,cm,GARMENT_MEASUREMENT,STRUCTURED_API,,,EXCLUDED_ZERO_VALUE,Official response returned 0; preserved raw and excluded from FitMatch canonical fields because zero may be a placeholder.,https://goods-detail.musinsa.com/api2/goods/6897428/actual-size
MUSINSA,6897428,KQ8853,40,엉덩이단면,0,cm,GARMENT_MEASUREMENT,STRUCTURED_API,,,EXCLUDED_ZERO_VALUE,Official response returned 0; preserved raw and excluded from FitMatch canonical fields because zero may be a placeholder.,https://goods-detail.musinsa.com/api2/goods/6897428/actual-size
MUSINSA,6897428,KQ8853,40,허벅지단면,0,cm,GARMENT_MEASUREMENT,STRUCTURED_API,,,EXCLUDED_ZERO_VALUE,Official response returned 0; preserved raw and excluded from FitMatch canonical fields because zero may be a placeholder.,https://goods-detail.musinsa.com/api2/goods/6897428/actual-size
MUSINSA,6897428,KQ8853,40,밑위,0,cm,GARMENT_MEASUREMENT,STRUCTURED_API,,,EXCLUDED_ZERO_VALUE,Official response returned 0; preserved raw and excluded from FitMatch canonical fields because zero may be a placeholder.,https://goods-detail.musinsa.com/api2/goods/6897428/actual-size
MUSINSA,6897428,KQ8853,40,밑단단면,0,cm,GARMENT_MEASUREMENT,STRUCTURED_API,,,EXCLUDED_ZERO_VALUE,Official response returned 0; preserved raw and excluded from FitMatch canonical fields because zero may be a placeholder.,https://goods-detail.musinsa.com/api2/goods/6897428/actual-size
MUSINSA,6907891,260703,M,엉덩이단면,0,cm,GARMENT_MEASUREMENT,STRUCTURED_API,,,EXCLUDED_ZERO_VALUE,Official response returned 0; preserved raw and excluded from FitMatch canonical fields because zero may be a placeholder.,https://goods-detail.musinsa.com/api2/goods/6907891/actual-size
MUSINSA,6907891,260703,L,엉덩이단면,0,cm,GARMENT_MEASUREMENT,STRUCTURED_API,,,EXCLUDED_ZERO_VALUE,Official response returned 0; preserved raw and excluded from FitMatch canonical fields because zero may be a placeholder.,https://goods-detail.musinsa.com/api2/goods/6907891/actual-size
MUSINSA,6907891,260703,XL,엉덩이단면,0,cm,GARMENT_MEASUREMENT,STRUCTURED_API,,,EXCLUDED_ZERO_VALUE,Official response returned 0; preserved raw and excluded from FitMatch canonical fields because zero may be a placeholder.,https://goods-detail.musinsa.com/api2/goods/6907891/actual-size
MUSINSA,2089220,1179749,44(S/28~29),엉덩이단면,0,cm,GARMENT_MEASUREMENT,STRUCTURED_API,,,EXCLUDED_ZERO_VALUE,Official response returned 0; preserved raw and excluded from FitMatch canonical fields because zero may be a placeholder.,https://goods-detail.musinsa.com/api2/goods/2089220/actual-size
MUSINSA,2089220,1179749,46(M/30~31),엉덩이단면,0,cm,GARMENT_MEASUREMENT,STRUCTURED_API,,,EXCLUDED_ZERO_VALUE,Official response returned 0; preserved raw and excluded from FitMatch canonical fields because zero may be a placeholder.,https://goods-detail.musinsa.com/api2/goods/2089220/actual-size
MUSINSA,2089220,1179749,48(L/32~33),엉덩이단면,0,cm,GARMENT_MEASUREMENT,STRUCTURED_API,,,EXCLUDED_ZERO_VALUE,Official response returned 0; preserved raw and excluded from FitMatch canonical fields because zero may be a placeholder.,https://goods-detail.musinsa.com/api2/goods/2089220/actual-size
MUSINSA,2089220,1179749,50(XL/34~35),엉덩이단면,0,cm,GARMENT_MEASUREMENT,STRUCTURED_API,,,EXCLUDED_ZERO_VALUE,Official response returned 0; preserved raw and excluded from FitMatch canonical fields because zero may be a placeholder.,https://goods-detail.musinsa.com/api2/goods/2089220/actual-size
MUSINSA,2533539,W_BTSNP_CBL,FREE,엉덩이단면,0,cm,GARMENT_MEASUREMENT,STRUCTURED_API,,,EXCLUDED_ZERO_VALUE,Official response returned 0; preserved raw and excluded from FitMatch canonical fields because zero may be a placeholder.,https://goods-detail.musinsa.com/api2/goods/2533539/actual-size
MUSINSA,4328109,UP-719,여름원단 FREE,총장,0,cm,GARMENT_MEASUREMENT,STRUCTURED_API,,,EXCLUDED_ZERO_VALUE,Official response returned 0; preserved raw and excluded from FitMatch canonical fields because zero may be a placeholder.,https://goods-detail.musinsa.com/api2/goods/4328109/actual-size
MUSINSA,4328109,UP-719,여름원단 FREE,허리단면,0,cm,GARMENT_MEASUREMENT,STRUCTURED_API,,,EXCLUDED_ZERO_VALUE,Official response returned 0; preserved raw and excluded from FitMatch canonical fields because zero may be a placeholder.,https://goods-detail.musinsa.com/api2/goods/4328109/actual-size
MUSINSA,4328109,UP-719,여름원단 FREE,엉덩이단면,0,cm,GARMENT_MEASUREMENT,STRUCTURED_API,,,EXCLUDED_ZERO_VALUE,Official response returned 0; preserved raw and excluded from FitMatch canonical fields because zero may be a placeholder.,https://goods-detail.musinsa.com/api2/goods/4328109/actual-size
MUSINSA,4328109,UP-719,여름원단 FREE,허벅지단면,0,cm,GARMENT_MEASUREMENT,STRUCTURED_API,,,EXCLUDED_ZERO_VALUE,Official response returned 0; preserved raw and excluded from FitMatch canonical fields because zero may be a placeholder.,https://goods-detail.musinsa.com/api2/goods/4328109/actual-size
MUSINSA,4328109,UP-719,여름원단 FREE,밑위,0,cm,GARMENT_MEASUREMENT,STRUCTURED_API,,,EXCLUDED_ZERO_VALUE,Official response returned 0; preserved raw and excluded from FitMatch canonical fields because zero may be a placeholder.,https://goods-detail.musinsa.com/api2/goods/4328109/actual-size
MUSINSA,4328109,UP-719,여름원단 FREE,밑단단면,0,cm,GARMENT_MEASUREMENT,STRUCTURED_API,,,EXCLUDED_ZERO_VALUE,Official response returned 0; preserved raw and excluded from FitMatch canonical fields because zero may be a placeholder.,https://goods-detail.musinsa.com/api2/goods/4328109/actual-size
MUSINSA,6839383,5011054989,FREE,어깨너비,0,cm,GARMENT_MEASUREMENT,STRUCTURED_API,,,EXCLUDED_ZERO_VALUE,Official response returned 0; preserved raw and excluded from FitMatch canonical fields because zero may be a placeholder.,https://goods-detail.musinsa.com/api2/goods/6839383/actual-size
MUSINSA,6839383,5011054989,FREE,소매길이,0,cm,GARMENT_MEASUREMENT,STRUCTURED_API,,,EXCLUDED_ZERO_VALUE,Official response returned 0; preserved raw and excluded from FitMatch canonical fields because zero may be a placeholder.,https://goods-detail.musinsa.com/api2/goods/6839383/actual-size
MUSINSA,6839383,5011054989,FREE,엉덩이단면,0,cm,GARMENT_MEASUREMENT,STRUCTURED_API,,,EXCLUDED_ZERO_VALUE,Official response returned 0; preserved raw and excluded from FitMatch canonical fields because zero may be a placeholder.,https://goods-detail.musinsa.com/api2/goods/6839383/actual-size
MUSINSA,4651400,MWEOE5Z13-BK,XS,소매길이,0,cm,GARMENT_MEASUREMENT,STRUCTURED_API,,,EXCLUDED_ZERO_VALUE,Official response returned 0; preserved raw and excluded from FitMatch canonical fields because zero may be a placeholder.,https://goods-detail.musinsa.com/api2/goods/4651400/actual-size
MUSINSA,4651400,MWEOE5Z13-BK,XS,엉덩이단면,0,cm,GARMENT_MEASUREMENT,STRUCTURED_API,,,EXCLUDED_ZERO_VALUE,Official response returned 0; preserved raw and excluded from FitMatch canonical fields because zero may be a placeholder.,https://goods-detail.musinsa.com/api2/goods/4651400/actual-size
MUSINSA,4651400,MWEOE5Z13-BK,S,소매길이,0,cm,GARMENT_MEASUREMENT,STRUCTURED_API,,,EXCLUDED_ZERO_VALUE,Official response returned 0; preserved raw and excluded from FitMatch canonical fields because zero may be a placeholder.,https://goods-detail.musinsa.com/api2/goods/4651400/actual-size
MUSINSA,4651400,MWEOE5Z13-BK,S,엉덩이단면,0,cm,GARMENT_MEASUREMENT,STRUCTURED_API,,,EXCLUDED_ZERO_VALUE,Official response returned 0; preserved raw and excluded from FitMatch canonical fields because zero may be a placeholder.,https://goods-detail.musinsa.com/api2/goods/4651400/actual-size
MUSINSA,4651400,MWEOE5Z13-BK,M,소매길이,0,cm,GARMENT_MEASUREMENT,STRUCTURED_API,,,EXCLUDED_ZERO_VALUE,Official response returned 0; preserved raw and excluded from FitMatch canonical fields because zero may be a placeholder.,https://goods-detail.musinsa.com/api2/goods/4651400/actual-size
MUSINSA,4651400,MWEOE5Z13-BK,M,엉덩이단면,0,cm,GARMENT_MEASUREMENT,STRUCTURED_API,,,EXCLUDED_ZERO_VALUE,Official response returned 0; preserved raw and excluded from FitMatch canonical fields because zero may be a placeholder.,https://goods-detail.musinsa.com/api2/goods/4651400/actual-size
MUSINSA,4651400,MWEOE5Z13-BK,L,소매길이,0,cm,GARMENT_MEASUREMENT,STRUCTURED_API,,,EXCLUDED_ZERO_VALUE,Official response returned 0; preserved raw and excluded from FitMatch canonical fields because zero may be a placeholder.,https://goods-detail.musinsa.com/api2/goods/4651400/actual-size
MUSINSA,4651400,MWEOE5Z13-BK,L,엉덩이단면,0,cm,GARMENT_MEASUREMENT,STRUCTURED_API,,,EXCLUDED_ZERO_VALUE,Official response returned 0; preserved raw and excluded from FitMatch canonical fields because zero may be a placeholder.,https://goods-detail.musinsa.com/api2/goods/4651400/actual-size
MUSINSA,6077337,VV62OP01,FREE,엉덩이단면,0,cm,GARMENT_MEASUREMENT,STRUCTURED_API,,,EXCLUDED_ZERO_VALUE,Official response returned 0; preserved raw and excluded from FitMatch canonical fields because zero may be a placeholder.,https://goods-detail.musinsa.com/api2/goods/6077337/actual-size
MUSINSA,6140472,GF2LOP505BK,S,어깨너비,0,cm,GARMENT_MEASUREMENT,STRUCTURED_API,,,EXCLUDED_ZERO_VALUE,Official response returned 0; preserved raw and excluded from FitMatch canonical fields because zero may be a placeholder.,https://goods-detail.musinsa.com/api2/goods/6140472/actual-size
MUSINSA,6140472,GF2LOP505BK,S,소매길이,0,cm,GARMENT_MEASUREMENT,STRUCTURED_API,,,EXCLUDED_ZERO_VALUE,Official response returned 0; preserved raw and excluded from FitMatch canonical fields because zero may be a placeholder.,https://goods-detail.musinsa.com/api2/goods/6140472/actual-size
MUSINSA,6140472,GF2LOP505BK,S,엉덩이단면,0,cm,GARMENT_MEASUREMENT,STRUCTURED_API,,,EXCLUDED_ZERO_VALUE,Official response returned 0; preserved raw and excluded from FitMatch canonical fields because zero may be a placeholder.,https://goods-detail.musinsa.com/api2/goods/6140472/actual-size
MUSINSA,6140472,GF2LOP505BK,M,어깨너비,0,cm,GARMENT_MEASUREMENT,STRUCTURED_API,,,EXCLUDED_ZERO_VALUE,Official response returned 0; preserved raw and excluded from FitMatch canonical fields because zero may be a placeholder.,https://goods-detail.musinsa.com/api2/goods/6140472/actual-size
MUSINSA,6140472,GF2LOP505BK,M,소매길이,0,cm,GARMENT_MEASUREMENT,STRUCTURED_API,,,EXCLUDED_ZERO_VALUE,Official response returned 0; preserved raw and excluded from FitMatch canonical fields because zero may be a placeholder.,https://goods-detail.musinsa.com/api2/goods/6140472/actual-size
MUSINSA,6140472,GF2LOP505BK,M,엉덩이단면,0,cm,GARMENT_MEASUREMENT,STRUCTURED_API,,,EXCLUDED_ZERO_VALUE,Official response returned 0; preserved raw and excluded from FitMatch canonical fields because zero may be a placeholder.,https://goods-detail.musinsa.com/api2/goods/6140472/actual-size
MUSINSA,6140472,GF2LOP505BK,L,어깨너비,0,cm,GARMENT_MEASUREMENT,STRUCTURED_API,,,EXCLUDED_ZERO_VALUE,Official response returned 0; preserved raw and excluded from FitMatch canonical fields because zero may be a placeholder.,https://goods-detail.musinsa.com/api2/goods/6140472/actual-size
MUSINSA,6140472,GF2LOP505BK,L,소매길이,0,cm,GARMENT_MEASUREMENT,STRUCTURED_API,,,EXCLUDED_ZERO_VALUE,Official response returned 0; preserved raw and excluded from FitMatch canonical fields because zero may be a placeholder.,https://goods-detail.musinsa.com/api2/goods/6140472/actual-size
MUSINSA,6140472,GF2LOP505BK,L,엉덩이단면,0,cm,GARMENT_MEASUREMENT,STRUCTURED_API,,,EXCLUDED_ZERO_VALUE,Official response returned 0; preserved raw and excluded from FitMatch canonical fields because zero may be a placeholder.,https://goods-detail.musinsa.com/api2/goods/6140472/actual-size
MUSINSA,6140472,GF2LOP505BK,XL,어깨너비,0,cm,GARMENT_MEASUREMENT,STRUCTURED_API,,,EXCLUDED_ZERO_VALUE,Official response returned 0; preserved raw and excluded from FitMatch canonical fields because zero may be a placeholder.,https://goods-detail.musinsa.com/api2/goods/6140472/actual-size
MUSINSA,6140472,GF2LOP505BK,XL,소매길이,0,cm,GARMENT_MEASUREMENT,STRUCTURED_API,,,EXCLUDED_ZERO_VALUE,Official response returned 0; preserved raw and excluded from FitMatch canonical fields because zero may be a placeholder.,https://goods-detail.musinsa.com/api2/goods/6140472/actual-size
MUSINSA,6140472,GF2LOP505BK,XL,엉덩이단면,0,cm,GARMENT_MEASUREMENT,STRUCTURED_API,,,EXCLUDED_ZERO_VALUE,Official response returned 0; preserved raw and excluded from FitMatch canonical fields because zero may be a placeholder.,https://goods-detail.musinsa.com/api2/goods/6140472/actual-size
MUSINSA,5983366,ML26SD03BK,S,소매길이,0,cm,GARMENT_MEASUREMENT,STRUCTURED_API,,,EXCLUDED_ZERO_VALUE,Official response returned 0; preserved raw and excluded from FitMatch canonical fields because zero may be a placeholder.,https://goods-detail.musinsa.com/api2/goods/5983366/actual-size
MUSINSA,5983366,ML26SD03BK,S,엉덩이단면,0,cm,GARMENT_MEASUREMENT,STRUCTURED_API,,,EXCLUDED_ZERO_VALUE,Official response returned 0; preserved raw and excluded from FitMatch canonical fields because zero may be a placeholder.,https://goods-detail.musinsa.com/api2/goods/5983366/actual-size
MUSINSA,5983366,ML26SD03BK,M,소매길이,0,cm,GARMENT_MEASUREMENT,STRUCTURED_API,,,EXCLUDED_ZERO_VALUE,Official response returned 0; preserved raw and excluded from FitMatch canonical fields because zero may be a placeholder.,https://goods-detail.musinsa.com/api2/goods/5983366/actual-size
MUSINSA,5983366,ML26SD03BK,M,엉덩이단면,0,cm,GARMENT_MEASUREMENT,STRUCTURED_API,,,EXCLUDED_ZERO_VALUE,Official response returned 0; preserved raw and excluded from FitMatch canonical fields because zero may be a placeholder.,https://goods-detail.musinsa.com/api2/goods/5983366/actual-size
MUSINSA,6433137,5010872876,S(085),어깨너비,0,cm,GARMENT_MEASUREMENT,STRUCTURED_API,,,EXCLUDED_ZERO_VALUE,Official response returned 0; preserved raw and excluded from FitMatch canonical fields because zero may be a placeholder.,https://goods-detail.musinsa.com/api2/goods/6433137/actual-size
MUSINSA,6433137,5010872876,S(085),소매길이,0,cm,GARMENT_MEASUREMENT,STRUCTURED_API,,,EXCLUDED_ZERO_VALUE,Official response returned 0; preserved raw and excluded from FitMatch canonical fields because zero may be a placeholder.,https://goods-detail.musinsa.com/api2/goods/6433137/actual-size
MUSINSA,6433137,5010872876,S(085),엉덩이단면,0,cm,GARMENT_MEASUREMENT,STRUCTURED_API,,,EXCLUDED_ZERO_VALUE,Official response returned 0; preserved raw and excluded from FitMatch canonical fields because zero may be a placeholder.,https://goods-detail.musinsa.com/api2/goods/6433137/actual-size
MUSINSA,6433137,5010872876,M(088),어깨너비,0,cm,GARMENT_MEASUREMENT,STRUCTURED_API,,,EXCLUDED_ZERO_VALUE,Official response returned 0; preserved raw and excluded from FitMatch canonical fields because zero may be a placeholder.,https://goods-detail.musinsa.com/api2/goods/6433137/actual-size
MUSINSA,6433137,5010872876,M(088),소매길이,0,cm,GARMENT_MEASUREMENT,STRUCTURED_API,,,EXCLUDED_ZERO_VALUE,Official response returned 0; preserved raw and excluded from FitMatch canonical fields because zero may be a placeholder.,https://goods-detail.musinsa.com/api2/goods/6433137/actual-size
MUSINSA,6433137,5010872876,M(088),엉덩이단면,0,cm,GARMENT_MEASUREMENT,STRUCTURED_API,,,EXCLUDED_ZERO_VALUE,Official response returned 0; preserved raw and excluded from FitMatch canonical fields because zero may be a placeholder.,https://goods-detail.musinsa.com/api2/goods/6433137/actual-size
MUSINSA,6433137,5010872876,L(091),어깨너비,0,cm,GARMENT_MEASUREMENT,STRUCTURED_API,,,EXCLUDED_ZERO_VALUE,Official response returned 0; preserved raw and excluded from FitMatch canonical fields because zero may be a placeholder.,https://goods-detail.musinsa.com/api2/goods/6433137/actual-size
MUSINSA,6433137,5010872876,L(091),소매길이,0,cm,GARMENT_MEASUREMENT,STRUCTURED_API,,,EXCLUDED_ZERO_VALUE,Official response returned 0; preserved raw and excluded from FitMatch canonical fields because zero may be a placeholder.,https://goods-detail.musinsa.com/api2/goods/6433137/actual-size
MUSINSA,6433137,5010872876,L(091),엉덩이단면,0,cm,GARMENT_MEASUREMENT,STRUCTURED_API,,,EXCLUDED_ZERO_VALUE,Official response returned 0; preserved raw and excluded from FitMatch canonical fields because zero may be a placeholder.,https://goods-detail.musinsa.com/api2/goods/6433137/actual-size
MUSINSA,6182661,GF1LOP506BK,S,엉덩이단면,0,cm,GARMENT_MEASUREMENT,STRUCTURED_API,,,EXCLUDED_ZERO_VALUE,Official response returned 0; preserved raw and excluded from FitMatch canonical fields because zero may be a placeholder.,https://goods-detail.musinsa.com/api2/goods/6182661/actual-size
MUSINSA,6182661,GF1LOP506BK,M,엉덩이단면,0,cm,GARMENT_MEASUREMENT,STRUCTURED_API,,,EXCLUDED_ZERO_VALUE,Official response returned 0; preserved raw and excluded from FitMatch canonical fields because zero may be a placeholder.,https://goods-detail.musinsa.com/api2/goods/6182661/actual-size
MUSINSA,6182661,GF1LOP506BK,L,엉덩이단면,0,cm,GARMENT_MEASUREMENT,STRUCTURED_API,,,EXCLUDED_ZERO_VALUE,Official response returned 0; preserved raw and excluded from FitMatch canonical fields because zero may be a placeholder.,https://goods-detail.musinsa.com/api2/goods/6182661/actual-size
MUSINSA,6182661,GF1LOP506BK,XL,엉덩이단면,0,cm,GARMENT_MEASUREMENT,STRUCTURED_API,,,EXCLUDED_ZERO_VALUE,Official response returned 0; preserved raw and excluded from FitMatch canonical fields because zero may be a placeholder.,https://goods-detail.musinsa.com/api2/goods/6182661/actual-size
MUSINSA,5051842,5011125296,S,엉덩이단면,0,cm,GARMENT_MEASUREMENT,STRUCTURED_API,,,EXCLUDED_ZERO_VALUE,Official response returned 0; preserved raw and excluded from FitMatch canonical fields because zero may be a placeholder.,https://goods-detail.musinsa.com/api2/goods/5051842/actual-size
MUSINSA,5051842,5011125296,M,엉덩이단면,0,cm,GARMENT_MEASUREMENT,STRUCTURED_API,,,EXCLUDED_ZERO_VALUE,Official response returned 0; preserved raw and excluded from FitMatch canonical fields because zero may be a placeholder.,https://goods-detail.musinsa.com/api2/goods/5051842/actual-size
MUSINSA,5977745,5013600789,OS,어깨너비,0,cm,GARMENT_MEASUREMENT,STRUCTURED_API,,,EXCLUDED_ZERO_VALUE,Official response returned 0; preserved raw and excluded from FitMatch canonical fields because zero may be a placeholder.,https://goods-detail.musinsa.com/api2/goods/5977745/actual-size
MUSINSA,5977745,5013600789,OS,소매길이,0,cm,GARMENT_MEASUREMENT,STRUCTURED_API,,,EXCLUDED_ZERO_VALUE,Official response returned 0; preserved raw and excluded from FitMatch canonical fields because zero may be a placeholder.,https://goods-detail.musinsa.com/api2/goods/5977745/actual-size
MUSINSA,5977745,5013600789,OS,엉덩이단면,0,cm,GARMENT_MEASUREMENT,STRUCTURED_API,,,EXCLUDED_ZERO_VALUE,Official response returned 0; preserved raw and excluded from FitMatch canonical fields because zero may be a placeholder.,https://goods-detail.musinsa.com/api2/goods/5977745/actual-size
MUSINSA,6112529,M1OP3203,055,어깨너비,0,cm,GARMENT_MEASUREMENT,STRUCTURED_API,,,EXCLUDED_ZERO_VALUE,Official response returned 0; preserved raw and excluded from FitMatch canonical fields because zero may be a placeholder.,https://goods-detail.musinsa.com/api2/goods/6112529/actual-size
MUSINSA,6112529,M1OP3203,055,소매길이,0,cm,GARMENT_MEASUREMENT,STRUCTURED_API,,,EXCLUDED_ZERO_VALUE,Official response returned 0; preserved raw and excluded from FitMatch canonical fields because zero may be a placeholder.,https://goods-detail.musinsa.com/api2/goods/6112529/actual-size
MUSINSA,6112529,M1OP3203,055,엉덩이단면,0,cm,GARMENT_MEASUREMENT,STRUCTURED_API,,,EXCLUDED_ZERO_VALUE,Official response returned 0; preserved raw and excluded from FitMatch canonical fields because zero may be a placeholder.,https://goods-detail.musinsa.com/api2/goods/6112529/actual-size
MUSINSA,6112529,M1OP3203,066,어깨너비,0,cm,GARMENT_MEASUREMENT,STRUCTURED_API,,,EXCLUDED_ZERO_VALUE,Official response returned 0; preserved raw and excluded from FitMatch canonical fields because zero may be a placeholder.,https://goods-detail.musinsa.com/api2/goods/6112529/actual-size
MUSINSA,6112529,M1OP3203,066,소매길이,0,cm,GARMENT_MEASUREMENT,STRUCTURED_API,,,EXCLUDED_ZERO_VALUE,Official response returned 0; preserved raw and excluded from FitMatch canonical fields because zero may be a placeholder.,https://goods-detail.musinsa.com/api2/goods/6112529/actual-size
MUSINSA,6112529,M1OP3203,066,엉덩이단면,0,cm,GARMENT_MEASUREMENT,STRUCTURED_API,,,EXCLUDED_ZERO_VALUE,Official response returned 0; preserved raw and excluded from FitMatch canonical fields because zero may be a placeholder.,https://goods-detail.musinsa.com/api2/goods/6112529/actual-size
MUSINSA,6590996,M1OP4281,055,엉덩이단면,0,cm,GARMENT_MEASUREMENT,STRUCTURED_API,,,EXCLUDED_ZERO_VALUE,Official response returned 0; preserved raw and excluded from FitMatch canonical fields because zero may be a placeholder.,https://goods-detail.musinsa.com/api2/goods/6590996/actual-size
MUSINSA,6590996,M1OP4281,066,엉덩이단면,0,cm,GARMENT_MEASUREMENT,STRUCTURED_API,,,EXCLUDED_ZERO_VALUE,Official response returned 0; preserved raw and excluded from FitMatch canonical fields because zero may be a placeholder.,https://goods-detail.musinsa.com/api2/goods/6590996/actual-size
MUSINSA,6135743,MAGBOP10MWH,38(55),엉덩이단면,0,cm,GARMENT_MEASUREMENT,STRUCTURED_API,,,EXCLUDED_ZERO_VALUE,Official response returned 0; preserved raw and excluded from FitMatch canonical fields because zero may be a placeholder.,https://goods-detail.musinsa.com/api2/goods/6135743/actual-size
MUSINSA,6135743,MAGBOP10MWH,40(66),엉덩이단면,0,cm,GARMENT_MEASUREMENT,STRUCTURED_API,,,EXCLUDED_ZERO_VALUE,Official response returned 0; preserved raw and excluded from FitMatch canonical fields because zero may be a placeholder.,https://goods-detail.musinsa.com/api2/goods/6135743/actual-size
MUSINSA,6684795,AD41OP03BK,S,엉덩이단면,0,cm,GARMENT_MEASUREMENT,STRUCTURED_API,,,EXCLUDED_ZERO_VALUE,Official response returned 0; preserved raw and excluded from FitMatch canonical fields because zero may be a placeholder.,https://goods-detail.musinsa.com/api2/goods/6684795/actual-size
MUSINSA,6684795,AD41OP03BK,M,엉덩이단면,0,cm,GARMENT_MEASUREMENT,STRUCTURED_API,,,EXCLUDED_ZERO_VALUE,Official response returned 0; preserved raw and excluded from FitMatch canonical fields because zero may be a placeholder.,https://goods-detail.musinsa.com/api2/goods/6684795/actual-size
MUSINSA,6677393,SPOJG37G01,S[085],엉덩이단면,0,cm,GARMENT_MEASUREMENT,STRUCTURED_API,,,EXCLUDED_ZERO_VALUE,Official response returned 0; preserved raw and excluded from FitMatch canonical fields because zero may be a placeholder.,https://goods-detail.musinsa.com/api2/goods/6677393/actual-size
MUSINSA,6677393,SPOJG37G01,M[090],엉덩이단면,0,cm,GARMENT_MEASUREMENT,STRUCTURED_API,,,EXCLUDED_ZERO_VALUE,Official response returned 0; preserved raw and excluded from FitMatch canonical fields because zero may be a placeholder.,https://goods-detail.musinsa.com/api2/goods/6677393/actual-size
MUSINSA,6677393,SPOJG37G01,L[095],엉덩이단면,0,cm,GARMENT_MEASUREMENT,STRUCTURED_API,,,EXCLUDED_ZERO_VALUE,Official response returned 0; preserved raw and excluded from FitMatch canonical fields because zero may be a placeholder.,https://goods-detail.musinsa.com/api2/goods/6677393/actual-size
MUSINSA,6677393,SPOJG37G01,XL[100],엉덩이단면,0,cm,GARMENT_MEASUREMENT,STRUCTURED_API,,,EXCLUDED_ZERO_VALUE,Official response returned 0; preserved raw and excluded from FitMatch canonical fields because zero may be a placeholder.,https://goods-detail.musinsa.com/api2/goods/6677393/actual-size
MUSINSA,6504560,OR2F4WSK003W,딥베리,총장,0,cm,GARMENT_MEASUREMENT,STRUCTURED_API,,,EXCLUDED_ZERO_VALUE,Official response returned 0; preserved raw and excluded from FitMatch canonical fields because zero may be a placeholder.,https://goods-detail.musinsa.com/api2/goods/6504560/actual-size
MUSINSA,6504560,OR2F4WSK003W,딥베리,허리단면,0,cm,GARMENT_MEASUREMENT,STRUCTURED_API,,,EXCLUDED_ZERO_VALUE,Official response returned 0; preserved raw and excluded from FitMatch canonical fields because zero may be a placeholder.,https://goods-detail.musinsa.com/api2/goods/6504560/actual-size
MUSINSA,6504560,OR2F4WSK003W,딥베리,엉덩이단면,0,cm,GARMENT_MEASUREMENT,STRUCTURED_API,,,EXCLUDED_ZERO_VALUE,Official response returned 0; preserved raw and excluded from FitMatch canonical fields because zero may be a placeholder.,https://goods-detail.musinsa.com/api2/goods/6504560/actual-size
MUSINSA,6504560,OR2F4WSK003W,딥베리,밑단단면,0,cm,GARMENT_MEASUREMENT,STRUCTURED_API,,,EXCLUDED_ZERO_VALUE,Official response returned 0; preserved raw and excluded from FitMatch canonical fields because zero may be a placeholder.,https://goods-detail.musinsa.com/api2/goods/6504560/actual-size
MUSINSA,6504560,OR2F4WSK003W,베이비블루,총장,0,cm,GARMENT_MEASUREMENT,STRUCTURED_API,,,EXCLUDED_ZERO_VALUE,Official response returned 0; preserved raw and excluded from FitMatch canonical fields because zero may be a placeholder.,https://goods-detail.musinsa.com/api2/goods/6504560/actual-size
MUSINSA,6504560,OR2F4WSK003W,베이비블루,허리단면,0,cm,GARMENT_MEASUREMENT,STRUCTURED_API,,,EXCLUDED_ZERO_VALUE,Official response returned 0; preserved raw and excluded from FitMatch canonical fields because zero may be a placeholder.,https://goods-detail.musinsa.com/api2/goods/6504560/actual-size
MUSINSA,6504560,OR2F4WSK003W,베이비블루,엉덩이단면,0,cm,GARMENT_MEASUREMENT,STRUCTURED_API,,,EXCLUDED_ZERO_VALUE,Official response returned 0; preserved raw and excluded from FitMatch canonical fields because zero may be a placeholder.,https://goods-detail.musinsa.com/api2/goods/6504560/actual-size
MUSINSA,6504560,OR2F4WSK003W,베이비블루,밑단단면,0,cm,GARMENT_MEASUREMENT,STRUCTURED_API,,,EXCLUDED_ZERO_VALUE,Official response returned 0; preserved raw and excluded from FitMatch canonical fields because zero may be a placeholder.,https://goods-detail.musinsa.com/api2/goods/6504560/actual-size
MUSINSA,6504560,OR2F4WSK003W,샌드베이지,총장,0,cm,GARMENT_MEASUREMENT,STRUCTURED_API,,,EXCLUDED_ZERO_VALUE,Official response returned 0; preserved raw and excluded from FitMatch canonical fields because zero may be a placeholder.,https://goods-detail.musinsa.com/api2/goods/6504560/actual-size
MUSINSA,6504560,OR2F4WSK003W,샌드베이지,허리단면,0,cm,GARMENT_MEASUREMENT,STRUCTURED_API,,,EXCLUDED_ZERO_VALUE,Official response returned 0; preserved raw and excluded from FitMatch canonical fields because zero may be a placeholder.,https://goods-detail.musinsa.com/api2/goods/6504560/actual-size
MUSINSA,6504560,OR2F4WSK003W,샌드베이지,엉덩이단면,0,cm,GARMENT_MEASUREMENT,STRUCTURED_API,,,EXCLUDED_ZERO_VALUE,Official response returned 0; preserved raw and excluded from FitMatch canonical fields because zero may be a placeholder.,https://goods-detail.musinsa.com/api2/goods/6504560/actual-size
MUSINSA,6504560,OR2F4WSK003W,샌드베이지,밑단단면,0,cm,GARMENT_MEASUREMENT,STRUCTURED_API,,,EXCLUDED_ZERO_VALUE,Official response returned 0; preserved raw and excluded from FitMatch canonical fields because zero may be a placeholder.,https://goods-detail.musinsa.com/api2/goods/6504560/actual-size
MUSINSA,6504560,OR2F4WSK003W,핑크 로즈,총장,0,cm,GARMENT_MEASUREMENT,STRUCTURED_API,,,EXCLUDED_ZERO_VALUE,Official response returned 0; preserved raw and excluded from FitMatch canonical fields because zero may be a placeholder.,https://goods-detail.musinsa.com/api2/goods/6504560/actual-size
MUSINSA,6504560,OR2F4WSK003W,핑크 로즈,허리단면,0,cm,GARMENT_MEASUREMENT,STRUCTURED_API,,,EXCLUDED_ZERO_VALUE,Official response returned 0; preserved raw and excluded from FitMatch canonical fields because zero may be a placeholder.,https://goods-detail.musinsa.com/api2/goods/6504560/actual-size
MUSINSA,6504560,OR2F4WSK003W,핑크 로즈,엉덩이단면,0,cm,GARMENT_MEASUREMENT,STRUCTURED_API,,,EXCLUDED_ZERO_VALUE,Official response returned 0; preserved raw and excluded from FitMatch canonical fields because zero may be a placeholder.,https://goods-detail.musinsa.com/api2/goods/6504560/actual-size
MUSINSA,6504560,OR2F4WSK003W,핑크 로즈,밑단단면,0,cm,GARMENT_MEASUREMENT,STRUCTURED_API,,,EXCLUDED_ZERO_VALUE,Official response returned 0; preserved raw and excluded from FitMatch canonical fields because zero may be a placeholder.,https://goods-detail.musinsa.com/api2/goods/6504560/actual-size
MUSINSA,6504560,OR2F4WSK003W,소프트 민트,총장,0,cm,GARMENT_MEASUREMENT,STRUCTURED_API,,,EXCLUDED_ZERO_VALUE,Official response returned 0; preserved raw and excluded from FitMatch canonical fields because zero may be a placeholder.,https://goods-detail.musinsa.com/api2/goods/6504560/actual-size
MUSINSA,6504560,OR2F4WSK003W,소프트 민트,허리단면,0,cm,GARMENT_MEASUREMENT,STRUCTURED_API,,,EXCLUDED_ZERO_VALUE,Official response returned 0; preserved raw and excluded from FitMatch canonical fields because zero may be a placeholder.,https://goods-detail.musinsa.com/api2/goods/6504560/actual-size
MUSINSA,6504560,OR2F4WSK003W,소프트 민트,엉덩이단면,0,cm,GARMENT_MEASUREMENT,STRUCTURED_API,,,EXCLUDED_ZERO_VALUE,Official response returned 0; preserved raw and excluded from FitMatch canonical fields because zero may be a placeholder.,https://goods-detail.musinsa.com/api2/goods/6504560/actual-size
MUSINSA,6504560,OR2F4WSK003W,소프트 민트,밑단단면,0,cm,GARMENT_MEASUREMENT,STRUCTURED_API,,,EXCLUDED_ZERO_VALUE,Official response returned 0; preserved raw and excluded from FitMatch canonical fields because zero may be a placeholder.,https://goods-detail.musinsa.com/api2/goods/6504560/actual-size
MUSINSA,5969258,26ssbl003NA,S,밑단단면,0,cm,GARMENT_MEASUREMENT,STRUCTURED_API,,,EXCLUDED_ZERO_VALUE,Official response returned 0; preserved raw and excluded from FitMatch canonical fields because zero may be a placeholder.,https://goods-detail.musinsa.com/api2/goods/5969258/actual-size
MUSINSA,5969258,26ssbl003NA,M,밑단단면,0,cm,GARMENT_MEASUREMENT,STRUCTURED_API,,,EXCLUDED_ZERO_VALUE,Official response returned 0; preserved raw and excluded from FitMatch canonical fields because zero may be a placeholder.,https://goods-detail.musinsa.com/api2/goods/5969258/actual-size
MUSINSA,5936309,SPWMG23G01,S[070],밑단단면,0,cm,GARMENT_MEASUREMENT,STRUCTURED_API,,,EXCLUDED_ZERO_VALUE,Official response returned 0; preserved raw and excluded from FitMatch canonical fields because zero may be a placeholder.,https://goods-detail.musinsa.com/api2/goods/5936309/actual-size
MUSINSA,5936309,SPWMG23G01,M[075],밑단단면,0,cm,GARMENT_MEASUREMENT,STRUCTURED_API,,,EXCLUDED_ZERO_VALUE,Official response returned 0; preserved raw and excluded from FitMatch canonical fields because zero may be a placeholder.,https://goods-detail.musinsa.com/api2/goods/5936309/actual-size
MUSINSA,5936309,SPWMG23G01,L[080],밑단단면,0,cm,GARMENT_MEASUREMENT,STRUCTURED_API,,,EXCLUDED_ZERO_VALUE,Official response returned 0; preserved raw and excluded from FitMatch canonical fields because zero may be a placeholder.,https://goods-detail.musinsa.com/api2/goods/5936309/actual-size
MUSINSA,5006357,VV51SK03,S,엉덩이단면,0,cm,GARMENT_MEASUREMENT,STRUCTURED_API,,,EXCLUDED_ZERO_VALUE,Official response returned 0; preserved raw and excluded from FitMatch canonical fields because zero may be a placeholder.,https://goods-detail.musinsa.com/api2/goods/5006357/actual-size
MUSINSA,5006357,VV51SK03,S,밑단단면,0,cm,GARMENT_MEASUREMENT,STRUCTURED_API,,,EXCLUDED_ZERO_VALUE,Official response returned 0; preserved raw and excluded from FitMatch canonical fields because zero may be a placeholder.,https://goods-detail.musinsa.com/api2/goods/5006357/actual-size
MUSINSA,5006357,VV51SK03,M,엉덩이단면,0,cm,GARMENT_MEASUREMENT,STRUCTURED_API,,,EXCLUDED_ZERO_VALUE,Official response returned 0; preserved raw and excluded from FitMatch canonical fields because zero may be a placeholder.,https://goods-detail.musinsa.com/api2/goods/5006357/actual-size
MUSINSA,5006357,VV51SK03,M,밑단단면,0,cm,GARMENT_MEASUREMENT,STRUCTURED_API,,,EXCLUDED_ZERO_VALUE,Official response returned 0; preserved raw and excluded from FitMatch canonical fields because zero may be a placeholder.,https://goods-detail.musinsa.com/api2/goods/5006357/actual-size
MUSINSA,6800975,J6222COP02BKA,SIZE=S,어깨너비,0,cm,GARMENT_MEASUREMENT,STRUCTURED_API,,,EXCLUDED_ZERO_VALUE,Official response returned 0; preserved raw and excluded from FitMatch canonical fields because zero may be a placeholder.,https://goods-detail.musinsa.com/api2/goods/6800975/actual-size
MUSINSA,6800975,J6222COP02BKA,SIZE=S,엉덩이단면,0,cm,GARMENT_MEASUREMENT,STRUCTURED_API,,,EXCLUDED_ZERO_VALUE,Official response returned 0; preserved raw and excluded from FitMatch canonical fields because zero may be a placeholder.,https://goods-detail.musinsa.com/api2/goods/6800975/actual-size
MUSINSA,6800975,J6222COP02BKA,SIZE=M,어깨너비,0,cm,GARMENT_MEASUREMENT,STRUCTURED_API,,,EXCLUDED_ZERO_VALUE,Official response returned 0; preserved raw and excluded from FitMatch canonical fields because zero may be a placeholder.,https://goods-detail.musinsa.com/api2/goods/6800975/actual-size
MUSINSA,6800975,J6222COP02BKA,SIZE=M,엉덩이단면,0,cm,GARMENT_MEASUREMENT,STRUCTURED_API,,,EXCLUDED_ZERO_VALUE,Official response returned 0; preserved raw and excluded from FitMatch canonical fields because zero may be a placeholder.,https://goods-detail.musinsa.com/api2/goods/6800975/actual-size
MUSINSA,6829636,SPOWG38G30,S[085],엉덩이단면,0,cm,GARMENT_MEASUREMENT,STRUCTURED_API,,,EXCLUDED_ZERO_VALUE,Official response returned 0; preserved raw and excluded from FitMatch canonical fields because zero may be a placeholder.,https://goods-detail.musinsa.com/api2/goods/6829636/actual-size
MUSINSA,6829636,SPOWG38G30,M[090],엉덩이단면,0,cm,GARMENT_MEASUREMENT,STRUCTURED_API,,,EXCLUDED_ZERO_VALUE,Official response returned 0; preserved raw and excluded from FitMatch canonical fields because zero may be a placeholder.,https://goods-detail.musinsa.com/api2/goods/6829636/actual-size
MUSINSA,6829636,SPOWG38G30,L[095],엉덩이단면,0,cm,GARMENT_MEASUREMENT,STRUCTURED_API,,,EXCLUDED_ZERO_VALUE,Official response returned 0; preserved raw and excluded from FitMatch canonical fields because zero may be a placeholder.,https://goods-detail.musinsa.com/api2/goods/6829636/actual-size
MUSINSA,6809274,DQ240105,S,어깨너비,0,cm,GARMENT_MEASUREMENT,STRUCTURED_API,,,EXCLUDED_ZERO_VALUE,Official response returned 0; preserved raw and excluded from FitMatch canonical fields because zero may be a placeholder.,https://goods-detail.musinsa.com/api2/goods/6809274/actual-size
MUSINSA,6809274,DQ240105,S,소매길이,0,cm,GARMENT_MEASUREMENT,STRUCTURED_API,,,EXCLUDED_ZERO_VALUE,Official response returned 0; preserved raw and excluded from FitMatch canonical fields because zero may be a placeholder.,https://goods-detail.musinsa.com/api2/goods/6809274/actual-size
MUSINSA,6809274,DQ240105,M,어깨너비,0,cm,GARMENT_MEASUREMENT,STRUCTURED_API,,,EXCLUDED_ZERO_VALUE,Official response returned 0; preserved raw and excluded from FitMatch canonical fields because zero may be a placeholder.,https://goods-detail.musinsa.com/api2/goods/6809274/actual-size
MUSINSA,6809274,DQ240105,M,소매길이,0,cm,GARMENT_MEASUREMENT,STRUCTURED_API,,,EXCLUDED_ZERO_VALUE,Official response returned 0; preserved raw and excluded from FitMatch canonical fields because zero may be a placeholder.,https://goods-detail.musinsa.com/api2/goods/6809274/actual-size
MUSINSA,6809274,DQ240105,L,어깨너비,0,cm,GARMENT_MEASUREMENT,STRUCTURED_API,,,EXCLUDED_ZERO_VALUE,Official response returned 0; preserved raw and excluded from FitMatch canonical fields because zero may be a placeholder.,https://goods-detail.musinsa.com/api2/goods/6809274/actual-size
MUSINSA,6809274,DQ240105,L,소매길이,0,cm,GARMENT_MEASUREMENT,STRUCTURED_API,,,EXCLUDED_ZERO_VALUE,Official response returned 0; preserved raw and excluded from FitMatch canonical fields because zero may be a placeholder.,https://goods-detail.musinsa.com/api2/goods/6809274/actual-size
MUSINSA,5795897,MWFOE6C07-BK,XS,어깨너비,0,cm,GARMENT_MEASUREMENT,STRUCTURED_API,,,EXCLUDED_ZERO_VALUE,Official response returned 0; preserved raw and excluded from FitMatch canonical fields because zero may be a placeholder.,https://goods-detail.musinsa.com/api2/goods/5795897/actual-size
MUSINSA,5795897,MWFOE6C07-BK,XS,엉덩이단면,0,cm,GARMENT_MEASUREMENT,STRUCTURED_API,,,EXCLUDED_ZERO_VALUE,Official response returned 0; preserved raw and excluded from FitMatch canonical fields because zero may be a placeholder.,https://goods-detail.musinsa.com/api2/goods/5795897/actual-size
MUSINSA,5795897,MWFOE6C07-BK,S,어깨너비,0,cm,GARMENT_MEASUREMENT,STRUCTURED_API,,,EXCLUDED_ZERO_VALUE,Official response returned 0; preserved raw and excluded from FitMatch canonical fields because zero may be a placeholder.,https://goods-detail.musinsa.com/api2/goods/5795897/actual-size
MUSINSA,5795897,MWFOE6C07-BK,S,엉덩이단면,0,cm,GARMENT_MEASUREMENT,STRUCTURED_API,,,EXCLUDED_ZERO_VALUE,Official response returned 0; preserved raw and excluded from FitMatch canonical fields because zero may be a placeholder.,https://goods-detail.musinsa.com/api2/goods/5795897/actual-size
MUSINSA,5795897,MWFOE6C07-BK,M,어깨너비,0,cm,GARMENT_MEASUREMENT,STRUCTURED_API,,,EXCLUDED_ZERO_VALUE,Official response returned 0; preserved raw and excluded from FitMatch canonical fields because zero may be a placeholder.,https://goods-detail.musinsa.com/api2/goods/5795897/actual-size
MUSINSA,5795897,MWFOE6C07-BK,M,엉덩이단면,0,cm,GARMENT_MEASUREMENT,STRUCTURED_API,,,EXCLUDED_ZERO_VALUE,Official response returned 0; preserved raw and excluded from FitMatch canonical fields because zero may be a placeholder.,https://goods-detail.musinsa.com/api2/goods/5795897/actual-size
MUSINSA,5795897,MWFOE6C07-BK,L,어깨너비,0,cm,GARMENT_MEASUREMENT,STRUCTURED_API,,,EXCLUDED_ZERO_VALUE,Official response returned 0; preserved raw and excluded from FitMatch canonical fields because zero may be a placeholder.,https://goods-detail.musinsa.com/api2/goods/5795897/actual-size
MUSINSA,5795897,MWFOE6C07-BK,L,엉덩이단면,0,cm,GARMENT_MEASUREMENT,STRUCTURED_API,,,EXCLUDED_ZERO_VALUE,Official response returned 0; preserved raw and excluded from FitMatch canonical fields because zero may be a placeholder.,https://goods-detail.musinsa.com/api2/goods/5795897/actual-size
MUSINSA,6253269,KBFUWOP001SB,F,어깨너비,0,cm,GARMENT_MEASUREMENT,STRUCTURED_API,,,EXCLUDED_ZERO_VALUE,Official response returned 0; preserved raw and excluded from FitMatch canonical fields because zero may be a placeholder.,https://goods-detail.musinsa.com/api2/goods/6253269/actual-size
MUSINSA,6633896,GF2LOP522WH,S,엉덩이단면,0,cm,GARMENT_MEASUREMENT,STRUCTURED_API,,,EXCLUDED_ZERO_VALUE,Official response returned 0; preserved raw and excluded from FitMatch canonical fields because zero may be a placeholder.,https://goods-detail.musinsa.com/api2/goods/6633896/actual-size
MUSINSA,6633896,GF2LOP522WH,M,엉덩이단면,0,cm,GARMENT_MEASUREMENT,STRUCTURED_API,,,EXCLUDED_ZERO_VALUE,Official response returned 0; preserved raw and excluded from FitMatch canonical fields because zero may be a placeholder.,https://goods-detail.musinsa.com/api2/goods/6633896/actual-size
MUSINSA,6633896,GF2LOP522WH,L,엉덩이단면,0,cm,GARMENT_MEASUREMENT,STRUCTURED_API,,,EXCLUDED_ZERO_VALUE,Official response returned 0; preserved raw and excluded from FitMatch canonical fields because zero may be a placeholder.,https://goods-detail.musinsa.com/api2/goods/6633896/actual-size
MUSINSA,6633896,GF2LOP522WH,XL,엉덩이단면,0,cm,GARMENT_MEASUREMENT,STRUCTURED_API,,,EXCLUDED_ZERO_VALUE,Official response returned 0; preserved raw and excluded from FitMatch canonical fields because zero may be a placeholder.,https://goods-detail.musinsa.com/api2/goods/6633896/actual-size
