source,external_category_id,parent_external_category_id,raw_name,raw_full_path,normalized_full_path,depth,target,is_leaf,activity_status,source_url,endpoint_kind,collected_at,source_evidence,raw_response_hash
"uniqlo","57892","null","WOMEN","WOMEN","WOMEN","0","WOMEN","false","unknown","https://www.uniqlo.com/kr/ko/men_navigation","official_navigation_preloaded_taxonomies","2026-08-03T02:01:21.580Z","{""group"":""genders"",""key"":""women"",""parent_count"":0}","2dad9b2eaa9e0b3966064c40708d8fff9be454662a8eba631cdaf427266f1f53"
"uniqlo","57893","null","MEN","MEN","MEN","0","MEN","false","unknown","https://www.uniqlo.com/kr/ko/men_navigation","official_navigation_preloaded_taxonomies","2026-08-03T02:01:21.580Z","{""group"":""genders"",""key"":""men"",""parent_count"":0}","2dad9b2eaa9e0b3966064c40708d8fff9be454662a8eba631cdaf427266f1f53"
"uniqlo","57894","null","KIDS","KIDS","KIDS","0","KIDS","false","unknown","https://www.uniqlo.com/kr/ko/men_navigation","official_navigation_preloaded_taxonomies","2026-08-03T02:01:21.580Z","{""group"":""genders"",""key"":""kids"",""parent_count"":0}","2dad9b2eaa9e0b3966064c40708d8fff9be454662a8eba631cdaf427266f1f53"
"uniqlo","57925","null","BABY","BABY","BABY","0","BABY","false","unknown","https://www.uniqlo.com/kr/ko/men_navigation","official_navigation_preloaded_taxonomies","2026-08-03T02:01:21.580Z","{""group"":""genders"",""key"":""baby"",""parent_count"":0}","2dad9b2eaa9e0b3966064c40708d8fff9be454662a8eba631cdaf427266f1f53"
"uniqlo","57959","57892","티셔츠 & UT","티셔츠 & UT","티셔츠 & UT","1","WOMEN","false","unknown","https://www.uniqlo.com/kr/ko/men_navigation","official_navigation_preloaded_taxonomies","2026-08-03T02:01:21.580Z","{""group"":""classes"",""key"":""tops"",""parent_count"":1}","2dad9b2eaa9e0b3966064c40708d8fff9be454662a8eba631cdaf427266f1f53"
"uniqlo","95354","57892","셔츠 & 블라우스 & 폴로셔츠","셔츠 & 블라우스 & 폴로셔츠","셔츠 & 블라우스 & 폴로셔츠","1","WOMEN","false","unknown","https://www.uniqlo.com/kr/ko/men_navigation","official_navigation_preloaded_taxonomies","2026-08-03T02:01:21.580Z","{""group"":""classes"",""key"":""shirts-and-blouses"",""parent_count"":1}","2dad9b2eaa9e0b3966064c40708d8fff9be454662a8eba631cdaf427266f1f53"
"uniqlo","95353","57892","니트 & 가디건","니트 & 가디건","니트 & 가디건","1","WOMEN","false","unknown","https://www.uniqlo.com/kr/ko/men_navigation","official_navigation_preloaded_taxonomies","2026-08-03T02:01:21.580Z","{""group"":""classes"",""key"":""sweaters-and-knitwear"",""parent_count"":1}","2dad9b2eaa9e0b3966064c40708d8fff9be454662a8eba631cdaf427266f1f53"
"uniqlo","57958","57892","아우터","아우터","아우터","1","WOMEN","false","unknown","https://www.uniqlo.com/kr/ko/men_navigation","official_navigation_preloaded_taxonomies","2026-08-03T02:01:21.580Z","{""group"":""classes"",""key"":""outerwear"",""parent_count"":1}","2dad9b2eaa9e0b3966064c40708d8fff9be454662a8eba631cdaf427266f1f53"
"uniqlo","57960","57892","팬츠","팬츠","팬츠","1","WOMEN","false","unknown","https://www.uniqlo.com/kr/ko/men_navigation","official_navigation_preloaded_taxonomies","2026-08-03T02:01:21.580Z","{""group"":""classes"",""key"":""bottoms"",""parent_count"":1}","2dad9b2eaa9e0b3966064c40708d8fff9be454662a8eba631cdaf427266f1f53"
"uniqlo","57961","57892","원피스 & 스커트","원피스 & 스커트","원피스 & 스커트","1","WOMEN","false","unknown","https://www.uniqlo.com/kr/ko/men_navigation","official_navigation_preloaded_taxonomies","2026-08-03T02:01:21.580Z","{""group"":""classes"",""key"":""dress-and-skirts"",""parent_count"":1}","2dad9b2eaa9e0b3966064c40708d8fff9be454662a8eba631cdaf427266f1f53"
"uniqlo","57963","57892","이너웨어","이너웨어","이너웨어","1","WOMEN","false","unknown","https://www.uniqlo.com/kr/ko/men_navigation","official_navigation_preloaded_taxonomies","2026-08-03T02:01:21.580Z","{""group"":""classes"",""key"":""innerwear"",""parent_count"":1}","2dad9b2eaa9e0b3966064c40708d8fff9be454662a8eba631cdaf427266f1f53"
"uniqlo","57964","57892","파자마 & 홈웨어","파자마 & 홈웨어","파자마 & 홈웨어","1","WOMEN","false","unknown","https://www.uniqlo.com/kr/ko/men_navigation","official_navigation_preloaded_taxonomies","2026-08-03T02:01:21.580Z","{""group"":""classes"",""key"":""loungewear-and-homeware"",""parent_count"":1}","2dad9b2eaa9e0b3966064c40708d8fff9be454662a8eba631cdaf427266f1f53"
"uniqlo","57965","57892","액세서리","액세서리","액세서리","1","WOMEN","false","unknown","https://www.uniqlo.com/kr/ko/men_navigation","official_navigation_preloaded_taxonomies","2026-08-03T02:01:21.580Z","{""group"":""classes"",""key"":""accessories"",""parent_count"":1}","2dad9b2eaa9e0b3966064c40708d8fff9be454662a8eba631cdaf427266f1f53"
"uniqlo","148314","57892","라운지 & 언더웨어 컬렉션","라운지 & 언더웨어 컬렉션","라운지 & 언더웨어 컬렉션","1","WOMEN","false","unknown","https://www.uniqlo.com/kr/ko/men_navigation","official_navigation_preloaded_taxonomies","2026-08-03T02:01:21.580Z","{""group"":""classes"",""key"":""lounge-and-underwear-collection"",""parent_count"":1}","2dad9b2eaa9e0b3966064c40708d8fff9be454662a8eba631cdaf427266f1f53"
"uniqlo","81619","57892","에어리즘","에어리즘","에어리즘","1","WOMEN","false","unknown","https://www.uniqlo.com/kr/ko/men_navigation","official_navigation_preloaded_taxonomies","2026-08-03T02:01:21.580Z","{""group"":""classes"",""key"":""airism"",""parent_count"":1}","2dad9b2eaa9e0b3966064c40708d8fff9be454662a8eba631cdaf427266f1f53"
"uniqlo","57962","57892","스포츠 유틸리티 웨어","스포츠 유틸리티 웨어","스포츠 유틸리티 웨어","1","WOMEN","false","unknown","https://www.uniqlo.com/kr/ko/men_navigation","official_navigation_preloaded_taxonomies","2026-08-03T02:01:21.580Z","{""group"":""classes"",""key"":""sport-utility-wear"",""parent_count"":1}","2dad9b2eaa9e0b3966064c40708d8fff9be454662a8eba631cdaf427266f1f53"
"uniqlo","114788","57892","UV Protection","UV Protection","UV Protection","1","WOMEN","false","unknown","https://www.uniqlo.com/kr/ko/men_navigation","official_navigation_preloaded_taxonomies","2026-08-03T02:01:21.580Z","{""group"":""classes"",""key"":""uv-protection"",""parent_count"":1}","2dad9b2eaa9e0b3966064c40708d8fff9be454662a8eba631cdaf427266f1f53"
"uniqlo","116863","57892","리넨","리넨","리넨","1","WOMEN","false","unknown","https://www.uniqlo.com/kr/ko/men_navigation","official_navigation_preloaded_taxonomies","2026-08-03T02:01:21.580Z","{""group"":""classes"",""key"":""linen"",""parent_count"":1}","2dad9b2eaa9e0b3966064c40708d8fff9be454662a8eba631cdaf427266f1f53"
"uniqlo","107542","57892","Special Collaborations","Special Collaborations","Special Collaborations","1","WOMEN","false","unknown","https://www.uniqlo.com/kr/ko/men_navigation","official_navigation_preloaded_taxonomies","2026-08-03T02:01:21.580Z","{""group"":""classes"",""key"":""special-collaboration"",""parent_count"":1}","2dad9b2eaa9e0b3966064c40708d8fff9be454662a8eba631cdaf427266f1f53"
"uniqlo","124424","57892","GU","GU","GU","1","WOMEN","false","unknown","https://www.uniqlo.com/kr/ko/men_navigation","official_navigation_preloaded_taxonomies","2026-08-03T02:01:21.580Z","{""group"":""classes"",""key"":""gu"",""parent_count"":1}","2dad9b2eaa9e0b3966064c40708d8fff9be454662a8eba631cdaf427266f1f53"
"uniqlo","57967","57893","티셔츠 & 스웨트셔츠 & UT","티셔츠 & 스웨트셔츠 & UT","티셔츠 & 스웨트셔츠 & UT","1","MEN","false","unknown","https://www.uniqlo.com/kr/ko/men_navigation","official_navigation_preloaded_taxonomies","2026-08-03T02:01:21.580Z","{""group"":""classes"",""key"":""tops"",""parent_count"":1}","2dad9b2eaa9e0b3966064c40708d8fff9be454662a8eba631cdaf427266f1f53"
"uniqlo","95356","57893","셔츠","셔츠","셔츠","1","MEN","false","unknown","https://www.uniqlo.com/kr/ko/men_navigation","official_navigation_preloaded_taxonomies","2026-08-03T02:01:21.580Z","{""group"":""classes"",""key"":""shirts-and-polo-shirts"",""parent_count"":1}","2dad9b2eaa9e0b3966064c40708d8fff9be454662a8eba631cdaf427266f1f53"
"uniqlo","95355","57893","니트 & 가디건","니트 & 가디건","니트 & 가디건","1","MEN","false","unknown","https://www.uniqlo.com/kr/ko/men_navigation","official_navigation_preloaded_taxonomies","2026-08-03T02:01:21.580Z","{""group"":""classes"",""key"":""sweaters-and-knitwear"",""parent_count"":1}","2dad9b2eaa9e0b3966064c40708d8fff9be454662a8eba631cdaf427266f1f53"
"uniqlo","57966","57893","아우터","아우터","아우터","1","MEN","false","unknown","https://www.uniqlo.com/kr/ko/men_navigation","official_navigation_preloaded_taxonomies","2026-08-03T02:01:21.580Z","{""group"":""classes"",""key"":""outerwear"",""parent_count"":1}","2dad9b2eaa9e0b3966064c40708d8fff9be454662a8eba631cdaf427266f1f53"
"uniqlo","57968","57893","팬츠","팬츠","팬츠","1","MEN","false","unknown","https://www.uniqlo.com/kr/ko/men_navigation","official_navigation_preloaded_taxonomies","2026-08-03T02:01:21.580Z","{""group"":""classes"",""key"":""bottoms"",""parent_count"":1}","2dad9b2eaa9e0b3966064c40708d8fff9be454662a8eba631cdaf427266f1f53"
"uniqlo","57970","57893","이너웨어","이너웨어","이너웨어","1","MEN","false","unknown","https://www.uniqlo.com/kr/ko/men_navigation","official_navigation_preloaded_taxonomies","2026-08-03T02:01:21.580Z","{""group"":""classes"",""key"":""innerwear"",""parent_count"":1}","2dad9b2eaa9e0b3966064c40708d8fff9be454662a8eba631cdaf427266f1f53"
"uniqlo","57971","57893","라운지 팬츠","라운지 팬츠","라운지 팬츠","1","MEN","false","unknown","https://www.uniqlo.com/kr/ko/men_navigation","official_navigation_preloaded_taxonomies","2026-08-03T02:01:21.580Z","{""group"":""classes"",""key"":""loungewear-and-homeware"",""parent_count"":1}","2dad9b2eaa9e0b3966064c40708d8fff9be454662a8eba631cdaf427266f1f53"
"uniqlo","57972","57893","액세서리","액세서리","액세서리","1","MEN","false","unknown","https://www.uniqlo.com/kr/ko/men_navigation","official_navigation_preloaded_taxonomies","2026-08-03T02:01:21.580Z","{""group"":""classes"",""key"":""accessories"",""parent_count"":1}","2dad9b2eaa9e0b3966064c40708d8fff9be454662a8eba631cdaf427266f1f53"
"uniqlo","81620","57893","에어리즘","에어리즘","에어리즘","1","MEN","false","unknown","https://www.uniqlo.com/kr/ko/men_navigation","official_navigation_preloaded_taxonomies","2026-08-03T02:01:21.580Z","{""group"":""classes"",""key"":""airism"",""parent_count"":1}","2dad9b2eaa9e0b3966064c40708d8fff9be454662a8eba631cdaf427266f1f53"
"uniqlo","57969","57893","스포츠 유틸리티 웨어","스포츠 유틸리티 웨어","스포츠 유틸리티 웨어","1","MEN","false","unknown","https://www.uniqlo.com/kr/ko/men_navigation","official_navigation_preloaded_taxonomies","2026-08-03T02:01:21.580Z","{""group"":""classes"",""key"":""sport-utility-wear"",""parent_count"":1}","2dad9b2eaa9e0b3966064c40708d8fff9be454662a8eba631cdaf427266f1f53"
"uniqlo","114793","57893","UV Protection","UV Protection","UV Protection","1","MEN","false","unknown","https://www.uniqlo.com/kr/ko/men_navigation","official_navigation_preloaded_taxonomies","2026-08-03T02:01:21.580Z","{""group"":""classes"",""key"":""uv-protection"",""parent_count"":1}","2dad9b2eaa9e0b3966064c40708d8fff9be454662a8eba631cdaf427266f1f53"
"uniqlo","116864","57893","리넨","리넨","리넨","1","MEN","false","unknown","https://www.uniqlo.com/kr/ko/men_navigation","official_navigation_preloaded_taxonomies","2026-08-03T02:01:21.580Z","{""group"":""classes"",""key"":""linen"",""parent_count"":1}","2dad9b2eaa9e0b3966064c40708d8fff9be454662a8eba631cdaf427266f1f53"
"uniqlo","107543","57893","Special Collaborations","Special Collaborations","Special Collaborations","1","MEN","false","unknown","https://www.uniqlo.com/kr/ko/men_navigation","official_navigation_preloaded_taxonomies","2026-08-03T02:01:21.580Z","{""group"":""classes"",""key"":""special-collaboration"",""parent_count"":1}","2dad9b2eaa9e0b3966064c40708d8fff9be454662a8eba631cdaf427266f1f53"
"uniqlo","124425","57893","GU","GU","GU","1","MEN","false","unknown","https://www.uniqlo.com/kr/ko/men_navigation","official_navigation_preloaded_taxonomies","2026-08-03T02:01:21.580Z","{""group"":""classes"",""key"":""gu"",""parent_count"":1}","2dad9b2eaa9e0b3966064c40708d8fff9be454662a8eba631cdaf427266f1f53"
"uniqlo","57974","57894","티셔츠 & UT","티셔츠 & UT","티셔츠 & UT","1","KIDS","false","unknown","https://www.uniqlo.com/kr/ko/men_navigation","official_navigation_preloaded_taxonomies","2026-08-03T02:01:21.580Z","{""group"":""classes"",""key"":""tops"",""parent_count"":1}","2dad9b2eaa9e0b3966064c40708d8fff9be454662a8eba631cdaf427266f1f53"
"uniqlo","57975","57894","청바지 & 팬츠","청바지 & 팬츠","청바지 & 팬츠","1","KIDS","false","unknown","https://www.uniqlo.com/kr/ko/men_navigation","official_navigation_preloaded_taxonomies","2026-08-03T02:01:21.580Z","{""group"":""classes"",""key"":""pants-and-skirts"",""parent_count"":1}","2dad9b2eaa9e0b3966064c40708d8fff9be454662a8eba631cdaf427266f1f53"
"uniqlo","57976","57894","원피스 & 스커트","원피스 & 스커트","원피스 & 스커트","1","KIDS","false","unknown","https://www.uniqlo.com/kr/ko/men_navigation","official_navigation_preloaded_taxonomies","2026-08-03T02:01:21.580Z","{""group"":""classes"",""key"":""dresses"",""parent_count"":1}","2dad9b2eaa9e0b3966064c40708d8fff9be454662a8eba631cdaf427266f1f53"
"uniqlo","100066","57894","니트 & 셔츠","니트 & 셔츠","니트 & 셔츠","1","KIDS","false","unknown","https://www.uniqlo.com/kr/ko/men_navigation","official_navigation_preloaded_taxonomies","2026-08-03T02:01:21.580Z","{""group"":""classes"",""key"":""knitwear"",""parent_count"":1}","2dad9b2eaa9e0b3966064c40708d8fff9be454662a8eba631cdaf427266f1f53"
"uniqlo","57973","57894","아우터","아우터","아우터","1","KIDS","false","unknown","https://www.uniqlo.com/kr/ko/men_navigation","official_navigation_preloaded_taxonomies","2026-08-03T02:01:21.580Z","{""group"":""classes"",""key"":""outerwear"",""parent_count"":1}","2dad9b2eaa9e0b3966064c40708d8fff9be454662a8eba631cdaf427266f1f53"
"uniqlo","57978","57894","이너웨어","이너웨어","이너웨어","1","KIDS","false","unknown","https://www.uniqlo.com/kr/ko/men_navigation","official_navigation_preloaded_taxonomies","2026-08-03T02:01:21.580Z","{""group"":""classes"",""key"":""innerwear"",""parent_count"":1}","2dad9b2eaa9e0b3966064c40708d8fff9be454662a8eba631cdaf427266f1f53"
"uniqlo","59410","57894","액세서리","액세서리","액세서리","1","KIDS","false","unknown","https://www.uniqlo.com/kr/ko/men_navigation","official_navigation_preloaded_taxonomies","2026-08-03T02:01:21.580Z","{""group"":""classes"",""key"":""accessories"",""parent_count"":1}","2dad9b2eaa9e0b3966064c40708d8fff9be454662a8eba631cdaf427266f1f53"
"uniqlo","81621","57894","에어리즘","에어리즘","에어리즘","1","KIDS","false","unknown","https://www.uniqlo.com/kr/ko/men_navigation","official_navigation_preloaded_taxonomies","2026-08-03T02:01:21.580Z","{""group"":""classes"",""key"":""airism"",""parent_count"":1}","2dad9b2eaa9e0b3966064c40708d8fff9be454662a8eba631cdaf427266f1f53"
"uniqlo","57977","57894","스포츠 유틸리티 웨어","스포츠 유틸리티 웨어","스포츠 유틸리티 웨어","1","KIDS","false","unknown","https://www.uniqlo.com/kr/ko/men_navigation","official_navigation_preloaded_taxonomies","2026-08-03T02:01:21.580Z","{""group"":""classes"",""key"":""sport-utility-wear"",""parent_count"":1}","2dad9b2eaa9e0b3966064c40708d8fff9be454662a8eba631cdaf427266f1f53"
"uniqlo","114797","57894","UV Protection","UV Protection","UV Protection","1","KIDS","false","unknown","https://www.uniqlo.com/kr/ko/men_navigation","official_navigation_preloaded_taxonomies","2026-08-03T02:01:21.580Z","{""group"":""classes"",""key"":""uv-protection"",""parent_count"":1}","2dad9b2eaa9e0b3966064c40708d8fff9be454662a8eba631cdaf427266f1f53"
"uniqlo","107544","57894","Special Collaborations","Special Collaborations","Special Collaborations","1","KIDS","false","unknown","https://www.uniqlo.com/kr/ko/men_navigation","official_navigation_preloaded_taxonomies","2026-08-03T02:01:21.580Z","{""group"":""classes"",""key"":""special-collaboration"",""parent_count"":1}","2dad9b2eaa9e0b3966064c40708d8fff9be454662a8eba631cdaf427266f1f53"
"uniqlo","57980","57925","신생아(0개월~2세)","신생아(0개월~2세)","신생아(0개월~2세)","1","BABY","false","unknown","https://www.uniqlo.com/kr/ko/men_navigation","official_navigation_preloaded_taxonomies","2026-08-03T02:01:21.580Z","{""group"":""classes"",""key"":""newborn"",""parent_count"":1}","2dad9b2eaa9e0b3966064c40708d8fff9be454662a8eba631cdaf427266f1f53"
"uniqlo","57981","57925","영유아(6개월~5세)","영유아(6개월~5세)","영유아(6개월~5세)","1","BABY","false","unknown","https://www.uniqlo.com/kr/ko/men_navigation","official_navigation_preloaded_taxonomies","2026-08-03T02:01:21.580Z","{""group"":""classes"",""key"":""toddler"",""parent_count"":1}","2dad9b2eaa9e0b3966064c40708d8fff9be454662a8eba631cdaf427266f1f53"
"uniqlo","57995","57959","티셔츠 (반팔 & 긴팔)","티셔츠 & UT > 티셔츠 (반팔 & 긴팔)","티셔츠 & UT > 티셔츠 (반팔 & 긴팔)","2","WOMEN","false","unknown","https://www.uniqlo.com/kr/ko/men_navigation","official_navigation_preloaded_taxonomies","2026-08-03T02:01:21.580Z","{""group"":""categories"",""key"":""t-shirts"",""parent_count"":2}","2dad9b2eaa9e0b3966064c40708d8fff9be454662a8eba631cdaf427266f1f53"
"uniqlo","58001","57959","그래픽티셔츠","티셔츠 & UT > 그래픽티셔츠","티셔츠 & UT > 그래픽티셔츠","2","WOMEN","false","unknown","https://www.uniqlo.com/kr/ko/men_navigation","official_navigation_preloaded_taxonomies","2026-08-03T02:01:21.580Z","{""group"":""categories"",""key"":""graphic-tees-ut"",""parent_count"":2}","2dad9b2eaa9e0b3966064c40708d8fff9be454662a8eba631cdaf427266f1f53"
"uniqlo","57996","57959","브라탑","티셔츠 & UT > 브라탑","티셔츠 & UT > 브라탑","2","WOMEN","false","unknown","https://www.uniqlo.com/kr/ko/men_navigation","official_navigation_preloaded_taxonomies","2026-08-03T02:01:21.580Z","{""group"":""categories"",""key"":""bra-tops"",""parent_count"":2}","2dad9b2eaa9e0b3966064c40708d8fff9be454662a8eba631cdaf427266f1f53"
"uniqlo","58948","57959","PEACE FOR ALL","티셔츠 & UT > PEACE FOR ALL","티셔츠 & UT > PEACE FOR ALL","2","WOMEN","false","unknown","https://www.uniqlo.com/kr/ko/men_navigation","official_navigation_preloaded_taxonomies","2026-08-03T02:01:21.580Z","{""group"":""categories"",""key"":""peace-for-all"",""parent_count"":2}","2dad9b2eaa9e0b3966064c40708d8fff9be454662a8eba631cdaf427266f1f53"
"uniqlo","57997","57959","스웨트셔츠 & 후드집업","티셔츠 & UT > 스웨트셔츠 & 후드집업","티셔츠 & UT > 스웨트셔츠 & 후드집업","2","WOMEN","false","unknown","https://www.uniqlo.com/kr/ko/men_navigation","official_navigation_preloaded_taxonomies","2026-08-03T02:01:21.580Z","{""group"":""categories"",""key"":""sweatshirts-and-hoodies"",""parent_count"":2}","2dad9b2eaa9e0b3966064c40708d8fff9be454662a8eba631cdaf427266f1f53"
"uniqlo","95362","95354","셔츠 & 블라우스","셔츠 & 블라우스 & 폴로셔츠 > 셔츠 & 블라우스","셔츠 & 블라우스 & 폴로셔츠 > 셔츠 & 블라우스","2","WOMEN","false","unknown","https://www.uniqlo.com/kr/ko/men_navigation","official_navigation_preloaded_taxonomies","2026-08-03T02:01:21.580Z","{""group"":""categories"",""key"":""shirts-and-blouses"",""parent_count"":2}","2dad9b2eaa9e0b3966064c40708d8fff9be454662a8eba631cdaf427266f1f53"
"uniqlo","142636","95354","폴로셔츠 (카라티)","셔츠 & 블라우스 & 폴로셔츠 > 폴로셔츠 (카라티)","셔츠 & 블라우스 & 폴로셔츠 > 폴로셔츠 (카라티)","2","WOMEN","false","unknown","https://www.uniqlo.com/kr/ko/men_navigation","official_navigation_preloaded_taxonomies","2026-08-03T02:01:21.580Z","{""group"":""categories"",""key"":""polo-shirts"",""parent_count"":2}","2dad9b2eaa9e0b3966064c40708d8fff9be454662a8eba631cdaf427266f1f53"
"uniqlo","95361","95353","니트","니트 & 가디건 > 니트","니트 & 가디건 > 니트","2","WOMEN","false","unknown","https://www.uniqlo.com/kr/ko/men_navigation","official_navigation_preloaded_taxonomies","2026-08-03T02:01:21.580Z","{""group"":""categories"",""key"":""sweaters-and-knitwear"",""parent_count"":2}","2dad9b2eaa9e0b3966064c40708d8fff9be454662a8eba631cdaf427266f1f53"
"uniqlo","128380","95353","가디건","니트 & 가디건 > 가디건","니트 & 가디건 > 가디건","2","WOMEN","false","unknown","https://www.uniqlo.com/kr/ko/men_navigation","official_navigation_preloaded_taxonomies","2026-08-03T02:01:21.580Z","{""group"":""categories"",""key"":""cardigan"",""parent_count"":2}","2dad9b2eaa9e0b3966064c40708d8fff9be454662a8eba631cdaf427266f1f53"
"uniqlo","57991","57958","파카 & 블루종","아우터 > 파카 & 블루종","아우터 > 파카 & 블루종","2","WOMEN","false","unknown","https://www.uniqlo.com/kr/ko/men_navigation","official_navigation_preloaded_taxonomies","2026-08-03T02:01:21.580Z","{""group"":""categories"",""key"":""parkas-and-blousons"",""parent_count"":2}","2dad9b2eaa9e0b3966064c40708d8fff9be454662a8eba631cdaf427266f1f53"
"uniqlo","57993","57958","재킷 & 코트","아우터 > 재킷 & 코트","아우터 > 재킷 & 코트","2","WOMEN","false","unknown","https://www.uniqlo.com/kr/ko/men_navigation","official_navigation_preloaded_taxonomies","2026-08-03T02:01:21.580Z","{""group"":""categories"",""key"":""jackets"",""parent_count"":2}","2dad9b2eaa9e0b3966064c40708d8fff9be454662a8eba631cdaf427266f1f53"
"uniqlo","57994","57958","경량 패딩 (PUFFTECH)","아우터 > 경량 패딩 (PUFFTECH)","아우터 > 경량 패딩 (PUFFTECH)","2","WOMEN","false","unknown","https://www.uniqlo.com/kr/ko/men_navigation","official_navigation_preloaded_taxonomies","2026-08-03T02:01:21.580Z","{""group"":""categories"",""key"":""pufftech-and-ultra-light-down"",""parent_count"":2}","2dad9b2eaa9e0b3966064c40708d8fff9be454662a8eba631cdaf427266f1f53"
"uniqlo","149931","57960","배럴 레그 팬츠","팬츠 > 배럴 레그 팬츠","팬츠 > 배럴 레그 팬츠","2","WOMEN","false","unknown","https://www.uniqlo.com/kr/ko/men_navigation","official_navigation_preloaded_taxonomies","2026-08-03T02:01:21.580Z","{""group"":""categories"",""key"":""barrel-leg-pants"",""parent_count"":2}","2dad9b2eaa9e0b3966064c40708d8fff9be454662a8eba631cdaf427266f1f53"
"uniqlo","58010","57960","쇼트 팬츠(반바지)","팬츠 > 쇼트 팬츠(반바지)","팬츠 > 쇼트 팬츠(반바지)","2","WOMEN","false","unknown","https://www.uniqlo.com/kr/ko/men_navigation","official_navigation_preloaded_taxonomies","2026-08-03T02:01:21.580Z","{""group"":""categories"",""key"":""short-pants"",""parent_count"":2}","2dad9b2eaa9e0b3966064c40708d8fff9be454662a8eba631cdaf427266f1f53"
"uniqlo","58004","57960","캐주얼 팬츠","팬츠 > 캐주얼 팬츠","팬츠 > 캐주얼 팬츠","2","WOMEN","false","unknown","https://www.uniqlo.com/kr/ko/men_navigation","official_navigation_preloaded_taxonomies","2026-08-03T02:01:21.580Z","{""group"":""categories"",""key"":""casual-pants"",""parent_count"":2}","2dad9b2eaa9e0b3966064c40708d8fff9be454662a8eba631cdaf427266f1f53"
"uniqlo","58002","57960","와이드 팬츠","팬츠 > 와이드 팬츠","팬츠 > 와이드 팬츠","2","WOMEN","false","unknown","https://www.uniqlo.com/kr/ko/men_navigation","official_navigation_preloaded_taxonomies","2026-08-03T02:01:21.580Z","{""group"":""categories"",""key"":""wide-pants"",""parent_count"":2}","2dad9b2eaa9e0b3966064c40708d8fff9be454662a8eba631cdaf427266f1f53"
"uniqlo","58003","57960","진(청바지)","팬츠 > 진(청바지)","팬츠 > 진(청바지)","2","WOMEN","false","unknown","https://www.uniqlo.com/kr/ko/men_navigation","official_navigation_preloaded_taxonomies","2026-08-03T02:01:21.580Z","{""group"":""categories"",""key"":""jeans"",""parent_count"":2}","2dad9b2eaa9e0b3966064c40708d8fff9be454662a8eba631cdaf427266f1f53"
"uniqlo","58008","57960","슬랙스(트라우저)","팬츠 > 슬랙스(트라우저)","팬츠 > 슬랙스(트라우저)","2","WOMEN","false","unknown","https://www.uniqlo.com/kr/ko/men_navigation","official_navigation_preloaded_taxonomies","2026-08-03T02:01:21.580Z","{""group"":""categories"",""key"":""trousers"",""parent_count"":2}","2dad9b2eaa9e0b3966064c40708d8fff9be454662a8eba631cdaf427266f1f53"
"uniqlo","58005","57960","스웨트 팬츠 & 조거 팬츠","팬츠 > 스웨트 팬츠 & 조거 팬츠","팬츠 > 스웨트 팬츠 & 조거 팬츠","2","WOMEN","false","unknown","https://www.uniqlo.com/kr/ko/men_navigation","official_navigation_preloaded_taxonomies","2026-08-03T02:01:21.580Z","{""group"":""categories"",""key"":""sweat-pants"",""parent_count"":2}","2dad9b2eaa9e0b3966064c40708d8fff9be454662a8eba631cdaf427266f1f53"
"uniqlo","58009","57960","레깅스","팬츠 > 레깅스","팬츠 > 레깅스","2","WOMEN","false","unknown","https://www.uniqlo.com/kr/ko/men_navigation","official_navigation_preloaded_taxonomies","2026-08-03T02:01:21.580Z","{""group"":""categories"",""key"":""leggings-pants"",""parent_count"":2}","2dad9b2eaa9e0b3966064c40708d8fff9be454662a8eba631cdaf427266f1f53"
"uniqlo","58011","57961","원피스","원피스 & 스커트 > 원피스","원피스 & 스커트 > 원피스","2","WOMEN","false","unknown","https://www.uniqlo.com/kr/ko/men_navigation","official_navigation_preloaded_taxonomies","2026-08-03T02:01:21.580Z","{""group"":""categories"",""key"":""dresses"",""parent_count"":2}","2dad9b2eaa9e0b3966064c40708d8fff9be454662a8eba631cdaf427266f1f53"
"uniqlo","58012","57961","스커트","원피스 & 스커트 > 스커트","원피스 & 스커트 > 스커트","2","WOMEN","false","unknown","https://www.uniqlo.com/kr/ko/men_navigation","official_navigation_preloaded_taxonomies","2026-08-03T02:01:21.580Z","{""group"":""categories"",""key"":""skirts"",""parent_count"":2}","2dad9b2eaa9e0b3966064c40708d8fff9be454662a8eba631cdaf427266f1f53"
"uniqlo","58018","57963","에어리즘","이너웨어 > 에어리즘","이너웨어 > 에어리즘","2","WOMEN","false","unknown","https://www.uniqlo.com/kr/ko/men_navigation","official_navigation_preloaded_taxonomies","2026-08-03T02:01:21.580Z","{""group"":""categories"",""key"":""airism"",""parent_count"":2}","2dad9b2eaa9e0b3966064c40708d8fff9be454662a8eba631cdaf427266f1f53"
"uniqlo","58021","57963","브라탑","이너웨어 > 브라탑","이너웨어 > 브라탑","2","WOMEN","false","unknown","https://www.uniqlo.com/kr/ko/men_navigation","official_navigation_preloaded_taxonomies","2026-08-03T02:01:21.580Z","{""group"":""categories"",""key"":""bra-tops"",""parent_count"":2}","2dad9b2eaa9e0b3966064c40708d8fff9be454662a8eba631cdaf427266f1f53"
"uniqlo","58020","57963","와이어리스 브라","이너웨어 > 와이어리스 브라","이너웨어 > 와이어리스 브라","2","WOMEN","false","unknown","https://www.uniqlo.com/kr/ko/men_navigation","official_navigation_preloaded_taxonomies","2026-08-03T02:01:21.580Z","{""group"":""categories"",""key"":""bras"",""parent_count"":2}","2dad9b2eaa9e0b3966064c40708d8fff9be454662a8eba631cdaf427266f1f53"
"uniqlo","141497","57963","코튼 이너탑","이너웨어 > 코튼 이너탑","이너웨어 > 코튼 이너탑","2","WOMEN","false","unknown","https://www.uniqlo.com/kr/ko/men_navigation","official_navigation_preloaded_taxonomies","2026-08-03T02:01:21.580Z","{""group"":""categories"",""key"":""undershirts"",""parent_count"":2}","2dad9b2eaa9e0b3966064c40708d8fff9be454662a8eba631cdaf427266f1f53"
"uniqlo","58022","57963","언더웨어","이너웨어 > 언더웨어","이너웨어 > 언더웨어","2","WOMEN","false","unknown","https://www.uniqlo.com/kr/ko/men_navigation","official_navigation_preloaded_taxonomies","2026-08-03T02:01:21.580Z","{""group"":""categories"",""key"":""underwear"",""parent_count"":2}","2dad9b2eaa9e0b3966064c40708d8fff9be454662a8eba631cdaf427266f1f53"
"uniqlo","58024","57963","양말","이너웨어 > 양말","이너웨어 > 양말","2","WOMEN","false","unknown","https://www.uniqlo.com/kr/ko/men_navigation","official_navigation_preloaded_taxonomies","2026-08-03T02:01:21.580Z","{""group"":""categories"",""key"":""socks"",""parent_count"":2}","2dad9b2eaa9e0b3966064c40708d8fff9be454662a8eba631cdaf427266f1f53"
"uniqlo","58023","57963","레깅스 & 타이즈","이너웨어 > 레깅스 & 타이즈","이너웨어 > 레깅스 & 타이즈","2","WOMEN","false","unknown","https://www.uniqlo.com/kr/ko/men_navigation","official_navigation_preloaded_taxonomies","2026-08-03T02:01:21.580Z","{""group"":""categories"",""key"":""leggings-and-tights"",""parent_count"":2}","2dad9b2eaa9e0b3966064c40708d8fff9be454662a8eba631cdaf427266f1f53"
"uniqlo","58019","57963","히트텍","이너웨어 > 히트텍","이너웨어 > 히트텍","2","WOMEN","false","unknown","https://www.uniqlo.com/kr/ko/men_navigation","official_navigation_preloaded_taxonomies","2026-08-03T02:01:21.580Z","{""group"":""categories"",""key"":""heattech"",""parent_count"":2}","2dad9b2eaa9e0b3966064c40708d8fff9be454662a8eba631cdaf427266f1f53"
"uniqlo","58026","57964","라운지 팬츠","파자마 & 홈웨어 > 라운지 팬츠","파자마 & 홈웨어 > 라운지 팬츠","2","WOMEN","false","unknown","https://www.uniqlo.com/kr/ko/men_navigation","official_navigation_preloaded_taxonomies","2026-08-03T02:01:21.580Z","{""group"":""categories"",""key"":""lounge-pants"",""parent_count"":2}","2dad9b2eaa9e0b3966064c40708d8fff9be454662a8eba631cdaf427266f1f53"
"uniqlo","58025","57964","파자마","파자마 & 홈웨어 > 파자마","파자마 & 홈웨어 > 파자마","2","WOMEN","false","unknown","https://www.uniqlo.com/kr/ko/men_navigation","official_navigation_preloaded_taxonomies","2026-08-03T02:01:21.580Z","{""group"":""categories"",""key"":""loungewear-and-pajamas"",""parent_count"":2}","2dad9b2eaa9e0b3966064c40708d8fff9be454662a8eba631cdaf427266f1f53"
"uniqlo","99902","57965","가방","액세서리 > 가방","액세서리 > 가방","2","WOMEN","false","unknown","https://www.uniqlo.com/kr/ko/men_navigation","official_navigation_preloaded_taxonomies","2026-08-03T02:01:21.580Z","{""group"":""categories"",""key"":""bags"",""parent_count"":2}","2dad9b2eaa9e0b3966064c40708d8fff9be454662a8eba631cdaf427266f1f53"
"uniqlo","58033","57965","선글라스","액세서리 > 선글라스","액세서리 > 선글라스","2","WOMEN","false","unknown","https://www.uniqlo.com/kr/ko/men_navigation","official_navigation_preloaded_taxonomies","2026-08-03T02:01:21.580Z","{""group"":""categories"",""key"":""sunglasses"",""parent_count"":2}","2dad9b2eaa9e0b3966064c40708d8fff9be454662a8eba631cdaf427266f1f53"
"uniqlo","58031","57965","벨트","액세서리 > 벨트","액세서리 > 벨트","2","WOMEN","false","unknown","https://www.uniqlo.com/kr/ko/men_navigation","official_navigation_preloaded_taxonomies","2026-08-03T02:01:21.580Z","{""group"":""categories"",""key"":""belts"",""parent_count"":2}","2dad9b2eaa9e0b3966064c40708d8fff9be454662a8eba631cdaf427266f1f53"
"uniqlo","58034","57965","우산 & 스카프","액세서리 > 우산 & 스카프","액세서리 > 우산 & 스카프","2","WOMEN","false","unknown","https://www.uniqlo.com/kr/ko/men_navigation","official_navigation_preloaded_taxonomies","2026-08-03T02:01:21.580Z","{""group"":""categories"",""key"":""accessories"",""parent_count"":2}","2dad9b2eaa9e0b3966064c40708d8fff9be454662a8eba631cdaf427266f1f53"
"uniqlo","58029","57965","모자","액세서리 > 모자","액세서리 > 모자","2","WOMEN","false","unknown","https://www.uniqlo.com/kr/ko/men_navigation","official_navigation_preloaded_taxonomies","2026-08-03T02:01:21.580Z","{""group"":""categories"",""key"":""hats-and-caps"",""parent_count"":2}","2dad9b2eaa9e0b3966064c40708d8fff9be454662a8eba631cdaf427266f1f53"
"uniqlo","58032","57965","신발","액세서리 > 신발","액세서리 > 신발","2","WOMEN","false","unknown","https://www.uniqlo.com/kr/ko/men_navigation","official_navigation_preloaded_taxonomies","2026-08-03T02:01:21.580Z","{""group"":""categories"",""key"":""shoes"",""parent_count"":2}","2dad9b2eaa9e0b3966064c40708d8fff9be454662a8eba631cdaf427266f1f53"
"uniqlo","148319","148314","Effortless Charm","라운지 & 언더웨어 컬렉션 > Effortless Charm","라운지 & 언더웨어 컬렉션 > Effortless Charm","2","WOMEN","false","unknown","https://www.uniqlo.com/kr/ko/men_navigation","official_navigation_preloaded_taxonomies","2026-08-03T02:01:21.580Z","{""group"":""categories"",""key"":""effortless-charm"",""parent_count"":2}","2dad9b2eaa9e0b3966064c40708d8fff9be454662a8eba631cdaf427266f1f53"
"uniqlo","148318","148314","Minimalist Classics","라운지 & 언더웨어 컬렉션 > Minimalist Classics","라운지 & 언더웨어 컬렉션 > Minimalist Classics","2","WOMEN","false","unknown","https://www.uniqlo.com/kr/ko/men_navigation","official_navigation_preloaded_taxonomies","2026-08-03T02:01:21.580Z","{""group"":""categories"",""key"":""minimalist-classics"",""parent_count"":2}","2dad9b2eaa9e0b3966064c40708d8fff9be454662a8eba631cdaf427266f1f53"
"uniqlo","148321","148314","캐미솔","라운지 & 언더웨어 컬렉션 > 캐미솔","라운지 & 언더웨어 컬렉션 > 캐미솔","2","WOMEN","false","unknown","https://www.uniqlo.com/kr/ko/men_navigation","official_navigation_preloaded_taxonomies","2026-08-03T02:01:21.580Z","{""group"":""categories"",""key"":""camisole-and-tank-top"",""parent_count"":2}","2dad9b2eaa9e0b3966064c40708d8fff9be454662a8eba631cdaf427266f1f53"
"uniqlo","148316","148314","브라","라운지 & 언더웨어 컬렉션 > 브라","라운지 & 언더웨어 컬렉션 > 브라","2","WOMEN","false","unknown","https://www.uniqlo.com/kr/ko/men_navigation","official_navigation_preloaded_taxonomies","2026-08-03T02:01:21.580Z","{""group"":""categories"",""key"":""bra"",""parent_count"":2}","2dad9b2eaa9e0b3966064c40708d8fff9be454662a8eba631cdaf427266f1f53"
"uniqlo","148317","148314","언더웨어","라운지 & 언더웨어 컬렉션 > 언더웨어","라운지 & 언더웨어 컬렉션 > 언더웨어","2","WOMEN","false","unknown","https://www.uniqlo.com/kr/ko/men_navigation","official_navigation_preloaded_taxonomies","2026-08-03T02:01:21.580Z","{""group"":""categories"",""key"":""underwear"",""parent_count"":2}","2dad9b2eaa9e0b3966064c40708d8fff9be454662a8eba631cdaf427266f1f53"
"uniqlo","148322","148314","팬츠","라운지 & 언더웨어 컬렉션 > 팬츠","라운지 & 언더웨어 컬렉션 > 팬츠","2","WOMEN","false","unknown","https://www.uniqlo.com/kr/ko/men_navigation","official_navigation_preloaded_taxonomies","2026-08-03T02:01:21.580Z","{""group"":""categories"",""key"":""bottoms"",""parent_count"":2}","2dad9b2eaa9e0b3966064c40708d8fff9be454662a8eba631cdaf427266f1f53"
"uniqlo","148320","148314","니트 & 가디건","라운지 & 언더웨어 컬렉션 > 니트 & 가디건","라운지 & 언더웨어 컬렉션 > 니트 & 가디건","2","WOMEN","false","unknown","https://www.uniqlo.com/kr/ko/men_navigation","official_navigation_preloaded_taxonomies","2026-08-03T02:01:21.580Z","{""group"":""categories"",""key"":""sweaters-and-cardigans"",""parent_count"":2}","2dad9b2eaa9e0b3966064c40708d8fff9be454662a8eba631cdaf427266f1f53"
"uniqlo","148315","148314","파자마","라운지 & 언더웨어 컬렉션 > 파자마","라운지 & 언더웨어 컬렉션 > 파자마","2","WOMEN","false","unknown","https://www.uniqlo.com/kr/ko/men_navigation","official_navigation_preloaded_taxonomies","2026-08-03T02:01:21.580Z","{""group"":""categories"",""key"":""pajamas"",""parent_count"":2}","2dad9b2eaa9e0b3966064c40708d8fff9be454662a8eba631cdaf427266f1f53"
"uniqlo","82081","81619","이너웨어 상의","에어리즘 > 이너웨어 상의","에어리즘 > 이너웨어 상의","2","WOMEN","false","unknown","https://www.uniqlo.com/kr/ko/men_navigation","official_navigation_preloaded_taxonomies","2026-08-03T02:01:21.580Z","{""group"":""categories"",""key"":""inner-tops"",""parent_count"":2}","2dad9b2eaa9e0b3966064c40708d8fff9be454662a8eba631cdaf427266f1f53"
"uniqlo","82083","81619","브라탑","에어리즘 > 브라탑","에어리즘 > 브라탑","2","WOMEN","false","unknown","https://www.uniqlo.com/kr/ko/men_navigation","official_navigation_preloaded_taxonomies","2026-08-03T02:01:21.580Z","{""group"":""categories"",""key"":""bra-tops"",""parent_count"":2}","2dad9b2eaa9e0b3966064c40708d8fff9be454662a8eba631cdaf427266f1f53"
"uniqlo","82082","81619","언더웨어","에어리즘 > 언더웨어","에어리즘 > 언더웨어","2","WOMEN","false","unknown","https://www.uniqlo.com/kr/ko/men_navigation","official_navigation_preloaded_taxonomies","2026-08-03T02:01:21.580Z","{""group"":""categories"",""key"":""underwear"",""parent_count"":2}","2dad9b2eaa9e0b3966064c40708d8fff9be454662a8eba631cdaf427266f1f53"
"uniqlo","112813","81619","브라","에어리즘 > 브라","에어리즘 > 브라","2","WOMEN","false","unknown","https://www.uniqlo.com/kr/ko/men_navigation","official_navigation_preloaded_taxonomies","2026-08-03T02:01:21.580Z","{""group"":""categories"",""key"":""bra"",""parent_count"":2}","2dad9b2eaa9e0b3966064c40708d8fff9be454662a8eba631cdaf427266f1f53"
"uniqlo","82084","81619","상의","에어리즘 > 상의","에어리즘 > 상의","2","WOMEN","false","unknown","https://www.uniqlo.com/kr/ko/men_navigation","official_navigation_preloaded_taxonomies","2026-08-03T02:01:21.580Z","{""group"":""categories"",""key"":""tops"",""parent_count"":2}","2dad9b2eaa9e0b3966064c40708d8fff9be454662a8eba631cdaf427266f1f53"
"uniqlo","82085","81619","팬츠","에어리즘 > 팬츠","에어리즘 > 팬츠","2","WOMEN","false","unknown","https://www.uniqlo.com/kr/ko/men_navigation","official_navigation_preloaded_taxonomies","2026-08-03T02:01:21.580Z","{""group"":""categories"",""key"":""bottoms"",""parent_count"":2}","2dad9b2eaa9e0b3966064c40708d8fff9be454662a8eba631cdaf427266f1f53"
"uniqlo","82086","81619","원피스","에어리즘 > 원피스","에어리즘 > 원피스","2","WOMEN","false","unknown","https://www.uniqlo.com/kr/ko/men_navigation","official_navigation_preloaded_taxonomies","2026-08-03T02:01:21.580Z","{""group"":""categories"",""key"":""dresses"",""parent_count"":2}","2dad9b2eaa9e0b3966064c40708d8fff9be454662a8eba631cdaf427266f1f53"
"uniqlo","82087","81619","파자마","에어리즘 > 파자마","에어리즘 > 파자마","2","WOMEN","false","unknown","https://www.uniqlo.com/kr/ko/men_navigation","official_navigation_preloaded_taxonomies","2026-08-03T02:01:21.580Z","{""group"":""categories"",""key"":""loungewear-and-homeware"",""parent_count"":2}","2dad9b2eaa9e0b3966064c40708d8fff9be454662a8eba631cdaf427266f1f53"
"uniqlo","58015","57962","팬츠","스포츠 유틸리티 웨어 > 팬츠","스포츠 유틸리티 웨어 > 팬츠","2","WOMEN","false","unknown","https://www.uniqlo.com/kr/ko/men_navigation","official_navigation_preloaded_taxonomies","2026-08-03T02:01:21.580Z","{""group"":""categories"",""key"":""pants"",""parent_count"":2}","2dad9b2eaa9e0b3966064c40708d8fff9be454662a8eba631cdaf427266f1f53"
"uniqlo","58014","57962","상의","스포츠 유틸리티 웨어 > 상의","스포츠 유틸리티 웨어 > 상의","2","WOMEN","false","unknown","https://www.uniqlo.com/kr/ko/men_navigation","official_navigation_preloaded_taxonomies","2026-08-03T02:01:21.580Z","{""group"":""categories"",""key"":""tops"",""parent_count"":2}","2dad9b2eaa9e0b3966064c40708d8fff9be454662a8eba631cdaf427266f1f53"
"uniqlo","58013","57962","아우터","스포츠 유틸리티 웨어 > 아우터","스포츠 유틸리티 웨어 > 아우터","2","WOMEN","false","unknown","https://www.uniqlo.com/kr/ko/men_navigation","official_navigation_preloaded_taxonomies","2026-08-03T02:01:21.580Z","{""group"":""categories"",""key"":""outerwear"",""parent_count"":2}","2dad9b2eaa9e0b3966064c40708d8fff9be454662a8eba631cdaf427266f1f53"
"uniqlo","58016","57962","이너웨어","스포츠 유틸리티 웨어 > 이너웨어","스포츠 유틸리티 웨어 > 이너웨어","2","WOMEN","false","unknown","https://www.uniqlo.com/kr/ko/men_navigation","official_navigation_preloaded_taxonomies","2026-08-03T02:01:21.580Z","{""group"":""categories"",""key"":""innerwear"",""parent_count"":2}","2dad9b2eaa9e0b3966064c40708d8fff9be454662a8eba631cdaf427266f1f53"
"uniqlo","58017","57962","액세서리","스포츠 유틸리티 웨어 > 액세서리","스포츠 유틸리티 웨어 > 액세서리","2","WOMEN","false","unknown","https://www.uniqlo.com/kr/ko/men_navigation","official_navigation_preloaded_taxonomies","2026-08-03T02:01:21.580Z","{""group"":""categories"",""key"":""accessories"",""parent_count"":2}","2dad9b2eaa9e0b3966064c40708d8fff9be454662a8eba631cdaf427266f1f53"
"uniqlo","114789","114788","재킷 & 파카","UV Protection > 재킷 & 파카","UV Protection > 재킷 & 파카","2","WOMEN","false","unknown","https://www.uniqlo.com/kr/ko/men_navigation","official_navigation_preloaded_taxonomies","2026-08-03T02:01:21.580Z","{""group"":""categories"",""key"":""outerwear"",""parent_count"":2}","2dad9b2eaa9e0b3966064c40708d8fff9be454662a8eba631cdaf427266f1f53"
"uniqlo","114790","114788","가디건","UV Protection > 가디건","UV Protection > 가디건","2","WOMEN","false","unknown","https://www.uniqlo.com/kr/ko/men_navigation","official_navigation_preloaded_taxonomies","2026-08-03T02:01:21.580Z","{""group"":""categories"",""key"":""tops"",""parent_count"":2}","2dad9b2eaa9e0b3966064c40708d8fff9be454662a8eba631cdaf427266f1f53"
"uniqlo","114791","114788","팬츠 & 레깅스","UV Protection > 팬츠 & 레깅스","UV Protection > 팬츠 & 레깅스","2","WOMEN","false","unknown","https://www.uniqlo.com/kr/ko/men_navigation","official_navigation_preloaded_taxonomies","2026-08-03T02:01:21.580Z","{""group"":""categories"",""key"":""pants"",""parent_count"":2}","2dad9b2eaa9e0b3966064c40708d8fff9be454662a8eba631cdaf427266f1f53"
"uniqlo","114792","114788","액세서리","UV Protection > 액세서리","UV Protection > 액세서리","2","WOMEN","false","unknown","https://www.uniqlo.com/kr/ko/men_navigation","official_navigation_preloaded_taxonomies","2026-08-03T02:01:21.580Z","{""group"":""categories"",""key"":""accessories"",""parent_count"":2}","2dad9b2eaa9e0b3966064c40708d8fff9be454662a8eba631cdaf427266f1f53"
"uniqlo","116866","116863","셔츠 & 티셔츠","리넨 > 셔츠 & 티셔츠","리넨 > 셔츠 & 티셔츠","2","WOMEN","false","unknown","https://www.uniqlo.com/kr/ko/men_navigation","official_navigation_preloaded_taxonomies","2026-08-03T02:01:21.580Z","{""group"":""categories"",""key"":""tops"",""parent_count"":2}","2dad9b2eaa9e0b3966064c40708d8fff9be454662a8eba631cdaf427266f1f53"
"uniqlo","116865","116863","재킷","리넨 > 재킷","리넨 > 재킷","2","WOMEN","false","unknown","https://www.uniqlo.com/kr/ko/men_navigation","official_navigation_preloaded_taxonomies","2026-08-03T02:01:21.580Z","{""group"":""categories"",""key"":""outerwear"",""parent_count"":2}","2dad9b2eaa9e0b3966064c40708d8fff9be454662a8eba631cdaf427266f1f53"
"uniqlo","116867","116863","팬츠","리넨 > 팬츠","리넨 > 팬츠","2","WOMEN","false","unknown","https://www.uniqlo.com/kr/ko/men_navigation","official_navigation_preloaded_taxonomies","2026-08-03T02:01:21.580Z","{""group"":""categories"",""key"":""bottoms"",""parent_count"":2}","2dad9b2eaa9e0b3966064c40708d8fff9be454662a8eba631cdaf427266f1f53"
"uniqlo","116909","116863","스커트 & 원피스","리넨 > 스커트 & 원피스","리넨 > 스커트 & 원피스","2","WOMEN","false","unknown","https://www.uniqlo.com/kr/ko/men_navigation","official_navigation_preloaded_taxonomies","2026-08-03T02:01:21.580Z","{""group"":""categories"",""key"":""dresses-and-skirts"",""parent_count"":2}","2dad9b2eaa9e0b3966064c40708d8fff9be454662a8eba631cdaf427266f1f53"
"uniqlo","141909","116863","액세서리","리넨 > 액세서리","리넨 > 액세서리","2","WOMEN","false","unknown","https://www.uniqlo.com/kr/ko/men_navigation","official_navigation_preloaded_taxonomies","2026-08-03T02:01:21.580Z","{""group"":""categories"",""key"":""accessories"",""parent_count"":2}","2dad9b2eaa9e0b3966064c40708d8fff9be454662a8eba631cdaf427266f1f53"
"uniqlo","107546","107542","UNIQLO : C","Special Collaborations > UNIQLO : C","Special Collaborations > UNIQLO : C","2","WOMEN","false","unknown","https://www.uniqlo.com/kr/ko/men_navigation","official_navigation_preloaded_taxonomies","2026-08-03T02:01:21.580Z","{""group"":""categories"",""key"":""uniqlo-c"",""parent_count"":2}","2dad9b2eaa9e0b3966064c40708d8fff9be454662a8eba631cdaf427266f1f53"
"uniqlo","145182","107542","UNIQLO F.RISSO","Special Collaborations > UNIQLO F.RISSO","Special Collaborations > UNIQLO F.RISSO","2","WOMEN","false","unknown","https://www.uniqlo.com/kr/ko/men_navigation","official_navigation_preloaded_taxonomies","2026-08-03T02:01:21.580Z","{""group"":""categories"",""key"":""uniqlo-f-risso"",""parent_count"":2}","2dad9b2eaa9e0b3966064c40708d8fff9be454662a8eba631cdaf427266f1f53"
"uniqlo","143065","107542","UNIQLO and Cecilie Bahnsen","Special Collaborations > UNIQLO and Cecilie Bahnsen","Special Collaborations > UNIQLO and Cecilie Bahnsen","2","WOMEN","false","unknown","https://www.uniqlo.com/kr/ko/men_navigation","official_navigation_preloaded_taxonomies","2026-08-03T02:01:21.580Z","{""group"":""categories"",""key"":""uniqlo-and-cecilie-bahnsen"",""parent_count"":2}","2dad9b2eaa9e0b3966064c40708d8fff9be454662a8eba631cdaf427266f1f53"
"uniqlo","107545","107542","Uniqlo U","Special Collaborations > Uniqlo U","Special Collaborations > Uniqlo U","2","WOMEN","false","unknown","https://www.uniqlo.com/kr/ko/men_navigation","official_navigation_preloaded_taxonomies","2026-08-03T02:01:21.580Z","{""group"":""categories"",""key"":""uniqlo-u"",""parent_count"":2}","2dad9b2eaa9e0b3966064c40708d8fff9be454662a8eba631cdaf427266f1f53"
"uniqlo","107549","107542","UNIQLO and JW ANDERSON","Special Collaborations > UNIQLO and JW ANDERSON","Special Collaborations > UNIQLO and JW ANDERSON","2","WOMEN","false","unknown","https://www.uniqlo.com/kr/ko/men_navigation","official_navigation_preloaded_taxonomies","2026-08-03T02:01:21.580Z","{""group"":""categories"",""key"":""uniqlo-and-jw-anderson"",""parent_count"":2}","2dad9b2eaa9e0b3966064c40708d8fff9be454662a8eba631cdaf427266f1f53"
"uniqlo","113234","107542","UNIQLO and COMPTOIR DES COTONNIERS","Special Collaborations > UNIQLO and COMPTOIR DES COTONNIERS","Special Collaborations > UNIQLO and COMPTOIR DES COTONNIERS","2","WOMEN","false","unknown","https://www.uniqlo.com/kr/ko/men_navigation","official_navigation_preloaded_taxonomies","2026-08-03T02:01:21.580Z","{""group"":""categories"",""key"":""uniqlo-and-comptoir-des-cotonniers"",""parent_count"":2}","2dad9b2eaa9e0b3966064c40708d8fff9be454662a8eba631cdaf427266f1f53"
"uniqlo","124427","124424","상의","GU > 상의","GU > 상의","2","WOMEN","false","unknown","https://www.uniqlo.com/kr/ko/men_navigation","official_navigation_preloaded_taxonomies","2026-08-03T02:01:21.580Z","{""group"":""categories"",""key"":""tops"",""parent_count"":2}","2dad9b2eaa9e0b3966064c40708d8fff9be454662a8eba631cdaf427266f1f53"
"uniqlo","124429","124424","팬츠","GU > 팬츠","GU > 팬츠","2","WOMEN","false","unknown","https://www.uniqlo.com/kr/ko/men_navigation","official_navigation_preloaded_taxonomies","2026-08-03T02:01:21.580Z","{""group"":""categories"",""key"":""bottoms"",""parent_count"":2}","2dad9b2eaa9e0b3966064c40708d8fff9be454662a8eba631cdaf427266f1f53"
"uniqlo","124428","124424","원피스 & 스커트","GU > 원피스 & 스커트","GU > 원피스 & 스커트","2","WOMEN","false","unknown","https://www.uniqlo.com/kr/ko/men_navigation","official_navigation_preloaded_taxonomies","2026-08-03T02:01:21.580Z","{""group"":""categories"",""key"":""dresses-and-skirts"",""parent_count"":2}","2dad9b2eaa9e0b3966064c40708d8fff9be454662a8eba631cdaf427266f1f53"
"uniqlo","141119","124424","라운지웨어 & 홈웨어","GU > 라운지웨어 & 홈웨어","GU > 라운지웨어 & 홈웨어","2","WOMEN","false","unknown","https://www.uniqlo.com/kr/ko/men_navigation","official_navigation_preloaded_taxonomies","2026-08-03T02:01:21.580Z","{""group"":""categories"",""key"":""loungewear-and-homewear"",""parent_count"":2}","2dad9b2eaa9e0b3966064c40708d8fff9be454662a8eba631cdaf427266f1f53"
"uniqlo","58039","57967","티셔츠 (반팔 & 긴팔)","티셔츠 & 스웨트셔츠 & UT > 티셔츠 (반팔 & 긴팔)","티셔츠 & 스웨트셔츠 & UT > 티셔츠 (반팔 & 긴팔)","2","MEN","false","unknown","https://www.uniqlo.com/kr/ko/men_navigation","official_navigation_preloaded_taxonomies","2026-08-03T02:01:21.580Z","{""group"":""categories"",""key"":""t-shirts"",""parent_count"":2}","2dad9b2eaa9e0b3966064c40708d8fff9be454662a8eba631cdaf427266f1f53"
"uniqlo","58045","57967","그래픽티셔츠","티셔츠 & 스웨트셔츠 & UT > 그래픽티셔츠","티셔츠 & 스웨트셔츠 & UT > 그래픽티셔츠","2","MEN","false","unknown","https://www.uniqlo.com/kr/ko/men_navigation","official_navigation_preloaded_taxonomies","2026-08-03T02:01:21.580Z","{""group"":""categories"",""key"":""graphic-tees-ut"",""parent_count"":2}","2dad9b2eaa9e0b3966064c40708d8fff9be454662a8eba631cdaf427266f1f53"
"uniqlo","58950","57967","PEACE FOR ALL","티셔츠 & 스웨트셔츠 & UT > PEACE FOR ALL","티셔츠 & 스웨트셔츠 & UT > PEACE FOR ALL","2","MEN","false","unknown","https://www.uniqlo.com/kr/ko/men_navigation","official_navigation_preloaded_taxonomies","2026-08-03T02:01:21.580Z","{""group"":""categories"",""key"":""peace-for-all"",""parent_count"":2}","2dad9b2eaa9e0b3966064c40708d8fff9be454662a8eba631cdaf427266f1f53"
"uniqlo","58040","57967","스웨트셔츠 & 후드집업","티셔츠 & 스웨트셔츠 & UT > 스웨트셔츠 & 후드집업","티셔츠 & 스웨트셔츠 & UT > 스웨트셔츠 & 후드집업","2","MEN","false","unknown","https://www.uniqlo.com/kr/ko/men_navigation","official_navigation_preloaded_taxonomies","2026-08-03T02:01:21.580Z","{""group"":""categories"",""key"":""sweatshirts-and-hoodies"",""parent_count"":2}","2dad9b2eaa9e0b3966064c40708d8fff9be454662a8eba631cdaf427266f1f53"
"uniqlo","95359","95356","캐주얼셔츠","셔츠 > 캐주얼셔츠","셔츠 > 캐주얼셔츠","2","MEN","false","unknown","https://www.uniqlo.com/kr/ko/men_navigation","official_navigation_preloaded_taxonomies","2026-08-03T02:01:21.580Z","{""group"":""categories"",""key"":""casual-shirts"",""parent_count"":2}","2dad9b2eaa9e0b3966064c40708d8fff9be454662a8eba631cdaf427266f1f53"
"uniqlo","95360","95356","폴로셔츠 (카라티)","셔츠 > 폴로셔츠 (카라티)","셔츠 > 폴로셔츠 (카라티)","2","MEN","false","unknown","https://www.uniqlo.com/kr/ko/men_navigation","official_navigation_preloaded_taxonomies","2026-08-03T02:01:21.580Z","{""group"":""categories"",""key"":""polo-shirts"",""parent_count"":2}","2dad9b2eaa9e0b3966064c40708d8fff9be454662a8eba631cdaf427266f1f53"
"uniqlo","95358","95356","정장셔츠 (와이셔츠)","셔츠 > 정장셔츠 (와이셔츠)","셔츠 > 정장셔츠 (와이셔츠)","2","MEN","false","unknown","https://www.uniqlo.com/kr/ko/men_navigation","official_navigation_preloaded_taxonomies","2026-08-03T02:01:21.580Z","{""group"":""categories"",""key"":""dress-shirts"",""parent_count"":2}","2dad9b2eaa9e0b3966064c40708d8fff9be454662a8eba631cdaf427266f1f53"
"uniqlo","95357","95355","니트","니트 & 가디건 > 니트","니트 & 가디건 > 니트","2","MEN","false","unknown","https://www.uniqlo.com/kr/ko/men_navigation","official_navigation_preloaded_taxonomies","2026-08-03T02:01:21.580Z","{""group"":""categories"",""key"":""sweaters-and-knitwear"",""parent_count"":2}","2dad9b2eaa9e0b3966064c40708d8fff9be454662a8eba631cdaf427266f1f53"
"uniqlo","128424","95355","가디건","니트 & 가디건 > 가디건","니트 & 가디건 > 가디건","2","MEN","false","unknown","https://www.uniqlo.com/kr/ko/men_navigation","official_navigation_preloaded_taxonomies","2026-08-03T02:01:21.580Z","{""group"":""categories"",""key"":""cardigan"",""parent_count"":2}","2dad9b2eaa9e0b3966064c40708d8fff9be454662a8eba631cdaf427266f1f53"
"uniqlo","58035","57966","파카 & 블루종","아우터 > 파카 & 블루종","아우터 > 파카 & 블루종","2","MEN","false","unknown","https://www.uniqlo.com/kr/ko/men_navigation","official_navigation_preloaded_taxonomies","2026-08-03T02:01:21.580Z","{""group"":""categories"",""key"":""parkas-and-blousons"",""parent_count"":2}","2dad9b2eaa9e0b3966064c40708d8fff9be454662a8eba631cdaf427266f1f53"
"uniqlo","58036","57966","감탄 재킷","아우터 > 감탄 재킷","아우터 > 감탄 재킷","2","MEN","false","unknown","https://www.uniqlo.com/kr/ko/men_navigation","official_navigation_preloaded_taxonomies","2026-08-03T02:01:21.580Z","{""group"":""categories"",""key"":""gamtan-jackets"",""parent_count"":2}","2dad9b2eaa9e0b3966064c40708d8fff9be454662a8eba631cdaf427266f1f53"
"uniqlo","117358","57966","감탄 재킷 (CUSTOM ORDER)","아우터 > 감탄 재킷 (CUSTOM ORDER)","아우터 > 감탄 재킷 (CUSTOM ORDER)","2","MEN","false","unknown","https://www.uniqlo.com/kr/ko/men_navigation","official_navigation_preloaded_taxonomies","2026-08-03T02:01:21.580Z","{""group"":""categories"",""key"":""uniqlo-custom-order"",""parent_count"":2}","2dad9b2eaa9e0b3966064c40708d8fff9be454662a8eba631cdaf427266f1f53"
"uniqlo","58037","57966","재킷 & 블레이저","아우터 > 재킷 & 블레이저","아우터 > 재킷 & 블레이저","2","MEN","false","unknown","https://www.uniqlo.com/kr/ko/men_navigation","official_navigation_preloaded_taxonomies","2026-08-03T02:01:21.580Z","{""group"":""categories"",""key"":""jackets"",""parent_count"":2}","2dad9b2eaa9e0b3966064c40708d8fff9be454662a8eba631cdaf427266f1f53"
"uniqlo","58038","57966","경량 패딩 (PUFFTECH)","아우터 > 경량 패딩 (PUFFTECH)","아우터 > 경량 패딩 (PUFFTECH)","2","MEN","false","unknown","https://www.uniqlo.com/kr/ko/men_navigation","official_navigation_preloaded_taxonomies","2026-08-03T02:01:21.580Z","{""group"":""categories"",""key"":""pufftech-and-ultra-light-down"",""parent_count"":2}","2dad9b2eaa9e0b3966064c40708d8fff9be454662a8eba631cdaf427266f1f53"
"uniqlo","149932","57968","배럴 레그 팬츠","팬츠 > 배럴 레그 팬츠","팬츠 > 배럴 레그 팬츠","2","MEN","false","unknown","https://www.uniqlo.com/kr/ko/men_navigation","official_navigation_preloaded_taxonomies","2026-08-03T02:01:21.580Z","{""group"":""categories"",""key"":""barrel-leg-pants"",""parent_count"":2}","2dad9b2eaa9e0b3966064c40708d8fff9be454662a8eba631cdaf427266f1f53"
"uniqlo","58054","57968","쇼트 팬츠(반바지)","팬츠 > 쇼트 팬츠(반바지)","팬츠 > 쇼트 팬츠(반바지)","2","MEN","false","unknown","https://www.uniqlo.com/kr/ko/men_navigation","official_navigation_preloaded_taxonomies","2026-08-03T02:01:21.580Z","{""group"":""categories"",""key"":""short-pants"",""parent_count"":2}","2dad9b2eaa9e0b3966064c40708d8fff9be454662a8eba631cdaf427266f1f53"
"uniqlo","58046","57968","와이드 팬츠","팬츠 > 와이드 팬츠","팬츠 > 와이드 팬츠","2","MEN","false","unknown","https://www.uniqlo.com/kr/ko/men_navigation","official_navigation_preloaded_taxonomies","2026-08-03T02:01:21.580Z","{""group"":""categories"",""key"":""wide-pants"",""parent_count"":2}","2dad9b2eaa9e0b3966064c40708d8fff9be454662a8eba631cdaf427266f1f53"
"uniqlo","58049","57968","캐주얼 팬츠","팬츠 > 캐주얼 팬츠","팬츠 > 캐주얼 팬츠","2","MEN","false","unknown","https://www.uniqlo.com/kr/ko/men_navigation","official_navigation_preloaded_taxonomies","2026-08-03T02:01:21.580Z","{""group"":""categories"",""key"":""casual-pants"",""parent_count"":2}","2dad9b2eaa9e0b3966064c40708d8fff9be454662a8eba631cdaf427266f1f53"
"uniqlo","58052","57968","감탄 팬츠","팬츠 > 감탄 팬츠","팬츠 > 감탄 팬츠","2","MEN","false","unknown","https://www.uniqlo.com/kr/ko/men_navigation","official_navigation_preloaded_taxonomies","2026-08-03T02:01:21.580Z","{""group"":""categories"",""key"":""gamtan-pants"",""parent_count"":2}","2dad9b2eaa9e0b3966064c40708d8fff9be454662a8eba631cdaf427266f1f53"
"uniqlo","58048","57968","진(청바지)","팬츠 > 진(청바지)","팬츠 > 진(청바지)","2","MEN","false","unknown","https://www.uniqlo.com/kr/ko/men_navigation","official_navigation_preloaded_taxonomies","2026-08-03T02:01:21.580Z","{""group"":""categories"",""key"":""jeans"",""parent_count"":2}","2dad9b2eaa9e0b3966064c40708d8fff9be454662a8eba631cdaf427266f1f53"
"uniqlo","58050","57968","스웨트 팬츠 & 조거 팬츠","팬츠 > 스웨트 팬츠 & 조거 팬츠","팬츠 > 스웨트 팬츠 & 조거 팬츠","2","MEN","false","unknown","https://www.uniqlo.com/kr/ko/men_navigation","official_navigation_preloaded_taxonomies","2026-08-03T02:01:21.580Z","{""group"":""categories"",""key"":""sweat-pants"",""parent_count"":2}","2dad9b2eaa9e0b3966064c40708d8fff9be454662a8eba631cdaf427266f1f53"
"uniqlo","58047","57968","치노 팬츠","팬츠 > 치노 팬츠","팬츠 > 치노 팬츠","2","MEN","false","unknown","https://www.uniqlo.com/kr/ko/men_navigation","official_navigation_preloaded_taxonomies","2026-08-03T02:01:21.580Z","{""group"":""categories"",""key"":""chinos"",""parent_count"":2}","2dad9b2eaa9e0b3966064c40708d8fff9be454662a8eba631cdaf427266f1f53"
"uniqlo","58053","57968","슬랙스(트라우저)","팬츠 > 슬랙스(트라우저)","팬츠 > 슬랙스(트라우저)","2","MEN","false","unknown","https://www.uniqlo.com/kr/ko/men_navigation","official_navigation_preloaded_taxonomies","2026-08-03T02:01:21.580Z","{""group"":""categories"",""key"":""trousers"",""parent_count"":2}","2dad9b2eaa9e0b3966064c40708d8fff9be454662a8eba631cdaf427266f1f53"
"uniqlo","58061","57970","에어리즘","이너웨어 > 에어리즘","이너웨어 > 에어리즘","2","MEN","false","unknown","https://www.uniqlo.com/kr/ko/men_navigation","official_navigation_preloaded_taxonomies","2026-08-03T02:01:21.580Z","{""group"":""categories"",""key"":""airism"",""parent_count"":2}","2dad9b2eaa9e0b3966064c40708d8fff9be454662a8eba631cdaf427266f1f53"
"uniqlo","58063","57970","언더웨어","이너웨어 > 언더웨어","이너웨어 > 언더웨어","2","MEN","false","unknown","https://www.uniqlo.com/kr/ko/men_navigation","official_navigation_preloaded_taxonomies","2026-08-03T02:01:21.580Z","{""group"":""categories"",""key"":""underwear"",""parent_count"":2}","2dad9b2eaa9e0b3966064c40708d8fff9be454662a8eba631cdaf427266f1f53"
"uniqlo","58065","57970","양말","이너웨어 > 양말","이너웨어 > 양말","2","MEN","false","unknown","https://www.uniqlo.com/kr/ko/men_navigation","official_navigation_preloaded_taxonomies","2026-08-03T02:01:21.580Z","{""group"":""categories"",""key"":""socks"",""parent_count"":2}","2dad9b2eaa9e0b3966064c40708d8fff9be454662a8eba631cdaf427266f1f53"
"uniqlo","58062","57970","히트텍","이너웨어 > 히트텍","이너웨어 > 히트텍","2","MEN","false","unknown","https://www.uniqlo.com/kr/ko/men_navigation","official_navigation_preloaded_taxonomies","2026-08-03T02:01:21.580Z","{""group"":""categories"",""key"":""heattech"",""parent_count"":2}","2dad9b2eaa9e0b3966064c40708d8fff9be454662a8eba631cdaf427266f1f53"
"uniqlo","58067","57971","라운지 팬츠","라운지 팬츠 > 라운지 팬츠","라운지 팬츠 > 라운지 팬츠","2","MEN","false","unknown","https://www.uniqlo.com/kr/ko/men_navigation","official_navigation_preloaded_taxonomies","2026-08-03T02:01:21.580Z","{""group"":""categories"",""key"":""lounge-pants"",""parent_count"":2}","2dad9b2eaa9e0b3966064c40708d8fff9be454662a8eba631cdaf427266f1f53"
"uniqlo","58070","57972","가방","액세서리 > 가방","액세서리 > 가방","2","MEN","false","unknown","https://www.uniqlo.com/kr/ko/men_navigation","official_navigation_preloaded_taxonomies","2026-08-03T02:01:21.580Z","{""group"":""categories"",""key"":""bags"",""parent_count"":2}","2dad9b2eaa9e0b3966064c40708d8fff9be454662a8eba631cdaf427266f1f53"
"uniqlo","58073","57972","선글라스","액세서리 > 선글라스","액세서리 > 선글라스","2","MEN","false","unknown","https://www.uniqlo.com/kr/ko/men_navigation","official_navigation_preloaded_taxonomies","2026-08-03T02:01:21.580Z","{""group"":""categories"",""key"":""sunglasses"",""parent_count"":2}","2dad9b2eaa9e0b3966064c40708d8fff9be454662a8eba631cdaf427266f1f53"
"uniqlo","58072","57972","벨트","액세서리 > 벨트","액세서리 > 벨트","2","MEN","false","unknown","https://www.uniqlo.com/kr/ko/men_navigation","official_navigation_preloaded_taxonomies","2026-08-03T02:01:21.580Z","{""group"":""categories"",""key"":""belts"",""parent_count"":2}","2dad9b2eaa9e0b3966064c40708d8fff9be454662a8eba631cdaf427266f1f53"
"uniqlo","58071","57972","모자","액세서리 > 모자","액세서리 > 모자","2","MEN","false","unknown","https://www.uniqlo.com/kr/ko/men_navigation","official_navigation_preloaded_taxonomies","2026-08-03T02:01:21.580Z","{""group"":""categories"",""key"":""hats-and-caps"",""parent_count"":2}","2dad9b2eaa9e0b3966064c40708d8fff9be454662a8eba631cdaf427266f1f53"
"uniqlo","62413","57972","신발","액세서리 > 신발","액세서리 > 신발","2","MEN","false","unknown","https://www.uniqlo.com/kr/ko/men_navigation","official_navigation_preloaded_taxonomies","2026-08-03T02:01:21.580Z","{""group"":""categories"",""key"":""shoes"",""parent_count"":2}","2dad9b2eaa9e0b3966064c40708d8fff9be454662a8eba631cdaf427266f1f53"
"uniqlo","58074","57972","우산","액세서리 > 우산","액세서리 > 우산","2","MEN","false","unknown","https://www.uniqlo.com/kr/ko/men_navigation","official_navigation_preloaded_taxonomies","2026-08-03T02:01:21.580Z","{""group"":""categories"",""key"":""accessories"",""parent_count"":2}","2dad9b2eaa9e0b3966064c40708d8fff9be454662a8eba631cdaf427266f1f53"
"uniqlo","82089","81620","이너웨어 상의","에어리즘 > 이너웨어 상의","에어리즘 > 이너웨어 상의","2","MEN","false","unknown","https://www.uniqlo.com/kr/ko/men_navigation","official_navigation_preloaded_taxonomies","2026-08-03T02:01:21.580Z","{""group"":""categories"",""key"":""inner-tops"",""parent_count"":2}","2dad9b2eaa9e0b3966064c40708d8fff9be454662a8eba631cdaf427266f1f53"
"uniqlo","82090","81620","언더웨어","에어리즘 > 언더웨어","에어리즘 > 언더웨어","2","MEN","false","unknown","https://www.uniqlo.com/kr/ko/men_navigation","official_navigation_preloaded_taxonomies","2026-08-03T02:01:21.580Z","{""group"":""categories"",""key"":""underwear"",""parent_count"":2}","2dad9b2eaa9e0b3966064c40708d8fff9be454662a8eba631cdaf427266f1f53"
"uniqlo","82091","81620","상의","에어리즘 > 상의","에어리즘 > 상의","2","MEN","false","unknown","https://www.uniqlo.com/kr/ko/men_navigation","official_navigation_preloaded_taxonomies","2026-08-03T02:01:21.580Z","{""group"":""categories"",""key"":""tops"",""parent_count"":2}","2dad9b2eaa9e0b3966064c40708d8fff9be454662a8eba631cdaf427266f1f53"
"uniqlo","82092","81620","팬츠","에어리즘 > 팬츠","에어리즘 > 팬츠","2","MEN","false","unknown","https://www.uniqlo.com/kr/ko/men_navigation","official_navigation_preloaded_taxonomies","2026-08-03T02:01:21.580Z","{""group"":""categories"",""key"":""bottoms"",""parent_count"":2}","2dad9b2eaa9e0b3966064c40708d8fff9be454662a8eba631cdaf427266f1f53"
"uniqlo","58057","57969","상의","스포츠 유틸리티 웨어 > 상의","스포츠 유틸리티 웨어 > 상의","2","MEN","false","unknown","https://www.uniqlo.com/kr/ko/men_navigation","official_navigation_preloaded_taxonomies","2026-08-03T02:01:21.580Z","{""group"":""categories"",""key"":""tops"",""parent_count"":2}","2dad9b2eaa9e0b3966064c40708d8fff9be454662a8eba631cdaf427266f1f53"
"uniqlo","58058","57969","팬츠","스포츠 유틸리티 웨어 > 팬츠","스포츠 유틸리티 웨어 > 팬츠","2","MEN","false","unknown","https://www.uniqlo.com/kr/ko/men_navigation","official_navigation_preloaded_taxonomies","2026-08-03T02:01:21.580Z","{""group"":""categories"",""key"":""pants"",""parent_count"":2}","2dad9b2eaa9e0b3966064c40708d8fff9be454662a8eba631cdaf427266f1f53"
"uniqlo","58056","57969","아우터","스포츠 유틸리티 웨어 > 아우터","스포츠 유틸리티 웨어 > 아우터","2","MEN","false","unknown","https://www.uniqlo.com/kr/ko/men_navigation","official_navigation_preloaded_taxonomies","2026-08-03T02:01:21.580Z","{""group"":""categories"",""key"":""outerwear"",""parent_count"":2}","2dad9b2eaa9e0b3966064c40708d8fff9be454662a8eba631cdaf427266f1f53"
"uniqlo","58059","57969","이너웨어","스포츠 유틸리티 웨어 > 이너웨어","스포츠 유틸리티 웨어 > 이너웨어","2","MEN","false","unknown","https://www.uniqlo.com/kr/ko/men_navigation","official_navigation_preloaded_taxonomies","2026-08-03T02:01:21.580Z","{""group"":""categories"",""key"":""innerwear"",""parent_count"":2}","2dad9b2eaa9e0b3966064c40708d8fff9be454662a8eba631cdaf427266f1f53"
"uniqlo","58060","57969","액세서리","스포츠 유틸리티 웨어 > 액세서리","스포츠 유틸리티 웨어 > 액세서리","2","MEN","false","unknown","https://www.uniqlo.com/kr/ko/men_navigation","official_navigation_preloaded_taxonomies","2026-08-03T02:01:21.580Z","{""group"":""categories"",""key"":""accessories"",""parent_count"":2}","2dad9b2eaa9e0b3966064c40708d8fff9be454662a8eba631cdaf427266f1f53"
"uniqlo","114794","114793","파카","UV Protection > 파카","UV Protection > 파카","2","MEN","false","unknown","https://www.uniqlo.com/kr/ko/men_navigation","official_navigation_preloaded_taxonomies","2026-08-03T02:01:21.580Z","{""group"":""categories"",""key"":""outerwear"",""parent_count"":2}","2dad9b2eaa9e0b3966064c40708d8fff9be454662a8eba631cdaf427266f1f53"
"uniqlo","114796","114793","액세서리","UV Protection > 액세서리","UV Protection > 액세서리","2","MEN","false","unknown","https://www.uniqlo.com/kr/ko/men_navigation","official_navigation_preloaded_taxonomies","2026-08-03T02:01:21.580Z","{""group"":""categories"",""key"":""accessories"",""parent_count"":2}","2dad9b2eaa9e0b3966064c40708d8fff9be454662a8eba631cdaf427266f1f53"
"uniqlo","116873","116864","셔츠","리넨 > 셔츠","리넨 > 셔츠","2","MEN","false","unknown","https://www.uniqlo.com/kr/ko/men_navigation","official_navigation_preloaded_taxonomies","2026-08-03T02:01:21.580Z","{""group"":""categories"",""key"":""tops"",""parent_count"":2}","2dad9b2eaa9e0b3966064c40708d8fff9be454662a8eba631cdaf427266f1f53"
"uniqlo","116874","116864","팬츠","리넨 > 팬츠","리넨 > 팬츠","2","MEN","false","unknown","https://www.uniqlo.com/kr/ko/men_navigation","official_navigation_preloaded_taxonomies","2026-08-03T02:01:21.580Z","{""group"":""categories"",""key"":""bottoms"",""parent_count"":2}","2dad9b2eaa9e0b3966064c40708d8fff9be454662a8eba631cdaf427266f1f53"
"uniqlo","116872","116864","재킷","리넨 > 재킷","리넨 > 재킷","2","MEN","false","unknown","https://www.uniqlo.com/kr/ko/men_navigation","official_navigation_preloaded_taxonomies","2026-08-03T02:01:21.580Z","{""group"":""categories"",""key"":""outerwear"",""parent_count"":2}","2dad9b2eaa9e0b3966064c40708d8fff9be454662a8eba631cdaf427266f1f53"
"uniqlo","107551","107543","UNIQLO : C","Special Collaborations > UNIQLO : C","Special Collaborations > UNIQLO : C","2","MEN","false","unknown","https://www.uniqlo.com/kr/ko/men_navigation","official_navigation_preloaded_taxonomies","2026-08-03T02:01:21.580Z","{""group"":""categories"",""key"":""uniqlo-c"",""parent_count"":2}","2dad9b2eaa9e0b3966064c40708d8fff9be454662a8eba631cdaf427266f1f53"
"uniqlo","145183","107543","UNIQLO F.RISSO","Special Collaborations > UNIQLO F.RISSO","Special Collaborations > UNIQLO F.RISSO","2","MEN","false","unknown","https://www.uniqlo.com/kr/ko/men_navigation","official_navigation_preloaded_taxonomies","2026-08-03T02:01:21.580Z","{""group"":""categories"",""key"":""uniqlo-f-risso"",""parent_count"":2}","2dad9b2eaa9e0b3966064c40708d8fff9be454662a8eba631cdaf427266f1f53"
"uniqlo","107550","107543","Uniqlo U","Special Collaborations > Uniqlo U","Special Collaborations > Uniqlo U","2","MEN","false","unknown","https://www.uniqlo.com/kr/ko/men_navigation","official_navigation_preloaded_taxonomies","2026-08-03T02:01:21.580Z","{""group"":""categories"",""key"":""uniqlo-u"",""parent_count"":2}","2dad9b2eaa9e0b3966064c40708d8fff9be454662a8eba631cdaf427266f1f53"
"uniqlo","107552","107543","UNIQLO and JW ANDERSON","Special Collaborations > UNIQLO and JW ANDERSON","Special Collaborations > UNIQLO and JW ANDERSON","2","MEN","false","unknown","https://www.uniqlo.com/kr/ko/men_navigation","official_navigation_preloaded_taxonomies","2026-08-03T02:01:21.580Z","{""group"":""categories"",""key"":""uniqlo-and-jw-anderson"",""parent_count"":2}","2dad9b2eaa9e0b3966064c40708d8fff9be454662a8eba631cdaf427266f1f53"
"uniqlo","140769","107543","The Roger Federer Collection","Special Collaborations > The Roger Federer Collection","Special Collaborations > The Roger Federer Collection","2","MEN","false","unknown","https://www.uniqlo.com/kr/ko/men_navigation","official_navigation_preloaded_taxonomies","2026-08-03T02:01:21.580Z","{""group"":""categories"",""key"":""the-roger-federer-collection"",""parent_count"":2}","2dad9b2eaa9e0b3966064c40708d8fff9be454662a8eba631cdaf427266f1f53"
"uniqlo","124431","124425","상의","GU > 상의","GU > 상의","2","MEN","false","unknown","https://www.uniqlo.com/kr/ko/men_navigation","official_navigation_preloaded_taxonomies","2026-08-03T02:01:21.580Z","{""group"":""categories"",""key"":""tops"",""parent_count"":2}","2dad9b2eaa9e0b3966064c40708d8fff9be454662a8eba631cdaf427266f1f53"
"uniqlo","124432","124425","팬츠","GU > 팬츠","GU > 팬츠","2","MEN","false","unknown","https://www.uniqlo.com/kr/ko/men_navigation","official_navigation_preloaded_taxonomies","2026-08-03T02:01:21.580Z","{""group"":""categories"",""key"":""bottoms"",""parent_count"":2}","2dad9b2eaa9e0b3966064c40708d8fff9be454662a8eba631cdaf427266f1f53"
"uniqlo","139039","124425","라운지웨어 & 홈웨어","GU > 라운지웨어 & 홈웨어","GU > 라운지웨어 & 홈웨어","2","MEN","false","unknown","https://www.uniqlo.com/kr/ko/men_navigation","official_navigation_preloaded_taxonomies","2026-08-03T02:01:21.580Z","{""group"":""categories"",""key"":""loungewear-and-homewear"",""parent_count"":2}","2dad9b2eaa9e0b3966064c40708d8fff9be454662a8eba631cdaf427266f1f53"
"uniqlo","58078","57974","티셔츠 (반팔 & 긴팔)","티셔츠 & UT > 티셔츠 (반팔 & 긴팔)","티셔츠 & UT > 티셔츠 (반팔 & 긴팔)","2","KIDS","false","unknown","https://www.uniqlo.com/kr/ko/men_navigation","official_navigation_preloaded_taxonomies","2026-08-03T02:01:21.580Z","{""group"":""categories"",""key"":""t-shirts"",""parent_count"":2}","2dad9b2eaa9e0b3966064c40708d8fff9be454662a8eba631cdaf427266f1f53"
"uniqlo","58081","57974","그래픽티셔츠","티셔츠 & UT > 그래픽티셔츠","티셔츠 & UT > 그래픽티셔츠","2","KIDS","false","unknown","https://www.uniqlo.com/kr/ko/men_navigation","official_navigation_preloaded_taxonomies","2026-08-03T02:01:21.580Z","{""group"":""categories"",""key"":""ut-graphic-tees"",""parent_count"":2}","2dad9b2eaa9e0b3966064c40708d8fff9be454662a8eba631cdaf427266f1f53"
"uniqlo","58077","57974","스웨트셔츠 & 후드티","티셔츠 & UT > 스웨트셔츠 & 후드티","티셔츠 & UT > 스웨트셔츠 & 후드티","2","KIDS","false","unknown","https://www.uniqlo.com/kr/ko/men_navigation","official_navigation_preloaded_taxonomies","2026-08-03T02:01:21.580Z","{""group"":""categories"",""key"":""sweatshirts-and-hoodies"",""parent_count"":2}","2dad9b2eaa9e0b3966064c40708d8fff9be454662a8eba631cdaf427266f1f53"
"uniqlo","58084","57975","반바지","청바지 & 팬츠 > 반바지","청바지 & 팬츠 > 반바지","2","KIDS","false","unknown","https://www.uniqlo.com/kr/ko/men_navigation","official_navigation_preloaded_taxonomies","2026-08-03T02:01:21.580Z","{""group"":""categories"",""key"":""short-pants"",""parent_count"":2}","2dad9b2eaa9e0b3966064c40708d8fff9be454662a8eba631cdaf427266f1f53"
"uniqlo","58082","57975","청바지 & 팬츠","청바지 & 팬츠 > 청바지 & 팬츠","청바지 & 팬츠 > 청바지 & 팬츠","2","KIDS","false","unknown","https://www.uniqlo.com/kr/ko/men_navigation","official_navigation_preloaded_taxonomies","2026-08-03T02:01:21.580Z","{""group"":""categories"",""key"":""pants"",""parent_count"":2}","2dad9b2eaa9e0b3966064c40708d8fff9be454662a8eba631cdaf427266f1f53"
"uniqlo","105469","57976","스커트","원피스 & 스커트 > 스커트","원피스 & 스커트 > 스커트","2","KIDS","false","unknown","https://www.uniqlo.com/kr/ko/men_navigation","official_navigation_preloaded_taxonomies","2026-08-03T02:01:21.580Z","{""group"":""categories"",""key"":""skirt"",""parent_count"":2}","2dad9b2eaa9e0b3966064c40708d8fff9be454662a8eba631cdaf427266f1f53"
"uniqlo","58085","57976","원피스","원피스 & 스커트 > 원피스","원피스 & 스커트 > 원피스","2","KIDS","false","unknown","https://www.uniqlo.com/kr/ko/men_navigation","official_navigation_preloaded_taxonomies","2026-08-03T02:01:21.580Z","{""group"":""categories"",""key"":""dresses"",""parent_count"":2}","2dad9b2eaa9e0b3966064c40708d8fff9be454662a8eba631cdaf427266f1f53"
"uniqlo","100067","100066","니트","니트 & 셔츠 > 니트","니트 & 셔츠 > 니트","2","KIDS","false","unknown","https://www.uniqlo.com/kr/ko/men_navigation","official_navigation_preloaded_taxonomies","2026-08-03T02:01:21.580Z","{""group"":""categories"",""key"":""sweaters"",""parent_count"":2}","2dad9b2eaa9e0b3966064c40708d8fff9be454662a8eba631cdaf427266f1f53"
"uniqlo","100068","100066","셔츠","니트 & 셔츠 > 셔츠","니트 & 셔츠 > 셔츠","2","KIDS","false","unknown","https://www.uniqlo.com/kr/ko/men_navigation","official_navigation_preloaded_taxonomies","2026-08-03T02:01:21.580Z","{""group"":""categories"",""key"":""shirts"",""parent_count"":2}","2dad9b2eaa9e0b3966064c40708d8fff9be454662a8eba631cdaf427266f1f53"
"uniqlo","58075","57973","재킷 & 파카","아우터 > 재킷 & 파카","아우터 > 재킷 & 파카","2","KIDS","false","unknown","https://www.uniqlo.com/kr/ko/men_navigation","official_navigation_preloaded_taxonomies","2026-08-03T02:01:21.580Z","{""group"":""categories"",""key"":""parkas-and-blousons"",""parent_count"":2}","2dad9b2eaa9e0b3966064c40708d8fff9be454662a8eba631cdaf427266f1f53"
"uniqlo","58091","57978","에어리즘","이너웨어 > 에어리즘","이너웨어 > 에어리즘","2","KIDS","false","unknown","https://www.uniqlo.com/kr/ko/men_navigation","official_navigation_preloaded_taxonomies","2026-08-03T02:01:21.580Z","{""group"":""categories"",""key"":""airism"",""parent_count"":2}","2dad9b2eaa9e0b3966064c40708d8fff9be454662a8eba631cdaf427266f1f53"
"uniqlo","58093","57978","주니어브라 & 브라탑","이너웨어 > 주니어브라 & 브라탑","이너웨어 > 주니어브라 & 브라탑","2","KIDS","false","unknown","https://www.uniqlo.com/kr/ko/men_navigation","official_navigation_preloaded_taxonomies","2026-08-03T02:01:21.580Z","{""group"":""categories"",""key"":""bras-and-bra-tops"",""parent_count"":2}","2dad9b2eaa9e0b3966064c40708d8fff9be454662a8eba631cdaf427266f1f53"
"uniqlo","136619","57978","코튼 이너","이너웨어 > 코튼 이너","이너웨어 > 코튼 이너","2","KIDS","false","unknown","https://www.uniqlo.com/kr/ko/men_navigation","official_navigation_preloaded_taxonomies","2026-08-03T02:01:21.580Z","{""group"":""categories"",""key"":""cotton-innerwear"",""parent_count"":2}","2dad9b2eaa9e0b3966064c40708d8fff9be454662a8eba631cdaf427266f1f53"
"uniqlo","58095","57978","언더웨어","이너웨어 > 언더웨어","이너웨어 > 언더웨어","2","KIDS","false","unknown","https://www.uniqlo.com/kr/ko/men_navigation","official_navigation_preloaded_taxonomies","2026-08-03T02:01:21.580Z","{""group"":""categories"",""key"":""underwear"",""parent_count"":2}","2dad9b2eaa9e0b3966064c40708d8fff9be454662a8eba631cdaf427266f1f53"
"uniqlo","58096","57978","양말","이너웨어 > 양말","이너웨어 > 양말","2","KIDS","false","unknown","https://www.uniqlo.com/kr/ko/men_navigation","official_navigation_preloaded_taxonomies","2026-08-03T02:01:21.580Z","{""group"":""categories"",""key"":""socks"",""parent_count"":2}","2dad9b2eaa9e0b3966064c40708d8fff9be454662a8eba631cdaf427266f1f53"
"uniqlo","58092","57978","히트텍","이너웨어 > 히트텍","이너웨어 > 히트텍","2","KIDS","false","unknown","https://www.uniqlo.com/kr/ko/men_navigation","official_navigation_preloaded_taxonomies","2026-08-03T02:01:21.580Z","{""group"":""categories"",""key"":""heattech"",""parent_count"":2}","2dad9b2eaa9e0b3966064c40708d8fff9be454662a8eba631cdaf427266f1f53"
"uniqlo","58094","57978","레깅스 & 타이즈","이너웨어 > 레깅스 & 타이즈","이너웨어 > 레깅스 & 타이즈","2","KIDS","false","unknown","https://www.uniqlo.com/kr/ko/men_navigation","official_navigation_preloaded_taxonomies","2026-08-03T02:01:21.580Z","{""group"":""categories"",""key"":""leggings-and-tights"",""parent_count"":2}","2dad9b2eaa9e0b3966064c40708d8fff9be454662a8eba631cdaf427266f1f53"
"uniqlo","59411","59410","액세서리","액세서리 > 액세서리","액세서리 > 액세서리","2","KIDS","false","unknown","https://www.uniqlo.com/kr/ko/men_navigation","official_navigation_preloaded_taxonomies","2026-08-03T02:01:21.580Z","{""group"":""categories"",""key"":""accessories"",""parent_count"":2}","2dad9b2eaa9e0b3966064c40708d8fff9be454662a8eba631cdaf427266f1f53"
"uniqlo","82094","81621","이너웨어 상의","에어리즘 > 이너웨어 상의","에어리즘 > 이너웨어 상의","2","KIDS","false","unknown","https://www.uniqlo.com/kr/ko/men_navigation","official_navigation_preloaded_taxonomies","2026-08-03T02:01:21.580Z","{""group"":""categories"",""key"":""innerwear-tops"",""parent_count"":2}","2dad9b2eaa9e0b3966064c40708d8fff9be454662a8eba631cdaf427266f1f53"
"uniqlo","82095","81621","주니어브라 & 브라탑","에어리즘 > 주니어브라 & 브라탑","에어리즘 > 주니어브라 & 브라탑","2","KIDS","false","unknown","https://www.uniqlo.com/kr/ko/men_navigation","official_navigation_preloaded_taxonomies","2026-08-03T02:01:21.580Z","{""group"":""categories"",""key"":""bras-and-bra-tops"",""parent_count"":2}","2dad9b2eaa9e0b3966064c40708d8fff9be454662a8eba631cdaf427266f1f53"
"uniqlo","82096","81621","티셔츠","에어리즘 > 티셔츠","에어리즘 > 티셔츠","2","KIDS","false","unknown","https://www.uniqlo.com/kr/ko/men_navigation","official_navigation_preloaded_taxonomies","2026-08-03T02:01:21.580Z","{""group"":""categories"",""key"":""tops"",""parent_count"":2}","2dad9b2eaa9e0b3966064c40708d8fff9be454662a8eba631cdaf427266f1f53"
"uniqlo","82097","81621","팬츠","에어리즘 > 팬츠","에어리즘 > 팬츠","2","KIDS","false","unknown","https://www.uniqlo.com/kr/ko/men_navigation","official_navigation_preloaded_taxonomies","2026-08-03T02:01:21.580Z","{""group"":""categories"",""key"":""bottoms"",""parent_count"":2}","2dad9b2eaa9e0b3966064c40708d8fff9be454662a8eba631cdaf427266f1f53"
"uniqlo","86272","81621","언더웨어","에어리즘 > 언더웨어","에어리즘 > 언더웨어","2","KIDS","false","unknown","https://www.uniqlo.com/kr/ko/men_navigation","official_navigation_preloaded_taxonomies","2026-08-03T02:01:21.580Z","{""group"":""categories"",""key"":""innerwear"",""parent_count"":2}","2dad9b2eaa9e0b3966064c40708d8fff9be454662a8eba631cdaf427266f1f53"
"uniqlo","58088","57977","상의","스포츠 유틸리티 웨어 > 상의","스포츠 유틸리티 웨어 > 상의","2","KIDS","false","unknown","https://www.uniqlo.com/kr/ko/men_navigation","official_navigation_preloaded_taxonomies","2026-08-03T02:01:21.580Z","{""group"":""categories"",""key"":""tops"",""parent_count"":2}","2dad9b2eaa9e0b3966064c40708d8fff9be454662a8eba631cdaf427266f1f53"
"uniqlo","58089","57977","하의","스포츠 유틸리티 웨어 > 하의","스포츠 유틸리티 웨어 > 하의","2","KIDS","false","unknown","https://www.uniqlo.com/kr/ko/men_navigation","official_navigation_preloaded_taxonomies","2026-08-03T02:01:21.580Z","{""group"":""categories"",""key"":""bottoms"",""parent_count"":2}","2dad9b2eaa9e0b3966064c40708d8fff9be454662a8eba631cdaf427266f1f53"
"uniqlo","58087","57977","아우터","스포츠 유틸리티 웨어 > 아우터","스포츠 유틸리티 웨어 > 아우터","2","KIDS","false","unknown","https://www.uniqlo.com/kr/ko/men_navigation","official_navigation_preloaded_taxonomies","2026-08-03T02:01:21.580Z","{""group"":""categories"",""key"":""outerwear"",""parent_count"":2}","2dad9b2eaa9e0b3966064c40708d8fff9be454662a8eba631cdaf427266f1f53"
"uniqlo","58090","57977","이너웨어","스포츠 유틸리티 웨어 > 이너웨어","스포츠 유틸리티 웨어 > 이너웨어","2","KIDS","false","unknown","https://www.uniqlo.com/kr/ko/men_navigation","official_navigation_preloaded_taxonomies","2026-08-03T02:01:21.580Z","{""group"":""categories"",""key"":""innerwear"",""parent_count"":2}","2dad9b2eaa9e0b3966064c40708d8fff9be454662a8eba631cdaf427266f1f53"
"uniqlo","59610","57977","액세서리","스포츠 유틸리티 웨어 > 액세서리","스포츠 유틸리티 웨어 > 액세서리","2","KIDS","false","unknown","https://www.uniqlo.com/kr/ko/men_navigation","official_navigation_preloaded_taxonomies","2026-08-03T02:01:21.580Z","{""group"":""categories"",""key"":""accessories"",""parent_count"":2}","2dad9b2eaa9e0b3966064c40708d8fff9be454662a8eba631cdaf427266f1f53"
"uniqlo","114798","114797","파카","UV Protection > 파카","UV Protection > 파카","2","KIDS","false","unknown","https://www.uniqlo.com/kr/ko/men_navigation","official_navigation_preloaded_taxonomies","2026-08-03T02:01:21.580Z","{""group"":""categories"",""key"":""outerwear"",""parent_count"":2}","2dad9b2eaa9e0b3966064c40708d8fff9be454662a8eba631cdaf427266f1f53"
"uniqlo","139702","114797","액세서리","UV Protection > 액세서리","UV Protection > 액세서리","2","KIDS","false","unknown","https://www.uniqlo.com/kr/ko/men_navigation","official_navigation_preloaded_taxonomies","2026-08-03T02:01:21.580Z","{""group"":""categories"",""key"":""accessories"",""parent_count"":2}","2dad9b2eaa9e0b3966064c40708d8fff9be454662a8eba631cdaf427266f1f53"
"uniqlo","143066","107544","UNIQLO and Cecilie Bahnsen","Special Collaborations > UNIQLO and Cecilie Bahnsen","Special Collaborations > UNIQLO and Cecilie Bahnsen","2","KIDS","false","unknown","https://www.uniqlo.com/kr/ko/men_navigation","official_navigation_preloaded_taxonomies","2026-08-03T02:01:21.580Z","{""group"":""categories"",""key"":""uniqlo-and-cecilie-bahnsen"",""parent_count"":2}","2dad9b2eaa9e0b3966064c40708d8fff9be454662a8eba631cdaf427266f1f53"
"uniqlo","58102","57980","바디수트","신생아(0개월~2세) > 바디수트","신생아(0개월~2세) > 바디수트","2","BABY","false","unknown","https://www.uniqlo.com/kr/ko/men_navigation","official_navigation_preloaded_taxonomies","2026-08-03T02:01:21.580Z","{""group"":""categories"",""key"":""bodysuits"",""parent_count"":2}","2dad9b2eaa9e0b3966064c40708d8fff9be454662a8eba631cdaf427266f1f53"
"uniqlo","58101","57980","커버올","신생아(0개월~2세) > 커버올","신생아(0개월~2세) > 커버올","2","BABY","false","unknown","https://www.uniqlo.com/kr/ko/men_navigation","official_navigation_preloaded_taxonomies","2026-08-03T02:01:21.580Z","{""group"":""categories"",""key"":""one-pieces"",""parent_count"":2}","2dad9b2eaa9e0b3966064c40708d8fff9be454662a8eba631cdaf427266f1f53"
"uniqlo","58104","57980","티셔츠 & 스웨트셔츠","신생아(0개월~2세) > 티셔츠 & 스웨트셔츠","신생아(0개월~2세) > 티셔츠 & 스웨트셔츠","2","BABY","false","unknown","https://www.uniqlo.com/kr/ko/men_navigation","official_navigation_preloaded_taxonomies","2026-08-03T02:01:21.580Z","{""group"":""categories"",""key"":""tops"",""parent_count"":2}","2dad9b2eaa9e0b3966064c40708d8fff9be454662a8eba631cdaf427266f1f53"
"uniqlo","58105","57980","레깅스 & 팬츠","신생아(0개월~2세) > 레깅스 & 팬츠","신생아(0개월~2세) > 레깅스 & 팬츠","2","BABY","false","unknown","https://www.uniqlo.com/kr/ko/men_navigation","official_navigation_preloaded_taxonomies","2026-08-03T02:01:21.580Z","{""group"":""categories"",""key"":""pants-and-leggings"",""parent_count"":2}","2dad9b2eaa9e0b3966064c40708d8fff9be454662a8eba631cdaf427266f1f53"
"uniqlo","112672","57980","이너웨어","신생아(0개월~2세) > 이너웨어","신생아(0개월~2세) > 이너웨어","2","BABY","false","unknown","https://www.uniqlo.com/kr/ko/men_navigation","official_navigation_preloaded_taxonomies","2026-08-03T02:01:21.580Z","{""group"":""categories"",""key"":""innerwear"",""parent_count"":2}","2dad9b2eaa9e0b3966064c40708d8fff9be454662a8eba631cdaf427266f1f53"
"uniqlo","58106","57980","그래픽티셔츠","신생아(0개월~2세) > 그래픽티셔츠","신생아(0개월~2세) > 그래픽티셔츠","2","BABY","false","unknown","https://www.uniqlo.com/kr/ko/men_navigation","official_navigation_preloaded_taxonomies","2026-08-03T02:01:21.580Z","{""group"":""categories"",""key"":""ut-graphic-tees"",""parent_count"":2}","2dad9b2eaa9e0b3966064c40708d8fff9be454662a8eba631cdaf427266f1f53"
"uniqlo","58103","57980","아우터","신생아(0개월~2세) > 아우터","신생아(0개월~2세) > 아우터","2","BABY","false","unknown","https://www.uniqlo.com/kr/ko/men_navigation","official_navigation_preloaded_taxonomies","2026-08-03T02:01:21.580Z","{""group"":""categories"",""key"":""outerwear"",""parent_count"":2}","2dad9b2eaa9e0b3966064c40708d8fff9be454662a8eba631cdaf427266f1f53"
"uniqlo","58108","57980","양말","신생아(0개월~2세) > 양말","신생아(0개월~2세) > 양말","2","BABY","false","unknown","https://www.uniqlo.com/kr/ko/men_navigation","official_navigation_preloaded_taxonomies","2026-08-03T02:01:21.580Z","{""group"":""categories"",""key"":""socks"",""parent_count"":2}","2dad9b2eaa9e0b3966064c40708d8fff9be454662a8eba631cdaf427266f1f53"
"uniqlo","58115","57981","홈웨어 & 파자마","영유아(6개월~5세) > 홈웨어 & 파자마","영유아(6개월~5세) > 홈웨어 & 파자마","2","BABY","false","unknown","https://www.uniqlo.com/kr/ko/men_navigation","official_navigation_preloaded_taxonomies","2026-08-03T02:01:21.580Z","{""group"":""categories"",""key"":""homewear"",""parent_count"":2}","2dad9b2eaa9e0b3966064c40708d8fff9be454662a8eba631cdaf427266f1f53"
"uniqlo","58111","57981","티셔츠 & 스웨트셔츠","영유아(6개월~5세) > 티셔츠 & 스웨트셔츠","영유아(6개월~5세) > 티셔츠 & 스웨트셔츠","2","BABY","false","unknown","https://www.uniqlo.com/kr/ko/men_navigation","official_navigation_preloaded_taxonomies","2026-08-03T02:01:21.580Z","{""group"":""categories"",""key"":""tops"",""parent_count"":2}","2dad9b2eaa9e0b3966064c40708d8fff9be454662a8eba631cdaf427266f1f53"
"uniqlo","58113","57981","레깅스 & 팬츠","영유아(6개월~5세) > 레깅스 & 팬츠","영유아(6개월~5세) > 레깅스 & 팬츠","2","BABY","false","unknown","https://www.uniqlo.com/kr/ko/men_navigation","official_navigation_preloaded_taxonomies","2026-08-03T02:01:21.580Z","{""group"":""categories"",""key"":""pants-and-leggings"",""parent_count"":2}","2dad9b2eaa9e0b3966064c40708d8fff9be454662a8eba631cdaf427266f1f53"
"uniqlo","58116","57981","이너웨어","영유아(6개월~5세) > 이너웨어","영유아(6개월~5세) > 이너웨어","2","BABY","false","unknown","https://www.uniqlo.com/kr/ko/men_navigation","official_navigation_preloaded_taxonomies","2026-08-03T02:01:21.580Z","{""group"":""categories"",""key"":""innerwear"",""parent_count"":2}","2dad9b2eaa9e0b3966064c40708d8fff9be454662a8eba631cdaf427266f1f53"
"uniqlo","58110","57981","아우터","영유아(6개월~5세) > 아우터","영유아(6개월~5세) > 아우터","2","BABY","false","unknown","https://www.uniqlo.com/kr/ko/men_navigation","official_navigation_preloaded_taxonomies","2026-08-03T02:01:21.580Z","{""group"":""categories"",""key"":""outerwear"",""parent_count"":2}","2dad9b2eaa9e0b3966064c40708d8fff9be454662a8eba631cdaf427266f1f53"
"uniqlo","58112","57981","그래픽티셔츠","영유아(6개월~5세) > 그래픽티셔츠","영유아(6개월~5세) > 그래픽티셔츠","2","BABY","false","unknown","https://www.uniqlo.com/kr/ko/men_navigation","official_navigation_preloaded_taxonomies","2026-08-03T02:01:21.580Z","{""group"":""categories"",""key"":""ut-graphic-tees"",""parent_count"":2}","2dad9b2eaa9e0b3966064c40708d8fff9be454662a8eba631cdaf427266f1f53"
"uniqlo","58117","57981","양말","영유아(6개월~5세) > 양말","영유아(6개월~5세) > 양말","2","BABY","false","unknown","https://www.uniqlo.com/kr/ko/men_navigation","official_navigation_preloaded_taxonomies","2026-08-03T02:01:21.580Z","{""group"":""categories"",""key"":""socks"",""parent_count"":2}","2dad9b2eaa9e0b3966064c40708d8fff9be454662a8eba631cdaf427266f1f53"
"uniqlo","98276","57995","미니T","티셔츠 & UT > 티셔츠 (반팔 & 긴팔) > 미니T","티셔츠 & UT > 티셔츠 (반팔 & 긴팔) > 미니T","3","WOMEN","true","unknown","https://www.uniqlo.com/kr/ko/men_navigation","official_navigation_preloaded_taxonomies","2026-08-03T02:01:21.580Z","{""group"":""subcategories"",""key"":""cropped"",""parent_count"":3}","2dad9b2eaa9e0b3966064c40708d8fff9be454662a8eba631cdaf427266f1f53"
"uniqlo","58145","57995","슬리브리스","티셔츠 & UT > 티셔츠 (반팔 & 긴팔) > 슬리브리스","티셔츠 & UT > 티셔츠 (반팔 & 긴팔) > 슬리브리스","3","WOMEN","true","unknown","https://www.uniqlo.com/kr/ko/men_navigation","official_navigation_preloaded_taxonomies","2026-08-03T02:01:21.580Z","{""group"":""subcategories"",""key"":""sleeveless"",""parent_count"":3}","2dad9b2eaa9e0b3966064c40708d8fff9be454662a8eba631cdaf427266f1f53"
"uniqlo","58144","57995","반팔","티셔츠 & UT > 티셔츠 (반팔 & 긴팔) > 반팔","티셔츠 & UT > 티셔츠 (반팔 & 긴팔) > 반팔","3","WOMEN","true","unknown","https://www.uniqlo.com/kr/ko/men_navigation","official_navigation_preloaded_taxonomies","2026-08-03T02:01:21.580Z","{""group"":""subcategories"",""key"":""half-sleeve"",""parent_count"":3}","2dad9b2eaa9e0b3966064c40708d8fff9be454662a8eba631cdaf427266f1f53"
"uniqlo","58142","57995","긴팔","티셔츠 & UT > 티셔츠 (반팔 & 긴팔) > 긴팔","티셔츠 & UT > 티셔츠 (반팔 & 긴팔) > 긴팔","3","WOMEN","true","unknown","https://www.uniqlo.com/kr/ko/men_navigation","official_navigation_preloaded_taxonomies","2026-08-03T02:01:21.580Z","{""group"":""subcategories"",""key"":""long-sleeve"",""parent_count"":3}","2dad9b2eaa9e0b3966064c40708d8fff9be454662a8eba631cdaf427266f1f53"
"uniqlo","149177","57995","슬림","티셔츠 & UT > 티셔츠 (반팔 & 긴팔) > 슬림","티셔츠 & UT > 티셔츠 (반팔 & 긴팔) > 슬림","3","WOMEN","true","unknown","https://www.uniqlo.com/kr/ko/men_navigation","official_navigation_preloaded_taxonomies","2026-08-03T02:01:21.580Z","{""group"":""subcategories"",""key"":""slim"",""parent_count"":3}","2dad9b2eaa9e0b3966064c40708d8fff9be454662a8eba631cdaf427266f1f53"
"uniqlo","149178","57995","레귤러","티셔츠 & UT > 티셔츠 (반팔 & 긴팔) > 레귤러","티셔츠 & UT > 티셔츠 (반팔 & 긴팔) > 레귤러","3","WOMEN","true","unknown","https://www.uniqlo.com/kr/ko/men_navigation","official_navigation_preloaded_taxonomies","2026-08-03T02:01:21.580Z","{""group"":""subcategories"",""key"":""regular"",""parent_count"":3}","2dad9b2eaa9e0b3966064c40708d8fff9be454662a8eba631cdaf427266f1f53"
"uniqlo","58147","57995","그 외","티셔츠 & UT > 티셔츠 (반팔 & 긴팔) > 그 외","티셔츠 & UT > 티셔츠 (반팔 & 긴팔) > 그 외","3","WOMEN","true","unknown","https://www.uniqlo.com/kr/ko/men_navigation","official_navigation_preloaded_taxonomies","2026-08-03T02:01:21.580Z","{""group"":""subcategories"",""key"":""others"",""parent_count"":3}","2dad9b2eaa9e0b3966064c40708d8fff9be454662a8eba631cdaf427266f1f53"
"uniqlo","79210","57995","코튼","티셔츠 & UT > 티셔츠 (반팔 & 긴팔) > 코튼","티셔츠 & UT > 티셔츠 (반팔 & 긴팔) > 코튼","3","WOMEN","true","unknown","https://www.uniqlo.com/kr/ko/men_navigation","official_navigation_preloaded_taxonomies","2026-08-03T02:01:21.580Z","{""group"":""subcategories"",""key"":""cotton"",""parent_count"":3}","2dad9b2eaa9e0b3966064c40708d8fff9be454662a8eba631cdaf427266f1f53"
"uniqlo","58141","57995","립","티셔츠 & UT > 티셔츠 (반팔 & 긴팔) > 립","티셔츠 & UT > 티셔츠 (반팔 & 긴팔) > 립","3","WOMEN","true","unknown","https://www.uniqlo.com/kr/ko/men_navigation","official_navigation_preloaded_taxonomies","2026-08-03T02:01:21.580Z","{""group"":""subcategories"",""key"":""rib"",""parent_count"":3}","2dad9b2eaa9e0b3966064c40708d8fff9be454662a8eba631cdaf427266f1f53"
"uniqlo","58140","57995","AIRism","티셔츠 & UT > 티셔츠 (반팔 & 긴팔) > AIRism","티셔츠 & UT > 티셔츠 (반팔 & 긴팔) > AIRism","3","WOMEN","true","unknown","https://www.uniqlo.com/kr/ko/men_navigation","official_navigation_preloaded_taxonomies","2026-08-03T02:01:21.580Z","{""group"":""subcategories"",""key"":""airism"",""parent_count"":3}","2dad9b2eaa9e0b3966064c40708d8fff9be454662a8eba631cdaf427266f1f53"
"uniqlo","58146","57995","유니섹스","티셔츠 & UT > 티셔츠 (반팔 & 긴팔) > 유니섹스","티셔츠 & UT > 티셔츠 (반팔 & 긴팔) > 유니섹스","3","WOMEN","true","unknown","https://www.uniqlo.com/kr/ko/men_navigation","official_navigation_preloaded_taxonomies","2026-08-03T02:01:21.580Z","{""group"":""subcategories"",""key"":""unisex"",""parent_count"":3}","2dad9b2eaa9e0b3966064c40708d8fff9be454662a8eba631cdaf427266f1f53"
"uniqlo","98273","57995","히트텍 후리스","티셔츠 & UT > 티셔츠 (반팔 & 긴팔) > 히트텍 후리스","티셔츠 & UT > 티셔츠 (반팔 & 긴팔) > 히트텍 후리스","3","WOMEN","true","unknown","https://www.uniqlo.com/kr/ko/men_navigation","official_navigation_preloaded_taxonomies","2026-08-03T02:01:21.580Z","{""group"":""subcategories"",""key"":""heattech-fleece"",""parent_count"":3}","2dad9b2eaa9e0b3966064c40708d8fff9be454662a8eba631cdaf427266f1f53"
"uniqlo","98277","57995","터틀넥 & 하이넥","티셔츠 & UT > 티셔츠 (반팔 & 긴팔) > 터틀넥 & 하이넥","티셔츠 & UT > 티셔츠 (반팔 & 긴팔) > 터틀넥 & 하이넥","3","WOMEN","true","unknown","https://www.uniqlo.com/kr/ko/men_navigation","official_navigation_preloaded_taxonomies","2026-08-03T02:01:21.580Z","{""group"":""subcategories"",""key"":""turtle-and-high-neck"",""parent_count"":3}","2dad9b2eaa9e0b3966064c40708d8fff9be454662a8eba631cdaf427266f1f53"
"uniqlo","58135","57995","GU","티셔츠 & UT > 티셔츠 (반팔 & 긴팔) > GU","티셔츠 & UT > 티셔츠 (반팔 & 긴팔) > GU","3","WOMEN","true","unknown","https://www.uniqlo.com/kr/ko/men_navigation","official_navigation_preloaded_taxonomies","2026-08-03T02:01:21.580Z","{""group"":""subcategories"",""key"":""gu"",""parent_count"":3}","2dad9b2eaa9e0b3966064c40708d8fff9be454662a8eba631cdaf427266f1f53"
"uniqlo","149179","57995","릴랙스","티셔츠 & UT > 티셔츠 (반팔 & 긴팔) > 릴랙스","티셔츠 & UT > 티셔츠 (반팔 & 긴팔) > 릴랙스","3","WOMEN","true","unknown","https://www.uniqlo.com/kr/ko/men_navigation","official_navigation_preloaded_taxonomies","2026-08-03T02:01:21.580Z","{""group"":""subcategories"",""key"":""relax"",""parent_count"":3}","2dad9b2eaa9e0b3966064c40708d8fff9be454662a8eba631cdaf427266f1f53"
"uniqlo","146993","58001","CHIIKAWA","티셔츠 & UT > 그래픽티셔츠 > CHIIKAWA","티셔츠 & UT > 그래픽티셔츠 > CHIIKAWA","3","WOMEN","true","unknown","https://www.uniqlo.com/kr/ko/men_navigation","official_navigation_preloaded_taxonomies","2026-08-03T02:01:21.580Z","{""group"":""subcategories"",""key"":""chiikawa-26ss"",""parent_count"":3}","2dad9b2eaa9e0b3966064c40708d8fff9be454662a8eba631cdaf427266f1f53"
"uniqlo","144587","58001","ZO&FRIENDS","티셔츠 & UT > 그래픽티셔츠 > ZO&FRIENDS","티셔츠 & UT > 그래픽티셔츠 > ZO&FRIENDS","3","WOMEN","true","unknown","https://www.uniqlo.com/kr/ko/men_navigation","official_navigation_preloaded_taxonomies","2026-08-03T02:01:21.580Z","{""group"":""subcategories"",""key"":""zoandfriends-26ss"",""parent_count"":3}","2dad9b2eaa9e0b3966064c40708d8fff9be454662a8eba631cdaf427266f1f53"
"uniqlo","140591","58001","Monchhichi","티셔츠 & UT > 그래픽티셔츠 > Monchhichi","티셔츠 & UT > 그래픽티셔츠 > Monchhichi","3","WOMEN","true","unknown","https://www.uniqlo.com/kr/ko/men_navigation","official_navigation_preloaded_taxonomies","2026-08-03T02:01:21.580Z","{""group"":""subcategories"",""key"":""monchhichi-26ss"",""parent_count"":3}","2dad9b2eaa9e0b3966064c40708d8fff9be454662a8eba631cdaf427266f1f53"
"uniqlo","128018","58001","miffy in bloom","티셔츠 & UT > 그래픽티셔츠 > miffy in bloom","티셔츠 & UT > 그래픽티셔츠 > miffy in bloom","3","WOMEN","true","unknown","https://www.uniqlo.com/kr/ko/men_navigation","official_navigation_preloaded_taxonomies","2026-08-03T02:01:21.580Z","{""group"":""subcategories"",""key"":""miffy-in-bloom-26ss"",""parent_count"":3}","2dad9b2eaa9e0b3966064c40708d8fff9be454662a8eba631cdaf427266f1f53"
"uniqlo","126400","58001","PEANUTS","티셔츠 & UT > 그래픽티셔츠 > PEANUTS","티셔츠 & UT > 그래픽티셔츠 > PEANUTS","3","WOMEN","true","unknown","https://www.uniqlo.com/kr/ko/men_navigation","official_navigation_preloaded_taxonomies","2026-08-03T02:01:21.580Z","{""group"":""subcategories"",""key"":""peanuts-26ss"",""parent_count"":3}","2dad9b2eaa9e0b3966064c40708d8fff9be454662a8eba631cdaf427266f1f53"
"uniqlo","115514","58001","PEANUTS","티셔츠 & UT > 그래픽티셔츠 > PEANUTS","티셔츠 & UT > 그래픽티셔츠 > PEANUTS","3","WOMEN","true","unknown","https://www.uniqlo.com/kr/ko/men_navigation","official_navigation_preloaded_taxonomies","2026-08-03T02:01:21.580Z","{""group"":""subcategories"",""key"":""the-louvre"",""parent_count"":3}","2dad9b2eaa9e0b3966064c40708d8fff9be454662a8eba631cdaf427266f1f53"
"uniqlo","128578","58001","Disney","티셔츠 & UT > 그래픽티셔츠 > Disney","티셔츠 & UT > 그래픽티셔츠 > Disney","3","WOMEN","true","unknown","https://www.uniqlo.com/kr/ko/men_navigation","official_navigation_preloaded_taxonomies","2026-08-03T02:01:21.580Z","{""group"":""subcategories"",""key"":""disney-26ss"",""parent_count"":3}","2dad9b2eaa9e0b3966064c40708d8fff9be454662a8eba631cdaf427266f1f53"
"uniqlo","121813","58001","The Super Mario Galaxy Movie","티셔츠 & UT > 그래픽티셔츠 > The Super Mario Galaxy Movie","티셔츠 & UT > 그래픽티셔츠 > The Super Mario Galaxy Movie","3","WOMEN","true","unknown","https://www.uniqlo.com/kr/ko/men_navigation","official_navigation_preloaded_taxonomies","2026-08-03T02:01:21.580Z","{""group"":""subcategories"",""key"":""pop-mart-25ss"",""parent_count"":3}","2dad9b2eaa9e0b3966064c40708d8fff9be454662a8eba631cdaf427266f1f53"
"uniqlo","133562","58001","Cheerful characters","티셔츠 & UT > 그래픽티셔츠 > Cheerful characters","티셔츠 & UT > 그래픽티셔츠 > Cheerful characters","3","WOMEN","true","unknown","https://www.uniqlo.com/kr/ko/men_navigation","official_navigation_preloaded_taxonomies","2026-08-03T02:01:21.580Z","{""group"":""subcategories"",""key"":""cheerful-character-26ss"",""parent_count"":3}","2dad9b2eaa9e0b3966064c40708d8fff9be454662a8eba631cdaf427266f1f53"
"uniqlo","136234","58001","POP MART","티셔츠 & UT > 그래픽티셔츠 > POP MART","티셔츠 & UT > 그래픽티셔츠 > POP MART","3","WOMEN","true","unknown","https://www.uniqlo.com/kr/ko/men_navigation","official_navigation_preloaded_taxonomies","2026-08-03T02:01:21.580Z","{""group"":""subcategories"",""key"":""pop-mart-26ss"",""parent_count"":3}","2dad9b2eaa9e0b3966064c40708d8fff9be454662a8eba631cdaf427266f1f53"
"uniqlo","132870","58001","BABYMONSTER","티셔츠 & UT > 그래픽티셔츠 > BABYMONSTER","티셔츠 & UT > 그래픽티셔츠 > BABYMONSTER","3","WOMEN","true","unknown","https://www.uniqlo.com/kr/ko/men_navigation","official_navigation_preloaded_taxonomies","2026-08-03T02:01:21.580Z","{""group"":""subcategories"",""key"":""babymonster-26ss"",""parent_count"":3}","2dad9b2eaa9e0b3966064c40708d8fff9be454662a8eba631cdaf427266f1f53"
"uniqlo","127493","58001","MAGIC FOR ALL TIMELESS","티셔츠 & UT > 그래픽티셔츠 > MAGIC FOR ALL TIMELESS","티셔츠 & UT > 그래픽티셔츠 > MAGIC FOR ALL TIMELESS","3","WOMEN","true","unknown","https://www.uniqlo.com/kr/ko/men_navigation","official_navigation_preloaded_taxonomies","2026-08-03T02:01:21.580Z","{""group"":""subcategories"",""key"":""magic-for-all-timeless-26ss"",""parent_count"":3}","2dad9b2eaa9e0b3966064c40708d8fff9be454662a8eba631cdaf427266f1f53"
"uniqlo","128056","58001","Sanrio characters","티셔츠 & UT > 그래픽티셔츠 > Sanrio characters","티셔츠 & UT > 그래픽티셔츠 > Sanrio characters","3","WOMEN","true","unknown","https://www.uniqlo.com/kr/ko/men_navigation","official_navigation_preloaded_taxonomies","2026-08-03T02:01:21.580Z","{""group"":""subcategories"",""key"":""sanrio-characters-26ss"",""parent_count"":3}","2dad9b2eaa9e0b3966064c40708d8fff9be454662a8eba631cdaf427266f1f53"
"uniqlo","142678","58001","mofusand","티셔츠 & UT > 그래픽티셔츠 > mofusand","티셔츠 & UT > 그래픽티셔츠 > mofusand","3","WOMEN","true","unknown","https://www.uniqlo.com/kr/ko/men_navigation","official_navigation_preloaded_taxonomies","2026-08-03T02:01:21.580Z","{""group"":""subcategories"",""key"":""mofusand-26ss"",""parent_count"":3}","2dad9b2eaa9e0b3966064c40708d8fff9be454662a8eba631cdaf427266f1f53"
"uniqlo","141560","58001","Disney/PIXAR","티셔츠 & UT > 그래픽티셔츠 > Disney/PIXAR","티셔츠 & UT > 그래픽티셔츠 > Disney/PIXAR","3","WOMEN","true","unknown","https://www.uniqlo.com/kr/ko/men_navigation","official_navigation_preloaded_taxonomies","2026-08-03T02:01:21.580Z","{""group"":""subcategories"",""key"":""disney-pixar-26ss"",""parent_count"":3}","2dad9b2eaa9e0b3966064c40708d8fff9be454662a8eba631cdaf427266f1f53"
"uniqlo","144517","58001","Mickey & Friends","티셔츠 & UT > 그래픽티셔츠 > Mickey & Friends","티셔츠 & UT > 그래픽티셔츠 > Mickey & Friends","3","WOMEN","true","unknown","https://www.uniqlo.com/kr/ko/men_navigation","official_navigation_preloaded_taxonomies","2026-08-03T02:01:21.580Z","{""group"":""subcategories"",""key"":""mickey-and-friends-26ss"",""parent_count"":3}","2dad9b2eaa9e0b3966064c40708d8fff9be454662a8eba631cdaf427266f1f53"
"uniqlo","127799","58001","Tamagotchi","티셔츠 & UT > 그래픽티셔츠 > Tamagotchi","티셔츠 & UT > 그래픽티셔츠 > Tamagotchi","3","WOMEN","true","unknown","https://www.uniqlo.com/kr/ko/men_navigation","official_navigation_preloaded_taxonomies","2026-08-03T02:01:21.580Z","{""group"":""subcategories"",""key"":""tamagotchi-26ss"",""parent_count"":3}","2dad9b2eaa9e0b3966064c40708d8fff9be454662a8eba631cdaf427266f1f53"
"uniqlo","135280","58001","(X)MoMA Poster Art Collection","티셔츠 & UT > 그래픽티셔츠 > (X)MoMA Poster Art Collection","티셔츠 & UT > 그래픽티셔츠 > (X)MoMA Poster Art Collection","3","WOMEN","true","unknown","https://www.uniqlo.com/kr/ko/men_navigation","official_navigation_preloaded_taxonomies","2026-08-03T02:01:21.580Z","{""group"":""subcategories"",""key"":""curated-by-tate-from-the-collection-26ss"",""parent_count"":3}","2dad9b2eaa9e0b3966064c40708d8fff9be454662a8eba631cdaf427266f1f53"
"uniqlo","87344","58001","(X)MAGIC FOR ALL ICONS","티셔츠 & UT > 그래픽티셔츠 > (X)MAGIC FOR ALL ICONS","티셔츠 & UT > 그래픽티셔츠 > (X)MAGIC FOR ALL ICONS","3","WOMEN","true","unknown","https://www.uniqlo.com/kr/ko/men_navigation","official_navigation_preloaded_taxonomies","2026-08-03T02:01:21.580Z","{""group"":""subcategories"",""key"":""magc-for-all-icons"",""parent_count"":3}","2dad9b2eaa9e0b3966064c40708d8fff9be454662a8eba631cdaf427266f1f53"
"uniqlo","62554","58001","(X)Disney Collection","티셔츠 & UT > 그래픽티셔츠 > (X)Disney Collection","티셔츠 & UT > 그래픽티셔츠 > (X)Disney Collection","3","WOMEN","true","unknown","https://www.uniqlo.com/kr/ko/men_navigation","official_navigation_preloaded_taxonomies","2026-08-03T02:01:21.580Z","{""group"":""subcategories"",""key"":""disney-collection"",""parent_count"":3}","2dad9b2eaa9e0b3966064c40708d8fff9be454662a8eba631cdaf427266f1f53"
"uniqlo","62560","58001","(X)Yu Nagaba","티셔츠 & UT > 그래픽티셔츠 > (X)Yu Nagaba","티셔츠 & UT > 그래픽티셔츠 > (X)Yu Nagaba","3","WOMEN","true","unknown","https://www.uniqlo.com/kr/ko/men_navigation","official_navigation_preloaded_taxonomies","2026-08-03T02:01:21.580Z","{""group"":""subcategories"",""key"":""yu-nagaba"",""parent_count"":3}","2dad9b2eaa9e0b3966064c40708d8fff9be454662a8eba631cdaf427266f1f53"
"uniqlo","63129","58001","(X)ZOOTOPIA","티셔츠 & UT > 그래픽티셔츠 > (X)ZOOTOPIA","티셔츠 & UT > 그래픽티셔츠 > (X)ZOOTOPIA","3","WOMEN","true","unknown","https://www.uniqlo.com/kr/ko/men_navigation","official_navigation_preloaded_taxonomies","2026-08-03T02:01:21.580Z","{""group"":""subcategories"",""key"":""zootopia"",""parent_count"":3}","2dad9b2eaa9e0b3966064c40708d8fff9be454662a8eba631cdaf427266f1f53"
"uniqlo","127490","58001","(X)NY POP ART","티셔츠 & UT > 그래픽티셔츠 > (X)NY POP ART","티셔츠 & UT > 그래픽티셔츠 > (X)NY POP ART","3","WOMEN","true","unknown","https://www.uniqlo.com/kr/ko/men_navigation","official_navigation_preloaded_taxonomies","2026-08-03T02:01:21.580Z","{""group"":""subcategories"",""key"":""ny-pop-art-26ss"",""parent_count"":3}","2dad9b2eaa9e0b3966064c40708d8fff9be454662a8eba631cdaf427266f1f53"
"uniqlo","128057","58001","(X)Sanrio characters","티셔츠 & UT > 그래픽티셔츠 > (X)Sanrio characters","티셔츠 & UT > 그래픽티셔츠 > (X)Sanrio characters","3","WOMEN","true","unknown","https://www.uniqlo.com/kr/ko/men_navigation","official_navigation_preloaded_taxonomies","2026-08-03T02:01:21.580Z","{""group"":""subcategories"",""key"":""sanrio-characters-25fw"",""parent_count"":3}","2dad9b2eaa9e0b3966064c40708d8fff9be454662a8eba631cdaf427266f1f53"
"uniqlo","125773","58001","(X)WAGARA (Animals)","티셔츠 & UT > 그래픽티셔츠 > (X)WAGARA (Animals)","티셔츠 & UT > 그래픽티셔츠 > (X)WAGARA (Animals)","3","WOMEN","true","unknown","https://www.uniqlo.com/kr/ko/men_navigation","official_navigation_preloaded_taxonomies","2026-08-03T02:01:21.580Z","{""group"":""subcategories"",""key"":""wagara-animals-25ss"",""parent_count"":3}","2dad9b2eaa9e0b3966064c40708d8fff9be454662a8eba631cdaf427266f1f53"
"uniqlo","118119","58001","(X)TOY STORY","티셔츠 & UT > 그래픽티셔츠 > (X)TOY STORY","티셔츠 & UT > 그래픽티셔츠 > (X)TOY STORY","3","WOMEN","true","unknown","https://www.uniqlo.com/kr/ko/men_navigation","official_navigation_preloaded_taxonomies","2026-08-03T02:01:21.580Z","{""group"":""subcategories"",""key"":""toy-story-25ss"",""parent_count"":3}","2dad9b2eaa9e0b3966064c40708d8fff9be454662a8eba631cdaf427266f1f53"
"uniqlo","120758","58001","(X)MAGIC FOR ALL TIMELESS","티셔츠 & UT > 그래픽티셔츠 > (X)MAGIC FOR ALL TIMELESS","티셔츠 & UT > 그래픽티셔츠 > (X)MAGIC FOR ALL TIMELESS","3","WOMEN","true","unknown","https://www.uniqlo.com/kr/ko/men_navigation","official_navigation_preloaded_taxonomies","2026-08-03T02:01:21.580Z","{""group"":""subcategories"",""key"":""magic-for-all-timeless-25ss"",""parent_count"":3}","2dad9b2eaa9e0b3966064c40708d8fff9be454662a8eba631cdaf427266f1f53"
"uniqlo","120988","58001","(X)Disney Art","티셔츠 & UT > 그래픽티셔츠 > (X)Disney Art","티셔츠 & UT > 그래픽티셔츠 > (X)Disney Art","3","WOMEN","true","unknown","https://www.uniqlo.com/kr/ko/men_navigation","official_navigation_preloaded_taxonomies","2026-08-03T02:01:21.580Z","{""group"":""subcategories"",""key"":""disney-art-25ss"",""parent_count"":3}","2dad9b2eaa9e0b3966064c40708d8fff9be454662a8eba631cdaf427266f1f53"
"uniqlo","104031","58001","(X)PEANUTS","티셔츠 & UT > 그래픽티셔츠 > (X)PEANUTS","티셔츠 & UT > 그래픽티셔츠 > (X)PEANUTS","3","WOMEN","true","unknown","https://www.uniqlo.com/kr/ko/men_navigation","official_navigation_preloaded_taxonomies","2026-08-03T02:01:21.580Z","{""group"":""subcategories"",""key"":""peanuts-25ss"",""parent_count"":3}","2dad9b2eaa9e0b3966064c40708d8fff9be454662a8eba631cdaf427266f1f53"
"uniqlo","121692","58001","(X)Sylvanian Families","티셔츠 & UT > 그래픽티셔츠 > (X)Sylvanian Families","티셔츠 & UT > 그래픽티셔츠 > (X)Sylvanian Families","3","WOMEN","true","unknown","https://www.uniqlo.com/kr/ko/men_navigation","official_navigation_preloaded_taxonomies","2026-08-03T02:01:21.580Z","{""group"":""subcategories"",""key"":""sylvanian-families-25ss"",""parent_count"":3}","2dad9b2eaa9e0b3966064c40708d8fff9be454662a8eba631cdaf427266f1f53"
"uniqlo","123299","58001","(X)Sesame Street","티셔츠 & UT > 그래픽티셔츠 > (X)Sesame Street","티셔츠 & UT > 그래픽티셔츠 > (X)Sesame Street","3","WOMEN","true","unknown","https://www.uniqlo.com/kr/ko/men_navigation","official_navigation_preloaded_taxonomies","2026-08-03T02:01:21.580Z","{""group"":""subcategories"",""key"":""sesame-street-25fw"",""parent_count"":3}","2dad9b2eaa9e0b3966064c40708d8fff9be454662a8eba631cdaf427266f1f53"
"uniqlo","120197","58001","(X)The Brands","티셔츠 & UT > 그래픽티셔츠 > (X)The Brands","티셔츠 & UT > 그래픽티셔츠 > (X)The Brands","3","WOMEN","true","unknown","https://www.uniqlo.com/kr/ko/men_navigation","official_navigation_preloaded_taxonomies","2026-08-03T02:01:21.580Z","{""group"":""subcategories"",""key"":""the-brands-25ss"",""parent_count"":3}","2dad9b2eaa9e0b3966064c40708d8fff9be454662a8eba631cdaf427266f1f53"
"uniqlo","123268","58001","(X)WARNER BROS. MOVIES","티셔츠 & UT > 그래픽티셔츠 > (X)WARNER BROS. MOVIES","티셔츠 & UT > 그래픽티셔츠 > (X)WARNER BROS. MOVIES","3","WOMEN","true","unknown","https://www.uniqlo.com/kr/ko/men_navigation","official_navigation_preloaded_taxonomies","2026-08-03T02:01:21.580Z","{""group"":""subcategories"",""key"":""warner-bros-movies-25fw"",""parent_count"":3}","2dad9b2eaa9e0b3966064c40708d8fff9be454662a8eba631cdaf427266f1f53"
"uniqlo","123826","58001","(X)WARNER BROS. MOVIES","티셔츠 & UT > 그래픽티셔츠 > (X)WARNER BROS. MOVIES","티셔츠 & UT > 그래픽티셔츠 > (X)WARNER BROS. MOVIES","3","WOMEN","true","unknown","https://www.uniqlo.com/kr/ko/men_navigation","official_navigation_preloaded_taxonomies","2026-08-03T02:01:21.580Z","{""group"":""subcategories"",""key"":""warner-bros-movies-25ss"",""parent_count"":3}","2dad9b2eaa9e0b3966064c40708d8fff9be454662a8eba631cdaf427266f1f53"
"uniqlo","120495","58001","(X)UTGP2025 x TATE MODERN","티셔츠 & UT > 그래픽티셔츠 > (X)UTGP2025 x TATE MODERN","티셔츠 & UT > 그래픽티셔츠 > (X)UTGP2025 x TATE MODERN","3","WOMEN","true","unknown","https://www.uniqlo.com/kr/ko/men_navigation","official_navigation_preloaded_taxonomies","2026-08-03T02:01:21.580Z","{""group"":""subcategories"",""key"":""utgp2025-x-tate-modern-25ss"",""parent_count"":3}","2dad9b2eaa9e0b3966064c40708d8fff9be454662a8eba631cdaf427266f1f53"
"uniqlo","121384","58001","(X)ONE PIECE","티셔츠 & UT > 그래픽티셔츠 > (X)ONE PIECE","티셔츠 & UT > 그래픽티셔츠 > (X)ONE PIECE","3","WOMEN","true","unknown","https://www.uniqlo.com/kr/ko/men_navigation","official_navigation_preloaded_taxonomies","2026-08-03T02:01:21.580Z","{""group"":""subcategories"",""key"":""one-piece-25ss"",""parent_count"":3}","2dad9b2eaa9e0b3966064c40708d8fff9be454662a8eba631cdaf427266f1f53"
"uniqlo","120196","58001","(X)Sanrio characters","티셔츠 & UT > 그래픽티셔츠 > (X)Sanrio characters","티셔츠 & UT > 그래픽티셔츠 > (X)Sanrio characters","3","WOMEN","true","unknown","https://www.uniqlo.com/kr/ko/men_navigation","official_navigation_preloaded_taxonomies","2026-08-03T02:01:21.580Z","{""group"":""subcategories"",""key"":""sanrio-characters-25ss"",""parent_count"":3}","2dad9b2eaa9e0b3966064c40708d8fff9be454662a8eba631cdaf427266f1f53"
"uniqlo","112314","58001","(X)miffy","티셔츠 & UT > 그래픽티셔츠 > (X)miffy","티셔츠 & UT > 그래픽티셔츠 > (X)miffy","3","WOMEN","true","unknown","https://www.uniqlo.com/kr/ko/men_navigation","official_navigation_preloaded_taxonomies","2026-08-03T02:01:21.580Z","{""group"":""subcategories"",""key"":""miffy-25ss"",""parent_count"":3}","2dad9b2eaa9e0b3966064c40708d8fff9be454662a8eba631cdaf427266f1f53"
"uniqlo","122485","58001","(X)Keith Haring","티셔츠 & UT > 그래픽티셔츠 > (X)Keith Haring","티셔츠 & UT > 그래픽티셔츠 > (X)Keith Haring","3","WOMEN","true","unknown","https://www.uniqlo.com/kr/ko/men_navigation","official_navigation_preloaded_taxonomies","2026-08-03T02:01:21.580Z","{""group"":""subcategories"",""key"":""keith-haring-25fw"",""parent_count"":3}","2dad9b2eaa9e0b3966064c40708d8fff9be454662a8eba631cdaf427266f1f53"
"uniqlo","121385","58001","(X)STUDIO GHIBLI","티셔츠 & UT > 그래픽티셔츠 > (X)STUDIO GHIBLI","티셔츠 & UT > 그래픽티셔츠 > (X)STUDIO GHIBLI","3","WOMEN","true","unknown","https://www.uniqlo.com/kr/ko/men_navigation","official_navigation_preloaded_taxonomies","2026-08-03T02:01:21.580Z","{""group"":""subcategories"",""key"":""studio-ghibli-25ss"",""parent_count"":3}","2dad9b2eaa9e0b3966064c40708d8fff9be454662a8eba631cdaf427266f1f53"
"uniqlo","118744","58001","(X)Ai Yazawa Collection","티셔츠 & UT > 그래픽티셔츠 > (X)Ai Yazawa Collection","티셔츠 & UT > 그래픽티셔츠 > (X)Ai Yazawa Collection","3","WOMEN","true","unknown","https://www.uniqlo.com/kr/ko/men_navigation","official_navigation_preloaded_taxonomies","2026-08-03T02:01:21.580Z","{""group"":""subcategories"",""key"":""ai-yazawa-collection-25ss"",""parent_count"":3}","2dad9b2eaa9e0b3966064c40708d8fff9be454662a8eba631cdaf427266f1f53"
"uniqlo","117094","58001","(X)Mickey&Friends Sports","티셔츠 & UT > 그래픽티셔츠 > (X)Mickey&Friends Sports","티셔츠 & UT > 그래픽티셔츠 > (X)Mickey&Friends Sports","3","WOMEN","true","unknown","https://www.uniqlo.com/kr/ko/men_navigation","official_navigation_preloaded_taxonomies","2026-08-03T02:01:21.580Z","{""group"":""subcategories"",""key"":""mickey-and-friends-sports-25ss"",""parent_count"":3}","2dad9b2eaa9e0b3966064c40708d8fff9be454662a8eba631cdaf427266f1f53"
"uniqlo","63127","58001","(X)MoMA Art Icons","티셔츠 & UT > 그래픽티셔츠 > (X)MoMA Art Icons","티셔츠 & UT > 그래픽티셔츠 > (X)MoMA Art Icons","3","WOMEN","true","unknown","https://www.uniqlo.com/kr/ko/men_navigation","official_navigation_preloaded_taxonomies","2026-08-03T02:01:21.580Z","{""group"":""subcategories"",""key"":""moma-art-icons-25ss"",""parent_count"":3}","2dad9b2eaa9e0b3966064c40708d8fff9be454662a8eba631cdaf427266f1f53"
"uniqlo","115513","58001","(X)UT ARCHIVE ONE PIECE","티셔츠 & UT > 그래픽티셔츠 > (X)UT ARCHIVE ONE PIECE","티셔츠 & UT > 그래픽티셔츠 > (X)UT ARCHIVE ONE PIECE","3","WOMEN","true","unknown","https://www.uniqlo.com/kr/ko/men_navigation","official_navigation_preloaded_taxonomies","2026-08-03T02:01:21.580Z","{""group"":""subcategories"",""key"":""ut-archive-one-piece-25ss"",""parent_count"":3}","2dad9b2eaa9e0b3966064c40708d8fff9be454662a8eba631cdaf427266f1f53"
"uniqlo","58188","58001","(X)CAT PHOTOGRAPHS","티셔츠 & UT > 그래픽티셔츠 > (X)CAT PHOTOGRAPHS","티셔츠 & UT > 그래픽티셔츠 > (X)CAT PHOTOGRAPHS","3","WOMEN","true","unknown","https://www.uniqlo.com/kr/ko/men_navigation","official_navigation_preloaded_taxonomies","2026-08-03T02:01:21.580Z","{""group"":""subcategories"",""key"":""cat-photographs-25ss"",""parent_count"":3}","2dad9b2eaa9e0b3966064c40708d8fff9be454662a8eba631cdaf427266f1f53"
"uniqlo","104204","58001","(X)NY POP ART","티셔츠 & UT > 그래픽티셔츠 > (X)NY POP ART","티셔츠 & UT > 그래픽티셔츠 > (X)NY POP ART","3","WOMEN","true","unknown","https://www.uniqlo.com/kr/ko/men_navigation","official_navigation_preloaded_taxonomies","2026-08-03T02:01:21.580Z","{""group"":""subcategories"",""key"":""ny-pop-art-25ss"",""parent_count"":3}","2dad9b2eaa9e0b3966064c40708d8fff9be454662a8eba631cdaf427266f1f53"
"uniqlo","112712","58001","Pokémon","티셔츠 & UT > 그래픽티셔츠 > Pokémon","티셔츠 & UT > 그래픽티셔츠 > Pokémon","3","WOMEN","true","unknown","https://www.uniqlo.com/kr/ko/men_navigation","official_navigation_preloaded_taxonomies","2026-08-03T02:01:21.580Z","{""group"":""subcategories"",""key"":""pokemon-25ss"",""parent_count"":3}","2dad9b2eaa9e0b3966064c40708d8fff9be454662a8eba631cdaf427266f1f53"
"uniqlo","63112","58001","(X)UT ARCHIVE Super Mario","티셔츠 & UT > 그래픽티셔츠 > (X)UT ARCHIVE Super Mario","티셔츠 & UT > 그래픽티셔츠 > (X)UT ARCHIVE Super Mario","3","WOMEN","true","unknown","https://www.uniqlo.com/kr/ko/men_navigation","official_navigation_preloaded_taxonomies","2026-08-03T02:01:21.580Z","{""group"":""subcategories"",""key"":""ut-archive-super-mario-25ss"",""parent_count"":3}","2dad9b2eaa9e0b3966064c40708d8fff9be454662a8eba631cdaf427266f1f53"
"uniqlo","112709","58001","(X)Disney in Blue","티셔츠 & UT > 그래픽티셔츠 > (X)Disney in Blue","티셔츠 & UT > 그래픽티셔츠 > (X)Disney in Blue","3","WOMEN","true","unknown","https://www.uniqlo.com/kr/ko/men_navigation","official_navigation_preloaded_taxonomies","2026-08-03T02:01:21.580Z","{""group"":""subcategories"",""key"":""disney-in-blue-25ss"",""parent_count"":3}","2dad9b2eaa9e0b3966064c40708d8fff9be454662a8eba631cdaf427266f1f53"
"uniqlo","112605","58001","(X)Disney’s Mickey Faces","티셔츠 & UT > 그래픽티셔츠 > (X)Disney’s Mickey Faces","티셔츠 & UT > 그래픽티셔츠 > (X)Disney’s Mickey Faces","3","WOMEN","true","unknown","https://www.uniqlo.com/kr/ko/men_navigation","official_navigation_preloaded_taxonomies","2026-08-03T02:01:21.580Z","{""group"":""subcategories"",""key"":""disneys-mickey-faces-25ss"",""parent_count"":3}","2dad9b2eaa9e0b3966064c40708d8fff9be454662a8eba631cdaf427266f1f53"
"uniqlo","63123","58001","Mobile Suit GUNDAM 45th Anniversary","티셔츠 & UT > 그래픽티셔츠 > Mobile Suit GUNDAM 45th Anniversary","티셔츠 & UT > 그래픽티셔츠 > Mobile Suit GUNDAM 45th Anniversary","3","WOMEN","true","unknown","https://www.uniqlo.com/kr/ko/men_navigation","official_navigation_preloaded_taxonomies","2026-08-03T02:01:21.580Z","{""group"":""subcategories"",""key"":""mobile-suit-gundam-45th-anniversary-25ss"",""parent_count"":3}","2dad9b2eaa9e0b3966064c40708d8fff9be454662a8eba631cdaf427266f1f53"
"uniqlo","109442","58001","Universal Movies","티셔츠 & UT > 그래픽티셔츠 > Universal Movies","티셔츠 & UT > 그래픽티셔츠 > Universal Movies","3","WOMEN","true","unknown","https://www.uniqlo.com/kr/ko/men_navigation","official_navigation_preloaded_taxonomies","2026-08-03T02:01:21.580Z","{""group"":""subcategories"",""key"":""universal-movies-25ss"",""parent_count"":3}","2dad9b2eaa9e0b3966064c40708d8fff9be454662a8eba631cdaf427266f1f53"
"uniqlo","104172","58001","Sesame Street","티셔츠 & UT > 그래픽티셔츠 > Sesame Street","티셔츠 & UT > 그래픽티셔츠 > Sesame Street","3","WOMEN","true","unknown","https://www.uniqlo.com/kr/ko/men_navigation","official_navigation_preloaded_taxonomies","2026-08-03T02:01:21.580Z","{""group"":""subcategories"",""key"":""sesame-street-24fw"",""parent_count"":3}","2dad9b2eaa9e0b3966064c40708d8fff9be454662a8eba631cdaf427266f1f53"
"uniqlo","112139","58001","Pablo Picasso","티셔츠 & UT > 그래픽티셔츠 > Pablo Picasso","티셔츠 & UT > 그래픽티셔츠 > Pablo Picasso","3","WOMEN","true","unknown","https://www.uniqlo.com/kr/ko/men_navigation","official_navigation_preloaded_taxonomies","2026-08-03T02:01:21.580Z","{""group"":""subcategories"",""key"":""pablo-picasso-25ss"",""parent_count"":3}","2dad9b2eaa9e0b3966064c40708d8fff9be454662a8eba631cdaf427266f1f53"
"uniqlo","62555","58001","Henri Matisse","티셔츠 & UT > 그래픽티셔츠 > Henri Matisse","티셔츠 & UT > 그래픽티셔츠 > Henri Matisse","3","WOMEN","true","unknown","https://www.uniqlo.com/kr/ko/men_navigation","official_navigation_preloaded_taxonomies","2026-08-03T02:01:21.580Z","{""group"":""subcategories"",""key"":""henri-matisse-25ss"",""parent_count"":3}","2dad9b2eaa9e0b3966064c40708d8fff9be454662a8eba631cdaf427266f1f53"
"uniqlo","112604","58001","Curated by Tate","티셔츠 & UT > 그래픽티셔츠 > Curated by Tate","티셔츠 & UT > 그래픽티셔츠 > Curated by Tate","3","WOMEN","true","unknown","https://www.uniqlo.com/kr/ko/men_navigation","official_navigation_preloaded_taxonomies","2026-08-03T02:01:21.580Z","{""group"":""subcategories"",""key"":""curated-by-tate-25ss"",""parent_count"":3}","2dad9b2eaa9e0b3966064c40708d8fff9be454662a8eba631cdaf427266f1f53"
"uniqlo","107860","58001","MAGNUM PHOTOS","티셔츠 & UT > 그래픽티셔츠 > MAGNUM PHOTOS","티셔츠 & UT > 그래픽티셔츠 > MAGNUM PHOTOS","3","WOMEN","true","unknown","https://www.uniqlo.com/kr/ko/men_navigation","official_navigation_preloaded_taxonomies","2026-08-03T02:01:21.580Z","{""group"":""subcategories"",""key"":""magnum-photos-25ss"",""parent_count"":3}","2dad9b2eaa9e0b3966064c40708d8fff9be454662a8eba631cdaf427266f1f53"
"uniqlo","104034","58001","DRAGON BALL / DRAGON BALL DAIMA","티셔츠 & UT > 그래픽티셔츠 > DRAGON BALL / DRAGON BALL DAIMA","티셔츠 & UT > 그래픽티셔츠 > DRAGON BALL / DRAGON BALL DAIMA","3","WOMEN","true","unknown","https://www.uniqlo.com/kr/ko/men_navigation","official_navigation_preloaded_taxonomies","2026-08-03T02:01:21.580Z","{""group"":""subcategories"",""key"":""dragon-ball-dragon-ball-daima-25ss"",""parent_count"":3}","2dad9b2eaa9e0b3966064c40708d8fff9be454662a8eba631cdaf427266f1f53"
"uniqlo","112603","58001","Dan Da Dan","티셔츠 & UT > 그래픽티셔츠 > Dan Da Dan","티셔츠 & UT > 그래픽티셔츠 > Dan Da Dan","3","WOMEN","true","unknown","https://www.uniqlo.com/kr/ko/men_navigation","official_navigation_preloaded_taxonomies","2026-08-03T02:01:21.580Z","{""group"":""subcategories"",""key"":""dan-da-dan-25ss"",""parent_count"":3}","2dad9b2eaa9e0b3966064c40708d8fff9be454662a8eba631cdaf427266f1f53"
"uniqlo","112602","58001","MANGA curation","티셔츠 & UT > 그래픽티셔츠 > MANGA curation","티셔츠 & UT > 그래픽티셔츠 > MANGA curation","3","WOMEN","true","unknown","https://www.uniqlo.com/kr/ko/men_navigation","official_navigation_preloaded_taxonomies","2026-08-03T02:01:21.580Z","{""group"":""subcategories"",""key"":""manga-curation-25ss"",""parent_count"":3}","2dad9b2eaa9e0b3966064c40708d8fff9be454662a8eba631cdaf427266f1f53"
"uniqlo","112140","58001","Keith Haring X Coca-Cola®","티셔츠 & UT > 그래픽티셔츠 > Keith Haring X Coca-Cola®","티셔츠 & UT > 그래픽티셔츠 > Keith Haring X Coca-Cola®","3","WOMEN","true","unknown","https://www.uniqlo.com/kr/ko/men_navigation","official_navigation_preloaded_taxonomies","2026-08-03T02:01:21.580Z","{""group"":""subcategories"",""key"":""keith-haring-coca-cola-25ss"",""parent_count"":3}","2dad9b2eaa9e0b3966064c40708d8fff9be454662a8eba631cdaf427266f1f53"
"uniqlo","105666","58001","SpongeBob SquarePants■Cactus Plant Flea Market","티셔츠 & UT > 그래픽티셔츠 > SpongeBob SquarePants■Cactus Plant Flea Market","티셔츠 & UT > 그래픽티셔츠 > SpongeBob SquarePants■Cactus Plant Flea Market","3","WOMEN","true","unknown","https://www.uniqlo.com/kr/ko/men_navigation","official_navigation_preloaded_taxonomies","2026-08-03T02:01:21.580Z","{""group"":""subcategories"",""key"":""spongebob-squarepants-cactus-plant-flea-market-25ss"",""parent_count"":3}","2dad9b2eaa9e0b3966064c40708d8fff9be454662a8eba631cdaf427266f1f53"
"uniqlo","103565","58001","ARCANE LEAGUE OF LEGENDS","티셔츠 & UT > 그래픽티셔츠 > ARCANE LEAGUE OF LEGENDS","티셔츠 & UT > 그래픽티셔츠 > ARCANE LEAGUE OF LEGENDS","3","WOMEN","true","unknown","https://www.uniqlo.com/kr/ko/men_navigation","official_navigation_preloaded_taxonomies","2026-08-03T02:01:21.580Z","{""group"":""subcategories"",""key"":""arcane-league-of-legends-25ss"",""parent_count"":3}","2dad9b2eaa9e0b3966064c40708d8fff9be454662a8eba631cdaf427266f1f53"
"uniqlo","98493","58001","KENSHI YONEZU","티셔츠 & UT > 그래픽티셔츠 > KENSHI YONEZU","티셔츠 & UT > 그래픽티셔츠 > KENSHI YONEZU","3","WOMEN","true","unknown","https://www.uniqlo.com/kr/ko/men_navigation","official_navigation_preloaded_taxonomies","2026-08-03T02:01:21.580Z","{""group"":""subcategories"",""key"":""kenshi-yonezu-24fw"",""parent_count"":3}","2dad9b2eaa9e0b3966064c40708d8fff9be454662a8eba631cdaf427266f1f53"
"uniqlo","98492","58001","UT ARCHIVE Demon Slayer  / Jujutsu Kaisen","티셔츠 & UT > 그래픽티셔츠 > UT ARCHIVE Demon Slayer  / Jujutsu Kaisen","티셔츠 & UT > 그래픽티셔츠 > UT ARCHIVE Demon Slayer / Jujutsu Kaisen","3","WOMEN","true","unknown","https://www.uniqlo.com/kr/ko/men_navigation","official_navigation_preloaded_taxonomies","2026-08-03T02:01:21.580Z","{""group"":""subcategories"",""key"":""ut-archive-demon-slayer-jujutsu-kaisen-24fw"",""parent_count"":3}","2dad9b2eaa9e0b3966064c40708d8fff9be454662a8eba631cdaf427266f1f53"
"uniqlo","100381","58001","Louvre Camille Henrot","티셔츠 & UT > 그래픽티셔츠 > Louvre Camille Henrot","티셔츠 & UT > 그래픽티셔츠 > Louvre Camille Henrot","3","WOMEN","true","unknown","https://www.uniqlo.com/kr/ko/men_navigation","official_navigation_preloaded_taxonomies","2026-08-03T02:01:21.580Z","{""group"":""subcategories"",""key"":""louvre-camille-henrot-24fw"",""parent_count"":3}","2dad9b2eaa9e0b3966064c40708d8fff9be454662a8eba631cdaf427266f1f53"
"uniqlo","62563","58001","KAWS + Warhol","티셔츠 & UT > 그래픽티셔츠 > KAWS + Warhol","티셔츠 & UT > 그래픽티셔츠 > KAWS + Warhol","3","WOMEN","true","unknown","https://www.uniqlo.com/kr/ko/men_navigation","official_navigation_preloaded_taxonomies","2026-08-03T02:01:21.580Z","{""group"":""subcategories"",""key"":""kaws-warhol-24fw"",""parent_count"":3}","2dad9b2eaa9e0b3966064c40708d8fff9be454662a8eba631cdaf427266f1f53"
"uniqlo","84853","58001","UT ARCHIVE Andy Warhol / Keith Haring / Jean-Michel Basquiat","티셔츠 & UT > 그래픽티셔츠 > UT ARCHIVE Andy Warhol / Keith Haring / Jean-Michel Basquiat","티셔츠 & UT > 그래픽티셔츠 > UT ARCHIVE Andy Warhol / Keith Haring / Jean-Michel Basquiat","3","WOMEN","true","unknown","https://www.uniqlo.com/kr/ko/men_navigation","official_navigation_preloaded_taxonomies","2026-08-03T02:01:21.580Z","{""group"":""subcategories"",""key"":""ut-archive-andy-warhol-keith-haring-jean-michel-basquiat-24ss"",""parent_count"":3}","2dad9b2eaa9e0b3966064c40708d8fff9be454662a8eba631cdaf427266f1f53"
"uniqlo","96735","58001","PEANUTS","티셔츠 & UT > 그래픽티셔츠 > PEANUTS","티셔츠 & UT > 그래픽티셔츠 > PEANUTS","3","WOMEN","true","unknown","https://www.uniqlo.com/kr/ko/men_navigation","official_navigation_preloaded_taxonomies","2026-08-03T02:01:21.580Z","{""group"":""subcategories"",""key"":""peanuts-24fw"",""parent_count"":3}","2dad9b2eaa9e0b3966064c40708d8fff9be454662a8eba631cdaf427266f1f53"
"uniqlo","96342","58001","miffy's stories","티셔츠 & UT > 그래픽티셔츠 > miffy's stories","티셔츠 & UT > 그래픽티셔츠 > miffy's stories","3","WOMEN","true","unknown","https://www.uniqlo.com/kr/ko/men_navigation","official_navigation_preloaded_taxonomies","2026-08-03T02:01:21.580Z","{""group"":""subcategories"",""key"":""miffys-stories-24fw"",""parent_count"":3}","2dad9b2eaa9e0b3966064c40708d8fff9be454662a8eba631cdaf427266f1f53"
"uniqlo","94167","58001","MAGIC FOR ALL with Yu Nagaba","티셔츠 & UT > 그래픽티셔츠 > MAGIC FOR ALL with Yu Nagaba","티셔츠 & UT > 그래픽티셔츠 > MAGIC FOR ALL with Yu Nagaba","3","WOMEN","true","unknown","https://www.uniqlo.com/kr/ko/men_navigation","official_navigation_preloaded_taxonomies","2026-08-03T02:01:21.580Z","{""group"":""subcategories"",""key"":""magic-for-all-with-yu-nagaba-24fw"",""parent_count"":3}","2dad9b2eaa9e0b3966064c40708d8fff9be454662a8eba631cdaf427266f1f53"
"uniqlo","94546","58001","Pokémon","티셔츠 & UT > 그래픽티셔츠 > Pokémon","티셔츠 & UT > 그래픽티셔츠 > Pokémon","3","WOMEN","true","unknown","https://www.uniqlo.com/kr/ko/men_navigation","official_navigation_preloaded_taxonomies","2026-08-03T02:01:21.580Z","{""group"":""subcategories"",""key"":""pokemon-24ss"",""parent_count"":3}","2dad9b2eaa9e0b3966064c40708d8fff9be454662a8eba631cdaf427266f1f53"
"uniqlo","86432","58001","Mickey Stands","티셔츠 & UT > 그래픽티셔츠 > Mickey Stands","티셔츠 & UT > 그래픽티셔츠 > Mickey Stands","3","WOMEN","true","unknown","https://www.uniqlo.com/kr/ko/men_navigation","official_navigation_preloaded_taxonomies","2026-08-03T02:01:21.580Z","{""group"":""subcategories"",""key"":""mickey-stands-24ss"",""parent_count"":3}","2dad9b2eaa9e0b3966064c40708d8fff9be454662a8eba631cdaf427266f1f53"
"uniqlo","81236","58001","Disney Beach Trip Collection","티셔츠 & UT > 그래픽티셔츠 > Disney Beach Trip Collection","티셔츠 & UT > 그래픽티셔츠 > Disney Beach Trip Collection","3","WOMEN","true","unknown","https://www.uniqlo.com/kr/ko/men_navigation","official_navigation_preloaded_taxonomies","2026-08-03T02:01:21.580Z","{""group"":""subcategories"",""key"":""disney-beach-trip-collection-24ss"",""parent_count"":3}","2dad9b2eaa9e0b3966064c40708d8fff9be454662a8eba631cdaf427266f1f53"
"uniqlo","63106","58001","Alice In Wonderland","티셔츠 & UT > 그래픽티셔츠 > Alice In Wonderland","티셔츠 & UT > 그래픽티셔츠 > Alice In Wonderland","3","WOMEN","true","unknown","https://www.uniqlo.com/kr/ko/men_navigation","official_navigation_preloaded_taxonomies","2026-08-03T02:01:21.580Z","{""group"":""subcategories"",""key"":""alice-in-wonderland"",""parent_count"":3}","2dad9b2eaa9e0b3966064c40708d8fff9be454662a8eba631cdaf427266f1f53"
"uniqlo","63107","58001","Animal Crossing New Horizons","티셔츠 & UT > 그래픽티셔츠 > Animal Crossing New Horizons","티셔츠 & UT > 그래픽티셔츠 > Animal Crossing New Horizons","3","WOMEN","true","unknown","https://www.uniqlo.com/kr/ko/men_navigation","official_navigation_preloaded_taxonomies","2026-08-03T02:01:21.580Z","{""group"":""subcategories"",""key"":""animal-crossing-new-horizons"",""parent_count"":3}","2dad9b2eaa9e0b3966064c40708d8fff9be454662a8eba631cdaf427266f1f53"
"uniqlo","63108","58001","Celebrating Sofia Coppola","티셔츠 & UT > 그래픽티셔츠 > Celebrating Sofia Coppola","티셔츠 & UT > 그래픽티셔츠 > Celebrating Sofia Coppola","3","WOMEN","true","unknown","https://www.uniqlo.com/kr/ko/men_navigation","official_navigation_preloaded_taxonomies","2026-08-03T02:01:21.580Z","{""group"":""subcategories"",""key"":""celebrating-sofia-coppola-23ss"",""parent_count"":3}","2dad9b2eaa9e0b3966064c40708d8fff9be454662a8eba631cdaf427266f1f53"
"uniqlo","63113","58001","MAGIC FOR ALL FOREVER","티셔츠 & UT > 그래픽티셔츠 > MAGIC FOR ALL FOREVER","티셔츠 & UT > 그래픽티셔츠 > MAGIC FOR ALL FOREVER","3","WOMEN","true","unknown","https://www.uniqlo.com/kr/ko/men_navigation","official_navigation_preloaded_taxonomies","2026-08-03T02:01:21.580Z","{""group"":""subcategories"",""key"":""magic-for-all-forever-23fw"",""parent_count"":3}","2dad9b2eaa9e0b3966064c40708d8fff9be454662a8eba631cdaf427266f1f53"
"uniqlo","81251","58001","STUDIO GHIBLI","티셔츠 & UT > 그래픽티셔츠 > STUDIO GHIBLI","티셔츠 & UT > 그래픽티셔츠 > STUDIO GHIBLI","3","WOMEN","true","unknown","https://www.uniqlo.com/kr/ko/men_navigation","official_navigation_preloaded_taxonomies","2026-08-03T02:01:21.580Z","{""group"":""subcategories"",""key"":""studio-ghibli-23fw"",""parent_count"":3}","2dad9b2eaa9e0b3966064c40708d8fff9be454662a8eba631cdaf427266f1f53"
"uniqlo","63109","58001","Disney Dearest Friends","티셔츠 & UT > 그래픽티셔츠 > Disney Dearest Friends","티셔츠 & UT > 그래픽티셔츠 > Disney Dearest Friends","3","WOMEN","true","unknown","https://www.uniqlo.com/kr/ko/men_navigation","official_navigation_preloaded_taxonomies","2026-08-03T02:01:21.580Z","{""group"":""subcategories"",""key"":""disney-dearest-friends-22fw"",""parent_count"":3}","2dad9b2eaa9e0b3966064c40708d8fff9be454662a8eba631cdaf427266f1f53"
"uniqlo","63110","58001","Disney Pajama Collection","티셔츠 & UT > 그래픽티셔츠 > Disney Pajama Collection","티셔츠 & UT > 그래픽티셔츠 > Disney Pajama Collection","3","WOMEN","true","unknown","https://www.uniqlo.com/kr/ko/men_navigation","official_navigation_preloaded_taxonomies","2026-08-03T02:01:21.580Z","{""group"":""subcategories"",""key"":""disney-pajama-collection-22fw"",""parent_count"":3}","2dad9b2eaa9e0b3966064c40708d8fff9be454662a8eba631cdaf427266f1f53"
"uniqlo","63111","58001","Doraemon Sustainability Mode","티셔츠 & UT > 그래픽티셔츠 > Doraemon Sustainability Mode","티셔츠 & UT > 그래픽티셔츠 > Doraemon Sustainability Mode","3","WOMEN","true","unknown","https://www.uniqlo.com/kr/ko/men_navigation","official_navigation_preloaded_taxonomies","2026-08-03T02:01:21.580Z","{""group"":""subcategories"",""key"":""doraemon-sustainability-mode-22fw"",""parent_count"":3}","2dad9b2eaa9e0b3966064c40708d8fff9be454662a8eba631cdaf427266f1f53"
"uniqlo","63124","58001","Peanuts Vintage","티셔츠 & UT > 그래픽티셔츠 > Peanuts Vintage","티셔츠 & UT > 그래픽티셔츠 > Peanuts Vintage","3","WOMEN","true","unknown","https://www.uniqlo.com/kr/ko/men_navigation","official_navigation_preloaded_taxonomies","2026-08-03T02:01:21.580Z","{""group"":""subcategories"",""key"":""peanuts-vintage"",""parent_count"":3}","2dad9b2eaa9e0b3966064c40708d8fff9be454662a8eba631cdaf427266f1f53"
"uniqlo","63115","58001","Mickey Motifs","티셔츠 & UT > 그래픽티셔츠 > Mickey Motifs","티셔츠 & UT > 그래픽티셔츠 > Mickey Motifs","3","WOMEN","true","unknown","https://www.uniqlo.com/kr/ko/men_navigation","official_navigation_preloaded_taxonomies","2026-08-03T02:01:21.580Z","{""group"":""subcategories"",""key"":""mickey-motifs"",""parent_count"":3}","2dad9b2eaa9e0b3966064c40708d8fff9be454662a8eba631cdaf427266f1f53"
"uniqlo","63114","58001","MARVEL Essentials","티셔츠 & UT > 그래픽티셔츠 > MARVEL Essentials","티셔츠 & UT > 그래픽티셔츠 > MARVEL Essentials","3","WOMEN","true","unknown","https://www.uniqlo.com/kr/ko/men_navigation","official_navigation_preloaded_taxonomies","2026-08-03T02:01:21.580Z","{""group"":""subcategories"",""key"":""marvel-essentials"",""parent_count"":3}","2dad9b2eaa9e0b3966064c40708d8fff9be454662a8eba631cdaf427266f1f53"
"uniqlo","63116","58001","Mickey Shines","티셔츠 & UT > 그래픽티셔츠 > Mickey Shines","티셔츠 & UT > 그래픽티셔츠 > Mickey Shines","3","WOMEN","true","unknown","https://www.uniqlo.com/kr/ko/men_navigation","official_navigation_preloaded_taxonomies","2026-08-03T02:01:21.580Z","{""group"":""subcategories"",""key"":""mickey-shines-23fw"",""parent_count"":3}","2dad9b2eaa9e0b3966064c40708d8fff9be454662a8eba631cdaf427266f1f53"
"uniqlo","63117","58001","Monster Hunter Rise","티셔츠 & UT > 그래픽티셔츠 > Monster Hunter Rise","티셔츠 & UT > 그래픽티셔츠 > Monster Hunter Rise","3","WOMEN","true","unknown","https://www.uniqlo.com/kr/ko/men_navigation","official_navigation_preloaded_taxonomies","2026-08-03T02:01:21.580Z","{""group"":""subcategories"",""key"":""monster-hunter-rise"",""parent_count"":3}","2dad9b2eaa9e0b3966064c40708d8fff9be454662a8eba631cdaf427266f1f53"
"uniqlo","63118","58001","My Life with Animals","티셔츠 & UT > 그래픽티셔츠 > My Life with Animals","티셔츠 & UT > 그래픽티셔츠 > My Life with Animals","3","WOMEN","true","unknown","https://www.uniqlo.com/kr/ko/men_navigation","official_navigation_preloaded_taxonomies","2026-08-03T02:01:21.580Z","{""group"":""subcategories"",""key"":""my-life-with-animals"",""parent_count"":3}","2dad9b2eaa9e0b3966064c40708d8fff9be454662a8eba631cdaf427266f1f53"
"uniqlo","63119","58001","OF THEIR NATURE","티셔츠 & UT > 그래픽티셔츠 > OF THEIR NATURE","티셔츠 & UT > 그래픽티셔츠 > OF THEIR NATURE","3","WOMEN","true","unknown","https://www.uniqlo.com/kr/ko/men_navigation","official_navigation_preloaded_taxonomies","2026-08-03T02:01:21.580Z","{""group"":""subcategories"",""key"":""of-their-nature"",""parent_count"":3}","2dad9b2eaa9e0b3966064c40708d8fff9be454662a8eba631cdaf427266f1f53"
"uniqlo","63122","58001","PEANUTS Lounge","티셔츠 & UT > 그래픽티셔츠 > PEANUTS Lounge","티셔츠 & UT > 그래픽티셔츠 > PEANUTS Lounge","3","WOMEN","true","unknown","https://www.uniqlo.com/kr/ko/men_navigation","official_navigation_preloaded_taxonomies","2026-08-03T02:01:21.580Z","{""group"":""subcategories"",""key"":""peanuts-lounge-23ss"",""parent_count"":3}","2dad9b2eaa9e0b3966064c40708d8fff9be454662a8eba631cdaf427266f1f53"
"uniqlo","63128","58001","The Brands The World of Record Stores","티셔츠 & UT > 그래픽티셔츠 > The Brands The World of Record Stores","티셔츠 & UT > 그래픽티셔츠 > The Brands The World of Record Stores","3","WOMEN","true","unknown","https://www.uniqlo.com/kr/ko/men_navigation","official_navigation_preloaded_taxonomies","2026-08-03T02:01:21.580Z","{""group"":""subcategories"",""key"":""the-brands-the-world-of-record-stores"",""parent_count"":3}","2dad9b2eaa9e0b3966064c40708d8fff9be454662a8eba631cdaf427266f1f53"
"uniqlo","63126","58001","Roy Lichtenstein","티셔츠 & UT > 그래픽티셔츠 > Roy Lichtenstein","티셔츠 & UT > 그래픽티셔츠 > Roy Lichtenstein","3","WOMEN","true","unknown","https://www.uniqlo.com/kr/ko/men_navigation","official_navigation_preloaded_taxonomies","2026-08-03T02:01:21.580Z","{""group"":""subcategories"",""key"":""roy-lichtenstein"",""parent_count"":3}","2dad9b2eaa9e0b3966064c40708d8fff9be454662a8eba631cdaf427266f1f53"
"uniqlo","63130","58001","Troye Sivan","티셔츠 & UT > 그래픽티셔츠 > Troye Sivan","티셔츠 & UT > 그래픽티셔츠 > Troye Sivan","3","WOMEN","true","unknown","https://www.uniqlo.com/kr/ko/men_navigation","official_navigation_preloaded_taxonomies","2026-08-03T02:01:21.580Z","{""group"":""subcategories"",""key"":""troye-sivan"",""parent_count"":3}","2dad9b2eaa9e0b3966064c40708d8fff9be454662a8eba631cdaf427266f1f53"
"uniqlo","81373","58001","UTGP2024: The Louvre","티셔츠 & UT > 그래픽티셔츠 > UTGP2024: The Louvre","티셔츠 & UT > 그래픽티셔츠 > UTGP2024: The Louvre","3","WOMEN","true","unknown","https://www.uniqlo.com/kr/ko/men_navigation","official_navigation_preloaded_taxonomies","2026-08-03T02:01:21.580Z","{""group"":""subcategories"",""key"":""utgp2024-the-louvre-24ss"",""parent_count"":3}","2dad9b2eaa9e0b3966064c40708d8fff9be454662a8eba631cdaf427266f1f53"
"uniqlo","62557","58001","miffy","티셔츠 & UT > 그래픽티셔츠 > miffy","티셔츠 & UT > 그래픽티셔츠 > miffy","3","WOMEN","true","unknown","https://www.uniqlo.com/kr/ko/men_navigation","official_navigation_preloaded_taxonomies","2026-08-03T02:01:21.580Z","{""group"":""subcategories"",""key"":""miffy-23ss"",""parent_count"":3}","2dad9b2eaa9e0b3966064c40708d8fff9be454662a8eba631cdaf427266f1f53"
"uniqlo","94356","58001","PEANUTS You Can Be Anything!","티셔츠 & UT > 그래픽티셔츠 > PEANUTS You Can Be Anything!","티셔츠 & UT > 그래픽티셔츠 > PEANUTS You Can Be Anything!","3","WOMEN","true","unknown","https://www.uniqlo.com/kr/ko/men_navigation","official_navigation_preloaded_taxonomies","2026-08-03T02:01:21.580Z","{""group"":""subcategories"",""key"":""peanuts-you-can-be-anything"",""parent_count"":3}","2dad9b2eaa9e0b3966064c40708d8fff9be454662a8eba631cdaf427266f1f53"
"uniqlo","75613","58001","Find Your TREASURE","티셔츠 & UT > 그래픽티셔츠 > Find Your TREASURE","티셔츠 & UT > 그래픽티셔츠 > Find Your TREASURE","3","WOMEN","true","unknown","https://www.uniqlo.com/kr/ko/men_navigation","official_navigation_preloaded_taxonomies","2026-08-03T02:01:21.580Z","{""group"":""subcategories"",""key"":""find-your-treasure-24ss"",""parent_count"":3}","2dad9b2eaa9e0b3966064c40708d8fff9be454662a8eba631cdaf427266f1f53"
"uniqlo","83236","58001","Kaiju No.8","티셔츠 & UT > 그래픽티셔츠 > Kaiju No.8","티셔츠 & UT > 그래픽티셔츠 > Kaiju No.8","3","WOMEN","true","unknown","https://www.uniqlo.com/kr/ko/men_navigation","official_navigation_preloaded_taxonomies","2026-08-03T02:01:21.580Z","{""group"":""subcategories"",""key"":""kaiju-no8-24ss"",""parent_count"":3}","2dad9b2eaa9e0b3966064c40708d8fff9be454662a8eba631cdaf427266f1f53"
"uniqlo","62562","58001","UTGP2023: MAGIC FOR ALL","티셔츠 & UT > 그래픽티셔츠 > UTGP2023: MAGIC FOR ALL","티셔츠 & UT > 그래픽티셔츠 > UTGP2023: MAGIC FOR ALL","3","WOMEN","true","unknown","https://www.uniqlo.com/kr/ko/men_navigation","official_navigation_preloaded_taxonomies","2026-08-03T02:01:21.580Z","{""group"":""subcategories"",""key"":""utgp2023-magic-for-all"",""parent_count"":3}","2dad9b2eaa9e0b3966064c40708d8fff9be454662a8eba631cdaf427266f1f53"
"uniqlo","62558","58001","Musee Du Louvre Blossoms Of Diversity","티셔츠 & UT > 그래픽티셔츠 > Musee Du Louvre Blossoms Of Diversity","티셔츠 & UT > 그래픽티셔츠 > Musee Du Louvre Blossoms Of Diversity","3","WOMEN","true","unknown","https://www.uniqlo.com/kr/ko/men_navigation","official_navigation_preloaded_taxonomies","2026-08-03T02:01:21.580Z","{""group"":""subcategories"",""key"":""musee-du-louvre-blossoms-of-diversity"",""parent_count"":3}","2dad9b2eaa9e0b3966064c40708d8fff9be454662a8eba631cdaf427266f1f53"
"uniqlo","62561","58001","Pokémon All-Stars","티셔츠 & UT > 그래픽티셔츠 > Pokémon All-Stars","티셔츠 & UT > 그래픽티셔츠 > Pokémon All-Stars","3","WOMEN","true","unknown","https://www.uniqlo.com/kr/ko/men_navigation","official_navigation_preloaded_taxonomies","2026-08-03T02:01:21.580Z","{""group"":""subcategories"",""key"":""pokemon-all-stars"",""parent_count"":3}","2dad9b2eaa9e0b3966064c40708d8fff9be454662a8eba631cdaf427266f1f53"
"uniqlo","62556","58001","LOVE, SUNSHINE & PEANUTS","티셔츠 & UT > 그래픽티셔츠 > LOVE, SUNSHINE & PEANUTS","티셔츠 & UT > 그래픽티셔츠 > LOVE, SUNSHINE & PEANUTS","3","WOMEN","true","unknown","https://www.uniqlo.com/kr/ko/men_navigation","official_navigation_preloaded_taxonomies","2026-08-03T02:01:21.580Z","{""group"":""subcategories"",""key"":""love-sunshine-and-peanuts-23ss"",""parent_count"":3}","2dad9b2eaa9e0b3966064c40708d8fff9be454662a8eba631cdaf427266f1f53"
"uniqlo","63125","58001","PEANUTS × Reyn Spooner","티셔츠 & UT > 그래픽티셔츠 > PEANUTS × Reyn Spooner","티셔츠 & UT > 그래픽티셔츠 > PEANUTS × Reyn Spooner","3","WOMEN","true","unknown","https://www.uniqlo.com/kr/ko/men_navigation","official_navigation_preloaded_taxonomies","2026-08-03T02:01:21.580Z","{""group"":""subcategories"",""key"":""peanuts-x-reyn-spooner-22ss"",""parent_count"":3}","2dad9b2eaa9e0b3966064c40708d8fff9be454662a8eba631cdaf427266f1f53"
"uniqlo","62553","58001","Andy Warhol Flowers Collection","티셔츠 & UT > 그래픽티셔츠 > Andy Warhol Flowers Collection","티셔츠 & UT > 그래픽티셔츠 > Andy Warhol Flowers Collection","3","WOMEN","true","unknown","https://www.uniqlo.com/kr/ko/men_navigation","official_navigation_preloaded_taxonomies","2026-08-03T02:01:21.580Z","{""group"":""subcategories"",""key"":""andy-warhol-flowers-collection"",""parent_count"":3}","2dad9b2eaa9e0b3966064c40708d8fff9be454662a8eba631cdaf427266f1f53"
"uniqlo","62559","58001","PEANUTS Dance Time with Snoopy","티셔츠 & UT > 그래픽티셔츠 > PEANUTS Dance Time with Snoopy","티셔츠 & UT > 그래픽티셔츠 > PEANUTS Dance Time with Snoopy","3","WOMEN","true","unknown","https://www.uniqlo.com/kr/ko/men_navigation","official_navigation_preloaded_taxonomies","2026-08-03T02:01:21.580Z","{""group"":""subcategories"",""key"":""peanuts-dance-time-with-snoopy-23fw"",""parent_count"":3}","2dad9b2eaa9e0b3966064c40708d8fff9be454662a8eba631cdaf427266f1f53"
"uniqlo","65650","58001","PEANUTS Sports Club","티셔츠 & UT > 그래픽티셔츠 > PEANUTS Sports Club","티셔츠 & UT > 그래픽티셔츠 > PEANUTS Sports Club","3","WOMEN","true","unknown","https://www.uniqlo.com/kr/ko/men_navigation","official_navigation_preloaded_taxonomies","2026-08-03T02:01:21.580Z","{""group"":""subcategories"",""key"":""peanuts-sports-club-24ss"",""parent_count"":3}","2dad9b2eaa9e0b3966064c40708d8fff9be454662a8eba631cdaf427266f1f53"
"uniqlo","78154","58001","Hello Kitty 50th anniversary.","티셔츠 & UT > 그래픽티셔츠 > Hello Kitty 50th anniversary.","티셔츠 & UT > 그래픽티셔츠 > Hello Kitty 50th anniversary.","3","WOMEN","true","unknown","https://www.uniqlo.com/kr/ko/men_navigation","official_navigation_preloaded_taxonomies","2026-08-03T02:01:21.580Z","{""group"":""subcategories"",""key"":""hello-kitty-50th-anniversary-24ss"",""parent_count"":3}","2dad9b2eaa9e0b3966064c40708d8fff9be454662a8eba631cdaf427266f1f53"
"uniqlo","63120","58001","Anime Chainsaw Man","티셔츠 & UT > 그래픽티셔츠 > Anime Chainsaw Man","티셔츠 & UT > 그래픽티셔츠 > Anime Chainsaw Man","3","WOMEN","true","unknown","https://www.uniqlo.com/kr/ko/men_navigation","official_navigation_preloaded_taxonomies","2026-08-03T02:01:21.580Z","{""group"":""subcategories"",""key"":""anime-chainsaw-man"",""parent_count"":3}","2dad9b2eaa9e0b3966064c40708d8fff9be454662a8eba631cdaf427266f1f53"
"uniqlo","63121","58001","PEANUTS Holiday","티셔츠 & UT > 그래픽티셔츠 > PEANUTS Holiday","티셔츠 & UT > 그래픽티셔츠 > PEANUTS Holiday","3","WOMEN","true","unknown","https://www.uniqlo.com/kr/ko/men_navigation","official_navigation_preloaded_taxonomies","2026-08-03T02:01:21.580Z","{""group"":""subcategories"",""key"":""peanuts-holiday-21fw"",""parent_count"":3}","2dad9b2eaa9e0b3966064c40708d8fff9be454662a8eba631cdaf427266f1f53"
"uniqlo","117033","58001","그 외","티셔츠 & UT > 그래픽티셔츠 > 그 외","티셔츠 & UT > 그래픽티셔츠 > 그 외","3","WOMEN","true","unknown","https://www.uniqlo.com/kr/ko/men_navigation","official_navigation_preloaded_taxonomies","2026-08-03T02:01:21.580Z","{""group"":""subcategories"",""key"":""others"",""parent_count"":3}","2dad9b2eaa9e0b3966064c40708d8fff9be454662a8eba631cdaf427266f1f53"
"uniqlo","117300","57996","코튼","티셔츠 & UT > 브라탑 > 코튼","티셔츠 & UT > 브라탑 > 코튼","3","WOMEN","true","unknown","https://www.uniqlo.com/kr/ko/men_navigation","official_navigation_preloaded_taxonomies","2026-08-03T02:01:21.580Z","{""group"":""subcategories"",""key"":""cotton"",""parent_count"":3}","2dad9b2eaa9e0b3966064c40708d8fff9be454662a8eba631cdaf427266f1f53"
"uniqlo","117295","57996","디자인","티셔츠 & UT > 브라탑 > 디자인","티셔츠 & UT > 브라탑 > 디자인","3","WOMEN","true","unknown","https://www.uniqlo.com/kr/ko/men_navigation","official_navigation_preloaded_taxonomies","2026-08-03T02:01:21.580Z","{""group"":""subcategories"",""key"":""design"",""parent_count"":3}","2dad9b2eaa9e0b3966064c40708d8fff9be454662a8eba631cdaf427266f1f53"
"uniqlo","117299","57996","AIRism","티셔츠 & UT > 브라탑 > AIRism","티셔츠 & UT > 브라탑 > AIRism","3","WOMEN","true","unknown","https://www.uniqlo.com/kr/ko/men_navigation","official_navigation_preloaded_taxonomies","2026-08-03T02:01:21.580Z","{""group"":""subcategories"",""key"":""airism"",""parent_count"":3}","2dad9b2eaa9e0b3966064c40708d8fff9be454662a8eba631cdaf427266f1f53"
"uniqlo","58149","57996","크롭","티셔츠 & UT > 브라탑 > 크롭","티셔츠 & UT > 브라탑 > 크롭","3","WOMEN","true","unknown","https://www.uniqlo.com/kr/ko/men_navigation","official_navigation_preloaded_taxonomies","2026-08-03T02:01:21.580Z","{""group"":""subcategories"",""key"":""cropped"",""parent_count"":3}","2dad9b2eaa9e0b3966064c40708d8fff9be454662a8eba631cdaf427266f1f53"
"uniqlo","120000","57996","브라 원피스","티셔츠 & UT > 브라탑 > 브라 원피스","티셔츠 & UT > 브라탑 > 브라 원피스","3","WOMEN","true","unknown","https://www.uniqlo.com/kr/ko/men_navigation","official_navigation_preloaded_taxonomies","2026-08-03T02:01:21.580Z","{""group"":""subcategories"",""key"":""dress"",""parent_count"":3}","2dad9b2eaa9e0b3966064c40708d8fff9be454662a8eba631cdaf427266f1f53"
"uniqlo","100073","57996","브라 탱크탑","티셔츠 & UT > 브라탑 > 브라 탱크탑","티셔츠 & UT > 브라탑 > 브라 탱크탑","3","WOMEN","true","unknown","https://www.uniqlo.com/kr/ko/men_navigation","official_navigation_preloaded_taxonomies","2026-08-03T02:01:21.580Z","{""group"":""subcategories"",""key"":""tanktop"",""parent_count"":3}","2dad9b2eaa9e0b3966064c40708d8fff9be454662a8eba631cdaf427266f1f53"
"uniqlo","58148","57996","브라 캐미솔","티셔츠 & UT > 브라탑 > 브라 캐미솔","티셔츠 & UT > 브라탑 > 브라 캐미솔","3","WOMEN","true","unknown","https://www.uniqlo.com/kr/ko/men_navigation","official_navigation_preloaded_taxonomies","2026-08-03T02:01:21.580Z","{""group"":""subcategories"",""key"":""camisole"",""parent_count"":3}","2dad9b2eaa9e0b3966064c40708d8fff9be454662a8eba631cdaf427266f1f53"
"uniqlo","141489","57996","에어리즘 코튼","티셔츠 & UT > 브라탑 > 에어리즘 코튼","티셔츠 & UT > 브라탑 > 에어리즘 코튼","3","WOMEN","true","unknown","https://www.uniqlo.com/kr/ko/men_navigation","official_navigation_preloaded_taxonomies","2026-08-03T02:01:21.580Z","{""group"":""subcategories"",""key"":""airism-cotton"",""parent_count"":3}","2dad9b2eaa9e0b3966064c40708d8fff9be454662a8eba631cdaf427266f1f53"
"uniqlo","58949","58948","그래픽 티셔츠","티셔츠 & UT > PEACE FOR ALL > 그래픽 티셔츠","티셔츠 & UT > PEACE FOR ALL > 그래픽 티셔츠","3","WOMEN","true","unknown","https://www.uniqlo.com/kr/ko/men_navigation","official_navigation_preloaded_taxonomies","2026-08-03T02:01:21.580Z","{""group"":""subcategories"",""key"":""graphic-tees"",""parent_count"":3}","2dad9b2eaa9e0b3966064c40708d8fff9be454662a8eba631cdaf427266f1f53"
"uniqlo","98281","57997","후드집업","티셔츠 & UT > 스웨트셔츠 & 후드집업 > 후드집업","티셔츠 & UT > 스웨트셔츠 & 후드집업 > 후드집업","3","WOMEN","true","unknown","https://www.uniqlo.com/kr/ko/men_navigation","official_navigation_preloaded_taxonomies","2026-08-03T02:01:21.580Z","{""group"":""subcategories"",""key"":""fullzip"",""parent_count"":3}","2dad9b2eaa9e0b3966064c40708d8fff9be454662a8eba631cdaf427266f1f53"
"uniqlo","58154","57997","스웨트셔츠","티셔츠 & UT > 스웨트셔츠 & 후드집업 > 스웨트셔츠","티셔츠 & UT > 스웨트셔츠 & 후드집업 > 스웨트셔츠","3","WOMEN","true","unknown","https://www.uniqlo.com/kr/ko/men_navigation","official_navigation_preloaded_taxonomies","2026-08-03T02:01:21.580Z","{""group"":""subcategories"",""key"":""shirts"",""parent_count"":3}","2dad9b2eaa9e0b3966064c40708d8fff9be454662a8eba631cdaf427266f1f53"
"uniqlo","63077","57997","유니섹스","티셔츠 & UT > 스웨트셔츠 & 후드집업 > 유니섹스","티셔츠 & UT > 스웨트셔츠 & 후드집업 > 유니섹스","3","WOMEN","true","unknown","https://www.uniqlo.com/kr/ko/men_navigation","official_navigation_preloaded_taxonomies","2026-08-03T02:01:21.580Z","{""group"":""subcategories"",""key"":""unisex"",""parent_count"":3}","2dad9b2eaa9e0b3966064c40708d8fff9be454662a8eba631cdaf427266f1f53"
"uniqlo","102685","57997","GU","티셔츠 & UT > 스웨트셔츠 & 후드집업 > GU","티셔츠 & UT > 스웨트셔츠 & 후드집업 > GU","3","WOMEN","true","unknown","https://www.uniqlo.com/kr/ko/men_navigation","official_navigation_preloaded_taxonomies","2026-08-03T02:01:21.580Z","{""group"":""subcategories"",""key"":""gu"",""parent_count"":3}","2dad9b2eaa9e0b3966064c40708d8fff9be454662a8eba631cdaf427266f1f53"
"uniqlo","58158","57997","그 외","티셔츠 & UT > 스웨트셔츠 & 후드집업 > 그 외","티셔츠 & UT > 스웨트셔츠 & 후드집업 > 그 외","3","WOMEN","true","unknown","https://www.uniqlo.com/kr/ko/men_navigation","official_navigation_preloaded_taxonomies","2026-08-03T02:01:21.580Z","{""group"":""subcategories"",""key"":""others"",""parent_count"":3}","2dad9b2eaa9e0b3966064c40708d8fff9be454662a8eba631cdaf427266f1f53"
"uniqlo","58156","57997","그래픽 스웨트","티셔츠 & UT > 스웨트셔츠 & 후드집업 > 그래픽 스웨트","티셔츠 & UT > 스웨트셔츠 & 후드집업 > 그래픽 스웨트","3","WOMEN","true","unknown","https://www.uniqlo.com/kr/ko/men_navigation","official_navigation_preloaded_taxonomies","2026-08-03T02:01:21.580Z","{""group"":""subcategories"",""key"":""graphic-sweat"",""parent_count"":3}","2dad9b2eaa9e0b3966064c40708d8fff9be454662a8eba631cdaf427266f1f53"
"uniqlo","58155","57997","스웨트 팬츠","티셔츠 & UT > 스웨트셔츠 & 후드집업 > 스웨트 팬츠","티셔츠 & UT > 스웨트셔츠 & 후드집업 > 스웨트 팬츠","3","WOMEN","true","unknown","https://www.uniqlo.com/kr/ko/men_navigation","official_navigation_preloaded_taxonomies","2026-08-03T02:01:21.580Z","{""group"":""subcategories"",""key"":""sweat-pants"",""parent_count"":3}","2dad9b2eaa9e0b3966064c40708d8fff9be454662a8eba631cdaf427266f1f53"
"uniqlo","98279","57997","보아 스웨트","티셔츠 & UT > 스웨트셔츠 & 후드집업 > 보아 스웨트","티셔츠 & UT > 스웨트셔츠 & 후드집업 > 보아 스웨트","3","WOMEN","true","unknown","https://www.uniqlo.com/kr/ko/men_navigation","official_navigation_preloaded_taxonomies","2026-08-03T02:01:21.580Z","{""group"":""subcategories"",""key"":""pile-lined"",""parent_count"":3}","2dad9b2eaa9e0b3966064c40708d8fff9be454662a8eba631cdaf427266f1f53"
"uniqlo","98278","57997","드라이 스웨트","티셔츠 & UT > 스웨트셔츠 & 후드집업 > 드라이 스웨트","티셔츠 & UT > 스웨트셔츠 & 후드집업 > 드라이 스웨트","3","WOMEN","true","unknown","https://www.uniqlo.com/kr/ko/men_navigation","official_navigation_preloaded_taxonomies","2026-08-03T02:01:21.580Z","{""group"":""subcategories"",""key"":""dry-sweat"",""parent_count"":3}","2dad9b2eaa9e0b3966064c40708d8fff9be454662a8eba631cdaf427266f1f53"
"uniqlo","98394","57997","UV Protection","티셔츠 & UT > 스웨트셔츠 & 후드집업 > UV Protection","티셔츠 & UT > 스웨트셔츠 & 후드집업 > UV Protection","3","WOMEN","true","unknown","https://www.uniqlo.com/kr/ko/men_navigation","official_navigation_preloaded_taxonomies","2026-08-03T02:01:21.580Z","{""group"":""subcategories"",""key"":""uv-protection"",""parent_count"":3}","2dad9b2eaa9e0b3966064c40708d8fff9be454662a8eba631cdaf427266f1f53"
"uniqlo","98282","57997","블루종","티셔츠 & UT > 스웨트셔츠 & 후드집업 > 블루종","티셔츠 & UT > 스웨트셔츠 & 후드집업 > 블루종","3","WOMEN","true","unknown","https://www.uniqlo.com/kr/ko/men_navigation","official_navigation_preloaded_taxonomies","2026-08-03T02:01:21.580Z","{""group"":""subcategories"",""key"":""blouson"",""parent_count"":3}","2dad9b2eaa9e0b3966064c40708d8fff9be454662a8eba631cdaf427266f1f53"
"uniqlo","95386","95362","리넨","셔츠 & 블라우스 & 폴로셔츠 > 셔츠 & 블라우스 > 리넨","셔츠 & 블라우스 & 폴로셔츠 > 셔츠 & 블라우스 > 리넨","3","WOMEN","true","unknown","https://www.uniqlo.com/kr/ko/men_navigation","official_navigation_preloaded_taxonomies","2026-08-03T02:01:21.580Z","{""group"":""subcategories"",""key"":""linen"",""parent_count"":3}","2dad9b2eaa9e0b3966064c40708d8fff9be454662a8eba631cdaf427266f1f53"
"uniqlo","95383","95362","반팔","셔츠 & 블라우스 & 폴로셔츠 > 셔츠 & 블라우스 > 반팔","셔츠 & 블라우스 & 폴로셔츠 > 셔츠 & 블라우스 > 반팔","3","WOMEN","true","unknown","https://www.uniqlo.com/kr/ko/men_navigation","official_navigation_preloaded_taxonomies","2026-08-03T02:01:21.580Z","{""group"":""subcategories"",""key"":""short-sleeve"",""parent_count"":3}","2dad9b2eaa9e0b3966064c40708d8fff9be454662a8eba631cdaf427266f1f53"
"uniqlo","102589","95362","UNIQLO and JW ANDERSON","셔츠 & 블라우스 & 폴로셔츠 > 셔츠 & 블라우스 > UNIQLO and JW ANDERSON","셔츠 & 블라우스 & 폴로셔츠 > 셔츠 & 블라우스 > UNIQLO and JW ANDERSON","3","WOMEN","true","unknown","https://www.uniqlo.com/kr/ko/men_navigation","official_navigation_preloaded_taxonomies","2026-08-03T02:01:21.580Z","{""group"":""subcategories"",""key"":""uniqlo-and-jw-anderson"",""parent_count"":3}","2dad9b2eaa9e0b3966064c40708d8fff9be454662a8eba631cdaf427266f1f53"
"uniqlo","95388","95362","코튼","셔츠 & 블라우스 & 폴로셔츠 > 셔츠 & 블라우스 > 코튼","셔츠 & 블라우스 & 폴로셔츠 > 셔츠 & 블라우스 > 코튼","3","WOMEN","true","unknown","https://www.uniqlo.com/kr/ko/men_navigation","official_navigation_preloaded_taxonomies","2026-08-03T02:01:21.580Z","{""group"":""subcategories"",""key"":""cotton"",""parent_count"":3}","2dad9b2eaa9e0b3966064c40708d8fff9be454662a8eba631cdaf427266f1f53"
"uniqlo","95385","95362","레이온","셔츠 & 블라우스 & 폴로셔츠 > 셔츠 & 블라우스 > 레이온","셔츠 & 블라우스 & 폴로셔츠 > 셔츠 & 블라우스 > 레이온","3","WOMEN","true","unknown","https://www.uniqlo.com/kr/ko/men_navigation","official_navigation_preloaded_taxonomies","2026-08-03T02:01:21.580Z","{""group"":""subcategories"",""key"":""rayon"",""parent_count"":3}","2dad9b2eaa9e0b3966064c40708d8fff9be454662a8eba631cdaf427266f1f53"
"uniqlo","95384","95362","슬리브리스","셔츠 & 블라우스 & 폴로셔츠 > 셔츠 & 블라우스 > 슬리브리스","셔츠 & 블라우스 & 폴로셔츠 > 셔츠 & 블라우스 > 슬리브리스","3","WOMEN","true","unknown","https://www.uniqlo.com/kr/ko/men_navigation","official_navigation_preloaded_taxonomies","2026-08-03T02:01:21.580Z","{""group"":""subcategories"",""key"":""sleeveles"",""parent_count"":3}","2dad9b2eaa9e0b3966064c40708d8fff9be454662a8eba631cdaf427266f1f53"
"uniqlo","116008","95362","박시 크롭","셔츠 & 블라우스 & 폴로셔츠 > 셔츠 & 블라우스 > 박시 크롭","셔츠 & 블라우스 & 폴로셔츠 > 셔츠 & 블라우스 > 박시 크롭","3","WOMEN","true","unknown","https://www.uniqlo.com/kr/ko/men_navigation","official_navigation_preloaded_taxonomies","2026-08-03T02:01:21.580Z","{""group"":""subcategories"",""key"":""cropped"",""parent_count"":3}","2dad9b2eaa9e0b3966064c40708d8fff9be454662a8eba631cdaf427266f1f53"
"uniqlo","95381","95362","긴팔","셔츠 & 블라우스 & 폴로셔츠 > 셔츠 & 블라우스 > 긴팔","셔츠 & 블라우스 & 폴로셔츠 > 셔츠 & 블라우스 > 긴팔","3","WOMEN","true","unknown","https://www.uniqlo.com/kr/ko/men_navigation","official_navigation_preloaded_taxonomies","2026-08-03T02:01:21.580Z","{""group"":""subcategories"",""key"":""long-sleeve"",""parent_count"":3}","2dad9b2eaa9e0b3966064c40708d8fff9be454662a8eba631cdaf427266f1f53"
"uniqlo","136612","95362","디자인 블라우스","셔츠 & 블라우스 & 폴로셔츠 > 셔츠 & 블라우스 > 디자인 블라우스","셔츠 & 블라우스 & 폴로셔츠 > 셔츠 & 블라우스 > 디자인 블라우스","3","WOMEN","true","unknown","https://www.uniqlo.com/kr/ko/men_navigation","official_navigation_preloaded_taxonomies","2026-08-03T02:01:21.580Z","{""group"":""subcategories"",""key"":""others"",""parent_count"":3}","2dad9b2eaa9e0b3966064c40708d8fff9be454662a8eba631cdaf427266f1f53"
"uniqlo","95382","95362","7부","셔츠 & 블라우스 & 폴로셔츠 > 셔츠 & 블라우스 > 7부","셔츠 & 블라우스 & 폴로셔츠 > 셔츠 & 블라우스 > 7부","3","WOMEN","true","unknown","https://www.uniqlo.com/kr/ko/men_navigation","official_navigation_preloaded_taxonomies","2026-08-03T02:01:21.580Z","{""group"":""subcategories"",""key"":""three-quarter-sleeve"",""parent_count"":3}","2dad9b2eaa9e0b3966064c40708d8fff9be454662a8eba631cdaf427266f1f53"
"uniqlo","95398","95362","스키퍼(V넥)","셔츠 & 블라우스 & 폴로셔츠 > 셔츠 & 블라우스 > 스키퍼(V넥)","셔츠 & 블라우스 & 폴로셔츠 > 셔츠 & 블라우스 > 스키퍼(V넥)","3","WOMEN","true","unknown","https://www.uniqlo.com/kr/ko/men_navigation","official_navigation_preloaded_taxonomies","2026-08-03T02:01:21.580Z","{""group"":""subcategories"",""key"":""skipper"",""parent_count"":3}","2dad9b2eaa9e0b3966064c40708d8fff9be454662a8eba631cdaf427266f1f53"
"uniqlo","95394","95362","데님","셔츠 & 블라우스 & 폴로셔츠 > 셔츠 & 블라우스 > 데님","셔츠 & 블라우스 & 폴로셔츠 > 셔츠 & 블라우스 > 데님","3","WOMEN","true","unknown","https://www.uniqlo.com/kr/ko/men_navigation","official_navigation_preloaded_taxonomies","2026-08-03T02:01:21.580Z","{""group"":""subcategories"",""key"":""denim"",""parent_count"":3}","2dad9b2eaa9e0b3966064c40708d8fff9be454662a8eba631cdaf427266f1f53"
"uniqlo","101621","95362","Uniqlo U","셔츠 & 블라우스 & 폴로셔츠 > 셔츠 & 블라우스 > Uniqlo U","셔츠 & 블라우스 & 폴로셔츠 > 셔츠 & 블라우스 > Uniqlo U","3","WOMEN","true","unknown","https://www.uniqlo.com/kr/ko/men_navigation","official_navigation_preloaded_taxonomies","2026-08-03T02:01:21.580Z","{""group"":""subcategories"",""key"":""uniqlo-u"",""parent_count"":3}","2dad9b2eaa9e0b3966064c40708d8fff9be454662a8eba631cdaf427266f1f53"
"uniqlo","102590","95362","UNIQLO and COMPTOIR DES COTONNIERS","셔츠 & 블라우스 & 폴로셔츠 > 셔츠 & 블라우스 > UNIQLO and COMPTOIR DES COTONNIERS","셔츠 & 블라우스 & 폴로셔츠 > 셔츠 & 블라우스 > UNIQLO and COMPTOIR DES COTONNIERS","3","WOMEN","true","unknown","https://www.uniqlo.com/kr/ko/men_navigation","official_navigation_preloaded_taxonomies","2026-08-03T02:01:21.580Z","{""group"":""subcategories"",""key"":""uniqlo-and-comptoir-des-cotonniers"",""parent_count"":3}","2dad9b2eaa9e0b3966064c40708d8fff9be454662a8eba631cdaf427266f1f53"
"uniqlo","100075","95362","UNIQLO : C","셔츠 & 블라우스 & 폴로셔츠 > 셔츠 & 블라우스 > UNIQLO : C","셔츠 & 블라우스 & 폴로셔츠 > 셔츠 & 블라우스 > UNIQLO : C","3","WOMEN","true","unknown","https://www.uniqlo.com/kr/ko/men_navigation","official_navigation_preloaded_taxonomies","2026-08-03T02:01:21.580Z","{""group"":""subcategories"",""key"":""uniqlo-c"",""parent_count"":3}","2dad9b2eaa9e0b3966064c40708d8fff9be454662a8eba631cdaf427266f1f53"
"uniqlo","95392","95362","플란넬","셔츠 & 블라우스 & 폴로셔츠 > 셔츠 & 블라우스 > 플란넬","셔츠 & 블라우스 & 폴로셔츠 > 셔츠 & 블라우스 > 플란넬","3","WOMEN","true","unknown","https://www.uniqlo.com/kr/ko/men_navigation","official_navigation_preloaded_taxonomies","2026-08-03T02:01:21.580Z","{""group"":""subcategories"",""key"":""flannel"",""parent_count"":3}","2dad9b2eaa9e0b3966064c40708d8fff9be454662a8eba631cdaf427266f1f53"
"uniqlo","96799","95362","유니섹스","셔츠 & 블라우스 & 폴로셔츠 > 셔츠 & 블라우스 > 유니섹스","셔츠 & 블라우스 & 폴로셔츠 > 셔츠 & 블라우스 > 유니섹스","3","WOMEN","true","unknown","https://www.uniqlo.com/kr/ko/men_navigation","official_navigation_preloaded_taxonomies","2026-08-03T02:01:21.580Z","{""group"":""subcategories"",""key"":""unisex"",""parent_count"":3}","2dad9b2eaa9e0b3966064c40708d8fff9be454662a8eba631cdaf427266f1f53"
"uniqlo","95389","95362","오버사이즈","셔츠 & 블라우스 & 폴로셔츠 > 셔츠 & 블라우스 > 오버사이즈","셔츠 & 블라우스 & 폴로셔츠 > 셔츠 & 블라우스 > 오버사이즈","3","WOMEN","true","unknown","https://www.uniqlo.com/kr/ko/men_navigation","official_navigation_preloaded_taxonomies","2026-08-03T02:01:21.580Z","{""group"":""subcategories"",""key"":""oversized"",""parent_count"":3}","2dad9b2eaa9e0b3966064c40708d8fff9be454662a8eba631cdaf427266f1f53"
"uniqlo","95399","95362","GU","셔츠 & 블라우스 & 폴로셔츠 > 셔츠 & 블라우스 > GU","셔츠 & 블라우스 & 폴로셔츠 > 셔츠 & 블라우스 > GU","3","WOMEN","true","unknown","https://www.uniqlo.com/kr/ko/men_navigation","official_navigation_preloaded_taxonomies","2026-08-03T02:01:21.580Z","{""group"":""subcategories"",""key"":""gu"",""parent_count"":3}","2dad9b2eaa9e0b3966064c40708d8fff9be454662a8eba631cdaf427266f1f53"
"uniqlo","142637","142636","반팔","셔츠 & 블라우스 & 폴로셔츠 > 폴로셔츠 (카라티) > 반팔","셔츠 & 블라우스 & 폴로셔츠 > 폴로셔츠 (카라티) > 반팔","3","WOMEN","true","unknown","https://www.uniqlo.com/kr/ko/men_navigation","official_navigation_preloaded_taxonomies","2026-08-03T02:01:21.580Z","{""group"":""subcategories"",""key"":""short-sleeve"",""parent_count"":3}","2dad9b2eaa9e0b3966064c40708d8fff9be454662a8eba631cdaf427266f1f53"
"uniqlo","142640","142636","유니섹스","셔츠 & 블라우스 & 폴로셔츠 > 폴로셔츠 (카라티) > 유니섹스","셔츠 & 블라우스 & 폴로셔츠 > 폴로셔츠 (카라티) > 유니섹스","3","WOMEN","true","unknown","https://www.uniqlo.com/kr/ko/men_navigation","official_navigation_preloaded_taxonomies","2026-08-03T02:01:21.580Z","{""group"":""subcategories"",""key"":""unisex"",""parent_count"":3}","2dad9b2eaa9e0b3966064c40708d8fff9be454662a8eba631cdaf427266f1f53"
"uniqlo","142638","142636","긴팔","셔츠 & 블라우스 & 폴로셔츠 > 폴로셔츠 (카라티) > 긴팔","셔츠 & 블라우스 & 폴로셔츠 > 폴로셔츠 (카라티) > 긴팔","3","WOMEN","true","unknown","https://www.uniqlo.com/kr/ko/men_navigation","official_navigation_preloaded_taxonomies","2026-08-03T02:01:21.580Z","{""group"":""subcategories"",""key"":""long-sleeve"",""parent_count"":3}","2dad9b2eaa9e0b3966064c40708d8fff9be454662a8eba631cdaf427266f1f53"
"uniqlo","142639","142636","스웨터","셔츠 & 블라우스 & 폴로셔츠 > 폴로셔츠 (카라티) > 스웨터","셔츠 & 블라우스 & 폴로셔츠 > 폴로셔츠 (카라티) > 스웨터","3","WOMEN","true","unknown","https://www.uniqlo.com/kr/ko/men_navigation","official_navigation_preloaded_taxonomies","2026-08-03T02:01:21.580Z","{""group"":""subcategories"",""key"":""knitwear"",""parent_count"":3}","2dad9b2eaa9e0b3966064c40708d8fff9be454662a8eba631cdaf427266f1f53"
"uniqlo","142641","142636","그 외","셔츠 & 블라우스 & 폴로셔츠 > 폴로셔츠 (카라티) > 그 외","셔츠 & 블라우스 & 폴로셔츠 > 폴로셔츠 (카라티) > 그 외","3","WOMEN","true","unknown","https://www.uniqlo.com/kr/ko/men_navigation","official_navigation_preloaded_taxonomies","2026-08-03T02:01:21.580Z","{""group"":""subcategories"",""key"":""others"",""parent_count"":3}","2dad9b2eaa9e0b3966064c40708d8fff9be454662a8eba631cdaf427266f1f53"
"uniqlo","95372","95361","UV Protection","니트 & 가디건 > 니트 > UV Protection","니트 & 가디건 > 니트 > UV Protection","3","WOMEN","true","unknown","https://www.uniqlo.com/kr/ko/men_navigation","official_navigation_preloaded_taxonomies","2026-08-03T02:01:21.580Z","{""group"":""subcategories"",""key"":""uv-prodection"",""parent_count"":3}","2dad9b2eaa9e0b3966064c40708d8fff9be454662a8eba631cdaf427266f1f53"
"uniqlo","95377","95361","V넥 니트","니트 & 가디건 > 니트 > V넥 니트","니트 & 가디건 > 니트 > V넥 니트","3","WOMEN","true","unknown","https://www.uniqlo.com/kr/ko/men_navigation","official_navigation_preloaded_taxonomies","2026-08-03T02:01:21.580Z","{""group"":""subcategories"",""key"":""v-neck"",""parent_count"":3}","2dad9b2eaa9e0b3966064c40708d8fff9be454662a8eba631cdaf427266f1f53"
"uniqlo","95366","95361","메리노 니트","니트 & 가디건 > 니트 > 메리노 니트","니트 & 가디건 > 니트 > 메리노 니트","3","WOMEN","true","unknown","https://www.uniqlo.com/kr/ko/men_navigation","official_navigation_preloaded_taxonomies","2026-08-03T02:01:21.580Z","{""group"":""subcategories"",""key"":""extra-fine-merino"",""parent_count"":3}","2dad9b2eaa9e0b3966064c40708d8fff9be454662a8eba631cdaf427266f1f53"
"uniqlo","116336","95361","폴로 니트","니트 & 가디건 > 니트 > 폴로 니트","니트 & 가디건 > 니트 > 폴로 니트","3","WOMEN","true","unknown","https://www.uniqlo.com/kr/ko/men_navigation","official_navigation_preloaded_taxonomies","2026-08-03T02:01:21.580Z","{""group"":""subcategories"",""key"":""polo-shirts"",""parent_count"":3}","2dad9b2eaa9e0b3966064c40708d8fff9be454662a8eba631cdaf427266f1f53"
"uniqlo","95364","95361","반팔 니트","니트 & 가디건 > 니트 > 반팔 니트","니트 & 가디건 > 니트 > 반팔 니트","3","WOMEN","true","unknown","https://www.uniqlo.com/kr/ko/men_navigation","official_navigation_preloaded_taxonomies","2026-08-03T02:01:21.580Z","{""group"":""subcategories"",""key"":""short-half-sleeve"",""parent_count"":3}","2dad9b2eaa9e0b3966064c40708d8fff9be454662a8eba631cdaf427266f1f53"
"uniqlo","95365","95361","긴팔 니트","니트 & 가디건 > 니트 > 긴팔 니트","니트 & 가디건 > 니트 > 긴팔 니트","3","WOMEN","true","unknown","https://www.uniqlo.com/kr/ko/men_navigation","official_navigation_preloaded_taxonomies","2026-08-03T02:01:21.580Z","{""group"":""subcategories"",""key"":""long-sleeve"",""parent_count"":3}","2dad9b2eaa9e0b3966064c40708d8fff9be454662a8eba631cdaf427266f1f53"
"uniqlo","95376","95361","크루넥 니트","니트 & 가디건 > 니트 > 크루넥 니트","니트 & 가디건 > 니트 > 크루넥 니트","3","WOMEN","true","unknown","https://www.uniqlo.com/kr/ko/men_navigation","official_navigation_preloaded_taxonomies","2026-08-03T02:01:21.580Z","{""group"":""subcategories"",""key"":""crew-neck"",""parent_count"":3}","2dad9b2eaa9e0b3966064c40708d8fff9be454662a8eba631cdaf427266f1f53"
"uniqlo","95374","95361","디자인 니트","니트 & 가디건 > 니트 > 디자인 니트","니트 & 가디건 > 니트 > 디자인 니트","3","WOMEN","true","unknown","https://www.uniqlo.com/kr/ko/men_navigation","official_navigation_preloaded_taxonomies","2026-08-03T02:01:21.580Z","{""group"":""subcategories"",""key"":""others"",""parent_count"":3}","2dad9b2eaa9e0b3966064c40708d8fff9be454662a8eba631cdaf427266f1f53"
"uniqlo","100074","95361","UNIQLO : C","니트 & 가디건 > 니트 > UNIQLO : C","니트 & 가디건 > 니트 > UNIQLO : C","3","WOMEN","true","unknown","https://www.uniqlo.com/kr/ko/men_navigation","official_navigation_preloaded_taxonomies","2026-08-03T02:01:21.580Z","{""group"":""subcategories"",""key"":""uniqlo-c"",""parent_count"":3}","2dad9b2eaa9e0b3966064c40708d8fff9be454662a8eba631cdaf427266f1f53"
"uniqlo","103249","95361","UNIQLO and JW ANDERSON","니트 & 가디건 > 니트 > UNIQLO and JW ANDERSON","니트 & 가디건 > 니트 > UNIQLO and JW ANDERSON","3","WOMEN","true","unknown","https://www.uniqlo.com/kr/ko/men_navigation","official_navigation_preloaded_taxonomies","2026-08-03T02:01:21.580Z","{""group"":""subcategories"",""key"":""uniqlo-and-jw-anderson"",""parent_count"":3}","2dad9b2eaa9e0b3966064c40708d8fff9be454662a8eba631cdaf427266f1f53"
"uniqlo","95380","95361","스무드 코튼","니트 & 가디건 > 니트 > 스무드 코튼","니트 & 가디건 > 니트 > 스무드 코튼","3","WOMEN","true","unknown","https://www.uniqlo.com/kr/ko/men_navigation","official_navigation_preloaded_taxonomies","2026-08-03T02:01:21.580Z","{""group"":""subcategories"",""key"":""smooth-cotton"",""parent_count"":3}","2dad9b2eaa9e0b3966064c40708d8fff9be454662a8eba631cdaf427266f1f53"
"uniqlo","95370","95361","3D 니트","니트 & 가디건 > 니트 > 3D 니트","니트 & 가디건 > 니트 > 3D 니트","3","WOMEN","true","unknown","https://www.uniqlo.com/kr/ko/men_navigation","official_navigation_preloaded_taxonomies","2026-08-03T02:01:21.580Z","{""group"":""subcategories"",""key"":""3d-knit"",""parent_count"":3}","2dad9b2eaa9e0b3966064c40708d8fff9be454662a8eba631cdaf427266f1f53"
"uniqlo","95373","95361","워셔블","니트 & 가디건 > 니트 > 워셔블","니트 & 가디건 > 니트 > 워셔블","3","WOMEN","true","unknown","https://www.uniqlo.com/kr/ko/men_navigation","official_navigation_preloaded_taxonomies","2026-08-03T02:01:21.580Z","{""group"":""subcategories"",""key"":""washable"",""parent_count"":3}","2dad9b2eaa9e0b3966064c40708d8fff9be454662a8eba631cdaf427266f1f53"
"uniqlo","95375","95361","가디건","니트 & 가디건 > 니트 > 가디건","니트 & 가디건 > 니트 > 가디건","3","WOMEN","true","unknown","https://www.uniqlo.com/kr/ko/men_navigation","official_navigation_preloaded_taxonomies","2026-08-03T02:01:21.580Z","{""group"":""subcategories"",""key"":""knit-cardigans"",""parent_count"":3}","2dad9b2eaa9e0b3966064c40708d8fff9be454662a8eba631cdaf427266f1f53"
"uniqlo","95378","95361","터틀넥","니트 & 가디건 > 니트 > 터틀넥","니트 & 가디건 > 니트 > 터틀넥","3","WOMEN","true","unknown","https://www.uniqlo.com/kr/ko/men_navigation","official_navigation_preloaded_taxonomies","2026-08-03T02:01:21.580Z","{""group"":""subcategories"",""key"":""turtle-neck"",""parent_count"":3}","2dad9b2eaa9e0b3966064c40708d8fff9be454662a8eba631cdaf427266f1f53"
"uniqlo","95367","95361","수플레 얀","니트 & 가디건 > 니트 > 수플레 얀","니트 & 가디건 > 니트 > 수플레 얀","3","WOMEN","true","unknown","https://www.uniqlo.com/kr/ko/men_navigation","official_navigation_preloaded_taxonomies","2026-08-03T02:01:21.580Z","{""group"":""subcategories"",""key"":""souffle-yarn"",""parent_count"":3}","2dad9b2eaa9e0b3966064c40708d8fff9be454662a8eba631cdaf427266f1f53"
"uniqlo","95368","95361","캐시미어","니트 & 가디건 > 니트 > 캐시미어","니트 & 가디건 > 니트 > 캐시미어","3","WOMEN","true","unknown","https://www.uniqlo.com/kr/ko/men_navigation","official_navigation_preloaded_taxonomies","2026-08-03T02:01:21.580Z","{""group"":""subcategories"",""key"":""cashmere"",""parent_count"":3}","2dad9b2eaa9e0b3966064c40708d8fff9be454662a8eba631cdaf427266f1f53"
"uniqlo","95363","95361","KAWS WINTER","니트 & 가디건 > 니트 > KAWS WINTER","니트 & 가디건 > 니트 > KAWS WINTER","3","WOMEN","true","unknown","https://www.uniqlo.com/kr/ko/men_navigation","official_navigation_preloaded_taxonomies","2026-08-03T02:01:21.580Z","{""group"":""subcategories"",""key"":""kaws-winter"",""parent_count"":3}","2dad9b2eaa9e0b3966064c40708d8fff9be454662a8eba631cdaf427266f1f53"
"uniqlo","95369","95361","램스울","니트 & 가디건 > 니트 > 램스울","니트 & 가디건 > 니트 > 램스울","3","WOMEN","true","unknown","https://www.uniqlo.com/kr/ko/men_navigation","official_navigation_preloaded_taxonomies","2026-08-03T02:01:21.580Z","{""group"":""subcategories"",""key"":""lambswool"",""parent_count"":3}","2dad9b2eaa9e0b3966064c40708d8fff9be454662a8eba631cdaf427266f1f53"
"uniqlo","101620","95361","Uniqlo U","니트 & 가디건 > 니트 > Uniqlo U","니트 & 가디건 > 니트 > Uniqlo U","3","WOMEN","true","unknown","https://www.uniqlo.com/kr/ko/men_navigation","official_navigation_preloaded_taxonomies","2026-08-03T02:01:21.580Z","{""group"":""subcategories"",""key"":""uniqlo-u"",""parent_count"":3}","2dad9b2eaa9e0b3966064c40708d8fff9be454662a8eba631cdaf427266f1f53"
"uniqlo","113375","95361","UNIQLO and COMPTOIR DES COTONNIERS","니트 & 가디건 > 니트 > UNIQLO and COMPTOIR DES COTONNIERS","니트 & 가디건 > 니트 > UNIQLO and COMPTOIR DES COTONNIERS","3","WOMEN","true","unknown","https://www.uniqlo.com/kr/ko/men_navigation","official_navigation_preloaded_taxonomies","2026-08-03T02:01:21.580Z","{""group"":""subcategories"",""key"":""uniqlo-and-comptoir-des-cotonniers"",""parent_count"":3}","2dad9b2eaa9e0b3966064c40708d8fff9be454662a8eba631cdaf427266f1f53"
"uniqlo","136608","95361","슬리브리스","니트 & 가디건 > 니트 > 슬리브리스","니트 & 가디건 > 니트 > 슬리브리스","3","WOMEN","true","unknown","https://www.uniqlo.com/kr/ko/men_navigation","official_navigation_preloaded_taxonomies","2026-08-03T02:01:21.580Z","{""group"":""subcategories"",""key"":""sleeveles"",""parent_count"":3}","2dad9b2eaa9e0b3966064c40708d8fff9be454662a8eba631cdaf427266f1f53"
"uniqlo","95379","95361","유니섹스","니트 & 가디건 > 니트 > 유니섹스","니트 & 가디건 > 니트 > 유니섹스","3","WOMEN","true","unknown","https://www.uniqlo.com/kr/ko/men_navigation","official_navigation_preloaded_taxonomies","2026-08-03T02:01:21.580Z","{""group"":""subcategories"",""key"":""unisex"",""parent_count"":3}","2dad9b2eaa9e0b3966064c40708d8fff9be454662a8eba631cdaf427266f1f53"
"uniqlo","102686","95361","GU","니트 & 가디건 > 니트 > GU","니트 & 가디건 > 니트 > GU","3","WOMEN","true","unknown","https://www.uniqlo.com/kr/ko/men_navigation","official_navigation_preloaded_taxonomies","2026-08-03T02:01:21.580Z","{""group"":""subcategories"",""key"":""gu"",""parent_count"":3}","2dad9b2eaa9e0b3966064c40708d8fff9be454662a8eba631cdaf427266f1f53"
"uniqlo","135281","128380","UV Protection","니트 & 가디건 > 가디건 > UV Protection","니트 & 가디건 > 가디건 > UV Protection","3","WOMEN","true","unknown","https://www.uniqlo.com/kr/ko/men_navigation","official_navigation_preloaded_taxonomies","2026-08-03T02:01:21.580Z","{""group"":""subcategories"",""key"":""uv-protection"",""parent_count"":3}","2dad9b2eaa9e0b3966064c40708d8fff9be454662a8eba631cdaf427266f1f53"
"uniqlo","128386","128380","케이블","니트 & 가디건 > 가디건 > 케이블","니트 & 가디건 > 가디건 > 케이블","3","WOMEN","true","unknown","https://www.uniqlo.com/kr/ko/men_navigation","official_navigation_preloaded_taxonomies","2026-08-03T02:01:21.580Z","{""group"":""subcategories"",""key"":""crew-neck"",""parent_count"":3}","2dad9b2eaa9e0b3966064c40708d8fff9be454662a8eba631cdaf427266f1f53"
"uniqlo","128382","128380","메리노","니트 & 가디건 > 가디건 > 메리노","니트 & 가디건 > 가디건 > 메리노","3","WOMEN","true","unknown","https://www.uniqlo.com/kr/ko/men_navigation","official_navigation_preloaded_taxonomies","2026-08-03T02:01:21.580Z","{""group"":""subcategories"",""key"":""extra-fine-merino"",""parent_count"":3}","2dad9b2eaa9e0b3966064c40708d8fff9be454662a8eba631cdaf427266f1f53"
"uniqlo","128388","128380","그 외","니트 & 가디건 > 가디건 > 그 외","니트 & 가디건 > 가디건 > 그 외","3","WOMEN","true","unknown","https://www.uniqlo.com/kr/ko/men_navigation","official_navigation_preloaded_taxonomies","2026-08-03T02:01:21.580Z","{""group"":""subcategories"",""key"":""others"",""parent_count"":3}","2dad9b2eaa9e0b3966064c40708d8fff9be454662a8eba631cdaf427266f1f53"
"uniqlo","136609","128380","브이넥","니트 & 가디건 > 가디건 > 브이넥","니트 & 가디건 > 가디건 > 브이넥","3","WOMEN","true","unknown","https://www.uniqlo.com/kr/ko/men_navigation","official_navigation_preloaded_taxonomies","2026-08-03T02:01:21.580Z","{""group"":""subcategories"",""key"":""v-neck"",""parent_count"":3}","2dad9b2eaa9e0b3966064c40708d8fff9be454662a8eba631cdaf427266f1f53"
"uniqlo","135282","128380","스무드 코튼","니트 & 가디건 > 가디건 > 스무드 코튼","니트 & 가디건 > 가디건 > 스무드 코튼","3","WOMEN","true","unknown","https://www.uniqlo.com/kr/ko/men_navigation","official_navigation_preloaded_taxonomies","2026-08-03T02:01:21.580Z","{""group"":""subcategories"",""key"":""smooth-cotton"",""parent_count"":3}","2dad9b2eaa9e0b3966064c40708d8fff9be454662a8eba631cdaf427266f1f53"
"uniqlo","128383","128380","수플레 얀","니트 & 가디건 > 가디건 > 수플레 얀","니트 & 가디건 > 가디건 > 수플레 얀","3","WOMEN","true","unknown","https://www.uniqlo.com/kr/ko/men_navigation","official_navigation_preloaded_taxonomies","2026-08-03T02:01:21.580Z","{""group"":""subcategories"",""key"":""souffle-yarn"",""parent_count"":3}","2dad9b2eaa9e0b3966064c40708d8fff9be454662a8eba631cdaf427266f1f53"
"uniqlo","128384","128380","캐시미어","니트 & 가디건 > 가디건 > 캐시미어","니트 & 가디건 > 가디건 > 캐시미어","3","WOMEN","true","unknown","https://www.uniqlo.com/kr/ko/men_navigation","official_navigation_preloaded_taxonomies","2026-08-03T02:01:21.580Z","{""group"":""subcategories"",""key"":""cashmere"",""parent_count"":3}","2dad9b2eaa9e0b3966064c40708d8fff9be454662a8eba631cdaf427266f1f53"
"uniqlo","130723","128380","후리스","니트 & 가디건 > 가디건 > 후리스","니트 & 가디건 > 가디건 > 후리스","3","WOMEN","true","unknown","https://www.uniqlo.com/kr/ko/men_navigation","official_navigation_preloaded_taxonomies","2026-08-03T02:01:21.580Z","{""group"":""subcategories"",""key"":""fleece"",""parent_count"":3}","2dad9b2eaa9e0b3966064c40708d8fff9be454662a8eba631cdaf427266f1f53"
"uniqlo","128387","128380","유니섹스","니트 & 가디건 > 가디건 > 유니섹스","니트 & 가디건 > 가디건 > 유니섹스","3","WOMEN","true","unknown","https://www.uniqlo.com/kr/ko/men_navigation","official_navigation_preloaded_taxonomies","2026-08-03T02:01:21.580Z","{""group"":""subcategories"",""key"":""unisex"",""parent_count"":3}","2dad9b2eaa9e0b3966064c40708d8fff9be454662a8eba631cdaf427266f1f53"
"uniqlo","128389","128380","GU","니트 & 가디건 > 가디건 > GU","니트 & 가디건 > 가디건 > GU","3","WOMEN","true","unknown","https://www.uniqlo.com/kr/ko/men_navigation","official_navigation_preloaded_taxonomies","2026-08-03T02:01:21.580Z","{""group"":""subcategories"",""key"":""gu"",""parent_count"":3}","2dad9b2eaa9e0b3966064c40708d8fff9be454662a8eba631cdaf427266f1f53"
"uniqlo","98251","57991","포켓터블","아우터 > 파카 & 블루종 > 포켓터블","아우터 > 파카 & 블루종 > 포켓터블","3","WOMEN","true","unknown","https://www.uniqlo.com/kr/ko/men_navigation","official_navigation_preloaded_taxonomies","2026-08-03T02:01:21.580Z","{""group"":""subcategories"",""key"":""pocketable"",""parent_count"":3}","2dad9b2eaa9e0b3966064c40708d8fff9be454662a8eba631cdaf427266f1f53"
"uniqlo","98253","57991","재킷","아우터 > 파카 & 블루종 > 재킷","아우터 > 파카 & 블루종 > 재킷","3","WOMEN","true","unknown","https://www.uniqlo.com/kr/ko/men_navigation","official_navigation_preloaded_taxonomies","2026-08-03T02:01:21.580Z","{""group"":""subcategories"",""key"":""jacket"",""parent_count"":3}","2dad9b2eaa9e0b3966064c40708d8fff9be454662a8eba631cdaf427266f1f53"
"uniqlo","58119","57991","파카","아우터 > 파카 & 블루종 > 파카","아우터 > 파카 & 블루종 > 파카","3","WOMEN","true","unknown","https://www.uniqlo.com/kr/ko/men_navigation","official_navigation_preloaded_taxonomies","2026-08-03T02:01:21.580Z","{""group"":""subcategories"",""key"":""parka"",""parent_count"":3}","2dad9b2eaa9e0b3966064c40708d8fff9be454662a8eba631cdaf427266f1f53"
"uniqlo","94951","57991","울트라 스트레치(액티브)","아우터 > 파카 & 블루종 > 울트라 스트레치(액티브)","아우터 > 파카 & 블루종 > 울트라 스트레치(액티브)","3","WOMEN","true","unknown","https://www.uniqlo.com/kr/ko/men_navigation","official_navigation_preloaded_taxonomies","2026-08-03T02:01:21.580Z","{""group"":""subcategories"",""key"":""hoodie"",""parent_count"":3}","2dad9b2eaa9e0b3966064c40708d8fff9be454662a8eba631cdaf427266f1f53"
"uniqlo","58122","57991","그 외","아우터 > 파카 & 블루종 > 그 외","아우터 > 파카 & 블루종 > 그 외","3","WOMEN","true","unknown","https://www.uniqlo.com/kr/ko/men_navigation","official_navigation_preloaded_taxonomies","2026-08-03T02:01:21.580Z","{""group"":""subcategories"",""key"":""others"",""parent_count"":3}","2dad9b2eaa9e0b3966064c40708d8fff9be454662a8eba631cdaf427266f1f53"
"uniqlo","65614","57991","Uniqlo U","아우터 > 파카 & 블루종 > Uniqlo U","아우터 > 파카 & 블루종 > Uniqlo U","3","WOMEN","true","unknown","https://www.uniqlo.com/kr/ko/men_navigation","official_navigation_preloaded_taxonomies","2026-08-03T02:01:21.580Z","{""group"":""subcategories"",""key"":""uniqlo-u"",""parent_count"":3}","2dad9b2eaa9e0b3966064c40708d8fff9be454662a8eba631cdaf427266f1f53"
"uniqlo","62519","57991","UNIQLO : C","아우터 > 파카 & 블루종 > UNIQLO : C","아우터 > 파카 & 블루종 > UNIQLO : C","3","WOMEN","true","unknown","https://www.uniqlo.com/kr/ko/men_navigation","official_navigation_preloaded_taxonomies","2026-08-03T02:01:21.580Z","{""group"":""subcategories"",""key"":""uniqlo-c"",""parent_count"":3}","2dad9b2eaa9e0b3966064c40708d8fff9be454662a8eba631cdaf427266f1f53"
"uniqlo","62520","57991","UNIQLO and JW ANDERSON","아우터 > 파카 & 블루종 > UNIQLO and JW ANDERSON","아우터 > 파카 & 블루종 > UNIQLO and JW ANDERSON","3","WOMEN","true","unknown","https://www.uniqlo.com/kr/ko/men_navigation","official_navigation_preloaded_taxonomies","2026-08-03T02:01:21.580Z","{""group"":""subcategories"",""key"":""uniqlo-and-jw-anderson"",""parent_count"":3}","2dad9b2eaa9e0b3966064c40708d8fff9be454662a8eba631cdaf427266f1f53"
"uniqlo","98252","57991","후리스","아우터 > 파카 & 블루종 > 후리스","아우터 > 파카 & 블루종 > 후리스","3","WOMEN","true","unknown","https://www.uniqlo.com/kr/ko/men_navigation","official_navigation_preloaded_taxonomies","2026-08-03T02:01:21.580Z","{""group"":""subcategories"",""key"":""fleece"",""parent_count"":3}","2dad9b2eaa9e0b3966064c40708d8fff9be454662a8eba631cdaf427266f1f53"
"uniqlo","63073","57991","유니섹스","아우터 > 파카 & 블루종 > 유니섹스","아우터 > 파카 & 블루종 > 유니섹스","3","WOMEN","true","unknown","https://www.uniqlo.com/kr/ko/men_navigation","official_navigation_preloaded_taxonomies","2026-08-03T02:01:21.580Z","{""group"":""subcategories"",""key"":""unisex"",""parent_count"":3}","2dad9b2eaa9e0b3966064c40708d8fff9be454662a8eba631cdaf427266f1f53"
"uniqlo","69641","57991","UNIQLO x Marimekko","아우터 > 파카 & 블루종 > UNIQLO x Marimekko","아우터 > 파카 & 블루종 > UNIQLO x Marimekko","3","WOMEN","true","unknown","https://www.uniqlo.com/kr/ko/men_navigation","official_navigation_preloaded_taxonomies","2026-08-03T02:01:21.580Z","{""group"":""subcategories"",""key"":""uniqlo-x-marimekko"",""parent_count"":3}","2dad9b2eaa9e0b3966064c40708d8fff9be454662a8eba631cdaf427266f1f53"
"uniqlo","98393","57991","퍼프테크","아우터 > 파카 & 블루종 > 퍼프테크","아우터 > 파카 & 블루종 > 퍼프테크","3","WOMEN","true","unknown","https://www.uniqlo.com/kr/ko/men_navigation","official_navigation_preloaded_taxonomies","2026-08-03T02:01:21.580Z","{""group"":""subcategories"",""key"":""pufftech"",""parent_count"":3}","2dad9b2eaa9e0b3966064c40708d8fff9be454662a8eba631cdaf427266f1f53"
"uniqlo","136606","57991","GU","아우터 > 파카 & 블루종 > GU","아우터 > 파카 & 블루종 > GU","3","WOMEN","true","unknown","https://www.uniqlo.com/kr/ko/men_navigation","official_navigation_preloaded_taxonomies","2026-08-03T02:01:21.580Z","{""group"":""subcategories"",""key"":""gu"",""parent_count"":3}","2dad9b2eaa9e0b3966064c40708d8fff9be454662a8eba631cdaf427266f1f53"
"uniqlo","58125","57993","캐주얼 재킷","아우터 > 재킷 & 코트 > 캐주얼 재킷","아우터 > 재킷 & 코트 > 캐주얼 재킷","3","WOMEN","true","unknown","https://www.uniqlo.com/kr/ko/men_navigation","official_navigation_preloaded_taxonomies","2026-08-03T02:01:21.580Z","{""group"":""subcategories"",""key"":""casual"",""parent_count"":3}","2dad9b2eaa9e0b3966064c40708d8fff9be454662a8eba631cdaf427266f1f53"
"uniqlo","94952","57993","재킷","아우터 > 재킷 & 코트 > 재킷","아우터 > 재킷 & 코트 > 재킷","3","WOMEN","true","unknown","https://www.uniqlo.com/kr/ko/men_navigation","official_navigation_preloaded_taxonomies","2026-08-03T02:01:21.580Z","{""group"":""subcategories"",""key"":""jacket"",""parent_count"":3}","2dad9b2eaa9e0b3966064c40708d8fff9be454662a8eba631cdaf427266f1f53"
"uniqlo","101617","57993","Uniqlo U","아우터 > 재킷 & 코트 > Uniqlo U","아우터 > 재킷 & 코트 > Uniqlo U","3","WOMEN","true","unknown","https://www.uniqlo.com/kr/ko/men_navigation","official_navigation_preloaded_taxonomies","2026-08-03T02:01:21.580Z","{""group"":""subcategories"",""key"":""uniqlo-u"",""parent_count"":3}","2dad9b2eaa9e0b3966064c40708d8fff9be454662a8eba631cdaf427266f1f53"
"uniqlo","58124","57993","감탄 재킷","아우터 > 재킷 & 코트 > 감탄 재킷","아우터 > 재킷 & 코트 > 감탄 재킷","3","WOMEN","true","unknown","https://www.uniqlo.com/kr/ko/men_navigation","official_navigation_preloaded_taxonomies","2026-08-03T02:01:21.580Z","{""group"":""subcategories"",""key"":""gamtan"",""parent_count"":3}","2dad9b2eaa9e0b3966064c40708d8fff9be454662a8eba631cdaf427266f1f53"
"uniqlo","62523","57993","UNIQLO and JW ANDERSON","아우터 > 재킷 & 코트 > UNIQLO and JW ANDERSON","아우터 > 재킷 & 코트 > UNIQLO and JW ANDERSON","3","WOMEN","true","unknown","https://www.uniqlo.com/kr/ko/men_navigation","official_navigation_preloaded_taxonomies","2026-08-03T02:01:21.580Z","{""group"":""subcategories"",""key"":""uniqlo-and-jw-anderson"",""parent_count"":3}","2dad9b2eaa9e0b3966064c40708d8fff9be454662a8eba631cdaf427266f1f53"
"uniqlo","62521","57993","UNIQLO and COMPTOIR DES COTONNIERS","아우터 > 재킷 & 코트 > UNIQLO and COMPTOIR DES COTONNIERS","아우터 > 재킷 & 코트 > UNIQLO and COMPTOIR DES COTONNIERS","3","WOMEN","true","unknown","https://www.uniqlo.com/kr/ko/men_navigation","official_navigation_preloaded_taxonomies","2026-08-03T02:01:21.580Z","{""group"":""subcategories"",""key"":""comptoir-des-cotonniers"",""parent_count"":3}","2dad9b2eaa9e0b3966064c40708d8fff9be454662a8eba631cdaf427266f1f53"
"uniqlo","58128","57993","그 외","아우터 > 재킷 & 코트 > 그 외","아우터 > 재킷 & 코트 > 그 외","3","WOMEN","true","unknown","https://www.uniqlo.com/kr/ko/men_navigation","official_navigation_preloaded_taxonomies","2026-08-03T02:01:21.580Z","{""group"":""subcategories"",""key"":""others"",""parent_count"":3}","2dad9b2eaa9e0b3966064c40708d8fff9be454662a8eba631cdaf427266f1f53"
"uniqlo","63074","57993","유니섹스","아우터 > 재킷 & 코트 > 유니섹스","아우터 > 재킷 & 코트 > 유니섹스","3","WOMEN","true","unknown","https://www.uniqlo.com/kr/ko/men_navigation","official_navigation_preloaded_taxonomies","2026-08-03T02:01:21.580Z","{""group"":""subcategories"",""key"":""unisex"",""parent_count"":3}","2dad9b2eaa9e0b3966064c40708d8fff9be454662a8eba631cdaf427266f1f53"
"uniqlo","124366","57993","GU","아우터 > 재킷 & 코트 > GU","아우터 > 재킷 & 코트 > GU","3","WOMEN","true","unknown","https://www.uniqlo.com/kr/ko/men_navigation","official_navigation_preloaded_taxonomies","2026-08-03T02:01:21.580Z","{""group"":""subcategories"",""key"":""gu"",""parent_count"":3}","2dad9b2eaa9e0b3966064c40708d8fff9be454662a8eba631cdaf427266f1f53"
"uniqlo","100396","57994","파카","아우터 > 경량 패딩 (PUFFTECH) > 파카","아우터 > 경량 패딩 (PUFFTECH) > 파카","3","WOMEN","true","unknown","https://www.uniqlo.com/kr/ko/men_navigation","official_navigation_preloaded_taxonomies","2026-08-03T02:01:21.580Z","{""group"":""subcategories"",""key"":""parka"",""parent_count"":3}","2dad9b2eaa9e0b3966064c40708d8fff9be454662a8eba631cdaf427266f1f53"
"uniqlo","58132","57994","재킷","아우터 > 경량 패딩 (PUFFTECH) > 재킷","아우터 > 경량 패딩 (PUFFTECH) > 재킷","3","WOMEN","true","unknown","https://www.uniqlo.com/kr/ko/men_navigation","official_navigation_preloaded_taxonomies","2026-08-03T02:01:21.580Z","{""group"":""subcategories"",""key"":""jacket"",""parent_count"":3}","2dad9b2eaa9e0b3966064c40708d8fff9be454662a8eba631cdaf427266f1f53"
"uniqlo","58131","57994","베스트","아우터 > 경량 패딩 (PUFFTECH) > 베스트","아우터 > 경량 패딩 (PUFFTECH) > 베스트","3","WOMEN","true","unknown","https://www.uniqlo.com/kr/ko/men_navigation","official_navigation_preloaded_taxonomies","2026-08-03T02:01:21.580Z","{""group"":""subcategories"",""key"":""vest"",""parent_count"":3}","2dad9b2eaa9e0b3966064c40708d8fff9be454662a8eba631cdaf427266f1f53"
"uniqlo","98254","57994","코트","아우터 > 경량 패딩 (PUFFTECH) > 코트","아우터 > 경량 패딩 (PUFFTECH) > 코트","3","WOMEN","true","unknown","https://www.uniqlo.com/kr/ko/men_navigation","official_navigation_preloaded_taxonomies","2026-08-03T02:01:21.580Z","{""group"":""subcategories"",""key"":""coat"",""parent_count"":3}","2dad9b2eaa9e0b3966064c40708d8fff9be454662a8eba631cdaf427266f1f53"
"uniqlo","98255","57994","컴팩트","아우터 > 경량 패딩 (PUFFTECH) > 컴팩트","아우터 > 경량 패딩 (PUFFTECH) > 컴팩트","3","WOMEN","true","unknown","https://www.uniqlo.com/kr/ko/men_navigation","official_navigation_preloaded_taxonomies","2026-08-03T02:01:21.580Z","{""group"":""subcategories"",""key"":""compact"",""parent_count"":3}","2dad9b2eaa9e0b3966064c40708d8fff9be454662a8eba631cdaf427266f1f53"
"uniqlo","58130","57994","퍼프테크","아우터 > 경량 패딩 (PUFFTECH) > 퍼프테크","아우터 > 경량 패딩 (PUFFTECH) > 퍼프테크","3","WOMEN","true","unknown","https://www.uniqlo.com/kr/ko/men_navigation","official_navigation_preloaded_taxonomies","2026-08-03T02:01:21.580Z","{""group"":""subcategories"",""key"":""pufftech"",""parent_count"":3}","2dad9b2eaa9e0b3966064c40708d8fff9be454662a8eba631cdaf427266f1f53"
"uniqlo","58129","57994","울트라 라이트 다운","아우터 > 경량 패딩 (PUFFTECH) > 울트라 라이트 다운","아우터 > 경량 패딩 (PUFFTECH) > 울트라 라이트 다운","3","WOMEN","true","unknown","https://www.uniqlo.com/kr/ko/men_navigation","official_navigation_preloaded_taxonomies","2026-08-03T02:01:21.580Z","{""group"":""subcategories"",""key"":""ultra-light-down"",""parent_count"":3}","2dad9b2eaa9e0b3966064c40708d8fff9be454662a8eba631cdaf427266f1f53"
"uniqlo","123529","57994","UNIQLO : C","아우터 > 경량 패딩 (PUFFTECH) > UNIQLO : C","아우터 > 경량 패딩 (PUFFTECH) > UNIQLO : C","3","WOMEN","true","unknown","https://www.uniqlo.com/kr/ko/men_navigation","official_navigation_preloaded_taxonomies","2026-08-03T02:01:21.580Z","{""group"":""subcategories"",""key"":""uniqlo-c"",""parent_count"":3}","2dad9b2eaa9e0b3966064c40708d8fff9be454662a8eba631cdaf427266f1f53"
"uniqlo","101618","57994","Uniqlo U","아우터 > 경량 패딩 (PUFFTECH) > Uniqlo U","아우터 > 경량 패딩 (PUFFTECH) > Uniqlo U","3","WOMEN","true","unknown","https://www.uniqlo.com/kr/ko/men_navigation","official_navigation_preloaded_taxonomies","2026-08-03T02:01:21.580Z","{""group"":""subcategories"",""key"":""uniqlo-u"",""parent_count"":3}","2dad9b2eaa9e0b3966064c40708d8fff9be454662a8eba631cdaf427266f1f53"
"uniqlo","58134","57994","그 외","아우터 > 경량 패딩 (PUFFTECH) > 그 외","아우터 > 경량 패딩 (PUFFTECH) > 그 외","3","WOMEN","true","unknown","https://www.uniqlo.com/kr/ko/men_navigation","official_navigation_preloaded_taxonomies","2026-08-03T02:01:21.580Z","{""group"":""subcategories"",""key"":""others"",""parent_count"":3}","2dad9b2eaa9e0b3966064c40708d8fff9be454662a8eba631cdaf427266f1f53"
"uniqlo","63075","57994","유니섹스","아우터 > 경량 패딩 (PUFFTECH) > 유니섹스","아우터 > 경량 패딩 (PUFFTECH) > 유니섹스","3","WOMEN","true","unknown","https://www.uniqlo.com/kr/ko/men_navigation","official_navigation_preloaded_taxonomies","2026-08-03T02:01:21.580Z","{""group"":""subcategories"",""key"":""unisex"",""parent_count"":3}","2dad9b2eaa9e0b3966064c40708d8fff9be454662a8eba631cdaf427266f1f53"
"uniqlo","149938","149931","저지","팬츠 > 배럴 레그 팬츠 > 저지","팬츠 > 배럴 레그 팬츠 > 저지","3","WOMEN","true","unknown","https://www.uniqlo.com/kr/ko/men_navigation","official_navigation_preloaded_taxonomies","2026-08-03T02:01:21.580Z","{""group"":""subcategories"",""key"":""jersey"",""parent_count"":3}","2dad9b2eaa9e0b3966064c40708d8fff9be454662a8eba631cdaf427266f1f53"
"uniqlo","149934","149931","데님","팬츠 > 배럴 레그 팬츠 > 데님","팬츠 > 배럴 레그 팬츠 > 데님","3","WOMEN","true","unknown","https://www.uniqlo.com/kr/ko/men_navigation","official_navigation_preloaded_taxonomies","2026-08-03T02:01:21.580Z","{""group"":""subcategories"",""key"":""denim"",""parent_count"":3}","2dad9b2eaa9e0b3966064c40708d8fff9be454662a8eba631cdaf427266f1f53"
"uniqlo","149933","149931","그 외","팬츠 > 배럴 레그 팬츠 > 그 외","팬츠 > 배럴 레그 팬츠 > 그 외","3","WOMEN","true","unknown","https://www.uniqlo.com/kr/ko/men_navigation","official_navigation_preloaded_taxonomies","2026-08-03T02:01:21.580Z","{""group"":""subcategories"",""key"":""others"",""parent_count"":3}","2dad9b2eaa9e0b3966064c40708d8fff9be454662a8eba631cdaf427266f1f53"
"uniqlo","149935","149931","긴 기장","팬츠 > 배럴 레그 팬츠 > 긴 기장","팬츠 > 배럴 레그 팬츠 > 긴 기장","3","WOMEN","true","unknown","https://www.uniqlo.com/kr/ko/men_navigation","official_navigation_preloaded_taxonomies","2026-08-03T02:01:21.580Z","{""group"":""subcategories"",""key"":""long-length"",""parent_count"":3}","2dad9b2eaa9e0b3966064c40708d8fff9be454662a8eba631cdaf427266f1f53"
"uniqlo","149936","149931","유니섹스","팬츠 > 배럴 레그 팬츠 > 유니섹스","팬츠 > 배럴 레그 팬츠 > 유니섹스","3","WOMEN","true","unknown","https://www.uniqlo.com/kr/ko/men_navigation","official_navigation_preloaded_taxonomies","2026-08-03T02:01:21.580Z","{""group"":""subcategories"",""key"":""unisex"",""parent_count"":3}","2dad9b2eaa9e0b3966064c40708d8fff9be454662a8eba631cdaf427266f1f53"
"uniqlo","114719","58010","데님","팬츠 > 쇼트 팬츠(반바지) > 데님","팬츠 > 쇼트 팬츠(반바지) > 데님","3","WOMEN","true","unknown","https://www.uniqlo.com/kr/ko/men_navigation","official_navigation_preloaded_taxonomies","2026-08-03T02:01:21.580Z","{""group"":""subcategories"",""key"":""denim"",""parent_count"":3}","2dad9b2eaa9e0b3966064c40708d8fff9be454662a8eba631cdaf427266f1f53"
"uniqlo","84787","58010","리넨","팬츠 > 쇼트 팬츠(반바지) > 리넨","팬츠 > 쇼트 팬츠(반바지) > 리넨","3","WOMEN","true","unknown","https://www.uniqlo.com/kr/ko/men_navigation","official_navigation_preloaded_taxonomies","2026-08-03T02:01:21.580Z","{""group"":""subcategories"",""key"":""linen"",""parent_count"":3}","2dad9b2eaa9e0b3966064c40708d8fff9be454662a8eba631cdaf427266f1f53"
"uniqlo","58231","58010","반바지","팬츠 > 쇼트 팬츠(반바지) > 반바지","팬츠 > 쇼트 팬츠(반바지) > 반바지","3","WOMEN","true","unknown","https://www.uniqlo.com/kr/ko/men_navigation","official_navigation_preloaded_taxonomies","2026-08-03T02:01:21.580Z","{""group"":""subcategories"",""key"":""easy-shorts"",""parent_count"":3}","2dad9b2eaa9e0b3966064c40708d8fff9be454662a8eba631cdaf427266f1f53"
"uniqlo","141892","58010","큐롯","팬츠 > 쇼트 팬츠(반바지) > 큐롯","팬츠 > 쇼트 팬츠(반바지) > 큐롯","3","WOMEN","true","unknown","https://www.uniqlo.com/kr/ko/men_navigation","official_navigation_preloaded_taxonomies","2026-08-03T02:01:21.580Z","{""group"":""subcategories"",""key"":""culottes"",""parent_count"":3}","2dad9b2eaa9e0b3966064c40708d8fff9be454662a8eba631cdaf427266f1f53"
"uniqlo","119481","58010","액티브","팬츠 > 쇼트 팬츠(반바지) > 액티브","팬츠 > 쇼트 팬츠(반바지) > 액티브","3","WOMEN","true","unknown","https://www.uniqlo.com/kr/ko/men_navigation","official_navigation_preloaded_taxonomies","2026-08-03T02:01:21.580Z","{""group"":""subcategories"",""key"":""active"",""parent_count"":3}","2dad9b2eaa9e0b3966064c40708d8fff9be454662a8eba631cdaf427266f1f53"
"uniqlo","96370","58010","스코츠","팬츠 > 쇼트 팬츠(반바지) > 스코츠","팬츠 > 쇼트 팬츠(반바지) > 스코츠","3","WOMEN","true","unknown","https://www.uniqlo.com/kr/ko/men_navigation","official_navigation_preloaded_taxonomies","2026-08-03T02:01:21.580Z","{""group"":""subcategories"",""key"":""skort"",""parent_count"":3}","2dad9b2eaa9e0b3966064c40708d8fff9be454662a8eba631cdaf427266f1f53"
"uniqlo","61228","58010","버뮤다","팬츠 > 쇼트 팬츠(반바지) > 버뮤다","팬츠 > 쇼트 팬츠(반바지) > 버뮤다","3","WOMEN","true","unknown","https://www.uniqlo.com/kr/ko/men_navigation","official_navigation_preloaded_taxonomies","2026-08-03T02:01:21.580Z","{""group"":""subcategories"",""key"":""cargo-and-utility"",""parent_count"":3}","2dad9b2eaa9e0b3966064c40708d8fff9be454662a8eba631cdaf427266f1f53"
"uniqlo","123155","58010","RELACO(7부)","팬츠 > 쇼트 팬츠(반바지) > RELACO(7부)","팬츠 > 쇼트 팬츠(반바지) > RELACO(7부)","3","WOMEN","true","unknown","https://www.uniqlo.com/kr/ko/men_navigation","official_navigation_preloaded_taxonomies","2026-08-03T02:01:21.580Z","{""group"":""subcategories"",""key"":""relaco"",""parent_count"":3}","2dad9b2eaa9e0b3966064c40708d8fff9be454662a8eba631cdaf427266f1f53"
"uniqlo","63087","58010","유니섹스","팬츠 > 쇼트 팬츠(반바지) > 유니섹스","팬츠 > 쇼트 팬츠(반바지) > 유니섹스","3","WOMEN","true","unknown","https://www.uniqlo.com/kr/ko/men_navigation","official_navigation_preloaded_taxonomies","2026-08-03T02:01:21.580Z","{""group"":""subcategories"",""key"":""unisex"",""parent_count"":3}","2dad9b2eaa9e0b3966064c40708d8fff9be454662a8eba631cdaf427266f1f53"
"uniqlo","62572","58010","그 외","팬츠 > 쇼트 팬츠(반바지) > 그 외","팬츠 > 쇼트 팬츠(반바지) > 그 외","3","WOMEN","true","unknown","https://www.uniqlo.com/kr/ko/men_navigation","official_navigation_preloaded_taxonomies","2026-08-03T02:01:21.580Z","{""group"":""subcategories"",""key"":""others"",""parent_count"":3}","2dad9b2eaa9e0b3966064c40708d8fff9be454662a8eba631cdaf427266f1f53"
"uniqlo","124363","58010","GU","팬츠 > 쇼트 팬츠(반바지) > GU","팬츠 > 쇼트 팬츠(반바지) > GU","3","WOMEN","true","unknown","https://www.uniqlo.com/kr/ko/men_navigation","official_navigation_preloaded_taxonomies","2026-08-03T02:01:21.580Z","{""group"":""subcategories"",""key"":""gu"",""parent_count"":3}","2dad9b2eaa9e0b3966064c40708d8fff9be454662a8eba631cdaf427266f1f53"
"uniqlo","115018","58010","UNIQLO : C","팬츠 > 쇼트 팬츠(반바지) > UNIQLO : C","팬츠 > 쇼트 팬츠(반바지) > UNIQLO : C","3","WOMEN","true","unknown","https://www.uniqlo.com/kr/ko/men_navigation","official_navigation_preloaded_taxonomies","2026-08-03T02:01:21.580Z","{""group"":""subcategories"",""key"":""uniqlo-c"",""parent_count"":3}","2dad9b2eaa9e0b3966064c40708d8fff9be454662a8eba631cdaf427266f1f53"
"uniqlo","81718","58004","유틸리티(커브ㆍ카고)","팬츠 > 캐주얼 팬츠 > 유틸리티(커브ㆍ카고)","팬츠 > 캐주얼 팬츠 > 유틸리티(커브ㆍ카고)","3","WOMEN","true","unknown","https://www.uniqlo.com/kr/ko/men_navigation","official_navigation_preloaded_taxonomies","2026-08-03T02:01:21.580Z","{""group"":""subcategories"",""key"":""work-pants"",""parent_count"":3}","2dad9b2eaa9e0b3966064c40708d8fff9be454662a8eba631cdaf427266f1f53"
"uniqlo","87954","58004","이지(허리 밴딩)","팬츠 > 캐주얼 팬츠 > 이지(허리 밴딩)","팬츠 > 캐주얼 팬츠 > 이지(허리 밴딩)","3","WOMEN","true","unknown","https://www.uniqlo.com/kr/ko/men_navigation","official_navigation_preloaded_taxonomies","2026-08-03T02:01:21.580Z","{""group"":""subcategories"",""key"":""easy"",""parent_count"":3}","2dad9b2eaa9e0b3966064c40708d8fff9be454662a8eba631cdaf427266f1f53"
"uniqlo","58204","58004","울트라 스트레치","팬츠 > 캐주얼 팬츠 > 울트라 스트레치","팬츠 > 캐주얼 팬츠 > 울트라 스트레치","3","WOMEN","true","unknown","https://www.uniqlo.com/kr/ko/men_navigation","official_navigation_preloaded_taxonomies","2026-08-03T02:01:21.580Z","{""group"":""subcategories"",""key"":""ultra-stretch"",""parent_count"":3}","2dad9b2eaa9e0b3966064c40708d8fff9be454662a8eba631cdaf427266f1f53"
"uniqlo","58206","58004","큐롯","팬츠 > 캐주얼 팬츠 > 큐롯","팬츠 > 캐주얼 팬츠 > 큐롯","3","WOMEN","true","unknown","https://www.uniqlo.com/kr/ko/men_navigation","official_navigation_preloaded_taxonomies","2026-08-03T02:01:21.580Z","{""group"":""subcategories"",""key"":""culottes"",""parent_count"":3}","2dad9b2eaa9e0b3966064c40708d8fff9be454662a8eba631cdaf427266f1f53"
"uniqlo","58205","58004","리넨","팬츠 > 캐주얼 팬츠 > 리넨","팬츠 > 캐주얼 팬츠 > 리넨","3","WOMEN","true","unknown","https://www.uniqlo.com/kr/ko/men_navigation","official_navigation_preloaded_taxonomies","2026-08-03T02:01:21.580Z","{""group"":""subcategories"",""key"":""linen"",""parent_count"":3}","2dad9b2eaa9e0b3966064c40708d8fff9be454662a8eba631cdaf427266f1f53"
"uniqlo","103994","58004","스웨트","팬츠 > 캐주얼 팬츠 > 스웨트","팬츠 > 캐주얼 팬츠 > 스웨트","3","WOMEN","true","unknown","https://www.uniqlo.com/kr/ko/men_navigation","official_navigation_preloaded_taxonomies","2026-08-03T02:01:21.580Z","{""group"":""subcategories"",""key"":""sweat"",""parent_count"":3}","2dad9b2eaa9e0b3966064c40708d8fff9be454662a8eba631cdaf427266f1f53"
"uniqlo","125774","58004","코튼 앵클","팬츠 > 캐주얼 팬츠 > 코튼 앵클","팬츠 > 캐주얼 팬츠 > 코튼 앵클","3","WOMEN","true","unknown","https://www.uniqlo.com/kr/ko/men_navigation","official_navigation_preloaded_taxonomies","2026-08-03T02:01:21.580Z","{""group"":""subcategories"",""key"":""tapered"",""parent_count"":3}","2dad9b2eaa9e0b3966064c40708d8fff9be454662a8eba631cdaf427266f1f53"
"uniqlo","63084","58004","웜 팬츠","팬츠 > 캐주얼 팬츠 > 웜 팬츠","팬츠 > 캐주얼 팬츠 > 웜 팬츠","3","WOMEN","true","unknown","https://www.uniqlo.com/kr/ko/men_navigation","official_navigation_preloaded_taxonomies","2026-08-03T02:01:21.580Z","{""group"":""subcategories"",""key"":""heattech-pants"",""parent_count"":3}","2dad9b2eaa9e0b3966064c40708d8fff9be454662a8eba631cdaf427266f1f53"
"uniqlo","63085","58004","유니섹스","팬츠 > 캐주얼 팬츠 > 유니섹스","팬츠 > 캐주얼 팬츠 > 유니섹스","3","WOMEN","true","unknown","https://www.uniqlo.com/kr/ko/men_navigation","official_navigation_preloaded_taxonomies","2026-08-03T02:01:21.580Z","{""group"":""subcategories"",""key"":""unisex"",""parent_count"":3}","2dad9b2eaa9e0b3966064c40708d8fff9be454662a8eba631cdaf427266f1f53"
"uniqlo","147619","58004","립","팬츠 > 캐주얼 팬츠 > 립","팬츠 > 캐주얼 팬츠 > 립","3","WOMEN","true","unknown","https://www.uniqlo.com/kr/ko/men_navigation","official_navigation_preloaded_taxonomies","2026-08-03T02:01:21.580Z","{""group"":""subcategories"",""key"":""ribbed"",""parent_count"":3}","2dad9b2eaa9e0b3966064c40708d8fff9be454662a8eba631cdaf427266f1f53"
"uniqlo","125806","58004","워셔블 니트","팬츠 > 캐주얼 팬츠 > 워셔블 니트","팬츠 > 캐주얼 팬츠 > 워셔블 니트","3","WOMEN","true","unknown","https://www.uniqlo.com/kr/ko/men_navigation","official_navigation_preloaded_taxonomies","2026-08-03T02:01:21.580Z","{""group"":""subcategories"",""key"":""washable"",""parent_count"":3}","2dad9b2eaa9e0b3966064c40708d8fff9be454662a8eba631cdaf427266f1f53"
"uniqlo","58208","58004","그 외","팬츠 > 캐주얼 팬츠 > 그 외","팬츠 > 캐주얼 팬츠 > 그 외","3","WOMEN","true","unknown","https://www.uniqlo.com/kr/ko/men_navigation","official_navigation_preloaded_taxonomies","2026-08-03T02:01:21.580Z","{""group"":""subcategories"",""key"":""others"",""parent_count"":3}","2dad9b2eaa9e0b3966064c40708d8fff9be454662a8eba631cdaf427266f1f53"
"uniqlo","124362","58004","GU","팬츠 > 캐주얼 팬츠 > GU","팬츠 > 캐주얼 팬츠 > GU","3","WOMEN","true","unknown","https://www.uniqlo.com/kr/ko/men_navigation","official_navigation_preloaded_taxonomies","2026-08-03T02:01:21.580Z","{""group"":""subcategories"",""key"":""gu"",""parent_count"":3}","2dad9b2eaa9e0b3966064c40708d8fff9be454662a8eba631cdaf427266f1f53"
"uniqlo","131453","58004","후리스","팬츠 > 캐주얼 팬츠 > 후리스","팬츠 > 캐주얼 팬츠 > 후리스","3","WOMEN","true","unknown","https://www.uniqlo.com/kr/ko/men_navigation","official_navigation_preloaded_taxonomies","2026-08-03T02:01:21.580Z","{""group"":""subcategories"",""key"":""fleece"",""parent_count"":3}","2dad9b2eaa9e0b3966064c40708d8fff9be454662a8eba631cdaf427266f1f53"
"uniqlo","62569","58004","UNIQLO : C","팬츠 > 캐주얼 팬츠 > UNIQLO : C","팬츠 > 캐주얼 팬츠 > UNIQLO : C","3","WOMEN","true","unknown","https://www.uniqlo.com/kr/ko/men_navigation","official_navigation_preloaded_taxonomies","2026-08-03T02:01:21.580Z","{""group"":""subcategories"",""key"":""uniqlo-c"",""parent_count"":3}","2dad9b2eaa9e0b3966064c40708d8fff9be454662a8eba631cdaf427266f1f53"
"uniqlo","62566","58004","Uniqlo U","팬츠 > 캐주얼 팬츠 > Uniqlo U","팬츠 > 캐주얼 팬츠 > Uniqlo U","3","WOMEN","true","unknown","https://www.uniqlo.com/kr/ko/men_navigation","official_navigation_preloaded_taxonomies","2026-08-03T02:01:21.580Z","{""group"":""subcategories"",""key"":""uniqlo-u"",""parent_count"":3}","2dad9b2eaa9e0b3966064c40708d8fff9be454662a8eba631cdaf427266f1f53"
"uniqlo","62567","58004","UNIQLO and COMPTOIR DES COTONNIERS","팬츠 > 캐주얼 팬츠 > UNIQLO and COMPTOIR DES COTONNIERS","팬츠 > 캐주얼 팬츠 > UNIQLO and COMPTOIR DES COTONNIERS","3","WOMEN","true","unknown","https://www.uniqlo.com/kr/ko/men_navigation","official_navigation_preloaded_taxonomies","2026-08-03T02:01:21.580Z","{""group"":""subcategories"",""key"":""uniqlo-and-comptoir-des-cotonniers"",""parent_count"":3}","2dad9b2eaa9e0b3966064c40708d8fff9be454662a8eba631cdaf427266f1f53"
"uniqlo","58193","58002","유틸리티(커브ㆍ카고)","팬츠 > 와이드 팬츠 > 유틸리티(커브ㆍ카고)","팬츠 > 와이드 팬츠 > 유틸리티(커브ㆍ카고)","3","WOMEN","true","unknown","https://www.uniqlo.com/kr/ko/men_navigation","official_navigation_preloaded_taxonomies","2026-08-03T02:01:21.580Z","{""group"":""subcategories"",""key"":""work-pants"",""parent_count"":3}","2dad9b2eaa9e0b3966064c40708d8fff9be454662a8eba631cdaf427266f1f53"
"uniqlo","96140","58002","이지(허리 밴딩)","팬츠 > 와이드 팬츠 > 이지(허리 밴딩)","팬츠 > 와이드 팬츠 > 이지(허리 밴딩)","3","WOMEN","true","unknown","https://www.uniqlo.com/kr/ko/men_navigation","official_navigation_preloaded_taxonomies","2026-08-03T02:01:21.580Z","{""group"":""subcategories"",""key"":""easy"",""parent_count"":3}","2dad9b2eaa9e0b3966064c40708d8fff9be454662a8eba631cdaf427266f1f53"
"uniqlo","58190","58002","데님","팬츠 > 와이드 팬츠 > 데님","팬츠 > 와이드 팬츠 > 데님","3","WOMEN","true","unknown","https://www.uniqlo.com/kr/ko/men_navigation","official_navigation_preloaded_taxonomies","2026-08-03T02:01:21.580Z","{""group"":""subcategories"",""key"":""denim"",""parent_count"":3}","2dad9b2eaa9e0b3966064c40708d8fff9be454662a8eba631cdaf427266f1f53"
"uniqlo","58189","58002","슬랙스","팬츠 > 와이드 팬츠 > 슬랙스","팬츠 > 와이드 팬츠 > 슬랙스","3","WOMEN","true","unknown","https://www.uniqlo.com/kr/ko/men_navigation","official_navigation_preloaded_taxonomies","2026-08-03T02:01:21.580Z","{""group"":""subcategories"",""key"":""trousers"",""parent_count"":3}","2dad9b2eaa9e0b3966064c40708d8fff9be454662a8eba631cdaf427266f1f53"
"uniqlo","96139","58002","치노","팬츠 > 와이드 팬츠 > 치노","팬츠 > 와이드 팬츠 > 치노","3","WOMEN","true","unknown","https://www.uniqlo.com/kr/ko/men_navigation","official_navigation_preloaded_taxonomies","2026-08-03T02:01:21.580Z","{""group"":""subcategories"",""key"":""chino"",""parent_count"":3}","2dad9b2eaa9e0b3966064c40708d8fff9be454662a8eba631cdaf427266f1f53"
"uniqlo","148875","58002","스웨트","팬츠 > 와이드 팬츠 > 스웨트","팬츠 > 와이드 팬츠 > 스웨트","3","WOMEN","true","unknown","https://www.uniqlo.com/kr/ko/men_navigation","official_navigation_preloaded_taxonomies","2026-08-03T02:01:21.580Z","{""group"":""subcategories"",""key"":""sweats"",""parent_count"":3}","2dad9b2eaa9e0b3966064c40708d8fff9be454662a8eba631cdaf427266f1f53"
"uniqlo","136615","58002","긴 기장","팬츠 > 와이드 팬츠 > 긴 기장","팬츠 > 와이드 팬츠 > 긴 기장","3","WOMEN","true","unknown","https://www.uniqlo.com/kr/ko/men_navigation","official_navigation_preloaded_taxonomies","2026-08-03T02:01:21.580Z","{""group"":""subcategories"",""key"":""long-length"",""parent_count"":3}","2dad9b2eaa9e0b3966064c40708d8fff9be454662a8eba631cdaf427266f1f53"
"uniqlo","63081","58002","유니섹스","팬츠 > 와이드 팬츠 > 유니섹스","팬츠 > 와이드 팬츠 > 유니섹스","3","WOMEN","true","unknown","https://www.uniqlo.com/kr/ko/men_navigation","official_navigation_preloaded_taxonomies","2026-08-03T02:01:21.580Z","{""group"":""subcategories"",""key"":""unisex"",""parent_count"":3}","2dad9b2eaa9e0b3966064c40708d8fff9be454662a8eba631cdaf427266f1f53"
"uniqlo","103250","58002","UNIQLO and JW ANDERSON","팬츠 > 와이드 팬츠 > UNIQLO and JW ANDERSON","팬츠 > 와이드 팬츠 > UNIQLO and JW ANDERSON","3","WOMEN","true","unknown","https://www.uniqlo.com/kr/ko/men_navigation","official_navigation_preloaded_taxonomies","2026-08-03T02:01:21.580Z","{""group"":""subcategories"",""key"":""uniqlo-and-jw-anderson"",""parent_count"":3}","2dad9b2eaa9e0b3966064c40708d8fff9be454662a8eba631cdaf427266f1f53"
"uniqlo","65647","58002","UNIQLO : C","팬츠 > 와이드 팬츠 > UNIQLO : C","팬츠 > 와이드 팬츠 > UNIQLO : C","3","WOMEN","true","unknown","https://www.uniqlo.com/kr/ko/men_navigation","official_navigation_preloaded_taxonomies","2026-08-03T02:01:21.580Z","{""group"":""subcategories"",""key"":""uniqlo-c"",""parent_count"":3}","2dad9b2eaa9e0b3966064c40708d8fff9be454662a8eba631cdaf427266f1f53"
"uniqlo","94118","58002","그 외","팬츠 > 와이드 팬츠 > 그 외","팬츠 > 와이드 팬츠 > 그 외","3","WOMEN","true","unknown","https://www.uniqlo.com/kr/ko/men_navigation","official_navigation_preloaded_taxonomies","2026-08-03T02:01:21.580Z","{""group"":""subcategories"",""key"":""others"",""parent_count"":3}","2dad9b2eaa9e0b3966064c40708d8fff9be454662a8eba631cdaf427266f1f53"
"uniqlo","124361","58002","GU","팬츠 > 와이드 팬츠 > GU","팬츠 > 와이드 팬츠 > GU","3","WOMEN","true","unknown","https://www.uniqlo.com/kr/ko/men_navigation","official_navigation_preloaded_taxonomies","2026-08-03T02:01:21.580Z","{""group"":""subcategories"",""key"":""gu"",""parent_count"":3}","2dad9b2eaa9e0b3966064c40708d8fff9be454662a8eba631cdaf427266f1f53"
"uniqlo","61227","58002","Uniqlo U","팬츠 > 와이드 팬츠 > Uniqlo U","팬츠 > 와이드 팬츠 > Uniqlo U","3","WOMEN","true","unknown","https://www.uniqlo.com/kr/ko/men_navigation","official_navigation_preloaded_taxonomies","2026-08-03T02:01:21.580Z","{""group"":""subcategories"",""key"":""uniqlo-u"",""parent_count"":3}","2dad9b2eaa9e0b3966064c40708d8fff9be454662a8eba631cdaf427266f1f53"
"uniqlo","102591","58002","UNIQLO and COMPTOIR DES COTONNIERS","팬츠 > 와이드 팬츠 > UNIQLO and COMPTOIR DES COTONNIERS","팬츠 > 와이드 팬츠 > UNIQLO and COMPTOIR DES COTONNIERS","3","WOMEN","true","unknown","https://www.uniqlo.com/kr/ko/men_navigation","official_navigation_preloaded_taxonomies","2026-08-03T02:01:21.580Z","{""group"":""subcategories"",""key"":""uniqlo-and-comptoir-des-cotonniers"",""parent_count"":3}","2dad9b2eaa9e0b3966064c40708d8fff9be454662a8eba631cdaf427266f1f53"
"uniqlo","63082","58003","배기","팬츠 > 진(청바지) > 배기","팬츠 > 진(청바지) > 배기","3","WOMEN","true","unknown","https://www.uniqlo.com/kr/ko/men_navigation","official_navigation_preloaded_taxonomies","2026-08-03T02:01:21.580Z","{""group"":""subcategories"",""key"":""baggy"",""parent_count"":3}","2dad9b2eaa9e0b3966064c40708d8fff9be454662a8eba631cdaf427266f1f53"
"uniqlo","94357","58003","와이드","팬츠 > 진(청바지) > 와이드","팬츠 > 진(청바지) > 와이드","3","WOMEN","true","unknown","https://www.uniqlo.com/kr/ko/men_navigation","official_navigation_preloaded_taxonomies","2026-08-03T02:01:21.580Z","{""group"":""subcategories"",""key"":""wide"",""parent_count"":3}","2dad9b2eaa9e0b3966064c40708d8fff9be454662a8eba631cdaf427266f1f53"
"uniqlo","107786","58003","UNIQLO and JW ANDERSON","팬츠 > 진(청바지) > UNIQLO and JW ANDERSON","팬츠 > 진(청바지) > UNIQLO and JW ANDERSON","3","WOMEN","true","unknown","https://www.uniqlo.com/kr/ko/men_navigation","official_navigation_preloaded_taxonomies","2026-08-03T02:01:21.580Z","{""group"":""subcategories"",""key"":""uniqlo-and-jw-anderson"",""parent_count"":3}","2dad9b2eaa9e0b3966064c40708d8fff9be454662a8eba631cdaf427266f1f53"
"uniqlo","149272","58003","레귤러","팬츠 > 진(청바지) > 레귤러","팬츠 > 진(청바지) > 레귤러","3","WOMEN","true","unknown","https://www.uniqlo.com/kr/ko/men_navigation","official_navigation_preloaded_taxonomies","2026-08-03T02:01:21.580Z","{""group"":""subcategories"",""key"":""regular"",""parent_count"":3}","2dad9b2eaa9e0b3966064c40708d8fff9be454662a8eba631cdaf427266f1f53"
"uniqlo","123154","58003","슬림","팬츠 > 진(청바지) > 슬림","팬츠 > 진(청바지) > 슬림","3","WOMEN","true","unknown","https://www.uniqlo.com/kr/ko/men_navigation","official_navigation_preloaded_taxonomies","2026-08-03T02:01:21.580Z","{""group"":""subcategories"",""key"":""slim"",""parent_count"":3}","2dad9b2eaa9e0b3966064c40708d8fff9be454662a8eba631cdaf427266f1f53"
"uniqlo","58196","58003","스키니","팬츠 > 진(청바지) > 스키니","팬츠 > 진(청바지) > 스키니","3","WOMEN","true","unknown","https://www.uniqlo.com/kr/ko/men_navigation","official_navigation_preloaded_taxonomies","2026-08-03T02:01:21.580Z","{""group"":""subcategories"",""key"":""skinny"",""parent_count"":3}","2dad9b2eaa9e0b3966064c40708d8fff9be454662a8eba631cdaf427266f1f53"
"uniqlo","65648","58003","UNIQLO : C","팬츠 > 진(청바지) > UNIQLO : C","팬츠 > 진(청바지) > UNIQLO : C","3","WOMEN","true","unknown","https://www.uniqlo.com/kr/ko/men_navigation","official_navigation_preloaded_taxonomies","2026-08-03T02:01:21.580Z","{""group"":""subcategories"",""key"":""uniqlo-c"",""parent_count"":3}","2dad9b2eaa9e0b3966064c40708d8fff9be454662a8eba631cdaf427266f1f53"
"uniqlo","58199","58003","그 외","팬츠 > 진(청바지) > 그 외","팬츠 > 진(청바지) > 그 외","3","WOMEN","true","unknown","https://www.uniqlo.com/kr/ko/men_navigation","official_navigation_preloaded_taxonomies","2026-08-03T02:01:21.580Z","{""group"":""subcategories"",""key"":""others"",""parent_count"":3}","2dad9b2eaa9e0b3966064c40708d8fff9be454662a8eba631cdaf427266f1f53"
"uniqlo","61225","58003","Uniqlo U","팬츠 > 진(청바지) > Uniqlo U","팬츠 > 진(청바지) > Uniqlo U","3","WOMEN","true","unknown","https://www.uniqlo.com/kr/ko/men_navigation","official_navigation_preloaded_taxonomies","2026-08-03T02:01:21.580Z","{""group"":""subcategories"",""key"":""uniqlo-u"",""parent_count"":3}","2dad9b2eaa9e0b3966064c40708d8fff9be454662a8eba631cdaf427266f1f53"
"uniqlo","62564","58003","히트텍","팬츠 > 진(청바지) > 히트텍","팬츠 > 진(청바지) > 히트텍","3","WOMEN","true","unknown","https://www.uniqlo.com/kr/ko/men_navigation","official_navigation_preloaded_taxonomies","2026-08-03T02:01:21.580Z","{""group"":""subcategories"",""key"":""heattech"",""parent_count"":3}","2dad9b2eaa9e0b3966064c40708d8fff9be454662a8eba631cdaf427266f1f53"
"uniqlo","63083","58003","유니섹스","팬츠 > 진(청바지) > 유니섹스","팬츠 > 진(청바지) > 유니섹스","3","WOMEN","true","unknown","https://www.uniqlo.com/kr/ko/men_navigation","official_navigation_preloaded_taxonomies","2026-08-03T02:01:21.580Z","{""group"":""subcategories"",""key"":""unisex"",""parent_count"":3}","2dad9b2eaa9e0b3966064c40708d8fff9be454662a8eba631cdaf427266f1f53"
"uniqlo","125113","58003","GU","팬츠 > 진(청바지) > GU","팬츠 > 진(청바지) > GU","3","WOMEN","true","unknown","https://www.uniqlo.com/kr/ko/men_navigation","official_navigation_preloaded_taxonomies","2026-08-03T02:01:21.580Z","{""group"":""subcategories"",""key"":""gu"",""parent_count"":3}","2dad9b2eaa9e0b3966064c40708d8fff9be454662a8eba631cdaf427266f1f53"
"uniqlo","149275","58003","긴 기장","팬츠 > 진(청바지) > 긴 기장","팬츠 > 진(청바지) > 긴 기장","3","WOMEN","true","unknown","https://www.uniqlo.com/kr/ko/men_navigation","official_navigation_preloaded_taxonomies","2026-08-03T02:01:21.580Z","{""group"":""subcategories"",""key"":""long-length"",""parent_count"":3}","2dad9b2eaa9e0b3966064c40708d8fff9be454662a8eba631cdaf427266f1f53"
"uniqlo","58221","58008","스마트 팬츠","팬츠 > 슬랙스(트라우저) > 스마트 팬츠","팬츠 > 슬랙스(트라우저) > 스마트 팬츠","3","WOMEN","true","unknown","https://www.uniqlo.com/kr/ko/men_navigation","official_navigation_preloaded_taxonomies","2026-08-03T02:01:21.580Z","{""group"":""subcategories"",""key"":""smart-ankle"",""parent_count"":3}","2dad9b2eaa9e0b3966064c40708d8fff9be454662a8eba631cdaf427266f1f53"
"uniqlo","98295","58008","와이드 팬츠","팬츠 > 슬랙스(트라우저) > 와이드 팬츠","팬츠 > 슬랙스(트라우저) > 와이드 팬츠","3","WOMEN","true","unknown","https://www.uniqlo.com/kr/ko/men_navigation","official_navigation_preloaded_taxonomies","2026-08-03T02:01:21.580Z","{""group"":""subcategories"",""key"":""wide-pants"",""parent_count"":3}","2dad9b2eaa9e0b3966064c40708d8fff9be454662a8eba631cdaf427266f1f53"
"uniqlo","58224","58008","그 외","팬츠 > 슬랙스(트라우저) > 그 외","팬츠 > 슬랙스(트라우저) > 그 외","3","WOMEN","true","unknown","https://www.uniqlo.com/kr/ko/men_navigation","official_navigation_preloaded_taxonomies","2026-08-03T02:01:21.580Z","{""group"":""subcategories"",""key"":""others"",""parent_count"":3}","2dad9b2eaa9e0b3966064c40708d8fff9be454662a8eba631cdaf427266f1f53"
"uniqlo","100076","58008","UNIQLO : C","팬츠 > 슬랙스(트라우저) > UNIQLO : C","팬츠 > 슬랙스(트라우저) > UNIQLO : C","3","WOMEN","true","unknown","https://www.uniqlo.com/kr/ko/men_navigation","official_navigation_preloaded_taxonomies","2026-08-03T02:01:21.580Z","{""group"":""subcategories"",""key"":""uniqlo-c"",""parent_count"":3}","2dad9b2eaa9e0b3966064c40708d8fff9be454662a8eba631cdaf427266f1f53"
"uniqlo","102592","58008","UNIQLO and COMPTOIR DES COTONNIERS","팬츠 > 슬랙스(트라우저) > UNIQLO and COMPTOIR DES COTONNIERS","팬츠 > 슬랙스(트라우저) > UNIQLO and COMPTOIR DES COTONNIERS","3","WOMEN","true","unknown","https://www.uniqlo.com/kr/ko/men_navigation","official_navigation_preloaded_taxonomies","2026-08-03T02:01:21.580Z","{""group"":""subcategories"",""key"":""uniqlo-and-comptoir-des-cotonniers"",""parent_count"":3}","2dad9b2eaa9e0b3966064c40708d8fff9be454662a8eba631cdaf427266f1f53"
"uniqlo","123762","58008","플레어","팬츠 > 슬랙스(트라우저) > 플레어","팬츠 > 슬랙스(트라우저) > 플레어","3","WOMEN","true","unknown","https://www.uniqlo.com/kr/ko/men_navigation","official_navigation_preloaded_taxonomies","2026-08-03T02:01:21.580Z","{""group"":""subcategories"",""key"":""flare"",""parent_count"":3}","2dad9b2eaa9e0b3966064c40708d8fff9be454662a8eba631cdaf427266f1f53"
"uniqlo","58222","58008","감탄 팬츠","팬츠 > 슬랙스(트라우저) > 감탄 팬츠","팬츠 > 슬랙스(트라우저) > 감탄 팬츠","3","WOMEN","true","unknown","https://www.uniqlo.com/kr/ko/men_navigation","official_navigation_preloaded_taxonomies","2026-08-03T02:01:21.580Z","{""group"":""subcategories"",""key"":""gamtan-pants"",""parent_count"":3}","2dad9b2eaa9e0b3966064c40708d8fff9be454662a8eba631cdaf427266f1f53"
"uniqlo","98296","58008","테이퍼드 팬츠","팬츠 > 슬랙스(트라우저) > 테이퍼드 팬츠","팬츠 > 슬랙스(트라우저) > 테이퍼드 팬츠","3","WOMEN","true","unknown","https://www.uniqlo.com/kr/ko/men_navigation","official_navigation_preloaded_taxonomies","2026-08-03T02:01:21.580Z","{""group"":""subcategories"",""key"":""tapered-pants"",""parent_count"":3}","2dad9b2eaa9e0b3966064c40708d8fff9be454662a8eba631cdaf427266f1f53"
"uniqlo","62570","58008","웜 팬츠(기모)","팬츠 > 슬랙스(트라우저) > 웜 팬츠(기모)","팬츠 > 슬랙스(트라우저) > 웜 팬츠(기모)","3","WOMEN","true","unknown","https://www.uniqlo.com/kr/ko/men_navigation","official_navigation_preloaded_taxonomies","2026-08-03T02:01:21.580Z","{""group"":""subcategories"",""key"":""heattech-pants"",""parent_count"":3}","2dad9b2eaa9e0b3966064c40708d8fff9be454662a8eba631cdaf427266f1f53"
"uniqlo","98297","58008","셋업","팬츠 > 슬랙스(트라우저) > 셋업","팬츠 > 슬랙스(트라우저) > 셋업","3","WOMEN","true","unknown","https://www.uniqlo.com/kr/ko/men_navigation","official_navigation_preloaded_taxonomies","2026-08-03T02:01:21.580Z","{""group"":""subcategories"",""key"":""set-up"",""parent_count"":3}","2dad9b2eaa9e0b3966064c40708d8fff9be454662a8eba631cdaf427266f1f53"
"uniqlo","117301","58005","조거 팬츠","팬츠 > 스웨트 팬츠 & 조거 팬츠 > 조거 팬츠","팬츠 > 스웨트 팬츠 & 조거 팬츠 > 조거 팬츠","3","WOMEN","true","unknown","https://www.uniqlo.com/kr/ko/men_navigation","official_navigation_preloaded_taxonomies","2026-08-03T02:01:21.580Z","{""group"":""subcategories"",""key"":""jogger"",""parent_count"":3}","2dad9b2eaa9e0b3966064c40708d8fff9be454662a8eba631cdaf427266f1f53"
"uniqlo","63086","58005","유니섹스","팬츠 > 스웨트 팬츠 & 조거 팬츠 > 유니섹스","팬츠 > 스웨트 팬츠 & 조거 팬츠 > 유니섹스","3","WOMEN","true","unknown","https://www.uniqlo.com/kr/ko/men_navigation","official_navigation_preloaded_taxonomies","2026-08-03T02:01:21.580Z","{""group"":""subcategories"",""key"":""unisex"",""parent_count"":3}","2dad9b2eaa9e0b3966064c40708d8fff9be454662a8eba631cdaf427266f1f53"
"uniqlo","58209","58005","스웨트","팬츠 > 스웨트 팬츠 & 조거 팬츠 > 스웨트","팬츠 > 스웨트 팬츠 & 조거 팬츠 > 스웨트","3","WOMEN","true","unknown","https://www.uniqlo.com/kr/ko/men_navigation","official_navigation_preloaded_taxonomies","2026-08-03T02:01:21.580Z","{""group"":""subcategories"",""key"":""sweat"",""parent_count"":3}","2dad9b2eaa9e0b3966064c40708d8fff9be454662a8eba631cdaf427266f1f53"
"uniqlo","58210","58005","드라이 스웨트","팬츠 > 스웨트 팬츠 & 조거 팬츠 > 드라이 스웨트","팬츠 > 스웨트 팬츠 & 조거 팬츠 > 드라이 스웨트","3","WOMEN","true","unknown","https://www.uniqlo.com/kr/ko/men_navigation","official_navigation_preloaded_taxonomies","2026-08-03T02:01:21.580Z","{""group"":""subcategories"",""key"":""dry-sweat"",""parent_count"":3}","2dad9b2eaa9e0b3966064c40708d8fff9be454662a8eba631cdaf427266f1f53"
"uniqlo","98298","58005","보아 스웨트","팬츠 > 스웨트 팬츠 & 조거 팬츠 > 보아 스웨트","팬츠 > 스웨트 팬츠 & 조거 팬츠 > 보아 스웨트","3","WOMEN","true","unknown","https://www.uniqlo.com/kr/ko/men_navigation","official_navigation_preloaded_taxonomies","2026-08-03T02:01:21.580Z","{""group"":""subcategories"",""key"":""pile-lined-weat"",""parent_count"":3}","2dad9b2eaa9e0b3966064c40708d8fff9be454662a8eba631cdaf427266f1f53"
"uniqlo","58212","58005","그 외","팬츠 > 스웨트 팬츠 & 조거 팬츠 > 그 외","팬츠 > 스웨트 팬츠 & 조거 팬츠 > 그 외","3","WOMEN","true","unknown","https://www.uniqlo.com/kr/ko/men_navigation","official_navigation_preloaded_taxonomies","2026-08-03T02:01:21.580Z","{""group"":""subcategories"",""key"":""others"",""parent_count"":3}","2dad9b2eaa9e0b3966064c40708d8fff9be454662a8eba631cdaf427266f1f53"
"uniqlo","58226","58009","에어리즘","팬츠 > 레깅스 > 에어리즘","팬츠 > 레깅스 > 에어리즘","3","WOMEN","true","unknown","https://www.uniqlo.com/kr/ko/men_navigation","official_navigation_preloaded_taxonomies","2026-08-03T02:01:21.580Z","{""group"":""subcategories"",""key"":""airism"",""parent_count"":3}","2dad9b2eaa9e0b3966064c40708d8fff9be454662a8eba631cdaf427266f1f53"
"uniqlo","58225","58009","울트라 스트레치","팬츠 > 레깅스 > 울트라 스트레치","팬츠 > 레깅스 > 울트라 스트레치","3","WOMEN","true","unknown","https://www.uniqlo.com/kr/ko/men_navigation","official_navigation_preloaded_taxonomies","2026-08-03T02:01:21.580Z","{""group"":""subcategories"",""key"":""ultra-stretch"",""parent_count"":3}","2dad9b2eaa9e0b3966064c40708d8fff9be454662a8eba631cdaf427266f1f53"
"uniqlo","66013","58009","Uniqlo U","팬츠 > 레깅스 > Uniqlo U","팬츠 > 레깅스 > Uniqlo U","3","WOMEN","true","unknown","https://www.uniqlo.com/kr/ko/men_navigation","official_navigation_preloaded_taxonomies","2026-08-03T02:01:21.580Z","{""group"":""subcategories"",""key"":""uniqlo-u"",""parent_count"":3}","2dad9b2eaa9e0b3966064c40708d8fff9be454662a8eba631cdaf427266f1f53"
"uniqlo","58227","58009","크롭 팬츠","팬츠 > 레깅스 > 크롭 팬츠","팬츠 > 레깅스 > 크롭 팬츠","3","WOMEN","true","unknown","https://www.uniqlo.com/kr/ko/men_navigation","official_navigation_preloaded_taxonomies","2026-08-03T02:01:21.580Z","{""group"":""subcategories"",""key"":""cropped-pants"",""parent_count"":3}","2dad9b2eaa9e0b3966064c40708d8fff9be454662a8eba631cdaf427266f1f53"
"uniqlo","62571","58009","히트텍 팬츠","팬츠 > 레깅스 > 히트텍 팬츠","팬츠 > 레깅스 > 히트텍 팬츠","3","WOMEN","true","unknown","https://www.uniqlo.com/kr/ko/men_navigation","official_navigation_preloaded_taxonomies","2026-08-03T02:01:21.580Z","{""group"":""subcategories"",""key"":""heattech-pants"",""parent_count"":3}","2dad9b2eaa9e0b3966064c40708d8fff9be454662a8eba631cdaf427266f1f53"
"uniqlo","58229","58009","그 외","팬츠 > 레깅스 > 그 외","팬츠 > 레깅스 > 그 외","3","WOMEN","true","unknown","https://www.uniqlo.com/kr/ko/men_navigation","official_navigation_preloaded_taxonomies","2026-08-03T02:01:21.580Z","{""group"":""subcategories"",""key"":""others"",""parent_count"":3}","2dad9b2eaa9e0b3966064c40708d8fff9be454662a8eba631cdaf427266f1f53"
"uniqlo","58243","58011","슬리브리스 원피스","원피스 & 스커트 > 원피스 > 슬리브리스 원피스","원피스 & 스커트 > 원피스 > 슬리브리스 원피스","3","WOMEN","true","unknown","https://www.uniqlo.com/kr/ko/men_navigation","official_navigation_preloaded_taxonomies","2026-08-03T02:01:21.580Z","{""group"":""subcategories"",""key"":""sleeveless"",""parent_count"":3}","2dad9b2eaa9e0b3966064c40708d8fff9be454662a8eba631cdaf427266f1f53"
"uniqlo","58232","58011","AIRism 원피스","원피스 & 스커트 > 원피스 > AIRism 원피스","원피스 & 스커트 > 원피스 > AIRism 원피스","3","WOMEN","true","unknown","https://www.uniqlo.com/kr/ko/men_navigation","official_navigation_preloaded_taxonomies","2026-08-03T02:01:21.580Z","{""group"":""subcategories"",""key"":""airism-dresses"",""parent_count"":3}","2dad9b2eaa9e0b3966064c40708d8fff9be454662a8eba631cdaf427266f1f53"
"uniqlo","58242","58011","반팔원피스","원피스 & 스커트 > 원피스 > 반팔원피스","원피스 & 스커트 > 원피스 > 반팔원피스","3","WOMEN","true","unknown","https://www.uniqlo.com/kr/ko/men_navigation","official_navigation_preloaded_taxonomies","2026-08-03T02:01:21.580Z","{""group"":""subcategories"",""key"":""short-sleeve"",""parent_count"":3}","2dad9b2eaa9e0b3966064c40708d8fff9be454662a8eba631cdaf427266f1f53"
"uniqlo","58238","58011","브라 원피스","원피스 & 스커트 > 원피스 > 브라 원피스","원피스 & 스커트 > 원피스 > 브라 원피스","3","WOMEN","true","unknown","https://www.uniqlo.com/kr/ko/men_navigation","official_navigation_preloaded_taxonomies","2026-08-03T02:01:21.580Z","{""group"":""subcategories"",""key"":""bra-dresses"",""parent_count"":3}","2dad9b2eaa9e0b3966064c40708d8fff9be454662a8eba631cdaf427266f1f53"
"uniqlo","58234","58011","코튼 원피스","원피스 & 스커트 > 원피스 > 코튼 원피스","원피스 & 스커트 > 원피스 > 코튼 원피스","3","WOMEN","true","unknown","https://www.uniqlo.com/kr/ko/men_navigation","official_navigation_preloaded_taxonomies","2026-08-03T02:01:21.580Z","{""group"":""subcategories"",""key"":""cotton-dresses"",""parent_count"":3}","2dad9b2eaa9e0b3966064c40708d8fff9be454662a8eba631cdaf427266f1f53"
"uniqlo","112141","58011","리넨 블렌드 원피스","원피스 & 스커트 > 원피스 > 리넨 블렌드 원피스","원피스 & 스커트 > 원피스 > 리넨 블렌드 원피스","3","WOMEN","true","unknown","https://www.uniqlo.com/kr/ko/men_navigation","official_navigation_preloaded_taxonomies","2026-08-03T02:01:21.580Z","{""group"":""subcategories"",""key"":""linen"",""parent_count"":3}","2dad9b2eaa9e0b3966064c40708d8fff9be454662a8eba631cdaf427266f1f53"
"uniqlo","58240","58011","UNIQLO and Cecilie bahnsen","원피스 & 스커트 > 원피스 > UNIQLO and Cecilie bahnsen","원피스 & 스커트 > 원피스 > UNIQLO and Cecilie bahnsen","3","WOMEN","true","unknown","https://www.uniqlo.com/kr/ko/men_navigation","official_navigation_preloaded_taxonomies","2026-08-03T02:01:21.580Z","{""group"":""subcategories"",""key"":""uniqlo-and-cecilie-bahnsen"",""parent_count"":3}","2dad9b2eaa9e0b3966064c40708d8fff9be454662a8eba631cdaf427266f1f53"
"uniqlo","58244","58011","그 외","원피스 & 스커트 > 원피스 > 그 외","원피스 & 스커트 > 원피스 > 그 외","3","WOMEN","true","unknown","https://www.uniqlo.com/kr/ko/men_navigation","official_navigation_preloaded_taxonomies","2026-08-03T02:01:21.580Z","{""group"":""subcategories"",""key"":""others"",""parent_count"":3}","2dad9b2eaa9e0b3966064c40708d8fff9be454662a8eba631cdaf427266f1f53"
"uniqlo","62576","58011","UNIQLO and JW ANDERSON","원피스 & 스커트 > 원피스 > UNIQLO and JW ANDERSON","원피스 & 스커트 > 원피스 > UNIQLO and JW ANDERSON","3","WOMEN","true","unknown","https://www.uniqlo.com/kr/ko/men_navigation","official_navigation_preloaded_taxonomies","2026-08-03T02:01:21.580Z","{""group"":""subcategories"",""key"":""uniqlo-and-jw-anderson"",""parent_count"":3}","2dad9b2eaa9e0b3966064c40708d8fff9be454662a8eba631cdaf427266f1f53"
"uniqlo","62574","58011","Uniqlo U","원피스 & 스커트 > 원피스 > Uniqlo U","원피스 & 스커트 > 원피스 > Uniqlo U","3","WOMEN","true","unknown","https://www.uniqlo.com/kr/ko/men_navigation","official_navigation_preloaded_taxonomies","2026-08-03T02:01:21.580Z","{""group"":""subcategories"",""key"":""uniqlo-u"",""parent_count"":3}","2dad9b2eaa9e0b3966064c40708d8fff9be454662a8eba631cdaf427266f1f53"
"uniqlo","58241","58011","긴팔원피스","원피스 & 스커트 > 원피스 > 긴팔원피스","원피스 & 스커트 > 원피스 > 긴팔원피스","3","WOMEN","true","unknown","https://www.uniqlo.com/kr/ko/men_navigation","official_navigation_preloaded_taxonomies","2026-08-03T02:01:21.580Z","{""group"":""subcategories"",""key"":""long-sleeve"",""parent_count"":3}","2dad9b2eaa9e0b3966064c40708d8fff9be454662a8eba631cdaf427266f1f53"
"uniqlo","124364","58011","GU","원피스 & 스커트 > 원피스 > GU","원피스 & 스커트 > 원피스 > GU","3","WOMEN","true","unknown","https://www.uniqlo.com/kr/ko/men_navigation","official_navigation_preloaded_taxonomies","2026-08-03T02:01:21.580Z","{""group"":""subcategories"",""key"":""gu"",""parent_count"":3}","2dad9b2eaa9e0b3966064c40708d8fff9be454662a8eba631cdaf427266f1f53"
"uniqlo","98307","58011","니트 원피스","원피스 & 스커트 > 원피스 > 니트 원피스","원피스 & 스커트 > 원피스 > 니트 원피스","3","WOMEN","true","unknown","https://www.uniqlo.com/kr/ko/men_navigation","official_navigation_preloaded_taxonomies","2026-08-03T02:01:21.580Z","{""group"":""subcategories"",""key"":""knit"",""parent_count"":3}","2dad9b2eaa9e0b3966064c40708d8fff9be454662a8eba631cdaf427266f1f53"
"uniqlo","62575","58011","UNIQLO : C","원피스 & 스커트 > 원피스 > UNIQLO : C","원피스 & 스커트 > 원피스 > UNIQLO : C","3","WOMEN","true","unknown","https://www.uniqlo.com/kr/ko/men_navigation","official_navigation_preloaded_taxonomies","2026-08-03T02:01:21.580Z","{""group"":""subcategories"",""key"":""uniqlo-c"",""parent_count"":3}","2dad9b2eaa9e0b3966064c40708d8fff9be454662a8eba631cdaf427266f1f53"
"uniqlo","58247","58012","플레어","원피스 & 스커트 > 스커트 > 플레어","원피스 & 스커트 > 스커트 > 플레어","3","WOMEN","true","unknown","https://www.uniqlo.com/kr/ko/men_navigation","official_navigation_preloaded_taxonomies","2026-08-03T02:01:21.580Z","{""group"":""subcategories"",""key"":""flare-skirts"",""parent_count"":3}","2dad9b2eaa9e0b3966064c40708d8fff9be454662a8eba631cdaf427266f1f53"
"uniqlo","58245","58012","롱 (맥시)","원피스 & 스커트 > 스커트 > 롱 (맥시)","원피스 & 스커트 > 스커트 > 롱 (맥시)","3","WOMEN","true","unknown","https://www.uniqlo.com/kr/ko/men_navigation","official_navigation_preloaded_taxonomies","2026-08-03T02:01:21.580Z","{""group"":""subcategories"",""key"":""long"",""parent_count"":3}","2dad9b2eaa9e0b3966064c40708d8fff9be454662a8eba631cdaf427266f1f53"
"uniqlo","96141","58012","스코츠","원피스 & 스커트 > 스커트 > 스코츠","원피스 & 스커트 > 스커트 > 스코츠","3","WOMEN","true","unknown","https://www.uniqlo.com/kr/ko/men_navigation","official_navigation_preloaded_taxonomies","2026-08-03T02:01:21.580Z","{""group"":""subcategories"",""key"":""skort"",""parent_count"":3}","2dad9b2eaa9e0b3966064c40708d8fff9be454662a8eba631cdaf427266f1f53"
"uniqlo","58246","58012","플리츠","원피스 & 스커트 > 스커트 > 플리츠","원피스 & 스커트 > 스커트 > 플리츠","3","WOMEN","true","unknown","https://www.uniqlo.com/kr/ko/men_navigation","official_navigation_preloaded_taxonomies","2026-08-03T02:01:21.580Z","{""group"":""subcategories"",""key"":""pleated-skirts"",""parent_count"":3}","2dad9b2eaa9e0b3966064c40708d8fff9be454662a8eba631cdaf427266f1f53"
"uniqlo","96142","58012","미디","원피스 & 스커트 > 스커트 > 미디","원피스 & 스커트 > 스커트 > 미디","3","WOMEN","true","unknown","https://www.uniqlo.com/kr/ko/men_navigation","official_navigation_preloaded_taxonomies","2026-08-03T02:01:21.580Z","{""group"":""subcategories"",""key"":""midi"",""parent_count"":3}","2dad9b2eaa9e0b3966064c40708d8fff9be454662a8eba631cdaf427266f1f53"
"uniqlo","59443","58012","리넨","원피스 & 스커트 > 스커트 > 리넨","원피스 & 스커트 > 스커트 > 리넨","3","WOMEN","true","unknown","https://www.uniqlo.com/kr/ko/men_navigation","official_navigation_preloaded_taxonomies","2026-08-03T02:01:21.580Z","{""group"":""subcategories"",""key"":""linen"",""parent_count"":3}","2dad9b2eaa9e0b3966064c40708d8fff9be454662a8eba631cdaf427266f1f53"
"uniqlo","58249","58012","짧은 기장","원피스 & 스커트 > 스커트 > 짧은 기장","원피스 & 스커트 > 스커트 > 짧은 기장","3","WOMEN","true","unknown","https://www.uniqlo.com/kr/ko/men_navigation","official_navigation_preloaded_taxonomies","2026-08-03T02:01:21.580Z","{""group"":""subcategories"",""key"":""short-length"",""parent_count"":3}","2dad9b2eaa9e0b3966064c40708d8fff9be454662a8eba631cdaf427266f1f53"
"uniqlo","122475","58012","미니","원피스 & 스커트 > 스커트 > 미니","원피스 & 스커트 > 스커트 > 미니","3","WOMEN","true","unknown","https://www.uniqlo.com/kr/ko/men_navigation","official_navigation_preloaded_taxonomies","2026-08-03T02:01:21.580Z","{""group"":""subcategories"",""key"":""mini"",""parent_count"":3}","2dad9b2eaa9e0b3966064c40708d8fff9be454662a8eba631cdaf427266f1f53"
"uniqlo","62577","58012","UNIQLO and COMPTOIR DES COTONNIERS","원피스 & 스커트 > 스커트 > UNIQLO and COMPTOIR DES COTONNIERS","원피스 & 스커트 > 스커트 > UNIQLO and COMPTOIR DES COTONNIERS","3","WOMEN","true","unknown","https://www.uniqlo.com/kr/ko/men_navigation","official_navigation_preloaded_taxonomies","2026-08-03T02:01:21.580Z","{""group"":""subcategories"",""key"":""comptoir-des-cotonniers"",""parent_count"":3}","2dad9b2eaa9e0b3966064c40708d8fff9be454662a8eba631cdaf427266f1f53"
"uniqlo","65747","58012","UNIQLO and JW ANDERSON","원피스 & 스커트 > 스커트 > UNIQLO and JW ANDERSON","원피스 & 스커트 > 스커트 > UNIQLO and JW ANDERSON","3","WOMEN","true","unknown","https://www.uniqlo.com/kr/ko/men_navigation","official_navigation_preloaded_taxonomies","2026-08-03T02:01:21.580Z","{""group"":""subcategories"",""key"":""uniqlo-and-jw-anderson"",""parent_count"":3}","2dad9b2eaa9e0b3966064c40708d8fff9be454662a8eba631cdaf427266f1f53"
"uniqlo","65746","58012","Uniqlo U","원피스 & 스커트 > 스커트 > Uniqlo U","원피스 & 스커트 > 스커트 > Uniqlo U","3","WOMEN","true","unknown","https://www.uniqlo.com/kr/ko/men_navigation","official_navigation_preloaded_taxonomies","2026-08-03T02:01:21.580Z","{""group"":""subcategories"",""key"":""uniqlo-u"",""parent_count"":3}","2dad9b2eaa9e0b3966064c40708d8fff9be454662a8eba631cdaf427266f1f53"
"uniqlo","62578","58012","UNIQLO : C","원피스 & 스커트 > 스커트 > UNIQLO : C","원피스 & 스커트 > 스커트 > UNIQLO : C","3","WOMEN","true","unknown","https://www.uniqlo.com/kr/ko/men_navigation","official_navigation_preloaded_taxonomies","2026-08-03T02:01:21.580Z","{""group"":""subcategories"",""key"":""uniqlo-c"",""parent_count"":3}","2dad9b2eaa9e0b3966064c40708d8fff9be454662a8eba631cdaf427266f1f53"
"uniqlo","58250","58012","그 외","원피스 & 스커트 > 스커트 > 그 외","원피스 & 스커트 > 스커트 > 그 외","3","WOMEN","true","unknown","https://www.uniqlo.com/kr/ko/men_navigation","official_navigation_preloaded_taxonomies","2026-08-03T02:01:21.580Z","{""group"":""subcategories"",""key"":""others"",""parent_count"":3}","2dad9b2eaa9e0b3966064c40708d8fff9be454662a8eba631cdaf427266f1f53"
"uniqlo","124365","58012","GU","원피스 & 스커트 > 스커트 > GU","원피스 & 스커트 > 스커트 > GU","3","WOMEN","true","unknown","https://www.uniqlo.com/kr/ko/men_navigation","official_navigation_preloaded_taxonomies","2026-08-03T02:01:21.580Z","{""group"":""subcategories"",""key"":""gu"",""parent_count"":3}","2dad9b2eaa9e0b3966064c40708d8fff9be454662a8eba631cdaf427266f1f53"
"uniqlo","58280","58018","브라탑","이너웨어 > 에어리즘 > 브라탑","이너웨어 > 에어리즘 > 브라탑","3","WOMEN","true","unknown","https://www.uniqlo.com/kr/ko/men_navigation","official_navigation_preloaded_taxonomies","2026-08-03T02:01:21.580Z","{""group"":""subcategories"",""key"":""bra-top"",""parent_count"":3}","2dad9b2eaa9e0b3966064c40708d8fff9be454662a8eba631cdaf427266f1f53"
"uniqlo","58272","58018","에어리즘","이너웨어 > 에어리즘 > 에어리즘","이너웨어 > 에어리즘 > 에어리즘","3","WOMEN","true","unknown","https://www.uniqlo.com/kr/ko/men_navigation","official_navigation_preloaded_taxonomies","2026-08-03T02:01:21.580Z","{""group"":""subcategories"",""key"":""airism"",""parent_count"":3}","2dad9b2eaa9e0b3966064c40708d8fff9be454662a8eba631cdaf427266f1f53"
"uniqlo","58278","58018","속바지","이너웨어 > 에어리즘 > 속바지","이너웨어 > 에어리즘 > 속바지","3","WOMEN","true","unknown","https://www.uniqlo.com/kr/ko/men_navigation","official_navigation_preloaded_taxonomies","2026-08-03T02:01:21.580Z","{""group"":""subcategories"",""key"":""petticoat"",""parent_count"":3}","2dad9b2eaa9e0b3966064c40708d8fff9be454662a8eba631cdaf427266f1f53"
"uniqlo","58281","58018","브라","이너웨어 > 에어리즘 > 브라","이너웨어 > 에어리즘 > 브라","3","WOMEN","true","unknown","https://www.uniqlo.com/kr/ko/men_navigation","official_navigation_preloaded_taxonomies","2026-08-03T02:01:21.580Z","{""group"":""subcategories"",""key"":""bra"",""parent_count"":3}","2dad9b2eaa9e0b3966064c40708d8fff9be454662a8eba631cdaf427266f1f53"
"uniqlo","144485","58018","쇼츠","이너웨어 > 에어리즘 > 쇼츠","이너웨어 > 에어리즘 > 쇼츠","3","WOMEN","true","unknown","https://www.uniqlo.com/kr/ko/men_navigation","official_navigation_preloaded_taxonomies","2026-08-03T02:01:21.580Z","{""group"":""subcategories"",""key"":""shorts"",""parent_count"":3}","2dad9b2eaa9e0b3966064c40708d8fff9be454662a8eba631cdaf427266f1f53"
"uniqlo","58283","58018","쇼츠 (힙허거)","이너웨어 > 에어리즘 > 쇼츠 (힙허거)","이너웨어 > 에어리즘 > 쇼츠 (힙허거)","3","WOMEN","true","unknown","https://www.uniqlo.com/kr/ko/men_navigation","official_navigation_preloaded_taxonomies","2026-08-03T02:01:21.580Z","{""group"":""subcategories"",""key"":""shorts-hh"",""parent_count"":3}","2dad9b2eaa9e0b3966064c40708d8fff9be454662a8eba631cdaf427266f1f53"
"uniqlo","58282","58018","쇼츠 (저스트 웨이스트)","이너웨어 > 에어리즘 > 쇼츠 (저스트 웨이스트)","이너웨어 > 에어리즘 > 쇼츠 (저스트 웨이스트)","3","WOMEN","true","unknown","https://www.uniqlo.com/kr/ko/men_navigation","official_navigation_preloaded_taxonomies","2026-08-03T02:01:21.580Z","{""group"":""subcategories"",""key"":""shorts-jw"",""parent_count"":3}","2dad9b2eaa9e0b3966064c40708d8fff9be454662a8eba631cdaf427266f1f53"
"uniqlo","58285","58018","바디쉐이퍼","이너웨어 > 에어리즘 > 바디쉐이퍼","이너웨어 > 에어리즘 > 바디쉐이퍼","3","WOMEN","true","unknown","https://www.uniqlo.com/kr/ko/men_navigation","official_navigation_preloaded_taxonomies","2026-08-03T02:01:21.580Z","{""group"":""subcategories"",""key"":""body-shaper-shorts"",""parent_count"":3}","2dad9b2eaa9e0b3966064c40708d8fff9be454662a8eba631cdaf427266f1f53"
"uniqlo","58279","58018","레깅스","이너웨어 > 에어리즘 > 레깅스","이너웨어 > 에어리즘 > 레깅스","3","WOMEN","true","unknown","https://www.uniqlo.com/kr/ko/men_navigation","official_navigation_preloaded_taxonomies","2026-08-03T02:01:21.580Z","{""group"":""subcategories"",""key"":""leggings"",""parent_count"":3}","2dad9b2eaa9e0b3966064c40708d8fff9be454662a8eba631cdaf427266f1f53"
"uniqlo","58275","58018","캐미솔","이너웨어 > 에어리즘 > 캐미솔","이너웨어 > 에어리즘 > 캐미솔","3","WOMEN","true","unknown","https://www.uniqlo.com/kr/ko/men_navigation","official_navigation_preloaded_taxonomies","2026-08-03T02:01:21.580Z","{""group"":""subcategories"",""key"":""camisole"",""parent_count"":3}","2dad9b2eaa9e0b3966064c40708d8fff9be454662a8eba631cdaf427266f1f53"
"uniqlo","58274","58018","탱크탑","이너웨어 > 에어리즘 > 탱크탑","이너웨어 > 에어리즘 > 탱크탑","3","WOMEN","true","unknown","https://www.uniqlo.com/kr/ko/men_navigation","official_navigation_preloaded_taxonomies","2026-08-03T02:01:21.580Z","{""group"":""subcategories"",""key"":""tank-top"",""parent_count"":3}","2dad9b2eaa9e0b3966064c40708d8fff9be454662a8eba631cdaf427266f1f53"
"uniqlo","58276","58018","반팔","이너웨어 > 에어리즘 > 반팔","이너웨어 > 에어리즘 > 반팔","3","WOMEN","true","unknown","https://www.uniqlo.com/kr/ko/men_navigation","official_navigation_preloaded_taxonomies","2026-08-03T02:01:21.580Z","{""group"":""subcategories"",""key"":""short-sleeve"",""parent_count"":3}","2dad9b2eaa9e0b3966064c40708d8fff9be454662a8eba631cdaf427266f1f53"
"uniqlo","58277","58018","긴팔","이너웨어 > 에어리즘 > 긴팔","이너웨어 > 에어리즘 > 긴팔","3","WOMEN","true","unknown","https://www.uniqlo.com/kr/ko/men_navigation","official_navigation_preloaded_taxonomies","2026-08-03T02:01:21.580Z","{""group"":""subcategories"",""key"":""long-sleeve"",""parent_count"":3}","2dad9b2eaa9e0b3966064c40708d8fff9be454662a8eba631cdaf427266f1f53"
"uniqlo","58286","58018","그 외","이너웨어 > 에어리즘 > 그 외","이너웨어 > 에어리즘 > 그 외","3","WOMEN","true","unknown","https://www.uniqlo.com/kr/ko/men_navigation","official_navigation_preloaded_taxonomies","2026-08-03T02:01:21.580Z","{""group"":""subcategories"",""key"":""others"",""parent_count"":3}","2dad9b2eaa9e0b3966064c40708d8fff9be454662a8eba631cdaf427266f1f53"
"uniqlo","58273","58018","코튼","이너웨어 > 에어리즘 > 코튼","이너웨어 > 에어리즘 > 코튼","3","WOMEN","true","unknown","https://www.uniqlo.com/kr/ko/men_navigation","official_navigation_preloaded_taxonomies","2026-08-03T02:01:21.580Z","{""group"":""subcategories"",""key"":""airism-cotton"",""parent_count"":3}","2dad9b2eaa9e0b3966064c40708d8fff9be454662a8eba631cdaf427266f1f53"
"uniqlo","58284","58018","쇼츠 (비키니)","이너웨어 > 에어리즘 > 쇼츠 (비키니)","이너웨어 > 에어리즘 > 쇼츠 (비키니)","3","WOMEN","true","unknown","https://www.uniqlo.com/kr/ko/men_navigation","official_navigation_preloaded_taxonomies","2026-08-03T02:01:21.580Z","{""group"":""subcategories"",""key"":""shorts-bk"",""parent_count"":3}","2dad9b2eaa9e0b3966064c40708d8fff9be454662a8eba631cdaf427266f1f53"
"uniqlo","58306","58021","코튼","이너웨어 > 브라탑 > 코튼","이너웨어 > 브라탑 > 코튼","3","WOMEN","true","unknown","https://www.uniqlo.com/kr/ko/men_navigation","official_navigation_preloaded_taxonomies","2026-08-03T02:01:21.580Z","{""group"":""subcategories"",""key"":""cotton"",""parent_count"":3}","2dad9b2eaa9e0b3966064c40708d8fff9be454662a8eba631cdaf427266f1f53"
"uniqlo","58304","58021","에어리즘","이너웨어 > 브라탑 > 에어리즘","이너웨어 > 브라탑 > 에어리즘","3","WOMEN","true","unknown","https://www.uniqlo.com/kr/ko/men_navigation","official_navigation_preloaded_taxonomies","2026-08-03T02:01:21.580Z","{""group"":""subcategories"",""key"":""airism"",""parent_count"":3}","2dad9b2eaa9e0b3966064c40708d8fff9be454662a8eba631cdaf427266f1f53"
"uniqlo","58311","58021","그 외","이너웨어 > 브라탑 > 그 외","이너웨어 > 브라탑 > 그 외","3","WOMEN","true","unknown","https://www.uniqlo.com/kr/ko/men_navigation","official_navigation_preloaded_taxonomies","2026-08-03T02:01:21.580Z","{""group"":""subcategories"",""key"":""others"",""parent_count"":3}","2dad9b2eaa9e0b3966064c40708d8fff9be454662a8eba631cdaf427266f1f53"
"uniqlo","58308","58021","브라 탱크탑","이너웨어 > 브라탑 > 브라 탱크탑","이너웨어 > 브라탑 > 브라 탱크탑","3","WOMEN","true","unknown","https://www.uniqlo.com/kr/ko/men_navigation","official_navigation_preloaded_taxonomies","2026-08-03T02:01:21.580Z","{""group"":""subcategories"",""key"":""tank-top"",""parent_count"":3}","2dad9b2eaa9e0b3966064c40708d8fff9be454662a8eba631cdaf427266f1f53"
"uniqlo","58309","58021","브라 캐미솔","이너웨어 > 브라탑 > 브라 캐미솔","이너웨어 > 브라탑 > 브라 캐미솔","3","WOMEN","true","unknown","https://www.uniqlo.com/kr/ko/men_navigation","official_navigation_preloaded_taxonomies","2026-08-03T02:01:21.580Z","{""group"":""subcategories"",""key"":""camisole"",""parent_count"":3}","2dad9b2eaa9e0b3966064c40708d8fff9be454662a8eba631cdaf427266f1f53"
"uniqlo","58307","58021","히트텍","이너웨어 > 브라탑 > 히트텍","이너웨어 > 브라탑 > 히트텍","3","WOMEN","true","unknown","https://www.uniqlo.com/kr/ko/men_navigation","official_navigation_preloaded_taxonomies","2026-08-03T02:01:21.580Z","{""group"":""subcategories"",""key"":""heattech"",""parent_count"":3}","2dad9b2eaa9e0b3966064c40708d8fff9be454662a8eba631cdaf427266f1f53"
"uniqlo","58301","58020","3D 홀드","이너웨어 > 와이어리스 브라 > 3D 홀드","이너웨어 > 와이어리스 브라 > 3D 홀드","3","WOMEN","true","unknown","https://www.uniqlo.com/kr/ko/men_navigation","official_navigation_preloaded_taxonomies","2026-08-03T02:01:21.580Z","{""group"":""subcategories"",""key"":""3dhold"",""parent_count"":3}","2dad9b2eaa9e0b3966064c40708d8fff9be454662a8eba631cdaf427266f1f53"
"uniqlo","58300","58020","릴랙스","이너웨어 > 와이어리스 브라 > 릴랙스","이너웨어 > 와이어리스 브라 > 릴랙스","3","WOMEN","true","unknown","https://www.uniqlo.com/kr/ko/men_navigation","official_navigation_preloaded_taxonomies","2026-08-03T02:01:21.580Z","{""group"":""subcategories"",""key"":""relax"",""parent_count"":3}","2dad9b2eaa9e0b3966064c40708d8fff9be454662a8eba631cdaf427266f1f53"
"uniqlo","62585","58020","코튼","이너웨어 > 와이어리스 브라 > 코튼","이너웨어 > 와이어리스 브라 > 코튼","3","WOMEN","true","unknown","https://www.uniqlo.com/kr/ko/men_navigation","official_navigation_preloaded_taxonomies","2026-08-03T02:01:21.580Z","{""group"":""subcategories"",""key"":""cotton"",""parent_count"":3}","2dad9b2eaa9e0b3966064c40708d8fff9be454662a8eba631cdaf427266f1f53"
"uniqlo","112674","58020","액티브","이너웨어 > 와이어리스 브라 > 액티브","이너웨어 > 와이어리스 브라 > 액티브","3","WOMEN","true","unknown","https://www.uniqlo.com/kr/ko/men_navigation","official_navigation_preloaded_taxonomies","2026-08-03T02:01:21.580Z","{""group"":""subcategories"",""key"":""active"",""parent_count"":3}","2dad9b2eaa9e0b3966064c40708d8fff9be454662a8eba631cdaf427266f1f53"
"uniqlo","58303","58020","스트레치 홀드","이너웨어 > 와이어리스 브라 > 스트레치 홀드","이너웨어 > 와이어리스 브라 > 스트레치 홀드","3","WOMEN","true","unknown","https://www.uniqlo.com/kr/ko/men_navigation","official_navigation_preloaded_taxonomies","2026-08-03T02:01:21.580Z","{""group"":""subcategories"",""key"":""stretch-hold"",""parent_count"":3}","2dad9b2eaa9e0b3966064c40708d8fff9be454662a8eba631cdaf427266f1f53"
"uniqlo","65812","58020","UNIQLO and PRINCESSE tam・tam","이너웨어 > 와이어리스 브라 > UNIQLO and PRINCESSE tam・tam","이너웨어 > 와이어리스 브라 > UNIQLO and PRINCESSE tam・tam","3","WOMEN","true","unknown","https://www.uniqlo.com/kr/ko/men_navigation","official_navigation_preloaded_taxonomies","2026-08-03T02:01:21.580Z","{""group"":""subcategories"",""key"":""uniqlo-and-princesse-tam-tam"",""parent_count"":3}","2dad9b2eaa9e0b3966064c40708d8fff9be454662a8eba631cdaf427266f1f53"
"uniqlo","149274","58020","그 외","이너웨어 > 와이어리스 브라 > 그 외","이너웨어 > 와이어리스 브라 > 그 외","3","WOMEN","true","unknown","https://www.uniqlo.com/kr/ko/men_navigation","official_navigation_preloaded_taxonomies","2026-08-03T02:01:21.580Z","{""group"":""subcategories"",""key"":""others"",""parent_count"":3}","2dad9b2eaa9e0b3966064c40708d8fff9be454662a8eba631cdaf427266f1f53"
"uniqlo","141499","141497","탱크탑","이너웨어 > 코튼 이너탑 > 탱크탑","이너웨어 > 코튼 이너탑 > 탱크탑","3","WOMEN","true","unknown","https://www.uniqlo.com/kr/ko/men_navigation","official_navigation_preloaded_taxonomies","2026-08-03T02:01:21.580Z","{""group"":""subcategories"",""key"":""tanktop"",""parent_count"":3}","2dad9b2eaa9e0b3966064c40708d8fff9be454662a8eba631cdaf427266f1f53"
"uniqlo","141498","141497","캐미솔","이너웨어 > 코튼 이너탑 > 캐미솔","이너웨어 > 코튼 이너탑 > 캐미솔","3","WOMEN","true","unknown","https://www.uniqlo.com/kr/ko/men_navigation","official_navigation_preloaded_taxonomies","2026-08-03T02:01:21.580Z","{""group"":""subcategories"",""key"":""camisole"",""parent_count"":3}","2dad9b2eaa9e0b3966064c40708d8fff9be454662a8eba631cdaf427266f1f53"
"uniqlo","58312","58022","심리스","이너웨어 > 언더웨어 > 심리스","이너웨어 > 언더웨어 > 심리스","3","WOMEN","true","unknown","https://www.uniqlo.com/kr/ko/men_navigation","official_navigation_preloaded_taxonomies","2026-08-03T02:01:21.580Z","{""group"":""subcategories"",""key"":""seamless-shorts"",""parent_count"":3}","2dad9b2eaa9e0b3966064c40708d8fff9be454662a8eba631cdaf427266f1f53"
"uniqlo","58313","58022","코튼 저지","이너웨어 > 언더웨어 > 코튼 저지","이너웨어 > 언더웨어 > 코튼 저지","3","WOMEN","true","unknown","https://www.uniqlo.com/kr/ko/men_navigation","official_navigation_preloaded_taxonomies","2026-08-03T02:01:21.580Z","{""group"":""subcategories"",""key"":""cotton"",""parent_count"":3}","2dad9b2eaa9e0b3966064c40708d8fff9be454662a8eba631cdaf427266f1f53"
"uniqlo","124368","58022","소프트 모달","이너웨어 > 언더웨어 > 소프트 모달","이너웨어 > 언더웨어 > 소프트 모달","3","WOMEN","true","unknown","https://www.uniqlo.com/kr/ko/men_navigation","official_navigation_preloaded_taxonomies","2026-08-03T02:01:21.580Z","{""group"":""subcategories"",""key"":""soft-modal"",""parent_count"":3}","2dad9b2eaa9e0b3966064c40708d8fff9be454662a8eba631cdaf427266f1f53"
"uniqlo","148067","58022","미들 웨이스트","이너웨어 > 언더웨어 > 미들 웨이스트","이너웨어 > 언더웨어 > 미들 웨이스트","3","WOMEN","true","unknown","https://www.uniqlo.com/kr/ko/men_navigation","official_navigation_preloaded_taxonomies","2026-08-03T02:01:21.580Z","{""group"":""subcategories"",""key"":""middle-waist"",""parent_count"":3}","2dad9b2eaa9e0b3966064c40708d8fff9be454662a8eba631cdaf427266f1f53"
"uniqlo","58315","58022","저스트 웨이스트","이너웨어 > 언더웨어 > 저스트 웨이스트","이너웨어 > 언더웨어 > 저스트 웨이스트","3","WOMEN","true","unknown","https://www.uniqlo.com/kr/ko/men_navigation","official_navigation_preloaded_taxonomies","2026-08-03T02:01:21.580Z","{""group"":""subcategories"",""key"":""just-waist"",""parent_count"":3}","2dad9b2eaa9e0b3966064c40708d8fff9be454662a8eba631cdaf427266f1f53"
"uniqlo","148068","58022","보이","이너웨어 > 언더웨어 > 보이","이너웨어 > 언더웨어 > 보이","3","WOMEN","true","unknown","https://www.uniqlo.com/kr/ko/men_navigation","official_navigation_preloaded_taxonomies","2026-08-03T02:01:21.580Z","{""group"":""subcategories"",""key"":""boy-shorts"",""parent_count"":3}","2dad9b2eaa9e0b3966064c40708d8fff9be454662a8eba631cdaf427266f1f53"
"uniqlo","58316","58022","미들 웨이스트","이너웨어 > 언더웨어 > 미들 웨이스트","이너웨어 > 언더웨어 > 미들 웨이스트","3","WOMEN","true","unknown","https://www.uniqlo.com/kr/ko/men_navigation","official_navigation_preloaded_taxonomies","2026-08-03T02:01:21.580Z","{""group"":""subcategories"",""key"":""regular"",""parent_count"":3}","2dad9b2eaa9e0b3966064c40708d8fff9be454662a8eba631cdaf427266f1f53"
"uniqlo","58317","58022","힙 허거","이너웨어 > 언더웨어 > 힙 허거","이너웨어 > 언더웨어 > 힙 허거","3","WOMEN","true","unknown","https://www.uniqlo.com/kr/ko/men_navigation","official_navigation_preloaded_taxonomies","2026-08-03T02:01:21.580Z","{""group"":""subcategories"",""key"":""hip-hanger"",""parent_count"":3}","2dad9b2eaa9e0b3966064c40708d8fff9be454662a8eba631cdaf427266f1f53"
"uniqlo","58319","58022","바디 쉐이퍼","이너웨어 > 언더웨어 > 바디 쉐이퍼","이너웨어 > 언더웨어 > 바디 쉐이퍼","3","WOMEN","true","unknown","https://www.uniqlo.com/kr/ko/men_navigation","official_navigation_preloaded_taxonomies","2026-08-03T02:01:21.580Z","{""group"":""subcategories"",""key"":""body-shaper-shorts"",""parent_count"":3}","2dad9b2eaa9e0b3966064c40708d8fff9be454662a8eba631cdaf427266f1f53"
"uniqlo","58320","58022","그 외","이너웨어 > 언더웨어 > 그 외","이너웨어 > 언더웨어 > 그 외","3","WOMEN","true","unknown","https://www.uniqlo.com/kr/ko/men_navigation","official_navigation_preloaded_taxonomies","2026-08-03T02:01:21.580Z","{""group"":""subcategories"",""key"":""others"",""parent_count"":3}","2dad9b2eaa9e0b3966064c40708d8fff9be454662a8eba631cdaf427266f1f53"
"uniqlo","58329","58024","컬러 삭스","이너웨어 > 양말 > 컬러 삭스","이너웨어 > 양말 > 컬러 삭스","3","WOMEN","true","unknown","https://www.uniqlo.com/kr/ko/men_navigation","official_navigation_preloaded_taxonomies","2026-08-03T02:01:21.580Z","{""group"":""subcategories"",""key"":""colorful-socks"",""parent_count"":3}","2dad9b2eaa9e0b3966064c40708d8fff9be454662a8eba631cdaf427266f1f53"
"uniqlo","58324","58024","레귤러 삭스","이너웨어 > 양말 > 레귤러 삭스","이너웨어 > 양말 > 레귤러 삭스","3","WOMEN","true","unknown","https://www.uniqlo.com/kr/ko/men_navigation","official_navigation_preloaded_taxonomies","2026-08-03T02:01:21.580Z","{""group"":""subcategories"",""key"":""regular"",""parent_count"":3}","2dad9b2eaa9e0b3966064c40708d8fff9be454662a8eba631cdaf427266f1f53"
"uniqlo","58325","58024","쇼트 삭스","이너웨어 > 양말 > 쇼트 삭스","이너웨어 > 양말 > 쇼트 삭스","3","WOMEN","true","unknown","https://www.uniqlo.com/kr/ko/men_navigation","official_navigation_preloaded_taxonomies","2026-08-03T02:01:21.580Z","{""group"":""subcategories"",""key"":""short"",""parent_count"":3}","2dad9b2eaa9e0b3966064c40708d8fff9be454662a8eba631cdaf427266f1f53"
"uniqlo","58326","58024","베리 쇼트 삭스","이너웨어 > 양말 > 베리 쇼트 삭스","이너웨어 > 양말 > 베리 쇼트 삭스","3","WOMEN","true","unknown","https://www.uniqlo.com/kr/ko/men_navigation","official_navigation_preloaded_taxonomies","2026-08-03T02:01:21.580Z","{""group"":""subcategories"",""key"":""very-short"",""parent_count"":3}","2dad9b2eaa9e0b3966064c40708d8fff9be454662a8eba631cdaf427266f1f53"
"uniqlo","58328","58024","스포츠 삭스","이너웨어 > 양말 > 스포츠 삭스","이너웨어 > 양말 > 스포츠 삭스","3","WOMEN","true","unknown","https://www.uniqlo.com/kr/ko/men_navigation","official_navigation_preloaded_taxonomies","2026-08-03T02:01:21.580Z","{""group"":""subcategories"",""key"":""sports"",""parent_count"":3}","2dad9b2eaa9e0b3966064c40708d8fff9be454662a8eba631cdaf427266f1f53"
"uniqlo","62590","58024","하이 삭스","이너웨어 > 양말 > 하이 삭스","이너웨어 > 양말 > 하이 삭스","3","WOMEN","true","unknown","https://www.uniqlo.com/kr/ko/men_navigation","official_navigation_preloaded_taxonomies","2026-08-03T02:01:21.580Z","{""group"":""subcategories"",""key"":""high-socks"",""parent_count"":3}","2dad9b2eaa9e0b3966064c40708d8fff9be454662a8eba631cdaf427266f1f53"
"uniqlo","58327","58024","히트텍 삭스","이너웨어 > 양말 > 히트텍 삭스","이너웨어 > 양말 > 히트텍 삭스","3","WOMEN","true","unknown","https://www.uniqlo.com/kr/ko/men_navigation","official_navigation_preloaded_taxonomies","2026-08-03T02:01:21.580Z","{""group"":""subcategories"",""key"":""heattech"",""parent_count"":3}","2dad9b2eaa9e0b3966064c40708d8fff9be454662a8eba631cdaf427266f1f53"
"uniqlo","107787","58024","UT 삭스","이너웨어 > 양말 > UT 삭스","이너웨어 > 양말 > UT 삭스","3","WOMEN","true","unknown","https://www.uniqlo.com/kr/ko/men_navigation","official_navigation_preloaded_taxonomies","2026-08-03T02:01:21.580Z","{""group"":""subcategories"",""key"":""ut-socks"",""parent_count"":3}","2dad9b2eaa9e0b3966064c40708d8fff9be454662a8eba631cdaf427266f1f53"
"uniqlo","81319","58024","UNIQLO and JW ANDERSON","이너웨어 > 양말 > UNIQLO and JW ANDERSON","이너웨어 > 양말 > UNIQLO and JW ANDERSON","3","WOMEN","true","unknown","https://www.uniqlo.com/kr/ko/men_navigation","official_navigation_preloaded_taxonomies","2026-08-03T02:01:21.580Z","{""group"":""subcategories"",""key"":""uniqlo-and-jw-anderson"",""parent_count"":3}","2dad9b2eaa9e0b3966064c40708d8fff9be454662a8eba631cdaf427266f1f53"
"uniqlo","58330","58024","그 외","이너웨어 > 양말 > 그 외","이너웨어 > 양말 > 그 외","3","WOMEN","true","unknown","https://www.uniqlo.com/kr/ko/men_navigation","official_navigation_preloaded_taxonomies","2026-08-03T02:01:21.580Z","{""group"":""subcategories"",""key"":""others"",""parent_count"":3}","2dad9b2eaa9e0b3966064c40708d8fff9be454662a8eba631cdaf427266f1f53"
"uniqlo","58321","58023","에어리즘","이너웨어 > 레깅스 & 타이즈 > 에어리즘","이너웨어 > 레깅스 & 타이즈 > 에어리즘","3","WOMEN","true","unknown","https://www.uniqlo.com/kr/ko/men_navigation","official_navigation_preloaded_taxonomies","2026-08-03T02:01:21.580Z","{""group"":""subcategories"",""key"":""airism"",""parent_count"":3}","2dad9b2eaa9e0b3966064c40708d8fff9be454662a8eba631cdaf427266f1f53"
"uniqlo","98309","58023","타이즈","이너웨어 > 레깅스 & 타이즈 > 타이즈","이너웨어 > 레깅스 & 타이즈 > 타이즈","3","WOMEN","true","unknown","https://www.uniqlo.com/kr/ko/men_navigation","official_navigation_preloaded_taxonomies","2026-08-03T02:01:21.580Z","{""group"":""subcategories"",""key"":""tights"",""parent_count"":3}","2dad9b2eaa9e0b3966064c40708d8fff9be454662a8eba631cdaf427266f1f53"
"uniqlo","58322","58023","히트텍","이너웨어 > 레깅스 & 타이즈 > 히트텍","이너웨어 > 레깅스 & 타이즈 > 히트텍","3","WOMEN","true","unknown","https://www.uniqlo.com/kr/ko/men_navigation","official_navigation_preloaded_taxonomies","2026-08-03T02:01:21.580Z","{""group"":""subcategories"",""key"":""heattech"",""parent_count"":3}","2dad9b2eaa9e0b3966064c40708d8fff9be454662a8eba631cdaf427266f1f53"
"uniqlo","98308","58023","레깅스","이너웨어 > 레깅스 & 타이즈 > 레깅스","이너웨어 > 레깅스 & 타이즈 > 레깅스","3","WOMEN","true","unknown","https://www.uniqlo.com/kr/ko/men_navigation","official_navigation_preloaded_taxonomies","2026-08-03T02:01:21.580Z","{""group"":""subcategories"",""key"":""leggings"",""parent_count"":3}","2dad9b2eaa9e0b3966064c40708d8fff9be454662a8eba631cdaf427266f1f53"
"uniqlo","58323","58023","그 외","이너웨어 > 레깅스 & 타이즈 > 그 외","이너웨어 > 레깅스 & 타이즈 > 그 외","3","WOMEN","true","unknown","https://www.uniqlo.com/kr/ko/men_navigation","official_navigation_preloaded_taxonomies","2026-08-03T02:01:21.580Z","{""group"":""subcategories"",""key"":""others"",""parent_count"":3}","2dad9b2eaa9e0b3966064c40708d8fff9be454662a8eba631cdaf427266f1f53"
"uniqlo","98312","58019","히트텍 캐시미어 블렌드","이너웨어 > 히트텍 > 히트텍 캐시미어 블렌드","이너웨어 > 히트텍 > 히트텍 캐시미어 블렌드","3","WOMEN","true","unknown","https://www.uniqlo.com/kr/ko/men_navigation","official_navigation_preloaded_taxonomies","2026-08-03T02:01:21.580Z","{""group"":""subcategories"",""key"":""cashmere-blend"",""parent_count"":3}","2dad9b2eaa9e0b3966064c40708d8fff9be454662a8eba631cdaf427266f1f53"
"uniqlo","98311","58019","히트텍","이너웨어 > 히트텍 > 히트텍","이너웨어 > 히트텍 > 히트텍","3","WOMEN","true","unknown","https://www.uniqlo.com/kr/ko/men_navigation","official_navigation_preloaded_taxonomies","2026-08-03T02:01:21.580Z","{""group"":""subcategories"",""key"":""heattech"",""parent_count"":3}","2dad9b2eaa9e0b3966064c40708d8fff9be454662a8eba631cdaf427266f1f53"
"uniqlo","98313","58019","히트텍 엑스트라 웜","이너웨어 > 히트텍 > 히트텍 엑스트라 웜","이너웨어 > 히트텍 > 히트텍 엑스트라 웜","3","WOMEN","true","unknown","https://www.uniqlo.com/kr/ko/men_navigation","official_navigation_preloaded_taxonomies","2026-08-03T02:01:21.580Z","{""group"":""subcategories"",""key"":""heattech-cotton-extra-warm"",""parent_count"":3}","2dad9b2eaa9e0b3966064c40708d8fff9be454662a8eba631cdaf427266f1f53"
"uniqlo","98314","58019","히트텍 울트라 웜","이너웨어 > 히트텍 > 히트텍 울트라 웜","이너웨어 > 히트텍 > 히트텍 울트라 웜","3","WOMEN","true","unknown","https://www.uniqlo.com/kr/ko/men_navigation","official_navigation_preloaded_taxonomies","2026-08-03T02:01:21.580Z","{""group"":""subcategories"",""key"":""ultra-warm"",""parent_count"":3}","2dad9b2eaa9e0b3966064c40708d8fff9be454662a8eba631cdaf427266f1f53"
"uniqlo","98310","58019","히트텍 울트라 라이트","이너웨어 > 히트텍 > 히트텍 울트라 라이트","이너웨어 > 히트텍 > 히트텍 울트라 라이트","3","WOMEN","true","unknown","https://www.uniqlo.com/kr/ko/men_navigation","official_navigation_preloaded_taxonomies","2026-08-03T02:01:21.580Z","{""group"":""subcategories"",""key"":""heattech-ultra-light"",""parent_count"":3}","2dad9b2eaa9e0b3966064c40708d8fff9be454662a8eba631cdaf427266f1f53"
"uniqlo","58287","58019","반팔","이너웨어 > 히트텍 > 반팔","이너웨어 > 히트텍 > 반팔","3","WOMEN","true","unknown","https://www.uniqlo.com/kr/ko/men_navigation","official_navigation_preloaded_taxonomies","2026-08-03T02:01:21.580Z","{""group"":""subcategories"",""key"":""u-neck-short-sleeve"",""parent_count"":3}","2dad9b2eaa9e0b3966064c40708d8fff9be454662a8eba631cdaf427266f1f53"
"uniqlo","58288","58019","캐미솔","이너웨어 > 히트텍 > 캐미솔","이너웨어 > 히트텍 > 캐미솔","3","WOMEN","true","unknown","https://www.uniqlo.com/kr/ko/men_navigation","official_navigation_preloaded_taxonomies","2026-08-03T02:01:21.580Z","{""group"":""subcategories"",""key"":""camisole"",""parent_count"":3}","2dad9b2eaa9e0b3966064c40708d8fff9be454662a8eba631cdaf427266f1f53"
"uniqlo","58289","58019","8부","이너웨어 > 히트텍 > 8부","이너웨어 > 히트텍 > 8부","3","WOMEN","true","unknown","https://www.uniqlo.com/kr/ko/men_navigation","official_navigation_preloaded_taxonomies","2026-08-03T02:01:21.580Z","{""group"":""subcategories"",""key"":""u-neck8"",""parent_count"":3}","2dad9b2eaa9e0b3966064c40708d8fff9be454662a8eba631cdaf427266f1f53"
"uniqlo","58292","58019","크루넥","이너웨어 > 히트텍 > 크루넥","이너웨어 > 히트텍 > 크루넥","3","WOMEN","true","unknown","https://www.uniqlo.com/kr/ko/men_navigation","official_navigation_preloaded_taxonomies","2026-08-03T02:01:21.580Z","{""group"":""subcategories"",""key"":""crew-neck"",""parent_count"":3}","2dad9b2eaa9e0b3966064c40708d8fff9be454662a8eba631cdaf427266f1f53"
"uniqlo","58293","58019","하이넥","이너웨어 > 히트텍 > 하이넥","이너웨어 > 히트텍 > 하이넥","3","WOMEN","true","unknown","https://www.uniqlo.com/kr/ko/men_navigation","official_navigation_preloaded_taxonomies","2026-08-03T02:01:21.580Z","{""group"":""subcategories"",""key"":""high-neck"",""parent_count"":3}","2dad9b2eaa9e0b3966064c40708d8fff9be454662a8eba631cdaf427266f1f53"
"uniqlo","58294","58019","터틀넥","이너웨어 > 히트텍 > 터틀넥","이너웨어 > 히트텍 > 터틀넥","3","WOMEN","true","unknown","https://www.uniqlo.com/kr/ko/men_navigation","official_navigation_preloaded_taxonomies","2026-08-03T02:01:21.580Z","{""group"":""subcategories"",""key"":""turtle-neck"",""parent_count"":3}","2dad9b2eaa9e0b3966064c40708d8fff9be454662a8eba631cdaf427266f1f53"
"uniqlo","58295","58019","브라탑","이너웨어 > 히트텍 > 브라탑","이너웨어 > 히트텍 > 브라탑","3","WOMEN","true","unknown","https://www.uniqlo.com/kr/ko/men_navigation","official_navigation_preloaded_taxonomies","2026-08-03T02:01:21.580Z","{""group"":""subcategories"",""key"":""bra-top"",""parent_count"":3}","2dad9b2eaa9e0b3966064c40708d8fff9be454662a8eba631cdaf427266f1f53"
"uniqlo","58296","58019","타이즈","이너웨어 > 히트텍 > 타이즈","이너웨어 > 히트텍 > 타이즈","3","WOMEN","true","unknown","https://www.uniqlo.com/kr/ko/men_navigation","official_navigation_preloaded_taxonomies","2026-08-03T02:01:21.580Z","{""group"":""subcategories"",""key"":""tights"",""parent_count"":3}","2dad9b2eaa9e0b3966064c40708d8fff9be454662a8eba631cdaf427266f1f53"
"uniqlo","58297","58019","양말","이너웨어 > 히트텍 > 양말","이너웨어 > 히트텍 > 양말","3","WOMEN","true","unknown","https://www.uniqlo.com/kr/ko/men_navigation","official_navigation_preloaded_taxonomies","2026-08-03T02:01:21.580Z","{""group"":""subcategories"",""key"":""socks"",""parent_count"":3}","2dad9b2eaa9e0b3966064c40708d8fff9be454662a8eba631cdaf427266f1f53"
"uniqlo","58298","58019","레깅스","이너웨어 > 히트텍 > 레깅스","이너웨어 > 히트텍 > 레깅스","3","WOMEN","true","unknown","https://www.uniqlo.com/kr/ko/men_navigation","official_navigation_preloaded_taxonomies","2026-08-03T02:01:21.580Z","{""group"":""subcategories"",""key"":""leggings"",""parent_count"":3}","2dad9b2eaa9e0b3966064c40708d8fff9be454662a8eba631cdaf427266f1f53"
"uniqlo","123530","58019","UNIQLO : C","이너웨어 > 히트텍 > UNIQLO : C","이너웨어 > 히트텍 > UNIQLO : C","3","WOMEN","true","unknown","https://www.uniqlo.com/kr/ko/men_navigation","official_navigation_preloaded_taxonomies","2026-08-03T02:01:21.580Z","{""group"":""subcategories"",""key"":""uniqlo-c"",""parent_count"":3}","2dad9b2eaa9e0b3966064c40708d8fff9be454662a8eba631cdaf427266f1f53"
"uniqlo","62583","58019","UNIQLO and PRINCESSE tam・tam","이너웨어 > 히트텍 > UNIQLO and PRINCESSE tam・tam","이너웨어 > 히트텍 > UNIQLO and PRINCESSE tam・tam","3","WOMEN","true","unknown","https://www.uniqlo.com/kr/ko/men_navigation","official_navigation_preloaded_taxonomies","2026-08-03T02:01:21.580Z","{""group"":""subcategories"",""key"":""uniqlo-and-princesse-tam-tam"",""parent_count"":3}","2dad9b2eaa9e0b3966064c40708d8fff9be454662a8eba631cdaf427266f1f53"
"uniqlo","58299","58019","그 외","이너웨어 > 히트텍 > 그 외","이너웨어 > 히트텍 > 그 외","3","WOMEN","true","unknown","https://www.uniqlo.com/kr/ko/men_navigation","official_navigation_preloaded_taxonomies","2026-08-03T02:01:21.580Z","{""group"":""subcategories"",""key"":""others"",""parent_count"":3}","2dad9b2eaa9e0b3966064c40708d8fff9be454662a8eba631cdaf427266f1f53"
"uniqlo","149995","58019","히트텍 캐시미어","이너웨어 > 히트텍 > 히트텍 캐시미어","이너웨어 > 히트텍 > 히트텍 캐시미어","3","WOMEN","true","unknown","https://www.uniqlo.com/kr/ko/men_navigation","official_navigation_preloaded_taxonomies","2026-08-03T02:01:21.580Z","{""group"":""subcategories"",""key"":""heattech-cashmere"",""parent_count"":3}","2dad9b2eaa9e0b3966064c40708d8fff9be454662a8eba631cdaf427266f1f53"
"uniqlo","58335","58026","이지 팬츠","파자마 & 홈웨어 > 라운지 팬츠 > 이지 팬츠","파자마 & 홈웨어 > 라운지 팬츠 > 이지 팬츠","3","WOMEN","true","unknown","https://www.uniqlo.com/kr/ko/men_navigation","official_navigation_preloaded_taxonomies","2026-08-03T02:01:21.580Z","{""group"":""subcategories"",""key"":""long"",""parent_count"":3}","2dad9b2eaa9e0b3966064c40708d8fff9be454662a8eba631cdaf427266f1f53"
"uniqlo","112811","58026","리넨 블렌드","파자마 & 홈웨어 > 라운지 팬츠 > 리넨 블렌드","파자마 & 홈웨어 > 라운지 팬츠 > 리넨 블렌드","3","WOMEN","true","unknown","https://www.uniqlo.com/kr/ko/men_navigation","official_navigation_preloaded_taxonomies","2026-08-03T02:01:21.580Z","{""group"":""subcategories"",""key"":""linen-blend"",""parent_count"":3}","2dad9b2eaa9e0b3966064c40708d8fff9be454662a8eba631cdaf427266f1f53"
"uniqlo","58336","58026","쇼트 팬츠","파자마 & 홈웨어 > 라운지 팬츠 > 쇼트 팬츠","파자마 & 홈웨어 > 라운지 팬츠 > 쇼트 팬츠","3","WOMEN","true","unknown","https://www.uniqlo.com/kr/ko/men_navigation","official_navigation_preloaded_taxonomies","2026-08-03T02:01:21.580Z","{""group"":""subcategories"",""key"":""short-pants"",""parent_count"":3}","2dad9b2eaa9e0b3966064c40708d8fff9be454662a8eba631cdaf427266f1f53"
"uniqlo","94359","58026","앵클 팬츠","파자마 & 홈웨어 > 라운지 팬츠 > 앵클 팬츠","파자마 & 홈웨어 > 라운지 팬츠 > 앵클 팬츠","3","WOMEN","true","unknown","https://www.uniqlo.com/kr/ko/men_navigation","official_navigation_preloaded_taxonomies","2026-08-03T02:01:21.580Z","{""group"":""subcategories"",""key"":""ankle"",""parent_count"":3}","2dad9b2eaa9e0b3966064c40708d8fff9be454662a8eba631cdaf427266f1f53"
"uniqlo","58337","58026","리라코 팬츠","파자마 & 홈웨어 > 라운지 팬츠 > 리라코 팬츠","파자마 & 홈웨어 > 라운지 팬츠 > 리라코 팬츠","3","WOMEN","true","unknown","https://www.uniqlo.com/kr/ko/men_navigation","official_navigation_preloaded_taxonomies","2026-08-03T02:01:21.580Z","{""group"":""subcategories"",""key"":""relaco"",""parent_count"":3}","2dad9b2eaa9e0b3966064c40708d8fff9be454662a8eba631cdaf427266f1f53"
"uniqlo","62592","58026","UNIQLO and PRINCESSE tam・tam","파자마 & 홈웨어 > 라운지 팬츠 > UNIQLO and PRINCESSE tam・tam","파자마 & 홈웨어 > 라운지 팬츠 > UNIQLO and PRINCESSE tam・tam","3","WOMEN","true","unknown","https://www.uniqlo.com/kr/ko/men_navigation","official_navigation_preloaded_taxonomies","2026-08-03T02:01:21.580Z","{""group"":""subcategories"",""key"":""uniqlo-and-princesse-tam-tam"",""parent_count"":3}","2dad9b2eaa9e0b3966064c40708d8fff9be454662a8eba631cdaf427266f1f53"
"uniqlo","94358","58026","워셔블 니트 립 팬츠","파자마 & 홈웨어 > 라운지 팬츠 > 워셔블 니트 립 팬츠","파자마 & 홈웨어 > 라운지 팬츠 > 워셔블 니트 립 팬츠","3","WOMEN","true","unknown","https://www.uniqlo.com/kr/ko/men_navigation","official_navigation_preloaded_taxonomies","2026-08-03T02:01:21.580Z","{""group"":""subcategories"",""key"":""washable-knit"",""parent_count"":3}","2dad9b2eaa9e0b3966064c40708d8fff9be454662a8eba631cdaf427266f1f53"
"uniqlo","127800","58026","후리스 팬츠","파자마 & 홈웨어 > 라운지 팬츠 > 후리스 팬츠","파자마 & 홈웨어 > 라운지 팬츠 > 후리스 팬츠","3","WOMEN","true","unknown","https://www.uniqlo.com/kr/ko/men_navigation","official_navigation_preloaded_taxonomies","2026-08-03T02:01:21.580Z","{""group"":""subcategories"",""key"":""fleece"",""parent_count"":3}","2dad9b2eaa9e0b3966064c40708d8fff9be454662a8eba631cdaf427266f1f53"
"uniqlo","94360","58026","플란넬 팬츠","파자마 & 홈웨어 > 라운지 팬츠 > 플란넬 팬츠","파자마 & 홈웨어 > 라운지 팬츠 > 플란넬 팬츠","3","WOMEN","true","unknown","https://www.uniqlo.com/kr/ko/men_navigation","official_navigation_preloaded_taxonomies","2026-08-03T02:01:21.580Z","{""group"":""subcategories"",""key"":""flannel"",""parent_count"":3}","2dad9b2eaa9e0b3966064c40708d8fff9be454662a8eba631cdaf427266f1f53"
"uniqlo","98317","58026","울트라 스트레치 웜","파자마 & 홈웨어 > 라운지 팬츠 > 울트라 스트레치 웜","파자마 & 홈웨어 > 라운지 팬츠 > 울트라 스트레치 웜","3","WOMEN","true","unknown","https://www.uniqlo.com/kr/ko/men_navigation","official_navigation_preloaded_taxonomies","2026-08-03T02:01:21.580Z","{""group"":""subcategories"",""key"":""ultra-stretch-warm"",""parent_count"":3}","2dad9b2eaa9e0b3966064c40708d8fff9be454662a8eba631cdaf427266f1f53"
"uniqlo","63089","58026","유니섹스","파자마 & 홈웨어 > 라운지 팬츠 > 유니섹스","파자마 & 홈웨어 > 라운지 팬츠 > 유니섹스","3","WOMEN","true","unknown","https://www.uniqlo.com/kr/ko/men_navigation","official_navigation_preloaded_taxonomies","2026-08-03T02:01:21.580Z","{""group"":""subcategories"",""key"":""unisex"",""parent_count"":3}","2dad9b2eaa9e0b3966064c40708d8fff9be454662a8eba631cdaf427266f1f53"
"uniqlo","74427","58025","반팔 파자마","파자마 & 홈웨어 > 파자마 > 반팔 파자마","파자마 & 홈웨어 > 파자마 > 반팔 파자마","3","WOMEN","true","unknown","https://www.uniqlo.com/kr/ko/men_navigation","official_navigation_preloaded_taxonomies","2026-08-03T02:01:21.580Z","{""group"":""subcategories"",""key"":""short-sleeve"",""parent_count"":3}","2dad9b2eaa9e0b3966064c40708d8fff9be454662a8eba631cdaf427266f1f53"
"uniqlo","58332","58025","긴팔 파자마","파자마 & 홈웨어 > 파자마 > 긴팔 파자마","파자마 & 홈웨어 > 파자마 > 긴팔 파자마","3","WOMEN","true","unknown","https://www.uniqlo.com/kr/ko/men_navigation","official_navigation_preloaded_taxonomies","2026-08-03T02:01:21.580Z","{""group"":""subcategories"",""key"":""pajamas"",""parent_count"":3}","2dad9b2eaa9e0b3966064c40708d8fff9be454662a8eba631cdaf427266f1f53"
"uniqlo","117523","58025","브라 원피스","파자마 & 홈웨어 > 파자마 > 브라 원피스","파자마 & 홈웨어 > 파자마 > 브라 원피스","3","WOMEN","true","unknown","https://www.uniqlo.com/kr/ko/men_navigation","official_navigation_preloaded_taxonomies","2026-08-03T02:01:21.580Z","{""group"":""subcategories"",""key"":""dress"",""parent_count"":3}","2dad9b2eaa9e0b3966064c40708d8fff9be454662a8eba631cdaf427266f1f53"
"uniqlo","58334","58025","그 외","파자마 & 홈웨어 > 파자마 > 그 외","파자마 & 홈웨어 > 파자마 > 그 외","3","WOMEN","true","unknown","https://www.uniqlo.com/kr/ko/men_navigation","official_navigation_preloaded_taxonomies","2026-08-03T02:01:21.580Z","{""group"":""subcategories"",""key"":""others"",""parent_count"":3}","2dad9b2eaa9e0b3966064c40708d8fff9be454662a8eba631cdaf427266f1f53"
"uniqlo","65944","58025","UNIQLO and PRINCESSE tam・tam","파자마 & 홈웨어 > 파자마 > UNIQLO and PRINCESSE tam・tam","파자마 & 홈웨어 > 파자마 > UNIQLO and PRINCESSE tam・tam","3","WOMEN","true","unknown","https://www.uniqlo.com/kr/ko/men_navigation","official_navigation_preloaded_taxonomies","2026-08-03T02:01:21.580Z","{""group"":""subcategories"",""key"":""uniqlo-and-princesse-tam-tam"",""parent_count"":3}","2dad9b2eaa9e0b3966064c40708d8fff9be454662a8eba631cdaf427266f1f53"
"uniqlo","58331","58025","울트라 스트레치","파자마 & 홈웨어 > 파자마 > 울트라 스트레치","파자마 & 홈웨어 > 파자마 > 울트라 스트레치","3","WOMEN","true","unknown","https://www.uniqlo.com/kr/ko/men_navigation","official_navigation_preloaded_taxonomies","2026-08-03T02:01:21.580Z","{""group"":""subcategories"",""key"":""ultra-stretch"",""parent_count"":3}","2dad9b2eaa9e0b3966064c40708d8fff9be454662a8eba631cdaf427266f1f53"
"uniqlo","98315","58025","후리스 세트","파자마 & 홈웨어 > 파자마 > 후리스 세트","파자마 & 홈웨어 > 파자마 > 후리스 세트","3","WOMEN","true","unknown","https://www.uniqlo.com/kr/ko/men_navigation","official_navigation_preloaded_taxonomies","2026-08-03T02:01:21.580Z","{""group"":""subcategories"",""key"":""fleece-set"",""parent_count"":3}","2dad9b2eaa9e0b3966064c40708d8fff9be454662a8eba631cdaf427266f1f53"
"uniqlo","98316","58025","레깅스 & 양말","파자마 & 홈웨어 > 파자마 > 레깅스 & 양말","파자마 & 홈웨어 > 파자마 > 레깅스 & 양말","3","WOMEN","true","unknown","https://www.uniqlo.com/kr/ko/men_navigation","official_navigation_preloaded_taxonomies","2026-08-03T02:01:21.580Z","{""group"":""subcategories"",""key"":""leggings-and-socks"",""parent_count"":3}","2dad9b2eaa9e0b3966064c40708d8fff9be454662a8eba631cdaf427266f1f53"
"uniqlo","63088","58025","유니섹스","파자마 & 홈웨어 > 파자마 > 유니섹스","파자마 & 홈웨어 > 파자마 > 유니섹스","3","WOMEN","true","unknown","https://www.uniqlo.com/kr/ko/men_navigation","official_navigation_preloaded_taxonomies","2026-08-03T02:01:21.580Z","{""group"":""subcategories"",""key"":""unisex"",""parent_count"":3}","2dad9b2eaa9e0b3966064c40708d8fff9be454662a8eba631cdaf427266f1f53"
"uniqlo","141118","58025","GU","파자마 & 홈웨어 > 파자마 > GU","파자마 & 홈웨어 > 파자마 > GU","3","WOMEN","true","unknown","https://www.uniqlo.com/kr/ko/men_navigation","official_navigation_preloaded_taxonomies","2026-08-03T02:01:21.580Z","{""group"":""subcategories"",""key"":""gu"",""parent_count"":3}","2dad9b2eaa9e0b3966064c40708d8fff9be454662a8eba631cdaf427266f1f53"
"uniqlo","99904","99902","숄더백","액세서리 > 가방 > 숄더백","액세서리 > 가방 > 숄더백","3","WOMEN","true","unknown","https://www.uniqlo.com/kr/ko/men_navigation","official_navigation_preloaded_taxonomies","2026-08-03T02:01:21.580Z","{""group"":""subcategories"",""key"":""shoulder-bags"",""parent_count"":3}","2dad9b2eaa9e0b3966064c40708d8fff9be454662a8eba631cdaf427266f1f53"
"uniqlo","99908","99902","토트백","액세서리 > 가방 > 토트백","액세서리 > 가방 > 토트백","3","WOMEN","true","unknown","https://www.uniqlo.com/kr/ko/men_navigation","official_navigation_preloaded_taxonomies","2026-08-03T02:01:21.580Z","{""group"":""subcategories"",""key"":""tote-bags"",""parent_count"":3}","2dad9b2eaa9e0b3966064c40708d8fff9be454662a8eba631cdaf427266f1f53"
"uniqlo","99909","99902","백팩","액세서리 > 가방 > 백팩","액세서리 > 가방 > 백팩","3","WOMEN","true","unknown","https://www.uniqlo.com/kr/ko/men_navigation","official_navigation_preloaded_taxonomies","2026-08-03T02:01:21.580Z","{""group"":""subcategories"",""key"":""backpacks"",""parent_count"":3}","2dad9b2eaa9e0b3966064c40708d8fff9be454662a8eba631cdaf427266f1f53"
"uniqlo","99906","99902","Uniqlo U","액세서리 > 가방 > Uniqlo U","액세서리 > 가방 > Uniqlo U","3","WOMEN","true","unknown","https://www.uniqlo.com/kr/ko/men_navigation","official_navigation_preloaded_taxonomies","2026-08-03T02:01:21.580Z","{""group"":""subcategories"",""key"":""uniqlo-u"",""parent_count"":3}","2dad9b2eaa9e0b3966064c40708d8fff9be454662a8eba631cdaf427266f1f53"
"uniqlo","99910","99902","멀티포켓숄더백","액세서리 > 가방 > 멀티포켓숄더백","액세서리 > 가방 > 멀티포켓숄더백","3","WOMEN","true","unknown","https://www.uniqlo.com/kr/ko/men_navigation","official_navigation_preloaded_taxonomies","2026-08-03T02:01:21.580Z","{""group"":""subcategories"",""key"":""muti"",""parent_count"":3}","2dad9b2eaa9e0b3966064c40708d8fff9be454662a8eba631cdaf427266f1f53"
"uniqlo","99911","99902","리유저블쇼핑백","액세서리 > 가방 > 리유저블쇼핑백","액세서리 > 가방 > 리유저블쇼핑백","3","WOMEN","true","unknown","https://www.uniqlo.com/kr/ko/men_navigation","official_navigation_preloaded_taxonomies","2026-08-03T02:01:21.580Z","{""group"":""subcategories"",""key"":""reusable-shopping-bag"",""parent_count"":3}","2dad9b2eaa9e0b3966064c40708d8fff9be454662a8eba631cdaf427266f1f53"
"uniqlo","99907","99902","그 외","액세서리 > 가방 > 그 외","액세서리 > 가방 > 그 외","3","WOMEN","true","unknown","https://www.uniqlo.com/kr/ko/men_navigation","official_navigation_preloaded_taxonomies","2026-08-03T02:01:21.580Z","{""group"":""subcategories"",""key"":""other"",""parent_count"":3}","2dad9b2eaa9e0b3966064c40708d8fff9be454662a8eba631cdaf427266f1f53"
"uniqlo","144154","58033","내로우","액세서리 > 선글라스 > 내로우","액세서리 > 선글라스 > 내로우","3","WOMEN","true","unknown","https://www.uniqlo.com/kr/ko/men_navigation","official_navigation_preloaded_taxonomies","2026-08-03T02:01:21.580Z","{""group"":""subcategories"",""key"":""narrow"",""parent_count"":3}","2dad9b2eaa9e0b3966064c40708d8fff9be454662a8eba631cdaf427266f1f53"
"uniqlo","144160","58033","스탠다드","액세서리 > 선글라스 > 스탠다드","액세서리 > 선글라스 > 스탠다드","3","WOMEN","true","unknown","https://www.uniqlo.com/kr/ko/men_navigation","official_navigation_preloaded_taxonomies","2026-08-03T02:01:21.580Z","{""group"":""subcategories"",""key"":""standard-type"",""parent_count"":3}","2dad9b2eaa9e0b3966064c40708d8fff9be454662a8eba631cdaf427266f1f53"
"uniqlo","144155","58033","와이드","액세서리 > 선글라스 > 와이드","액세서리 > 선글라스 > 와이드","3","WOMEN","true","unknown","https://www.uniqlo.com/kr/ko/men_navigation","official_navigation_preloaded_taxonomies","2026-08-03T02:01:21.580Z","{""group"":""subcategories"",""key"":""wide"",""parent_count"":3}","2dad9b2eaa9e0b3966064c40708d8fff9be454662a8eba631cdaf427266f1f53"
"uniqlo","144156","58033","액티브","액세서리 > 선글라스 > 액티브","액세서리 > 선글라스 > 액티브","3","WOMEN","true","unknown","https://www.uniqlo.com/kr/ko/men_navigation","official_navigation_preloaded_taxonomies","2026-08-03T02:01:21.580Z","{""group"":""subcategories"",""key"":""active"",""parent_count"":3}","2dad9b2eaa9e0b3966064c40708d8fff9be454662a8eba631cdaf427266f1f53"
"uniqlo","58366","58033","편광 선글라스","액세서리 > 선글라스 > 편광 선글라스","액세서리 > 선글라스 > 편광 선글라스","3","WOMEN","true","unknown","https://www.uniqlo.com/kr/ko/men_navigation","official_navigation_preloaded_taxonomies","2026-08-03T02:01:21.580Z","{""group"":""subcategories"",""key"":""others"",""parent_count"":3}","2dad9b2eaa9e0b3966064c40708d8fff9be454662a8eba631cdaf427266f1f53"
"uniqlo","58364","58033","패션 선글라스","액세서리 > 선글라스 > 패션 선글라스","액세서리 > 선글라스 > 패션 선글라스","3","WOMEN","true","unknown","https://www.uniqlo.com/kr/ko/men_navigation","official_navigation_preloaded_taxonomies","2026-08-03T02:01:21.580Z","{""group"":""subcategories"",""key"":""fashion-glasses"",""parent_count"":3}","2dad9b2eaa9e0b3966064c40708d8fff9be454662a8eba631cdaf427266f1f53"
"uniqlo","58365","58033","스포츠 선글라스","액세서리 > 선글라스 > 스포츠 선글라스","액세서리 > 선글라스 > 스포츠 선글라스","3","WOMEN","true","unknown","https://www.uniqlo.com/kr/ko/men_navigation","official_navigation_preloaded_taxonomies","2026-08-03T02:01:21.580Z","{""group"":""subcategories"",""key"":""sports-glasses"",""parent_count"":3}","2dad9b2eaa9e0b3966064c40708d8fff9be454662a8eba631cdaf427266f1f53"
"uniqlo","58358","58031","클린벨트","액세서리 > 벨트 > 클린벨트","액세서리 > 벨트 > 클린벨트","3","WOMEN","true","unknown","https://www.uniqlo.com/kr/ko/men_navigation","official_navigation_preloaded_taxonomies","2026-08-03T02:01:21.580Z","{""group"":""subcategories"",""key"":""clean-belts"",""parent_count"":3}","2dad9b2eaa9e0b3966064c40708d8fff9be454662a8eba631cdaf427266f1f53"
"uniqlo","58357","58031","메쉬벨트","액세서리 > 벨트 > 메쉬벨트","액세서리 > 벨트 > 메쉬벨트","3","WOMEN","true","unknown","https://www.uniqlo.com/kr/ko/men_navigation","official_navigation_preloaded_taxonomies","2026-08-03T02:01:21.580Z","{""group"":""subcategories"",""key"":""mesh-belts"",""parent_count"":3}","2dad9b2eaa9e0b3966064c40708d8fff9be454662a8eba631cdaf427266f1f53"
"uniqlo","58356","58031","빈티지벨트","액세서리 > 벨트 > 빈티지벨트","액세서리 > 벨트 > 빈티지벨트","3","WOMEN","true","unknown","https://www.uniqlo.com/kr/ko/men_navigation","official_navigation_preloaded_taxonomies","2026-08-03T02:01:21.580Z","{""group"":""subcategories"",""key"":""vintage-belts"",""parent_count"":3}","2dad9b2eaa9e0b3966064c40708d8fff9be454662a8eba631cdaf427266f1f53"
"uniqlo","58360","58031","그 외","액세서리 > 벨트 > 그 외","액세서리 > 벨트 > 그 외","3","WOMEN","true","unknown","https://www.uniqlo.com/kr/ko/men_navigation","official_navigation_preloaded_taxonomies","2026-08-03T02:01:21.580Z","{""group"":""subcategories"",""key"":""others"",""parent_count"":3}","2dad9b2eaa9e0b3966064c40708d8fff9be454662a8eba631cdaf427266f1f53"
"uniqlo","58367","58034","우산","액세서리 > 우산 & 스카프 > 우산","액세서리 > 우산 & 스카프 > 우산","3","WOMEN","true","unknown","https://www.uniqlo.com/kr/ko/men_navigation","official_navigation_preloaded_taxonomies","2026-08-03T02:01:21.580Z","{""group"":""subcategories"",""key"":""umbrella"",""parent_count"":3}","2dad9b2eaa9e0b3966064c40708d8fff9be454662a8eba631cdaf427266f1f53"
"uniqlo","62612","58034","담요","액세서리 > 우산 & 스카프 > 담요","액세서리 > 우산 & 스카프 > 담요","3","WOMEN","true","unknown","https://www.uniqlo.com/kr/ko/men_navigation","official_navigation_preloaded_taxonomies","2026-08-03T02:01:21.580Z","{""group"":""subcategories"",""key"":""blanket"",""parent_count"":3}","2dad9b2eaa9e0b3966064c40708d8fff9be454662a8eba631cdaf427266f1f53"
"uniqlo","62613","58034","다마고치","액세서리 > 우산 & 스카프 > 다마고치","액세서리 > 우산 & 스카프 > 다마고치","3","WOMEN","true","unknown","https://www.uniqlo.com/kr/ko/men_navigation","official_navigation_preloaded_taxonomies","2026-08-03T02:01:21.580Z","{""group"":""subcategories"",""key"":""cushion"",""parent_count"":3}","2dad9b2eaa9e0b3966064c40708d8fff9be454662a8eba631cdaf427266f1f53"
"uniqlo","58368","58034","암커버","액세서리 > 우산 & 스카프 > 암커버","액세서리 > 우산 & 스카프 > 암커버","3","WOMEN","true","unknown","https://www.uniqlo.com/kr/ko/men_navigation","official_navigation_preloaded_taxonomies","2026-08-03T02:01:21.580Z","{""group"":""subcategories"",""key"":""arm-cover"",""parent_count"":3}","2dad9b2eaa9e0b3966064c40708d8fff9be454662a8eba631cdaf427266f1f53"
"uniqlo","58370","58034","그 외","액세서리 > 우산 & 스카프 > 그 외","액세서리 > 우산 & 스카프 > 그 외","3","WOMEN","true","unknown","https://www.uniqlo.com/kr/ko/men_navigation","official_navigation_preloaded_taxonomies","2026-08-03T02:01:21.580Z","{""group"":""subcategories"",""key"":""others"",""parent_count"":3}","2dad9b2eaa9e0b3966064c40708d8fff9be454662a8eba631cdaf427266f1f53"
"uniqlo","58351","58029","UV Protection","액세서리 > 모자 > UV Protection","액세서리 > 모자 > UV Protection","3","WOMEN","true","unknown","https://www.uniqlo.com/kr/ko/men_navigation","official_navigation_preloaded_taxonomies","2026-08-03T02:01:21.580Z","{""group"":""subcategories"",""key"":""uv-protection"",""parent_count"":3}","2dad9b2eaa9e0b3966064c40708d8fff9be454662a8eba631cdaf427266f1f53"
"uniqlo","58349","58029","햇","액세서리 > 모자 > 햇","액세서리 > 모자 > 햇","3","WOMEN","true","unknown","https://www.uniqlo.com/kr/ko/men_navigation","official_navigation_preloaded_taxonomies","2026-08-03T02:01:21.580Z","{""group"":""subcategories"",""key"":""hats"",""parent_count"":3}","2dad9b2eaa9e0b3966064c40708d8fff9be454662a8eba631cdaf427266f1f53"
"uniqlo","58350","58029","캡","액세서리 > 모자 > 캡","액세서리 > 모자 > 캡","3","WOMEN","true","unknown","https://www.uniqlo.com/kr/ko/men_navigation","official_navigation_preloaded_taxonomies","2026-08-03T02:01:21.580Z","{""group"":""subcategories"",""key"":""caps"",""parent_count"":3}","2dad9b2eaa9e0b3966064c40708d8fff9be454662a8eba631cdaf427266f1f53"
"uniqlo","62598","58029","비니","액세서리 > 모자 > 비니","액세서리 > 모자 > 비니","3","WOMEN","true","unknown","https://www.uniqlo.com/kr/ko/men_navigation","official_navigation_preloaded_taxonomies","2026-08-03T02:01:21.580Z","{""group"":""subcategories"",""key"":""beanie"",""parent_count"":3}","2dad9b2eaa9e0b3966064c40708d8fff9be454662a8eba631cdaf427266f1f53"
"uniqlo","62600","58029","UNIQLO and JW ANDERSON","액세서리 > 모자 > UNIQLO and JW ANDERSON","액세서리 > 모자 > UNIQLO and JW ANDERSON","3","WOMEN","true","unknown","https://www.uniqlo.com/kr/ko/men_navigation","official_navigation_preloaded_taxonomies","2026-08-03T02:01:21.580Z","{""group"":""subcategories"",""key"":""uniqlo-and-jw-anderson"",""parent_count"":3}","2dad9b2eaa9e0b3966064c40708d8fff9be454662a8eba631cdaf427266f1f53"
"uniqlo","62611","58032","UNIQLO : C","액세서리 > 신발 > UNIQLO : C","액세서리 > 신발 > UNIQLO : C","3","WOMEN","true","unknown","https://www.uniqlo.com/kr/ko/men_navigation","official_navigation_preloaded_taxonomies","2026-08-03T02:01:21.580Z","{""group"":""subcategories"",""key"":""uniqlo-c"",""parent_count"":3}","2dad9b2eaa9e0b3966064c40708d8fff9be454662a8eba631cdaf427266f1f53"
"uniqlo","58362","58032","스니커즈","액세서리 > 신발 > 스니커즈","액세서리 > 신발 > 스니커즈","3","WOMEN","true","unknown","https://www.uniqlo.com/kr/ko/men_navigation","official_navigation_preloaded_taxonomies","2026-08-03T02:01:21.580Z","{""group"":""subcategories"",""key"":""sneakers"",""parent_count"":3}","2dad9b2eaa9e0b3966064c40708d8fff9be454662a8eba631cdaf427266f1f53"
"uniqlo","148350","148319","캐미솔","라운지 & 언더웨어 컬렉션 > Effortless Charm > 캐미솔","라운지 & 언더웨어 컬렉션 > Effortless Charm > 캐미솔","3","WOMEN","true","unknown","https://www.uniqlo.com/kr/ko/men_navigation","official_navigation_preloaded_taxonomies","2026-08-03T02:01:21.580Z","{""group"":""subcategories"",""key"":""camisole"",""parent_count"":3}","2dad9b2eaa9e0b3966064c40708d8fff9be454662a8eba631cdaf427266f1f53"
"uniqlo","148335","148319","슬리브리스","라운지 & 언더웨어 컬렉션 > Effortless Charm > 슬리브리스","라운지 & 언더웨어 컬렉션 > Effortless Charm > 슬리브리스","3","WOMEN","true","unknown","https://www.uniqlo.com/kr/ko/men_navigation","official_navigation_preloaded_taxonomies","2026-08-03T02:01:21.580Z","{""group"":""subcategories"",""key"":""sleeveless-top"",""parent_count"":3}","2dad9b2eaa9e0b3966064c40708d8fff9be454662a8eba631cdaf427266f1f53"
"uniqlo","148336","148319","브라","라운지 & 언더웨어 컬렉션 > Effortless Charm > 브라","라운지 & 언더웨어 컬렉션 > Effortless Charm > 브라","3","WOMEN","true","unknown","https://www.uniqlo.com/kr/ko/men_navigation","official_navigation_preloaded_taxonomies","2026-08-03T02:01:21.580Z","{""group"":""subcategories"",""key"":""bra"",""parent_count"":3}","2dad9b2eaa9e0b3966064c40708d8fff9be454662a8eba631cdaf427266f1f53"
"uniqlo","148356","148319","언더웨어","라운지 & 언더웨어 컬렉션 > Effortless Charm > 언더웨어","라운지 & 언더웨어 컬렉션 > Effortless Charm > 언더웨어","3","WOMEN","true","unknown","https://www.uniqlo.com/kr/ko/men_navigation","official_navigation_preloaded_taxonomies","2026-08-03T02:01:21.580Z","{""group"":""subcategories"",""key"":""underwear"",""parent_count"":3}","2dad9b2eaa9e0b3966064c40708d8fff9be454662a8eba631cdaf427266f1f53"
"uniqlo","148367","148319","니트 & 가디건","라운지 & 언더웨어 컬렉션 > Effortless Charm > 니트 & 가디건","라운지 & 언더웨어 컬렉션 > Effortless Charm > 니트 & 가디건","3","WOMEN","true","unknown","https://www.uniqlo.com/kr/ko/men_navigation","official_navigation_preloaded_taxonomies","2026-08-03T02:01:21.580Z","{""group"":""subcategories"",""key"":""sweaters-and-cardigans"",""parent_count"":3}","2dad9b2eaa9e0b3966064c40708d8fff9be454662a8eba631cdaf427266f1f53"
"uniqlo","148346","148319","팬츠","라운지 & 언더웨어 컬렉션 > Effortless Charm > 팬츠","라운지 & 언더웨어 컬렉션 > Effortless Charm > 팬츠","3","WOMEN","true","unknown","https://www.uniqlo.com/kr/ko/men_navigation","official_navigation_preloaded_taxonomies","2026-08-03T02:01:21.580Z","{""group"":""subcategories"",""key"":""bottoms"",""parent_count"":3}","2dad9b2eaa9e0b3966064c40708d8fff9be454662a8eba631cdaf427266f1f53"
"uniqlo","148351","148319","쇼트 팬츠","라운지 & 언더웨어 컬렉션 > Effortless Charm > 쇼트 팬츠","라운지 & 언더웨어 컬렉션 > Effortless Charm > 쇼트 팬츠","3","WOMEN","true","unknown","https://www.uniqlo.com/kr/ko/men_navigation","official_navigation_preloaded_taxonomies","2026-08-03T02:01:21.580Z","{""group"":""subcategories"",""key"":""shorts"",""parent_count"":3}","2dad9b2eaa9e0b3966064c40708d8fff9be454662a8eba631cdaf427266f1f53"
"uniqlo","148323","148319","파자마","라운지 & 언더웨어 컬렉션 > Effortless Charm > 파자마","라운지 & 언더웨어 컬렉션 > Effortless Charm > 파자마","3","WOMEN","true","unknown","https://www.uniqlo.com/kr/ko/men_navigation","official_navigation_preloaded_taxonomies","2026-08-03T02:01:21.580Z","{""group"":""subcategories"",""key"":""pajamas"",""parent_count"":3}","2dad9b2eaa9e0b3966064c40708d8fff9be454662a8eba631cdaf427266f1f53"
"uniqlo","148347","148319","에어리즘","라운지 & 언더웨어 컬렉션 > Effortless Charm > 에어리즘","라운지 & 언더웨어 컬렉션 > Effortless Charm > 에어리즘","3","WOMEN","true","unknown","https://www.uniqlo.com/kr/ko/men_navigation","official_navigation_preloaded_taxonomies","2026-08-03T02:01:21.580Z","{""group"":""subcategories"",""key"":""airism"",""parent_count"":3}","2dad9b2eaa9e0b3966064c40708d8fff9be454662a8eba631cdaf427266f1f53"
"uniqlo","148368","148319","립 팬츠","라운지 & 언더웨어 컬렉션 > Effortless Charm > 립 팬츠","라운지 & 언더웨어 컬렉션 > Effortless Charm > 립 팬츠","3","WOMEN","true","unknown","https://www.uniqlo.com/kr/ko/men_navigation","official_navigation_preloaded_taxonomies","2026-08-03T02:01:21.580Z","{""group"":""subcategories"",""key"":""ribbed"",""parent_count"":3}","2dad9b2eaa9e0b3966064c40708d8fff9be454662a8eba631cdaf427266f1f53"
"uniqlo","148357","148319","플란넬","라운지 & 언더웨어 컬렉션 > Effortless Charm > 플란넬","라운지 & 언더웨어 컬렉션 > Effortless Charm > 플란넬","3","WOMEN","true","unknown","https://www.uniqlo.com/kr/ko/men_navigation","official_navigation_preloaded_taxonomies","2026-08-03T02:01:21.580Z","{""group"":""subcategories"",""key"":""flannel"",""parent_count"":3}","2dad9b2eaa9e0b3966064c40708d8fff9be454662a8eba631cdaf427266f1f53"
"uniqlo","148358","148319","저스트 웨이스트","라운지 & 언더웨어 컬렉션 > Effortless Charm > 저스트 웨이스트","라운지 & 언더웨어 컬렉션 > Effortless Charm > 저스트 웨이스트","3","WOMEN","true","unknown","https://www.uniqlo.com/kr/ko/men_navigation","official_navigation_preloaded_taxonomies","2026-08-03T02:01:21.580Z","{""group"":""subcategories"",""key"":""just-waist"",""parent_count"":3}","2dad9b2eaa9e0b3966064c40708d8fff9be454662a8eba631cdaf427266f1f53"
"uniqlo","148324","148319","힙허거","라운지 & 언더웨어 컬렉션 > Effortless Charm > 힙허거","라운지 & 언더웨어 컬렉션 > Effortless Charm > 힙허거","3","WOMEN","true","unknown","https://www.uniqlo.com/kr/ko/men_navigation","official_navigation_preloaded_taxonomies","2026-08-03T02:01:21.580Z","{""group"":""subcategories"",""key"":""hiphugger"",""parent_count"":3}","2dad9b2eaa9e0b3966064c40708d8fff9be454662a8eba631cdaf427266f1f53"
"uniqlo","148359","148319","미들 웨이스트","라운지 & 언더웨어 컬렉션 > Effortless Charm > 미들 웨이스트","라운지 & 언더웨어 컬렉션 > Effortless Charm > 미들 웨이스트","3","WOMEN","true","unknown","https://www.uniqlo.com/kr/ko/men_navigation","official_navigation_preloaded_taxonomies","2026-08-03T02:01:21.580Z","{""group"":""subcategories"",""key"":""bikini"",""parent_count"":3}","2dad9b2eaa9e0b3966064c40708d8fff9be454662a8eba631cdaf427266f1f53"
"uniqlo","148360","148319","보이","라운지 & 언더웨어 컬렉션 > Effortless Charm > 보이","라운지 & 언더웨어 컬렉션 > Effortless Charm > 보이","3","WOMEN","true","unknown","https://www.uniqlo.com/kr/ko/men_navigation","official_navigation_preloaded_taxonomies","2026-08-03T02:01:21.580Z","{""group"":""subcategories"",""key"":""boyshorts"",""parent_count"":3}","2dad9b2eaa9e0b3966064c40708d8fff9be454662a8eba631cdaf427266f1f53"
"uniqlo","148361","148319","가디건","라운지 & 언더웨어 컬렉션 > Effortless Charm > 가디건","라운지 & 언더웨어 컬렉션 > Effortless Charm > 가디건","3","WOMEN","true","unknown","https://www.uniqlo.com/kr/ko/men_navigation","official_navigation_preloaded_taxonomies","2026-08-03T02:01:21.580Z","{""group"":""subcategories"",""key"":""cardigan"",""parent_count"":3}","2dad9b2eaa9e0b3966064c40708d8fff9be454662a8eba631cdaf427266f1f53"
"uniqlo","148369","148319","코튼","라운지 & 언더웨어 컬렉션 > Effortless Charm > 코튼","라운지 & 언더웨어 컬렉션 > Effortless Charm > 코튼","3","WOMEN","true","unknown","https://www.uniqlo.com/kr/ko/men_navigation","official_navigation_preloaded_taxonomies","2026-08-03T02:01:21.580Z","{""group"":""subcategories"",""key"":""cotton"",""parent_count"":3}","2dad9b2eaa9e0b3966064c40708d8fff9be454662a8eba631cdaf427266f1f53"
"uniqlo","148337","148318","브라탑","라운지 & 언더웨어 컬렉션 > Minimalist Classics > 브라탑","라운지 & 언더웨어 컬렉션 > Minimalist Classics > 브라탑","3","WOMEN","true","unknown","https://www.uniqlo.com/kr/ko/men_navigation","official_navigation_preloaded_taxonomies","2026-08-03T02:01:21.580Z","{""group"":""subcategories"",""key"":""bratop"",""parent_count"":3}","2dad9b2eaa9e0b3966064c40708d8fff9be454662a8eba631cdaf427266f1f53"
"uniqlo","148338","148318","브라","라운지 & 언더웨어 컬렉션 > Minimalist Classics > 브라","라운지 & 언더웨어 컬렉션 > Minimalist Classics > 브라","3","WOMEN","true","unknown","https://www.uniqlo.com/kr/ko/men_navigation","official_navigation_preloaded_taxonomies","2026-08-03T02:01:21.580Z","{""group"":""subcategories"",""key"":""bra"",""parent_count"":3}","2dad9b2eaa9e0b3966064c40708d8fff9be454662a8eba631cdaf427266f1f53"
"uniqlo","148370","148318","언더웨어","라운지 & 언더웨어 컬렉션 > Minimalist Classics > 언더웨어","라운지 & 언더웨어 컬렉션 > Minimalist Classics > 언더웨어","3","WOMEN","true","unknown","https://www.uniqlo.com/kr/ko/men_navigation","official_navigation_preloaded_taxonomies","2026-08-03T02:01:21.580Z","{""group"":""subcategories"",""key"":""underwear"",""parent_count"":3}","2dad9b2eaa9e0b3966064c40708d8fff9be454662a8eba631cdaf427266f1f53"
"uniqlo","148325","148318","니트 & 가디건","라운지 & 언더웨어 컬렉션 > Minimalist Classics > 니트 & 가디건","라운지 & 언더웨어 컬렉션 > Minimalist Classics > 니트 & 가디건","3","WOMEN","true","unknown","https://www.uniqlo.com/kr/ko/men_navigation","official_navigation_preloaded_taxonomies","2026-08-03T02:01:21.580Z","{""group"":""subcategories"",""key"":""sweaters-and-cardigans"",""parent_count"":3}","2dad9b2eaa9e0b3966064c40708d8fff9be454662a8eba631cdaf427266f1f53"
"uniqlo","148339","148318","팬츠","라운지 & 언더웨어 컬렉션 > Minimalist Classics > 팬츠","라운지 & 언더웨어 컬렉션 > Minimalist Classics > 팬츠","3","WOMEN","true","unknown","https://www.uniqlo.com/kr/ko/men_navigation","official_navigation_preloaded_taxonomies","2026-08-03T02:01:21.580Z","{""group"":""subcategories"",""key"":""bottoms"",""parent_count"":3}","2dad9b2eaa9e0b3966064c40708d8fff9be454662a8eba631cdaf427266f1f53"
"uniqlo","148340","148318","파자마","라운지 & 언더웨어 컬렉션 > Minimalist Classics > 파자마","라운지 & 언더웨어 컬렉션 > Minimalist Classics > 파자마","3","WOMEN","true","unknown","https://www.uniqlo.com/kr/ko/men_navigation","official_navigation_preloaded_taxonomies","2026-08-03T02:01:21.580Z","{""group"":""subcategories"",""key"":""pajamas"",""parent_count"":3}","2dad9b2eaa9e0b3966064c40708d8fff9be454662a8eba631cdaf427266f1f53"
"uniqlo","148371","148318","새틴","라운지 & 언더웨어 컬렉션 > Minimalist Classics > 새틴","라운지 & 언더웨어 컬렉션 > Minimalist Classics > 새틴","3","WOMEN","true","unknown","https://www.uniqlo.com/kr/ko/men_navigation","official_navigation_preloaded_taxonomies","2026-08-03T02:01:21.580Z","{""group"":""subcategories"",""key"":""satin"",""parent_count"":3}","2dad9b2eaa9e0b3966064c40708d8fff9be454662a8eba631cdaf427266f1f53"
"uniqlo","148348","148318","심리스","라운지 & 언더웨어 컬렉션 > Minimalist Classics > 심리스","라운지 & 언더웨어 컬렉션 > Minimalist Classics > 심리스","3","WOMEN","true","unknown","https://www.uniqlo.com/kr/ko/men_navigation","official_navigation_preloaded_taxonomies","2026-08-03T02:01:21.580Z","{""group"":""subcategories"",""key"":""seamless"",""parent_count"":3}","2dad9b2eaa9e0b3966064c40708d8fff9be454662a8eba631cdaf427266f1f53"
"uniqlo","148341","148318","바디 쉐이퍼","라운지 & 언더웨어 컬렉션 > Minimalist Classics > 바디 쉐이퍼","라운지 & 언더웨어 컬렉션 > Minimalist Classics > 바디 쉐이퍼","3","WOMEN","true","unknown","https://www.uniqlo.com/kr/ko/men_navigation","official_navigation_preloaded_taxonomies","2026-08-03T02:01:21.580Z","{""group"":""subcategories"",""key"":""shaper"",""parent_count"":3}","2dad9b2eaa9e0b3966064c40708d8fff9be454662a8eba631cdaf427266f1f53"
"uniqlo","148328","148318","언더웨어(보이)","라운지 & 언더웨어 컬렉션 > Minimalist Classics > 언더웨어(보이)","라운지 & 언더웨어 컬렉션 > Minimalist Classics > 언더웨어(보이)","3","WOMEN","true","unknown","https://www.uniqlo.com/kr/ko/men_navigation","official_navigation_preloaded_taxonomies","2026-08-03T02:01:21.580Z","{""group"":""subcategories"",""key"":""boyshorts"",""parent_count"":3}","2dad9b2eaa9e0b3966064c40708d8fff9be454662a8eba631cdaf427266f1f53"
"uniqlo","148329","148318","니트","라운지 & 언더웨어 컬렉션 > Minimalist Classics > 니트","라운지 & 언더웨어 컬렉션 > Minimalist Classics > 니트","3","WOMEN","true","unknown","https://www.uniqlo.com/kr/ko/men_navigation","official_navigation_preloaded_taxonomies","2026-08-03T02:01:21.580Z","{""group"":""subcategories"",""key"":""sweater"",""parent_count"":3}","2dad9b2eaa9e0b3966064c40708d8fff9be454662a8eba631cdaf427266f1f53"
"uniqlo","148372","148318","3D","라운지 & 언더웨어 컬렉션 > Minimalist Classics > 3D","라운지 & 언더웨어 컬렉션 > Minimalist Classics > 3D","3","WOMEN","true","unknown","https://www.uniqlo.com/kr/ko/men_navigation","official_navigation_preloaded_taxonomies","2026-08-03T02:01:21.580Z","{""group"":""subcategories"",""key"":""3d"",""parent_count"":3}","2dad9b2eaa9e0b3966064c40708d8fff9be454662a8eba631cdaf427266f1f53"
"uniqlo","148373","148318","릴랙스","라운지 & 언더웨어 컬렉션 > Minimalist Classics > 릴랙스","라운지 & 언더웨어 컬렉션 > Minimalist Classics > 릴랙스","3","WOMEN","true","unknown","https://www.uniqlo.com/kr/ko/men_navigation","official_navigation_preloaded_taxonomies","2026-08-03T02:01:21.580Z","{""group"":""subcategories"",""key"":""relax"",""parent_count"":3}","2dad9b2eaa9e0b3966064c40708d8fff9be454662a8eba631cdaf427266f1f53"
"uniqlo","148342","148321","캐미솔","라운지 & 언더웨어 컬렉션 > 캐미솔 > 캐미솔","라운지 & 언더웨어 컬렉션 > 캐미솔 > 캐미솔","3","WOMEN","true","unknown","https://www.uniqlo.com/kr/ko/men_navigation","official_navigation_preloaded_taxonomies","2026-08-03T02:01:21.580Z","{""group"":""subcategories"",""key"":""camisole"",""parent_count"":3}","2dad9b2eaa9e0b3966064c40708d8fff9be454662a8eba631cdaf427266f1f53"
"uniqlo","148330","148321","슬리브리스","라운지 & 언더웨어 컬렉션 > 캐미솔 > 슬리브리스","라운지 & 언더웨어 컬렉션 > 캐미솔 > 슬리브리스","3","WOMEN","true","unknown","https://www.uniqlo.com/kr/ko/men_navigation","official_navigation_preloaded_taxonomies","2026-08-03T02:01:21.580Z","{""group"":""subcategories"",""key"":""sleeveless-top"",""parent_count"":3}","2dad9b2eaa9e0b3966064c40708d8fff9be454662a8eba631cdaf427266f1f53"
"uniqlo","148331","148321","브라탑","라운지 & 언더웨어 컬렉션 > 캐미솔 > 브라탑","라운지 & 언더웨어 컬렉션 > 캐미솔 > 브라탑","3","WOMEN","true","unknown","https://www.uniqlo.com/kr/ko/men_navigation","official_navigation_preloaded_taxonomies","2026-08-03T02:01:21.580Z","{""group"":""subcategories"",""key"":""bratop"",""parent_count"":3}","2dad9b2eaa9e0b3966064c40708d8fff9be454662a8eba631cdaf427266f1f53"
"uniqlo","148362","148316","3D","라운지 & 언더웨어 컬렉션 > 브라 > 3D","라운지 & 언더웨어 컬렉션 > 브라 > 3D","3","WOMEN","true","unknown","https://www.uniqlo.com/kr/ko/men_navigation","official_navigation_preloaded_taxonomies","2026-08-03T02:01:21.580Z","{""group"":""subcategories"",""key"":""3d"",""parent_count"":3}","2dad9b2eaa9e0b3966064c40708d8fff9be454662a8eba631cdaf427266f1f53"
"uniqlo","148332","148316","코튼","라운지 & 언더웨어 컬렉션 > 브라 > 코튼","라운지 & 언더웨어 컬렉션 > 브라 > 코튼","3","WOMEN","true","unknown","https://www.uniqlo.com/kr/ko/men_navigation","official_navigation_preloaded_taxonomies","2026-08-03T02:01:21.580Z","{""group"":""subcategories"",""key"":""cotton"",""parent_count"":3}","2dad9b2eaa9e0b3966064c40708d8fff9be454662a8eba631cdaf427266f1f53"
"uniqlo","148343","148316","릴랙스","라운지 & 언더웨어 컬렉션 > 브라 > 릴랙스","라운지 & 언더웨어 컬렉션 > 브라 > 릴랙스","3","WOMEN","true","unknown","https://www.uniqlo.com/kr/ko/men_navigation","official_navigation_preloaded_taxonomies","2026-08-03T02:01:21.580Z","{""group"":""subcategories"",""key"":""relax"",""parent_count"":3}","2dad9b2eaa9e0b3966064c40708d8fff9be454662a8eba631cdaf427266f1f53"
"uniqlo","148363","148317","심리스","라운지 & 언더웨어 컬렉션 > 언더웨어 > 심리스","라운지 & 언더웨어 컬렉션 > 언더웨어 > 심리스","3","WOMEN","true","unknown","https://www.uniqlo.com/kr/ko/men_navigation","official_navigation_preloaded_taxonomies","2026-08-03T02:01:21.580Z","{""group"":""subcategories"",""key"":""seamless"",""parent_count"":3}","2dad9b2eaa9e0b3966064c40708d8fff9be454662a8eba631cdaf427266f1f53"
"uniqlo","148326","148317","바디 쉐이퍼","라운지 & 언더웨어 컬렉션 > 언더웨어 > 바디 쉐이퍼","라운지 & 언더웨어 컬렉션 > 언더웨어 > 바디 쉐이퍼","3","WOMEN","true","unknown","https://www.uniqlo.com/kr/ko/men_navigation","official_navigation_preloaded_taxonomies","2026-08-03T02:01:21.580Z","{""group"":""subcategories"",""key"":""shaper"",""parent_count"":3}","2dad9b2eaa9e0b3966064c40708d8fff9be454662a8eba631cdaf427266f1f53"
"uniqlo","148364","148317","저스트 웨이스트","라운지 & 언더웨어 컬렉션 > 언더웨어 > 저스트 웨이스트","라운지 & 언더웨어 컬렉션 > 언더웨어 > 저스트 웨이스트","3","WOMEN","true","unknown","https://www.uniqlo.com/kr/ko/men_navigation","official_navigation_preloaded_taxonomies","2026-08-03T02:01:21.580Z","{""group"":""subcategories"",""key"":""just-waist"",""parent_count"":3}","2dad9b2eaa9e0b3966064c40708d8fff9be454662a8eba631cdaf427266f1f53"
"uniqlo","148352","148317","힙허거","라운지 & 언더웨어 컬렉션 > 언더웨어 > 힙허거","라운지 & 언더웨어 컬렉션 > 언더웨어 > 힙허거","3","WOMEN","true","unknown","https://www.uniqlo.com/kr/ko/men_navigation","official_navigation_preloaded_taxonomies","2026-08-03T02:01:21.580Z","{""group"":""subcategories"",""key"":""hiphugger"",""parent_count"":3}","2dad9b2eaa9e0b3966064c40708d8fff9be454662a8eba631cdaf427266f1f53"
"uniqlo","148353","148317","미들 웨이스트","라운지 & 언더웨어 컬렉션 > 언더웨어 > 미들 웨이스트","라운지 & 언더웨어 컬렉션 > 언더웨어 > 미들 웨이스트","3","WOMEN","true","unknown","https://www.uniqlo.com/kr/ko/men_navigation","official_navigation_preloaded_taxonomies","2026-08-03T02:01:21.580Z","{""group"":""subcategories"",""key"":""bikini"",""parent_count"":3}","2dad9b2eaa9e0b3966064c40708d8fff9be454662a8eba631cdaf427266f1f53"
"uniqlo","148344","148317","보이","라운지 & 언더웨어 컬렉션 > 언더웨어 > 보이","라운지 & 언더웨어 컬렉션 > 언더웨어 > 보이","3","WOMEN","true","unknown","https://www.uniqlo.com/kr/ko/men_navigation","official_navigation_preloaded_taxonomies","2026-08-03T02:01:21.580Z","{""group"":""subcategories"",""key"":""boyshorts"",""parent_count"":3}","2dad9b2eaa9e0b3966064c40708d8fff9be454662a8eba631cdaf427266f1f53"
"uniqlo","148333","148322","쇼트 팬츠","라운지 & 언더웨어 컬렉션 > 팬츠 > 쇼트 팬츠","라운지 & 언더웨어 컬렉션 > 팬츠 > 쇼트 팬츠","3","WOMEN","true","unknown","https://www.uniqlo.com/kr/ko/men_navigation","official_navigation_preloaded_taxonomies","2026-08-03T02:01:21.580Z","{""group"":""subcategories"",""key"":""shorts"",""parent_count"":3}","2dad9b2eaa9e0b3966064c40708d8fff9be454662a8eba631cdaf427266f1f53"
"uniqlo","148354","148322","립 팬츠","라운지 & 언더웨어 컬렉션 > 팬츠 > 립 팬츠","라운지 & 언더웨어 컬렉션 > 팬츠 > 립 팬츠","3","WOMEN","true","unknown","https://www.uniqlo.com/kr/ko/men_navigation","official_navigation_preloaded_taxonomies","2026-08-03T02:01:21.580Z","{""group"":""subcategories"",""key"":""ribbed"",""parent_count"":3}","2dad9b2eaa9e0b3966064c40708d8fff9be454662a8eba631cdaf427266f1f53"
"uniqlo","148345","148322","플란넬","라운지 & 언더웨어 컬렉션 > 팬츠 > 플란넬","라운지 & 언더웨어 컬렉션 > 팬츠 > 플란넬","3","WOMEN","true","unknown","https://www.uniqlo.com/kr/ko/men_navigation","official_navigation_preloaded_taxonomies","2026-08-03T02:01:21.580Z","{""group"":""subcategories"",""key"":""flannel"",""parent_count"":3}","2dad9b2eaa9e0b3966064c40708d8fff9be454662a8eba631cdaf427266f1f53"
"uniqlo","148365","148322","워셔블 니트","라운지 & 언더웨어 컬렉션 > 팬츠 > 워셔블 니트","라운지 & 언더웨어 컬렉션 > 팬츠 > 워셔블 니트","3","WOMEN","true","unknown","https://www.uniqlo.com/kr/ko/men_navigation","official_navigation_preloaded_taxonomies","2026-08-03T02:01:21.580Z","{""group"":""subcategories"",""key"":""washable-knit"",""parent_count"":3}","2dad9b2eaa9e0b3966064c40708d8fff9be454662a8eba631cdaf427266f1f53"
"uniqlo","148374","148320","가디건","라운지 & 언더웨어 컬렉션 > 니트 & 가디건 > 가디건","라운지 & 언더웨어 컬렉션 > 니트 & 가디건 > 가디건","3","WOMEN","true","unknown","https://www.uniqlo.com/kr/ko/men_navigation","official_navigation_preloaded_taxonomies","2026-08-03T02:01:21.580Z","{""group"":""subcategories"",""key"":""cardigan"",""parent_count"":3}","2dad9b2eaa9e0b3966064c40708d8fff9be454662a8eba631cdaf427266f1f53"
"uniqlo","148355","148320","니트","라운지 & 언더웨어 컬렉션 > 니트 & 가디건 > 니트","라운지 & 언더웨어 컬렉션 > 니트 & 가디건 > 니트","3","WOMEN","true","unknown","https://www.uniqlo.com/kr/ko/men_navigation","official_navigation_preloaded_taxonomies","2026-08-03T02:01:21.580Z","{""group"":""subcategories"",""key"":""sweaters"",""parent_count"":3}","2dad9b2eaa9e0b3966064c40708d8fff9be454662a8eba631cdaf427266f1f53"
"uniqlo","148334","148315","코튼","라운지 & 언더웨어 컬렉션 > 파자마 > 코튼","라운지 & 언더웨어 컬렉션 > 파자마 > 코튼","3","WOMEN","true","unknown","https://www.uniqlo.com/kr/ko/men_navigation","official_navigation_preloaded_taxonomies","2026-08-03T02:01:21.580Z","{""group"":""subcategories"",""key"":""cotton"",""parent_count"":3}","2dad9b2eaa9e0b3966064c40708d8fff9be454662a8eba631cdaf427266f1f53"
"uniqlo","148327","148315","에어리즘","라운지 & 언더웨어 컬렉션 > 파자마 > 에어리즘","라운지 & 언더웨어 컬렉션 > 파자마 > 에어리즘","3","WOMEN","true","unknown","https://www.uniqlo.com/kr/ko/men_navigation","official_navigation_preloaded_taxonomies","2026-08-03T02:01:21.580Z","{""group"":""subcategories"",""key"":""airism"",""parent_count"":3}","2dad9b2eaa9e0b3966064c40708d8fff9be454662a8eba631cdaf427266f1f53"
"uniqlo","148349","148315","새틴","라운지 & 언더웨어 컬렉션 > 파자마 > 새틴","라운지 & 언더웨어 컬렉션 > 파자마 > 새틴","3","WOMEN","true","unknown","https://www.uniqlo.com/kr/ko/men_navigation","official_navigation_preloaded_taxonomies","2026-08-03T02:01:21.580Z","{""group"":""subcategories"",""key"":""satin"",""parent_count"":3}","2dad9b2eaa9e0b3966064c40708d8fff9be454662a8eba631cdaf427266f1f53"
"uniqlo","148366","148315","플란넬","라운지 & 언더웨어 컬렉션 > 파자마 > 플란넬","라운지 & 언더웨어 컬렉션 > 파자마 > 플란넬","3","WOMEN","true","unknown","https://www.uniqlo.com/kr/ko/men_navigation","official_navigation_preloaded_taxonomies","2026-08-03T02:01:21.580Z","{""group"":""subcategories"",""key"":""flannel"",""parent_count"":3}","2dad9b2eaa9e0b3966064c40708d8fff9be454662a8eba631cdaf427266f1f53"
"uniqlo","82128","82081","AIRism","에어리즘 > 이너웨어 상의 > AIRism","에어리즘 > 이너웨어 상의 > AIRism","3","WOMEN","true","unknown","https://www.uniqlo.com/kr/ko/men_navigation","official_navigation_preloaded_taxonomies","2026-08-03T02:01:21.580Z","{""group"":""subcategories"",""key"":""airism"",""parent_count"":3}","2dad9b2eaa9e0b3966064c40708d8fff9be454662a8eba631cdaf427266f1f53"
"uniqlo","82129","82081","캐미솔","에어리즘 > 이너웨어 상의 > 캐미솔","에어리즘 > 이너웨어 상의 > 캐미솔","3","WOMEN","true","unknown","https://www.uniqlo.com/kr/ko/men_navigation","official_navigation_preloaded_taxonomies","2026-08-03T02:01:21.580Z","{""group"":""subcategories"",""key"":""camisole"",""parent_count"":3}","2dad9b2eaa9e0b3966064c40708d8fff9be454662a8eba631cdaf427266f1f53"
"uniqlo","82130","82081","탱크탑","에어리즘 > 이너웨어 상의 > 탱크탑","에어리즘 > 이너웨어 상의 > 탱크탑","3","WOMEN","true","unknown","https://www.uniqlo.com/kr/ko/men_navigation","official_navigation_preloaded_taxonomies","2026-08-03T02:01:21.580Z","{""group"":""subcategories"",""key"":""tank-top"",""parent_count"":3}","2dad9b2eaa9e0b3966064c40708d8fff9be454662a8eba631cdaf427266f1f53"
"uniqlo","82131","82081","반팔","에어리즘 > 이너웨어 상의 > 반팔","에어리즘 > 이너웨어 상의 > 반팔","3","WOMEN","true","unknown","https://www.uniqlo.com/kr/ko/men_navigation","official_navigation_preloaded_taxonomies","2026-08-03T02:01:21.580Z","{""group"":""subcategories"",""key"":""short-sleeve"",""parent_count"":3}","2dad9b2eaa9e0b3966064c40708d8fff9be454662a8eba631cdaf427266f1f53"
"uniqlo","82132","82081","긴팔","에어리즘 > 이너웨어 상의 > 긴팔","에어리즘 > 이너웨어 상의 > 긴팔","3","WOMEN","true","unknown","https://www.uniqlo.com/kr/ko/men_navigation","official_navigation_preloaded_taxonomies","2026-08-03T02:01:21.580Z","{""group"":""subcategories"",""key"":""long-sleeve"",""parent_count"":3}","2dad9b2eaa9e0b3966064c40708d8fff9be454662a8eba631cdaf427266f1f53"
"uniqlo","82479","82081","브라","에어리즘 > 이너웨어 상의 > 브라","에어리즘 > 이너웨어 상의 > 브라","3","WOMEN","true","unknown","https://www.uniqlo.com/kr/ko/men_navigation","official_navigation_preloaded_taxonomies","2026-08-03T02:01:21.580Z","{""group"":""subcategories"",""key"":""bras"",""parent_count"":3}","2dad9b2eaa9e0b3966064c40708d8fff9be454662a8eba631cdaf427266f1f53"
"uniqlo","82112","82083","AIRism","에어리즘 > 브라탑 > AIRism","에어리즘 > 브라탑 > AIRism","3","WOMEN","true","unknown","https://www.uniqlo.com/kr/ko/men_navigation","official_navigation_preloaded_taxonomies","2026-08-03T02:01:21.580Z","{""group"":""subcategories"",""key"":""airism"",""parent_count"":3}","2dad9b2eaa9e0b3966064c40708d8fff9be454662a8eba631cdaf427266f1f53"
"uniqlo","82115","82083","AIRism 코튼","에어리즘 > 브라탑 > AIRism 코튼","에어리즘 > 브라탑 > AIRism 코튼","3","WOMEN","true","unknown","https://www.uniqlo.com/kr/ko/men_navigation","official_navigation_preloaded_taxonomies","2026-08-03T02:01:21.580Z","{""group"":""subcategories"",""key"":""airism-cotton"",""parent_count"":3}","2dad9b2eaa9e0b3966064c40708d8fff9be454662a8eba631cdaf427266f1f53"
"uniqlo","82113","82083","캐미솔","에어리즘 > 브라탑 > 캐미솔","에어리즘 > 브라탑 > 캐미솔","3","WOMEN","true","unknown","https://www.uniqlo.com/kr/ko/men_navigation","official_navigation_preloaded_taxonomies","2026-08-03T02:01:21.580Z","{""group"":""subcategories"",""key"":""camisole"",""parent_count"":3}","2dad9b2eaa9e0b3966064c40708d8fff9be454662a8eba631cdaf427266f1f53"
"uniqlo","82114","82083","탱크탑","에어리즘 > 브라탑 > 탱크탑","에어리즘 > 브라탑 > 탱크탑","3","WOMEN","true","unknown","https://www.uniqlo.com/kr/ko/men_navigation","official_navigation_preloaded_taxonomies","2026-08-03T02:01:21.580Z","{""group"":""subcategories"",""key"":""tank-top"",""parent_count"":3}","2dad9b2eaa9e0b3966064c40708d8fff9be454662a8eba631cdaf427266f1f53"
"uniqlo","82481","82082","속바지","에어리즘 > 언더웨어 > 속바지","에어리즘 > 언더웨어 > 속바지","3","WOMEN","true","unknown","https://www.uniqlo.com/kr/ko/men_navigation","official_navigation_preloaded_taxonomies","2026-08-03T02:01:21.580Z","{""group"":""subcategories"",""key"":""petticoat"",""parent_count"":3}","2dad9b2eaa9e0b3966064c40708d8fff9be454662a8eba631cdaf427266f1f53"
"uniqlo","82489","82082","심리스 쇼츠","에어리즘 > 언더웨어 > 심리스 쇼츠","에어리즘 > 언더웨어 > 심리스 쇼츠","3","WOMEN","true","unknown","https://www.uniqlo.com/kr/ko/men_navigation","official_navigation_preloaded_taxonomies","2026-08-03T02:01:21.580Z","{""group"":""subcategories"",""key"":""seamless"",""parent_count"":3}","2dad9b2eaa9e0b3966064c40708d8fff9be454662a8eba631cdaf427266f1f53"
"uniqlo","82480","82082","바디 쉐이퍼","에어리즘 > 언더웨어 > 바디 쉐이퍼","에어리즘 > 언더웨어 > 바디 쉐이퍼","3","WOMEN","true","unknown","https://www.uniqlo.com/kr/ko/men_navigation","official_navigation_preloaded_taxonomies","2026-08-03T02:01:21.580Z","{""group"":""subcategories"",""key"":""body-shaper-shorts"",""parent_count"":3}","2dad9b2eaa9e0b3966064c40708d8fff9be454662a8eba631cdaf427266f1f53"
"uniqlo","112817","112813","브라","에어리즘 > 브라 > 브라","에어리즘 > 브라 > 브라","3","WOMEN","true","unknown","https://www.uniqlo.com/kr/ko/men_navigation","official_navigation_preloaded_taxonomies","2026-08-03T02:01:21.580Z","{""group"":""subcategories"",""key"":""bra"",""parent_count"":3}","2dad9b2eaa9e0b3966064c40708d8fff9be454662a8eba631cdaf427266f1f53"
"uniqlo","82482","82084","티셔츠","에어리즘 > 상의 > 티셔츠","에어리즘 > 상의 > 티셔츠","3","WOMEN","true","unknown","https://www.uniqlo.com/kr/ko/men_navigation","official_navigation_preloaded_taxonomies","2026-08-03T02:01:21.580Z","{""group"":""subcategories"",""key"":""t-shirts"",""parent_count"":3}","2dad9b2eaa9e0b3966064c40708d8fff9be454662a8eba631cdaf427266f1f53"
"uniqlo","82133","82084","파카","에어리즘 > 상의 > 파카","에어리즘 > 상의 > 파카","3","WOMEN","true","unknown","https://www.uniqlo.com/kr/ko/men_navigation","official_navigation_preloaded_taxonomies","2026-08-03T02:01:21.580Z","{""group"":""subcategories"",""key"":""parka"",""parent_count"":3}","2dad9b2eaa9e0b3966064c40708d8fff9be454662a8eba631cdaf427266f1f53"
"uniqlo","82134","82084","반팔","에어리즘 > 상의 > 반팔","에어리즘 > 상의 > 반팔","3","WOMEN","true","unknown","https://www.uniqlo.com/kr/ko/men_navigation","official_navigation_preloaded_taxonomies","2026-08-03T02:01:21.580Z","{""group"":""subcategories"",""key"":""short-sleeve"",""parent_count"":3}","2dad9b2eaa9e0b3966064c40708d8fff9be454662a8eba631cdaf427266f1f53"
"uniqlo","82135","82084","긴팔","에어리즘 > 상의 > 긴팔","에어리즘 > 상의 > 긴팔","3","WOMEN","true","unknown","https://www.uniqlo.com/kr/ko/men_navigation","official_navigation_preloaded_taxonomies","2026-08-03T02:01:21.580Z","{""group"":""subcategories"",""key"":""long-sleeve"",""parent_count"":3}","2dad9b2eaa9e0b3966064c40708d8fff9be454662a8eba631cdaf427266f1f53"
"uniqlo","82136","82085","조거","에어리즘 > 팬츠 > 조거","에어리즘 > 팬츠 > 조거","3","WOMEN","true","unknown","https://www.uniqlo.com/kr/ko/men_navigation","official_navigation_preloaded_taxonomies","2026-08-03T02:01:21.580Z","{""group"":""subcategories"",""key"":""jogger"",""parent_count"":3}","2dad9b2eaa9e0b3966064c40708d8fff9be454662a8eba631cdaf427266f1f53"
"uniqlo","82138","82085","레깅스","에어리즘 > 팬츠 > 레깅스","에어리즘 > 팬츠 > 레깅스","3","WOMEN","true","unknown","https://www.uniqlo.com/kr/ko/men_navigation","official_navigation_preloaded_taxonomies","2026-08-03T02:01:21.580Z","{""group"":""subcategories"",""key"":""leggings"",""parent_count"":3}","2dad9b2eaa9e0b3966064c40708d8fff9be454662a8eba631cdaf427266f1f53"
"uniqlo","116009","82085","쇼트 팬츠","에어리즘 > 팬츠 > 쇼트 팬츠","에어리즘 > 팬츠 > 쇼트 팬츠","3","WOMEN","true","unknown","https://www.uniqlo.com/kr/ko/men_navigation","official_navigation_preloaded_taxonomies","2026-08-03T02:01:21.580Z","{""group"":""subcategories"",""key"":""short"",""parent_count"":3}","2dad9b2eaa9e0b3966064c40708d8fff9be454662a8eba631cdaf427266f1f53"
"uniqlo","82116","82086","원피스","에어리즘 > 원피스 > 원피스","에어리즘 > 원피스 > 원피스","3","WOMEN","true","unknown","https://www.uniqlo.com/kr/ko/men_navigation","official_navigation_preloaded_taxonomies","2026-08-03T02:01:21.580Z","{""group"":""subcategories"",""key"":""dresses"",""parent_count"":3}","2dad9b2eaa9e0b3966064c40708d8fff9be454662a8eba631cdaf427266f1f53"
"uniqlo","82972","82087","파자마","에어리즘 > 파자마 > 파자마","에어리즘 > 파자마 > 파자마","3","WOMEN","true","unknown","https://www.uniqlo.com/kr/ko/men_navigation","official_navigation_preloaded_taxonomies","2026-08-03T02:01:21.580Z","{""group"":""subcategories"",""key"":""loungewear"",""parent_count"":3}","2dad9b2eaa9e0b3966064c40708d8fff9be454662a8eba631cdaf427266f1f53"
"uniqlo","82973","82087","룸팬츠","에어리즘 > 파자마 > 룸팬츠","에어리즘 > 파자마 > 룸팬츠","3","WOMEN","true","unknown","https://www.uniqlo.com/kr/ko/men_navigation","official_navigation_preloaded_taxonomies","2026-08-03T02:01:21.580Z","{""group"":""subcategories"",""key"":""lounge-pants"",""parent_count"":3}","2dad9b2eaa9e0b3966064c40708d8fff9be454662a8eba631cdaf427266f1f53"
"uniqlo","82118","82087","반팔 파자마","에어리즘 > 파자마 > 반팔 파자마","에어리즘 > 파자마 > 반팔 파자마","3","WOMEN","true","unknown","https://www.uniqlo.com/kr/ko/men_navigation","official_navigation_preloaded_taxonomies","2026-08-03T02:01:21.580Z","{""group"":""subcategories"",""key"":""short-sleeve"",""parent_count"":3}","2dad9b2eaa9e0b3966064c40708d8fff9be454662a8eba631cdaf427266f1f53"
"uniqlo","112812","58015","울트라 스트레치","스포츠 유틸리티 웨어 > 팬츠 > 울트라 스트레치","스포츠 유틸리티 웨어 > 팬츠 > 울트라 스트레치","3","WOMEN","true","unknown","https://www.uniqlo.com/kr/ko/men_navigation","official_navigation_preloaded_taxonomies","2026-08-03T02:01:21.580Z","{""group"":""subcategories"",""key"":""geared"",""parent_count"":3}","2dad9b2eaa9e0b3966064c40708d8fff9be454662a8eba631cdaf427266f1f53"
"uniqlo","58258","58015","스웨트","스포츠 유틸리티 웨어 > 팬츠 > 스웨트","스포츠 유틸리티 웨어 > 팬츠 > 스웨트","3","WOMEN","true","unknown","https://www.uniqlo.com/kr/ko/men_navigation","official_navigation_preloaded_taxonomies","2026-08-03T02:01:21.580Z","{""group"":""subcategories"",""key"":""sweat"",""parent_count"":3}","2dad9b2eaa9e0b3966064c40708d8fff9be454662a8eba631cdaf427266f1f53"
"uniqlo","58263","58015","조거 팬츠","스포츠 유틸리티 웨어 > 팬츠 > 조거 팬츠","스포츠 유틸리티 웨어 > 팬츠 > 조거 팬츠","3","WOMEN","true","unknown","https://www.uniqlo.com/kr/ko/men_navigation","official_navigation_preloaded_taxonomies","2026-08-03T02:01:21.580Z","{""group"":""subcategories"",""key"":""jogger-pants"",""parent_count"":3}","2dad9b2eaa9e0b3966064c40708d8fff9be454662a8eba631cdaf427266f1f53"
"uniqlo","62579","58015","그 외","스포츠 유틸리티 웨어 > 팬츠 > 그 외","스포츠 유틸리티 웨어 > 팬츠 > 그 외","3","WOMEN","true","unknown","https://www.uniqlo.com/kr/ko/men_navigation","official_navigation_preloaded_taxonomies","2026-08-03T02:01:21.580Z","{""group"":""subcategories"",""key"":""others"",""parent_count"":3}","2dad9b2eaa9e0b3966064c40708d8fff9be454662a8eba631cdaf427266f1f53"
"uniqlo","58261","58015","레깅스","스포츠 유틸리티 웨어 > 팬츠 > 레깅스","스포츠 유틸리티 웨어 > 팬츠 > 레깅스","3","WOMEN","true","unknown","https://www.uniqlo.com/kr/ko/men_navigation","official_navigation_preloaded_taxonomies","2026-08-03T02:01:21.580Z","{""group"":""subcategories"",""key"":""tight"",""parent_count"":3}","2dad9b2eaa9e0b3966064c40708d8fff9be454662a8eba631cdaf427266f1f53"
"uniqlo","58262","58015","쇼트 팬츠","스포츠 유틸리티 웨어 > 팬츠 > 쇼트 팬츠","스포츠 유틸리티 웨어 > 팬츠 > 쇼트 팬츠","3","WOMEN","true","unknown","https://www.uniqlo.com/kr/ko/men_navigation","official_navigation_preloaded_taxonomies","2026-08-03T02:01:21.580Z","{""group"":""subcategories"",""key"":""shorts"",""parent_count"":3}","2dad9b2eaa9e0b3966064c40708d8fff9be454662a8eba631cdaf427266f1f53"
"uniqlo","98324","58015","스커트","스포츠 유틸리티 웨어 > 팬츠 > 스커트","스포츠 유틸리티 웨어 > 팬츠 > 스커트","3","WOMEN","true","unknown","https://www.uniqlo.com/kr/ko/men_navigation","official_navigation_preloaded_taxonomies","2026-08-03T02:01:21.580Z","{""group"":""subcategories"",""key"":""skirts"",""parent_count"":3}","2dad9b2eaa9e0b3966064c40708d8fff9be454662a8eba631cdaf427266f1f53"
"uniqlo","58256","58014","반팔","스포츠 유틸리티 웨어 > 상의 > 반팔","스포츠 유틸리티 웨어 > 상의 > 반팔","3","WOMEN","true","unknown","https://www.uniqlo.com/kr/ko/men_navigation","official_navigation_preloaded_taxonomies","2026-08-03T02:01:21.580Z","{""group"":""subcategories"",""key"":""short-sleeve"",""parent_count"":3}","2dad9b2eaa9e0b3966064c40708d8fff9be454662a8eba631cdaf427266f1f53"
"uniqlo","58255","58014","긴팔","스포츠 유틸리티 웨어 > 상의 > 긴팔","스포츠 유틸리티 웨어 > 상의 > 긴팔","3","WOMEN","true","unknown","https://www.uniqlo.com/kr/ko/men_navigation","official_navigation_preloaded_taxonomies","2026-08-03T02:01:21.580Z","{""group"":""subcategories"",""key"":""long-sleeve"",""parent_count"":3}","2dad9b2eaa9e0b3966064c40708d8fff9be454662a8eba631cdaf427266f1f53"
"uniqlo","98323","58014","스웨트","스포츠 유틸리티 웨어 > 상의 > 스웨트","스포츠 유틸리티 웨어 > 상의 > 스웨트","3","WOMEN","true","unknown","https://www.uniqlo.com/kr/ko/men_navigation","official_navigation_preloaded_taxonomies","2026-08-03T02:01:21.580Z","{""group"":""subcategories"",""key"":""sweat"",""parent_count"":3}","2dad9b2eaa9e0b3966064c40708d8fff9be454662a8eba631cdaf427266f1f53"
"uniqlo","58257","58014","에어리즘","스포츠 유틸리티 웨어 > 상의 > 에어리즘","스포츠 유틸리티 웨어 > 상의 > 에어리즘","3","WOMEN","true","unknown","https://www.uniqlo.com/kr/ko/men_navigation","official_navigation_preloaded_taxonomies","2026-08-03T02:01:21.580Z","{""group"":""subcategories"",""key"":""airism"",""parent_count"":3}","2dad9b2eaa9e0b3966064c40708d8fff9be454662a8eba631cdaf427266f1f53"
"uniqlo","98319","58014","슬리브리스","스포츠 유틸리티 웨어 > 상의 > 슬리브리스","스포츠 유틸리티 웨어 > 상의 > 슬리브리스","3","WOMEN","true","unknown","https://www.uniqlo.com/kr/ko/men_navigation","official_navigation_preloaded_taxonomies","2026-08-03T02:01:21.580Z","{""group"":""subcategories"",""key"":""sleeveles"",""parent_count"":3}","2dad9b2eaa9e0b3966064c40708d8fff9be454662a8eba631cdaf427266f1f53"
"uniqlo","83401","58014","그 외","스포츠 유틸리티 웨어 > 상의 > 그 외","스포츠 유틸리티 웨어 > 상의 > 그 외","3","WOMEN","true","unknown","https://www.uniqlo.com/kr/ko/men_navigation","official_navigation_preloaded_taxonomies","2026-08-03T02:01:21.580Z","{""group"":""subcategories"",""key"":""others"",""parent_count"":3}","2dad9b2eaa9e0b3966064c40708d8fff9be454662a8eba631cdaf427266f1f53"
"uniqlo","98328","58013","포켓터블","스포츠 유틸리티 웨어 > 아우터 > 포켓터블","스포츠 유틸리티 웨어 > 아우터 > 포켓터블","3","WOMEN","true","unknown","https://www.uniqlo.com/kr/ko/men_navigation","official_navigation_preloaded_taxonomies","2026-08-03T02:01:21.580Z","{""group"":""subcategories"",""key"":""pocketable"",""parent_count"":3}","2dad9b2eaa9e0b3966064c40708d8fff9be454662a8eba631cdaf427266f1f53"
"uniqlo","105468","58013","풀집 후디","스포츠 유틸리티 웨어 > 아우터 > 풀집 후디","스포츠 유틸리티 웨어 > 아우터 > 풀집 후디","3","WOMEN","true","unknown","https://www.uniqlo.com/kr/ko/men_navigation","official_navigation_preloaded_taxonomies","2026-08-03T02:01:21.580Z","{""group"":""subcategories"",""key"":""hoodies"",""parent_count"":3}","2dad9b2eaa9e0b3966064c40708d8fff9be454662a8eba631cdaf427266f1f53"
"uniqlo","58252","58013","재킷 & 블루종","스포츠 유틸리티 웨어 > 아우터 > 재킷 & 블루종","스포츠 유틸리티 웨어 > 아우터 > 재킷 & 블루종","3","WOMEN","true","unknown","https://www.uniqlo.com/kr/ko/men_navigation","official_navigation_preloaded_taxonomies","2026-08-03T02:01:21.580Z","{""group"":""subcategories"",""key"":""jackets-and-blouson"",""parent_count"":3}","2dad9b2eaa9e0b3966064c40708d8fff9be454662a8eba631cdaf427266f1f53"
"uniqlo","58251","58013","베스트","스포츠 유틸리티 웨어 > 아우터 > 베스트","스포츠 유틸리티 웨어 > 아우터 > 베스트","3","WOMEN","true","unknown","https://www.uniqlo.com/kr/ko/men_navigation","official_navigation_preloaded_taxonomies","2026-08-03T02:01:21.580Z","{""group"":""subcategories"",""key"":""vest"",""parent_count"":3}","2dad9b2eaa9e0b3966064c40708d8fff9be454662a8eba631cdaf427266f1f53"
"uniqlo","58254","58013","코트","스포츠 유틸리티 웨어 > 아우터 > 코트","스포츠 유틸리티 웨어 > 아우터 > 코트","3","WOMEN","true","unknown","https://www.uniqlo.com/kr/ko/men_navigation","official_navigation_preloaded_taxonomies","2026-08-03T02:01:21.580Z","{""group"":""subcategories"",""key"":""coats"",""parent_count"":3}","2dad9b2eaa9e0b3966064c40708d8fff9be454662a8eba631cdaf427266f1f53"
"uniqlo","86764","58013","그 외","스포츠 유틸리티 웨어 > 아우터 > 그 외","스포츠 유틸리티 웨어 > 아우터 > 그 외","3","WOMEN","true","unknown","https://www.uniqlo.com/kr/ko/men_navigation","official_navigation_preloaded_taxonomies","2026-08-03T02:01:21.580Z","{""group"":""subcategories"",""key"":""others"",""parent_count"":3}","2dad9b2eaa9e0b3966064c40708d8fff9be454662a8eba631cdaf427266f1f53"
"uniqlo","102217","58016","에어리즘","스포츠 유틸리티 웨어 > 이너웨어 > 에어리즘","스포츠 유틸리티 웨어 > 이너웨어 > 에어리즘","3","WOMEN","true","unknown","https://www.uniqlo.com/kr/ko/men_navigation","official_navigation_preloaded_taxonomies","2026-08-03T02:01:21.580Z","{""group"":""subcategories"",""key"":""airism"",""parent_count"":3}","2dad9b2eaa9e0b3966064c40708d8fff9be454662a8eba631cdaf427266f1f53"
"uniqlo","58266","58016","브라탑","스포츠 유틸리티 웨어 > 이너웨어 > 브라탑","스포츠 유틸리티 웨어 > 이너웨어 > 브라탑","3","WOMEN","true","unknown","https://www.uniqlo.com/kr/ko/men_navigation","official_navigation_preloaded_taxonomies","2026-08-03T02:01:21.580Z","{""group"":""subcategories"",""key"":""bratop"",""parent_count"":3}","2dad9b2eaa9e0b3966064c40708d8fff9be454662a8eba631cdaf427266f1f53"
"uniqlo","58265","58016","브라","스포츠 유틸리티 웨어 > 이너웨어 > 브라","스포츠 유틸리티 웨어 > 이너웨어 > 브라","3","WOMEN","true","unknown","https://www.uniqlo.com/kr/ko/men_navigation","official_navigation_preloaded_taxonomies","2026-08-03T02:01:21.580Z","{""group"":""subcategories"",""key"":""bra"",""parent_count"":3}","2dad9b2eaa9e0b3966064c40708d8fff9be454662a8eba631cdaf427266f1f53"
"uniqlo","58267","58016","양말","스포츠 유틸리티 웨어 > 이너웨어 > 양말","스포츠 유틸리티 웨어 > 이너웨어 > 양말","3","WOMEN","true","unknown","https://www.uniqlo.com/kr/ko/men_navigation","official_navigation_preloaded_taxonomies","2026-08-03T02:01:21.580Z","{""group"":""subcategories"",""key"":""socks"",""parent_count"":3}","2dad9b2eaa9e0b3966064c40708d8fff9be454662a8eba631cdaf427266f1f53"
"uniqlo","58271","58017","선글라스","스포츠 유틸리티 웨어 > 액세서리 > 선글라스","스포츠 유틸리티 웨어 > 액세서리 > 선글라스","3","WOMEN","true","unknown","https://www.uniqlo.com/kr/ko/men_navigation","official_navigation_preloaded_taxonomies","2026-08-03T02:01:21.580Z","{""group"":""subcategories"",""key"":""fashion-glasses"",""parent_count"":3}","2dad9b2eaa9e0b3966064c40708d8fff9be454662a8eba631cdaf427266f1f53"
"uniqlo","58269","58017","모자","스포츠 유틸리티 웨어 > 액세서리 > 모자","스포츠 유틸리티 웨어 > 액세서리 > 모자","3","WOMEN","true","unknown","https://www.uniqlo.com/kr/ko/men_navigation","official_navigation_preloaded_taxonomies","2026-08-03T02:01:21.580Z","{""group"":""subcategories"",""key"":""caps"",""parent_count"":3}","2dad9b2eaa9e0b3966064c40708d8fff9be454662a8eba631cdaf427266f1f53"
"uniqlo","73371","58017","암커버","스포츠 유틸리티 웨어 > 액세서리 > 암커버","스포츠 유틸리티 웨어 > 액세서리 > 암커버","3","WOMEN","true","unknown","https://www.uniqlo.com/kr/ko/men_navigation","official_navigation_preloaded_taxonomies","2026-08-03T02:01:21.580Z","{""group"":""subcategories"",""key"":""arm-covers"",""parent_count"":3}","2dad9b2eaa9e0b3966064c40708d8fff9be454662a8eba631cdaf427266f1f53"
"uniqlo","58270","58017","신발","스포츠 유틸리티 웨어 > 액세서리 > 신발","스포츠 유틸리티 웨어 > 액세서리 > 신발","3","WOMEN","true","unknown","https://www.uniqlo.com/kr/ko/men_navigation","official_navigation_preloaded_taxonomies","2026-08-03T02:01:21.580Z","{""group"":""subcategories"",""key"":""bag"",""parent_count"":3}","2dad9b2eaa9e0b3966064c40708d8fff9be454662a8eba631cdaf427266f1f53"
"uniqlo","98330","58017","장갑","스포츠 유틸리티 웨어 > 액세서리 > 장갑","스포츠 유틸리티 웨어 > 액세서리 > 장갑","3","WOMEN","true","unknown","https://www.uniqlo.com/kr/ko/men_navigation","official_navigation_preloaded_taxonomies","2026-08-03T02:01:21.580Z","{""group"":""subcategories"",""key"":""gloves"",""parent_count"":3}","2dad9b2eaa9e0b3966064c40708d8fff9be454662a8eba631cdaf427266f1f53"
"uniqlo","58268","58017","스카프 & 넥워머","스포츠 유틸리티 웨어 > 액세서리 > 스카프 & 넥워머","스포츠 유틸리티 웨어 > 액세서리 > 스카프 & 넥워머","3","WOMEN","true","unknown","https://www.uniqlo.com/kr/ko/men_navigation","official_navigation_preloaded_taxonomies","2026-08-03T02:01:21.580Z","{""group"":""subcategories"",""key"":""scarves-and-neck-warmers"",""parent_count"":3}","2dad9b2eaa9e0b3966064c40708d8fff9be454662a8eba631cdaf427266f1f53"
"uniqlo","62580","58017","그 외","스포츠 유틸리티 웨어 > 액세서리 > 그 외","스포츠 유틸리티 웨어 > 액세서리 > 그 외","3","WOMEN","true","unknown","https://www.uniqlo.com/kr/ko/men_navigation","official_navigation_preloaded_taxonomies","2026-08-03T02:01:21.580Z","{""group"":""subcategories"",""key"":""others"",""parent_count"":3}","2dad9b2eaa9e0b3966064c40708d8fff9be454662a8eba631cdaf427266f1f53"
"uniqlo","114799","114789","포켓터블","UV Protection > 재킷 & 파카 > 포켓터블","UV Protection > 재킷 & 파카 > 포켓터블","3","WOMEN","true","unknown","https://www.uniqlo.com/kr/ko/men_navigation","official_navigation_preloaded_taxonomies","2026-08-03T02:01:21.580Z","{""group"":""subcategories"",""key"":""pocketable-parkas"",""parent_count"":3}","2dad9b2eaa9e0b3966064c40708d8fff9be454662a8eba631cdaf427266f1f53"
"uniqlo","114800","114789","에어리즘","UV Protection > 재킷 & 파카 > 에어리즘","UV Protection > 재킷 & 파카 > 에어리즘","3","WOMEN","true","unknown","https://www.uniqlo.com/kr/ko/men_navigation","official_navigation_preloaded_taxonomies","2026-08-03T02:01:21.580Z","{""group"":""subcategories"",""key"":""airism"",""parent_count"":3}","2dad9b2eaa9e0b3966064c40708d8fff9be454662a8eba631cdaf427266f1f53"
"uniqlo","115518","114789","그 외","UV Protection > 재킷 & 파카 > 그 외","UV Protection > 재킷 & 파카 > 그 외","3","WOMEN","true","unknown","https://www.uniqlo.com/kr/ko/men_navigation","official_navigation_preloaded_taxonomies","2026-08-03T02:01:21.580Z","{""group"":""subcategories"",""key"":""others"",""parent_count"":3}","2dad9b2eaa9e0b3966064c40708d8fff9be454662a8eba631cdaf427266f1f53"
"uniqlo","114801","114790","가디건","UV Protection > 가디건 > 가디건","UV Protection > 가디건 > 가디건","3","WOMEN","true","unknown","https://www.uniqlo.com/kr/ko/men_navigation","official_navigation_preloaded_taxonomies","2026-08-03T02:01:21.580Z","{""group"":""subcategories"",""key"":""cardigan"",""parent_count"":3}","2dad9b2eaa9e0b3966064c40708d8fff9be454662a8eba631cdaf427266f1f53"
"uniqlo","115519","114791","팬츠","UV Protection > 팬츠 & 레깅스 > 팬츠","UV Protection > 팬츠 & 레깅스 > 팬츠","3","WOMEN","true","unknown","https://www.uniqlo.com/kr/ko/men_navigation","official_navigation_preloaded_taxonomies","2026-08-03T02:01:21.580Z","{""group"":""subcategories"",""key"":""pants"",""parent_count"":3}","2dad9b2eaa9e0b3966064c40708d8fff9be454662a8eba631cdaf427266f1f53"
"uniqlo","114802","114791","레깅스","UV Protection > 팬츠 & 레깅스 > 레깅스","UV Protection > 팬츠 & 레깅스 > 레깅스","3","WOMEN","true","unknown","https://www.uniqlo.com/kr/ko/men_navigation","official_navigation_preloaded_taxonomies","2026-08-03T02:01:21.580Z","{""group"":""subcategories"",""key"":""leggings"",""parent_count"":3}","2dad9b2eaa9e0b3966064c40708d8fff9be454662a8eba631cdaf427266f1f53"
"uniqlo","115580","114792","선글라스","UV Protection > 액세서리 > 선글라스","UV Protection > 액세서리 > 선글라스","3","WOMEN","true","unknown","https://www.uniqlo.com/kr/ko/men_navigation","official_navigation_preloaded_taxonomies","2026-08-03T02:01:21.580Z","{""group"":""subcategories"",""key"":""fashion-glasses"",""parent_count"":3}","2dad9b2eaa9e0b3966064c40708d8fff9be454662a8eba631cdaf427266f1f53"
"uniqlo","139700","114792","그 외","UV Protection > 액세서리 > 그 외","UV Protection > 액세서리 > 그 외","3","WOMEN","true","unknown","https://www.uniqlo.com/kr/ko/men_navigation","official_navigation_preloaded_taxonomies","2026-08-03T02:01:21.580Z","{""group"":""subcategories"",""key"":""others"",""parent_count"":3}","2dad9b2eaa9e0b3966064c40708d8fff9be454662a8eba631cdaf427266f1f53"
"uniqlo","114921","114792","우산","UV Protection > 액세서리 > 우산","UV Protection > 액세서리 > 우산","3","WOMEN","true","unknown","https://www.uniqlo.com/kr/ko/men_navigation","official_navigation_preloaded_taxonomies","2026-08-03T02:01:21.580Z","{""group"":""subcategories"",""key"":""umbrella"",""parent_count"":3}","2dad9b2eaa9e0b3966064c40708d8fff9be454662a8eba631cdaf427266f1f53"
"uniqlo","114803","114792","모자","UV Protection > 액세서리 > 모자","UV Protection > 액세서리 > 모자","3","WOMEN","true","unknown","https://www.uniqlo.com/kr/ko/men_navigation","official_navigation_preloaded_taxonomies","2026-08-03T02:01:21.580Z","{""group"":""subcategories"",""key"":""caps"",""parent_count"":3}","2dad9b2eaa9e0b3966064c40708d8fff9be454662a8eba631cdaf427266f1f53"
"uniqlo","116869","116866","셔츠","리넨 > 셔츠 & 티셔츠 > 셔츠","리넨 > 셔츠 & 티셔츠 > 셔츠","3","WOMEN","true","unknown","https://www.uniqlo.com/kr/ko/men_navigation","official_navigation_preloaded_taxonomies","2026-08-03T02:01:21.580Z","{""group"":""subcategories"",""key"":""shirts"",""parent_count"":3}","2dad9b2eaa9e0b3966064c40708d8fff9be454662a8eba631cdaf427266f1f53"
"uniqlo","116870","116866","티셔츠","리넨 > 셔츠 & 티셔츠 > 티셔츠","리넨 > 셔츠 & 티셔츠 > 티셔츠","3","WOMEN","true","unknown","https://www.uniqlo.com/kr/ko/men_navigation","official_navigation_preloaded_taxonomies","2026-08-03T02:01:21.580Z","{""group"":""subcategories"",""key"":""t-shirt"",""parent_count"":3}","2dad9b2eaa9e0b3966064c40708d8fff9be454662a8eba631cdaf427266f1f53"
"uniqlo","120300","116866","오픈칼라셔츠","리넨 > 셔츠 & 티셔츠 > 오픈칼라셔츠","리넨 > 셔츠 & 티셔츠 > 오픈칼라셔츠","3","WOMEN","true","unknown","https://www.uniqlo.com/kr/ko/men_navigation","official_navigation_preloaded_taxonomies","2026-08-03T02:01:21.580Z","{""group"":""subcategories"",""key"":""short-sleeve"",""parent_count"":3}","2dad9b2eaa9e0b3966064c40708d8fff9be454662a8eba631cdaf427266f1f53"
"uniqlo","120301","116866","그 외","리넨 > 셔츠 & 티셔츠 > 그 외","리넨 > 셔츠 & 티셔츠 > 그 외","3","WOMEN","true","unknown","https://www.uniqlo.com/kr/ko/men_navigation","official_navigation_preloaded_taxonomies","2026-08-03T02:01:21.580Z","{""group"":""subcategories"",""key"":""others"",""parent_count"":3}","2dad9b2eaa9e0b3966064c40708d8fff9be454662a8eba631cdaf427266f1f53"
"uniqlo","116868","116865","재킷","리넨 > 재킷 > 재킷","리넨 > 재킷 > 재킷","3","WOMEN","true","unknown","https://www.uniqlo.com/kr/ko/men_navigation","official_navigation_preloaded_taxonomies","2026-08-03T02:01:21.580Z","{""group"":""subcategories"",""key"":""jacket"",""parent_count"":3}","2dad9b2eaa9e0b3966064c40708d8fff9be454662a8eba631cdaf427266f1f53"
"uniqlo","116871","116867","팬츠","리넨 > 팬츠 > 팬츠","리넨 > 팬츠 > 팬츠","3","WOMEN","true","unknown","https://www.uniqlo.com/kr/ko/men_navigation","official_navigation_preloaded_taxonomies","2026-08-03T02:01:21.580Z","{""group"":""subcategories"",""key"":""pants"",""parent_count"":3}","2dad9b2eaa9e0b3966064c40708d8fff9be454662a8eba631cdaf427266f1f53"
"uniqlo","116910","116909","원피스 & 스커트","리넨 > 스커트 & 원피스 > 원피스 & 스커트","리넨 > 스커트 & 원피스 > 원피스 & 스커트","3","WOMEN","true","unknown","https://www.uniqlo.com/kr/ko/men_navigation","official_navigation_preloaded_taxonomies","2026-08-03T02:01:21.580Z","{""group"":""subcategories"",""key"":""dresses"",""parent_count"":3}","2dad9b2eaa9e0b3966064c40708d8fff9be454662a8eba631cdaf427266f1f53"
"uniqlo","141910","141909","모자","리넨 > 액세서리 > 모자","리넨 > 액세서리 > 모자","3","WOMEN","true","unknown","https://www.uniqlo.com/kr/ko/men_navigation","official_navigation_preloaded_taxonomies","2026-08-03T02:01:21.580Z","{""group"":""subcategories"",""key"":""hat"",""parent_count"":3}","2dad9b2eaa9e0b3966064c40708d8fff9be454662a8eba631cdaf427266f1f53"
"uniqlo","122737","107546","Pre Launch","Special Collaborations > UNIQLO : C > Pre Launch","Special Collaborations > UNIQLO : C > Pre Launch","3","WOMEN","true","unknown","https://www.uniqlo.com/kr/ko/men_navigation","official_navigation_preloaded_taxonomies","2026-08-03T02:01:21.580Z","{""group"":""subcategories"",""key"":""pre-launch"",""parent_count"":3}","2dad9b2eaa9e0b3966064c40708d8fff9be454662a8eba631cdaf427266f1f53"
"uniqlo","107565","107546","Outerwear","Special Collaborations > UNIQLO : C > Outerwear","Special Collaborations > UNIQLO : C > Outerwear","3","WOMEN","true","unknown","https://www.uniqlo.com/kr/ko/men_navigation","official_navigation_preloaded_taxonomies","2026-08-03T02:01:21.580Z","{""group"":""subcategories"",""key"":""outerwear"",""parent_count"":3}","2dad9b2eaa9e0b3966064c40708d8fff9be454662a8eba631cdaf427266f1f53"
"uniqlo","107567","107546","Knitwear","Special Collaborations > UNIQLO : C > Knitwear","Special Collaborations > UNIQLO : C > Knitwear","3","WOMEN","true","unknown","https://www.uniqlo.com/kr/ko/men_navigation","official_navigation_preloaded_taxonomies","2026-08-03T02:01:21.580Z","{""group"":""subcategories"",""key"":""sweaters"",""parent_count"":3}","2dad9b2eaa9e0b3966064c40708d8fff9be454662a8eba631cdaf427266f1f53"
"uniqlo","107566","107546","Shirts and Blouses","Special Collaborations > UNIQLO : C > Shirts and Blouses","Special Collaborations > UNIQLO : C > Shirts and Blouses","3","WOMEN","true","unknown","https://www.uniqlo.com/kr/ko/men_navigation","official_navigation_preloaded_taxonomies","2026-08-03T02:01:21.580Z","{""group"":""subcategories"",""key"":""shirts"",""parent_count"":3}","2dad9b2eaa9e0b3966064c40708d8fff9be454662a8eba631cdaf427266f1f53"
"uniqlo","107569","107546","Sweats","Special Collaborations > UNIQLO : C > Sweats","Special Collaborations > UNIQLO : C > Sweats","3","WOMEN","true","unknown","https://www.uniqlo.com/kr/ko/men_navigation","official_navigation_preloaded_taxonomies","2026-08-03T02:01:21.580Z","{""group"":""subcategories"",""key"":""sweat"",""parent_count"":3}","2dad9b2eaa9e0b3966064c40708d8fff9be454662a8eba631cdaf427266f1f53"
"uniqlo","107570","107546","Bottoms","Special Collaborations > UNIQLO : C > Bottoms","Special Collaborations > UNIQLO : C > Bottoms","3","WOMEN","true","unknown","https://www.uniqlo.com/kr/ko/men_navigation","official_navigation_preloaded_taxonomies","2026-08-03T02:01:21.580Z","{""group"":""subcategories"",""key"":""bottoms"",""parent_count"":3}","2dad9b2eaa9e0b3966064c40708d8fff9be454662a8eba631cdaf427266f1f53"
"uniqlo","107571","107546","Skirts","Special Collaborations > UNIQLO : C > Skirts","Special Collaborations > UNIQLO : C > Skirts","3","WOMEN","true","unknown","https://www.uniqlo.com/kr/ko/men_navigation","official_navigation_preloaded_taxonomies","2026-08-03T02:01:21.580Z","{""group"":""subcategories"",""key"":""skirt"",""parent_count"":3}","2dad9b2eaa9e0b3966064c40708d8fff9be454662a8eba631cdaf427266f1f53"
"uniqlo","107572","107546","Dresses","Special Collaborations > UNIQLO : C > Dresses","Special Collaborations > UNIQLO : C > Dresses","3","WOMEN","true","unknown","https://www.uniqlo.com/kr/ko/men_navigation","official_navigation_preloaded_taxonomies","2026-08-03T02:01:21.580Z","{""group"":""subcategories"",""key"":""dresses"",""parent_count"":3}","2dad9b2eaa9e0b3966064c40708d8fff9be454662a8eba631cdaf427266f1f53"
"uniqlo","107573","107546","Heattech","Special Collaborations > UNIQLO : C > Heattech","Special Collaborations > UNIQLO : C > Heattech","3","WOMEN","true","unknown","https://www.uniqlo.com/kr/ko/men_navigation","official_navigation_preloaded_taxonomies","2026-08-03T02:01:21.580Z","{""group"":""subcategories"",""key"":""heattech"",""parent_count"":3}","2dad9b2eaa9e0b3966064c40708d8fff9be454662a8eba631cdaf427266f1f53"
"uniqlo","107575","107546","Accessories","Special Collaborations > UNIQLO : C > Accessories","Special Collaborations > UNIQLO : C > Accessories","3","WOMEN","true","unknown","https://www.uniqlo.com/kr/ko/men_navigation","official_navigation_preloaded_taxonomies","2026-08-03T02:01:21.580Z","{""group"":""subcategories"",""key"":""accessory"",""parent_count"":3}","2dad9b2eaa9e0b3966064c40708d8fff9be454662a8eba631cdaf427266f1f53"
"uniqlo","107576","107546","Shoes","Special Collaborations > UNIQLO : C > Shoes","Special Collaborations > UNIQLO : C > Shoes","3","WOMEN","true","unknown","https://www.uniqlo.com/kr/ko/men_navigation","official_navigation_preloaded_taxonomies","2026-08-03T02:01:21.580Z","{""group"":""subcategories"",""key"":""shoes"",""parent_count"":3}","2dad9b2eaa9e0b3966064c40708d8fff9be454662a8eba631cdaf427266f1f53"
"uniqlo","107577","107546","Bags","Special Collaborations > UNIQLO : C > Bags","Special Collaborations > UNIQLO : C > Bags","3","WOMEN","true","unknown","https://www.uniqlo.com/kr/ko/men_navigation","official_navigation_preloaded_taxonomies","2026-08-03T02:01:21.580Z","{""group"":""subcategories"",""key"":""bags"",""parent_count"":3}","2dad9b2eaa9e0b3966064c40708d8fff9be454662a8eba631cdaf427266f1f53"
"uniqlo","135493","107546","Sunglasses","Special Collaborations > UNIQLO : C > Sunglasses","Special Collaborations > UNIQLO : C > Sunglasses","3","WOMEN","true","unknown","https://www.uniqlo.com/kr/ko/men_navigation","official_navigation_preloaded_taxonomies","2026-08-03T02:01:21.580Z","{""group"":""subcategories"",""key"":""fashion-glasses"",""parent_count"":3}","2dad9b2eaa9e0b3966064c40708d8fff9be454662a8eba631cdaf427266f1f53"
"uniqlo","122738","107546","Knitwear","Special Collaborations > UNIQLO : C > Knitwear","Special Collaborations > UNIQLO : C > Knitwear","3","WOMEN","true","unknown","https://www.uniqlo.com/kr/ko/men_navigation","official_navigation_preloaded_taxonomies","2026-08-03T02:01:21.580Z","{""group"":""subcategories"",""key"":""knitwear"",""parent_count"":3}","2dad9b2eaa9e0b3966064c40708d8fff9be454662a8eba631cdaf427266f1f53"
"uniqlo","135482","107546","Coats","Special Collaborations > UNIQLO : C > Coats","Special Collaborations > UNIQLO : C > Coats","3","WOMEN","true","unknown","https://www.uniqlo.com/kr/ko/men_navigation","official_navigation_preloaded_taxonomies","2026-08-03T02:01:21.580Z","{""group"":""subcategories"",""key"":""coats"",""parent_count"":3}","2dad9b2eaa9e0b3966064c40708d8fff9be454662a8eba631cdaf427266f1f53"
"uniqlo","135484","107546","Blousons","Special Collaborations > UNIQLO : C > Blousons","Special Collaborations > UNIQLO : C > Blousons","3","WOMEN","true","unknown","https://www.uniqlo.com/kr/ko/men_navigation","official_navigation_preloaded_taxonomies","2026-08-03T02:01:21.580Z","{""group"":""subcategories"",""key"":""blousons"",""parent_count"":3}","2dad9b2eaa9e0b3966064c40708d8fff9be454662a8eba631cdaf427266f1f53"
"uniqlo","135485","107546","Wide Fit","Special Collaborations > UNIQLO : C > Wide Fit","Special Collaborations > UNIQLO : C > Wide Fit","3","WOMEN","true","unknown","https://www.uniqlo.com/kr/ko/men_navigation","official_navigation_preloaded_taxonomies","2026-08-03T02:01:21.580Z","{""group"":""subcategories"",""key"":""wide-fit"",""parent_count"":3}","2dad9b2eaa9e0b3966064c40708d8fff9be454662a8eba631cdaf427266f1f53"
"uniqlo","135489","107546","Midi","Special Collaborations > UNIQLO : C > Midi","Special Collaborations > UNIQLO : C > Midi","3","WOMEN","true","unknown","https://www.uniqlo.com/kr/ko/men_navigation","official_navigation_preloaded_taxonomies","2026-08-03T02:01:21.580Z","{""group"":""subcategories"",""key"":""midi"",""parent_count"":3}","2dad9b2eaa9e0b3966064c40708d8fff9be454662a8eba631cdaf427266f1f53"
"uniqlo","135490","107546","Long","Special Collaborations > UNIQLO : C > Long","Special Collaborations > UNIQLO : C > Long","3","WOMEN","true","unknown","https://www.uniqlo.com/kr/ko/men_navigation","official_navigation_preloaded_taxonomies","2026-08-03T02:01:21.580Z","{""group"":""subcategories"",""key"":""long"",""parent_count"":3}","2dad9b2eaa9e0b3966064c40708d8fff9be454662a8eba631cdaf427266f1f53"
"uniqlo","135486","107546","Short Length","Special Collaborations > UNIQLO : C > Short Length","Special Collaborations > UNIQLO : C > Short Length","3","WOMEN","true","unknown","https://www.uniqlo.com/kr/ko/men_navigation","official_navigation_preloaded_taxonomies","2026-08-03T02:01:21.580Z","{""group"":""subcategories"",""key"":""short-length"",""parent_count"":3}","2dad9b2eaa9e0b3966064c40708d8fff9be454662a8eba631cdaf427266f1f53"
"uniqlo","135491","107546","Sleeveless","Special Collaborations > UNIQLO : C > Sleeveless","Special Collaborations > UNIQLO : C > Sleeveless","3","WOMEN","true","unknown","https://www.uniqlo.com/kr/ko/men_navigation","official_navigation_preloaded_taxonomies","2026-08-03T02:01:21.580Z","{""group"":""subcategories"",""key"":""sleeveless"",""parent_count"":3}","2dad9b2eaa9e0b3966064c40708d8fff9be454662a8eba631cdaf427266f1f53"
"uniqlo","146112","107546","Cashmere","Special Collaborations > UNIQLO : C > Cashmere","Special Collaborations > UNIQLO : C > Cashmere","3","WOMEN","true","unknown","https://www.uniqlo.com/kr/ko/men_navigation","official_navigation_preloaded_taxonomies","2026-08-03T02:01:21.580Z","{""group"":""subcategories"",""key"":""cashmere"",""parent_count"":3}","2dad9b2eaa9e0b3966064c40708d8fff9be454662a8eba631cdaf427266f1f53"
"uniqlo","146111","107546","Cotton","Special Collaborations > UNIQLO : C > Cotton","Special Collaborations > UNIQLO : C > Cotton","3","WOMEN","true","unknown","https://www.uniqlo.com/kr/ko/men_navigation","official_navigation_preloaded_taxonomies","2026-08-03T02:01:21.580Z","{""group"":""subcategories"",""key"":""cotton"",""parent_count"":3}","2dad9b2eaa9e0b3966064c40708d8fff9be454662a8eba631cdaf427266f1f53"
"uniqlo","140172","107546","Premium Linen","Special Collaborations > UNIQLO : C > Premium Linen","Special Collaborations > UNIQLO : C > Premium Linen","3","WOMEN","true","unknown","https://www.uniqlo.com/kr/ko/men_navigation","official_navigation_preloaded_taxonomies","2026-08-03T02:01:21.580Z","{""group"":""subcategories"",""key"":""premium-linen"",""parent_count"":3}","2dad9b2eaa9e0b3966064c40708d8fff9be454662a8eba631cdaf427266f1f53"
"uniqlo","146113","107546","Turtle neck","Special Collaborations > UNIQLO : C > Turtle neck","Special Collaborations > UNIQLO : C > Turtle neck","3","WOMEN","true","unknown","https://www.uniqlo.com/kr/ko/men_navigation","official_navigation_preloaded_taxonomies","2026-08-03T02:01:21.580Z","{""group"":""subcategories"",""key"":""turtle-neck"",""parent_count"":3}","2dad9b2eaa9e0b3966064c40708d8fff9be454662a8eba631cdaf427266f1f53"
"uniqlo","146114","107546","Crew neck","Special Collaborations > UNIQLO : C > Crew neck","Special Collaborations > UNIQLO : C > Crew neck","3","WOMEN","true","unknown","https://www.uniqlo.com/kr/ko/men_navigation","official_navigation_preloaded_taxonomies","2026-08-03T02:01:21.580Z","{""group"":""subcategories"",""key"":""crew-neck"",""parent_count"":3}","2dad9b2eaa9e0b3966064c40708d8fff9be454662a8eba631cdaf427266f1f53"
"uniqlo","107578","107546","Unisex","Special Collaborations > UNIQLO : C > Unisex","Special Collaborations > UNIQLO : C > Unisex","3","WOMEN","true","unknown","https://www.uniqlo.com/kr/ko/men_navigation","official_navigation_preloaded_taxonomies","2026-08-03T02:01:21.580Z","{""group"":""subcategories"",""key"":""unisex"",""parent_count"":3}","2dad9b2eaa9e0b3966064c40708d8fff9be454662a8eba631cdaf427266f1f53"
"uniqlo","107581","107546","Others","Special Collaborations > UNIQLO : C > Others","Special Collaborations > UNIQLO : C > Others","3","WOMEN","true","unknown","https://www.uniqlo.com/kr/ko/men_navigation","official_navigation_preloaded_taxonomies","2026-08-03T02:01:21.580Z","{""group"":""subcategories"",""key"":""others"",""parent_count"":3}","2dad9b2eaa9e0b3966064c40708d8fff9be454662a8eba631cdaf427266f1f53"
"uniqlo","107580","107546","Fall And Winter","Special Collaborations > UNIQLO : C > Fall And Winter","Special Collaborations > UNIQLO : C > Fall And Winter","3","WOMEN","true","unknown","https://www.uniqlo.com/kr/ko/men_navigation","official_navigation_preloaded_taxonomies","2026-08-03T02:01:21.580Z","{""group"":""subcategories"",""key"":""fall-and-winter"",""parent_count"":3}","2dad9b2eaa9e0b3966064c40708d8fff9be454662a8eba631cdaf427266f1f53"
"uniqlo","107579","107546","Spring And Summer","Special Collaborations > UNIQLO : C > Spring And Summer","Special Collaborations > UNIQLO : C > Spring And Summer","3","WOMEN","true","unknown","https://www.uniqlo.com/kr/ko/men_navigation","official_navigation_preloaded_taxonomies","2026-08-03T02:01:21.580Z","{""group"":""subcategories"",""key"":""spring-and-summer"",""parent_count"":3}","2dad9b2eaa9e0b3966064c40708d8fff9be454662a8eba631cdaf427266f1f53"
"uniqlo","145308","145182","Shirts and Polo shirt","Special Collaborations > UNIQLO F.RISSO > Shirts and Polo shirt","Special Collaborations > UNIQLO F.RISSO > Shirts and Polo shirt","3","WOMEN","true","unknown","https://www.uniqlo.com/kr/ko/men_navigation","official_navigation_preloaded_taxonomies","2026-08-03T02:01:21.580Z","{""group"":""subcategories"",""key"":""shirts-and-polo-shirt"",""parent_count"":3}","2dad9b2eaa9e0b3966064c40708d8fff9be454662a8eba631cdaf427266f1f53"
"uniqlo","145309","145182","T-Shirts","Special Collaborations > UNIQLO F.RISSO > T-Shirts","Special Collaborations > UNIQLO F.RISSO > T-Shirts","3","WOMEN","true","unknown","https://www.uniqlo.com/kr/ko/men_navigation","official_navigation_preloaded_taxonomies","2026-08-03T02:01:21.580Z","{""group"":""subcategories"",""key"":""t-shirts"",""parent_count"":3}","2dad9b2eaa9e0b3966064c40708d8fff9be454662a8eba631cdaf427266f1f53"
"uniqlo","145310","145182","Skirts and dresses","Special Collaborations > UNIQLO F.RISSO > Skirts and dresses","Special Collaborations > UNIQLO F.RISSO > Skirts and dresses","3","WOMEN","true","unknown","https://www.uniqlo.com/kr/ko/men_navigation","official_navigation_preloaded_taxonomies","2026-08-03T02:01:21.580Z","{""group"":""subcategories"",""key"":""skirts-and-dresses"",""parent_count"":3}","2dad9b2eaa9e0b3966064c40708d8fff9be454662a8eba631cdaf427266f1f53"
"uniqlo","145311","145182","Skirt","Special Collaborations > UNIQLO F.RISSO > Skirt","Special Collaborations > UNIQLO F.RISSO > Skirt","3","WOMEN","true","unknown","https://www.uniqlo.com/kr/ko/men_navigation","official_navigation_preloaded_taxonomies","2026-08-03T02:01:21.580Z","{""group"":""subcategories"",""key"":""skirts"",""parent_count"":3}","2dad9b2eaa9e0b3966064c40708d8fff9be454662a8eba631cdaf427266f1f53"
"uniqlo","145312","145182","Dresses","Special Collaborations > UNIQLO F.RISSO > Dresses","Special Collaborations > UNIQLO F.RISSO > Dresses","3","WOMEN","true","unknown","https://www.uniqlo.com/kr/ko/men_navigation","official_navigation_preloaded_taxonomies","2026-08-03T02:01:21.580Z","{""group"":""subcategories"",""key"":""dresses"",""parent_count"":3}","2dad9b2eaa9e0b3966064c40708d8fff9be454662a8eba631cdaf427266f1f53"
"uniqlo","145313","145182","Bottoms","Special Collaborations > UNIQLO F.RISSO > Bottoms","Special Collaborations > UNIQLO F.RISSO > Bottoms","3","WOMEN","true","unknown","https://www.uniqlo.com/kr/ko/men_navigation","official_navigation_preloaded_taxonomies","2026-08-03T02:01:21.580Z","{""group"":""subcategories"",""key"":""bottoms"",""parent_count"":3}","2dad9b2eaa9e0b3966064c40708d8fff9be454662a8eba631cdaf427266f1f53"
"uniqlo","145314","145182","Accessories","Special Collaborations > UNIQLO F.RISSO > Accessories","Special Collaborations > UNIQLO F.RISSO > Accessories","3","WOMEN","true","unknown","https://www.uniqlo.com/kr/ko/men_navigation","official_navigation_preloaded_taxonomies","2026-08-03T02:01:21.580Z","{""group"":""subcategories"",""key"":""accessories"",""parent_count"":3}","2dad9b2eaa9e0b3966064c40708d8fff9be454662a8eba631cdaf427266f1f53"
"uniqlo","145315","145182","Socks","Special Collaborations > UNIQLO F.RISSO > Socks","Special Collaborations > UNIQLO F.RISSO > Socks","3","WOMEN","true","unknown","https://www.uniqlo.com/kr/ko/men_navigation","official_navigation_preloaded_taxonomies","2026-08-03T02:01:21.580Z","{""group"":""subcategories"",""key"":""socks"",""parent_count"":3}","2dad9b2eaa9e0b3966064c40708d8fff9be454662a8eba631cdaf427266f1f53"
"uniqlo","145316","145182","Sleeveless","Special Collaborations > UNIQLO F.RISSO > Sleeveless","Special Collaborations > UNIQLO F.RISSO > Sleeveless","3","WOMEN","true","unknown","https://www.uniqlo.com/kr/ko/men_navigation","official_navigation_preloaded_taxonomies","2026-08-03T02:01:21.580Z","{""group"":""subcategories"",""key"":""sleeveless"",""parent_count"":3}","2dad9b2eaa9e0b3966064c40708d8fff9be454662a8eba631cdaf427266f1f53"
"uniqlo","145317","145182","Long","Special Collaborations > UNIQLO F.RISSO > Long","Special Collaborations > UNIQLO F.RISSO > Long","3","WOMEN","true","unknown","https://www.uniqlo.com/kr/ko/men_navigation","official_navigation_preloaded_taxonomies","2026-08-03T02:01:21.580Z","{""group"":""subcategories"",""key"":""long"",""parent_count"":3}","2dad9b2eaa9e0b3966064c40708d8fff9be454662a8eba631cdaf427266f1f53"
"uniqlo","145318","145182","Unisex","Special Collaborations > UNIQLO F.RISSO > Unisex","Special Collaborations > UNIQLO F.RISSO > Unisex","3","WOMEN","true","unknown","https://www.uniqlo.com/kr/ko/men_navigation","official_navigation_preloaded_taxonomies","2026-08-03T02:01:21.580Z","{""group"":""subcategories"",""key"":""unisex"",""parent_count"":3}","2dad9b2eaa9e0b3966064c40708d8fff9be454662a8eba631cdaf427266f1f53"
"uniqlo","145319","145182","Others","Special Collaborations > UNIQLO F.RISSO > Others","Special Collaborations > UNIQLO F.RISSO > Others","3","WOMEN","true","unknown","https://www.uniqlo.com/kr/ko/men_navigation","official_navigation_preloaded_taxonomies","2026-08-03T02:01:21.580Z","{""group"":""subcategories"",""key"":""others"",""parent_count"":3}","2dad9b2eaa9e0b3966064c40708d8fff9be454662a8eba631cdaf427266f1f53"
"uniqlo","143069","143065","Skirts","Special Collaborations > UNIQLO and Cecilie Bahnsen > Skirts","Special Collaborations > UNIQLO and Cecilie Bahnsen > Skirts","3","WOMEN","true","unknown","https://www.uniqlo.com/kr/ko/men_navigation","official_navigation_preloaded_taxonomies","2026-08-03T02:01:21.580Z","{""group"":""subcategories"",""key"":""skirts"",""parent_count"":3}","2dad9b2eaa9e0b3966064c40708d8fff9be454662a8eba631cdaf427266f1f53"
"uniqlo","143067","143065","T-Shirts","Special Collaborations > UNIQLO and Cecilie Bahnsen > T-Shirts","Special Collaborations > UNIQLO and Cecilie Bahnsen > T-Shirts","3","WOMEN","true","unknown","https://www.uniqlo.com/kr/ko/men_navigation","official_navigation_preloaded_taxonomies","2026-08-03T02:01:21.580Z","{""group"":""subcategories"",""key"":""t-shirts"",""parent_count"":3}","2dad9b2eaa9e0b3966064c40708d8fff9be454662a8eba631cdaf427266f1f53"
"uniqlo","143068","143065","Dresses","Special Collaborations > UNIQLO and Cecilie Bahnsen > Dresses","Special Collaborations > UNIQLO and Cecilie Bahnsen > Dresses","3","WOMEN","true","unknown","https://www.uniqlo.com/kr/ko/men_navigation","official_navigation_preloaded_taxonomies","2026-08-03T02:01:21.580Z","{""group"":""subcategories"",""key"":""dresses"",""parent_count"":3}","2dad9b2eaa9e0b3966064c40708d8fff9be454662a8eba631cdaf427266f1f53"
"uniqlo","143070","143065","Short Half Sleeve","Special Collaborations > UNIQLO and Cecilie Bahnsen > Short Half Sleeve","Special Collaborations > UNIQLO and Cecilie Bahnsen > Short Half Sleeve","3","WOMEN","true","unknown","https://www.uniqlo.com/kr/ko/men_navigation","official_navigation_preloaded_taxonomies","2026-08-03T02:01:21.580Z","{""group"":""subcategories"",""key"":""short-half-sleeve"",""parent_count"":3}","2dad9b2eaa9e0b3966064c40708d8fff9be454662a8eba631cdaf427266f1f53"
"uniqlo","143071","143065","Sleeveless","Special Collaborations > UNIQLO and Cecilie Bahnsen > Sleeveless","Special Collaborations > UNIQLO and Cecilie Bahnsen > Sleeveless","3","WOMEN","true","unknown","https://www.uniqlo.com/kr/ko/men_navigation","official_navigation_preloaded_taxonomies","2026-08-03T02:01:21.580Z","{""group"":""subcategories"",""key"":""sleeveless"",""parent_count"":3}","2dad9b2eaa9e0b3966064c40708d8fff9be454662a8eba631cdaf427266f1f53"
"uniqlo","143072","143065","Others","Special Collaborations > UNIQLO and Cecilie Bahnsen > Others","Special Collaborations > UNIQLO and Cecilie Bahnsen > Others","3","WOMEN","true","unknown","https://www.uniqlo.com/kr/ko/men_navigation","official_navigation_preloaded_taxonomies","2026-08-03T02:01:21.580Z","{""group"":""subcategories"",""key"":""others"",""parent_count"":3}","2dad9b2eaa9e0b3966064c40708d8fff9be454662a8eba631cdaf427266f1f53"
"uniqlo","107556","107545","Outerwear","Special Collaborations > Uniqlo U > Outerwear","Special Collaborations > Uniqlo U > Outerwear","3","WOMEN","true","unknown","https://www.uniqlo.com/kr/ko/men_navigation","official_navigation_preloaded_taxonomies","2026-08-03T02:01:21.580Z","{""group"":""subcategories"",""key"":""outerwear"",""parent_count"":3}","2dad9b2eaa9e0b3966064c40708d8fff9be454662a8eba631cdaf427266f1f53"
"uniqlo","107559","107545","Cut and Sewn","Special Collaborations > Uniqlo U > Cut and Sewn","Special Collaborations > Uniqlo U > Cut and Sewn","3","WOMEN","true","unknown","https://www.uniqlo.com/kr/ko/men_navigation","official_navigation_preloaded_taxonomies","2026-08-03T02:01:21.580Z","{""group"":""subcategories"",""key"":""t-shirts"",""parent_count"":3}","2dad9b2eaa9e0b3966064c40708d8fff9be454662a8eba631cdaf427266f1f53"
"uniqlo","107560","107545","Shirts","Special Collaborations > Uniqlo U > Shirts","Special Collaborations > Uniqlo U > Shirts","3","WOMEN","true","unknown","https://www.uniqlo.com/kr/ko/men_navigation","official_navigation_preloaded_taxonomies","2026-08-03T02:01:21.580Z","{""group"":""subcategories"",""key"":""shirts"",""parent_count"":3}","2dad9b2eaa9e0b3966064c40708d8fff9be454662a8eba631cdaf427266f1f53"
"uniqlo","139435","107545","Knitwear","Special Collaborations > Uniqlo U > Knitwear","Special Collaborations > Uniqlo U > Knitwear","3","WOMEN","true","unknown","https://www.uniqlo.com/kr/ko/men_navigation","official_navigation_preloaded_taxonomies","2026-08-03T02:01:21.580Z","{""group"":""subcategories"",""key"":""knitwear"",""parent_count"":3}","2dad9b2eaa9e0b3966064c40708d8fff9be454662a8eba631cdaf427266f1f53"
"uniqlo","107562","107545","Cardigan","Special Collaborations > Uniqlo U > Cardigan","Special Collaborations > Uniqlo U > Cardigan","3","WOMEN","true","unknown","https://www.uniqlo.com/kr/ko/men_navigation","official_navigation_preloaded_taxonomies","2026-08-03T02:01:21.580Z","{""group"":""subcategories"",""key"":""cardigan"",""parent_count"":3}","2dad9b2eaa9e0b3966064c40708d8fff9be454662a8eba631cdaf427266f1f53"
"uniqlo","107557","107545","Bottoms","Special Collaborations > Uniqlo U > Bottoms","Special Collaborations > Uniqlo U > Bottoms","3","WOMEN","true","unknown","https://www.uniqlo.com/kr/ko/men_navigation","official_navigation_preloaded_taxonomies","2026-08-03T02:01:21.580Z","{""group"":""subcategories"",""key"":""bottoms"",""parent_count"":3}","2dad9b2eaa9e0b3966064c40708d8fff9be454662a8eba631cdaf427266f1f53"
"uniqlo","107558","107545","Skirt","Special Collaborations > Uniqlo U > Skirt","Special Collaborations > Uniqlo U > Skirt","3","WOMEN","true","unknown","https://www.uniqlo.com/kr/ko/men_navigation","official_navigation_preloaded_taxonomies","2026-08-03T02:01:21.580Z","{""group"":""subcategories"",""key"":""skirt"",""parent_count"":3}","2dad9b2eaa9e0b3966064c40708d8fff9be454662a8eba631cdaf427266f1f53"
"uniqlo","107563","107545","Dresses","Special Collaborations > Uniqlo U > Dresses","Special Collaborations > Uniqlo U > Dresses","3","WOMEN","true","unknown","https://www.uniqlo.com/kr/ko/men_navigation","official_navigation_preloaded_taxonomies","2026-08-03T02:01:21.580Z","{""group"":""subcategories"",""key"":""dresses"",""parent_count"":3}","2dad9b2eaa9e0b3966064c40708d8fff9be454662a8eba631cdaf427266f1f53"
"uniqlo","107564","107545","Accessories","Special Collaborations > Uniqlo U > Accessories","Special Collaborations > Uniqlo U > Accessories","3","WOMEN","true","unknown","https://www.uniqlo.com/kr/ko/men_navigation","official_navigation_preloaded_taxonomies","2026-08-03T02:01:21.580Z","{""group"":""subcategories"",""key"":""accessories"",""parent_count"":3}","2dad9b2eaa9e0b3966064c40708d8fff9be454662a8eba631cdaf427266f1f53"
"uniqlo","139444","107545","Bags","Special Collaborations > Uniqlo U > Bags","Special Collaborations > Uniqlo U > Bags","3","WOMEN","true","unknown","https://www.uniqlo.com/kr/ko/men_navigation","official_navigation_preloaded_taxonomies","2026-08-03T02:01:21.580Z","{""group"":""subcategories"",""key"":""bags"",""parent_count"":3}","2dad9b2eaa9e0b3966064c40708d8fff9be454662a8eba631cdaf427266f1f53"
"uniqlo","139443","107545","Belts","Special Collaborations > Uniqlo U > Belts","Special Collaborations > Uniqlo U > Belts","3","WOMEN","true","unknown","https://www.uniqlo.com/kr/ko/men_navigation","official_navigation_preloaded_taxonomies","2026-08-03T02:01:21.580Z","{""group"":""subcategories"",""key"":""belts"",""parent_count"":3}","2dad9b2eaa9e0b3966064c40708d8fff9be454662a8eba631cdaf427266f1f53"
"uniqlo","139442","107545","Vest","Special Collaborations > Uniqlo U > Vest","Special Collaborations > Uniqlo U > Vest","3","WOMEN","true","unknown","https://www.uniqlo.com/kr/ko/men_navigation","official_navigation_preloaded_taxonomies","2026-08-03T02:01:21.580Z","{""group"":""subcategories"",""key"":""vest"",""parent_count"":3}","2dad9b2eaa9e0b3966064c40708d8fff9be454662a8eba631cdaf427266f1f53"
"uniqlo","107561","107545","Sweaters & Cardigan","Special Collaborations > Uniqlo U > Sweaters & Cardigan","Special Collaborations > Uniqlo U > Sweaters & Cardigan","3","WOMEN","true","unknown","https://www.uniqlo.com/kr/ko/men_navigation","official_navigation_preloaded_taxonomies","2026-08-03T02:01:21.580Z","{""group"":""subcategories"",""key"":""sweaters"",""parent_count"":3}","2dad9b2eaa9e0b3966064c40708d8fff9be454662a8eba631cdaf427266f1f53"
"uniqlo","139436","107545","Blousons","Special Collaborations > Uniqlo U > Blousons","Special Collaborations > Uniqlo U > Blousons","3","WOMEN","true","unknown","https://www.uniqlo.com/kr/ko/men_navigation","official_navigation_preloaded_taxonomies","2026-08-03T02:01:21.580Z","{""group"":""subcategories"",""key"":""blousons"",""parent_count"":3}","2dad9b2eaa9e0b3966064c40708d8fff9be454662a8eba631cdaf427266f1f53"
"uniqlo","139438","107545","Parkers","Special Collaborations > Uniqlo U > Parkers","Special Collaborations > Uniqlo U > Parkers","3","WOMEN","true","unknown","https://www.uniqlo.com/kr/ko/men_navigation","official_navigation_preloaded_taxonomies","2026-08-03T02:01:21.580Z","{""group"":""subcategories"",""key"":""parkers"",""parent_count"":3}","2dad9b2eaa9e0b3966064c40708d8fff9be454662a8eba631cdaf427266f1f53"
"uniqlo","139437","107545","Jackets","Special Collaborations > Uniqlo U > Jackets","Special Collaborations > Uniqlo U > Jackets","3","WOMEN","true","unknown","https://www.uniqlo.com/kr/ko/men_navigation","official_navigation_preloaded_taxonomies","2026-08-03T02:01:21.580Z","{""group"":""subcategories"",""key"":""jackets"",""parent_count"":3}","2dad9b2eaa9e0b3966064c40708d8fff9be454662a8eba631cdaf427266f1f53"
"uniqlo","139439","107545","Wide Fit","Special Collaborations > Uniqlo U > Wide Fit","Special Collaborations > Uniqlo U > Wide Fit","3","WOMEN","true","unknown","https://www.uniqlo.com/kr/ko/men_navigation","official_navigation_preloaded_taxonomies","2026-08-03T02:01:21.580Z","{""group"":""subcategories"",""key"":""wide-fit"",""parent_count"":3}","2dad9b2eaa9e0b3966064c40708d8fff9be454662a8eba631cdaf427266f1f53"
"uniqlo","139441","107545","Short Sleeve","Special Collaborations > Uniqlo U > Short Sleeve","Special Collaborations > Uniqlo U > Short Sleeve","3","WOMEN","true","unknown","https://www.uniqlo.com/kr/ko/men_navigation","official_navigation_preloaded_taxonomies","2026-08-03T02:01:21.580Z","{""group"":""subcategories"",""key"":""short-sleeve"",""parent_count"":3}","2dad9b2eaa9e0b3966064c40708d8fff9be454662a8eba631cdaf427266f1f53"
"uniqlo","139447","107545","Short Half Sleeve","Special Collaborations > Uniqlo U > Short Half Sleeve","Special Collaborations > Uniqlo U > Short Half Sleeve","3","WOMEN","true","unknown","https://www.uniqlo.com/kr/ko/men_navigation","official_navigation_preloaded_taxonomies","2026-08-03T02:01:21.580Z","{""group"":""subcategories"",""key"":""short-half-sleeve"",""parent_count"":3}","2dad9b2eaa9e0b3966064c40708d8fff9be454662a8eba631cdaf427266f1f53"
"uniqlo","139440","107545","Long Sleeve","Special Collaborations > Uniqlo U > Long Sleeve","Special Collaborations > Uniqlo U > Long Sleeve","3","WOMEN","true","unknown","https://www.uniqlo.com/kr/ko/men_navigation","official_navigation_preloaded_taxonomies","2026-08-03T02:01:21.580Z","{""group"":""subcategories"",""key"":""long-sleeve"",""parent_count"":3}","2dad9b2eaa9e0b3966064c40708d8fff9be454662a8eba631cdaf427266f1f53"
"uniqlo","139448","107545","Long","Special Collaborations > Uniqlo U > Long","Special Collaborations > Uniqlo U > Long","3","WOMEN","true","unknown","https://www.uniqlo.com/kr/ko/men_navigation","official_navigation_preloaded_taxonomies","2026-08-03T02:01:21.580Z","{""group"":""subcategories"",""key"":""long"",""parent_count"":3}","2dad9b2eaa9e0b3966064c40708d8fff9be454662a8eba631cdaf427266f1f53"
"uniqlo","139455","107545","Short Length","Special Collaborations > Uniqlo U > Short Length","Special Collaborations > Uniqlo U > Short Length","3","WOMEN","true","unknown","https://www.uniqlo.com/kr/ko/men_navigation","official_navigation_preloaded_taxonomies","2026-08-03T02:01:21.580Z","{""group"":""subcategories"",""key"":""short-length"",""parent_count"":3}","2dad9b2eaa9e0b3966064c40708d8fff9be454662a8eba631cdaf427266f1f53"
"uniqlo","139456","107545","Regular Length","Special Collaborations > Uniqlo U > Regular Length","Special Collaborations > Uniqlo U > Regular Length","3","WOMEN","true","unknown","https://www.uniqlo.com/kr/ko/men_navigation","official_navigation_preloaded_taxonomies","2026-08-03T02:01:21.580Z","{""group"":""subcategories"",""key"":""regular-length"",""parent_count"":3}","2dad9b2eaa9e0b3966064c40708d8fff9be454662a8eba631cdaf427266f1f53"
"uniqlo","139457","107545","Long Length","Special Collaborations > Uniqlo U > Long Length","Special Collaborations > Uniqlo U > Long Length","3","WOMEN","true","unknown","https://www.uniqlo.com/kr/ko/men_navigation","official_navigation_preloaded_taxonomies","2026-08-03T02:01:21.580Z","{""group"":""subcategories"",""key"":""long-length"",""parent_count"":3}","2dad9b2eaa9e0b3966064c40708d8fff9be454662a8eba631cdaf427266f1f53"
"uniqlo","139450","107545","Cotton","Special Collaborations > Uniqlo U > Cotton","Special Collaborations > Uniqlo U > Cotton","3","WOMEN","true","unknown","https://www.uniqlo.com/kr/ko/men_navigation","official_navigation_preloaded_taxonomies","2026-08-03T02:01:21.580Z","{""group"":""subcategories"",""key"":""cotton"",""parent_count"":3}","2dad9b2eaa9e0b3966064c40708d8fff9be454662a8eba631cdaf427266f1f53"
"uniqlo","139445","107545","Airism","Special Collaborations > Uniqlo U > Airism","Special Collaborations > Uniqlo U > Airism","3","WOMEN","true","unknown","https://www.uniqlo.com/kr/ko/men_navigation","official_navigation_preloaded_taxonomies","2026-08-03T02:01:21.580Z","{""group"":""subcategories"",""key"":""airism"",""parent_count"":3}","2dad9b2eaa9e0b3966064c40708d8fff9be454662a8eba631cdaf427266f1f53"
"uniqlo","141036","107545","Coming Soon","Special Collaborations > Uniqlo U > Coming Soon","Special Collaborations > Uniqlo U > Coming Soon","3","WOMEN","true","unknown","https://www.uniqlo.com/kr/ko/men_navigation","official_navigation_preloaded_taxonomies","2026-08-03T02:01:21.580Z","{""group"":""subcategories"",""key"":""coming-soon"",""parent_count"":3}","2dad9b2eaa9e0b3966064c40708d8fff9be454662a8eba631cdaf427266f1f53"
"uniqlo","126801","107545","Unisex","Special Collaborations > Uniqlo U > Unisex","Special Collaborations > Uniqlo U > Unisex","3","WOMEN","true","unknown","https://www.uniqlo.com/kr/ko/men_navigation","official_navigation_preloaded_taxonomies","2026-08-03T02:01:21.580Z","{""group"":""subcategories"",""key"":""unisex"",""parent_count"":3}","2dad9b2eaa9e0b3966064c40708d8fff9be454662a8eba631cdaf427266f1f53"
"uniqlo","139452","107545","Others","Special Collaborations > Uniqlo U > Others","Special Collaborations > Uniqlo U > Others","3","WOMEN","true","unknown","https://www.uniqlo.com/kr/ko/men_navigation","official_navigation_preloaded_taxonomies","2026-08-03T02:01:21.580Z","{""group"":""subcategories"",""key"":""others"",""parent_count"":3}","2dad9b2eaa9e0b3966064c40708d8fff9be454662a8eba631cdaf427266f1f53"
"uniqlo","149794","107549","Pre launch","Special Collaborations > UNIQLO and JW ANDERSON > Pre launch","Special Collaborations > UNIQLO and JW ANDERSON > Pre launch","3","WOMEN","true","unknown","https://www.uniqlo.com/kr/ko/men_navigation","official_navigation_preloaded_taxonomies","2026-08-03T02:01:21.580Z","{""group"":""subcategories"",""key"":""pre-launch"",""parent_count"":3}","2dad9b2eaa9e0b3966064c40708d8fff9be454662a8eba631cdaf427266f1f53"
"uniqlo","107594","107549","Outerwear","Special Collaborations > UNIQLO and JW ANDERSON > Outerwear","Special Collaborations > UNIQLO and JW ANDERSON > Outerwear","3","WOMEN","true","unknown","https://www.uniqlo.com/kr/ko/men_navigation","official_navigation_preloaded_taxonomies","2026-08-03T02:01:21.580Z","{""group"":""subcategories"",""key"":""outerwear"",""parent_count"":3}","2dad9b2eaa9e0b3966064c40708d8fff9be454662a8eba631cdaf427266f1f53"
"uniqlo","107595","107549","Bottoms","Special Collaborations > UNIQLO and JW ANDERSON > Bottoms","Special Collaborations > UNIQLO and JW ANDERSON > Bottoms","3","WOMEN","true","unknown","https://www.uniqlo.com/kr/ko/men_navigation","official_navigation_preloaded_taxonomies","2026-08-03T02:01:21.580Z","{""group"":""subcategories"",""key"":""bottoms"",""parent_count"":3}","2dad9b2eaa9e0b3966064c40708d8fff9be454662a8eba631cdaf427266f1f53"
"uniqlo","107597","107549","Cut & Sewn","Special Collaborations > UNIQLO and JW ANDERSON > Cut & Sewn","Special Collaborations > UNIQLO and JW ANDERSON > Cut & Sewn","3","WOMEN","true","unknown","https://www.uniqlo.com/kr/ko/men_navigation","official_navigation_preloaded_taxonomies","2026-08-03T02:01:21.580Z","{""group"":""subcategories"",""key"":""t-shirts"",""parent_count"":3}","2dad9b2eaa9e0b3966064c40708d8fff9be454662a8eba631cdaf427266f1f53"
"uniqlo","107598","107549","Shirts","Special Collaborations > UNIQLO and JW ANDERSON > Shirts","Special Collaborations > UNIQLO and JW ANDERSON > Shirts","3","WOMEN","true","unknown","https://www.uniqlo.com/kr/ko/men_navigation","official_navigation_preloaded_taxonomies","2026-08-03T02:01:21.580Z","{""group"":""subcategories"",""key"":""shirts"",""parent_count"":3}","2dad9b2eaa9e0b3966064c40708d8fff9be454662a8eba631cdaf427266f1f53"
"uniqlo","149790","107549","Knitwear","Special Collaborations > UNIQLO and JW ANDERSON > Knitwear","Special Collaborations > UNIQLO and JW ANDERSON > Knitwear","3","WOMEN","true","unknown","https://www.uniqlo.com/kr/ko/men_navigation","official_navigation_preloaded_taxonomies","2026-08-03T02:01:21.580Z","{""group"":""subcategories"",""key"":""knitwear"",""parent_count"":3}","2dad9b2eaa9e0b3966064c40708d8fff9be454662a8eba631cdaf427266f1f53"
"uniqlo","126802","107549","Sweaters","Special Collaborations > UNIQLO and JW ANDERSON > Sweaters","Special Collaborations > UNIQLO and JW ANDERSON > Sweaters","3","WOMEN","true","unknown","https://www.uniqlo.com/kr/ko/men_navigation","official_navigation_preloaded_taxonomies","2026-08-03T02:01:21.580Z","{""group"":""subcategories"",""key"":""sweaters"",""parent_count"":3}","2dad9b2eaa9e0b3966064c40708d8fff9be454662a8eba631cdaf427266f1f53"
"uniqlo","149795","107549","Cardigans","Special Collaborations > UNIQLO and JW ANDERSON > Cardigans","Special Collaborations > UNIQLO and JW ANDERSON > Cardigans","3","WOMEN","true","unknown","https://www.uniqlo.com/kr/ko/men_navigation","official_navigation_preloaded_taxonomies","2026-08-03T02:01:21.580Z","{""group"":""subcategories"",""key"":""cardigans"",""parent_count"":3}","2dad9b2eaa9e0b3966064c40708d8fff9be454662a8eba631cdaf427266f1f53"
"uniqlo","149788","107549","Skirt And Dresses","Special Collaborations > UNIQLO and JW ANDERSON > Skirt And Dresses","Special Collaborations > UNIQLO and JW ANDERSON > Skirt And Dresses","3","WOMEN","true","unknown","https://www.uniqlo.com/kr/ko/men_navigation","official_navigation_preloaded_taxonomies","2026-08-03T02:01:21.580Z","{""group"":""subcategories"",""key"":""skirt-and-dresses"",""parent_count"":3}","2dad9b2eaa9e0b3966064c40708d8fff9be454662a8eba631cdaf427266f1f53"
"uniqlo","107596","107549","Skirt","Special Collaborations > UNIQLO and JW ANDERSON > Skirt","Special Collaborations > UNIQLO and JW ANDERSON > Skirt","3","WOMEN","true","unknown","https://www.uniqlo.com/kr/ko/men_navigation","official_navigation_preloaded_taxonomies","2026-08-03T02:01:21.580Z","{""group"":""subcategories"",""key"":""skirt"",""parent_count"":3}","2dad9b2eaa9e0b3966064c40708d8fff9be454662a8eba631cdaf427266f1f53"
"uniqlo","107600","107549","Dresses","Special Collaborations > UNIQLO and JW ANDERSON > Dresses","Special Collaborations > UNIQLO and JW ANDERSON > Dresses","3","WOMEN","true","unknown","https://www.uniqlo.com/kr/ko/men_navigation","official_navigation_preloaded_taxonomies","2026-08-03T02:01:21.580Z","{""group"":""subcategories"",""key"":""dresses"",""parent_count"":3}","2dad9b2eaa9e0b3966064c40708d8fff9be454662a8eba631cdaf427266f1f53"
"uniqlo","127261","107549","Socks","Special Collaborations > UNIQLO and JW ANDERSON > Socks","Special Collaborations > UNIQLO and JW ANDERSON > Socks","3","WOMEN","true","unknown","https://www.uniqlo.com/kr/ko/men_navigation","official_navigation_preloaded_taxonomies","2026-08-03T02:01:21.580Z","{""group"":""subcategories"",""key"":""socks"",""parent_count"":3}","2dad9b2eaa9e0b3966064c40708d8fff9be454662a8eba631cdaf427266f1f53"
"uniqlo","107601","107549","Accessories","Special Collaborations > UNIQLO and JW ANDERSON > Accessories","Special Collaborations > UNIQLO and JW ANDERSON > Accessories","3","WOMEN","true","unknown","https://www.uniqlo.com/kr/ko/men_navigation","official_navigation_preloaded_taxonomies","2026-08-03T02:01:21.580Z","{""group"":""subcategories"",""key"":""accessories"",""parent_count"":3}","2dad9b2eaa9e0b3966064c40708d8fff9be454662a8eba631cdaf427266f1f53"
"uniqlo","134548","107549","Bags","Special Collaborations > UNIQLO and JW ANDERSON > Bags","Special Collaborations > UNIQLO and JW ANDERSON > Bags","3","WOMEN","true","unknown","https://www.uniqlo.com/kr/ko/men_navigation","official_navigation_preloaded_taxonomies","2026-08-03T02:01:21.580Z","{""group"":""subcategories"",""key"":""bags"",""parent_count"":3}","2dad9b2eaa9e0b3966064c40708d8fff9be454662a8eba631cdaf427266f1f53"
"uniqlo","134549","107549","Regular Fit","Special Collaborations > UNIQLO and JW ANDERSON > Regular Fit","Special Collaborations > UNIQLO and JW ANDERSON > Regular Fit","3","WOMEN","true","unknown","https://www.uniqlo.com/kr/ko/men_navigation","official_navigation_preloaded_taxonomies","2026-08-03T02:01:21.580Z","{""group"":""subcategories"",""key"":""regular-fit"",""parent_count"":3}","2dad9b2eaa9e0b3966064c40708d8fff9be454662a8eba631cdaf427266f1f53"
"uniqlo","134550","107549","Barrel Leg","Special Collaborations > UNIQLO and JW ANDERSON > Barrel Leg","Special Collaborations > UNIQLO and JW ANDERSON > Barrel Leg","3","WOMEN","true","unknown","https://www.uniqlo.com/kr/ko/men_navigation","official_navigation_preloaded_taxonomies","2026-08-03T02:01:21.580Z","{""group"":""subcategories"",""key"":""barrel-leg"",""parent_count"":3}","2dad9b2eaa9e0b3966064c40708d8fff9be454662a8eba631cdaf427266f1f53"
"uniqlo","134551","107549","Wide Fit","Special Collaborations > UNIQLO and JW ANDERSON > Wide Fit","Special Collaborations > UNIQLO and JW ANDERSON > Wide Fit","3","WOMEN","true","unknown","https://www.uniqlo.com/kr/ko/men_navigation","official_navigation_preloaded_taxonomies","2026-08-03T02:01:21.580Z","{""group"":""subcategories"",""key"":""wide-fit"",""parent_count"":3}","2dad9b2eaa9e0b3966064c40708d8fff9be454662a8eba631cdaf427266f1f53"
"uniqlo","134552","107549","Mini","Special Collaborations > UNIQLO and JW ANDERSON > Mini","Special Collaborations > UNIQLO and JW ANDERSON > Mini","3","WOMEN","true","unknown","https://www.uniqlo.com/kr/ko/men_navigation","official_navigation_preloaded_taxonomies","2026-08-03T02:01:21.580Z","{""group"":""subcategories"",""key"":""mini"",""parent_count"":3}","2dad9b2eaa9e0b3966064c40708d8fff9be454662a8eba631cdaf427266f1f53"
"uniqlo","134553","107549","Regular Length","Special Collaborations > UNIQLO and JW ANDERSON > Regular Length","Special Collaborations > UNIQLO and JW ANDERSON > Regular Length","3","WOMEN","true","unknown","https://www.uniqlo.com/kr/ko/men_navigation","official_navigation_preloaded_taxonomies","2026-08-03T02:01:21.580Z","{""group"":""subcategories"",""key"":""regular-length"",""parent_count"":3}","2dad9b2eaa9e0b3966064c40708d8fff9be454662a8eba631cdaf427266f1f53"
"uniqlo","134554","107549","Short Length","Special Collaborations > UNIQLO and JW ANDERSON > Short Length","Special Collaborations > UNIQLO and JW ANDERSON > Short Length","3","WOMEN","true","unknown","https://www.uniqlo.com/kr/ko/men_navigation","official_navigation_preloaded_taxonomies","2026-08-03T02:01:21.580Z","{""group"":""subcategories"",""key"":""short-length"",""parent_count"":3}","2dad9b2eaa9e0b3966064c40708d8fff9be454662a8eba631cdaf427266f1f53"
"uniqlo","134555","107549","Long Length","Special Collaborations > UNIQLO and JW ANDERSON > Long Length","Special Collaborations > UNIQLO and JW ANDERSON > Long Length","3","WOMEN","true","unknown","https://www.uniqlo.com/kr/ko/men_navigation","official_navigation_preloaded_taxonomies","2026-08-03T02:01:21.580Z","{""group"":""subcategories"",""key"":""long-length"",""parent_count"":3}","2dad9b2eaa9e0b3966064c40708d8fff9be454662a8eba631cdaf427266f1f53"
"uniqlo","134556","107549","Long Sleeve","Special Collaborations > UNIQLO and JW ANDERSON > Long Sleeve","Special Collaborations > UNIQLO and JW ANDERSON > Long Sleeve","3","WOMEN","true","unknown","https://www.uniqlo.com/kr/ko/men_navigation","official_navigation_preloaded_taxonomies","2026-08-03T02:01:21.580Z","{""group"":""subcategories"",""key"":""long-sleeve"",""parent_count"":3}","2dad9b2eaa9e0b3966064c40708d8fff9be454662a8eba631cdaf427266f1f53"
"uniqlo","134557","107549","Short Half Sleeve","Special Collaborations > UNIQLO and JW ANDERSON > Short Half Sleeve","Special Collaborations > UNIQLO and JW ANDERSON > Short Half Sleeve","3","WOMEN","true","unknown","https://www.uniqlo.com/kr/ko/men_navigation","official_navigation_preloaded_taxonomies","2026-08-03T02:01:21.580Z","{""group"":""subcategories"",""key"":""short-half-sleeve"",""parent_count"":3}","2dad9b2eaa9e0b3966064c40708d8fff9be454662a8eba631cdaf427266f1f53"
"uniqlo","134558","107549","Regular Socks","Special Collaborations > UNIQLO and JW ANDERSON > Regular Socks","Special Collaborations > UNIQLO and JW ANDERSON > Regular Socks","3","WOMEN","true","unknown","https://www.uniqlo.com/kr/ko/men_navigation","official_navigation_preloaded_taxonomies","2026-08-03T02:01:21.580Z","{""group"":""subcategories"",""key"":""regular-socks"",""parent_count"":3}","2dad9b2eaa9e0b3966064c40708d8fff9be454662a8eba631cdaf427266f1f53"
"uniqlo","134559","107549","Half Socks","Special Collaborations > UNIQLO and JW ANDERSON > Half Socks","Special Collaborations > UNIQLO and JW ANDERSON > Half Socks","3","WOMEN","true","unknown","https://www.uniqlo.com/kr/ko/men_navigation","official_navigation_preloaded_taxonomies","2026-08-03T02:01:21.580Z","{""group"":""subcategories"",""key"":""half-socks"",""parent_count"":3}","2dad9b2eaa9e0b3966064c40708d8fff9be454662a8eba631cdaf427266f1f53"
"uniqlo","134560","107549","Denim","Special Collaborations > UNIQLO and JW ANDERSON > Denim","Special Collaborations > UNIQLO and JW ANDERSON > Denim","3","WOMEN","true","unknown","https://www.uniqlo.com/kr/ko/men_navigation","official_navigation_preloaded_taxonomies","2026-08-03T02:01:21.580Z","{""group"":""subcategories"",""key"":""denim"",""parent_count"":3}","2dad9b2eaa9e0b3966064c40708d8fff9be454662a8eba631cdaf427266f1f53"
"uniqlo","134561","107549","Crew Neck","Special Collaborations > UNIQLO and JW ANDERSON > Crew Neck","Special Collaborations > UNIQLO and JW ANDERSON > Crew Neck","3","WOMEN","true","unknown","https://www.uniqlo.com/kr/ko/men_navigation","official_navigation_preloaded_taxonomies","2026-08-03T02:01:21.580Z","{""group"":""subcategories"",""key"":""crew-neck"",""parent_count"":3}","2dad9b2eaa9e0b3966064c40708d8fff9be454662a8eba631cdaf427266f1f53"
"uniqlo","134562","107549","Polo","Special Collaborations > UNIQLO and JW ANDERSON > Polo","Special Collaborations > UNIQLO and JW ANDERSON > Polo","3","WOMEN","true","unknown","https://www.uniqlo.com/kr/ko/men_navigation","official_navigation_preloaded_taxonomies","2026-08-03T02:01:21.580Z","{""group"":""subcategories"",""key"":""polo"",""parent_count"":3}","2dad9b2eaa9e0b3966064c40708d8fff9be454662a8eba631cdaf427266f1f53"
"uniqlo","149787","107549","Genderless","Special Collaborations > UNIQLO and JW ANDERSON > Genderless","Special Collaborations > UNIQLO and JW ANDERSON > Genderless","3","WOMEN","true","unknown","https://www.uniqlo.com/kr/ko/men_navigation","official_navigation_preloaded_taxonomies","2026-08-03T02:01:21.580Z","{""group"":""subcategories"",""key"":""genderless"",""parent_count"":3}","2dad9b2eaa9e0b3966064c40708d8fff9be454662a8eba631cdaf427266f1f53"
"uniqlo","134563","107549","Others","Special Collaborations > UNIQLO and JW ANDERSON > Others","Special Collaborations > UNIQLO and JW ANDERSON > Others","3","WOMEN","true","unknown","https://www.uniqlo.com/kr/ko/men_navigation","official_navigation_preloaded_taxonomies","2026-08-03T02:01:21.580Z","{""group"":""subcategories"",""key"":""others"",""parent_count"":3}","2dad9b2eaa9e0b3966064c40708d8fff9be454662a8eba631cdaf427266f1f53"
"uniqlo","113240","113234","Jackets","Special Collaborations > UNIQLO and COMPTOIR DES COTONNIERS > Jackets","Special Collaborations > UNIQLO and COMPTOIR DES COTONNIERS > Jackets","3","WOMEN","true","unknown","https://www.uniqlo.com/kr/ko/men_navigation","official_navigation_preloaded_taxonomies","2026-08-03T02:01:21.580Z","{""group"":""subcategories"",""key"":""jackets"",""parent_count"":3}","2dad9b2eaa9e0b3966064c40708d8fff9be454662a8eba631cdaf427266f1f53"
"uniqlo","113237","113234","Shirts","Special Collaborations > UNIQLO and COMPTOIR DES COTONNIERS > Shirts","Special Collaborations > UNIQLO and COMPTOIR DES COTONNIERS > Shirts","3","WOMEN","true","unknown","https://www.uniqlo.com/kr/ko/men_navigation","official_navigation_preloaded_taxonomies","2026-08-03T02:01:21.580Z","{""group"":""subcategories"",""key"":""shirts"",""parent_count"":3}","2dad9b2eaa9e0b3966064c40708d8fff9be454662a8eba631cdaf427266f1f53"
"uniqlo","113238","113234","Knitwear","Special Collaborations > UNIQLO and COMPTOIR DES COTONNIERS > Knitwear","Special Collaborations > UNIQLO and COMPTOIR DES COTONNIERS > Knitwear","3","WOMEN","true","unknown","https://www.uniqlo.com/kr/ko/men_navigation","official_navigation_preloaded_taxonomies","2026-08-03T02:01:21.580Z","{""group"":""subcategories"",""key"":""knitwear"",""parent_count"":3}","2dad9b2eaa9e0b3966064c40708d8fff9be454662a8eba631cdaf427266f1f53"
"uniqlo","137653","113234","Sweaters","Special Collaborations > UNIQLO and COMPTOIR DES COTONNIERS > Sweaters","Special Collaborations > UNIQLO and COMPTOIR DES COTONNIERS > Sweaters","3","WOMEN","true","unknown","https://www.uniqlo.com/kr/ko/men_navigation","official_navigation_preloaded_taxonomies","2026-08-03T02:01:21.580Z","{""group"":""subcategories"",""key"":""sweaters"",""parent_count"":3}","2dad9b2eaa9e0b3966064c40708d8fff9be454662a8eba631cdaf427266f1f53"
"uniqlo","113236","113234","T-Shirts","Special Collaborations > UNIQLO and COMPTOIR DES COTONNIERS > T-Shirts","Special Collaborations > UNIQLO and COMPTOIR DES COTONNIERS > T-Shirts","3","WOMEN","true","unknown","https://www.uniqlo.com/kr/ko/men_navigation","official_navigation_preloaded_taxonomies","2026-08-03T02:01:21.580Z","{""group"":""subcategories"",""key"":""t-shirts"",""parent_count"":3}","2dad9b2eaa9e0b3966064c40708d8fff9be454662a8eba631cdaf427266f1f53"
"uniqlo","137691","113234","Polo","Special Collaborations > UNIQLO and COMPTOIR DES COTONNIERS > Polo","Special Collaborations > UNIQLO and COMPTOIR DES COTONNIERS > Polo","3","WOMEN","true","unknown","https://www.uniqlo.com/kr/ko/men_navigation","official_navigation_preloaded_taxonomies","2026-08-03T02:01:21.580Z","{""group"":""subcategories"",""key"":""polo"",""parent_count"":3}","2dad9b2eaa9e0b3966064c40708d8fff9be454662a8eba631cdaf427266f1f53"
"uniqlo","113239","113234","Bottoms","Special Collaborations > UNIQLO and COMPTOIR DES COTONNIERS > Bottoms","Special Collaborations > UNIQLO and COMPTOIR DES COTONNIERS > Bottoms","3","WOMEN","true","unknown","https://www.uniqlo.com/kr/ko/men_navigation","official_navigation_preloaded_taxonomies","2026-08-03T02:01:21.580Z","{""group"":""subcategories"",""key"":""bottoms"",""parent_count"":3}","2dad9b2eaa9e0b3966064c40708d8fff9be454662a8eba631cdaf427266f1f53"
"uniqlo","137654","113234","Skirt and Dresses","Special Collaborations > UNIQLO and COMPTOIR DES COTONNIERS > Skirt and Dresses","Special Collaborations > UNIQLO and COMPTOIR DES COTONNIERS > Skirt and Dresses","3","WOMEN","true","unknown","https://www.uniqlo.com/kr/ko/men_navigation","official_navigation_preloaded_taxonomies","2026-08-03T02:01:21.580Z","{""group"":""subcategories"",""key"":""skirt-and-dresses"",""parent_count"":3}","2dad9b2eaa9e0b3966064c40708d8fff9be454662a8eba631cdaf427266f1f53"
"uniqlo","137686","113234","Skirt","Special Collaborations > UNIQLO and COMPTOIR DES COTONNIERS > Skirt","Special Collaborations > UNIQLO and COMPTOIR DES COTONNIERS > Skirt","3","WOMEN","true","unknown","https://www.uniqlo.com/kr/ko/men_navigation","official_navigation_preloaded_taxonomies","2026-08-03T02:01:21.580Z","{""group"":""subcategories"",""key"":""skirt"",""parent_count"":3}","2dad9b2eaa9e0b3966064c40708d8fff9be454662a8eba631cdaf427266f1f53"
"uniqlo","113241","113234","Dresses","Special Collaborations > UNIQLO and COMPTOIR DES COTONNIERS > Dresses","Special Collaborations > UNIQLO and COMPTOIR DES COTONNIERS > Dresses","3","WOMEN","true","unknown","https://www.uniqlo.com/kr/ko/men_navigation","official_navigation_preloaded_taxonomies","2026-08-03T02:01:21.580Z","{""group"":""subcategories"",""key"":""dresses"",""parent_count"":3}","2dad9b2eaa9e0b3966064c40708d8fff9be454662a8eba631cdaf427266f1f53"
"uniqlo","137689","113234","Jumpsuits","Special Collaborations > UNIQLO and COMPTOIR DES COTONNIERS > Jumpsuits","Special Collaborations > UNIQLO and COMPTOIR DES COTONNIERS > Jumpsuits","3","WOMEN","true","unknown","https://www.uniqlo.com/kr/ko/men_navigation","official_navigation_preloaded_taxonomies","2026-08-03T02:01:21.580Z","{""group"":""subcategories"",""key"":""jumpsuit"",""parent_count"":3}","2dad9b2eaa9e0b3966064c40708d8fff9be454662a8eba631cdaf427266f1f53"
"uniqlo","137687","113234","Short Sleeve","Special Collaborations > UNIQLO and COMPTOIR DES COTONNIERS > Short Sleeve","Special Collaborations > UNIQLO and COMPTOIR DES COTONNIERS > Short Sleeve","3","WOMEN","true","unknown","https://www.uniqlo.com/kr/ko/men_navigation","official_navigation_preloaded_taxonomies","2026-08-03T02:01:21.580Z","{""group"":""subcategories"",""key"":""short-sleeve"",""parent_count"":3}","2dad9b2eaa9e0b3966064c40708d8fff9be454662a8eba631cdaf427266f1f53"
"uniqlo","137688","113234","Sleeveless","Special Collaborations > UNIQLO and COMPTOIR DES COTONNIERS > Sleeveless","Special Collaborations > UNIQLO and COMPTOIR DES COTONNIERS > Sleeveless","3","WOMEN","true","unknown","https://www.uniqlo.com/kr/ko/men_navigation","official_navigation_preloaded_taxonomies","2026-08-03T02:01:21.580Z","{""group"":""subcategories"",""key"":""sleeveless"",""parent_count"":3}","2dad9b2eaa9e0b3966064c40708d8fff9be454662a8eba631cdaf427266f1f53"
"uniqlo","137690","113234","Straight Fit","Special Collaborations > UNIQLO and COMPTOIR DES COTONNIERS > Straight Fit","Special Collaborations > UNIQLO and COMPTOIR DES COTONNIERS > Straight Fit","3","WOMEN","true","unknown","https://www.uniqlo.com/kr/ko/men_navigation","official_navigation_preloaded_taxonomies","2026-08-03T02:01:21.580Z","{""group"":""subcategories"",""key"":""straight-fit"",""parent_count"":3}","2dad9b2eaa9e0b3966064c40708d8fff9be454662a8eba631cdaf427266f1f53"
"uniqlo","137692","113234","Crew Neck","Special Collaborations > UNIQLO and COMPTOIR DES COTONNIERS > Crew Neck","Special Collaborations > UNIQLO and COMPTOIR DES COTONNIERS > Crew Neck","3","WOMEN","true","unknown","https://www.uniqlo.com/kr/ko/men_navigation","official_navigation_preloaded_taxonomies","2026-08-03T02:01:21.580Z","{""group"":""subcategories"",""key"":""crew-neck"",""parent_count"":3}","2dad9b2eaa9e0b3966064c40708d8fff9be454662a8eba631cdaf427266f1f53"
"uniqlo","137693","113234","V Neck","Special Collaborations > UNIQLO and COMPTOIR DES COTONNIERS > V Neck","Special Collaborations > UNIQLO and COMPTOIR DES COTONNIERS > V Neck","3","WOMEN","true","unknown","https://www.uniqlo.com/kr/ko/men_navigation","official_navigation_preloaded_taxonomies","2026-08-03T02:01:21.580Z","{""group"":""subcategories"",""key"":""v-neck"",""parent_count"":3}","2dad9b2eaa9e0b3966064c40708d8fff9be454662a8eba631cdaf427266f1f53"
"uniqlo","137694","113234","Others","Special Collaborations > UNIQLO and COMPTOIR DES COTONNIERS > Others","Special Collaborations > UNIQLO and COMPTOIR DES COTONNIERS > Others","3","WOMEN","true","unknown","https://www.uniqlo.com/kr/ko/men_navigation","official_navigation_preloaded_taxonomies","2026-08-03T02:01:21.580Z","{""group"":""subcategories"",""key"":""others"",""parent_count"":3}","2dad9b2eaa9e0b3966064c40708d8fff9be454662a8eba631cdaf427266f1f53"
"uniqlo","124435","124427","티셔츠","GU > 상의 > 티셔츠","GU > 상의 > 티셔츠","3","WOMEN","true","unknown","https://www.uniqlo.com/kr/ko/men_navigation","official_navigation_preloaded_taxonomies","2026-08-03T02:01:21.580Z","{""group"":""subcategories"",""key"":""t-shirts"",""parent_count"":3}","2dad9b2eaa9e0b3966064c40708d8fff9be454662a8eba631cdaf427266f1f53"
"uniqlo","124436","124427","스웨트","GU > 상의 > 스웨트","GU > 상의 > 스웨트","3","WOMEN","true","unknown","https://www.uniqlo.com/kr/ko/men_navigation","official_navigation_preloaded_taxonomies","2026-08-03T02:01:21.580Z","{""group"":""subcategories"",""key"":""sweat"",""parent_count"":3}","2dad9b2eaa9e0b3966064c40708d8fff9be454662a8eba631cdaf427266f1f53"
"uniqlo","124437","124427","셔츠","GU > 상의 > 셔츠","GU > 상의 > 셔츠","3","WOMEN","true","unknown","https://www.uniqlo.com/kr/ko/men_navigation","official_navigation_preloaded_taxonomies","2026-08-03T02:01:21.580Z","{""group"":""subcategories"",""key"":""shirts"",""parent_count"":3}","2dad9b2eaa9e0b3966064c40708d8fff9be454662a8eba631cdaf427266f1f53"
"uniqlo","124438","124427","니트 & 가디건","GU > 상의 > 니트 & 가디건","GU > 상의 > 니트 & 가디건","3","WOMEN","true","unknown","https://www.uniqlo.com/kr/ko/men_navigation","official_navigation_preloaded_taxonomies","2026-08-03T02:01:21.580Z","{""group"":""subcategories"",""key"":""knitwear"",""parent_count"":3}","2dad9b2eaa9e0b3966064c40708d8fff9be454662a8eba631cdaf427266f1f53"
"uniqlo","126804","124427","유니섹스","GU > 상의 > 유니섹스","GU > 상의 > 유니섹스","3","WOMEN","true","unknown","https://www.uniqlo.com/kr/ko/men_navigation","official_navigation_preloaded_taxonomies","2026-08-03T02:01:21.580Z","{""group"":""subcategories"",""key"":""unisex"",""parent_count"":3}","2dad9b2eaa9e0b3966064c40708d8fff9be454662a8eba631cdaf427266f1f53"
"uniqlo","124441","124429","진","GU > 팬츠 > 진","GU > 팬츠 > 진","3","WOMEN","true","unknown","https://www.uniqlo.com/kr/ko/men_navigation","official_navigation_preloaded_taxonomies","2026-08-03T02:01:21.580Z","{""group"":""subcategories"",""key"":""jeans"",""parent_count"":3}","2dad9b2eaa9e0b3966064c40708d8fff9be454662a8eba631cdaf427266f1f53"
"uniqlo","124442","124429","팬츠","GU > 팬츠 > 팬츠","GU > 팬츠 > 팬츠","3","WOMEN","true","unknown","https://www.uniqlo.com/kr/ko/men_navigation","official_navigation_preloaded_taxonomies","2026-08-03T02:01:21.580Z","{""group"":""subcategories"",""key"":""pants"",""parent_count"":3}","2dad9b2eaa9e0b3966064c40708d8fff9be454662a8eba631cdaf427266f1f53"
"uniqlo","126805","124429","유니섹스","GU > 팬츠 > 유니섹스","GU > 팬츠 > 유니섹스","3","WOMEN","true","unknown","https://www.uniqlo.com/kr/ko/men_navigation","official_navigation_preloaded_taxonomies","2026-08-03T02:01:21.580Z","{""group"":""subcategories"",""key"":""unisex"",""parent_count"":3}","2dad9b2eaa9e0b3966064c40708d8fff9be454662a8eba631cdaf427266f1f53"
"uniqlo","124439","124428","원피스","GU > 원피스 & 스커트 > 원피스","GU > 원피스 & 스커트 > 원피스","3","WOMEN","true","unknown","https://www.uniqlo.com/kr/ko/men_navigation","official_navigation_preloaded_taxonomies","2026-08-03T02:01:21.580Z","{""group"":""subcategories"",""key"":""dresses"",""parent_count"":3}","2dad9b2eaa9e0b3966064c40708d8fff9be454662a8eba631cdaf427266f1f53"
"uniqlo","124440","124428","스커트","GU > 원피스 & 스커트 > 스커트","GU > 원피스 & 스커트 > 스커트","3","WOMEN","true","unknown","https://www.uniqlo.com/kr/ko/men_navigation","official_navigation_preloaded_taxonomies","2026-08-03T02:01:21.580Z","{""group"":""subcategories"",""key"":""skirts"",""parent_count"":3}","2dad9b2eaa9e0b3966064c40708d8fff9be454662a8eba631cdaf427266f1f53"
"uniqlo","141120","141119","파자마","GU > 라운지웨어 & 홈웨어 > 파자마","GU > 라운지웨어 & 홈웨어 > 파자마","3","WOMEN","true","unknown","https://www.uniqlo.com/kr/ko/men_navigation","official_navigation_preloaded_taxonomies","2026-08-03T02:01:21.580Z","{""group"":""subcategories"",""key"":""loungewear"",""parent_count"":3}","2dad9b2eaa9e0b3966064c40708d8fff9be454662a8eba631cdaf427266f1f53"
"uniqlo","98353","58039","pick up","티셔츠 & 스웨트셔츠 & UT > 티셔츠 (반팔 & 긴팔) > pick up","티셔츠 & 스웨트셔츠 & UT > 티셔츠 (반팔 & 긴팔) > pick up","3","MEN","true","unknown","https://www.uniqlo.com/kr/ko/men_navigation","official_navigation_preloaded_taxonomies","2026-08-03T02:01:21.580Z","{""group"":""subcategories"",""key"":""heattech"",""parent_count"":3}","2dad9b2eaa9e0b3966064c40708d8fff9be454662a8eba631cdaf427266f1f53"
"uniqlo","58395","58039","반팔","티셔츠 & 스웨트셔츠 & UT > 티셔츠 (반팔 & 긴팔) > 반팔","티셔츠 & 스웨트셔츠 & UT > 티셔츠 (반팔 & 긴팔) > 반팔","3","MEN","true","unknown","https://www.uniqlo.com/kr/ko/men_navigation","official_navigation_preloaded_taxonomies","2026-08-03T02:01:21.580Z","{""group"":""subcategories"",""key"":""short-sleeve"",""parent_count"":3}","2dad9b2eaa9e0b3966064c40708d8fff9be454662a8eba631cdaf427266f1f53"
"uniqlo","81226","58039","코튼","티셔츠 & 스웨트셔츠 & UT > 티셔츠 (반팔 & 긴팔) > 코튼","티셔츠 & 스웨트셔츠 & UT > 티셔츠 (반팔 & 긴팔) > 코튼","3","MEN","true","unknown","https://www.uniqlo.com/kr/ko/men_navigation","official_navigation_preloaded_taxonomies","2026-08-03T02:01:21.580Z","{""group"":""subcategories"",""key"":""cotton"",""parent_count"":3}","2dad9b2eaa9e0b3966064c40708d8fff9be454662a8eba631cdaf427266f1f53"
"uniqlo","58397","58039","슬리브리스","티셔츠 & 스웨트셔츠 & UT > 티셔츠 (반팔 & 긴팔) > 슬리브리스","티셔츠 & 스웨트셔츠 & UT > 티셔츠 (반팔 & 긴팔) > 슬리브리스","3","MEN","true","unknown","https://www.uniqlo.com/kr/ko/men_navigation","official_navigation_preloaded_taxonomies","2026-08-03T02:01:21.580Z","{""group"":""subcategories"",""key"":""tank-top"",""parent_count"":3}","2dad9b2eaa9e0b3966064c40708d8fff9be454662a8eba631cdaf427266f1f53"
"uniqlo","58394","58039","긴팔","티셔츠 & 스웨트셔츠 & UT > 티셔츠 (반팔 & 긴팔) > 긴팔","티셔츠 & 스웨트셔츠 & UT > 티셔츠 (반팔 & 긴팔) > 긴팔","3","MEN","true","unknown","https://www.uniqlo.com/kr/ko/men_navigation","official_navigation_preloaded_taxonomies","2026-08-03T02:01:21.580Z","{""group"":""subcategories"",""key"":""long-sleeve"",""parent_count"":3}","2dad9b2eaa9e0b3966064c40708d8fff9be454662a8eba631cdaf427266f1f53"
"uniqlo","98354","58039","DRY","티셔츠 & 스웨트셔츠 & UT > 티셔츠 (반팔 & 긴팔) > DRY","티셔츠 & 스웨트셔츠 & UT > 티셔츠 (반팔 & 긴팔) > DRY","3","MEN","true","unknown","https://www.uniqlo.com/kr/ko/men_navigation","official_navigation_preloaded_taxonomies","2026-08-03T02:01:21.580Z","{""group"":""subcategories"",""key"":""dry"",""parent_count"":3}","2dad9b2eaa9e0b3966064c40708d8fff9be454662a8eba631cdaf427266f1f53"
"uniqlo","58393","58039","DRY-EX","티셔츠 & 스웨트셔츠 & UT > 티셔츠 (반팔 & 긴팔) > DRY-EX","티셔츠 & 스웨트셔츠 & UT > 티셔츠 (반팔 & 긴팔) > DRY-EX","3","MEN","true","unknown","https://www.uniqlo.com/kr/ko/men_navigation","official_navigation_preloaded_taxonomies","2026-08-03T02:01:21.580Z","{""group"":""subcategories"",""key"":""dry-ex"",""parent_count"":3}","2dad9b2eaa9e0b3966064c40708d8fff9be454662a8eba631cdaf427266f1f53"
"uniqlo","58390","58039","에어리즘 코튼","티셔츠 & 스웨트셔츠 & UT > 티셔츠 (반팔 & 긴팔) > 에어리즘 코튼","티셔츠 & 스웨트셔츠 & UT > 티셔츠 (반팔 & 긴팔) > 에어리즘 코튼","3","MEN","true","unknown","https://www.uniqlo.com/kr/ko/men_navigation","official_navigation_preloaded_taxonomies","2026-08-03T02:01:21.580Z","{""group"":""subcategories"",""key"":""arism-cotton"",""parent_count"":3}","2dad9b2eaa9e0b3966064c40708d8fff9be454662a8eba631cdaf427266f1f53"
"uniqlo","58400","58039","그 외","티셔츠 & 스웨트셔츠 & UT > 티셔츠 (반팔 & 긴팔) > 그 외","티셔츠 & 스웨트셔츠 & UT > 티셔츠 (반팔 & 긴팔) > 그 외","3","MEN","true","unknown","https://www.uniqlo.com/kr/ko/men_navigation","official_navigation_preloaded_taxonomies","2026-08-03T02:01:21.580Z","{""group"":""subcategories"",""key"":""others"",""parent_count"":3}","2dad9b2eaa9e0b3966064c40708d8fff9be454662a8eba631cdaf427266f1f53"
"uniqlo","98355","58039","GU","티셔츠 & 스웨트셔츠 & UT > 티셔츠 (반팔 & 긴팔) > GU","티셔츠 & 스웨트셔츠 & UT > 티셔츠 (반팔 & 긴팔) > GU","3","MEN","true","unknown","https://www.uniqlo.com/kr/ko/men_navigation","official_navigation_preloaded_taxonomies","2026-08-03T02:01:21.580Z","{""group"":""subcategories"",""key"":""gu"",""parent_count"":3}","2dad9b2eaa9e0b3966064c40708d8fff9be454662a8eba631cdaf427266f1f53"
"uniqlo","98351","58039","(X)소프트 브러시드","티셔츠 & 스웨트셔츠 & UT > 티셔츠 (반팔 & 긴팔) > (X)소프트 브러시드","티셔츠 & 스웨트셔츠 & UT > 티셔츠 (반팔 & 긴팔) > (X)소프트 브러시드","3","MEN","true","unknown","https://www.uniqlo.com/kr/ko/men_navigation","official_navigation_preloaded_taxonomies","2026-08-03T02:01:21.580Z","{""group"":""subcategories"",""key"":""soft-brushed"",""parent_count"":3}","2dad9b2eaa9e0b3966064c40708d8fff9be454662a8eba631cdaf427266f1f53"
"uniqlo","125775","58039","(X)후리스","티셔츠 & 스웨트셔츠 & UT > 티셔츠 (반팔 & 긴팔) > (X)후리스","티셔츠 & 스웨트셔츠 & UT > 티셔츠 (반팔 & 긴팔) > (X)후리스","3","MEN","true","unknown","https://www.uniqlo.com/kr/ko/men_navigation","official_navigation_preloaded_taxonomies","2026-08-03T02:01:21.580Z","{""group"":""subcategories"",""key"":""fleece"",""parent_count"":3}","2dad9b2eaa9e0b3966064c40708d8fff9be454662a8eba631cdaf427266f1f53"
"uniqlo","58399","58039","(X)브이넥","티셔츠 & 스웨트셔츠 & UT > 티셔츠 (반팔 & 긴팔) > (X)브이넥","티셔츠 & 스웨트셔츠 & UT > 티셔츠 (반팔 & 긴팔) > (X)브이넥","3","MEN","true","unknown","https://www.uniqlo.com/kr/ko/men_navigation","official_navigation_preloaded_taxonomies","2026-08-03T02:01:21.580Z","{""group"":""subcategories"",""key"":""v-neck"",""parent_count"":3}","2dad9b2eaa9e0b3966064c40708d8fff9be454662a8eba631cdaf427266f1f53"
"uniqlo","98356","58039","(X)터틀넥","티셔츠 & 스웨트셔츠 & UT > 티셔츠 (반팔 & 긴팔) > (X)터틀넥","티셔츠 & 스웨트셔츠 & UT > 티셔츠 (반팔 & 긴팔) > (X)터틀넥","3","MEN","true","unknown","https://www.uniqlo.com/kr/ko/men_navigation","official_navigation_preloaded_taxonomies","2026-08-03T02:01:21.580Z","{""group"":""subcategories"",""key"":""turtle-and-high-neck"",""parent_count"":3}","2dad9b2eaa9e0b3966064c40708d8fff9be454662a8eba631cdaf427266f1f53"
"uniqlo","151480","58039","와플","티셔츠 & 스웨트셔츠 & UT > 티셔츠 (반팔 & 긴팔) > 와플","티셔츠 & 스웨트셔츠 & UT > 티셔츠 (반팔 & 긴팔) > 와플","3","MEN","true","unknown","https://www.uniqlo.com/kr/ko/men_navigation","official_navigation_preloaded_taxonomies","2026-08-03T02:01:21.580Z","{""group"":""subcategories"",""key"":""waffle"",""parent_count"":3}","2dad9b2eaa9e0b3966064c40708d8fff9be454662a8eba631cdaf427266f1f53"
"uniqlo","58441","58045","그 외","티셔츠 & 스웨트셔츠 & UT > 그래픽티셔츠 > 그 외","티셔츠 & 스웨트셔츠 & UT > 그래픽티셔츠 > 그 외","3","MEN","true","unknown","https://www.uniqlo.com/kr/ko/men_navigation","official_navigation_preloaded_taxonomies","2026-08-03T02:01:21.580Z","{""group"":""subcategories"",""key"":""others"",""parent_count"":3}","2dad9b2eaa9e0b3966064c40708d8fff9be454662a8eba631cdaf427266f1f53"
"uniqlo","112711","58045","Pokémon","티셔츠 & 스웨트셔츠 & UT > 그래픽티셔츠 > Pokémon","티셔츠 & 스웨트셔츠 & UT > 그래픽티셔츠 > Pokémon","3","MEN","true","unknown","https://www.uniqlo.com/kr/ko/men_navigation","official_navigation_preloaded_taxonomies","2026-08-03T02:01:21.580Z","{""group"":""subcategories"",""key"":""pokemon-25ss"",""parent_count"":3}","2dad9b2eaa9e0b3966064c40708d8fff9be454662a8eba631cdaf427266f1f53"
"uniqlo","126401","58045","PEANUTS","티셔츠 & 스웨트셔츠 & UT > 그래픽티셔츠 > PEANUTS","티셔츠 & 스웨트셔츠 & UT > 그래픽티셔츠 > PEANUTS","3","MEN","true","unknown","https://www.uniqlo.com/kr/ko/men_navigation","official_navigation_preloaded_taxonomies","2026-08-03T02:01:21.580Z","{""group"":""subcategories"",""key"":""peanuts-26ss"",""parent_count"":3}","2dad9b2eaa9e0b3966064c40708d8fff9be454662a8eba631cdaf427266f1f53"
"uniqlo","132869","58045","MAGIC FOR ALL ICONS","티셔츠 & 스웨트셔츠 & UT > 그래픽티셔츠 > MAGIC FOR ALL ICONS","티셔츠 & 스웨트셔츠 & UT > 그래픽티셔츠 > MAGIC FOR ALL ICONS","3","MEN","true","unknown","https://www.uniqlo.com/kr/ko/men_navigation","official_navigation_preloaded_taxonomies","2026-08-03T02:01:21.580Z","{""group"":""subcategories"",""key"":""magic-for-all-icons-26ss"",""parent_count"":3}","2dad9b2eaa9e0b3966064c40708d8fff9be454662a8eba631cdaf427266f1f53"
"uniqlo","135246","58045","Pokémon","티셔츠 & 스웨트셔츠 & UT > 그래픽티셔츠 > Pokémon","티셔츠 & 스웨트셔츠 & UT > 그래픽티셔츠 > Pokémon","3","MEN","true","unknown","https://www.uniqlo.com/kr/ko/men_navigation","official_navigation_preloaded_taxonomies","2026-08-03T02:01:21.580Z","{""group"":""subcategories"",""key"":""pokemon-26ss"",""parent_count"":3}","2dad9b2eaa9e0b3966064c40708d8fff9be454662a8eba631cdaf427266f1f53"
"uniqlo","127491","58045","NY POP ART","티셔츠 & 스웨트셔츠 & UT > 그래픽티셔츠 > NY POP ART","티셔츠 & 스웨트셔츠 & UT > 그래픽티셔츠 > NY POP ART","3","MEN","true","unknown","https://www.uniqlo.com/kr/ko/men_navigation","official_navigation_preloaded_taxonomies","2026-08-03T02:01:21.580Z","{""group"":""subcategories"",""key"":""ny-pop-art-26ss"",""parent_count"":3}","2dad9b2eaa9e0b3966064c40708d8fff9be454662a8eba631cdaf427266f1f53"
"uniqlo","120173","58045","STUDIO GHIBLI","티셔츠 & 스웨트셔츠 & UT > 그래픽티셔츠 > STUDIO GHIBLI","티셔츠 & 스웨트셔츠 & UT > 그래픽티셔츠 > STUDIO GHIBLI","3","MEN","true","unknown","https://www.uniqlo.com/kr/ko/men_navigation","official_navigation_preloaded_taxonomies","2026-08-03T02:01:21.580Z","{""group"":""subcategories"",""key"":""studio-ghibli-25ss"",""parent_count"":3}","2dad9b2eaa9e0b3966064c40708d8fff9be454662a8eba631cdaf427266f1f53"
"uniqlo","136804","58045","The Super Mario Galaxy Movie","티셔츠 & 스웨트셔츠 & UT > 그래픽티셔츠 > The Super Mario Galaxy Movie","티셔츠 & 스웨트셔츠 & UT > 그래픽티셔츠 > The Super Mario Galaxy Movie","3","MEN","true","unknown","https://www.uniqlo.com/kr/ko/men_navigation","official_navigation_preloaded_taxonomies","2026-08-03T02:01:21.580Z","{""group"":""subcategories"",""key"":""the-super-mario-galaxy-movie-26ss"",""parent_count"":3}","2dad9b2eaa9e0b3966064c40708d8fff9be454662a8eba631cdaf427266f1f53"
"uniqlo","141284","58045","BLUE LOCK","티셔츠 & 스웨트셔츠 & UT > 그래픽티셔츠 > BLUE LOCK","티셔츠 & 스웨트셔츠 & UT > 그래픽티셔츠 > BLUE LOCK","3","MEN","true","unknown","https://www.uniqlo.com/kr/ko/men_navigation","official_navigation_preloaded_taxonomies","2026-08-03T02:01:21.580Z","{""group"":""subcategories"",""key"":""blue-lock-26ss"",""parent_count"":3}","2dad9b2eaa9e0b3966064c40708d8fff9be454662a8eba631cdaf427266f1f53"
"uniqlo","136805","58045","Musical Icons","티셔츠 & 스웨트셔츠 & UT > 그래픽티셔츠 > Musical Icons","티셔츠 & 스웨트셔츠 & UT > 그래픽티셔츠 > Musical Icons","3","MEN","true","unknown","https://www.uniqlo.com/kr/ko/men_navigation","official_navigation_preloaded_taxonomies","2026-08-03T02:01:21.580Z","{""group"":""subcategories"",""key"":""musical-icons-26ss"",""parent_count"":3}","2dad9b2eaa9e0b3966064c40708d8fff9be454662a8eba631cdaf427266f1f53"
"uniqlo","143662","58045","PIXAR ANIMATION STUDIOS","티셔츠 & 스웨트셔츠 & UT > 그래픽티셔츠 > PIXAR ANIMATION STUDIOS","티셔츠 & 스웨트셔츠 & UT > 그래픽티셔츠 > PIXAR ANIMATION STUDIOS","3","MEN","true","unknown","https://www.uniqlo.com/kr/ko/men_navigation","official_navigation_preloaded_taxonomies","2026-08-03T02:01:21.580Z","{""group"":""subcategories"",""key"":""pixar-animation-studios-26ss"",""parent_count"":3}","2dad9b2eaa9e0b3966064c40708d8fff9be454662a8eba631cdaf427266f1f53"
"uniqlo","145016","58045","YOASOBI","티셔츠 & 스웨트셔츠 & UT > 그래픽티셔츠 > YOASOBI","티셔츠 & 스웨트셔츠 & UT > 그래픽티셔츠 > YOASOBI","3","MEN","true","unknown","https://www.uniqlo.com/kr/ko/men_navigation","official_navigation_preloaded_taxonomies","2026-08-03T02:01:21.580Z","{""group"":""subcategories"",""key"":""yoasobi-26ss"",""parent_count"":3}","2dad9b2eaa9e0b3966064c40708d8fff9be454662a8eba631cdaf427266f1f53"
"uniqlo","144221","58045","ONE PIECE","티셔츠 & 스웨트셔츠 & UT > 그래픽티셔츠 > ONE PIECE","티셔츠 & 스웨트셔츠 & UT > 그래픽티셔츠 > ONE PIECE","3","MEN","true","unknown","https://www.uniqlo.com/kr/ko/men_navigation","official_navigation_preloaded_taxonomies","2026-08-03T02:01:21.580Z","{""group"":""subcategories"",""key"":""one-piece-26ss"",""parent_count"":3}","2dad9b2eaa9e0b3966064c40708d8fff9be454662a8eba631cdaf427266f1f53"
"uniqlo","144588","58045","MARIO KART WORLD","티셔츠 & 스웨트셔츠 & UT > 그래픽티셔츠 > MARIO KART WORLD","티셔츠 & 스웨트셔츠 & UT > 그래픽티셔츠 > MARIO KART WORLD","3","MEN","true","unknown","https://www.uniqlo.com/kr/ko/men_navigation","official_navigation_preloaded_taxonomies","2026-08-03T02:01:21.580Z","{""group"":""subcategories"",""key"":""mario-kart-world-26ss"",""parent_count"":3}","2dad9b2eaa9e0b3966064c40708d8fff9be454662a8eba631cdaf427266f1f53"
"uniqlo","143924","58045","Andy Warhol Transformation","티셔츠 & 스웨트셔츠 & UT > 그래픽티셔츠 > Andy Warhol Transformation","티셔츠 & 스웨트셔츠 & UT > 그래픽티셔츠 > Andy Warhol Transformation","3","MEN","true","unknown","https://www.uniqlo.com/kr/ko/men_navigation","official_navigation_preloaded_taxonomies","2026-08-03T02:01:21.580Z","{""group"":""subcategories"",""key"":""andy-warhol-transformation-26ss"",""parent_count"":3}","2dad9b2eaa9e0b3966064c40708d8fff9be454662a8eba631cdaf427266f1f53"
"uniqlo","146107","58045","Jason Polan","티셔츠 & 스웨트셔츠 & UT > 그래픽티셔츠 > Jason Polan","티셔츠 & 스웨트셔츠 & UT > 그래픽티셔츠 > Jason Polan","3","MEN","true","unknown","https://www.uniqlo.com/kr/ko/men_navigation","official_navigation_preloaded_taxonomies","2026-08-03T02:01:21.580Z","{""group"":""subcategories"",""key"":""jason-polan-26ss"",""parent_count"":3}","2dad9b2eaa9e0b3966064c40708d8fff9be454662a8eba631cdaf427266f1f53"
"uniqlo","132571","58045","MoMA Poster Art Collection","티셔츠 & 스웨트셔츠 & UT > 그래픽티셔츠 > MoMA Poster Art Collection","티셔츠 & 스웨트셔츠 & UT > 그래픽티셔츠 > MoMA Poster Art Collection","3","MEN","true","unknown","https://www.uniqlo.com/kr/ko/men_navigation","official_navigation_preloaded_taxonomies","2026-08-03T02:01:21.580Z","{""group"":""subcategories"",""key"":""moma-poster-art-collection-26ss"",""parent_count"":3}","2dad9b2eaa9e0b3966064c40708d8fff9be454662a8eba631cdaf427266f1f53"
"uniqlo","133595","58045","The Louvre","티셔츠 & 스웨트셔츠 & UT > 그래픽티셔츠 > The Louvre","티셔츠 & 스웨트셔츠 & UT > 그래픽티셔츠 > The Louvre","3","MEN","true","unknown","https://www.uniqlo.com/kr/ko/men_navigation","official_navigation_preloaded_taxonomies","2026-08-03T02:01:21.580Z","{""group"":""subcategories"",""key"":""the-louvre-26ss"",""parent_count"":3}","2dad9b2eaa9e0b3966064c40708d8fff9be454662a8eba631cdaf427266f1f53"
"uniqlo","132572","58045","Elliott Erwitt","티셔츠 & 스웨트셔츠 & UT > 그래픽티셔츠 > Elliott Erwitt","티셔츠 & 스웨트셔츠 & UT > 그래픽티셔츠 > Elliott Erwitt","3","MEN","true","unknown","https://www.uniqlo.com/kr/ko/men_navigation","official_navigation_preloaded_taxonomies","2026-08-03T02:01:21.580Z","{""group"":""subcategories"",""key"":""elliott-erwitt-26ss"",""parent_count"":3}","2dad9b2eaa9e0b3966064c40708d8fff9be454662a8eba631cdaf427266f1f53"
"uniqlo","133594","58045","Curated by Tate: From the Collection","티셔츠 & 스웨트셔츠 & UT > 그래픽티셔츠 > Curated by Tate: From the Collection","티셔츠 & 스웨트셔츠 & UT > 그래픽티셔츠 > Curated by Tate: From the Collection","3","MEN","true","unknown","https://www.uniqlo.com/kr/ko/men_navigation","official_navigation_preloaded_taxonomies","2026-08-03T02:01:21.580Z","{""group"":""subcategories"",""key"":""curated-by-tate-from-the-collection-26ss"",""parent_count"":3}","2dad9b2eaa9e0b3966064c40708d8fff9be454662a8eba631cdaf427266f1f53"
"uniqlo","135706","58045","MAGIC FOR ALL TIMELESS","티셔츠 & 스웨트셔츠 & UT > 그래픽티셔츠 > MAGIC FOR ALL TIMELESS","티셔츠 & 스웨트셔츠 & UT > 그래픽티셔츠 > MAGIC FOR ALL TIMELESS","3","MEN","true","unknown","https://www.uniqlo.com/kr/ko/men_navigation","official_navigation_preloaded_taxonomies","2026-08-03T02:01:21.580Z","{""group"":""subcategories"",""key"":""magic-for-all-timeless-26ss"",""parent_count"":3}","2dad9b2eaa9e0b3966064c40708d8fff9be454662a8eba631cdaf427266f1f53"
"uniqlo","127027","58045","Yu Nagaba","티셔츠 & 스웨트셔츠 & UT > 그래픽티셔츠 > Yu Nagaba","티셔츠 & 스웨트셔츠 & UT > 그래픽티셔츠 > Yu Nagaba","3","MEN","true","unknown","https://www.uniqlo.com/kr/ko/men_navigation","official_navigation_preloaded_taxonomies","2026-08-03T02:01:21.580Z","{""group"":""subcategories"",""key"":""yu-nagaba-26ss"",""parent_count"":3}","2dad9b2eaa9e0b3966064c40708d8fff9be454662a8eba631cdaf427266f1f53"
"uniqlo","128579","58045","ZOOTOPIA","티셔츠 & 스웨트셔츠 & UT > 그래픽티셔츠 > ZOOTOPIA","티셔츠 & 스웨트셔츠 & UT > 그래픽티셔츠 > ZOOTOPIA","3","MEN","true","unknown","https://www.uniqlo.com/kr/ko/men_navigation","official_navigation_preloaded_taxonomies","2026-08-03T02:01:21.580Z","{""group"":""subcategories"",""key"":""zootopia-26ss"",""parent_count"":3}","2dad9b2eaa9e0b3966064c40708d8fff9be454662a8eba631cdaf427266f1f53"
"uniqlo","123587","58045","(X)Anime Chainsaw Man","티셔츠 & 스웨트셔츠 & UT > 그래픽티셔츠 > (X)Anime Chainsaw Man","티셔츠 & 스웨트셔츠 & UT > 그래픽티셔츠 > (X)Anime Chainsaw Man","3","MEN","true","unknown","https://www.uniqlo.com/kr/ko/men_navigation","official_navigation_preloaded_taxonomies","2026-08-03T02:01:21.580Z","{""group"":""subcategories"",""key"":""anime-chainsaw-man-25fw"",""parent_count"":3}","2dad9b2eaa9e0b3966064c40708d8fff9be454662a8eba631cdaf427266f1f53"
"uniqlo","104032","58045","(X)PEANUTS","티셔츠 & 스웨트셔츠 & UT > 그래픽티셔츠 > (X)PEANUTS","티셔츠 & 스웨트셔츠 & UT > 그래픽티셔츠 > (X)PEANUTS","3","MEN","true","unknown","https://www.uniqlo.com/kr/ko/men_navigation","official_navigation_preloaded_taxonomies","2026-08-03T02:01:21.580Z","{""group"":""subcategories"",""key"":""peanuts-25ss"",""parent_count"":3}","2dad9b2eaa9e0b3966064c40708d8fff9be454662a8eba631cdaf427266f1f53"
"uniqlo","116571","58045","MAGIC FOR ALL TIMELESS","티셔츠 & 스웨트셔츠 & UT > 그래픽티셔츠 > MAGIC FOR ALL TIMELESS","티셔츠 & 스웨트셔츠 & UT > 그래픽티셔츠 > MAGIC FOR ALL TIMELESS","3","MEN","true","unknown","https://www.uniqlo.com/kr/ko/men_navigation","official_navigation_preloaded_taxonomies","2026-08-03T02:01:21.580Z","{""group"":""subcategories"",""key"":""magic-for-all-timeless-25ss"",""parent_count"":3}","2dad9b2eaa9e0b3966064c40708d8fff9be454662a8eba631cdaf427266f1f53"
"uniqlo","120759","58045","Disney Art","티셔츠 & 스웨트셔츠 & UT > 그래픽티셔츠 > Disney Art","티셔츠 & 스웨트셔츠 & UT > 그래픽티셔츠 > Disney Art","3","MEN","true","unknown","https://www.uniqlo.com/kr/ko/men_navigation","official_navigation_preloaded_taxonomies","2026-08-03T02:01:21.580Z","{""group"":""subcategories"",""key"":""disney-art-25ss"",""parent_count"":3}","2dad9b2eaa9e0b3966064c40708d8fff9be454662a8eba631cdaf427266f1f53"
"uniqlo","123298","58045","Sesame Street","티셔츠 & 스웨트셔츠 & UT > 그래픽티셔츠 > Sesame Street","티셔츠 & 스웨트셔츠 & UT > 그래픽티셔츠 > Sesame Street","3","MEN","true","unknown","https://www.uniqlo.com/kr/ko/men_navigation","official_navigation_preloaded_taxonomies","2026-08-03T02:01:21.580Z","{""group"":""subcategories"",""key"":""sesame-street-25fw"",""parent_count"":3}","2dad9b2eaa9e0b3966064c40708d8fff9be454662a8eba631cdaf427266f1f53"
"uniqlo","123267","58045","WARNER BROS. MOVIES","티셔츠 & 스웨트셔츠 & UT > 그래픽티셔츠 > WARNER BROS. MOVIES","티셔츠 & 스웨트셔츠 & UT > 그래픽티셔츠 > WARNER BROS. MOVIES","3","MEN","true","unknown","https://www.uniqlo.com/kr/ko/men_navigation","official_navigation_preloaded_taxonomies","2026-08-03T02:01:21.580Z","{""group"":""subcategories"",""key"":""warner-bros-movies-25ss"",""parent_count"":3}","2dad9b2eaa9e0b3966064c40708d8fff9be454662a8eba631cdaf427266f1f53"
"uniqlo","120668","58045","The Brands","티셔츠 & 스웨트셔츠 & UT > 그래픽티셔츠 > The Brands","티셔츠 & 스웨트셔츠 & UT > 그래픽티셔츠 > The Brands","3","MEN","true","unknown","https://www.uniqlo.com/kr/ko/men_navigation","official_navigation_preloaded_taxonomies","2026-08-03T02:01:21.580Z","{""group"":""subcategories"",""key"":""the-brands-25ss"",""parent_count"":3}","2dad9b2eaa9e0b3966064c40708d8fff9be454662a8eba631cdaf427266f1f53"
"uniqlo","120494","58045","UTGP2025 x TATE MODERN","티셔츠 & 스웨트셔츠 & UT > 그래픽티셔츠 > UTGP2025 x TATE MODERN","티셔츠 & 스웨트셔츠 & UT > 그래픽티셔츠 > UTGP2025 x TATE MODERN","3","MEN","true","unknown","https://www.uniqlo.com/kr/ko/men_navigation","official_navigation_preloaded_taxonomies","2026-08-03T02:01:21.580Z","{""group"":""subcategories"",""key"":""utgp2025-x-tate-modern-25ss"",""parent_count"":3}","2dad9b2eaa9e0b3966064c40708d8fff9be454662a8eba631cdaf427266f1f53"
"uniqlo","104203","58045","NY POP ART","티셔츠 & 스웨트셔츠 & UT > 그래픽티셔츠 > NY POP ART","티셔츠 & 스웨트셔츠 & UT > 그래픽티셔츠 > NY POP ART","3","MEN","true","unknown","https://www.uniqlo.com/kr/ko/men_navigation","official_navigation_preloaded_taxonomies","2026-08-03T02:01:21.580Z","{""group"":""subcategories"",""key"":""ny-pop-art-25ss"",""parent_count"":3}","2dad9b2eaa9e0b3966064c40708d8fff9be454662a8eba631cdaf427266f1f53"
"uniqlo","118745","58045","ONE PIECE","티셔츠 & 스웨트셔츠 & UT > 그래픽티셔츠 > ONE PIECE","티셔츠 & 스웨트셔츠 & UT > 그래픽티셔츠 > ONE PIECE","3","MEN","true","unknown","https://www.uniqlo.com/kr/ko/men_navigation","official_navigation_preloaded_taxonomies","2026-08-03T02:01:21.580Z","{""group"":""subcategories"",""key"":""one-piece-25ss"",""parent_count"":3}","2dad9b2eaa9e0b3966064c40708d8fff9be454662a8eba631cdaf427266f1f53"
"uniqlo","122906","58045","Jean-Michel Basquiat","티셔츠 & 스웨트셔츠 & UT > 그래픽티셔츠 > Jean-Michel Basquiat","티셔츠 & 스웨트셔츠 & UT > 그래픽티셔츠 > Jean-Michel Basquiat","3","MEN","true","unknown","https://www.uniqlo.com/kr/ko/men_navigation","official_navigation_preloaded_taxonomies","2026-08-03T02:01:21.580Z","{""group"":""subcategories"",""key"":""jean-michel-basquiat-25fw"",""parent_count"":3}","2dad9b2eaa9e0b3966064c40708d8fff9be454662a8eba631cdaf427266f1f53"
"uniqlo","122483","58045","Keith Haring","티셔츠 & 스웨트셔츠 & UT > 그래픽티셔츠 > Keith Haring","티셔츠 & 스웨트셔츠 & UT > 그래픽티셔츠 > Keith Haring","3","MEN","true","unknown","https://www.uniqlo.com/kr/ko/men_navigation","official_navigation_preloaded_taxonomies","2026-08-03T02:01:21.580Z","{""group"":""subcategories"",""key"":""keith-haring-25fw"",""parent_count"":3}","2dad9b2eaa9e0b3966064c40708d8fff9be454662a8eba631cdaf427266f1f53"
"uniqlo","108046","58045","MoMA Art Icons","티셔츠 & 스웨트셔츠 & UT > 그래픽티셔츠 > MoMA Art Icons","티셔츠 & 스웨트셔츠 & UT > 그래픽티셔츠 > MoMA Art Icons","3","MEN","true","unknown","https://www.uniqlo.com/kr/ko/men_navigation","official_navigation_preloaded_taxonomies","2026-08-03T02:01:21.580Z","{""group"":""subcategories"",""key"":""moma-art-icons-25ss"",""parent_count"":3}","2dad9b2eaa9e0b3966064c40708d8fff9be454662a8eba631cdaf427266f1f53"
"uniqlo","107761","58045","MANGA curation","티셔츠 & 스웨트셔츠 & UT > 그래픽티셔츠 > MANGA curation","티셔츠 & 스웨트셔츠 & UT > 그래픽티셔츠 > MANGA curation","3","MEN","true","unknown","https://www.uniqlo.com/kr/ko/men_navigation","official_navigation_preloaded_taxonomies","2026-08-03T02:01:21.580Z","{""group"":""subcategories"",""key"":""manga-curation-25ss"",""parent_count"":3}","2dad9b2eaa9e0b3966064c40708d8fff9be454662a8eba631cdaf427266f1f53"
"uniqlo","115447","58045","UT ARCHIVE ONE PIECE","티셔츠 & 스웨트셔츠 & UT > 그래픽티셔츠 > UT ARCHIVE ONE PIECE","티셔츠 & 스웨트셔츠 & UT > 그래픽티셔츠 > UT ARCHIVE ONE PIECE","3","MEN","true","unknown","https://www.uniqlo.com/kr/ko/men_navigation","official_navigation_preloaded_taxonomies","2026-08-03T02:01:21.580Z","{""group"":""subcategories"",""key"":""ut-archive-one-piece-25ss"",""parent_count"":3}","2dad9b2eaa9e0b3966064c40708d8fff9be454662a8eba631cdaf427266f1f53"
"uniqlo","107319","58045","Disney’s Mickey Faces","티셔츠 & 스웨트셔츠 & UT > 그래픽티셔츠 > Disney’s Mickey Faces","티셔츠 & 스웨트셔츠 & UT > 그래픽티셔츠 > Disney’s Mickey Faces","3","MEN","true","unknown","https://www.uniqlo.com/kr/ko/men_navigation","official_navigation_preloaded_taxonomies","2026-08-03T02:01:21.580Z","{""group"":""subcategories"",""key"":""disneys-mickey-faces-25ss"",""parent_count"":3}","2dad9b2eaa9e0b3966064c40708d8fff9be454662a8eba631cdaf427266f1f53"
"uniqlo","118120","58045","TOY STORY","티셔츠 & 스웨트셔츠 & UT > 그래픽티셔츠 > TOY STORY","티셔츠 & 스웨트셔츠 & UT > 그래픽티셔츠 > TOY STORY","3","MEN","true","unknown","https://www.uniqlo.com/kr/ko/men_navigation","official_navigation_preloaded_taxonomies","2026-08-03T02:01:21.580Z","{""group"":""subcategories"",""key"":""toy-story-25ss"",""parent_count"":3}","2dad9b2eaa9e0b3966064c40708d8fff9be454662a8eba631cdaf427266f1f53"
"uniqlo","116219","58045","UT ARCHIVE Super Mario","티셔츠 & 스웨트셔츠 & UT > 그래픽티셔츠 > UT ARCHIVE Super Mario","티셔츠 & 스웨트셔츠 & UT > 그래픽티셔츠 > UT ARCHIVE Super Mario","3","MEN","true","unknown","https://www.uniqlo.com/kr/ko/men_navigation","official_navigation_preloaded_taxonomies","2026-08-03T02:01:21.580Z","{""group"":""subcategories"",""key"":""ut-archive-super-mario-25ss"",""parent_count"":3}","2dad9b2eaa9e0b3966064c40708d8fff9be454662a8eba631cdaf427266f1f53"
"uniqlo","113563","58045","Mobile Suit GUNDAM 45th Anniversary","티셔츠 & 스웨트셔츠 & UT > 그래픽티셔츠 > Mobile Suit GUNDAM 45th Anniversary","티셔츠 & 스웨트셔츠 & UT > 그래픽티셔츠 > Mobile Suit GUNDAM 45th Anniversary","3","MEN","true","unknown","https://www.uniqlo.com/kr/ko/men_navigation","official_navigation_preloaded_taxonomies","2026-08-03T02:01:21.580Z","{""group"":""subcategories"",""key"":""mobile-suit-gundam-45th-anniversary-25ss"",""parent_count"":3}","2dad9b2eaa9e0b3966064c40708d8fff9be454662a8eba631cdaf427266f1f53"
"uniqlo","115446","58045","Doraemon meets the Louvre","티셔츠 & 스웨트셔츠 & UT > 그래픽티셔츠 > Doraemon meets the Louvre","티셔츠 & 스웨트셔츠 & UT > 그래픽티셔츠 > Doraemon meets the Louvre","3","MEN","true","unknown","https://www.uniqlo.com/kr/ko/men_navigation","official_navigation_preloaded_taxonomies","2026-08-03T02:01:21.580Z","{""group"":""subcategories"",""key"":""doraemon-meets-the-louvre-25ss"",""parent_count"":3}","2dad9b2eaa9e0b3966064c40708d8fff9be454662a8eba631cdaf427266f1f53"
"uniqlo","104171","58045","Sesame Street","티셔츠 & 스웨트셔츠 & UT > 그래픽티셔츠 > Sesame Street","티셔츠 & 스웨트셔츠 & UT > 그래픽티셔츠 > Sesame Street","3","MEN","true","unknown","https://www.uniqlo.com/kr/ko/men_navigation","official_navigation_preloaded_taxonomies","2026-08-03T02:01:21.580Z","{""group"":""subcategories"",""key"":""sesame-street-24fw"",""parent_count"":3}","2dad9b2eaa9e0b3966064c40708d8fff9be454662a8eba631cdaf427266f1f53"
"uniqlo","109443","58045","Universal Movies","티셔츠 & 스웨트셔츠 & UT > 그래픽티셔츠 > Universal Movies","티셔츠 & 스웨트셔츠 & UT > 그래픽티셔츠 > Universal Movies","3","MEN","true","unknown","https://www.uniqlo.com/kr/ko/men_navigation","official_navigation_preloaded_taxonomies","2026-08-03T02:01:21.580Z","{""group"":""subcategories"",""key"":""universal-movies-25ss"",""parent_count"":3}","2dad9b2eaa9e0b3966064c40708d8fff9be454662a8eba631cdaf427266f1f53"
"uniqlo","112710","58045","Disney in Blue","티셔츠 & 스웨트셔츠 & UT > 그래픽티셔츠 > Disney in Blue","티셔츠 & 스웨트셔츠 & UT > 그래픽티셔츠 > Disney in Blue","3","MEN","true","unknown","https://www.uniqlo.com/kr/ko/men_navigation","official_navigation_preloaded_taxonomies","2026-08-03T02:01:21.580Z","{""group"":""subcategories"",""key"":""disney-in-blue-25ss"",""parent_count"":3}","2dad9b2eaa9e0b3966064c40708d8fff9be454662a8eba631cdaf427266f1f53"
"uniqlo","109440","58045","Pablo Picasso","티셔츠 & 스웨트셔츠 & UT > 그래픽티셔츠 > Pablo Picasso","티셔츠 & 스웨트셔츠 & UT > 그래픽티셔츠 > Pablo Picasso","3","MEN","true","unknown","https://www.uniqlo.com/kr/ko/men_navigation","official_navigation_preloaded_taxonomies","2026-08-03T02:01:21.580Z","{""group"":""subcategories"",""key"":""pablo-picasso-25ss"",""parent_count"":3}","2dad9b2eaa9e0b3966064c40708d8fff9be454662a8eba631cdaf427266f1f53"
"uniqlo","112210","58045","Henri Matisse","티셔츠 & 스웨트셔츠 & UT > 그래픽티셔츠 > Henri Matisse","티셔츠 & 스웨트셔츠 & UT > 그래픽티셔츠 > Henri Matisse","3","MEN","true","unknown","https://www.uniqlo.com/kr/ko/men_navigation","official_navigation_preloaded_taxonomies","2026-08-03T02:01:21.580Z","{""group"":""subcategories"",""key"":""henri-matisse-25ss"",""parent_count"":3}","2dad9b2eaa9e0b3966064c40708d8fff9be454662a8eba631cdaf427266f1f53"
"uniqlo","107762","58045","MAGNUM PHOTOS","티셔츠 & 스웨트셔츠 & UT > 그래픽티셔츠 > MAGNUM PHOTOS","티셔츠 & 스웨트셔츠 & UT > 그래픽티셔츠 > MAGNUM PHOTOS","3","MEN","true","unknown","https://www.uniqlo.com/kr/ko/men_navigation","official_navigation_preloaded_taxonomies","2026-08-03T02:01:21.580Z","{""group"":""subcategories"",""key"":""magnum-photos-25ss"",""parent_count"":3}","2dad9b2eaa9e0b3966064c40708d8fff9be454662a8eba631cdaf427266f1f53"
"uniqlo","105895","58045","Curated by Tate","티셔츠 & 스웨트셔츠 & UT > 그래픽티셔츠 > Curated by Tate","티셔츠 & 스웨트셔츠 & UT > 그래픽티셔츠 > Curated by Tate","3","MEN","true","unknown","https://www.uniqlo.com/kr/ko/men_navigation","official_navigation_preloaded_taxonomies","2026-08-03T02:01:21.580Z","{""group"":""subcategories"",""key"":""curated-by-tate-25ss"",""parent_count"":3}","2dad9b2eaa9e0b3966064c40708d8fff9be454662a8eba631cdaf427266f1f53"
"uniqlo","104033","58045","DRAGON BALL / DRAGON BALL DAIMA","티셔츠 & 스웨트셔츠 & UT > 그래픽티셔츠 > DRAGON BALL / DRAGON BALL DAIMA","티셔츠 & 스웨트셔츠 & UT > 그래픽티셔츠 > DRAGON BALL / DRAGON BALL DAIMA","3","MEN","true","unknown","https://www.uniqlo.com/kr/ko/men_navigation","official_navigation_preloaded_taxonomies","2026-08-03T02:01:21.580Z","{""group"":""subcategories"",""key"":""dragon-ball-dragon-ball-daima-25ss"",""parent_count"":3}","2dad9b2eaa9e0b3966064c40708d8fff9be454662a8eba631cdaf427266f1f53"
"uniqlo","107760","58045","Dan Da Dan","티셔츠 & 스웨트셔츠 & UT > 그래픽티셔츠 > Dan Da Dan","티셔츠 & 스웨트셔츠 & UT > 그래픽티셔츠 > Dan Da Dan","3","MEN","true","unknown","https://www.uniqlo.com/kr/ko/men_navigation","official_navigation_preloaded_taxonomies","2026-08-03T02:01:21.580Z","{""group"":""subcategories"",""key"":""dan-da-dan-25ss"",""parent_count"":3}","2dad9b2eaa9e0b3966064c40708d8fff9be454662a8eba631cdaf427266f1f53"
"uniqlo","105843","58045","Keith Haring X Coca-Cola®","티셔츠 & 스웨트셔츠 & UT > 그래픽티셔츠 > Keith Haring X Coca-Cola®","티셔츠 & 스웨트셔츠 & UT > 그래픽티셔츠 > Keith Haring X Coca-Cola®","3","MEN","true","unknown","https://www.uniqlo.com/kr/ko/men_navigation","official_navigation_preloaded_taxonomies","2026-08-03T02:01:21.580Z","{""group"":""subcategories"",""key"":""keith-haring-coca-cola-25ss"",""parent_count"":3}","2dad9b2eaa9e0b3966064c40708d8fff9be454662a8eba631cdaf427266f1f53"
"uniqlo","105623","58045","SpongeBob SquarePants■Cactus Plant Flea Market","티셔츠 & 스웨트셔츠 & UT > 그래픽티셔츠 > SpongeBob SquarePants■Cactus Plant Flea Market","티셔츠 & 스웨트셔츠 & UT > 그래픽티셔츠 > SpongeBob SquarePants■Cactus Plant Flea Market","3","MEN","true","unknown","https://www.uniqlo.com/kr/ko/men_navigation","official_navigation_preloaded_taxonomies","2026-08-03T02:01:21.580Z","{""group"":""subcategories"",""key"":""spongebob-squarepants-cactus-plant-flea-market-25ss"",""parent_count"":3}","2dad9b2eaa9e0b3966064c40708d8fff9be454662a8eba631cdaf427266f1f53"
"uniqlo","103564","58045","ARCANE LEAGUE OF LEGENDS","티셔츠 & 스웨트셔츠 & UT > 그래픽티셔츠 > ARCANE LEAGUE OF LEGENDS","티셔츠 & 스웨트셔츠 & UT > 그래픽티셔츠 > ARCANE LEAGUE OF LEGENDS","3","MEN","true","unknown","https://www.uniqlo.com/kr/ko/men_navigation","official_navigation_preloaded_taxonomies","2026-08-03T02:01:21.580Z","{""group"":""subcategories"",""key"":""arcane-league-of-legends-25ss"",""parent_count"":3}","2dad9b2eaa9e0b3966064c40708d8fff9be454662a8eba631cdaf427266f1f53"
"uniqlo","98491","58045","KENSHI YONEZU","티셔츠 & 스웨트셔츠 & UT > 그래픽티셔츠 > KENSHI YONEZU","티셔츠 & 스웨트셔츠 & UT > 그래픽티셔츠 > KENSHI YONEZU","3","MEN","true","unknown","https://www.uniqlo.com/kr/ko/men_navigation","official_navigation_preloaded_taxonomies","2026-08-03T02:01:21.580Z","{""group"":""subcategories"",""key"":""kenshi-yonezu-24fw"",""parent_count"":3}","2dad9b2eaa9e0b3966064c40708d8fff9be454662a8eba631cdaf427266f1f53"
"uniqlo","98490","58045","UT ARCHIVE Demon Slayer  / Jujutsu Kaisen","티셔츠 & 스웨트셔츠 & UT > 그래픽티셔츠 > UT ARCHIVE Demon Slayer  / Jujutsu Kaisen","티셔츠 & 스웨트셔츠 & UT > 그래픽티셔츠 > UT ARCHIVE Demon Slayer / Jujutsu Kaisen","3","MEN","true","unknown","https://www.uniqlo.com/kr/ko/men_navigation","official_navigation_preloaded_taxonomies","2026-08-03T02:01:21.580Z","{""group"":""subcategories"",""key"":""ut-archive-demon-slayer-jujutsu-kaisen-24fw"",""parent_count"":3}","2dad9b2eaa9e0b3966064c40708d8fff9be454662a8eba631cdaf427266f1f53"
"uniqlo","96645","58045","KAWS + Warhol","티셔츠 & 스웨트셔츠 & UT > 그래픽티셔츠 > KAWS + Warhol","티셔츠 & 스웨트셔츠 & UT > 그래픽티셔츠 > KAWS + Warhol","3","MEN","true","unknown","https://www.uniqlo.com/kr/ko/men_navigation","official_navigation_preloaded_taxonomies","2026-08-03T02:01:21.580Z","{""group"":""subcategories"",""key"":""kaws-warhol-24fw"",""parent_count"":3}","2dad9b2eaa9e0b3966064c40708d8fff9be454662a8eba631cdaf427266f1f53"
"uniqlo","83632","58045","UT ARCHIVE Andy Warhol / Keith Haring / Jean-Michel Basquiat","티셔츠 & 스웨트셔츠 & UT > 그래픽티셔츠 > UT ARCHIVE Andy Warhol / Keith Haring / Jean-Michel Basquiat","티셔츠 & 스웨트셔츠 & UT > 그래픽티셔츠 > UT ARCHIVE Andy Warhol / Keith Haring / Jean-Michel Basquiat","3","MEN","true","unknown","https://www.uniqlo.com/kr/ko/men_navigation","official_navigation_preloaded_taxonomies","2026-08-03T02:01:21.580Z","{""group"":""subcategories"",""key"":""ut-archive-andy-warhol-keith-haring-jean-michel-basquiat-24ss"",""parent_count"":3}","2dad9b2eaa9e0b3966064c40708d8fff9be454662a8eba631cdaf427266f1f53"
"uniqlo","65786","58045","UT ARCHIVE Andy Warhol / Keith Haring / Jean-Michel Basquiat","티셔츠 & 스웨트셔츠 & UT > 그래픽티셔츠 > UT ARCHIVE Andy Warhol / Keith Haring / Jean-Michel Basquiat","티셔츠 & 스웨트셔츠 & UT > 그래픽티셔츠 > UT ARCHIVE Andy Warhol / Keith Haring / Jean-Michel Basquiat","3","MEN","true","unknown","https://www.uniqlo.com/kr/ko/men_navigation","official_navigation_preloaded_taxonomies","2026-08-03T02:01:21.580Z","{""group"":""subcategories"",""key"":""ut-archive-andy-warhol-keith-haring-jean-michel-basquiat-24ss"",""parent_count"":3}","2dad9b2eaa9e0b3966064c40708d8fff9be454662a8eba631cdaf427266f1f53"
"uniqlo","96734","58045","PEANUTS","티셔츠 & 스웨트셔츠 & UT > 그래픽티셔츠 > PEANUTS","티셔츠 & 스웨트셔츠 & UT > 그래픽티셔츠 > PEANUTS","3","MEN","true","unknown","https://www.uniqlo.com/kr/ko/men_navigation","official_navigation_preloaded_taxonomies","2026-08-03T02:01:21.580Z","{""group"":""subcategories"",""key"":""peanuts-24fw"",""parent_count"":3}","2dad9b2eaa9e0b3966064c40708d8fff9be454662a8eba631cdaf427266f1f53"
"uniqlo","94168","58045","MAGIC FOR ALL with Yu Nagaba","티셔츠 & 스웨트셔츠 & UT > 그래픽티셔츠 > MAGIC FOR ALL with Yu Nagaba","티셔츠 & 스웨트셔츠 & UT > 그래픽티셔츠 > MAGIC FOR ALL with Yu Nagaba","3","MEN","true","unknown","https://www.uniqlo.com/kr/ko/men_navigation","official_navigation_preloaded_taxonomies","2026-08-03T02:01:21.580Z","{""group"":""subcategories"",""key"":""magic-for-all-with-yu-nagaba-24fw"",""parent_count"":3}","2dad9b2eaa9e0b3966064c40708d8fff9be454662a8eba631cdaf427266f1f53"
"uniqlo","86460","58045","Pokémon","티셔츠 & 스웨트셔츠 & UT > 그래픽티셔츠 > Pokémon","티셔츠 & 스웨트셔츠 & UT > 그래픽티셔츠 > Pokémon","3","MEN","true","unknown","https://www.uniqlo.com/kr/ko/men_navigation","official_navigation_preloaded_taxonomies","2026-08-03T02:01:21.580Z","{""group"":""subcategories"",""key"":""pokemon-24ss"",""parent_count"":3}","2dad9b2eaa9e0b3966064c40708d8fff9be454662a8eba631cdaf427266f1f53"
"uniqlo","81252","58045","(X)STUDIO GHIBLI","티셔츠 & 스웨트셔츠 & UT > 그래픽티셔츠 > (X)STUDIO GHIBLI","티셔츠 & 스웨트셔츠 & UT > 그래픽티셔츠 > (X)STUDIO GHIBLI","3","MEN","true","unknown","https://www.uniqlo.com/kr/ko/men_navigation","official_navigation_preloaded_taxonomies","2026-08-03T02:01:21.580Z","{""group"":""subcategories"",""key"":""studio-ghibli-23fw"",""parent_count"":3}","2dad9b2eaa9e0b3966064c40708d8fff9be454662a8eba631cdaf427266f1f53"
"uniqlo","99869","58045","Louvre x Camille Henrot","티셔츠 & 스웨트셔츠 & UT > 그래픽티셔츠 > Louvre x Camille Henrot","티셔츠 & 스웨트셔츠 & UT > 그래픽티셔츠 > Louvre x Camille Henrot","3","MEN","true","unknown","https://www.uniqlo.com/kr/ko/men_navigation","official_navigation_preloaded_taxonomies","2026-08-03T02:01:21.580Z","{""group"":""subcategories"",""key"":""louvre-x-camille-henrot-24fw"",""parent_count"":3}","2dad9b2eaa9e0b3966064c40708d8fff9be454662a8eba631cdaf427266f1f53"
"uniqlo","62677","58045","UT ARCHIVE Andy Warhol / Keith Haring / Jean-Michel Basquiat","티셔츠 & 스웨트셔츠 & UT > 그래픽티셔츠 > UT ARCHIVE Andy Warhol / Keith Haring / Jean-Michel Basquiat","티셔츠 & 스웨트셔츠 & UT > 그래픽티셔츠 > UT ARCHIVE Andy Warhol / Keith Haring / Jean-Michel Basquiat","3","MEN","true","unknown","https://www.uniqlo.com/kr/ko/men_navigation","official_navigation_preloaded_taxonomies","2026-08-03T02:01:21.580Z","{""group"":""subcategories"",""key"":""ut-archive-andy-keith-basquiat-23ss"",""parent_count"":3}","2dad9b2eaa9e0b3966064c40708d8fff9be454662a8eba631cdaf427266f1f53"
"uniqlo","62662","58045","Mickey Stands","티셔츠 & 스웨트셔츠 & UT > 그래픽티셔츠 > Mickey Stands","티셔츠 & 스웨트셔츠 & UT > 그래픽티셔츠 > Mickey Stands","3","MEN","true","unknown","https://www.uniqlo.com/kr/ko/men_navigation","official_navigation_preloaded_taxonomies","2026-08-03T02:01:21.580Z","{""group"":""subcategories"",""key"":""mickey-stands-24ss"",""parent_count"":3}","2dad9b2eaa9e0b3966064c40708d8fff9be454662a8eba631cdaf427266f1f53"
"uniqlo","86693","58045","TV animation ONE PIECE 25th","티셔츠 & 스웨트셔츠 & UT > 그래픽티셔츠 > TV animation ONE PIECE 25th","티셔츠 & 스웨트셔츠 & UT > 그래픽티셔츠 > TV animation ONE PIECE 25th","3","MEN","true","unknown","https://www.uniqlo.com/kr/ko/men_navigation","official_navigation_preloaded_taxonomies","2026-08-03T02:01:21.580Z","{""group"":""subcategories"",""key"":""tv-animation-one-piece-25th-24ss"",""parent_count"":3}","2dad9b2eaa9e0b3966064c40708d8fff9be454662a8eba631cdaf427266f1f53"
"uniqlo","78156","58045","PEANUTS You Can Be Anything!","티셔츠 & 스웨트셔츠 & UT > 그래픽티셔츠 > PEANUTS You Can Be Anything!","티셔츠 & 스웨트셔츠 & UT > 그래픽티셔츠 > PEANUTS You Can Be Anything!","3","MEN","true","unknown","https://www.uniqlo.com/kr/ko/men_navigation","official_navigation_preloaded_taxonomies","2026-08-03T02:01:21.580Z","{""group"":""subcategories"",""key"":""peanuts-you-can-be-anything-24ss-2nd"",""parent_count"":3}","2dad9b2eaa9e0b3966064c40708d8fff9be454662a8eba631cdaf427266f1f53"
"uniqlo","65785","58045","PEANUTS You Can Be Anything!","티셔츠 & 스웨트셔츠 & UT > 그래픽티셔츠 > PEANUTS You Can Be Anything!","티셔츠 & 스웨트셔츠 & UT > 그래픽티셔츠 > PEANUTS You Can Be Anything!","3","MEN","true","unknown","https://www.uniqlo.com/kr/ko/men_navigation","official_navigation_preloaded_taxonomies","2026-08-03T02:01:21.580Z","{""group"":""subcategories"",""key"":""peanuts-you-can-be-anything-24ss"",""parent_count"":3}","2dad9b2eaa9e0b3966064c40708d8fff9be454662a8eba631cdaf427266f1f53"
"uniqlo","81751","58045","【OSHI NO KO】","티셔츠 & 스웨트셔츠 & UT > 그래픽티셔츠 > 【OSHI NO KO】","티셔츠 & 스웨트셔츠 & UT > 그래픽티셔츠 > 【OSHI NO KO】","3","MEN","true","unknown","https://www.uniqlo.com/kr/ko/men_navigation","official_navigation_preloaded_taxonomies","2026-08-03T02:01:21.580Z","{""group"":""subcategories"",""key"":""oshi-no-ko-24ss"",""parent_count"":3}","2dad9b2eaa9e0b3966064c40708d8fff9be454662a8eba631cdaf427266f1f53"
"uniqlo","81752","58045","FINAL FANTASY","티셔츠 & 스웨트셔츠 & UT > 그래픽티셔츠 > FINAL FANTASY","티셔츠 & 스웨트셔츠 & UT > 그래픽티셔츠 > FINAL FANTASY","3","MEN","true","unknown","https://www.uniqlo.com/kr/ko/men_navigation","official_navigation_preloaded_taxonomies","2026-08-03T02:01:21.580Z","{""group"":""subcategories"",""key"":""final-fantasy-24ss"",""parent_count"":3}","2dad9b2eaa9e0b3966064c40708d8fff9be454662a8eba631cdaf427266f1f53"
"uniqlo","81257","58045","Kaiju No.8","티셔츠 & 스웨트셔츠 & UT > 그래픽티셔츠 > Kaiju No.8","티셔츠 & 스웨트셔츠 & UT > 그래픽티셔츠 > Kaiju No.8","3","MEN","true","unknown","https://www.uniqlo.com/kr/ko/men_navigation","official_navigation_preloaded_taxonomies","2026-08-03T02:01:21.580Z","{""group"":""subcategories"",""key"":""kaiju-no8-24ss"",""parent_count"":3}","2dad9b2eaa9e0b3966064c40708d8fff9be454662a8eba631cdaf427266f1f53"
"uniqlo","81374","58045","UTGP2024: The Louvre","티셔츠 & 스웨트셔츠 & UT > 그래픽티셔츠 > UTGP2024: The Louvre","티셔츠 & 스웨트셔츠 & UT > 그래픽티셔츠 > UTGP2024: The Louvre","3","MEN","true","unknown","https://www.uniqlo.com/kr/ko/men_navigation","official_navigation_preloaded_taxonomies","2026-08-03T02:01:21.580Z","{""group"":""subcategories"",""key"":""utgp2024-the-louvre-24ss"",""parent_count"":3}","2dad9b2eaa9e0b3966064c40708d8fff9be454662a8eba631cdaf427266f1f53"
"uniqlo","65780","58045","Disney Vintage Poster Collection","티셔츠 & 스웨트셔츠 & UT > 그래픽티셔츠 > Disney Vintage Poster Collection","티셔츠 & 스웨트셔츠 & UT > 그래픽티셔츠 > Disney Vintage Poster Collection","3","MEN","true","unknown","https://www.uniqlo.com/kr/ko/men_navigation","official_navigation_preloaded_taxonomies","2026-08-03T02:01:21.580Z","{""group"":""subcategories"",""key"":""disney-vintage-poster-collection-24ss"",""parent_count"":3}","2dad9b2eaa9e0b3966064c40708d8fff9be454662a8eba631cdaf427266f1f53"
"uniqlo","81221","58045","Star Wars: Remastered by Kosuke Kawamura","티셔츠 & 스웨트셔츠 & UT > 그래픽티셔츠 > Star Wars: Remastered by Kosuke Kawamura","티셔츠 & 스웨트셔츠 & UT > 그래픽티셔츠 > Star Wars: Remastered by Kosuke Kawamura","3","MEN","true","unknown","https://www.uniqlo.com/kr/ko/men_navigation","official_navigation_preloaded_taxonomies","2026-08-03T02:01:21.580Z","{""group"":""subcategories"",""key"":""star-wars-remastered-by-kosuke-kawamura-24ss"",""parent_count"":3}","2dad9b2eaa9e0b3966064c40708d8fff9be454662a8eba631cdaf427266f1f53"
"uniqlo","81222","58045","The Legend of Zelda: Tears of the Kingdom","티셔츠 & 스웨트셔츠 & UT > 그래픽티셔츠 > The Legend of Zelda: Tears of the Kingdom","티셔츠 & 스웨트셔츠 & UT > 그래픽티셔츠 > The Legend of Zelda: Tears of the Kingdom","3","MEN","true","unknown","https://www.uniqlo.com/kr/ko/men_navigation","official_navigation_preloaded_taxonomies","2026-08-03T02:01:21.580Z","{""group"":""subcategories"",""key"":""the-legend-of-zelda-tears-of-the-kingdom-24ss"",""parent_count"":3}","2dad9b2eaa9e0b3966064c40708d8fff9be454662a8eba631cdaf427266f1f53"
"uniqlo","71884","58045","CAPCOM 40th","티셔츠 & 스웨트셔츠 & UT > 그래픽티셔츠 > CAPCOM 40th","티셔츠 & 스웨트셔츠 & UT > 그래픽티셔츠 > CAPCOM 40th","3","MEN","true","unknown","https://www.uniqlo.com/kr/ko/men_navigation","official_navigation_preloaded_taxonomies","2026-08-03T02:01:21.580Z","{""group"":""subcategories"",""key"":""capcom-40th-24ss"",""parent_count"":3}","2dad9b2eaa9e0b3966064c40708d8fff9be454662a8eba631cdaf427266f1f53"
"uniqlo","71885","58045","Curated by Tate","티셔츠 & 스웨트셔츠 & UT > 그래픽티셔츠 > Curated by Tate","티셔츠 & 스웨트셔츠 & UT > 그래픽티셔츠 > Curated by Tate","3","MEN","true","unknown","https://www.uniqlo.com/kr/ko/men_navigation","official_navigation_preloaded_taxonomies","2026-08-03T02:01:21.580Z","{""group"":""subcategories"",""key"":""curated-by-tate-24ss"",""parent_count"":3}","2dad9b2eaa9e0b3966064c40708d8fff9be454662a8eba631cdaf427266f1f53"
"uniqlo","65791","58045","MoMA Art Icons","티셔츠 & 스웨트셔츠 & UT > 그래픽티셔츠 > MoMA Art Icons","티셔츠 & 스웨트셔츠 & UT > 그래픽티셔츠 > MoMA Art Icons","3","MEN","true","unknown","https://www.uniqlo.com/kr/ko/men_navigation","official_navigation_preloaded_taxonomies","2026-08-03T02:01:21.580Z","{""group"":""subcategories"",""key"":""moma-art-icons-24ss"",""parent_count"":3}","2dad9b2eaa9e0b3966064c40708d8fff9be454662a8eba631cdaf427266f1f53"
"uniqlo","65790","58045","Jean-Michel Basquiat King Pleasure","티셔츠 & 스웨트셔츠 & UT > 그래픽티셔츠 > Jean-Michel Basquiat King Pleasure","티셔츠 & 스웨트셔츠 & UT > 그래픽티셔츠 > Jean-Michel Basquiat King Pleasure","3","MEN","true","unknown","https://www.uniqlo.com/kr/ko/men_navigation","official_navigation_preloaded_taxonomies","2026-08-03T02:01:21.580Z","{""group"":""subcategories"",""key"":""jean-michel-basquiat-king-pleasure"",""parent_count"":3}","2dad9b2eaa9e0b3966064c40708d8fff9be454662a8eba631cdaf427266f1f53"
"uniqlo","65779","58045","Andy Warhol’s Collages","티셔츠 & 스웨트셔츠 & UT > 그래픽티셔츠 > Andy Warhol’s Collages","티셔츠 & 스웨트셔츠 & UT > 그래픽티셔츠 > Andy Warhol’s Collages","3","MEN","true","unknown","https://www.uniqlo.com/kr/ko/men_navigation","official_navigation_preloaded_taxonomies","2026-08-03T02:01:21.580Z","{""group"":""subcategories"",""key"":""andy-warhols-collages-24ss"",""parent_count"":3}","2dad9b2eaa9e0b3966064c40708d8fff9be454662a8eba631cdaf427266f1f53"
"uniqlo","62641","58045","Andy Warhol x Kosuke Kawamura","티셔츠 & 스웨트셔츠 & UT > 그래픽티셔츠 > Andy Warhol x Kosuke Kawamura","티셔츠 & 스웨트셔츠 & UT > 그래픽티셔츠 > Andy Warhol x Kosuke Kawamura","3","MEN","true","unknown","https://www.uniqlo.com/kr/ko/men_navigation","official_navigation_preloaded_taxonomies","2026-08-03T02:01:21.580Z","{""group"":""subcategories"",""key"":""andy-warhol-kosuke-kawamura"",""parent_count"":3}","2dad9b2eaa9e0b3966064c40708d8fff9be454662a8eba631cdaf427266f1f53"
"uniqlo","65783","58045","METAL GEAR Archive","티셔츠 & 스웨트셔츠 & UT > 그래픽티셔츠 > METAL GEAR Archive","티셔츠 & 스웨트셔츠 & UT > 그래픽티셔츠 > METAL GEAR Archive","3","MEN","true","unknown","https://www.uniqlo.com/kr/ko/men_navigation","official_navigation_preloaded_taxonomies","2026-08-03T02:01:21.580Z","{""group"":""subcategories"",""key"":""metal-gear-archive-24ss"",""parent_count"":3}","2dad9b2eaa9e0b3966064c40708d8fff9be454662a8eba631cdaf427266f1f53"
"uniqlo","65782","58045","HUNTER×HUNTER","티셔츠 & 스웨트셔츠 & UT > 그래픽티셔츠 > HUNTER×HUNTER","티셔츠 & 스웨트셔츠 & UT > 그래픽티셔츠 > HUNTER×HUNTER","3","MEN","true","unknown","https://www.uniqlo.com/kr/ko/men_navigation","official_navigation_preloaded_taxonomies","2026-08-03T02:01:21.580Z","{""group"":""subcategories"",""key"":""hunter-x-hunter-24ss"",""parent_count"":3}","2dad9b2eaa9e0b3966064c40708d8fff9be454662a8eba631cdaf427266f1f53"
"uniqlo","62646","58045","Disney Good Vibes","티셔츠 & 스웨트셔츠 & UT > 그래픽티셔츠 > Disney Good Vibes","티셔츠 & 스웨트셔츠 & UT > 그래픽티셔츠 > Disney Good Vibes","3","MEN","true","unknown","https://www.uniqlo.com/kr/ko/men_navigation","official_navigation_preloaded_taxonomies","2026-08-03T02:01:21.580Z","{""group"":""subcategories"",""key"":""disney-good-vibes-23ss"",""parent_count"":3}","2dad9b2eaa9e0b3966064c40708d8fff9be454662a8eba631cdaf427266f1f53"
"uniqlo","65781","58045","Fighting Game Legends","티셔츠 & 스웨트셔츠 & UT > 그래픽티셔츠 > Fighting Game Legends","티셔츠 & 스웨트셔츠 & UT > 그래픽티셔츠 > Fighting Game Legends","3","MEN","true","unknown","https://www.uniqlo.com/kr/ko/men_navigation","official_navigation_preloaded_taxonomies","2026-08-03T02:01:21.580Z","{""group"":""subcategories"",""key"":""fighting-game-legends-24ss"",""parent_count"":3}","2dad9b2eaa9e0b3966064c40708d8fff9be454662a8eba631cdaf427266f1f53"
"uniqlo","62651","58045","KAWS","티셔츠 & 스웨트셔츠 & UT > 그래픽티셔츠 > KAWS","티셔츠 & 스웨트셔츠 & UT > 그래픽티셔츠 > KAWS","3","MEN","true","unknown","https://www.uniqlo.com/kr/ko/men_navigation","official_navigation_preloaded_taxonomies","2026-08-03T02:01:21.580Z","{""group"":""subcategories"",""key"":""kaws-23fw"",""parent_count"":3}","2dad9b2eaa9e0b3966064c40708d8fff9be454662a8eba631cdaf427266f1f53"
"uniqlo","62652","58045","Keith Haring Subway Drawings","티셔츠 & 스웨트셔츠 & UT > 그래픽티셔츠 > Keith Haring Subway Drawings","티셔츠 & 스웨트셔츠 & UT > 그래픽티셔츠 > Keith Haring Subway Drawings","3","MEN","true","unknown","https://www.uniqlo.com/kr/ko/men_navigation","official_navigation_preloaded_taxonomies","2026-08-03T02:01:21.580Z","{""group"":""subcategories"",""key"":""keith-haring-subway-drawings-24ss"",""parent_count"":3}","2dad9b2eaa9e0b3966064c40708d8fff9be454662a8eba631cdaf427266f1f53"
"uniqlo","78155","58045","other","티셔츠 & 스웨트셔츠 & UT > 그래픽티셔츠 > other","티셔츠 & 스웨트셔츠 & UT > 그래픽티셔츠 > other","3","MEN","true","unknown","https://www.uniqlo.com/kr/ko/men_navigation","official_navigation_preloaded_taxonomies","2026-08-03T02:01:21.580Z","{""group"":""subcategories"",""key"":""introduction-of-detective-conan-case-closed-24ss"",""parent_count"":3}","2dad9b2eaa9e0b3966064c40708d8fff9be454662a8eba631cdaf427266f1f53"
"uniqlo","58951","58950","그래픽 티셔츠","티셔츠 & 스웨트셔츠 & UT > PEACE FOR ALL > 그래픽 티셔츠","티셔츠 & 스웨트셔츠 & UT > PEACE FOR ALL > 그래픽 티셔츠","3","MEN","true","unknown","https://www.uniqlo.com/kr/ko/men_navigation","official_navigation_preloaded_taxonomies","2026-08-03T02:01:21.580Z","{""group"":""subcategories"",""key"":""graphic-tees"",""parent_count"":3}","2dad9b2eaa9e0b3966064c40708d8fff9be454662a8eba631cdaf427266f1f53"
"uniqlo","58401","58040","스웨트셔츠","티셔츠 & 스웨트셔츠 & UT > 스웨트셔츠 & 후드집업 > 스웨트셔츠","티셔츠 & 스웨트셔츠 & UT > 스웨트셔츠 & 후드집업 > 스웨트셔츠","3","MEN","true","unknown","https://www.uniqlo.com/kr/ko/men_navigation","official_navigation_preloaded_taxonomies","2026-08-03T02:01:21.580Z","{""group"":""subcategories"",""key"":""sweatshirts"",""parent_count"":3}","2dad9b2eaa9e0b3966064c40708d8fff9be454662a8eba631cdaf427266f1f53"
"uniqlo","102253","58040","후드","티셔츠 & 스웨트셔츠 & UT > 스웨트셔츠 & 후드집업 > 후드","티셔츠 & 스웨트셔츠 & UT > 스웨트셔츠 & 후드집업 > 후드","3","MEN","true","unknown","https://www.uniqlo.com/kr/ko/men_navigation","official_navigation_preloaded_taxonomies","2026-08-03T02:01:21.580Z","{""group"":""subcategories"",""key"":""hoodies"",""parent_count"":3}","2dad9b2eaa9e0b3966064c40708d8fff9be454662a8eba631cdaf427266f1f53"
"uniqlo","58404","58040","팬츠","티셔츠 & 스웨트셔츠 & UT > 스웨트셔츠 & 후드집업 > 팬츠","티셔츠 & 스웨트셔츠 & UT > 스웨트셔츠 & 후드집업 > 팬츠","3","MEN","true","unknown","https://www.uniqlo.com/kr/ko/men_navigation","official_navigation_preloaded_taxonomies","2026-08-03T02:01:21.580Z","{""group"":""subcategories"",""key"":""sweat-pants"",""parent_count"":3}","2dad9b2eaa9e0b3966064c40708d8fff9be454662a8eba631cdaf427266f1f53"
"uniqlo","58406","58040","드라이스웨트","티셔츠 & 스웨트셔츠 & UT > 스웨트셔츠 & 후드집업 > 드라이스웨트","티셔츠 & 스웨트셔츠 & UT > 스웨트셔츠 & 후드집업 > 드라이스웨트","3","MEN","true","unknown","https://www.uniqlo.com/kr/ko/men_navigation","official_navigation_preloaded_taxonomies","2026-08-03T02:01:21.580Z","{""group"":""subcategories"",""key"":""dry-sweat"",""parent_count"":3}","2dad9b2eaa9e0b3966064c40708d8fff9be454662a8eba631cdaf427266f1f53"
"uniqlo","58405","58040","GU","티셔츠 & 스웨트셔츠 & UT > 스웨트셔츠 & 후드집업 > GU","티셔츠 & 스웨트셔츠 & UT > 스웨트셔츠 & 후드집업 > GU","3","MEN","true","unknown","https://www.uniqlo.com/kr/ko/men_navigation","official_navigation_preloaded_taxonomies","2026-08-03T02:01:21.580Z","{""group"":""subcategories"",""key"":""gu"",""parent_count"":3}","2dad9b2eaa9e0b3966064c40708d8fff9be454662a8eba631cdaf427266f1f53"
"uniqlo","58403","58040","유니섹스","티셔츠 & 스웨트셔츠 & UT > 스웨트셔츠 & 후드집업 > 유니섹스","티셔츠 & 스웨트셔츠 & UT > 스웨트셔츠 & 후드집업 > 유니섹스","3","MEN","true","unknown","https://www.uniqlo.com/kr/ko/men_navigation","official_navigation_preloaded_taxonomies","2026-08-03T02:01:21.580Z","{""group"":""subcategories"",""key"":""unisex"",""parent_count"":3}","2dad9b2eaa9e0b3966064c40708d8fff9be454662a8eba631cdaf427266f1f53"
"uniqlo","58408","58040","그 외","티셔츠 & 스웨트셔츠 & UT > 스웨트셔츠 & 후드집업 > 그 외","티셔츠 & 스웨트셔츠 & UT > 스웨트셔츠 & 후드집업 > 그 외","3","MEN","true","unknown","https://www.uniqlo.com/kr/ko/men_navigation","official_navigation_preloaded_taxonomies","2026-08-03T02:01:21.580Z","{""group"":""subcategories"",""key"":""others"",""parent_count"":3}","2dad9b2eaa9e0b3966064c40708d8fff9be454662a8eba631cdaf427266f1f53"
"uniqlo","58407","58040","(X)그래픽 스웨트","티셔츠 & 스웨트셔츠 & UT > 스웨트셔츠 & 후드집업 > (X)그래픽 스웨트","티셔츠 & 스웨트셔츠 & UT > 스웨트셔츠 & 후드집업 > (X)그래픽 스웨트","3","MEN","true","unknown","https://www.uniqlo.com/kr/ko/men_navigation","official_navigation_preloaded_taxonomies","2026-08-03T02:01:21.580Z","{""group"":""subcategories"",""key"":""graphic-sweatshirts-and-hoodie"",""parent_count"":3}","2dad9b2eaa9e0b3966064c40708d8fff9be454662a8eba631cdaf427266f1f53"
"uniqlo","58402","58040","(X)후드 집업","티셔츠 & 스웨트셔츠 & UT > 스웨트셔츠 & 후드집업 > (X)후드 집업","티셔츠 & 스웨트셔츠 & UT > 스웨트셔츠 & 후드집업 > (X)후드 집업","3","MEN","true","unknown","https://www.uniqlo.com/kr/ko/men_navigation","official_navigation_preloaded_taxonomies","2026-08-03T02:01:21.580Z","{""group"":""subcategories"",""key"":""fullzip"",""parent_count"":3}","2dad9b2eaa9e0b3966064c40708d8fff9be454662a8eba631cdaf427266f1f53"
"uniqlo","98357","58040","보아 스웨트","티셔츠 & 스웨트셔츠 & UT > 스웨트셔츠 & 후드집업 > 보아 스웨트","티셔츠 & 스웨트셔츠 & UT > 스웨트셔츠 & 후드집업 > 보아 스웨트","3","MEN","true","unknown","https://www.uniqlo.com/kr/ko/men_navigation","official_navigation_preloaded_taxonomies","2026-08-03T02:01:21.580Z","{""group"":""subcategories"",""key"":""pile-line"",""parent_count"":3}","2dad9b2eaa9e0b3966064c40708d8fff9be454662a8eba631cdaf427266f1f53"
"uniqlo","95427","95359","리넨","셔츠 > 캐주얼셔츠 > 리넨","셔츠 > 캐주얼셔츠 > 리넨","3","MEN","true","unknown","https://www.uniqlo.com/kr/ko/men_navigation","official_navigation_preloaded_taxonomies","2026-08-03T02:01:21.580Z","{""group"":""subcategories"",""key"":""linen"",""parent_count"":3}","2dad9b2eaa9e0b3966064c40708d8fff9be454662a8eba631cdaf427266f1f53"
"uniqlo","95422","95359","반팔","셔츠 > 캐주얼셔츠 > 반팔","셔츠 > 캐주얼셔츠 > 반팔","3","MEN","true","unknown","https://www.uniqlo.com/kr/ko/men_navigation","official_navigation_preloaded_taxonomies","2026-08-03T02:01:21.580Z","{""group"":""subcategories"",""key"":""short-sleeves"",""parent_count"":3}","2dad9b2eaa9e0b3966064c40708d8fff9be454662a8eba631cdaf427266f1f53"
"uniqlo","100084","95359","UNIQLO : C","셔츠 > 캐주얼셔츠 > UNIQLO : C","셔츠 > 캐주얼셔츠 > UNIQLO : C","3","MEN","true","unknown","https://www.uniqlo.com/kr/ko/men_navigation","official_navigation_preloaded_taxonomies","2026-08-03T02:01:21.580Z","{""group"":""subcategories"",""key"":""uniqlo-c"",""parent_count"":3}","2dad9b2eaa9e0b3966064c40708d8fff9be454662a8eba631cdaf427266f1f53"
"uniqlo","95426","95359","브로드 클로스(코튼100%)","셔츠 > 캐주얼셔츠 > 브로드 클로스(코튼100%)","셔츠 > 캐주얼셔츠 > 브로드 클로스(코튼100%)","3","MEN","true","unknown","https://www.uniqlo.com/kr/ko/men_navigation","official_navigation_preloaded_taxonomies","2026-08-03T02:01:21.580Z","{""group"":""subcategories"",""key"":""efc-broadcloth"",""parent_count"":3}","2dad9b2eaa9e0b3966064c40708d8fff9be454662a8eba631cdaf427266f1f53"
"uniqlo","95424","95359","옥스포드","셔츠 > 캐주얼셔츠 > 옥스포드","셔츠 > 캐주얼셔츠 > 옥스포드","3","MEN","true","unknown","https://www.uniqlo.com/kr/ko/men_navigation","official_navigation_preloaded_taxonomies","2026-08-03T02:01:21.580Z","{""group"":""subcategories"",""key"":""oxford"",""parent_count"":3}","2dad9b2eaa9e0b3966064c40708d8fff9be454662a8eba631cdaf427266f1f53"
"uniqlo","95425","95359","데님 & 샴브레이","셔츠 > 캐주얼셔츠 > 데님 & 샴브레이","셔츠 > 캐주얼셔츠 > 데님 & 샴브레이","3","MEN","true","unknown","https://www.uniqlo.com/kr/ko/men_navigation","official_navigation_preloaded_taxonomies","2026-08-03T02:01:21.580Z","{""group"":""subcategories"",""key"":""denim-work"",""parent_count"":3}","2dad9b2eaa9e0b3966064c40708d8fff9be454662a8eba631cdaf427266f1f53"
"uniqlo","102594","95359","UNIQLO and JW ANDERSON","셔츠 > 캐주얼셔츠 > UNIQLO and JW ANDERSON","셔츠 > 캐주얼셔츠 > UNIQLO and JW ANDERSON","3","MEN","true","unknown","https://www.uniqlo.com/kr/ko/men_navigation","official_navigation_preloaded_taxonomies","2026-08-03T02:01:21.580Z","{""group"":""subcategories"",""key"":""uniqlo-and-jw-anderson"",""parent_count"":3}","2dad9b2eaa9e0b3966064c40708d8fff9be454662a8eba631cdaf427266f1f53"
"uniqlo","101624","95359","Uniqlo U","셔츠 > 캐주얼셔츠 > Uniqlo U","셔츠 > 캐주얼셔츠 > Uniqlo U","3","MEN","true","unknown","https://www.uniqlo.com/kr/ko/men_navigation","official_navigation_preloaded_taxonomies","2026-08-03T02:01:21.580Z","{""group"":""subcategories"",""key"":""uniqlo-u"",""parent_count"":3}","2dad9b2eaa9e0b3966064c40708d8fff9be454662a8eba631cdaf427266f1f53"
"uniqlo","95430","95359","오픈 칼라","셔츠 > 캐주얼셔츠 > 오픈 칼라","셔츠 > 캐주얼셔츠 > 오픈 칼라","3","MEN","true","unknown","https://www.uniqlo.com/kr/ko/men_navigation","official_navigation_preloaded_taxonomies","2026-08-03T02:01:21.580Z","{""group"":""subcategories"",""key"":""stand-collar"",""parent_count"":3}","2dad9b2eaa9e0b3966064c40708d8fff9be454662a8eba631cdaf427266f1f53"
"uniqlo","95431","95359","긴팔","셔츠 > 캐주얼셔츠 > 긴팔","셔츠 > 캐주얼셔츠 > 긴팔","3","MEN","true","unknown","https://www.uniqlo.com/kr/ko/men_navigation","official_navigation_preloaded_taxonomies","2026-08-03T02:01:21.580Z","{""group"":""subcategories"",""key"":""long-sleeves"",""parent_count"":3}","2dad9b2eaa9e0b3966064c40708d8fff9be454662a8eba631cdaf427266f1f53"
"uniqlo","95433","95359","스트라이프","셔츠 > 캐주얼셔츠 > 스트라이프","셔츠 > 캐주얼셔츠 > 스트라이프","3","MEN","true","unknown","https://www.uniqlo.com/kr/ko/men_navigation","official_navigation_preloaded_taxonomies","2026-08-03T02:01:21.580Z","{""group"":""subcategories"",""key"":""stripe"",""parent_count"":3}","2dad9b2eaa9e0b3966064c40708d8fff9be454662a8eba631cdaf427266f1f53"
"uniqlo","95429","95359","오버사이즈","셔츠 > 캐주얼셔츠 > 오버사이즈","셔츠 > 캐주얼셔츠 > 오버사이즈","3","MEN","true","unknown","https://www.uniqlo.com/kr/ko/men_navigation","official_navigation_preloaded_taxonomies","2026-08-03T02:01:21.580Z","{""group"":""subcategories"",""key"":""oversized-shirt"",""parent_count"":3}","2dad9b2eaa9e0b3966064c40708d8fff9be454662a8eba631cdaf427266f1f53"
"uniqlo","95432","95359","프린트","셔츠 > 캐주얼셔츠 > 프린트","셔츠 > 캐주얼셔츠 > 프린트","3","MEN","true","unknown","https://www.uniqlo.com/kr/ko/men_navigation","official_navigation_preloaded_taxonomies","2026-08-03T02:01:21.580Z","{""group"":""subcategories"",""key"":""print"",""parent_count"":3}","2dad9b2eaa9e0b3966064c40708d8fff9be454662a8eba631cdaf427266f1f53"
"uniqlo","95423","95359","플란넬","셔츠 > 캐주얼셔츠 > 플란넬","셔츠 > 캐주얼셔츠 > 플란넬","3","MEN","true","unknown","https://www.uniqlo.com/kr/ko/men_navigation","official_navigation_preloaded_taxonomies","2026-08-03T02:01:21.580Z","{""group"":""subcategories"",""key"":""flannel"",""parent_count"":3}","2dad9b2eaa9e0b3966064c40708d8fff9be454662a8eba631cdaf427266f1f53"
"uniqlo","95428","95359","코듀로이","셔츠 > 캐주얼셔츠 > 코듀로이","셔츠 > 캐주얼셔츠 > 코듀로이","3","MEN","true","unknown","https://www.uniqlo.com/kr/ko/men_navigation","official_navigation_preloaded_taxonomies","2026-08-03T02:01:21.580Z","{""group"":""subcategories"",""key"":""corduroy"",""parent_count"":3}","2dad9b2eaa9e0b3966064c40708d8fff9be454662a8eba631cdaf427266f1f53"
"uniqlo","95435","95359","GU","셔츠 > 캐주얼셔츠 > GU","셔츠 > 캐주얼셔츠 > GU","3","MEN","true","unknown","https://www.uniqlo.com/kr/ko/men_navigation","official_navigation_preloaded_taxonomies","2026-08-03T02:01:21.580Z","{""group"":""subcategories"",""key"":""others"",""parent_count"":3}","2dad9b2eaa9e0b3966064c40708d8fff9be454662a8eba631cdaf427266f1f53"
"uniqlo","95437","95360","반팔","셔츠 > 폴로셔츠 (카라티) > 반팔","셔츠 > 폴로셔츠 (카라티) > 반팔","3","MEN","true","unknown","https://www.uniqlo.com/kr/ko/men_navigation","official_navigation_preloaded_taxonomies","2026-08-03T02:01:21.580Z","{""group"":""subcategories"",""key"":""short-sleeves"",""parent_count"":3}","2dad9b2eaa9e0b3966064c40708d8fff9be454662a8eba631cdaf427266f1f53"
"uniqlo","95440","95360","DRY-EX","셔츠 > 폴로셔츠 (카라티) > DRY-EX","셔츠 > 폴로셔츠 (카라티) > DRY-EX","3","MEN","true","unknown","https://www.uniqlo.com/kr/ko/men_navigation","official_navigation_preloaded_taxonomies","2026-08-03T02:01:21.580Z","{""group"":""subcategories"",""key"":""dry-ex"",""parent_count"":3}","2dad9b2eaa9e0b3966064c40708d8fff9be454662a8eba631cdaf427266f1f53"
"uniqlo","95439","95360","에어리즘 코튼","셔츠 > 폴로셔츠 (카라티) > 에어리즘 코튼","셔츠 > 폴로셔츠 (카라티) > 에어리즘 코튼","3","MEN","true","unknown","https://www.uniqlo.com/kr/ko/men_navigation","official_navigation_preloaded_taxonomies","2026-08-03T02:01:21.580Z","{""group"":""subcategories"",""key"":""airism"",""parent_count"":3}","2dad9b2eaa9e0b3966064c40708d8fff9be454662a8eba631cdaf427266f1f53"
"uniqlo","95438","95360","드라이 피케","셔츠 > 폴로셔츠 (카라티) > 드라이 피케","셔츠 > 폴로셔츠 (카라티) > 드라이 피케","3","MEN","true","unknown","https://www.uniqlo.com/kr/ko/men_navigation","official_navigation_preloaded_taxonomies","2026-08-03T02:01:21.580Z","{""group"":""subcategories"",""key"":""dry-pique"",""parent_count"":3}","2dad9b2eaa9e0b3966064c40708d8fff9be454662a8eba631cdaf427266f1f53"
"uniqlo","116338","95360","니트","셔츠 > 폴로셔츠 (카라티) > 니트","셔츠 > 폴로셔츠 (카라티) > 니트","3","MEN","true","unknown","https://www.uniqlo.com/kr/ko/men_navigation","official_navigation_preloaded_taxonomies","2026-08-03T02:01:21.580Z","{""group"":""subcategories"",""key"":""knit"",""parent_count"":3}","2dad9b2eaa9e0b3966064c40708d8fff9be454662a8eba631cdaf427266f1f53"
"uniqlo","95441","95360","GU","셔츠 > 폴로셔츠 (카라티) > GU","셔츠 > 폴로셔츠 (카라티) > GU","3","MEN","true","unknown","https://www.uniqlo.com/kr/ko/men_navigation","official_navigation_preloaded_taxonomies","2026-08-03T02:01:21.580Z","{""group"":""subcategories"",""key"":""others"",""parent_count"":3}","2dad9b2eaa9e0b3966064c40708d8fff9be454662a8eba631cdaf427266f1f53"
"uniqlo","95436","95360","그 외","셔츠 > 폴로셔츠 (카라티) > 그 외","셔츠 > 폴로셔츠 (카라티) > 그 외","3","MEN","true","unknown","https://www.uniqlo.com/kr/ko/men_navigation","official_navigation_preloaded_taxonomies","2026-08-03T02:01:21.580Z","{""group"":""subcategories"",""key"":""long-sleeve"",""parent_count"":3}","2dad9b2eaa9e0b3966064c40708d8fff9be454662a8eba631cdaf427266f1f53"
"uniqlo","95412","95358","슈퍼 논 아이론","셔츠 > 정장셔츠 (와이셔츠) > 슈퍼 논 아이론","셔츠 > 정장셔츠 (와이셔츠) > 슈퍼 논 아이론","3","MEN","true","unknown","https://www.uniqlo.com/kr/ko/men_navigation","official_navigation_preloaded_taxonomies","2026-08-03T02:01:21.580Z","{""group"":""subcategories"",""key"":""super-non-iron"",""parent_count"":3}","2dad9b2eaa9e0b3966064c40708d8fff9be454662a8eba631cdaf427266f1f53"
"uniqlo","95415","95358","슈퍼 논 아이론 저지","셔츠 > 정장셔츠 (와이셔츠) > 슈퍼 논 아이론 저지","셔츠 > 정장셔츠 (와이셔츠) > 슈퍼 논 아이론 저지","3","MEN","true","unknown","https://www.uniqlo.com/kr/ko/men_navigation","official_navigation_preloaded_taxonomies","2026-08-03T02:01:21.580Z","{""group"":""subcategories"",""key"":""super-non-iron-jersey"",""parent_count"":3}","2dad9b2eaa9e0b3966064c40708d8fff9be454662a8eba631cdaf427266f1f53"
"uniqlo","95418","95358","세미 와이드","셔츠 > 정장셔츠 (와이셔츠) > 세미 와이드","셔츠 > 정장셔츠 (와이셔츠) > 세미 와이드","3","MEN","true","unknown","https://www.uniqlo.com/kr/ko/men_navigation","official_navigation_preloaded_taxonomies","2026-08-03T02:01:21.580Z","{""group"":""subcategories"",""key"":""semi-wide"",""parent_count"":3}","2dad9b2eaa9e0b3966064c40708d8fff9be454662a8eba631cdaf427266f1f53"
"uniqlo","95417","95358","버튼 다운","셔츠 > 정장셔츠 (와이셔츠) > 버튼 다운","셔츠 > 정장셔츠 (와이셔츠) > 버튼 다운","3","MEN","true","unknown","https://www.uniqlo.com/kr/ko/men_navigation","official_navigation_preloaded_taxonomies","2026-08-03T02:01:21.580Z","{""group"":""subcategories"",""key"":""button-down"",""parent_count"":3}","2dad9b2eaa9e0b3966064c40708d8fff9be454662a8eba631cdaf427266f1f53"
"uniqlo","95414","95358","이지 케어","셔츠 > 정장셔츠 (와이셔츠) > 이지 케어","셔츠 > 정장셔츠 (와이셔츠) > 이지 케어","3","MEN","true","unknown","https://www.uniqlo.com/kr/ko/men_navigation","official_navigation_preloaded_taxonomies","2026-08-03T02:01:21.580Z","{""group"":""subcategories"",""key"":""fine-cloth"",""parent_count"":3}","2dad9b2eaa9e0b3966064c40708d8fff9be454662a8eba631cdaf427266f1f53"
"uniqlo","95419","95358","논 아이론 저지(반팔)","셔츠 > 정장셔츠 (와이셔츠) > 논 아이론 저지(반팔)","셔츠 > 정장셔츠 (와이셔츠) > 논 아이론 저지(반팔)","3","MEN","true","unknown","https://www.uniqlo.com/kr/ko/men_navigation","official_navigation_preloaded_taxonomies","2026-08-03T02:01:21.580Z","{""group"":""subcategories"",""key"":""short-sleeves"",""parent_count"":3}","2dad9b2eaa9e0b3966064c40708d8fff9be454662a8eba631cdaf427266f1f53"
"uniqlo","95421","95358","그 외","셔츠 > 정장셔츠 (와이셔츠) > 그 외","셔츠 > 정장셔츠 (와이셔츠) > 그 외","3","MEN","true","unknown","https://www.uniqlo.com/kr/ko/men_navigation","official_navigation_preloaded_taxonomies","2026-08-03T02:01:21.580Z","{""group"":""subcategories"",""key"":""others"",""parent_count"":3}","2dad9b2eaa9e0b3966064c40708d8fff9be454662a8eba631cdaf427266f1f53"
"uniqlo","95408","95357","반팔 니트","니트 & 가디건 > 니트 > 반팔 니트","니트 & 가디건 > 니트 > 반팔 니트","3","MEN","true","unknown","https://www.uniqlo.com/kr/ko/men_navigation","official_navigation_preloaded_taxonomies","2026-08-03T02:01:21.580Z","{""group"":""subcategories"",""key"":""short-sleeve"",""parent_count"":3}","2dad9b2eaa9e0b3966064c40708d8fff9be454662a8eba631cdaf427266f1f53"
"uniqlo","95405","95357","크루넥 니트","니트 & 가디건 > 니트 > 크루넥 니트","니트 & 가디건 > 니트 > 크루넥 니트","3","MEN","true","unknown","https://www.uniqlo.com/kr/ko/men_navigation","official_navigation_preloaded_taxonomies","2026-08-03T02:01:21.580Z","{""group"":""subcategories"",""key"":""crew-neck"",""parent_count"":3}","2dad9b2eaa9e0b3966064c40708d8fff9be454662a8eba631cdaf427266f1f53"
"uniqlo","133396","95357","워셔블","니트 & 가디건 > 니트 > 워셔블","니트 & 가디건 > 니트 > 워셔블","3","MEN","true","unknown","https://www.uniqlo.com/kr/ko/men_navigation","official_navigation_preloaded_taxonomies","2026-08-03T02:01:21.580Z","{""group"":""subcategories"",""key"":""washable"",""parent_count"":3}","2dad9b2eaa9e0b3966064c40708d8fff9be454662a8eba631cdaf427266f1f53"
"uniqlo","95400","95357","메리노","니트 & 가디건 > 니트 > 메리노","니트 & 가디건 > 니트 > 메리노","3","MEN","true","unknown","https://www.uniqlo.com/kr/ko/men_navigation","official_navigation_preloaded_taxonomies","2026-08-03T02:01:21.580Z","{""group"":""subcategories"",""key"":""extra-fine-merino"",""parent_count"":3}","2dad9b2eaa9e0b3966064c40708d8fff9be454662a8eba631cdaf427266f1f53"
"uniqlo","95404","95357","밀라노 립","니트 & 가디건 > 니트 > 밀라노 립","니트 & 가디건 > 니트 > 밀라노 립","3","MEN","true","unknown","https://www.uniqlo.com/kr/ko/men_navigation","official_navigation_preloaded_taxonomies","2026-08-03T02:01:21.580Z","{""group"":""subcategories"",""key"":""milano-ribbed"",""parent_count"":3}","2dad9b2eaa9e0b3966064c40708d8fff9be454662a8eba631cdaf427266f1f53"
"uniqlo","100315","95357","긴팔 니트","니트 & 가디건 > 니트 > 긴팔 니트","니트 & 가디건 > 니트 > 긴팔 니트","3","MEN","true","unknown","https://www.uniqlo.com/kr/ko/men_navigation","official_navigation_preloaded_taxonomies","2026-08-03T02:01:21.580Z","{""group"":""subcategories"",""key"":""long-sleeve"",""parent_count"":3}","2dad9b2eaa9e0b3966064c40708d8fff9be454662a8eba631cdaf427266f1f53"
"uniqlo","95402","95357","램스울","니트 & 가디건 > 니트 > 램스울","니트 & 가디건 > 니트 > 램스울","3","MEN","true","unknown","https://www.uniqlo.com/kr/ko/men_navigation","official_navigation_preloaded_taxonomies","2026-08-03T02:01:21.580Z","{""group"":""subcategories"",""key"":""lambswool"",""parent_count"":3}","2dad9b2eaa9e0b3966064c40708d8fff9be454662a8eba631cdaf427266f1f53"
"uniqlo","95403","95357","캐시미어","니트 & 가디건 > 니트 > 캐시미어","니트 & 가디건 > 니트 > 캐시미어","3","MEN","true","unknown","https://www.uniqlo.com/kr/ko/men_navigation","official_navigation_preloaded_taxonomies","2026-08-03T02:01:21.580Z","{""group"":""subcategories"",""key"":""cashmere"",""parent_count"":3}","2dad9b2eaa9e0b3966064c40708d8fff9be454662a8eba631cdaf427266f1f53"
"uniqlo","95407","95357","터틀넥","니트 & 가디건 > 니트 > 터틀넥","니트 & 가디건 > 니트 > 터틀넥","3","MEN","true","unknown","https://www.uniqlo.com/kr/ko/men_navigation","official_navigation_preloaded_taxonomies","2026-08-03T02:01:21.580Z","{""group"":""subcategories"",""key"":""turtle-neck"",""parent_count"":3}","2dad9b2eaa9e0b3966064c40708d8fff9be454662a8eba631cdaf427266f1f53"
"uniqlo","95401","95357","수플레 얀","니트 & 가디건 > 니트 > 수플레 얀","니트 & 가디건 > 니트 > 수플레 얀","3","MEN","true","unknown","https://www.uniqlo.com/kr/ko/men_navigation","official_navigation_preloaded_taxonomies","2026-08-03T02:01:21.580Z","{""group"":""subcategories"",""key"":""souffle-yarn"",""parent_count"":3}","2dad9b2eaa9e0b3966064c40708d8fff9be454662a8eba631cdaf427266f1f53"
"uniqlo","95406","95357","브이넥","니트 & 가디건 > 니트 > 브이넥","니트 & 가디건 > 니트 > 브이넥","3","MEN","true","unknown","https://www.uniqlo.com/kr/ko/men_navigation","official_navigation_preloaded_taxonomies","2026-08-03T02:01:21.580Z","{""group"":""subcategories"",""key"":""v-neck"",""parent_count"":3}","2dad9b2eaa9e0b3966064c40708d8fff9be454662a8eba631cdaf427266f1f53"
"uniqlo","95409","95357","가디건","니트 & 가디건 > 니트 > 가디건","니트 & 가디건 > 니트 > 가디건","3","MEN","true","unknown","https://www.uniqlo.com/kr/ko/men_navigation","official_navigation_preloaded_taxonomies","2026-08-03T02:01:21.580Z","{""group"":""subcategories"",""key"":""knit-cardigans"",""parent_count"":3}","2dad9b2eaa9e0b3966064c40708d8fff9be454662a8eba631cdaf427266f1f53"
"uniqlo","95410","95357","베스트","니트 & 가디건 > 니트 > 베스트","니트 & 가디건 > 니트 > 베스트","3","MEN","true","unknown","https://www.uniqlo.com/kr/ko/men_navigation","official_navigation_preloaded_taxonomies","2026-08-03T02:01:21.580Z","{""group"":""subcategories"",""key"":""vest"",""parent_count"":3}","2dad9b2eaa9e0b3966064c40708d8fff9be454662a8eba631cdaf427266f1f53"
"uniqlo","103255","95357","UNIQLO and JW ANDERSON","니트 & 가디건 > 니트 > UNIQLO and JW ANDERSON","니트 & 가디건 > 니트 > UNIQLO and JW ANDERSON","3","MEN","true","unknown","https://www.uniqlo.com/kr/ko/men_navigation","official_navigation_preloaded_taxonomies","2026-08-03T02:01:21.580Z","{""group"":""subcategories"",""key"":""uniqlo-and-jw-anderson"",""parent_count"":3}","2dad9b2eaa9e0b3966064c40708d8fff9be454662a8eba631cdaf427266f1f53"
"uniqlo","101623","95357","Uniqlo U","니트 & 가디건 > 니트 > Uniqlo U","니트 & 가디건 > 니트 > Uniqlo U","3","MEN","true","unknown","https://www.uniqlo.com/kr/ko/men_navigation","official_navigation_preloaded_taxonomies","2026-08-03T02:01:21.580Z","{""group"":""subcategories"",""key"":""uniqlo-u"",""parent_count"":3}","2dad9b2eaa9e0b3966064c40708d8fff9be454662a8eba631cdaf427266f1f53"
"uniqlo","100083","95357","UNIQLO : C","니트 & 가디건 > 니트 > UNIQLO : C","니트 & 가디건 > 니트 > UNIQLO : C","3","MEN","true","unknown","https://www.uniqlo.com/kr/ko/men_navigation","official_navigation_preloaded_taxonomies","2026-08-03T02:01:21.580Z","{""group"":""subcategories"",""key"":""uniqlo-c"",""parent_count"":3}","2dad9b2eaa9e0b3966064c40708d8fff9be454662a8eba631cdaf427266f1f53"
"uniqlo","95411","95357","그 외","니트 & 가디건 > 니트 > 그 외","니트 & 가디건 > 니트 > 그 외","3","MEN","true","unknown","https://www.uniqlo.com/kr/ko/men_navigation","official_navigation_preloaded_taxonomies","2026-08-03T02:01:21.580Z","{""group"":""subcategories"",""key"":""others"",""parent_count"":3}","2dad9b2eaa9e0b3966064c40708d8fff9be454662a8eba631cdaf427266f1f53"
"uniqlo","102687","95357","GU","니트 & 가디건 > 니트 > GU","니트 & 가디건 > 니트 > GU","3","MEN","true","unknown","https://www.uniqlo.com/kr/ko/men_navigation","official_navigation_preloaded_taxonomies","2026-08-03T02:01:21.580Z","{""group"":""subcategories"",""key"":""gu"",""parent_count"":3}","2dad9b2eaa9e0b3966064c40708d8fff9be454662a8eba631cdaf427266f1f53"
"uniqlo","128429","128424","그 외","니트 & 가디건 > 가디건 > 그 외","니트 & 가디건 > 가디건 > 그 외","3","MEN","true","unknown","https://www.uniqlo.com/kr/ko/men_navigation","official_navigation_preloaded_taxonomies","2026-08-03T02:01:21.580Z","{""group"":""subcategories"",""key"":""others"",""parent_count"":3}","2dad9b2eaa9e0b3966064c40708d8fff9be454662a8eba631cdaf427266f1f53"
"uniqlo","128427","128424","수플레 얀","니트 & 가디건 > 가디건 > 수플레 얀","니트 & 가디건 > 가디건 > 수플레 얀","3","MEN","true","unknown","https://www.uniqlo.com/kr/ko/men_navigation","official_navigation_preloaded_taxonomies","2026-08-03T02:01:21.580Z","{""group"":""subcategories"",""key"":""souffle-yarn"",""parent_count"":3}","2dad9b2eaa9e0b3966064c40708d8fff9be454662a8eba631cdaf427266f1f53"
"uniqlo","128426","128424","램스울","니트 & 가디건 > 가디건 > 램스울","니트 & 가디건 > 가디건 > 램스울","3","MEN","true","unknown","https://www.uniqlo.com/kr/ko/men_navigation","official_navigation_preloaded_taxonomies","2026-08-03T02:01:21.580Z","{""group"":""subcategories"",""key"":""lambswool"",""parent_count"":3}","2dad9b2eaa9e0b3966064c40708d8fff9be454662a8eba631cdaf427266f1f53"
"uniqlo","128425","128424","메리노","니트 & 가디건 > 가디건 > 메리노","니트 & 가디건 > 가디건 > 메리노","3","MEN","true","unknown","https://www.uniqlo.com/kr/ko/men_navigation","official_navigation_preloaded_taxonomies","2026-08-03T02:01:21.580Z","{""group"":""subcategories"",""key"":""merino"",""parent_count"":3}","2dad9b2eaa9e0b3966064c40708d8fff9be454662a8eba631cdaf427266f1f53"
"uniqlo","128430","128424","GU","니트 & 가디건 > 가디건 > GU","니트 & 가디건 > 가디건 > GU","3","MEN","true","unknown","https://www.uniqlo.com/kr/ko/men_navigation","official_navigation_preloaded_taxonomies","2026-08-03T02:01:21.580Z","{""group"":""subcategories"",""key"":""gu"",""parent_count"":3}","2dad9b2eaa9e0b3966064c40708d8fff9be454662a8eba631cdaf427266f1f53"
"uniqlo","94361","58035","포켓터블","아우터 > 파카 & 블루종 > 포켓터블","아우터 > 파카 & 블루종 > 포켓터블","3","MEN","true","unknown","https://www.uniqlo.com/kr/ko/men_navigation","official_navigation_preloaded_taxonomies","2026-08-03T02:01:21.580Z","{""group"":""subcategories"",""key"":""pocketable"",""parent_count"":3}","2dad9b2eaa9e0b3966064c40708d8fff9be454662a8eba631cdaf427266f1f53"
"uniqlo","98331","58035","재킷","아우터 > 파카 & 블루종 > 재킷","아우터 > 파카 & 블루종 > 재킷","3","MEN","true","unknown","https://www.uniqlo.com/kr/ko/men_navigation","official_navigation_preloaded_taxonomies","2026-08-03T02:01:21.580Z","{""group"":""subcategories"",""key"":""jacket"",""parent_count"":3}","2dad9b2eaa9e0b3966064c40708d8fff9be454662a8eba631cdaf427266f1f53"
"uniqlo","58371","58035","블루종","아우터 > 파카 & 블루종 > 블루종","아우터 > 파카 & 블루종 > 블루종","3","MEN","true","unknown","https://www.uniqlo.com/kr/ko/men_navigation","official_navigation_preloaded_taxonomies","2026-08-03T02:01:21.580Z","{""group"":""subcategories"",""key"":""blouson"",""parent_count"":3}","2dad9b2eaa9e0b3966064c40708d8fff9be454662a8eba631cdaf427266f1f53"
"uniqlo","58372","58035","셔츠재킷","아우터 > 파카 & 블루종 > 셔츠재킷","아우터 > 파카 & 블루종 > 셔츠재킷","3","MEN","true","unknown","https://www.uniqlo.com/kr/ko/men_navigation","official_navigation_preloaded_taxonomies","2026-08-03T02:01:21.580Z","{""group"":""subcategories"",""key"":""shirt-jacket"",""parent_count"":3}","2dad9b2eaa9e0b3966064c40708d8fff9be454662a8eba631cdaf427266f1f53"
"uniqlo","112644","58035","윈드블럭","아우터 > 파카 & 블루종 > 윈드블럭","아우터 > 파카 & 블루종 > 윈드블럭","3","MEN","true","unknown","https://www.uniqlo.com/kr/ko/men_navigation","official_navigation_preloaded_taxonomies","2026-08-03T02:01:21.580Z","{""group"":""subcategories"",""key"":""windproof"",""parent_count"":3}","2dad9b2eaa9e0b3966064c40708d8fff9be454662a8eba631cdaf427266f1f53"
"uniqlo","94362","58035","블록테크","아우터 > 파카 & 블루종 > 블록테크","아우터 > 파카 & 블루종 > 블록테크","3","MEN","true","unknown","https://www.uniqlo.com/kr/ko/men_navigation","official_navigation_preloaded_taxonomies","2026-08-03T02:01:21.580Z","{""group"":""subcategories"",""key"":""blocktech"",""parent_count"":3}","2dad9b2eaa9e0b3966064c40708d8fff9be454662a8eba631cdaf427266f1f53"
"uniqlo","58373","58035","파카","아우터 > 파카 & 블루종 > 파카","아우터 > 파카 & 블루종 > 파카","3","MEN","true","unknown","https://www.uniqlo.com/kr/ko/men_navigation","official_navigation_preloaded_taxonomies","2026-08-03T02:01:21.580Z","{""group"":""subcategories"",""key"":""parka"",""parent_count"":3}","2dad9b2eaa9e0b3966064c40708d8fff9be454662a8eba631cdaf427266f1f53"
"uniqlo","58374","58035","코치재킷","아우터 > 파카 & 블루종 > 코치재킷","아우터 > 파카 & 블루종 > 코치재킷","3","MEN","true","unknown","https://www.uniqlo.com/kr/ko/men_navigation","official_navigation_preloaded_taxonomies","2026-08-03T02:01:21.580Z","{""group"":""subcategories"",""key"":""others"",""parent_count"":3}","2dad9b2eaa9e0b3966064c40708d8fff9be454662a8eba631cdaf427266f1f53"
"uniqlo","62619","58035","Uniqlo U","아우터 > 파카 & 블루종 > Uniqlo U","아우터 > 파카 & 블루종 > Uniqlo U","3","MEN","true","unknown","https://www.uniqlo.com/kr/ko/men_navigation","official_navigation_preloaded_taxonomies","2026-08-03T02:01:21.580Z","{""group"":""subcategories"",""key"":""uniqlo-u"",""parent_count"":3}","2dad9b2eaa9e0b3966064c40708d8fff9be454662a8eba631cdaf427266f1f53"
"uniqlo","114720","58035","UNIQLO : C","아우터 > 파카 & 블루종 > UNIQLO : C","아우터 > 파카 & 블루종 > UNIQLO : C","3","MEN","true","unknown","https://www.uniqlo.com/kr/ko/men_navigation","official_navigation_preloaded_taxonomies","2026-08-03T02:01:21.580Z","{""group"":""subcategories"",""key"":""uniqlo-c"",""parent_count"":3}","2dad9b2eaa9e0b3966064c40708d8fff9be454662a8eba631cdaf427266f1f53"
"uniqlo","62620","58035","UNIQLO and JW ANDERSON","아우터 > 파카 & 블루종 > UNIQLO and JW ANDERSON","아우터 > 파카 & 블루종 > UNIQLO and JW ANDERSON","3","MEN","true","unknown","https://www.uniqlo.com/kr/ko/men_navigation","official_navigation_preloaded_taxonomies","2026-08-03T02:01:21.580Z","{""group"":""subcategories"",""key"":""uniqlo-and-jw-anderson"",""parent_count"":3}","2dad9b2eaa9e0b3966064c40708d8fff9be454662a8eba631cdaf427266f1f53"
"uniqlo","98333","58035","후리스","아우터 > 파카 & 블루종 > 후리스","아우터 > 파카 & 블루종 > 후리스","3","MEN","true","unknown","https://www.uniqlo.com/kr/ko/men_navigation","official_navigation_preloaded_taxonomies","2026-08-03T02:01:21.580Z","{""group"":""subcategories"",""key"":""fleece"",""parent_count"":3}","2dad9b2eaa9e0b3966064c40708d8fff9be454662a8eba631cdaf427266f1f53"
"uniqlo","136617","58035","GU","아우터 > 파카 & 블루종 > GU","아우터 > 파카 & 블루종 > GU","3","MEN","true","unknown","https://www.uniqlo.com/kr/ko/men_navigation","official_navigation_preloaded_taxonomies","2026-08-03T02:01:21.580Z","{""group"":""subcategories"",""key"":""gu"",""parent_count"":3}","2dad9b2eaa9e0b3966064c40708d8fff9be454662a8eba631cdaf427266f1f53"
"uniqlo","58375","58036","감탄 재킷","아우터 > 감탄 재킷 > 감탄 재킷","아우터 > 감탄 재킷 > 감탄 재킷","3","MEN","true","unknown","https://www.uniqlo.com/kr/ko/men_navigation","official_navigation_preloaded_taxonomies","2026-08-03T02:01:21.580Z","{""group"":""subcategories"",""key"":""wool"",""parent_count"":3}","2dad9b2eaa9e0b3966064c40708d8fff9be454662a8eba631cdaf427266f1f53"
"uniqlo","58376","58036","감탄 재킷 (라이트)","아우터 > 감탄 재킷 > 감탄 재킷 (라이트)","아우터 > 감탄 재킷 > 감탄 재킷 (라이트)","3","MEN","true","unknown","https://www.uniqlo.com/kr/ko/men_navigation","official_navigation_preloaded_taxonomies","2026-08-03T02:01:21.580Z","{""group"":""subcategories"",""key"":""cotton"",""parent_count"":3}","2dad9b2eaa9e0b3966064c40708d8fff9be454662a8eba631cdaf427266f1f53"
"uniqlo","58377","58036","쇼트","아우터 > 감탄 재킷 > 쇼트","아우터 > 감탄 재킷 > 쇼트","3","MEN","true","unknown","https://www.uniqlo.com/kr/ko/men_navigation","official_navigation_preloaded_taxonomies","2026-08-03T02:01:21.580Z","{""group"":""subcategories"",""key"":""short-length"",""parent_count"":3}","2dad9b2eaa9e0b3966064c40708d8fff9be454662a8eba631cdaf427266f1f53"
"uniqlo","116908","58036","감탄 재킷 (CUSTOM ORDER)","아우터 > 감탄 재킷 > 감탄 재킷 (CUSTOM ORDER)","아우터 > 감탄 재킷 > 감탄 재킷 (CUSTOM ORDER)","3","MEN","true","unknown","https://www.uniqlo.com/kr/ko/men_navigation","official_navigation_preloaded_taxonomies","2026-08-03T02:01:21.580Z","{""group"":""subcategories"",""key"":""uniqlo-custom-order"",""parent_count"":3}","2dad9b2eaa9e0b3966064c40708d8fff9be454662a8eba631cdaf427266f1f53"
"uniqlo","117359","117358","감탄 재킷 (CUSTOM ORDER)","아우터 > 감탄 재킷 (CUSTOM ORDER) > 감탄 재킷 (CUSTOM ORDER)","아우터 > 감탄 재킷 (CUSTOM ORDER) > 감탄 재킷 (CUSTOM ORDER)","3","MEN","true","unknown","https://www.uniqlo.com/kr/ko/men_navigation","official_navigation_preloaded_taxonomies","2026-08-03T02:01:21.580Z","{""group"":""subcategories"",""key"":""kando"",""parent_count"":3}","2dad9b2eaa9e0b3966064c40708d8fff9be454662a8eba631cdaf427266f1f53"
"uniqlo","114721","58037","UNIQLO : C","아우터 > 재킷 & 블레이저 > UNIQLO : C","아우터 > 재킷 & 블레이저 > UNIQLO : C","3","MEN","true","unknown","https://www.uniqlo.com/kr/ko/men_navigation","official_navigation_preloaded_taxonomies","2026-08-03T02:01:21.580Z","{""group"":""subcategories"",""key"":""uniqlo-c"",""parent_count"":3}","2dad9b2eaa9e0b3966064c40708d8fff9be454662a8eba631cdaf427266f1f53"
"uniqlo","62622","58037","UNIQLO and JW ANDERSON","아우터 > 재킷 & 블레이저 > UNIQLO and JW ANDERSON","아우터 > 재킷 & 블레이저 > UNIQLO and JW ANDERSON","3","MEN","true","unknown","https://www.uniqlo.com/kr/ko/men_navigation","official_navigation_preloaded_taxonomies","2026-08-03T02:01:21.580Z","{""group"":""subcategories"",""key"":""uniqlo-and-jw-anderson"",""parent_count"":3}","2dad9b2eaa9e0b3966064c40708d8fff9be454662a8eba631cdaf427266f1f53"
"uniqlo","96146","58037","캐주얼 재킷","아우터 > 재킷 & 블레이저 > 캐주얼 재킷","아우터 > 재킷 & 블레이저 > 캐주얼 재킷","3","MEN","true","unknown","https://www.uniqlo.com/kr/ko/men_navigation","official_navigation_preloaded_taxonomies","2026-08-03T02:01:21.580Z","{""group"":""subcategories"",""key"":""casual"",""parent_count"":3}","2dad9b2eaa9e0b3966064c40708d8fff9be454662a8eba631cdaf427266f1f53"
"uniqlo","94953","58037","재킷","아우터 > 재킷 & 블레이저 > 재킷","아우터 > 재킷 & 블레이저 > 재킷","3","MEN","true","unknown","https://www.uniqlo.com/kr/ko/men_navigation","official_navigation_preloaded_taxonomies","2026-08-03T02:01:21.580Z","{""group"":""subcategories"",""key"":""jacket"",""parent_count"":3}","2dad9b2eaa9e0b3966064c40708d8fff9be454662a8eba631cdaf427266f1f53"
"uniqlo","58379","58037","컴포트","아우터 > 재킷 & 블레이저 > 컴포트","아우터 > 재킷 & 블레이저 > 컴포트","3","MEN","true","unknown","https://www.uniqlo.com/kr/ko/men_navigation","official_navigation_preloaded_taxonomies","2026-08-03T02:01:21.580Z","{""group"":""subcategories"",""key"":""comfort"",""parent_count"":3}","2dad9b2eaa9e0b3966064c40708d8fff9be454662a8eba631cdaf427266f1f53"
"uniqlo","58382","58037","셋업","아우터 > 재킷 & 블레이저 > 셋업","아우터 > 재킷 & 블레이저 > 셋업","3","MEN","true","unknown","https://www.uniqlo.com/kr/ko/men_navigation","official_navigation_preloaded_taxonomies","2026-08-03T02:01:21.580Z","{""group"":""subcategories"",""key"":""set-up"",""parent_count"":3}","2dad9b2eaa9e0b3966064c40708d8fff9be454662a8eba631cdaf427266f1f53"
"uniqlo","58380","58037","감탄 재킷","아우터 > 재킷 & 블레이저 > 감탄 재킷","아우터 > 재킷 & 블레이저 > 감탄 재킷","3","MEN","true","unknown","https://www.uniqlo.com/kr/ko/men_navigation","official_navigation_preloaded_taxonomies","2026-08-03T02:01:21.580Z","{""group"":""subcategories"",""key"":""gamtan"",""parent_count"":3}","2dad9b2eaa9e0b3966064c40708d8fff9be454662a8eba631cdaf427266f1f53"
"uniqlo","116907","58037","감탄 재킷 (CUSTOM ORDER)","아우터 > 재킷 & 블레이저 > 감탄 재킷 (CUSTOM ORDER)","아우터 > 재킷 & 블레이저 > 감탄 재킷 (CUSTOM ORDER)","3","MEN","true","unknown","https://www.uniqlo.com/kr/ko/men_navigation","official_navigation_preloaded_taxonomies","2026-08-03T02:01:21.580Z","{""group"":""subcategories"",""key"":""uniqlo-custom-order"",""parent_count"":3}","2dad9b2eaa9e0b3966064c40708d8fff9be454662a8eba631cdaf427266f1f53"
"uniqlo","58384","58037","그 외","아우터 > 재킷 & 블레이저 > 그 외","아우터 > 재킷 & 블레이저 > 그 외","3","MEN","true","unknown","https://www.uniqlo.com/kr/ko/men_navigation","official_navigation_preloaded_taxonomies","2026-08-03T02:01:21.580Z","{""group"":""subcategories"",""key"":""others"",""parent_count"":3}","2dad9b2eaa9e0b3966064c40708d8fff9be454662a8eba631cdaf427266f1f53"
"uniqlo","58381","58037","쇼트","아우터 > 재킷 & 블레이저 > 쇼트","아우터 > 재킷 & 블레이저 > 쇼트","3","MEN","true","unknown","https://www.uniqlo.com/kr/ko/men_navigation","official_navigation_preloaded_taxonomies","2026-08-03T02:01:21.580Z","{""group"":""subcategories"",""key"":""short-length"",""parent_count"":3}","2dad9b2eaa9e0b3966064c40708d8fff9be454662a8eba631cdaf427266f1f53"
"uniqlo","100397","58038","파카","아우터 > 경량 패딩 (PUFFTECH) > 파카","아우터 > 경량 패딩 (PUFFTECH) > 파카","3","MEN","true","unknown","https://www.uniqlo.com/kr/ko/men_navigation","official_navigation_preloaded_taxonomies","2026-08-03T02:01:21.580Z","{""group"":""subcategories"",""key"":""parka"",""parent_count"":3}","2dad9b2eaa9e0b3966064c40708d8fff9be454662a8eba631cdaf427266f1f53"
"uniqlo","58387","58038","재킷","아우터 > 경량 패딩 (PUFFTECH) > 재킷","아우터 > 경량 패딩 (PUFFTECH) > 재킷","3","MEN","true","unknown","https://www.uniqlo.com/kr/ko/men_navigation","official_navigation_preloaded_taxonomies","2026-08-03T02:01:21.580Z","{""group"":""subcategories"",""key"":""jacket"",""parent_count"":3}","2dad9b2eaa9e0b3966064c40708d8fff9be454662a8eba631cdaf427266f1f53"
"uniqlo","58388","58038","베스트","아우터 > 경량 패딩 (PUFFTECH) > 베스트","아우터 > 경량 패딩 (PUFFTECH) > 베스트","3","MEN","true","unknown","https://www.uniqlo.com/kr/ko/men_navigation","official_navigation_preloaded_taxonomies","2026-08-03T02:01:21.580Z","{""group"":""subcategories"",""key"":""vest"",""parent_count"":3}","2dad9b2eaa9e0b3966064c40708d8fff9be454662a8eba631cdaf427266f1f53"
"uniqlo","98335","58038","코트","아우터 > 경량 패딩 (PUFFTECH) > 코트","아우터 > 경량 패딩 (PUFFTECH) > 코트","3","MEN","true","unknown","https://www.uniqlo.com/kr/ko/men_navigation","official_navigation_preloaded_taxonomies","2026-08-03T02:01:21.580Z","{""group"":""subcategories"",""key"":""coat"",""parent_count"":3}","2dad9b2eaa9e0b3966064c40708d8fff9be454662a8eba631cdaf427266f1f53"
"uniqlo","58386","58038","퍼프테크","아우터 > 경량 패딩 (PUFFTECH) > 퍼프테크","아우터 > 경량 패딩 (PUFFTECH) > 퍼프테크","3","MEN","true","unknown","https://www.uniqlo.com/kr/ko/men_navigation","official_navigation_preloaded_taxonomies","2026-08-03T02:01:21.580Z","{""group"":""subcategories"",""key"":""pufftech"",""parent_count"":3}","2dad9b2eaa9e0b3966064c40708d8fff9be454662a8eba631cdaf427266f1f53"
"uniqlo","98334","58038","컴팩트","아우터 > 경량 패딩 (PUFFTECH) > 컴팩트","아우터 > 경량 패딩 (PUFFTECH) > 컴팩트","3","MEN","true","unknown","https://www.uniqlo.com/kr/ko/men_navigation","official_navigation_preloaded_taxonomies","2026-08-03T02:01:21.580Z","{""group"":""subcategories"",""key"":""compact"",""parent_count"":3}","2dad9b2eaa9e0b3966064c40708d8fff9be454662a8eba631cdaf427266f1f53"
"uniqlo","58385","58038","울트라 라이트 다운","아우터 > 경량 패딩 (PUFFTECH) > 울트라 라이트 다운","아우터 > 경량 패딩 (PUFFTECH) > 울트라 라이트 다운","3","MEN","true","unknown","https://www.uniqlo.com/kr/ko/men_navigation","official_navigation_preloaded_taxonomies","2026-08-03T02:01:21.580Z","{""group"":""subcategories"",""key"":""ultra-light-down"",""parent_count"":3}","2dad9b2eaa9e0b3966064c40708d8fff9be454662a8eba631cdaf427266f1f53"
"uniqlo","123532","58038","UNIQLO : C","아우터 > 경량 패딩 (PUFFTECH) > UNIQLO : C","아우터 > 경량 패딩 (PUFFTECH) > UNIQLO : C","3","MEN","true","unknown","https://www.uniqlo.com/kr/ko/men_navigation","official_navigation_preloaded_taxonomies","2026-08-03T02:01:21.580Z","{""group"":""subcategories"",""key"":""uniqlo-c"",""parent_count"":3}","2dad9b2eaa9e0b3966064c40708d8fff9be454662a8eba631cdaf427266f1f53"
"uniqlo","62624","58038","Uniqlo U","아우터 > 경량 패딩 (PUFFTECH) > Uniqlo U","아우터 > 경량 패딩 (PUFFTECH) > Uniqlo U","3","MEN","true","unknown","https://www.uniqlo.com/kr/ko/men_navigation","official_navigation_preloaded_taxonomies","2026-08-03T02:01:21.580Z","{""group"":""subcategories"",""key"":""uniqlo-u"",""parent_count"":3}","2dad9b2eaa9e0b3966064c40708d8fff9be454662a8eba631cdaf427266f1f53"
"uniqlo","62625","58038","UNIQLO and Engineered Garments","아우터 > 경량 패딩 (PUFFTECH) > UNIQLO and Engineered Garments","아우터 > 경량 패딩 (PUFFTECH) > UNIQLO and Engineered Garments","3","MEN","true","unknown","https://www.uniqlo.com/kr/ko/men_navigation","official_navigation_preloaded_taxonomies","2026-08-03T02:01:21.580Z","{""group"":""subcategories"",""key"":""uniqlo-and-engineered-garments"",""parent_count"":3}","2dad9b2eaa9e0b3966064c40708d8fff9be454662a8eba631cdaf427266f1f53"
"uniqlo","58389","58038","그 외","아우터 > 경량 패딩 (PUFFTECH) > 그 외","아우터 > 경량 패딩 (PUFFTECH) > 그 외","3","MEN","true","unknown","https://www.uniqlo.com/kr/ko/men_navigation","official_navigation_preloaded_taxonomies","2026-08-03T02:01:21.580Z","{""group"":""subcategories"",""key"":""others"",""parent_count"":3}","2dad9b2eaa9e0b3966064c40708d8fff9be454662a8eba631cdaf427266f1f53"
"uniqlo","149939","149932","코튼","팬츠 > 배럴 레그 팬츠 > 코튼","팬츠 > 배럴 레그 팬츠 > 코튼","3","MEN","true","unknown","https://www.uniqlo.com/kr/ko/men_navigation","official_navigation_preloaded_taxonomies","2026-08-03T02:01:21.580Z","{""group"":""subcategories"",""key"":""cotton"",""parent_count"":3}","2dad9b2eaa9e0b3966064c40708d8fff9be454662a8eba631cdaf427266f1f53"
"uniqlo","149937","149932","데님","팬츠 > 배럴 레그 팬츠 > 데님","팬츠 > 배럴 레그 팬츠 > 데님","3","MEN","true","unknown","https://www.uniqlo.com/kr/ko/men_navigation","official_navigation_preloaded_taxonomies","2026-08-03T02:01:21.580Z","{""group"":""subcategories"",""key"":""denim"",""parent_count"":3}","2dad9b2eaa9e0b3966064c40708d8fff9be454662a8eba631cdaf427266f1f53"
"uniqlo","149941","149932","그 외","팬츠 > 배럴 레그 팬츠 > 그 외","팬츠 > 배럴 레그 팬츠 > 그 외","3","MEN","true","unknown","https://www.uniqlo.com/kr/ko/men_navigation","official_navigation_preloaded_taxonomies","2026-08-03T02:01:21.580Z","{""group"":""subcategories"",""key"":""others"",""parent_count"":3}","2dad9b2eaa9e0b3966064c40708d8fff9be454662a8eba631cdaf427266f1f53"
"uniqlo","149940","149932","긴 기장","팬츠 > 배럴 레그 팬츠 > 긴 기장","팬츠 > 배럴 레그 팬츠 > 긴 기장","3","MEN","true","unknown","https://www.uniqlo.com/kr/ko/men_navigation","official_navigation_preloaded_taxonomies","2026-08-03T02:01:21.580Z","{""group"":""subcategories"",""key"":""long-length"",""parent_count"":3}","2dad9b2eaa9e0b3966064c40708d8fff9be454662a8eba631cdaf427266f1f53"
"uniqlo","113378","58054","데님 & 코튼","팬츠 > 쇼트 팬츠(반바지) > 데님 & 코튼","팬츠 > 쇼트 팬츠(반바지) > 데님 & 코튼","3","MEN","true","unknown","https://www.uniqlo.com/kr/ko/men_navigation","official_navigation_preloaded_taxonomies","2026-08-03T02:01:21.580Z","{""group"":""subcategories"",""key"":""denim"",""parent_count"":3}","2dad9b2eaa9e0b3966064c40708d8fff9be454662a8eba631cdaf427266f1f53"
"uniqlo","58475","58054","이지(허리 밴딩)","팬츠 > 쇼트 팬츠(반바지) > 이지(허리 밴딩)","팬츠 > 쇼트 팬츠(반바지) > 이지(허리 밴딩)","3","MEN","true","unknown","https://www.uniqlo.com/kr/ko/men_navigation","official_navigation_preloaded_taxonomies","2026-08-03T02:01:21.580Z","{""group"":""subcategories"",""key"":""easy"",""parent_count"":3}","2dad9b2eaa9e0b3966064c40708d8fff9be454662a8eba631cdaf427266f1f53"
"uniqlo","86465","58054","스웨트","팬츠 > 쇼트 팬츠(반바지) > 스웨트","팬츠 > 쇼트 팬츠(반바지) > 스웨트","3","MEN","true","unknown","https://www.uniqlo.com/kr/ko/men_navigation","official_navigation_preloaded_taxonomies","2026-08-03T02:01:21.580Z","{""group"":""subcategories"",""key"":""sweat"",""parent_count"":3}","2dad9b2eaa9e0b3966064c40708d8fff9be454662a8eba631cdaf427266f1f53"
"uniqlo","79441","58054","카고 & 기어","팬츠 > 쇼트 팬츠(반바지) > 카고 & 기어","팬츠 > 쇼트 팬츠(반바지) > 카고 & 기어","3","MEN","true","unknown","https://www.uniqlo.com/kr/ko/men_navigation","official_navigation_preloaded_taxonomies","2026-08-03T02:01:21.580Z","{""group"":""subcategories"",""key"":""cargo"",""parent_count"":3}","2dad9b2eaa9e0b3966064c40708d8fff9be454662a8eba631cdaf427266f1f53"
"uniqlo","58474","58054","울트라 스트레치","팬츠 > 쇼트 팬츠(반바지) > 울트라 스트레치","팬츠 > 쇼트 팬츠(반바지) > 울트라 스트레치","3","MEN","true","unknown","https://www.uniqlo.com/kr/ko/men_navigation","official_navigation_preloaded_taxonomies","2026-08-03T02:01:21.580Z","{""group"":""subcategories"",""key"":""active"",""parent_count"":3}","2dad9b2eaa9e0b3966064c40708d8fff9be454662a8eba631cdaf427266f1f53"
"uniqlo","58473","58054","치노","팬츠 > 쇼트 팬츠(반바지) > 치노","팬츠 > 쇼트 팬츠(반바지) > 치노","3","MEN","true","unknown","https://www.uniqlo.com/kr/ko/men_navigation","official_navigation_preloaded_taxonomies","2026-08-03T02:01:21.580Z","{""group"":""subcategories"",""key"":""chino"",""parent_count"":3}","2dad9b2eaa9e0b3966064c40708d8fff9be454662a8eba631cdaf427266f1f53"
"uniqlo","139701","58054","GU","팬츠 > 쇼트 팬츠(반바지) > GU","팬츠 > 쇼트 팬츠(반바지) > GU","3","MEN","true","unknown","https://www.uniqlo.com/kr/ko/men_navigation","official_navigation_preloaded_taxonomies","2026-08-03T02:01:21.580Z","{""group"":""subcategories"",""key"":""gu"",""parent_count"":3}","2dad9b2eaa9e0b3966064c40708d8fff9be454662a8eba631cdaf427266f1f53"
"uniqlo","148874","58054","그 외","팬츠 > 쇼트 팬츠(반바지) > 그 외","팬츠 > 쇼트 팬츠(반바지) > 그 외","3","MEN","true","unknown","https://www.uniqlo.com/kr/ko/men_navigation","official_navigation_preloaded_taxonomies","2026-08-03T02:01:21.580Z","{""group"":""subcategories"",""key"":""others"",""parent_count"":3}","2dad9b2eaa9e0b3966064c40708d8fff9be454662a8eba631cdaf427266f1f53"
"uniqlo","58443","58046","유틸리티(카고ㆍ커브)","팬츠 > 와이드 팬츠 > 유틸리티(카고ㆍ커브)","팬츠 > 와이드 팬츠 > 유틸리티(카고ㆍ커브)","3","MEN","true","unknown","https://www.uniqlo.com/kr/ko/men_navigation","official_navigation_preloaded_taxonomies","2026-08-03T02:01:21.580Z","{""group"":""subcategories"",""key"":""work-pants"",""parent_count"":3}","2dad9b2eaa9e0b3966064c40708d8fff9be454662a8eba631cdaf427266f1f53"
"uniqlo","100085","58046","UNIQLO : C","팬츠 > 와이드 팬츠 > UNIQLO : C","팬츠 > 와이드 팬츠 > UNIQLO : C","3","MEN","true","unknown","https://www.uniqlo.com/kr/ko/men_navigation","official_navigation_preloaded_taxonomies","2026-08-03T02:01:21.580Z","{""group"":""subcategories"",""key"":""uniqlo-c"",""parent_count"":3}","2dad9b2eaa9e0b3966064c40708d8fff9be454662a8eba631cdaf427266f1f53"
"uniqlo","58444","58046","데님","팬츠 > 와이드 팬츠 > 데님","팬츠 > 와이드 팬츠 > 데님","3","MEN","true","unknown","https://www.uniqlo.com/kr/ko/men_navigation","official_navigation_preloaded_taxonomies","2026-08-03T02:01:21.580Z","{""group"":""subcategories"",""key"":""denim"",""parent_count"":3}","2dad9b2eaa9e0b3966064c40708d8fff9be454662a8eba631cdaf427266f1f53"
"uniqlo","96144","58046","치노","팬츠 > 와이드 팬츠 > 치노","팬츠 > 와이드 팬츠 > 치노","3","MEN","true","unknown","https://www.uniqlo.com/kr/ko/men_navigation","official_navigation_preloaded_taxonomies","2026-08-03T02:01:21.580Z","{""group"":""subcategories"",""key"":""chino"",""parent_count"":3}","2dad9b2eaa9e0b3966064c40708d8fff9be454662a8eba631cdaf427266f1f53"
"uniqlo","58442","58046","슬랙스","팬츠 > 와이드 팬츠 > 슬랙스","팬츠 > 와이드 팬츠 > 슬랙스","3","MEN","true","unknown","https://www.uniqlo.com/kr/ko/men_navigation","official_navigation_preloaded_taxonomies","2026-08-03T02:01:21.580Z","{""group"":""subcategories"",""key"":""trousers"",""parent_count"":3}","2dad9b2eaa9e0b3966064c40708d8fff9be454662a8eba631cdaf427266f1f53"
"uniqlo","148873","58046","스웨트","팬츠 > 와이드 팬츠 > 스웨트","팬츠 > 와이드 팬츠 > 스웨트","3","MEN","true","unknown","https://www.uniqlo.com/kr/ko/men_navigation","official_navigation_preloaded_taxonomies","2026-08-03T02:01:21.580Z","{""group"":""subcategories"",""key"":""sweats"",""parent_count"":3}","2dad9b2eaa9e0b3966064c40708d8fff9be454662a8eba631cdaf427266f1f53"
"uniqlo","102595","58046","UNIQLO and JW ANDERSON","팬츠 > 와이드 팬츠 > UNIQLO and JW ANDERSON","팬츠 > 와이드 팬츠 > UNIQLO and JW ANDERSON","3","MEN","true","unknown","https://www.uniqlo.com/kr/ko/men_navigation","official_navigation_preloaded_taxonomies","2026-08-03T02:01:21.580Z","{""group"":""subcategories"",""key"":""uniqlo-and-jw-anderson"",""parent_count"":3}","2dad9b2eaa9e0b3966064c40708d8fff9be454662a8eba631cdaf427266f1f53"
"uniqlo","136618","58046","긴 기장","팬츠 > 와이드 팬츠 > 긴 기장","팬츠 > 와이드 팬츠 > 긴 기장","3","MEN","true","unknown","https://www.uniqlo.com/kr/ko/men_navigation","official_navigation_preloaded_taxonomies","2026-08-03T02:01:21.580Z","{""group"":""subcategories"",""key"":""long-length"",""parent_count"":3}","2dad9b2eaa9e0b3966064c40708d8fff9be454662a8eba631cdaf427266f1f53"
"uniqlo","138812","58046","유니섹스","팬츠 > 와이드 팬츠 > 유니섹스","팬츠 > 와이드 팬츠 > 유니섹스","3","MEN","true","unknown","https://www.uniqlo.com/kr/ko/men_navigation","official_navigation_preloaded_taxonomies","2026-08-03T02:01:21.580Z","{""group"":""subcategories"",""key"":""unisex"",""parent_count"":3}","2dad9b2eaa9e0b3966064c40708d8fff9be454662a8eba631cdaf427266f1f53"
"uniqlo","58445","58046","그 외","팬츠 > 와이드 팬츠 > 그 외","팬츠 > 와이드 팬츠 > 그 외","3","MEN","true","unknown","https://www.uniqlo.com/kr/ko/men_navigation","official_navigation_preloaded_taxonomies","2026-08-03T02:01:21.580Z","{""group"":""subcategories"",""key"":""others"",""parent_count"":3}","2dad9b2eaa9e0b3966064c40708d8fff9be454662a8eba631cdaf427266f1f53"
"uniqlo","124370","58046","GU","팬츠 > 와이드 팬츠 > GU","팬츠 > 와이드 팬츠 > GU","3","MEN","true","unknown","https://www.uniqlo.com/kr/ko/men_navigation","official_navigation_preloaded_taxonomies","2026-08-03T02:01:21.580Z","{""group"":""subcategories"",""key"":""gu"",""parent_count"":3}","2dad9b2eaa9e0b3966064c40708d8fff9be454662a8eba631cdaf427266f1f53"
"uniqlo","58456","58049","조거","팬츠 > 캐주얼 팬츠 > 조거","팬츠 > 캐주얼 팬츠 > 조거","3","MEN","true","unknown","https://www.uniqlo.com/kr/ko/men_navigation","official_navigation_preloaded_taxonomies","2026-08-03T02:01:21.580Z","{""group"":""subcategories"",""key"":""jogger"",""parent_count"":3}","2dad9b2eaa9e0b3966064c40708d8fff9be454662a8eba631cdaf427266f1f53"
"uniqlo","114926","58049","울트라 스트레치","팬츠 > 캐주얼 팬츠 > 울트라 스트레치","팬츠 > 캐주얼 팬츠 > 울트라 스트레치","3","MEN","true","unknown","https://www.uniqlo.com/kr/ko/men_navigation","official_navigation_preloaded_taxonomies","2026-08-03T02:01:21.580Z","{""group"":""subcategories"",""key"":""ultra-stretch"",""parent_count"":3}","2dad9b2eaa9e0b3966064c40708d8fff9be454662a8eba631cdaf427266f1f53"
"uniqlo","62687","58049","리넨","팬츠 > 캐주얼 팬츠 > 리넨","팬츠 > 캐주얼 팬츠 > 리넨","3","MEN","true","unknown","https://www.uniqlo.com/kr/ko/men_navigation","official_navigation_preloaded_taxonomies","2026-08-03T02:01:21.580Z","{""group"":""subcategories"",""key"":""linen"",""parent_count"":3}","2dad9b2eaa9e0b3966064c40708d8fff9be454662a8eba631cdaf427266f1f53"
"uniqlo","58455","58049","유틸리티(카고ㆍ커브)","팬츠 > 캐주얼 팬츠 > 유틸리티(카고ㆍ커브)","팬츠 > 캐주얼 팬츠 > 유틸리티(카고ㆍ커브)","3","MEN","true","unknown","https://www.uniqlo.com/kr/ko/men_navigation","official_navigation_preloaded_taxonomies","2026-08-03T02:01:21.580Z","{""group"":""subcategories"",""key"":""utility"",""parent_count"":3}","2dad9b2eaa9e0b3966064c40708d8fff9be454662a8eba631cdaf427266f1f53"
"uniqlo","58458","58049","이지(허리 밴딩)","팬츠 > 캐주얼 팬츠 > 이지(허리 밴딩)","팬츠 > 캐주얼 팬츠 > 이지(허리 밴딩)","3","MEN","true","unknown","https://www.uniqlo.com/kr/ko/men_navigation","official_navigation_preloaded_taxonomies","2026-08-03T02:01:21.580Z","{""group"":""subcategories"",""key"":""easy"",""parent_count"":3}","2dad9b2eaa9e0b3966064c40708d8fff9be454662a8eba631cdaf427266f1f53"
"uniqlo","116010","58049","스웨트 팬츠","팬츠 > 캐주얼 팬츠 > 스웨트 팬츠","팬츠 > 캐주얼 팬츠 > 스웨트 팬츠","3","MEN","true","unknown","https://www.uniqlo.com/kr/ko/men_navigation","official_navigation_preloaded_taxonomies","2026-08-03T02:01:21.580Z","{""group"":""subcategories"",""key"":""sweat"",""parent_count"":3}","2dad9b2eaa9e0b3966064c40708d8fff9be454662a8eba631cdaf427266f1f53"
"uniqlo","120002","58049","슬랙스(트라우저)","팬츠 > 캐주얼 팬츠 > 슬랙스(트라우저)","팬츠 > 캐주얼 팬츠 > 슬랙스(트라우저)","3","MEN","true","unknown","https://www.uniqlo.com/kr/ko/men_navigation","official_navigation_preloaded_taxonomies","2026-08-03T02:01:21.580Z","{""group"":""subcategories"",""key"":""trousers"",""parent_count"":3}","2dad9b2eaa9e0b3966064c40708d8fff9be454662a8eba631cdaf427266f1f53"
"uniqlo","62974","58049","웜 팬츠","팬츠 > 캐주얼 팬츠 > 웜 팬츠","팬츠 > 캐주얼 팬츠 > 웜 팬츠","3","MEN","true","unknown","https://www.uniqlo.com/kr/ko/men_navigation","official_navigation_preloaded_taxonomies","2026-08-03T02:01:21.580Z","{""group"":""subcategories"",""key"":""warm-lined-pants"",""parent_count"":3}","2dad9b2eaa9e0b3966064c40708d8fff9be454662a8eba631cdaf427266f1f53"
"uniqlo","98358","58049","후리스 팬츠","팬츠 > 캐주얼 팬츠 > 후리스 팬츠","팬츠 > 캐주얼 팬츠 > 후리스 팬츠","3","MEN","true","unknown","https://www.uniqlo.com/kr/ko/men_navigation","official_navigation_preloaded_taxonomies","2026-08-03T02:01:21.580Z","{""group"":""subcategories"",""key"":""fleece"",""parent_count"":3}","2dad9b2eaa9e0b3966064c40708d8fff9be454662a8eba631cdaf427266f1f53"
"uniqlo","58459","58049","그 외","팬츠 > 캐주얼 팬츠 > 그 외","팬츠 > 캐주얼 팬츠 > 그 외","3","MEN","true","unknown","https://www.uniqlo.com/kr/ko/men_navigation","official_navigation_preloaded_taxonomies","2026-08-03T02:01:21.580Z","{""group"":""subcategories"",""key"":""others"",""parent_count"":3}","2dad9b2eaa9e0b3966064c40708d8fff9be454662a8eba631cdaf427266f1f53"
"uniqlo","124371","58049","GU","팬츠 > 캐주얼 팬츠 > GU","팬츠 > 캐주얼 팬츠 > GU","3","MEN","true","unknown","https://www.uniqlo.com/kr/ko/men_navigation","official_navigation_preloaded_taxonomies","2026-08-03T02:01:21.580Z","{""group"":""subcategories"",""key"":""gu"",""parent_count"":3}","2dad9b2eaa9e0b3966064c40708d8fff9be454662a8eba631cdaf427266f1f53"
"uniqlo","98359","58049","코듀로이 팬츠","팬츠 > 캐주얼 팬츠 > 코듀로이 팬츠","팬츠 > 캐주얼 팬츠 > 코듀로이 팬츠","3","MEN","true","unknown","https://www.uniqlo.com/kr/ko/men_navigation","official_navigation_preloaded_taxonomies","2026-08-03T02:01:21.580Z","{""group"":""subcategories"",""key"":""corduroy"",""parent_count"":3}","2dad9b2eaa9e0b3966064c40708d8fff9be454662a8eba631cdaf427266f1f53"
"uniqlo","149797","58049","치노","팬츠 > 캐주얼 팬츠 > 치노","팬츠 > 캐주얼 팬츠 > 치노","3","MEN","true","unknown","https://www.uniqlo.com/kr/ko/men_navigation","official_navigation_preloaded_taxonomies","2026-08-03T02:01:21.580Z","{""group"":""subcategories"",""key"":""chino"",""parent_count"":3}","2dad9b2eaa9e0b3966064c40708d8fff9be454662a8eba631cdaf427266f1f53"
"uniqlo","58466","58052","감탄 팬츠","팬츠 > 감탄 팬츠 > 감탄 팬츠","팬츠 > 감탄 팬츠 > 감탄 팬츠","3","MEN","true","unknown","https://www.uniqlo.com/kr/ko/men_navigation","official_navigation_preloaded_taxonomies","2026-08-03T02:01:21.580Z","{""group"":""subcategories"",""key"":""gamtan-pants"",""parent_count"":3}","2dad9b2eaa9e0b3966064c40708d8fff9be454662a8eba631cdaf427266f1f53"
"uniqlo","58467","58052","감탄 팬츠(라이트)","팬츠 > 감탄 팬츠 > 감탄 팬츠(라이트)","팬츠 > 감탄 팬츠 > 감탄 팬츠(라이트)","3","MEN","true","unknown","https://www.uniqlo.com/kr/ko/men_navigation","official_navigation_preloaded_taxonomies","2026-08-03T02:01:21.580Z","{""group"":""subcategories"",""key"":""gamtan-pants-light"",""parent_count"":3}","2dad9b2eaa9e0b3966064c40708d8fff9be454662a8eba631cdaf427266f1f53"
"uniqlo","58468","58052","그 외","팬츠 > 감탄 팬츠 > 그 외","팬츠 > 감탄 팬츠 > 그 외","3","MEN","true","unknown","https://www.uniqlo.com/kr/ko/men_navigation","official_navigation_preloaded_taxonomies","2026-08-03T02:01:21.580Z","{""group"":""subcategories"",""key"":""others"",""parent_count"":3}","2dad9b2eaa9e0b3966064c40708d8fff9be454662a8eba631cdaf427266f1f53"
"uniqlo","87337","58052","반바지","팬츠 > 감탄 팬츠 > 반바지","팬츠 > 감탄 팬츠 > 반바지","3","MEN","true","unknown","https://www.uniqlo.com/kr/ko/men_navigation","official_navigation_preloaded_taxonomies","2026-08-03T02:01:21.580Z","{""group"":""subcategories"",""key"":""shorts"",""parent_count"":3}","2dad9b2eaa9e0b3966064c40708d8fff9be454662a8eba631cdaf427266f1f53"
"uniqlo","100101","58048","UNIQLO : C","팬츠 > 진(청바지) > UNIQLO : C","팬츠 > 진(청바지) > UNIQLO : C","3","MEN","true","unknown","https://www.uniqlo.com/kr/ko/men_navigation","official_navigation_preloaded_taxonomies","2026-08-03T02:01:21.580Z","{""group"":""subcategories"",""key"":""uniqlo-c"",""parent_count"":3}","2dad9b2eaa9e0b3966064c40708d8fff9be454662a8eba631cdaf427266f1f53"
"uniqlo","62686","58048","UNIQLO and JW ANDERSON","팬츠 > 진(청바지) > UNIQLO and JW ANDERSON","팬츠 > 진(청바지) > UNIQLO and JW ANDERSON","3","MEN","true","unknown","https://www.uniqlo.com/kr/ko/men_navigation","official_navigation_preloaded_taxonomies","2026-08-03T02:01:21.580Z","{""group"":""subcategories"",""key"":""uniqlo-and-jw-anderson"",""parent_count"":3}","2dad9b2eaa9e0b3966064c40708d8fff9be454662a8eba631cdaf427266f1f53"
"uniqlo","58453","58048","와이드","팬츠 > 진(청바지) > 와이드","팬츠 > 진(청바지) > 와이드","3","MEN","true","unknown","https://www.uniqlo.com/kr/ko/men_navigation","official_navigation_preloaded_taxonomies","2026-08-03T02:01:21.580Z","{""group"":""subcategories"",""key"":""wide"",""parent_count"":3}","2dad9b2eaa9e0b3966064c40708d8fff9be454662a8eba631cdaf427266f1f53"
"uniqlo","149796","58048","배기","팬츠 > 진(청바지) > 배기","팬츠 > 진(청바지) > 배기","3","MEN","true","unknown","https://www.uniqlo.com/kr/ko/men_navigation","official_navigation_preloaded_taxonomies","2026-08-03T02:01:21.580Z","{""group"":""subcategories"",""key"":""baggy"",""parent_count"":3}","2dad9b2eaa9e0b3966064c40708d8fff9be454662a8eba631cdaf427266f1f53"
"uniqlo","123531","58048","스트레이트","팬츠 > 진(청바지) > 스트레이트","팬츠 > 진(청바지) > 스트레이트","3","MEN","true","unknown","https://www.uniqlo.com/kr/ko/men_navigation","official_navigation_preloaded_taxonomies","2026-08-03T02:01:21.580Z","{""group"":""subcategories"",""key"":""straight"",""parent_count"":3}","2dad9b2eaa9e0b3966064c40708d8fff9be454662a8eba631cdaf427266f1f53"
"uniqlo","58452","58048","레귤러","팬츠 > 진(청바지) > 레귤러","팬츠 > 진(청바지) > 레귤러","3","MEN","true","unknown","https://www.uniqlo.com/kr/ko/men_navigation","official_navigation_preloaded_taxonomies","2026-08-03T02:01:21.580Z","{""group"":""subcategories"",""key"":""regular"",""parent_count"":3}","2dad9b2eaa9e0b3966064c40708d8fff9be454662a8eba631cdaf427266f1f53"
"uniqlo","58450","58048","슬림","팬츠 > 진(청바지) > 슬림","팬츠 > 진(청바지) > 슬림","3","MEN","true","unknown","https://www.uniqlo.com/kr/ko/men_navigation","official_navigation_preloaded_taxonomies","2026-08-03T02:01:21.580Z","{""group"":""subcategories"",""key"":""slim"",""parent_count"":3}","2dad9b2eaa9e0b3966064c40708d8fff9be454662a8eba631cdaf427266f1f53"
"uniqlo","58451","58048","셀비지","팬츠 > 진(청바지) > 셀비지","팬츠 > 진(청바지) > 셀비지","3","MEN","true","unknown","https://www.uniqlo.com/kr/ko/men_navigation","official_navigation_preloaded_taxonomies","2026-08-03T02:01:21.580Z","{""group"":""subcategories"",""key"":""selvage"",""parent_count"":3}","2dad9b2eaa9e0b3966064c40708d8fff9be454662a8eba631cdaf427266f1f53"
"uniqlo","62684","58048","히트텍","팬츠 > 진(청바지) > 히트텍","팬츠 > 진(청바지) > 히트텍","3","MEN","true","unknown","https://www.uniqlo.com/kr/ko/men_navigation","official_navigation_preloaded_taxonomies","2026-08-03T02:01:21.580Z","{""group"":""subcategories"",""key"":""heattech-pants"",""parent_count"":3}","2dad9b2eaa9e0b3966064c40708d8fff9be454662a8eba631cdaf427266f1f53"
"uniqlo","107791","58048","GU","팬츠 > 진(청바지) > GU","팬츠 > 진(청바지) > GU","3","MEN","true","unknown","https://www.uniqlo.com/kr/ko/men_navigation","official_navigation_preloaded_taxonomies","2026-08-03T02:01:21.580Z","{""group"":""subcategories"",""key"":""gu"",""parent_count"":3}","2dad9b2eaa9e0b3966064c40708d8fff9be454662a8eba631cdaf427266f1f53"
"uniqlo","125776","58048","Uniqlo U","팬츠 > 진(청바지) > Uniqlo U","팬츠 > 진(청바지) > Uniqlo U","3","MEN","true","unknown","https://www.uniqlo.com/kr/ko/men_navigation","official_navigation_preloaded_taxonomies","2026-08-03T02:01:21.580Z","{""group"":""subcategories"",""key"":""uniqlo-u"",""parent_count"":3}","2dad9b2eaa9e0b3966064c40708d8fff9be454662a8eba631cdaf427266f1f53"
"uniqlo","58460","58050","스웨트","팬츠 > 스웨트 팬츠 & 조거 팬츠 > 스웨트","팬츠 > 스웨트 팬츠 & 조거 팬츠 > 스웨트","3","MEN","true","unknown","https://www.uniqlo.com/kr/ko/men_navigation","official_navigation_preloaded_taxonomies","2026-08-03T02:01:21.580Z","{""group"":""subcategories"",""key"":""sweat"",""parent_count"":3}","2dad9b2eaa9e0b3966064c40708d8fff9be454662a8eba631cdaf427266f1f53"
"uniqlo","117292","58050","조거 팬츠","팬츠 > 스웨트 팬츠 & 조거 팬츠 > 조거 팬츠","팬츠 > 스웨트 팬츠 & 조거 팬츠 > 조거 팬츠","3","MEN","true","unknown","https://www.uniqlo.com/kr/ko/men_navigation","official_navigation_preloaded_taxonomies","2026-08-03T02:01:21.580Z","{""group"":""subcategories"",""key"":""jogger"",""parent_count"":3}","2dad9b2eaa9e0b3966064c40708d8fff9be454662a8eba631cdaf427266f1f53"
"uniqlo","117524","58050","쇼트 팬츠","팬츠 > 스웨트 팬츠 & 조거 팬츠 > 쇼트 팬츠","팬츠 > 스웨트 팬츠 & 조거 팬츠 > 쇼트 팬츠","3","MEN","true","unknown","https://www.uniqlo.com/kr/ko/men_navigation","official_navigation_preloaded_taxonomies","2026-08-03T02:01:21.580Z","{""group"":""subcategories"",""key"":""shorts"",""parent_count"":3}","2dad9b2eaa9e0b3966064c40708d8fff9be454662a8eba631cdaf427266f1f53"
"uniqlo","58461","58050","드라이 스웨트","팬츠 > 스웨트 팬츠 & 조거 팬츠 > 드라이 스웨트","팬츠 > 스웨트 팬츠 & 조거 팬츠 > 드라이 스웨트","3","MEN","true","unknown","https://www.uniqlo.com/kr/ko/men_navigation","official_navigation_preloaded_taxonomies","2026-08-03T02:01:21.580Z","{""group"":""subcategories"",""key"":""dry-sweat"",""parent_count"":3}","2dad9b2eaa9e0b3966064c40708d8fff9be454662a8eba631cdaf427266f1f53"
"uniqlo","62979","58050","그 외","팬츠 > 스웨트 팬츠 & 조거 팬츠 > 그 외","팬츠 > 스웨트 팬츠 & 조거 팬츠 > 그 외","3","MEN","true","unknown","https://www.uniqlo.com/kr/ko/men_navigation","official_navigation_preloaded_taxonomies","2026-08-03T02:01:21.580Z","{""group"":""subcategories"",""key"":""others"",""parent_count"":3}","2dad9b2eaa9e0b3966064c40708d8fff9be454662a8eba631cdaf427266f1f53"
"uniqlo","98363","58050","보아 스웨트","팬츠 > 스웨트 팬츠 & 조거 팬츠 > 보아 스웨트","팬츠 > 스웨트 팬츠 & 조거 팬츠 > 보아 스웨트","3","MEN","true","unknown","https://www.uniqlo.com/kr/ko/men_navigation","official_navigation_preloaded_taxonomies","2026-08-03T02:01:21.580Z","{""group"":""subcategories"",""key"":""pile-lined-sweat"",""parent_count"":3}","2dad9b2eaa9e0b3966064c40708d8fff9be454662a8eba631cdaf427266f1f53"
"uniqlo","98360","58047","와이드","팬츠 > 치노 팬츠 > 와이드","팬츠 > 치노 팬츠 > 와이드","3","MEN","true","unknown","https://www.uniqlo.com/kr/ko/men_navigation","official_navigation_preloaded_taxonomies","2026-08-03T02:01:21.580Z","{""group"":""subcategories"",""key"":""wide"",""parent_count"":3}","2dad9b2eaa9e0b3966064c40708d8fff9be454662a8eba631cdaf427266f1f53"
"uniqlo","98361","58047","레귤러","팬츠 > 치노 팬츠 > 레귤러","팬츠 > 치노 팬츠 > 레귤러","3","MEN","true","unknown","https://www.uniqlo.com/kr/ko/men_navigation","official_navigation_preloaded_taxonomies","2026-08-03T02:01:21.580Z","{""group"":""subcategories"",""key"":""regular"",""parent_count"":3}","2dad9b2eaa9e0b3966064c40708d8fff9be454662a8eba631cdaf427266f1f53"
"uniqlo","58446","58047","슬림","팬츠 > 치노 팬츠 > 슬림","팬츠 > 치노 팬츠 > 슬림","3","MEN","true","unknown","https://www.uniqlo.com/kr/ko/men_navigation","official_navigation_preloaded_taxonomies","2026-08-03T02:01:21.580Z","{""group"":""subcategories"",""key"":""slim"",""parent_count"":3}","2dad9b2eaa9e0b3966064c40708d8fff9be454662a8eba631cdaf427266f1f53"
"uniqlo","58447","58047","그 외","팬츠 > 치노 팬츠 > 그 외","팬츠 > 치노 팬츠 > 그 외","3","MEN","true","unknown","https://www.uniqlo.com/kr/ko/men_navigation","official_navigation_preloaded_taxonomies","2026-08-03T02:01:21.580Z","{""group"":""subcategories"",""key"":""others"",""parent_count"":3}","2dad9b2eaa9e0b3966064c40708d8fff9be454662a8eba631cdaf427266f1f53"
"uniqlo","58471","58053","스마트 앵클 팬츠","팬츠 > 슬랙스(트라우저) > 스마트 앵클 팬츠","팬츠 > 슬랙스(트라우저) > 스마트 앵클 팬츠","3","MEN","true","unknown","https://www.uniqlo.com/kr/ko/men_navigation","official_navigation_preloaded_taxonomies","2026-08-03T02:01:21.580Z","{""group"":""subcategories"",""key"":""smart-pants"",""parent_count"":3}","2dad9b2eaa9e0b3966064c40708d8fff9be454662a8eba631cdaf427266f1f53"
"uniqlo","58470","58053","감탄 팬츠","팬츠 > 슬랙스(트라우저) > 감탄 팬츠","팬츠 > 슬랙스(트라우저) > 감탄 팬츠","3","MEN","true","unknown","https://www.uniqlo.com/kr/ko/men_navigation","official_navigation_preloaded_taxonomies","2026-08-03T02:01:21.580Z","{""group"":""subcategories"",""key"":""gamtan-pants"",""parent_count"":3}","2dad9b2eaa9e0b3966064c40708d8fff9be454662a8eba631cdaf427266f1f53"
"uniqlo","100087","58053","와이드 팬츠","팬츠 > 슬랙스(트라우저) > 와이드 팬츠","팬츠 > 슬랙스(트라우저) > 와이드 팬츠","3","MEN","true","unknown","https://www.uniqlo.com/kr/ko/men_navigation","official_navigation_preloaded_taxonomies","2026-08-03T02:01:21.580Z","{""group"":""subcategories"",""key"":""wide"",""parent_count"":3}","2dad9b2eaa9e0b3966064c40708d8fff9be454662a8eba631cdaf427266f1f53"
"uniqlo","98362","58053","셋업","팬츠 > 슬랙스(트라우저) > 셋업","팬츠 > 슬랙스(트라우저) > 셋업","3","MEN","true","unknown","https://www.uniqlo.com/kr/ko/men_navigation","official_navigation_preloaded_taxonomies","2026-08-03T02:01:21.580Z","{""group"":""subcategories"",""key"":""set-up"",""parent_count"":3}","2dad9b2eaa9e0b3966064c40708d8fff9be454662a8eba631cdaf427266f1f53"
"uniqlo","58472","58053","그 외","팬츠 > 슬랙스(트라우저) > 그 외","팬츠 > 슬랙스(트라우저) > 그 외","3","MEN","true","unknown","https://www.uniqlo.com/kr/ko/men_navigation","official_navigation_preloaded_taxonomies","2026-08-03T02:01:21.580Z","{""group"":""subcategories"",""key"":""others"",""parent_count"":3}","2dad9b2eaa9e0b3966064c40708d8fff9be454662a8eba631cdaf427266f1f53"
"uniqlo","62980","58053","히트텍 팬츠","팬츠 > 슬랙스(트라우저) > 히트텍 팬츠","팬츠 > 슬랙스(트라우저) > 히트텍 팬츠","3","MEN","true","unknown","https://www.uniqlo.com/kr/ko/men_navigation","official_navigation_preloaded_taxonomies","2026-08-03T02:01:21.580Z","{""group"":""subcategories"",""key"":""heattech-pants"",""parent_count"":3}","2dad9b2eaa9e0b3966064c40708d8fff9be454662a8eba631cdaf427266f1f53"
"uniqlo","58507","58061","메쉬","이너웨어 > 에어리즘 > 메쉬","이너웨어 > 에어리즘 > 메쉬","3","MEN","true","unknown","https://www.uniqlo.com/kr/ko/men_navigation","official_navigation_preloaded_taxonomies","2026-08-03T02:01:21.580Z","{""group"":""subcategories"",""key"":""mesh"",""parent_count"":3}","2dad9b2eaa9e0b3966064c40708d8fff9be454662a8eba631cdaf427266f1f53"
"uniqlo","58505","58061","에어리즘","이너웨어 > 에어리즘 > 에어리즘","이너웨어 > 에어리즘 > 에어리즘","3","MEN","true","unknown","https://www.uniqlo.com/kr/ko/men_navigation","official_navigation_preloaded_taxonomies","2026-08-03T02:01:21.580Z","{""group"":""subcategories"",""key"":""airism"",""parent_count"":3}","2dad9b2eaa9e0b3966064c40708d8fff9be454662a8eba631cdaf427266f1f53"
"uniqlo","58506","58061","코튼","이너웨어 > 에어리즘 > 코튼","이너웨어 > 에어리즘 > 코튼","3","MEN","true","unknown","https://www.uniqlo.com/kr/ko/men_navigation","official_navigation_preloaded_taxonomies","2026-08-03T02:01:21.580Z","{""group"":""subcategories"",""key"":""airism-cotton"",""parent_count"":3}","2dad9b2eaa9e0b3966064c40708d8fff9be454662a8eba631cdaf427266f1f53"
"uniqlo","58510","58061","심리스","이너웨어 > 에어리즘 > 심리스","이너웨어 > 에어리즘 > 심리스","3","MEN","true","unknown","https://www.uniqlo.com/kr/ko/men_navigation","official_navigation_preloaded_taxonomies","2026-08-03T02:01:21.580Z","{""group"":""subcategories"",""key"":""seamless"",""parent_count"":3}","2dad9b2eaa9e0b3966064c40708d8fff9be454662a8eba631cdaf427266f1f53"
"uniqlo","58511","58061","브리프 (레귤러)","이너웨어 > 에어리즘 > 브리프 (레귤러)","이너웨어 > 에어리즘 > 브리프 (레귤러)","3","MEN","true","unknown","https://www.uniqlo.com/kr/ko/men_navigation","official_navigation_preloaded_taxonomies","2026-08-03T02:01:21.580Z","{""group"":""subcategories"",""key"":""briefs"",""parent_count"":3}","2dad9b2eaa9e0b3966064c40708d8fff9be454662a8eba631cdaf427266f1f53"
"uniqlo","58512","58061","브리프 (로라이즈)","이너웨어 > 에어리즘 > 브리프 (로라이즈)","이너웨어 > 에어리즘 > 브리프 (로라이즈)","3","MEN","true","unknown","https://www.uniqlo.com/kr/ko/men_navigation","official_navigation_preloaded_taxonomies","2026-08-03T02:01:21.580Z","{""group"":""subcategories"",""key"":""briefs-low-rise"",""parent_count"":3}","2dad9b2eaa9e0b3966064c40708d8fff9be454662a8eba631cdaf427266f1f53"
"uniqlo","58513","58061","트렁크","이너웨어 > 에어리즘 > 트렁크","이너웨어 > 에어리즘 > 트렁크","3","MEN","true","unknown","https://www.uniqlo.com/kr/ko/men_navigation","official_navigation_preloaded_taxonomies","2026-08-03T02:01:21.580Z","{""group"":""subcategories"",""key"":""trunks"",""parent_count"":3}","2dad9b2eaa9e0b3966064c40708d8fff9be454662a8eba631cdaf427266f1f53"
"uniqlo","58514","58061","V넥","이너웨어 > 에어리즘 > V넥","이너웨어 > 에어리즘 > V넥","3","MEN","true","unknown","https://www.uniqlo.com/kr/ko/men_navigation","official_navigation_preloaded_taxonomies","2026-08-03T02:01:21.580Z","{""group"":""subcategories"",""key"":""v-neck"",""parent_count"":3}","2dad9b2eaa9e0b3966064c40708d8fff9be454662a8eba631cdaf427266f1f53"
"uniqlo","58515","58061","크루넥","이너웨어 > 에어리즘 > 크루넥","이너웨어 > 에어리즘 > 크루넥","3","MEN","true","unknown","https://www.uniqlo.com/kr/ko/men_navigation","official_navigation_preloaded_taxonomies","2026-08-03T02:01:21.580Z","{""group"":""subcategories"",""key"":""crew-neck"",""parent_count"":3}","2dad9b2eaa9e0b3966064c40708d8fff9be454662a8eba631cdaf427266f1f53"
"uniqlo","82708","58061","슬리브리스","이너웨어 > 에어리즘 > 슬리브리스","이너웨어 > 에어리즘 > 슬리브리스","3","MEN","true","unknown","https://www.uniqlo.com/kr/ko/men_navigation","official_navigation_preloaded_taxonomies","2026-08-03T02:01:21.580Z","{""group"":""subcategories"",""key"":""sleeveless"",""parent_count"":3}","2dad9b2eaa9e0b3966064c40708d8fff9be454662a8eba631cdaf427266f1f53"
"uniqlo","58509","58061","긴팔","이너웨어 > 에어리즘 > 긴팔","이너웨어 > 에어리즘 > 긴팔","3","MEN","true","unknown","https://www.uniqlo.com/kr/ko/men_navigation","official_navigation_preloaded_taxonomies","2026-08-03T02:01:21.580Z","{""group"":""subcategories"",""key"":""long-sleeve"",""parent_count"":3}","2dad9b2eaa9e0b3966064c40708d8fff9be454662a8eba631cdaf427266f1f53"
"uniqlo","58516","58061","그 외","이너웨어 > 에어리즘 > 그 외","이너웨어 > 에어리즘 > 그 외","3","MEN","true","unknown","https://www.uniqlo.com/kr/ko/men_navigation","official_navigation_preloaded_taxonomies","2026-08-03T02:01:21.580Z","{""group"":""subcategories"",""key"":""others"",""parent_count"":3}","2dad9b2eaa9e0b3966064c40708d8fff9be454662a8eba631cdaf427266f1f53"
"uniqlo","58525","58063","에어리즘 심리스 브리프","이너웨어 > 언더웨어 > 에어리즘 심리스 브리프","이너웨어 > 언더웨어 > 에어리즘 심리스 브리프","3","MEN","true","unknown","https://www.uniqlo.com/kr/ko/men_navigation","official_navigation_preloaded_taxonomies","2026-08-03T02:01:21.580Z","{""group"":""subcategories"",""key"":""airism-seamless"",""parent_count"":3}","2dad9b2eaa9e0b3966064c40708d8fff9be454662a8eba631cdaf427266f1f53"
"uniqlo","58526","58063","에어리즘 브리프","이너웨어 > 언더웨어 > 에어리즘 브리프","이너웨어 > 언더웨어 > 에어리즘 브리프","3","MEN","true","unknown","https://www.uniqlo.com/kr/ko/men_navigation","official_navigation_preloaded_taxonomies","2026-08-03T02:01:21.580Z","{""group"":""subcategories"",""key"":""airism-regular"",""parent_count"":3}","2dad9b2eaa9e0b3966064c40708d8fff9be454662a8eba631cdaf427266f1f53"
"uniqlo","58528","58063","에어리즘 트렁크","이너웨어 > 언더웨어 > 에어리즘 트렁크","이너웨어 > 언더웨어 > 에어리즘 트렁크","3","MEN","true","unknown","https://www.uniqlo.com/kr/ko/men_navigation","official_navigation_preloaded_taxonomies","2026-08-03T02:01:21.580Z","{""group"":""subcategories"",""key"":""airism-trunks"",""parent_count"":3}","2dad9b2eaa9e0b3966064c40708d8fff9be454662a8eba631cdaf427266f1f53"
"uniqlo","118977","58063","코튼 브리프","이너웨어 > 언더웨어 > 코튼 브리프","이너웨어 > 언더웨어 > 코튼 브리프","3","MEN","true","unknown","https://www.uniqlo.com/kr/ko/men_navigation","official_navigation_preloaded_taxonomies","2026-08-03T02:01:21.580Z","{""group"":""subcategories"",""key"":""boxer"",""parent_count"":3}","2dad9b2eaa9e0b3966064c40708d8fff9be454662a8eba631cdaf427266f1f53"
"uniqlo","58531","58063","코튼 트렁크","이너웨어 > 언더웨어 > 코튼 트렁크","이너웨어 > 언더웨어 > 코튼 트렁크","3","MEN","true","unknown","https://www.uniqlo.com/kr/ko/men_navigation","official_navigation_preloaded_taxonomies","2026-08-03T02:01:21.580Z","{""group"":""subcategories"",""key"":""trunks"",""parent_count"":3}","2dad9b2eaa9e0b3966064c40708d8fff9be454662a8eba631cdaf427266f1f53"
"uniqlo","58532","58063","그 외","이너웨어 > 언더웨어 > 그 외","이너웨어 > 언더웨어 > 그 외","3","MEN","true","unknown","https://www.uniqlo.com/kr/ko/men_navigation","official_navigation_preloaded_taxonomies","2026-08-03T02:01:21.580Z","{""group"":""subcategories"",""key"":""others"",""parent_count"":3}","2dad9b2eaa9e0b3966064c40708d8fff9be454662a8eba631cdaf427266f1f53"
"uniqlo","58533","58065","컬러 삭스","이너웨어 > 양말 > 컬러 삭스","이너웨어 > 양말 > 컬러 삭스","3","MEN","true","unknown","https://www.uniqlo.com/kr/ko/men_navigation","official_navigation_preloaded_taxonomies","2026-08-03T02:01:21.580Z","{""group"":""subcategories"",""key"":""colorful-socks"",""parent_count"":3}","2dad9b2eaa9e0b3966064c40708d8fff9be454662a8eba631cdaf427266f1f53"
"uniqlo","58534","58065","레귤러 삭스","이너웨어 > 양말 > 레귤러 삭스","이너웨어 > 양말 > 레귤러 삭스","3","MEN","true","unknown","https://www.uniqlo.com/kr/ko/men_navigation","official_navigation_preloaded_taxonomies","2026-08-03T02:01:21.580Z","{""group"":""subcategories"",""key"":""regular"",""parent_count"":3}","2dad9b2eaa9e0b3966064c40708d8fff9be454662a8eba631cdaf427266f1f53"
"uniqlo","58535","58065","하프 삭스","이너웨어 > 양말 > 하프 삭스","이너웨어 > 양말 > 하프 삭스","3","MEN","true","unknown","https://www.uniqlo.com/kr/ko/men_navigation","official_navigation_preloaded_taxonomies","2026-08-03T02:01:21.580Z","{""group"":""subcategories"",""key"":""half"",""parent_count"":3}","2dad9b2eaa9e0b3966064c40708d8fff9be454662a8eba631cdaf427266f1f53"
"uniqlo","58536","58065","쇼트 삭스","이너웨어 > 양말 > 쇼트 삭스","이너웨어 > 양말 > 쇼트 삭스","3","MEN","true","unknown","https://www.uniqlo.com/kr/ko/men_navigation","official_navigation_preloaded_taxonomies","2026-08-03T02:01:21.580Z","{""group"":""subcategories"",""key"":""short"",""parent_count"":3}","2dad9b2eaa9e0b3966064c40708d8fff9be454662a8eba631cdaf427266f1f53"
"uniqlo","58537","58065","베리 쇼트 삭스","이너웨어 > 양말 > 베리 쇼트 삭스","이너웨어 > 양말 > 베리 쇼트 삭스","3","MEN","true","unknown","https://www.uniqlo.com/kr/ko/men_navigation","official_navigation_preloaded_taxonomies","2026-08-03T02:01:21.580Z","{""group"":""subcategories"",""key"":""very-short"",""parent_count"":3}","2dad9b2eaa9e0b3966064c40708d8fff9be454662a8eba631cdaf427266f1f53"
"uniqlo","58539","58065","스포츠 삭스","이너웨어 > 양말 > 스포츠 삭스","이너웨어 > 양말 > 스포츠 삭스","3","MEN","true","unknown","https://www.uniqlo.com/kr/ko/men_navigation","official_navigation_preloaded_taxonomies","2026-08-03T02:01:21.580Z","{""group"":""subcategories"",""key"":""sports"",""parent_count"":3}","2dad9b2eaa9e0b3966064c40708d8fff9be454662a8eba631cdaf427266f1f53"
"uniqlo","58540","58065","히트텍 삭스","이너웨어 > 양말 > 히트텍 삭스","이너웨어 > 양말 > 히트텍 삭스","3","MEN","true","unknown","https://www.uniqlo.com/kr/ko/men_navigation","official_navigation_preloaded_taxonomies","2026-08-03T02:01:21.580Z","{""group"":""subcategories"",""key"":""heattech"",""parent_count"":3}","2dad9b2eaa9e0b3966064c40708d8fff9be454662a8eba631cdaf427266f1f53"
"uniqlo","58538","58065","하이 삭스","이너웨어 > 양말 > 하이 삭스","이너웨어 > 양말 > 하이 삭스","3","MEN","true","unknown","https://www.uniqlo.com/kr/ko/men_navigation","official_navigation_preloaded_taxonomies","2026-08-03T02:01:21.580Z","{""group"":""subcategories"",""key"":""high-socks"",""parent_count"":3}","2dad9b2eaa9e0b3966064c40708d8fff9be454662a8eba631cdaf427266f1f53"
"uniqlo","107792","58065","UT 삭스","이너웨어 > 양말 > UT 삭스","이너웨어 > 양말 > UT 삭스","3","MEN","true","unknown","https://www.uniqlo.com/kr/ko/men_navigation","official_navigation_preloaded_taxonomies","2026-08-03T02:01:21.580Z","{""group"":""subcategories"",""key"":""ut-socks"",""parent_count"":3}","2dad9b2eaa9e0b3966064c40708d8fff9be454662a8eba631cdaf427266f1f53"
"uniqlo","58541","58065","그 외","이너웨어 > 양말 > 그 외","이너웨어 > 양말 > 그 외","3","MEN","true","unknown","https://www.uniqlo.com/kr/ko/men_navigation","official_navigation_preloaded_taxonomies","2026-08-03T02:01:21.580Z","{""group"":""subcategories"",""key"":""others"",""parent_count"":3}","2dad9b2eaa9e0b3966064c40708d8fff9be454662a8eba631cdaf427266f1f53"
"uniqlo","62987","58065","UNIQLO and JW ANDERSON","이너웨어 > 양말 > UNIQLO and JW ANDERSON","이너웨어 > 양말 > UNIQLO and JW ANDERSON","3","MEN","true","unknown","https://www.uniqlo.com/kr/ko/men_navigation","official_navigation_preloaded_taxonomies","2026-08-03T02:01:21.580Z","{""group"":""subcategories"",""key"":""uniqlo-and-jw-anderson"",""parent_count"":3}","2dad9b2eaa9e0b3966064c40708d8fff9be454662a8eba631cdaf427266f1f53"
"uniqlo","123533","58062","히트텍 캐시미어 블렌드","이너웨어 > 히트텍 > 히트텍 캐시미어 블렌드","이너웨어 > 히트텍 > 히트텍 캐시미어 블렌드","3","MEN","true","unknown","https://www.uniqlo.com/kr/ko/men_navigation","official_navigation_preloaded_taxonomies","2026-08-03T02:01:21.580Z","{""group"":""subcategories"",""key"":""heattech-cashmere-blend"",""parent_count"":3}","2dad9b2eaa9e0b3966064c40708d8fff9be454662a8eba631cdaf427266f1f53"
"uniqlo","98370","58062","히트텍","이너웨어 > 히트텍 > 히트텍","이너웨어 > 히트텍 > 히트텍","3","MEN","true","unknown","https://www.uniqlo.com/kr/ko/men_navigation","official_navigation_preloaded_taxonomies","2026-08-03T02:01:21.580Z","{""group"":""subcategories"",""key"":""heattech"",""parent_count"":3}","2dad9b2eaa9e0b3966064c40708d8fff9be454662a8eba631cdaf427266f1f53"
"uniqlo","98371","58062","히트텍 엑스트라 웜","이너웨어 > 히트텍 > 히트텍 엑스트라 웜","이너웨어 > 히트텍 > 히트텍 엑스트라 웜","3","MEN","true","unknown","https://www.uniqlo.com/kr/ko/men_navigation","official_navigation_preloaded_taxonomies","2026-08-03T02:01:21.580Z","{""group"":""subcategories"",""key"":""heattech-cotton-extra-warm"",""parent_count"":3}","2dad9b2eaa9e0b3966064c40708d8fff9be454662a8eba631cdaf427266f1f53"
"uniqlo","98372","58062","히트텍 울트라 웜","이너웨어 > 히트텍 > 히트텍 울트라 웜","이너웨어 > 히트텍 > 히트텍 울트라 웜","3","MEN","true","unknown","https://www.uniqlo.com/kr/ko/men_navigation","official_navigation_preloaded_taxonomies","2026-08-03T02:01:21.580Z","{""group"":""subcategories"",""key"":""ultra-warm"",""parent_count"":3}","2dad9b2eaa9e0b3966064c40708d8fff9be454662a8eba631cdaf427266f1f53"
"uniqlo","98373","58062","9부","이너웨어 > 히트텍 > 9부","이너웨어 > 히트텍 > 9부","3","MEN","true","unknown","https://www.uniqlo.com/kr/ko/men_navigation","official_navigation_preloaded_taxonomies","2026-08-03T02:01:21.580Z","{""group"":""subcategories"",""key"":""nine-quarter-sleeves"",""parent_count"":3}","2dad9b2eaa9e0b3966064c40708d8fff9be454662a8eba631cdaf427266f1f53"
"uniqlo","58519","58062","반팔","이너웨어 > 히트텍 > 반팔","이너웨어 > 히트텍 > 반팔","3","MEN","true","unknown","https://www.uniqlo.com/kr/ko/men_navigation","official_navigation_preloaded_taxonomies","2026-08-03T02:01:21.580Z","{""group"":""subcategories"",""key"":""short-sleeve"",""parent_count"":3}","2dad9b2eaa9e0b3966064c40708d8fff9be454662a8eba631cdaf427266f1f53"
"uniqlo","58517","58062","긴팔","이너웨어 > 히트텍 > 긴팔","이너웨어 > 히트텍 > 긴팔","3","MEN","true","unknown","https://www.uniqlo.com/kr/ko/men_navigation","official_navigation_preloaded_taxonomies","2026-08-03T02:01:21.580Z","{""group"":""subcategories"",""key"":""long-sleeve"",""parent_count"":3}","2dad9b2eaa9e0b3966064c40708d8fff9be454662a8eba631cdaf427266f1f53"
"uniqlo","58520","58062","V넥","이너웨어 > 히트텍 > V넥","이너웨어 > 히트텍 > V넥","3","MEN","true","unknown","https://www.uniqlo.com/kr/ko/men_navigation","official_navigation_preloaded_taxonomies","2026-08-03T02:01:21.580Z","{""group"":""subcategories"",""key"":""v-neck"",""parent_count"":3}","2dad9b2eaa9e0b3966064c40708d8fff9be454662a8eba631cdaf427266f1f53"
"uniqlo","58521","58062","크루넥","이너웨어 > 히트텍 > 크루넥","이너웨어 > 히트텍 > 크루넥","3","MEN","true","unknown","https://www.uniqlo.com/kr/ko/men_navigation","official_navigation_preloaded_taxonomies","2026-08-03T02:01:21.580Z","{""group"":""subcategories"",""key"":""crew-neck"",""parent_count"":3}","2dad9b2eaa9e0b3966064c40708d8fff9be454662a8eba631cdaf427266f1f53"
"uniqlo","58522","58062","터틀넥","이너웨어 > 히트텍 > 터틀넥","이너웨어 > 히트텍 > 터틀넥","3","MEN","true","unknown","https://www.uniqlo.com/kr/ko/men_navigation","official_navigation_preloaded_taxonomies","2026-08-03T02:01:21.580Z","{""group"":""subcategories"",""key"":""turtle-neck"",""parent_count"":3}","2dad9b2eaa9e0b3966064c40708d8fff9be454662a8eba631cdaf427266f1f53"
"uniqlo","58523","58062","타이즈","이너웨어 > 히트텍 > 타이즈","이너웨어 > 히트텍 > 타이즈","3","MEN","true","unknown","https://www.uniqlo.com/kr/ko/men_navigation","official_navigation_preloaded_taxonomies","2026-08-03T02:01:21.580Z","{""group"":""subcategories"",""key"":""tights"",""parent_count"":3}","2dad9b2eaa9e0b3966064c40708d8fff9be454662a8eba631cdaf427266f1f53"
"uniqlo","102255","58062","양말","이너웨어 > 히트텍 > 양말","이너웨어 > 히트텍 > 양말","3","MEN","true","unknown","https://www.uniqlo.com/kr/ko/men_navigation","official_navigation_preloaded_taxonomies","2026-08-03T02:01:21.580Z","{""group"":""subcategories"",""key"":""socks"",""parent_count"":3}","2dad9b2eaa9e0b3966064c40708d8fff9be454662a8eba631cdaf427266f1f53"
"uniqlo","58524","58062","그 외","이너웨어 > 히트텍 > 그 외","이너웨어 > 히트텍 > 그 외","3","MEN","true","unknown","https://www.uniqlo.com/kr/ko/men_navigation","official_navigation_preloaded_taxonomies","2026-08-03T02:01:21.580Z","{""group"":""subcategories"",""key"":""others"",""parent_count"":3}","2dad9b2eaa9e0b3966064c40708d8fff9be454662a8eba631cdaf427266f1f53"
"uniqlo","58546","58067","그 외","라운지 팬츠 > 라운지 팬츠 > 그 외","라운지 팬츠 > 라운지 팬츠 > 그 외","3","MEN","true","unknown","https://www.uniqlo.com/kr/ko/men_navigation","official_navigation_preloaded_taxonomies","2026-08-03T02:01:21.580Z","{""group"":""subcategories"",""key"":""others"",""parent_count"":3}","2dad9b2eaa9e0b3966064c40708d8fff9be454662a8eba631cdaf427266f1f53"
"uniqlo","58545","58067","쇼트 팬츠","라운지 팬츠 > 라운지 팬츠 > 쇼트 팬츠","라운지 팬츠 > 라운지 팬츠 > 쇼트 팬츠","3","MEN","true","unknown","https://www.uniqlo.com/kr/ko/men_navigation","official_navigation_preloaded_taxonomies","2026-08-03T02:01:21.580Z","{""group"":""subcategories"",""key"":""shorts"",""parent_count"":3}","2dad9b2eaa9e0b3966064c40708d8fff9be454662a8eba631cdaf427266f1f53"
"uniqlo","98376","58067","롱 팬츠","라운지 팬츠 > 라운지 팬츠 > 롱 팬츠","라운지 팬츠 > 라운지 팬츠 > 롱 팬츠","3","MEN","true","unknown","https://www.uniqlo.com/kr/ko/men_navigation","official_navigation_preloaded_taxonomies","2026-08-03T02:01:21.580Z","{""group"":""subcategories"",""key"":""ankle"",""parent_count"":3}","2dad9b2eaa9e0b3966064c40708d8fff9be454662a8eba631cdaf427266f1f53"
"uniqlo","87332","58067","파자마","라운지 팬츠 > 라운지 팬츠 > 파자마","라운지 팬츠 > 라운지 팬츠 > 파자마","3","MEN","true","unknown","https://www.uniqlo.com/kr/ko/men_navigation","official_navigation_preloaded_taxonomies","2026-08-03T02:01:21.580Z","{""group"":""subcategories"",""key"":""pajamas"",""parent_count"":3}","2dad9b2eaa9e0b3966064c40708d8fff9be454662a8eba631cdaf427266f1f53"
"uniqlo","79442","58067","반팔 파자마","라운지 팬츠 > 라운지 팬츠 > 반팔 파자마","라운지 팬츠 > 라운지 팬츠 > 반팔 파자마","3","MEN","true","unknown","https://www.uniqlo.com/kr/ko/men_navigation","official_navigation_preloaded_taxonomies","2026-08-03T02:01:21.580Z","{""group"":""subcategories"",""key"":""short"",""parent_count"":3}","2dad9b2eaa9e0b3966064c40708d8fff9be454662a8eba631cdaf427266f1f53"
"uniqlo","98375","58067","긴팔 파자마","라운지 팬츠 > 라운지 팬츠 > 긴팔 파자마","라운지 팬츠 > 라운지 팬츠 > 긴팔 파자마","3","MEN","true","unknown","https://www.uniqlo.com/kr/ko/men_navigation","official_navigation_preloaded_taxonomies","2026-08-03T02:01:21.580Z","{""group"":""subcategories"",""key"":""long"",""parent_count"":3}","2dad9b2eaa9e0b3966064c40708d8fff9be454662a8eba631cdaf427266f1f53"
"uniqlo","127801","58067","후리스 팬츠","라운지 팬츠 > 라운지 팬츠 > 후리스 팬츠","라운지 팬츠 > 라운지 팬츠 > 후리스 팬츠","3","MEN","true","unknown","https://www.uniqlo.com/kr/ko/men_navigation","official_navigation_preloaded_taxonomies","2026-08-03T02:01:21.580Z","{""group"":""subcategories"",""key"":""fleece"",""parent_count"":3}","2dad9b2eaa9e0b3966064c40708d8fff9be454662a8eba631cdaf427266f1f53"
"uniqlo","58553","58070","백팩","액세서리 > 가방 > 백팩","액세서리 > 가방 > 백팩","3","MEN","true","unknown","https://www.uniqlo.com/kr/ko/men_navigation","official_navigation_preloaded_taxonomies","2026-08-03T02:01:21.580Z","{""group"":""subcategories"",""key"":""backpacks"",""parent_count"":3}","2dad9b2eaa9e0b3966064c40708d8fff9be454662a8eba631cdaf427266f1f53"
"uniqlo","58552","58070","숄더백","액세서리 > 가방 > 숄더백","액세서리 > 가방 > 숄더백","3","MEN","true","unknown","https://www.uniqlo.com/kr/ko/men_navigation","official_navigation_preloaded_taxonomies","2026-08-03T02:01:21.580Z","{""group"":""subcategories"",""key"":""shoulder-bags"",""parent_count"":3}","2dad9b2eaa9e0b3966064c40708d8fff9be454662a8eba631cdaf427266f1f53"
"uniqlo","141902","58070","Uniqlo U","액세서리 > 가방 > Uniqlo U","액세서리 > 가방 > Uniqlo U","3","MEN","true","unknown","https://www.uniqlo.com/kr/ko/men_navigation","official_navigation_preloaded_taxonomies","2026-08-03T02:01:21.580Z","{""group"":""subcategories"",""key"":""uniqlo-u"",""parent_count"":3}","2dad9b2eaa9e0b3966064c40708d8fff9be454662a8eba631cdaf427266f1f53"
"uniqlo","58557","58070","멀티포켓숄더백","액세서리 > 가방 > 멀티포켓숄더백","액세서리 > 가방 > 멀티포켓숄더백","3","MEN","true","unknown","https://www.uniqlo.com/kr/ko/men_navigation","official_navigation_preloaded_taxonomies","2026-08-03T02:01:21.580Z","{""group"":""subcategories"",""key"":""muti"",""parent_count"":3}","2dad9b2eaa9e0b3966064c40708d8fff9be454662a8eba631cdaf427266f1f53"
"uniqlo","58556","58070","리유저블백","액세서리 > 가방 > 리유저블백","액세서리 > 가방 > 리유저블백","3","MEN","true","unknown","https://www.uniqlo.com/kr/ko/men_navigation","official_navigation_preloaded_taxonomies","2026-08-03T02:01:21.580Z","{""group"":""subcategories"",""key"":""reusable-shopping-bag"",""parent_count"":3}","2dad9b2eaa9e0b3966064c40708d8fff9be454662a8eba631cdaf427266f1f53"
"uniqlo","62988","58070","그 외","액세서리 > 가방 > 그 외","액세서리 > 가방 > 그 외","3","MEN","true","unknown","https://www.uniqlo.com/kr/ko/men_navigation","official_navigation_preloaded_taxonomies","2026-08-03T02:01:21.580Z","{""group"":""subcategories"",""key"":""other"",""parent_count"":3}","2dad9b2eaa9e0b3966064c40708d8fff9be454662a8eba631cdaf427266f1f53"
"uniqlo","144157","58073","내로우","액세서리 > 선글라스 > 내로우","액세서리 > 선글라스 > 내로우","3","MEN","true","unknown","https://www.uniqlo.com/kr/ko/men_navigation","official_navigation_preloaded_taxonomies","2026-08-03T02:01:21.580Z","{""group"":""subcategories"",""key"":""narrow"",""parent_count"":3}","2dad9b2eaa9e0b3966064c40708d8fff9be454662a8eba631cdaf427266f1f53"
"uniqlo","144161","58073","스탠다드","액세서리 > 선글라스 > 스탠다드","액세서리 > 선글라스 > 스탠다드","3","MEN","true","unknown","https://www.uniqlo.com/kr/ko/men_navigation","official_navigation_preloaded_taxonomies","2026-08-03T02:01:21.580Z","{""group"":""subcategories"",""key"":""standard-type"",""parent_count"":3}","2dad9b2eaa9e0b3966064c40708d8fff9be454662a8eba631cdaf427266f1f53"
"uniqlo","144158","58073","와이드","액세서리 > 선글라스 > 와이드","액세서리 > 선글라스 > 와이드","3","MEN","true","unknown","https://www.uniqlo.com/kr/ko/men_navigation","official_navigation_preloaded_taxonomies","2026-08-03T02:01:21.580Z","{""group"":""subcategories"",""key"":""wide"",""parent_count"":3}","2dad9b2eaa9e0b3966064c40708d8fff9be454662a8eba631cdaf427266f1f53"
"uniqlo","144159","58073","액티브","액세서리 > 선글라스 > 액티브","액세서리 > 선글라스 > 액티브","3","MEN","true","unknown","https://www.uniqlo.com/kr/ko/men_navigation","official_navigation_preloaded_taxonomies","2026-08-03T02:01:21.580Z","{""group"":""subcategories"",""key"":""active"",""parent_count"":3}","2dad9b2eaa9e0b3966064c40708d8fff9be454662a8eba631cdaf427266f1f53"
"uniqlo","58568","58073","편광 선글라스","액세서리 > 선글라스 > 편광 선글라스","액세서리 > 선글라스 > 편광 선글라스","3","MEN","true","unknown","https://www.uniqlo.com/kr/ko/men_navigation","official_navigation_preloaded_taxonomies","2026-08-03T02:01:21.580Z","{""group"":""subcategories"",""key"":""others"",""parent_count"":3}","2dad9b2eaa9e0b3966064c40708d8fff9be454662a8eba631cdaf427266f1f53"
"uniqlo","58566","58073","패션 선글라스","액세서리 > 선글라스 > 패션 선글라스","액세서리 > 선글라스 > 패션 선글라스","3","MEN","true","unknown","https://www.uniqlo.com/kr/ko/men_navigation","official_navigation_preloaded_taxonomies","2026-08-03T02:01:21.580Z","{""group"":""subcategories"",""key"":""fashion-glasses"",""parent_count"":3}","2dad9b2eaa9e0b3966064c40708d8fff9be454662a8eba631cdaf427266f1f53"
"uniqlo","58567","58073","스포츠 선글라스","액세서리 > 선글라스 > 스포츠 선글라스","액세서리 > 선글라스 > 스포츠 선글라스","3","MEN","true","unknown","https://www.uniqlo.com/kr/ko/men_navigation","official_navigation_preloaded_taxonomies","2026-08-03T02:01:21.580Z","{""group"":""subcategories"",""key"":""sports-glasses"",""parent_count"":3}","2dad9b2eaa9e0b3966064c40708d8fff9be454662a8eba631cdaf427266f1f53"
"uniqlo","58562","58072","정장벨트","액세서리 > 벨트 > 정장벨트","액세서리 > 벨트 > 정장벨트","3","MEN","true","unknown","https://www.uniqlo.com/kr/ko/men_navigation","official_navigation_preloaded_taxonomies","2026-08-03T02:01:21.580Z","{""group"":""subcategories"",""key"":""dress-belts"",""parent_count"":3}","2dad9b2eaa9e0b3966064c40708d8fff9be454662a8eba631cdaf427266f1f53"
"uniqlo","58563","58072","메쉬벨트","액세서리 > 벨트 > 메쉬벨트","액세서리 > 벨트 > 메쉬벨트","3","MEN","true","unknown","https://www.uniqlo.com/kr/ko/men_navigation","official_navigation_preloaded_taxonomies","2026-08-03T02:01:21.580Z","{""group"":""subcategories"",""key"":""mesh-belts"",""parent_count"":3}","2dad9b2eaa9e0b3966064c40708d8fff9be454662a8eba631cdaf427266f1f53"
"uniqlo","58565","58072","그 외","액세서리 > 벨트 > 그 외","액세서리 > 벨트 > 그 외","3","MEN","true","unknown","https://www.uniqlo.com/kr/ko/men_navigation","official_navigation_preloaded_taxonomies","2026-08-03T02:01:21.580Z","{""group"":""subcategories"",""key"":""others"",""parent_count"":3}","2dad9b2eaa9e0b3966064c40708d8fff9be454662a8eba631cdaf427266f1f53"
"uniqlo","58558","58071","캡","액세서리 > 모자 > 캡","액세서리 > 모자 > 캡","3","MEN","true","unknown","https://www.uniqlo.com/kr/ko/men_navigation","official_navigation_preloaded_taxonomies","2026-08-03T02:01:21.580Z","{""group"":""subcategories"",""key"":""caps"",""parent_count"":3}","2dad9b2eaa9e0b3966064c40708d8fff9be454662a8eba631cdaf427266f1f53"
"uniqlo","58559","58071","햇","액세서리 > 모자 > 햇","액세서리 > 모자 > 햇","3","MEN","true","unknown","https://www.uniqlo.com/kr/ko/men_navigation","official_navigation_preloaded_taxonomies","2026-08-03T02:01:21.580Z","{""group"":""subcategories"",""key"":""hats"",""parent_count"":3}","2dad9b2eaa9e0b3966064c40708d8fff9be454662a8eba631cdaf427266f1f53"
"uniqlo","62990","58071","비니","액세서리 > 모자 > 비니","액세서리 > 모자 > 비니","3","MEN","true","unknown","https://www.uniqlo.com/kr/ko/men_navigation","official_navigation_preloaded_taxonomies","2026-08-03T02:01:21.580Z","{""group"":""subcategories"",""key"":""beanie"",""parent_count"":3}","2dad9b2eaa9e0b3966064c40708d8fff9be454662a8eba631cdaf427266f1f53"
"uniqlo","58560","58071","UV Protection","액세서리 > 모자 > UV Protection","액세서리 > 모자 > UV Protection","3","MEN","true","unknown","https://www.uniqlo.com/kr/ko/men_navigation","official_navigation_preloaded_taxonomies","2026-08-03T02:01:21.580Z","{""group"":""subcategories"",""key"":""uv-protection"",""parent_count"":3}","2dad9b2eaa9e0b3966064c40708d8fff9be454662a8eba631cdaf427266f1f53"
"uniqlo","62992","58071","UNIQLO and JW ANDERSON","액세서리 > 모자 > UNIQLO and JW ANDERSON","액세서리 > 모자 > UNIQLO and JW ANDERSON","3","MEN","true","unknown","https://www.uniqlo.com/kr/ko/men_navigation","official_navigation_preloaded_taxonomies","2026-08-03T02:01:21.580Z","{""group"":""subcategories"",""key"":""uniqlo-and-jw-anderson"",""parent_count"":3}","2dad9b2eaa9e0b3966064c40708d8fff9be454662a8eba631cdaf427266f1f53"
"uniqlo","62991","58071","KAWS WINTER","액세서리 > 모자 > KAWS WINTER","액세서리 > 모자 > KAWS WINTER","3","MEN","true","unknown","https://www.uniqlo.com/kr/ko/men_navigation","official_navigation_preloaded_taxonomies","2026-08-03T02:01:21.580Z","{""group"":""subcategories"",""key"":""kwas"",""parent_count"":3}","2dad9b2eaa9e0b3966064c40708d8fff9be454662a8eba631cdaf427266f1f53"
"uniqlo","98403","62413","Uniqlo C","액세서리 > 신발 > Uniqlo C","액세서리 > 신발 > Uniqlo C","3","MEN","true","unknown","https://www.uniqlo.com/kr/ko/men_navigation","official_navigation_preloaded_taxonomies","2026-08-03T02:01:21.580Z","{""group"":""subcategories"",""key"":""uniqlo-c"",""parent_count"":3}","2dad9b2eaa9e0b3966064c40708d8fff9be454662a8eba631cdaf427266f1f53"
"uniqlo","62994","62413","스니커즈","액세서리 > 신발 > 스니커즈","액세서리 > 신발 > 스니커즈","3","MEN","true","unknown","https://www.uniqlo.com/kr/ko/men_navigation","official_navigation_preloaded_taxonomies","2026-08-03T02:01:21.580Z","{""group"":""subcategories"",""key"":""sneakers"",""parent_count"":3}","2dad9b2eaa9e0b3966064c40708d8fff9be454662a8eba631cdaf427266f1f53"
"uniqlo","58570","58074","우산","액세서리 > 우산 > 우산","액세서리 > 우산 > 우산","3","MEN","true","unknown","https://www.uniqlo.com/kr/ko/men_navigation","official_navigation_preloaded_taxonomies","2026-08-03T02:01:21.580Z","{""group"":""subcategories"",""key"":""umbrella"",""parent_count"":3}","2dad9b2eaa9e0b3966064c40708d8fff9be454662a8eba631cdaf427266f1f53"
"uniqlo","62999","58074","담요","액세서리 > 우산 > 담요","액세서리 > 우산 > 담요","3","MEN","true","unknown","https://www.uniqlo.com/kr/ko/men_navigation","official_navigation_preloaded_taxonomies","2026-08-03T02:01:21.580Z","{""group"":""subcategories"",""key"":""blanket"",""parent_count"":3}","2dad9b2eaa9e0b3966064c40708d8fff9be454662a8eba631cdaf427266f1f53"
"uniqlo","63000","58074","다마고치","액세서리 > 우산 > 다마고치","액세서리 > 우산 > 다마고치","3","MEN","true","unknown","https://www.uniqlo.com/kr/ko/men_navigation","official_navigation_preloaded_taxonomies","2026-08-03T02:01:21.580Z","{""group"":""subcategories"",""key"":""cushion"",""parent_count"":3}","2dad9b2eaa9e0b3966064c40708d8fff9be454662a8eba631cdaf427266f1f53"
"uniqlo","73369","58074","암커버","액세서리 > 우산 > 암커버","액세서리 > 우산 > 암커버","3","MEN","true","unknown","https://www.uniqlo.com/kr/ko/men_navigation","official_navigation_preloaded_taxonomies","2026-08-03T02:01:21.580Z","{""group"":""subcategories"",""key"":""arm-covers"",""parent_count"":3}","2dad9b2eaa9e0b3966064c40708d8fff9be454662a8eba631cdaf427266f1f53"
"uniqlo","82139","82089","AIRism","에어리즘 > 이너웨어 상의 > AIRism","에어리즘 > 이너웨어 상의 > AIRism","3","MEN","true","unknown","https://www.uniqlo.com/kr/ko/men_navigation","official_navigation_preloaded_taxonomies","2026-08-03T02:01:21.580Z","{""group"":""subcategories"",""key"":""airism"",""parent_count"":3}","2dad9b2eaa9e0b3966064c40708d8fff9be454662a8eba631cdaf427266f1f53"
"uniqlo","83302","82089","메쉬","에어리즘 > 이너웨어 상의 > 메쉬","에어리즘 > 이너웨어 상의 > 메쉬","3","MEN","true","unknown","https://www.uniqlo.com/kr/ko/men_navigation","official_navigation_preloaded_taxonomies","2026-08-03T02:01:21.580Z","{""group"":""subcategories"",""key"":""airism-mesh"",""parent_count"":3}","2dad9b2eaa9e0b3966064c40708d8fff9be454662a8eba631cdaf427266f1f53"
"uniqlo","82140","82089","코튼","에어리즘 > 이너웨어 상의 > 코튼","에어리즘 > 이너웨어 상의 > 코튼","3","MEN","true","unknown","https://www.uniqlo.com/kr/ko/men_navigation","official_navigation_preloaded_taxonomies","2026-08-03T02:01:21.580Z","{""group"":""subcategories"",""key"":""airism-cotton"",""parent_count"":3}","2dad9b2eaa9e0b3966064c40708d8fff9be454662a8eba631cdaf427266f1f53"
"uniqlo","82142","82089","슬리브리스","에어리즘 > 이너웨어 상의 > 슬리브리스","에어리즘 > 이너웨어 상의 > 슬리브리스","3","MEN","true","unknown","https://www.uniqlo.com/kr/ko/men_navigation","official_navigation_preloaded_taxonomies","2026-08-03T02:01:21.580Z","{""group"":""subcategories"",""key"":""sleeveless"",""parent_count"":3}","2dad9b2eaa9e0b3966064c40708d8fff9be454662a8eba631cdaf427266f1f53"
"uniqlo","82141","82089","반팔","에어리즘 > 이너웨어 상의 > 반팔","에어리즘 > 이너웨어 상의 > 반팔","3","MEN","true","unknown","https://www.uniqlo.com/kr/ko/men_navigation","official_navigation_preloaded_taxonomies","2026-08-03T02:01:21.580Z","{""group"":""subcategories"",""key"":""short-sleeve"",""parent_count"":3}","2dad9b2eaa9e0b3966064c40708d8fff9be454662a8eba631cdaf427266f1f53"
"uniqlo","82143","82089","V넥","에어리즘 > 이너웨어 상의 > V넥","에어리즘 > 이너웨어 상의 > V넥","3","MEN","true","unknown","https://www.uniqlo.com/kr/ko/men_navigation","official_navigation_preloaded_taxonomies","2026-08-03T02:01:21.580Z","{""group"":""subcategories"",""key"":""v-neck"",""parent_count"":3}","2dad9b2eaa9e0b3966064c40708d8fff9be454662a8eba631cdaf427266f1f53"
"uniqlo","82144","82089","크루넥","에어리즘 > 이너웨어 상의 > 크루넥","에어리즘 > 이너웨어 상의 > 크루넥","3","MEN","true","unknown","https://www.uniqlo.com/kr/ko/men_navigation","official_navigation_preloaded_taxonomies","2026-08-03T02:01:21.580Z","{""group"":""subcategories"",""key"":""crew-neck"",""parent_count"":3}","2dad9b2eaa9e0b3966064c40708d8fff9be454662a8eba631cdaf427266f1f53"
"uniqlo","82122","82090","심리스","에어리즘 > 언더웨어 > 심리스","에어리즘 > 언더웨어 > 심리스","3","MEN","true","unknown","https://www.uniqlo.com/kr/ko/men_navigation","official_navigation_preloaded_taxonomies","2026-08-03T02:01:21.580Z","{""group"":""subcategories"",""key"":""seamless"",""parent_count"":3}","2dad9b2eaa9e0b3966064c40708d8fff9be454662a8eba631cdaf427266f1f53"
"uniqlo","82974","82090","레귤러","에어리즘 > 언더웨어 > 레귤러","에어리즘 > 언더웨어 > 레귤러","3","MEN","true","unknown","https://www.uniqlo.com/kr/ko/men_navigation","official_navigation_preloaded_taxonomies","2026-08-03T02:01:21.580Z","{""group"":""subcategories"",""key"":""regular-rise"",""parent_count"":3}","2dad9b2eaa9e0b3966064c40708d8fff9be454662a8eba631cdaf427266f1f53"
"uniqlo","82975","82090","로라이즈","에어리즘 > 언더웨어 > 로라이즈","에어리즘 > 언더웨어 > 로라이즈","3","MEN","true","unknown","https://www.uniqlo.com/kr/ko/men_navigation","official_navigation_preloaded_taxonomies","2026-08-03T02:01:21.580Z","{""group"":""subcategories"",""key"":""low-rise"",""parent_count"":3}","2dad9b2eaa9e0b3966064c40708d8fff9be454662a8eba631cdaf427266f1f53"
"uniqlo","82123","82090","트렁크","에어리즘 > 언더웨어 > 트렁크","에어리즘 > 언더웨어 > 트렁크","3","MEN","true","unknown","https://www.uniqlo.com/kr/ko/men_navigation","official_navigation_preloaded_taxonomies","2026-08-03T02:01:21.580Z","{""group"":""subcategories"",""key"":""trunks"",""parent_count"":3}","2dad9b2eaa9e0b3966064c40708d8fff9be454662a8eba631cdaf427266f1f53"
"uniqlo","82146","82091","반팔","에어리즘 > 상의 > 반팔","에어리즘 > 상의 > 반팔","3","MEN","true","unknown","https://www.uniqlo.com/kr/ko/men_navigation","official_navigation_preloaded_taxonomies","2026-08-03T02:01:21.580Z","{""group"":""subcategories"",""key"":""short-sleeve"",""parent_count"":3}","2dad9b2eaa9e0b3966064c40708d8fff9be454662a8eba631cdaf427266f1f53"
"uniqlo","82148","82091","슬리브리스","에어리즘 > 상의 > 슬리브리스","에어리즘 > 상의 > 슬리브리스","3","MEN","true","unknown","https://www.uniqlo.com/kr/ko/men_navigation","official_navigation_preloaded_taxonomies","2026-08-03T02:01:21.580Z","{""group"":""subcategories"",""key"":""sleeveless"",""parent_count"":3}","2dad9b2eaa9e0b3966064c40708d8fff9be454662a8eba631cdaf427266f1f53"
"uniqlo","82145","82091","폴로셔츠","에어리즘 > 상의 > 폴로셔츠","에어리즘 > 상의 > 폴로셔츠","3","MEN","true","unknown","https://www.uniqlo.com/kr/ko/men_navigation","official_navigation_preloaded_taxonomies","2026-08-03T02:01:21.580Z","{""group"":""subcategories"",""key"":""polo"",""parent_count"":3}","2dad9b2eaa9e0b3966064c40708d8fff9be454662a8eba631cdaf427266f1f53"
"uniqlo","82147","82091","긴팔","에어리즘 > 상의 > 긴팔","에어리즘 > 상의 > 긴팔","3","MEN","true","unknown","https://www.uniqlo.com/kr/ko/men_navigation","official_navigation_preloaded_taxonomies","2026-08-03T02:01:21.580Z","{""group"":""subcategories"",""key"":""long-sleeve"",""parent_count"":3}","2dad9b2eaa9e0b3966064c40708d8fff9be454662a8eba631cdaf427266f1f53"
"uniqlo","82483","82091","티셔츠","에어리즘 > 상의 > 티셔츠","에어리즘 > 상의 > 티셔츠","3","MEN","true","unknown","https://www.uniqlo.com/kr/ko/men_navigation","official_navigation_preloaded_taxonomies","2026-08-03T02:01:21.580Z","{""group"":""subcategories"",""key"":""t-shirts"",""parent_count"":3}","2dad9b2eaa9e0b3966064c40708d8fff9be454662a8eba631cdaf427266f1f53"
"uniqlo","140359","82092","긴 기장","에어리즘 > 팬츠 > 긴 기장","에어리즘 > 팬츠 > 긴 기장","3","MEN","true","unknown","https://www.uniqlo.com/kr/ko/men_navigation","official_navigation_preloaded_taxonomies","2026-08-03T02:01:21.580Z","{""group"":""subcategories"",""key"":""long-length"",""parent_count"":3}","2dad9b2eaa9e0b3966064c40708d8fff9be454662a8eba631cdaf427266f1f53"
"uniqlo","86457","58057","폴로 셔츠","스포츠 유틸리티 웨어 > 상의 > 폴로 셔츠","스포츠 유틸리티 웨어 > 상의 > 폴로 셔츠","3","MEN","true","unknown","https://www.uniqlo.com/kr/ko/men_navigation","official_navigation_preloaded_taxonomies","2026-08-03T02:01:21.580Z","{""group"":""subcategories"",""key"":""polo"",""parent_count"":3}","2dad9b2eaa9e0b3966064c40708d8fff9be454662a8eba631cdaf427266f1f53"
"uniqlo","82121","58057","DRY-EX","스포츠 유틸리티 웨어 > 상의 > DRY-EX","스포츠 유틸리티 웨어 > 상의 > DRY-EX","3","MEN","true","unknown","https://www.uniqlo.com/kr/ko/men_navigation","official_navigation_preloaded_taxonomies","2026-08-03T02:01:21.580Z","{""group"":""subcategories"",""key"":""dry-ex"",""parent_count"":3}","2dad9b2eaa9e0b3966064c40708d8fff9be454662a8eba631cdaf427266f1f53"
"uniqlo","58493","58057","반팔","스포츠 유틸리티 웨어 > 상의 > 반팔","스포츠 유틸리티 웨어 > 상의 > 반팔","3","MEN","true","unknown","https://www.uniqlo.com/kr/ko/men_navigation","official_navigation_preloaded_taxonomies","2026-08-03T02:01:21.580Z","{""group"":""subcategories"",""key"":""short-sleeve"",""parent_count"":3}","2dad9b2eaa9e0b3966064c40708d8fff9be454662a8eba631cdaf427266f1f53"
"uniqlo","58492","58057","긴팔","스포츠 유틸리티 웨어 > 상의 > 긴팔","스포츠 유틸리티 웨어 > 상의 > 긴팔","3","MEN","true","unknown","https://www.uniqlo.com/kr/ko/men_navigation","official_navigation_preloaded_taxonomies","2026-08-03T02:01:21.580Z","{""group"":""subcategories"",""key"":""long-sleeve"",""parent_count"":3}","2dad9b2eaa9e0b3966064c40708d8fff9be454662a8eba631cdaf427266f1f53"
"uniqlo","58494","58057","스웨트","스포츠 유틸리티 웨어 > 상의 > 스웨트","스포츠 유틸리티 웨어 > 상의 > 스웨트","3","MEN","true","unknown","https://www.uniqlo.com/kr/ko/men_navigation","official_navigation_preloaded_taxonomies","2026-08-03T02:01:21.580Z","{""group"":""subcategories"",""key"":""sweat"",""parent_count"":3}","2dad9b2eaa9e0b3966064c40708d8fff9be454662a8eba631cdaf427266f1f53"
"uniqlo","98378","58057","슬리브리스","스포츠 유틸리티 웨어 > 상의 > 슬리브리스","스포츠 유틸리티 웨어 > 상의 > 슬리브리스","3","MEN","true","unknown","https://www.uniqlo.com/kr/ko/men_navigation","official_navigation_preloaded_taxonomies","2026-08-03T02:01:21.580Z","{""group"":""subcategories"",""key"":""sleeveles"",""parent_count"":3}","2dad9b2eaa9e0b3966064c40708d8fff9be454662a8eba631cdaf427266f1f53"
"uniqlo","61192","58058","그 외","스포츠 유틸리티 웨어 > 팬츠 > 그 외","스포츠 유틸리티 웨어 > 팬츠 > 그 외","3","MEN","true","unknown","https://www.uniqlo.com/kr/ko/men_navigation","official_navigation_preloaded_taxonomies","2026-08-03T02:01:21.580Z","{""group"":""subcategories"",""key"":""others"",""parent_count"":3}","2dad9b2eaa9e0b3966064c40708d8fff9be454662a8eba631cdaf427266f1f53"
"uniqlo","58497","58058","반바지","스포츠 유틸리티 웨어 > 팬츠 > 반바지","스포츠 유틸리티 웨어 > 팬츠 > 반바지","3","MEN","true","unknown","https://www.uniqlo.com/kr/ko/men_navigation","official_navigation_preloaded_taxonomies","2026-08-03T02:01:21.580Z","{""group"":""subcategories"",""key"":""shorts"",""parent_count"":3}","2dad9b2eaa9e0b3966064c40708d8fff9be454662a8eba631cdaf427266f1f53"
"uniqlo","112643","58058","울트라 스트레치 팬츠","스포츠 유틸리티 웨어 > 팬츠 > 울트라 스트레치 팬츠","스포츠 유틸리티 웨어 > 팬츠 > 울트라 스트레치 팬츠","3","MEN","true","unknown","https://www.uniqlo.com/kr/ko/men_navigation","official_navigation_preloaded_taxonomies","2026-08-03T02:01:21.580Z","{""group"":""subcategories"",""key"":""ultra-stretch"",""parent_count"":3}","2dad9b2eaa9e0b3966064c40708d8fff9be454662a8eba631cdaf427266f1f53"
"uniqlo","58496","58058","조거 팬츠","스포츠 유틸리티 웨어 > 팬츠 > 조거 팬츠","스포츠 유틸리티 웨어 > 팬츠 > 조거 팬츠","3","MEN","true","unknown","https://www.uniqlo.com/kr/ko/men_navigation","official_navigation_preloaded_taxonomies","2026-08-03T02:01:21.580Z","{""group"":""subcategories"",""key"":""jogger-pants"",""parent_count"":3}","2dad9b2eaa9e0b3966064c40708d8fff9be454662a8eba631cdaf427266f1f53"
"uniqlo","58498","58058","기어 팬츠","스포츠 유틸리티 웨어 > 팬츠 > 기어 팬츠","스포츠 유틸리티 웨어 > 팬츠 > 기어 팬츠","3","MEN","true","unknown","https://www.uniqlo.com/kr/ko/men_navigation","official_navigation_preloaded_taxonomies","2026-08-03T02:01:21.580Z","{""group"":""subcategories"",""key"":""geared"",""parent_count"":3}","2dad9b2eaa9e0b3966064c40708d8fff9be454662a8eba631cdaf427266f1f53"
"uniqlo","58495","58058","스웨트 팬츠","스포츠 유틸리티 웨어 > 팬츠 > 스웨트 팬츠","스포츠 유틸리티 웨어 > 팬츠 > 스웨트 팬츠","3","MEN","true","unknown","https://www.uniqlo.com/kr/ko/men_navigation","official_navigation_preloaded_taxonomies","2026-08-03T02:01:21.580Z","{""group"":""subcategories"",""key"":""sweat-pants"",""parent_count"":3}","2dad9b2eaa9e0b3966064c40708d8fff9be454662a8eba631cdaf427266f1f53"
"uniqlo","105481","58056","포켓터블","스포츠 유틸리티 웨어 > 아우터 > 포켓터블","스포츠 유틸리티 웨어 > 아우터 > 포켓터블","3","MEN","true","unknown","https://www.uniqlo.com/kr/ko/men_navigation","official_navigation_preloaded_taxonomies","2026-08-03T02:01:21.580Z","{""group"":""subcategories"",""key"":""pocketable-parkas"",""parent_count"":3}","2dad9b2eaa9e0b3966064c40708d8fff9be454662a8eba631cdaf427266f1f53"
"uniqlo","58488","58056","블럭테크","스포츠 유틸리티 웨어 > 아우터 > 블럭테크","스포츠 유틸리티 웨어 > 아우터 > 블럭테크","3","MEN","true","unknown","https://www.uniqlo.com/kr/ko/men_navigation","official_navigation_preloaded_taxonomies","2026-08-03T02:01:21.580Z","{""group"":""subcategories"",""key"":""blocktech"",""parent_count"":3}","2dad9b2eaa9e0b3966064c40708d8fff9be454662a8eba631cdaf427266f1f53"
"uniqlo","58486","58056","파카","스포츠 유틸리티 웨어 > 아우터 > 파카","스포츠 유틸리티 웨어 > 아우터 > 파카","3","MEN","true","unknown","https://www.uniqlo.com/kr/ko/men_navigation","official_navigation_preloaded_taxonomies","2026-08-03T02:01:21.580Z","{""group"":""subcategories"",""key"":""parka"",""parent_count"":3}","2dad9b2eaa9e0b3966064c40708d8fff9be454662a8eba631cdaf427266f1f53"
"uniqlo","112645","58056","윈드블럭","스포츠 유틸리티 웨어 > 아우터 > 윈드블럭","스포츠 유틸리티 웨어 > 아우터 > 윈드블럭","3","MEN","true","unknown","https://www.uniqlo.com/kr/ko/men_navigation","official_navigation_preloaded_taxonomies","2026-08-03T02:01:21.580Z","{""group"":""subcategories"",""key"":""windproof"",""parent_count"":3}","2dad9b2eaa9e0b3966064c40708d8fff9be454662a8eba631cdaf427266f1f53"
"uniqlo","58485","58056","재킷 & 블루종","스포츠 유틸리티 웨어 > 아우터 > 재킷 & 블루종","스포츠 유틸리티 웨어 > 아우터 > 재킷 & 블루종","3","MEN","true","unknown","https://www.uniqlo.com/kr/ko/men_navigation","official_navigation_preloaded_taxonomies","2026-08-03T02:01:21.580Z","{""group"":""subcategories"",""key"":""jackets-and-blouson"",""parent_count"":3}","2dad9b2eaa9e0b3966064c40708d8fff9be454662a8eba631cdaf427266f1f53"
"uniqlo","98385","58056","그 외","스포츠 유틸리티 웨어 > 아우터 > 그 외","스포츠 유틸리티 웨어 > 아우터 > 그 외","3","MEN","true","unknown","https://www.uniqlo.com/kr/ko/men_navigation","official_navigation_preloaded_taxonomies","2026-08-03T02:01:21.580Z","{""group"":""subcategories"",""key"":""others"",""parent_count"":3}","2dad9b2eaa9e0b3966064c40708d8fff9be454662a8eba631cdaf427266f1f53"
"uniqlo","58499","58059","에어리즘","스포츠 유틸리티 웨어 > 이너웨어 > 에어리즘","스포츠 유틸리티 웨어 > 이너웨어 > 에어리즘","3","MEN","true","unknown","https://www.uniqlo.com/kr/ko/men_navigation","official_navigation_preloaded_taxonomies","2026-08-03T02:01:21.580Z","{""group"":""subcategories"",""key"":""airism"",""parent_count"":3}","2dad9b2eaa9e0b3966064c40708d8fff9be454662a8eba631cdaf427266f1f53"
"uniqlo","58500","58059","양말","스포츠 유틸리티 웨어 > 이너웨어 > 양말","스포츠 유틸리티 웨어 > 이너웨어 > 양말","3","MEN","true","unknown","https://www.uniqlo.com/kr/ko/men_navigation","official_navigation_preloaded_taxonomies","2026-08-03T02:01:21.580Z","{""group"":""subcategories"",""key"":""socks"",""parent_count"":3}","2dad9b2eaa9e0b3966064c40708d8fff9be454662a8eba631cdaf427266f1f53"
"uniqlo","74062","58059","그 외","스포츠 유틸리티 웨어 > 이너웨어 > 그 외","스포츠 유틸리티 웨어 > 이너웨어 > 그 외","3","MEN","true","unknown","https://www.uniqlo.com/kr/ko/men_navigation","official_navigation_preloaded_taxonomies","2026-08-03T02:01:21.580Z","{""group"":""subcategories"",""key"":""others"",""parent_count"":3}","2dad9b2eaa9e0b3966064c40708d8fff9be454662a8eba631cdaf427266f1f53"
"uniqlo","58503","58060","선글라스","스포츠 유틸리티 웨어 > 액세서리 > 선글라스","스포츠 유틸리티 웨어 > 액세서리 > 선글라스","3","MEN","true","unknown","https://www.uniqlo.com/kr/ko/men_navigation","official_navigation_preloaded_taxonomies","2026-08-03T02:01:21.580Z","{""group"":""subcategories"",""key"":""glasses"",""parent_count"":3}","2dad9b2eaa9e0b3966064c40708d8fff9be454662a8eba631cdaf427266f1f53"
"uniqlo","58501","58060","모자","스포츠 유틸리티 웨어 > 액세서리 > 모자","스포츠 유틸리티 웨어 > 액세서리 > 모자","3","MEN","true","unknown","https://www.uniqlo.com/kr/ko/men_navigation","official_navigation_preloaded_taxonomies","2026-08-03T02:01:21.580Z","{""group"":""subcategories"",""key"":""caps"",""parent_count"":3}","2dad9b2eaa9e0b3966064c40708d8fff9be454662a8eba631cdaf427266f1f53"
"uniqlo","58502","58060","가방","스포츠 유틸리티 웨어 > 액세서리 > 가방","스포츠 유틸리티 웨어 > 액세서리 > 가방","3","MEN","true","unknown","https://www.uniqlo.com/kr/ko/men_navigation","official_navigation_preloaded_taxonomies","2026-08-03T02:01:21.580Z","{""group"":""subcategories"",""key"":""bags"",""parent_count"":3}","2dad9b2eaa9e0b3966064c40708d8fff9be454662a8eba631cdaf427266f1f53"
"uniqlo","58504","58060","벨트","스포츠 유틸리티 웨어 > 액세서리 > 벨트","스포츠 유틸리티 웨어 > 액세서리 > 벨트","3","MEN","true","unknown","https://www.uniqlo.com/kr/ko/men_navigation","official_navigation_preloaded_taxonomies","2026-08-03T02:01:21.580Z","{""group"":""subcategories"",""key"":""belts"",""parent_count"":3}","2dad9b2eaa9e0b3966064c40708d8fff9be454662a8eba631cdaf427266f1f53"
"uniqlo","73370","58060","암커버","스포츠 유틸리티 웨어 > 액세서리 > 암커버","스포츠 유틸리티 웨어 > 액세서리 > 암커버","3","MEN","true","unknown","https://www.uniqlo.com/kr/ko/men_navigation","official_navigation_preloaded_taxonomies","2026-08-03T02:01:21.580Z","{""group"":""subcategories"",""key"":""arm-covers"",""parent_count"":3}","2dad9b2eaa9e0b3966064c40708d8fff9be454662a8eba631cdaf427266f1f53"
"uniqlo","62986","58060","Others 그 외","스포츠 유틸리티 웨어 > 액세서리 > Others 그 외","스포츠 유틸리티 웨어 > 액세서리 > Others 그 외","3","MEN","true","unknown","https://www.uniqlo.com/kr/ko/men_navigation","official_navigation_preloaded_taxonomies","2026-08-03T02:01:21.580Z","{""group"":""subcategories"",""key"":""others"",""parent_count"":3}","2dad9b2eaa9e0b3966064c40708d8fff9be454662a8eba631cdaf427266f1f53"
"uniqlo","98387","58060","장갑","스포츠 유틸리티 웨어 > 액세서리 > 장갑","스포츠 유틸리티 웨어 > 액세서리 > 장갑","3","MEN","true","unknown","https://www.uniqlo.com/kr/ko/men_navigation","official_navigation_preloaded_taxonomies","2026-08-03T02:01:21.580Z","{""group"":""subcategories"",""key"":""gloves"",""parent_count"":3}","2dad9b2eaa9e0b3966064c40708d8fff9be454662a8eba631cdaf427266f1f53"
"uniqlo","62985","58060","스카프 & 넥워머","스포츠 유틸리티 웨어 > 액세서리 > 스카프 & 넥워머","스포츠 유틸리티 웨어 > 액세서리 > 스카프 & 넥워머","3","MEN","true","unknown","https://www.uniqlo.com/kr/ko/men_navigation","official_navigation_preloaded_taxonomies","2026-08-03T02:01:21.580Z","{""group"":""subcategories"",""key"":""scarves-and-neck-warmers"",""parent_count"":3}","2dad9b2eaa9e0b3966064c40708d8fff9be454662a8eba631cdaf427266f1f53"
"uniqlo","114805","114794","포켓터블","UV Protection > 파카 > 포켓터블","UV Protection > 파카 > 포켓터블","3","MEN","true","unknown","https://www.uniqlo.com/kr/ko/men_navigation","official_navigation_preloaded_taxonomies","2026-08-03T02:01:21.580Z","{""group"":""subcategories"",""key"":""pocketable-parkas"",""parent_count"":3}","2dad9b2eaa9e0b3966064c40708d8fff9be454662a8eba631cdaf427266f1f53"
"uniqlo","114806","114794","DRY-EX","UV Protection > 파카 > DRY-EX","UV Protection > 파카 > DRY-EX","3","MEN","true","unknown","https://www.uniqlo.com/kr/ko/men_navigation","official_navigation_preloaded_taxonomies","2026-08-03T02:01:21.580Z","{""group"":""subcategories"",""key"":""dry-ex"",""parent_count"":3}","2dad9b2eaa9e0b3966064c40708d8fff9be454662a8eba631cdaf427266f1f53"
"uniqlo","115521","114794","그 외","UV Protection > 파카 > 그 외","UV Protection > 파카 > 그 외","3","MEN","true","unknown","https://www.uniqlo.com/kr/ko/men_navigation","official_navigation_preloaded_taxonomies","2026-08-03T02:01:21.580Z","{""group"":""subcategories"",""key"":""others"",""parent_count"":3}","2dad9b2eaa9e0b3966064c40708d8fff9be454662a8eba631cdaf427266f1f53"
"uniqlo","115579","114796","선글라스","UV Protection > 액세서리 > 선글라스","UV Protection > 액세서리 > 선글라스","3","MEN","true","unknown","https://www.uniqlo.com/kr/ko/men_navigation","official_navigation_preloaded_taxonomies","2026-08-03T02:01:21.580Z","{""group"":""subcategories"",""key"":""fashion-glasses"",""parent_count"":3}","2dad9b2eaa9e0b3966064c40708d8fff9be454662a8eba631cdaf427266f1f53"
"uniqlo","114808","114796","모자","UV Protection > 액세서리 > 모자","UV Protection > 액세서리 > 모자","3","MEN","true","unknown","https://www.uniqlo.com/kr/ko/men_navigation","official_navigation_preloaded_taxonomies","2026-08-03T02:01:21.580Z","{""group"":""subcategories"",""key"":""caps"",""parent_count"":3}","2dad9b2eaa9e0b3966064c40708d8fff9be454662a8eba631cdaf427266f1f53"
"uniqlo","114922","114796","우산 & 암커버","UV Protection > 액세서리 > 우산 & 암커버","UV Protection > 액세서리 > 우산 & 암커버","3","MEN","true","unknown","https://www.uniqlo.com/kr/ko/men_navigation","official_navigation_preloaded_taxonomies","2026-08-03T02:01:21.580Z","{""group"":""subcategories"",""key"":""umbrella"",""parent_count"":3}","2dad9b2eaa9e0b3966064c40708d8fff9be454662a8eba631cdaf427266f1f53"
"uniqlo","116876","116873","셔츠","리넨 > 셔츠 > 셔츠","리넨 > 셔츠 > 셔츠","3","MEN","true","unknown","https://www.uniqlo.com/kr/ko/men_navigation","official_navigation_preloaded_taxonomies","2026-08-03T02:01:21.580Z","{""group"":""subcategories"",""key"":""shirts"",""parent_count"":3}","2dad9b2eaa9e0b3966064c40708d8fff9be454662a8eba631cdaf427266f1f53"
"uniqlo","120302","116873","반팔셔츠","리넨 > 셔츠 > 반팔셔츠","리넨 > 셔츠 > 반팔셔츠","3","MEN","true","unknown","https://www.uniqlo.com/kr/ko/men_navigation","official_navigation_preloaded_taxonomies","2026-08-03T02:01:21.580Z","{""group"":""subcategories"",""key"":""short-sleeve"",""parent_count"":3}","2dad9b2eaa9e0b3966064c40708d8fff9be454662a8eba631cdaf427266f1f53"
"uniqlo","116877","116874","롱팬츠","리넨 > 팬츠 > 롱팬츠","리넨 > 팬츠 > 롱팬츠","3","MEN","true","unknown","https://www.uniqlo.com/kr/ko/men_navigation","official_navigation_preloaded_taxonomies","2026-08-03T02:01:21.580Z","{""group"":""subcategories"",""key"":""easy-pants"",""parent_count"":3}","2dad9b2eaa9e0b3966064c40708d8fff9be454662a8eba631cdaf427266f1f53"
"uniqlo","116878","116874","쇼트팬츠","리넨 > 팬츠 > 쇼트팬츠","리넨 > 팬츠 > 쇼트팬츠","3","MEN","true","unknown","https://www.uniqlo.com/kr/ko/men_navigation","official_navigation_preloaded_taxonomies","2026-08-03T02:01:21.580Z","{""group"":""subcategories"",""key"":""short-pants"",""parent_count"":3}","2dad9b2eaa9e0b3966064c40708d8fff9be454662a8eba631cdaf427266f1f53"
"uniqlo","116875","116872","재킷","리넨 > 재킷 > 재킷","리넨 > 재킷 > 재킷","3","MEN","true","unknown","https://www.uniqlo.com/kr/ko/men_navigation","official_navigation_preloaded_taxonomies","2026-08-03T02:01:21.580Z","{""group"":""subcategories"",""key"":""jacket"",""parent_count"":3}","2dad9b2eaa9e0b3966064c40708d8fff9be454662a8eba631cdaf427266f1f53"
"uniqlo","122739","107551","Pre Launch","Special Collaborations > UNIQLO : C > Pre Launch","Special Collaborations > UNIQLO : C > Pre Launch","3","MEN","true","unknown","https://www.uniqlo.com/kr/ko/men_navigation","official_navigation_preloaded_taxonomies","2026-08-03T02:01:21.580Z","{""group"":""subcategories"",""key"":""pre-launch"",""parent_count"":3}","2dad9b2eaa9e0b3966064c40708d8fff9be454662a8eba631cdaf427266f1f53"
"uniqlo","107609","107551","Outerwear","Special Collaborations > UNIQLO : C > Outerwear","Special Collaborations > UNIQLO : C > Outerwear","3","MEN","true","unknown","https://www.uniqlo.com/kr/ko/men_navigation","official_navigation_preloaded_taxonomies","2026-08-03T02:01:21.580Z","{""group"":""subcategories"",""key"":""outerwear"",""parent_count"":3}","2dad9b2eaa9e0b3966064c40708d8fff9be454662a8eba631cdaf427266f1f53"
"uniqlo","107611","107551","Knitwear","Special Collaborations > UNIQLO : C > Knitwear","Special Collaborations > UNIQLO : C > Knitwear","3","MEN","true","unknown","https://www.uniqlo.com/kr/ko/men_navigation","official_navigation_preloaded_taxonomies","2026-08-03T02:01:21.580Z","{""group"":""subcategories"",""key"":""sweaters"",""parent_count"":3}","2dad9b2eaa9e0b3966064c40708d8fff9be454662a8eba631cdaf427266f1f53"
"uniqlo","122740","107551","Knitwear","Special Collaborations > UNIQLO : C > Knitwear","Special Collaborations > UNIQLO : C > Knitwear","3","MEN","true","unknown","https://www.uniqlo.com/kr/ko/men_navigation","official_navigation_preloaded_taxonomies","2026-08-03T02:01:21.580Z","{""group"":""subcategories"",""key"":""knitwear"",""parent_count"":3}","2dad9b2eaa9e0b3966064c40708d8fff9be454662a8eba631cdaf427266f1f53"
"uniqlo","107610","107551","Shirts","Special Collaborations > UNIQLO : C > Shirts","Special Collaborations > UNIQLO : C > Shirts","3","MEN","true","unknown","https://www.uniqlo.com/kr/ko/men_navigation","official_navigation_preloaded_taxonomies","2026-08-03T02:01:21.580Z","{""group"":""subcategories"",""key"":""shirts"",""parent_count"":3}","2dad9b2eaa9e0b3966064c40708d8fff9be454662a8eba631cdaf427266f1f53"
"uniqlo","107612","107551","Sweats","Special Collaborations > UNIQLO : C > Sweats","Special Collaborations > UNIQLO : C > Sweats","3","MEN","true","unknown","https://www.uniqlo.com/kr/ko/men_navigation","official_navigation_preloaded_taxonomies","2026-08-03T02:01:21.580Z","{""group"":""subcategories"",""key"":""sweatshirts"",""parent_count"":3}","2dad9b2eaa9e0b3966064c40708d8fff9be454662a8eba631cdaf427266f1f53"
"uniqlo","107613","107551","Bottoms","Special Collaborations > UNIQLO : C > Bottoms","Special Collaborations > UNIQLO : C > Bottoms","3","MEN","true","unknown","https://www.uniqlo.com/kr/ko/men_navigation","official_navigation_preloaded_taxonomies","2026-08-03T02:01:21.580Z","{""group"":""subcategories"",""key"":""bottoms"",""parent_count"":3}","2dad9b2eaa9e0b3966064c40708d8fff9be454662a8eba631cdaf427266f1f53"
"uniqlo","107614","107551","Accessories","Special Collaborations > UNIQLO : C > Accessories","Special Collaborations > UNIQLO : C > Accessories","3","MEN","true","unknown","https://www.uniqlo.com/kr/ko/men_navigation","official_navigation_preloaded_taxonomies","2026-08-03T02:01:21.580Z","{""group"":""subcategories"",""key"":""accessory"",""parent_count"":3}","2dad9b2eaa9e0b3966064c40708d8fff9be454662a8eba631cdaf427266f1f53"
"uniqlo","107615","107551","Shoes","Special Collaborations > UNIQLO : C > Shoes","Special Collaborations > UNIQLO : C > Shoes","3","MEN","true","unknown","https://www.uniqlo.com/kr/ko/men_navigation","official_navigation_preloaded_taxonomies","2026-08-03T02:01:21.580Z","{""group"":""subcategories"",""key"":""shoes"",""parent_count"":3}","2dad9b2eaa9e0b3966064c40708d8fff9be454662a8eba631cdaf427266f1f53"
"uniqlo","107616","107551","Bags","Special Collaborations > UNIQLO : C > Bags","Special Collaborations > UNIQLO : C > Bags","3","MEN","true","unknown","https://www.uniqlo.com/kr/ko/men_navigation","official_navigation_preloaded_taxonomies","2026-08-03T02:01:21.580Z","{""group"":""subcategories"",""key"":""bags"",""parent_count"":3}","2dad9b2eaa9e0b3966064c40708d8fff9be454662a8eba631cdaf427266f1f53"
"uniqlo","135498","107551","Sunglasses","Special Collaborations > UNIQLO : C > Sunglasses","Special Collaborations > UNIQLO : C > Sunglasses","3","MEN","true","unknown","https://www.uniqlo.com/kr/ko/men_navigation","official_navigation_preloaded_taxonomies","2026-08-03T02:01:21.580Z","{""group"":""subcategories"",""key"":""sunglasses"",""parent_count"":3}","2dad9b2eaa9e0b3966064c40708d8fff9be454662a8eba631cdaf427266f1f53"
"uniqlo","135495","107551","Coats","Special Collaborations > UNIQLO : C > Coats","Special Collaborations > UNIQLO : C > Coats","3","MEN","true","unknown","https://www.uniqlo.com/kr/ko/men_navigation","official_navigation_preloaded_taxonomies","2026-08-03T02:01:21.580Z","{""group"":""subcategories"",""key"":""coats"",""parent_count"":3}","2dad9b2eaa9e0b3966064c40708d8fff9be454662a8eba631cdaf427266f1f53"
"uniqlo","135494","107551","Jackets","Special Collaborations > UNIQLO : C > Jackets","Special Collaborations > UNIQLO : C > Jackets","3","MEN","true","unknown","https://www.uniqlo.com/kr/ko/men_navigation","official_navigation_preloaded_taxonomies","2026-08-03T02:01:21.580Z","{""group"":""subcategories"",""key"":""jackets"",""parent_count"":3}","2dad9b2eaa9e0b3966064c40708d8fff9be454662a8eba631cdaf427266f1f53"
"uniqlo","135496","107551","Wide Fit","Special Collaborations > UNIQLO : C > Wide Fit","Special Collaborations > UNIQLO : C > Wide Fit","3","MEN","true","unknown","https://www.uniqlo.com/kr/ko/men_navigation","official_navigation_preloaded_taxonomies","2026-08-03T02:01:21.580Z","{""group"":""subcategories"",""key"":""wide-fit"",""parent_count"":3}","2dad9b2eaa9e0b3966064c40708d8fff9be454662a8eba631cdaf427266f1f53"
"uniqlo","122708","107551","Heattech","Special Collaborations > UNIQLO : C > Heattech","Special Collaborations > UNIQLO : C > Heattech","3","MEN","true","unknown","https://www.uniqlo.com/kr/ko/men_navigation","official_navigation_preloaded_taxonomies","2026-08-03T02:01:21.580Z","{""group"":""subcategories"",""key"":""heattech"",""parent_count"":3}","2dad9b2eaa9e0b3966064c40708d8fff9be454662a8eba631cdaf427266f1f53"
"uniqlo","140173","107551","Premium Linen","Special Collaborations > UNIQLO : C > Premium Linen","Special Collaborations > UNIQLO : C > Premium Linen","3","MEN","true","unknown","https://www.uniqlo.com/kr/ko/men_navigation","official_navigation_preloaded_taxonomies","2026-08-03T02:01:21.580Z","{""group"":""subcategories"",""key"":""premium-linen"",""parent_count"":3}","2dad9b2eaa9e0b3966064c40708d8fff9be454662a8eba631cdaf427266f1f53"
"uniqlo","135497","107551","Linen","Special Collaborations > UNIQLO : C > Linen","Special Collaborations > UNIQLO : C > Linen","3","MEN","true","unknown","https://www.uniqlo.com/kr/ko/men_navigation","official_navigation_preloaded_taxonomies","2026-08-03T02:01:21.580Z","{""group"":""subcategories"",""key"":""linen"",""parent_count"":3}","2dad9b2eaa9e0b3966064c40708d8fff9be454662a8eba631cdaf427266f1f53"
"uniqlo","146116","107551","Cardigan","Special Collaborations > UNIQLO : C > Cardigan","Special Collaborations > UNIQLO : C > Cardigan","3","MEN","true","unknown","https://www.uniqlo.com/kr/ko/men_navigation","official_navigation_preloaded_taxonomies","2026-08-03T02:01:21.580Z","{""group"":""subcategories"",""key"":""cardigan"",""parent_count"":3}","2dad9b2eaa9e0b3966064c40708d8fff9be454662a8eba631cdaf427266f1f53"
"uniqlo","146117","107551","Turtle neck","Special Collaborations > UNIQLO : C > Turtle neck","Special Collaborations > UNIQLO : C > Turtle neck","3","MEN","true","unknown","https://www.uniqlo.com/kr/ko/men_navigation","official_navigation_preloaded_taxonomies","2026-08-03T02:01:21.580Z","{""group"":""subcategories"",""key"":""turtle-neck"",""parent_count"":3}","2dad9b2eaa9e0b3966064c40708d8fff9be454662a8eba631cdaf427266f1f53"
"uniqlo","137989","107551","Genderless","Special Collaborations > UNIQLO : C > Genderless","Special Collaborations > UNIQLO : C > Genderless","3","MEN","true","unknown","https://www.uniqlo.com/kr/ko/men_navigation","official_navigation_preloaded_taxonomies","2026-08-03T02:01:21.580Z","{""group"":""subcategories"",""key"":""genderless"",""parent_count"":3}","2dad9b2eaa9e0b3966064c40708d8fff9be454662a8eba631cdaf427266f1f53"
"uniqlo","107619","107551","Others","Special Collaborations > UNIQLO : C > Others","Special Collaborations > UNIQLO : C > Others","3","MEN","true","unknown","https://www.uniqlo.com/kr/ko/men_navigation","official_navigation_preloaded_taxonomies","2026-08-03T02:01:21.580Z","{""group"":""subcategories"",""key"":""others"",""parent_count"":3}","2dad9b2eaa9e0b3966064c40708d8fff9be454662a8eba631cdaf427266f1f53"
"uniqlo","107617","107551","Spring And Summer","Special Collaborations > UNIQLO : C > Spring And Summer","Special Collaborations > UNIQLO : C > Spring And Summer","3","MEN","true","unknown","https://www.uniqlo.com/kr/ko/men_navigation","official_navigation_preloaded_taxonomies","2026-08-03T02:01:21.580Z","{""group"":""subcategories"",""key"":""spring-and-summer"",""parent_count"":3}","2dad9b2eaa9e0b3966064c40708d8fff9be454662a8eba631cdaf427266f1f53"
"uniqlo","107618","107551","Fall And Winter","Special Collaborations > UNIQLO : C > Fall And Winter","Special Collaborations > UNIQLO : C > Fall And Winter","3","MEN","true","unknown","https://www.uniqlo.com/kr/ko/men_navigation","official_navigation_preloaded_taxonomies","2026-08-03T02:01:21.580Z","{""group"":""subcategories"",""key"":""fall-and-winter"",""parent_count"":3}","2dad9b2eaa9e0b3966064c40708d8fff9be454662a8eba631cdaf427266f1f53"
"uniqlo","145320","145183","Shirts and Polo shirt","Special Collaborations > UNIQLO F.RISSO > Shirts and Polo shirt","Special Collaborations > UNIQLO F.RISSO > Shirts and Polo shirt","3","MEN","true","unknown","https://www.uniqlo.com/kr/ko/men_navigation","official_navigation_preloaded_taxonomies","2026-08-03T02:01:21.580Z","{""group"":""subcategories"",""key"":""shirts-and-polo-shirt"",""parent_count"":3}","2dad9b2eaa9e0b3966064c40708d8fff9be454662a8eba631cdaf427266f1f53"
"uniqlo","145321","145183","T-Shirts","Special Collaborations > UNIQLO F.RISSO > T-Shirts","Special Collaborations > UNIQLO F.RISSO > T-Shirts","3","MEN","true","unknown","https://www.uniqlo.com/kr/ko/men_navigation","official_navigation_preloaded_taxonomies","2026-08-03T02:01:21.580Z","{""group"":""subcategories"",""key"":""t-shirt"",""parent_count"":3}","2dad9b2eaa9e0b3966064c40708d8fff9be454662a8eba631cdaf427266f1f53"
"uniqlo","145322","145183","Bottoms","Special Collaborations > UNIQLO F.RISSO > Bottoms","Special Collaborations > UNIQLO F.RISSO > Bottoms","3","MEN","true","unknown","https://www.uniqlo.com/kr/ko/men_navigation","official_navigation_preloaded_taxonomies","2026-08-03T02:01:21.580Z","{""group"":""subcategories"",""key"":""bottoms"",""parent_count"":3}","2dad9b2eaa9e0b3966064c40708d8fff9be454662a8eba631cdaf427266f1f53"
"uniqlo","145323","145183","Accessories","Special Collaborations > UNIQLO F.RISSO > Accessories","Special Collaborations > UNIQLO F.RISSO > Accessories","3","MEN","true","unknown","https://www.uniqlo.com/kr/ko/men_navigation","official_navigation_preloaded_taxonomies","2026-08-03T02:01:21.580Z","{""group"":""subcategories"",""key"":""accessories"",""parent_count"":3}","2dad9b2eaa9e0b3966064c40708d8fff9be454662a8eba631cdaf427266f1f53"
"uniqlo","145324","145183","Socks","Special Collaborations > UNIQLO F.RISSO > Socks","Special Collaborations > UNIQLO F.RISSO > Socks","3","MEN","true","unknown","https://www.uniqlo.com/kr/ko/men_navigation","official_navigation_preloaded_taxonomies","2026-08-03T02:01:21.580Z","{""group"":""subcategories"",""key"":""socks"",""parent_count"":3}","2dad9b2eaa9e0b3966064c40708d8fff9be454662a8eba631cdaf427266f1f53"
"uniqlo","145325","145183","Broad","Special Collaborations > UNIQLO F.RISSO > Broad","Special Collaborations > UNIQLO F.RISSO > Broad","3","MEN","true","unknown","https://www.uniqlo.com/kr/ko/men_navigation","official_navigation_preloaded_taxonomies","2026-08-03T02:01:21.580Z","{""group"":""subcategories"",""key"":""broad"",""parent_count"":3}","2dad9b2eaa9e0b3966064c40708d8fff9be454662a8eba631cdaf427266f1f53"
"uniqlo","145326","145183","Oxford","Special Collaborations > UNIQLO F.RISSO > Oxford","Special Collaborations > UNIQLO F.RISSO > Oxford","3","MEN","true","unknown","https://www.uniqlo.com/kr/ko/men_navigation","official_navigation_preloaded_taxonomies","2026-08-03T02:01:21.580Z","{""group"":""subcategories"",""key"":""oxford"",""parent_count"":3}","2dad9b2eaa9e0b3966064c40708d8fff9be454662a8eba631cdaf427266f1f53"
"uniqlo","145327","145183","Wide","Special Collaborations > UNIQLO F.RISSO > Wide","Special Collaborations > UNIQLO F.RISSO > Wide","3","MEN","true","unknown","https://www.uniqlo.com/kr/ko/men_navigation","official_navigation_preloaded_taxonomies","2026-08-03T02:01:21.580Z","{""group"":""subcategories"",""key"":""wide"",""parent_count"":3}","2dad9b2eaa9e0b3966064c40708d8fff9be454662a8eba631cdaf427266f1f53"
"uniqlo","145328","145183","Others","Special Collaborations > UNIQLO F.RISSO > Others","Special Collaborations > UNIQLO F.RISSO > Others","3","MEN","true","unknown","https://www.uniqlo.com/kr/ko/men_navigation","official_navigation_preloaded_taxonomies","2026-08-03T02:01:21.580Z","{""group"":""subcategories"",""key"":""others"",""parent_count"":3}","2dad9b2eaa9e0b3966064c40708d8fff9be454662a8eba631cdaf427266f1f53"
"uniqlo","107603","107550","Outerwear","Special Collaborations > Uniqlo U > Outerwear","Special Collaborations > Uniqlo U > Outerwear","3","MEN","true","unknown","https://www.uniqlo.com/kr/ko/men_navigation","official_navigation_preloaded_taxonomies","2026-08-03T02:01:21.580Z","{""group"":""subcategories"",""key"":""outerwear"",""parent_count"":3}","2dad9b2eaa9e0b3966064c40708d8fff9be454662a8eba631cdaf427266f1f53"
"uniqlo","107604","107550","T-Shirts","Special Collaborations > Uniqlo U > T-Shirts","Special Collaborations > Uniqlo U > T-Shirts","3","MEN","true","unknown","https://www.uniqlo.com/kr/ko/men_navigation","official_navigation_preloaded_taxonomies","2026-08-03T02:01:21.580Z","{""group"":""subcategories"",""key"":""t-shirts"",""parent_count"":3}","2dad9b2eaa9e0b3966064c40708d8fff9be454662a8eba631cdaf427266f1f53"
"uniqlo","107605","107550","Shirts","Special Collaborations > Uniqlo U > Shirts","Special Collaborations > Uniqlo U > Shirts","3","MEN","true","unknown","https://www.uniqlo.com/kr/ko/men_navigation","official_navigation_preloaded_taxonomies","2026-08-03T02:01:21.580Z","{""group"":""subcategories"",""key"":""shirts"",""parent_count"":3}","2dad9b2eaa9e0b3966064c40708d8fff9be454662a8eba631cdaf427266f1f53"
"uniqlo","107607","107550","Bottoms","Special Collaborations > Uniqlo U > Bottoms","Special Collaborations > Uniqlo U > Bottoms","3","MEN","true","unknown","https://www.uniqlo.com/kr/ko/men_navigation","official_navigation_preloaded_taxonomies","2026-08-03T02:01:21.580Z","{""group"":""subcategories"",""key"":""bottoms"",""parent_count"":3}","2dad9b2eaa9e0b3966064c40708d8fff9be454662a8eba631cdaf427266f1f53"
"uniqlo","107608","107550","Accessories","Special Collaborations > Uniqlo U > Accessories","Special Collaborations > Uniqlo U > Accessories","3","MEN","true","unknown","https://www.uniqlo.com/kr/ko/men_navigation","official_navigation_preloaded_taxonomies","2026-08-03T02:01:21.580Z","{""group"":""subcategories"",""key"":""accessories"",""parent_count"":3}","2dad9b2eaa9e0b3966064c40708d8fff9be454662a8eba631cdaf427266f1f53"
"uniqlo","139484","107550","Bags","Special Collaborations > Uniqlo U > Bags","Special Collaborations > Uniqlo U > Bags","3","MEN","true","unknown","https://www.uniqlo.com/kr/ko/men_navigation","official_navigation_preloaded_taxonomies","2026-08-03T02:01:21.580Z","{""group"":""subcategories"",""key"":""bags"",""parent_count"":3}","2dad9b2eaa9e0b3966064c40708d8fff9be454662a8eba631cdaf427266f1f53"
"uniqlo","139483","107550","Belts","Special Collaborations > Uniqlo U > Belts","Special Collaborations > Uniqlo U > Belts","3","MEN","true","unknown","https://www.uniqlo.com/kr/ko/men_navigation","official_navigation_preloaded_taxonomies","2026-08-03T02:01:21.580Z","{""group"":""subcategories"",""key"":""belts"",""parent_count"":3}","2dad9b2eaa9e0b3966064c40708d8fff9be454662a8eba631cdaf427266f1f53"
"uniqlo","107606","107550","Sweaters","Special Collaborations > Uniqlo U > Sweaters","Special Collaborations > Uniqlo U > Sweaters","3","MEN","true","unknown","https://www.uniqlo.com/kr/ko/men_navigation","official_navigation_preloaded_taxonomies","2026-08-03T02:01:21.580Z","{""group"":""subcategories"",""key"":""sweaters"",""parent_count"":3}","2dad9b2eaa9e0b3966064c40708d8fff9be454662a8eba631cdaf427266f1f53"
"uniqlo","139462","107550","Blousons","Special Collaborations > Uniqlo U > Blousons","Special Collaborations > Uniqlo U > Blousons","3","MEN","true","unknown","https://www.uniqlo.com/kr/ko/men_navigation","official_navigation_preloaded_taxonomies","2026-08-03T02:01:21.580Z","{""group"":""subcategories"",""key"":""blousons"",""parent_count"":3}","2dad9b2eaa9e0b3966064c40708d8fff9be454662a8eba631cdaf427266f1f53"
"uniqlo","139464","107550","Parkers","Special Collaborations > Uniqlo U > Parkers","Special Collaborations > Uniqlo U > Parkers","3","MEN","true","unknown","https://www.uniqlo.com/kr/ko/men_navigation","official_navigation_preloaded_taxonomies","2026-08-03T02:01:21.580Z","{""group"":""subcategories"",""key"":""parkers"",""parent_count"":3}","2dad9b2eaa9e0b3966064c40708d8fff9be454662a8eba631cdaf427266f1f53"
"uniqlo","139463","107550","Jackets","Special Collaborations > Uniqlo U > Jackets","Special Collaborations > Uniqlo U > Jackets","3","MEN","true","unknown","https://www.uniqlo.com/kr/ko/men_navigation","official_navigation_preloaded_taxonomies","2026-08-03T02:01:21.580Z","{""group"":""subcategories"",""key"":""jackets"",""parent_count"":3}","2dad9b2eaa9e0b3966064c40708d8fff9be454662a8eba631cdaf427266f1f53"
"uniqlo","139465","107550","Wide Fit","Special Collaborations > Uniqlo U > Wide Fit","Special Collaborations > Uniqlo U > Wide Fit","3","MEN","true","unknown","https://www.uniqlo.com/kr/ko/men_navigation","official_navigation_preloaded_taxonomies","2026-08-03T02:01:21.580Z","{""group"":""subcategories"",""key"":""wide-fit"",""parent_count"":3}","2dad9b2eaa9e0b3966064c40708d8fff9be454662a8eba631cdaf427266f1f53"
"uniqlo","139471","107550","Short Sleeve","Special Collaborations > Uniqlo U > Short Sleeve","Special Collaborations > Uniqlo U > Short Sleeve","3","MEN","true","unknown","https://www.uniqlo.com/kr/ko/men_navigation","official_navigation_preloaded_taxonomies","2026-08-03T02:01:21.580Z","{""group"":""subcategories"",""key"":""short-sleeve"",""parent_count"":3}","2dad9b2eaa9e0b3966064c40708d8fff9be454662a8eba631cdaf427266f1f53"
"uniqlo","139473","107550","Short Half Sleeve","Special Collaborations > Uniqlo U > Short Half Sleeve","Special Collaborations > Uniqlo U > Short Half Sleeve","3","MEN","true","unknown","https://www.uniqlo.com/kr/ko/men_navigation","official_navigation_preloaded_taxonomies","2026-08-03T02:01:21.580Z","{""group"":""subcategories"",""key"":""short-half-sleeve"",""parent_count"":3}","2dad9b2eaa9e0b3966064c40708d8fff9be454662a8eba631cdaf427266f1f53"
"uniqlo","139470","107550","Long Sleeve","Special Collaborations > Uniqlo U > Long Sleeve","Special Collaborations > Uniqlo U > Long Sleeve","3","MEN","true","unknown","https://www.uniqlo.com/kr/ko/men_navigation","official_navigation_preloaded_taxonomies","2026-08-03T02:01:21.580Z","{""group"":""subcategories"",""key"":""long-sleeve"",""parent_count"":3}","2dad9b2eaa9e0b3966064c40708d8fff9be454662a8eba631cdaf427266f1f53"
"uniqlo","139481","107550","Regular Lengths","Special Collaborations > Uniqlo U > Regular Lengths","Special Collaborations > Uniqlo U > Regular Lengths","3","MEN","true","unknown","https://www.uniqlo.com/kr/ko/men_navigation","official_navigation_preloaded_taxonomies","2026-08-03T02:01:21.580Z","{""group"":""subcategories"",""key"":""regular-lengths"",""parent_count"":3}","2dad9b2eaa9e0b3966064c40708d8fff9be454662a8eba631cdaf427266f1f53"
"uniqlo","139482","107550","Long Length","Special Collaborations > Uniqlo U > Long Length","Special Collaborations > Uniqlo U > Long Length","3","MEN","true","unknown","https://www.uniqlo.com/kr/ko/men_navigation","official_navigation_preloaded_taxonomies","2026-08-03T02:01:21.580Z","{""group"":""subcategories"",""key"":""long-length"",""parent_count"":3}","2dad9b2eaa9e0b3966064c40708d8fff9be454662a8eba631cdaf427266f1f53"
"uniqlo","139476","107550","Airism","Special Collaborations > Uniqlo U > Airism","Special Collaborations > Uniqlo U > Airism","3","MEN","true","unknown","https://www.uniqlo.com/kr/ko/men_navigation","official_navigation_preloaded_taxonomies","2026-08-03T02:01:21.580Z","{""group"":""subcategories"",""key"":""airism"",""parent_count"":3}","2dad9b2eaa9e0b3966064c40708d8fff9be454662a8eba631cdaf427266f1f53"
"uniqlo","139467","107550","Cotton","Special Collaborations > Uniqlo U > Cotton","Special Collaborations > Uniqlo U > Cotton","3","MEN","true","unknown","https://www.uniqlo.com/kr/ko/men_navigation","official_navigation_preloaded_taxonomies","2026-08-03T02:01:21.580Z","{""group"":""subcategories"",""key"":""cotton"",""parent_count"":3}","2dad9b2eaa9e0b3966064c40708d8fff9be454662a8eba631cdaf427266f1f53"
"uniqlo","139466","107550","Cargo","Special Collaborations > Uniqlo U > Cargo","Special Collaborations > Uniqlo U > Cargo","3","MEN","true","unknown","https://www.uniqlo.com/kr/ko/men_navigation","official_navigation_preloaded_taxonomies","2026-08-03T02:01:21.580Z","{""group"":""subcategories"",""key"":""cargo"",""parent_count"":3}","2dad9b2eaa9e0b3966064c40708d8fff9be454662a8eba631cdaf427266f1f53"
"uniqlo","139474","107550","Dry Ex","Special Collaborations > Uniqlo U > Dry Ex","Special Collaborations > Uniqlo U > Dry Ex","3","MEN","true","unknown","https://www.uniqlo.com/kr/ko/men_navigation","official_navigation_preloaded_taxonomies","2026-08-03T02:01:21.580Z","{""group"":""subcategories"",""key"":""dry-ex"",""parent_count"":3}","2dad9b2eaa9e0b3966064c40708d8fff9be454662a8eba631cdaf427266f1f53"
"uniqlo","139480","107550","Sweat","Special Collaborations > Uniqlo U > Sweat","Special Collaborations > Uniqlo U > Sweat","3","MEN","true","unknown","https://www.uniqlo.com/kr/ko/men_navigation","official_navigation_preloaded_taxonomies","2026-08-03T02:01:21.580Z","{""group"":""subcategories"",""key"":""sweat"",""parent_count"":3}","2dad9b2eaa9e0b3966064c40708d8fff9be454662a8eba631cdaf427266f1f53"
"uniqlo","139475","107550","Tank Top","Special Collaborations > Uniqlo U > Tank Top","Special Collaborations > Uniqlo U > Tank Top","3","MEN","true","unknown","https://www.uniqlo.com/kr/ko/men_navigation","official_navigation_preloaded_taxonomies","2026-08-03T02:01:21.580Z","{""group"":""subcategories"",""key"":""tank-top"",""parent_count"":3}","2dad9b2eaa9e0b3966064c40708d8fff9be454662a8eba631cdaf427266f1f53"
"uniqlo","139477","107550","Crew Neck","Special Collaborations > Uniqlo U > Crew Neck","Special Collaborations > Uniqlo U > Crew Neck","3","MEN","true","unknown","https://www.uniqlo.com/kr/ko/men_navigation","official_navigation_preloaded_taxonomies","2026-08-03T02:01:21.580Z","{""group"":""subcategories"",""key"":""crew-neck"",""parent_count"":3}","2dad9b2eaa9e0b3966064c40708d8fff9be454662a8eba631cdaf427266f1f53"
"uniqlo","139468","107550","Shorts","Special Collaborations > Uniqlo U > Shorts","Special Collaborations > Uniqlo U > Shorts","3","MEN","true","unknown","https://www.uniqlo.com/kr/ko/men_navigation","official_navigation_preloaded_taxonomies","2026-08-03T02:01:21.580Z","{""group"":""subcategories"",""key"":""shorts"",""parent_count"":3}","2dad9b2eaa9e0b3966064c40708d8fff9be454662a8eba631cdaf427266f1f53"
"uniqlo","141037","107550","Coming Soon","Special Collaborations > Uniqlo U > Coming Soon","Special Collaborations > Uniqlo U > Coming Soon","3","MEN","true","unknown","https://www.uniqlo.com/kr/ko/men_navigation","official_navigation_preloaded_taxonomies","2026-08-03T02:01:21.580Z","{""group"":""subcategories"",""key"":""coming-soon"",""parent_count"":3}","2dad9b2eaa9e0b3966064c40708d8fff9be454662a8eba631cdaf427266f1f53"
"uniqlo","139479","107550","Others","Special Collaborations > Uniqlo U > Others","Special Collaborations > Uniqlo U > Others","3","MEN","true","unknown","https://www.uniqlo.com/kr/ko/men_navigation","official_navigation_preloaded_taxonomies","2026-08-03T02:01:21.580Z","{""group"":""subcategories"",""key"":""others"",""parent_count"":3}","2dad9b2eaa9e0b3966064c40708d8fff9be454662a8eba631cdaf427266f1f53"
"uniqlo","149789","107552","Pre launch","Special Collaborations > UNIQLO and JW ANDERSON > Pre launch","Special Collaborations > UNIQLO and JW ANDERSON > Pre launch","3","MEN","true","unknown","https://www.uniqlo.com/kr/ko/men_navigation","official_navigation_preloaded_taxonomies","2026-08-03T02:01:21.580Z","{""group"":""subcategories"",""key"":""pre-launch"",""parent_count"":3}","2dad9b2eaa9e0b3966064c40708d8fff9be454662a8eba631cdaf427266f1f53"
"uniqlo","107620","107552","Outerwear","Special Collaborations > UNIQLO and JW ANDERSON > Outerwear","Special Collaborations > UNIQLO and JW ANDERSON > Outerwear","3","MEN","true","unknown","https://www.uniqlo.com/kr/ko/men_navigation","official_navigation_preloaded_taxonomies","2026-08-03T02:01:21.580Z","{""group"":""subcategories"",""key"":""outerwear"",""parent_count"":3}","2dad9b2eaa9e0b3966064c40708d8fff9be454662a8eba631cdaf427266f1f53"
"uniqlo","107624","107552","Bottoms","Special Collaborations > UNIQLO and JW ANDERSON > Bottoms","Special Collaborations > UNIQLO and JW ANDERSON > Bottoms","3","MEN","true","unknown","https://www.uniqlo.com/kr/ko/men_navigation","official_navigation_preloaded_taxonomies","2026-08-03T02:01:21.580Z","{""group"":""subcategories"",""key"":""bottoms"",""parent_count"":3}","2dad9b2eaa9e0b3966064c40708d8fff9be454662a8eba631cdaf427266f1f53"
"uniqlo","107621","107552","Cut & Sewn","Special Collaborations > UNIQLO and JW ANDERSON > Cut & Sewn","Special Collaborations > UNIQLO and JW ANDERSON > Cut & Sewn","3","MEN","true","unknown","https://www.uniqlo.com/kr/ko/men_navigation","official_navigation_preloaded_taxonomies","2026-08-03T02:01:21.580Z","{""group"":""subcategories"",""key"":""t-shirts"",""parent_count"":3}","2dad9b2eaa9e0b3966064c40708d8fff9be454662a8eba631cdaf427266f1f53"
"uniqlo","107622","107552","Shirts","Special Collaborations > UNIQLO and JW ANDERSON > Shirts","Special Collaborations > UNIQLO and JW ANDERSON > Shirts","3","MEN","true","unknown","https://www.uniqlo.com/kr/ko/men_navigation","official_navigation_preloaded_taxonomies","2026-08-03T02:01:21.580Z","{""group"":""subcategories"",""key"":""shirts"",""parent_count"":3}","2dad9b2eaa9e0b3966064c40708d8fff9be454662a8eba631cdaf427266f1f53"
"uniqlo","126806","107552","Sweaters","Special Collaborations > UNIQLO and JW ANDERSON > Sweaters","Special Collaborations > UNIQLO and JW ANDERSON > Sweaters","3","MEN","true","unknown","https://www.uniqlo.com/kr/ko/men_navigation","official_navigation_preloaded_taxonomies","2026-08-03T02:01:21.580Z","{""group"":""subcategories"",""key"":""sweaters"",""parent_count"":3}","2dad9b2eaa9e0b3966064c40708d8fff9be454662a8eba631cdaf427266f1f53"
"uniqlo","107625","107552","Socks","Special Collaborations > UNIQLO and JW ANDERSON > Socks","Special Collaborations > UNIQLO and JW ANDERSON > Socks","3","MEN","true","unknown","https://www.uniqlo.com/kr/ko/men_navigation","official_navigation_preloaded_taxonomies","2026-08-03T02:01:21.580Z","{""group"":""subcategories"",""key"":""socks"",""parent_count"":3}","2dad9b2eaa9e0b3966064c40708d8fff9be454662a8eba631cdaf427266f1f53"
"uniqlo","107626","107552","Accessories","Special Collaborations > UNIQLO and JW ANDERSON > Accessories","Special Collaborations > UNIQLO and JW ANDERSON > Accessories","3","MEN","true","unknown","https://www.uniqlo.com/kr/ko/men_navigation","official_navigation_preloaded_taxonomies","2026-08-03T02:01:21.580Z","{""group"":""subcategories"",""key"":""accessories"",""parent_count"":3}","2dad9b2eaa9e0b3966064c40708d8fff9be454662a8eba631cdaf427266f1f53"
"uniqlo","134564","107552","Bags","Special Collaborations > UNIQLO and JW ANDERSON > Bags","Special Collaborations > UNIQLO and JW ANDERSON > Bags","3","MEN","true","unknown","https://www.uniqlo.com/kr/ko/men_navigation","official_navigation_preloaded_taxonomies","2026-08-03T02:01:21.580Z","{""group"":""subcategories"",""key"":""bags"",""parent_count"":3}","2dad9b2eaa9e0b3966064c40708d8fff9be454662a8eba631cdaf427266f1f53"
"uniqlo","134566","107552","Regular Fit","Special Collaborations > UNIQLO and JW ANDERSON > Regular Fit","Special Collaborations > UNIQLO and JW ANDERSON > Regular Fit","3","MEN","true","unknown","https://www.uniqlo.com/kr/ko/men_navigation","official_navigation_preloaded_taxonomies","2026-08-03T02:01:21.580Z","{""group"":""subcategories"",""key"":""regular-fit"",""parent_count"":3}","2dad9b2eaa9e0b3966064c40708d8fff9be454662a8eba631cdaf427266f1f53"
"uniqlo","134567","107552","Wide Fit","Special Collaborations > UNIQLO and JW ANDERSON > Wide Fit","Special Collaborations > UNIQLO and JW ANDERSON > Wide Fit","3","MEN","true","unknown","https://www.uniqlo.com/kr/ko/men_navigation","official_navigation_preloaded_taxonomies","2026-08-03T02:01:21.580Z","{""group"":""subcategories"",""key"":""wide-fit"",""parent_count"":3}","2dad9b2eaa9e0b3966064c40708d8fff9be454662a8eba631cdaf427266f1f53"
"uniqlo","134568","107552","Regular Length","Special Collaborations > UNIQLO and JW ANDERSON > Regular Length","Special Collaborations > UNIQLO and JW ANDERSON > Regular Length","3","MEN","true","unknown","https://www.uniqlo.com/kr/ko/men_navigation","official_navigation_preloaded_taxonomies","2026-08-03T02:01:21.580Z","{""group"":""subcategories"",""key"":""regular-lengths"",""parent_count"":3}","2dad9b2eaa9e0b3966064c40708d8fff9be454662a8eba631cdaf427266f1f53"
"uniqlo","134570","107552","Short Length","Special Collaborations > UNIQLO and JW ANDERSON > Short Length","Special Collaborations > UNIQLO and JW ANDERSON > Short Length","3","MEN","true","unknown","https://www.uniqlo.com/kr/ko/men_navigation","official_navigation_preloaded_taxonomies","2026-08-03T02:01:21.580Z","{""group"":""subcategories"",""key"":""short-length"",""parent_count"":3}","2dad9b2eaa9e0b3966064c40708d8fff9be454662a8eba631cdaf427266f1f53"
"uniqlo","134569","107552","Long Length","Special Collaborations > UNIQLO and JW ANDERSON > Long Length","Special Collaborations > UNIQLO and JW ANDERSON > Long Length","3","MEN","true","unknown","https://www.uniqlo.com/kr/ko/men_navigation","official_navigation_preloaded_taxonomies","2026-08-03T02:01:21.580Z","{""group"":""subcategories"",""key"":""long-length"",""parent_count"":3}","2dad9b2eaa9e0b3966064c40708d8fff9be454662a8eba631cdaf427266f1f53"
"uniqlo","134571","107552","Short Half Sleeve","Special Collaborations > UNIQLO and JW ANDERSON > Short Half Sleeve","Special Collaborations > UNIQLO and JW ANDERSON > Short Half Sleeve","3","MEN","true","unknown","https://www.uniqlo.com/kr/ko/men_navigation","official_navigation_preloaded_taxonomies","2026-08-03T02:01:21.580Z","{""group"":""subcategories"",""key"":""short-half-sleeve"",""parent_count"":3}","2dad9b2eaa9e0b3966064c40708d8fff9be454662a8eba631cdaf427266f1f53"
"uniqlo","134572","107552","Regular Socks","Special Collaborations > UNIQLO and JW ANDERSON > Regular Socks","Special Collaborations > UNIQLO and JW ANDERSON > Regular Socks","3","MEN","true","unknown","https://www.uniqlo.com/kr/ko/men_navigation","official_navigation_preloaded_taxonomies","2026-08-03T02:01:21.580Z","{""group"":""subcategories"",""key"":""regular-socks"",""parent_count"":3}","2dad9b2eaa9e0b3966064c40708d8fff9be454662a8eba631cdaf427266f1f53"
"uniqlo","134573","107552","Half Socks","Special Collaborations > UNIQLO and JW ANDERSON > Half Socks","Special Collaborations > UNIQLO and JW ANDERSON > Half Socks","3","MEN","true","unknown","https://www.uniqlo.com/kr/ko/men_navigation","official_navigation_preloaded_taxonomies","2026-08-03T02:01:21.580Z","{""group"":""subcategories"",""key"":""half-socks"",""parent_count"":3}","2dad9b2eaa9e0b3966064c40708d8fff9be454662a8eba631cdaf427266f1f53"
"uniqlo","134574","107552","Denim","Special Collaborations > UNIQLO and JW ANDERSON > Denim","Special Collaborations > UNIQLO and JW ANDERSON > Denim","3","MEN","true","unknown","https://www.uniqlo.com/kr/ko/men_navigation","official_navigation_preloaded_taxonomies","2026-08-03T02:01:21.580Z","{""group"":""subcategories"",""key"":""denim"",""parent_count"":3}","2dad9b2eaa9e0b3966064c40708d8fff9be454662a8eba631cdaf427266f1f53"
"uniqlo","134575","107552","Cotton","Special Collaborations > UNIQLO and JW ANDERSON > Cotton","Special Collaborations > UNIQLO and JW ANDERSON > Cotton","3","MEN","true","unknown","https://www.uniqlo.com/kr/ko/men_navigation","official_navigation_preloaded_taxonomies","2026-08-03T02:01:21.580Z","{""group"":""subcategories"",""key"":""cotton"",""parent_count"":3}","2dad9b2eaa9e0b3966064c40708d8fff9be454662a8eba631cdaf427266f1f53"
"uniqlo","134576","107552","Crew Neck","Special Collaborations > UNIQLO and JW ANDERSON > Crew Neck","Special Collaborations > UNIQLO and JW ANDERSON > Crew Neck","3","MEN","true","unknown","https://www.uniqlo.com/kr/ko/men_navigation","official_navigation_preloaded_taxonomies","2026-08-03T02:01:21.580Z","{""group"":""subcategories"",""key"":""crew-neck"",""parent_count"":3}","2dad9b2eaa9e0b3966064c40708d8fff9be454662a8eba631cdaf427266f1f53"
"uniqlo","134577","107552","Polo","Special Collaborations > UNIQLO and JW ANDERSON > Polo","Special Collaborations > UNIQLO and JW ANDERSON > Polo","3","MEN","true","unknown","https://www.uniqlo.com/kr/ko/men_navigation","official_navigation_preloaded_taxonomies","2026-08-03T02:01:21.580Z","{""group"":""subcategories"",""key"":""polo"",""parent_count"":3}","2dad9b2eaa9e0b3966064c40708d8fff9be454662a8eba631cdaf427266f1f53"
"uniqlo","149792","107552","Genderless","Special Collaborations > UNIQLO and JW ANDERSON > Genderless","Special Collaborations > UNIQLO and JW ANDERSON > Genderless","3","MEN","true","unknown","https://www.uniqlo.com/kr/ko/men_navigation","official_navigation_preloaded_taxonomies","2026-08-03T02:01:21.580Z","{""group"":""subcategories"",""key"":""genderless"",""parent_count"":3}","2dad9b2eaa9e0b3966064c40708d8fff9be454662a8eba631cdaf427266f1f53"
"uniqlo","107627","107552","Others","Special Collaborations > UNIQLO and JW ANDERSON > Others","Special Collaborations > UNIQLO and JW ANDERSON > Others","3","MEN","true","unknown","https://www.uniqlo.com/kr/ko/men_navigation","official_navigation_preloaded_taxonomies","2026-08-03T02:01:21.580Z","{""group"":""subcategories"",""key"":""others"",""parent_count"":3}","2dad9b2eaa9e0b3966064c40708d8fff9be454662a8eba631cdaf427266f1f53"
"uniqlo","140770","140769","DRY-EX Polo Shirts","Special Collaborations > The Roger Federer Collection > DRY-EX Polo Shirts","Special Collaborations > The Roger Federer Collection > DRY-EX Polo Shirts","3","MEN","true","unknown","https://www.uniqlo.com/kr/ko/men_navigation","official_navigation_preloaded_taxonomies","2026-08-03T02:01:21.580Z","{""group"":""subcategories"",""key"":""polo"",""parent_count"":3}","2dad9b2eaa9e0b3966064c40708d8fff9be454662a8eba631cdaf427266f1f53"
"uniqlo","140771","140769","Ultra Stretch Shorts","Special Collaborations > The Roger Federer Collection > Ultra Stretch Shorts","Special Collaborations > The Roger Federer Collection > Ultra Stretch Shorts","3","MEN","true","unknown","https://www.uniqlo.com/kr/ko/men_navigation","official_navigation_preloaded_taxonomies","2026-08-03T02:01:21.580Z","{""group"":""subcategories"",""key"":""bottoms"",""parent_count"":3}","2dad9b2eaa9e0b3966064c40708d8fff9be454662a8eba631cdaf427266f1f53"
"uniqlo","140772","140769","3D Knit","Special Collaborations > The Roger Federer Collection > 3D Knit","Special Collaborations > The Roger Federer Collection > 3D Knit","3","MEN","true","unknown","https://www.uniqlo.com/kr/ko/men_navigation","official_navigation_preloaded_taxonomies","2026-08-03T02:01:21.580Z","{""group"":""subcategories"",""key"":""knitwear"",""parent_count"":3}","2dad9b2eaa9e0b3966064c40708d8fff9be454662a8eba631cdaf427266f1f53"
"uniqlo","140773","140769","Dry Stretch Sweats","Special Collaborations > The Roger Federer Collection > Dry Stretch Sweats","Special Collaborations > The Roger Federer Collection > Dry Stretch Sweats","3","MEN","true","unknown","https://www.uniqlo.com/kr/ko/men_navigation","official_navigation_preloaded_taxonomies","2026-08-03T02:01:21.580Z","{""group"":""subcategories"",""key"":""sweats"",""parent_count"":3}","2dad9b2eaa9e0b3966064c40708d8fff9be454662a8eba631cdaf427266f1f53"
"uniqlo","140774","140769","Others","Special Collaborations > The Roger Federer Collection > Others","Special Collaborations > The Roger Federer Collection > Others","3","MEN","true","unknown","https://www.uniqlo.com/kr/ko/men_navigation","official_navigation_preloaded_taxonomies","2026-08-03T02:01:21.580Z","{""group"":""subcategories"",""key"":""others"",""parent_count"":3}","2dad9b2eaa9e0b3966064c40708d8fff9be454662a8eba631cdaf427266f1f53"
"uniqlo","124445","124431","티셔츠","GU > 상의 > 티셔츠","GU > 상의 > 티셔츠","3","MEN","true","unknown","https://www.uniqlo.com/kr/ko/men_navigation","official_navigation_preloaded_taxonomies","2026-08-03T02:01:21.580Z","{""group"":""subcategories"",""key"":""t-shirts"",""parent_count"":3}","2dad9b2eaa9e0b3966064c40708d8fff9be454662a8eba631cdaf427266f1f53"
"uniqlo","124446","124431","스웨트","GU > 상의 > 스웨트","GU > 상의 > 스웨트","3","MEN","true","unknown","https://www.uniqlo.com/kr/ko/men_navigation","official_navigation_preloaded_taxonomies","2026-08-03T02:01:21.580Z","{""group"":""subcategories"",""key"":""sweat"",""parent_count"":3}","2dad9b2eaa9e0b3966064c40708d8fff9be454662a8eba631cdaf427266f1f53"
"uniqlo","124447","124431","셔츠","GU > 상의 > 셔츠","GU > 상의 > 셔츠","3","MEN","true","unknown","https://www.uniqlo.com/kr/ko/men_navigation","official_navigation_preloaded_taxonomies","2026-08-03T02:01:21.580Z","{""group"":""subcategories"",""key"":""shirts"",""parent_count"":3}","2dad9b2eaa9e0b3966064c40708d8fff9be454662a8eba631cdaf427266f1f53"
"uniqlo","124448","124431","니트","GU > 상의 > 니트","GU > 상의 > 니트","3","MEN","true","unknown","https://www.uniqlo.com/kr/ko/men_navigation","official_navigation_preloaded_taxonomies","2026-08-03T02:01:21.580Z","{""group"":""subcategories"",""key"":""knitwear"",""parent_count"":3}","2dad9b2eaa9e0b3966064c40708d8fff9be454662a8eba631cdaf427266f1f53"
"uniqlo","124449","124432","진","GU > 팬츠 > 진","GU > 팬츠 > 진","3","MEN","true","unknown","https://www.uniqlo.com/kr/ko/men_navigation","official_navigation_preloaded_taxonomies","2026-08-03T02:01:21.580Z","{""group"":""subcategories"",""key"":""jeans"",""parent_count"":3}","2dad9b2eaa9e0b3966064c40708d8fff9be454662a8eba631cdaf427266f1f53"
"uniqlo","124450","124432","팬츠","GU > 팬츠 > 팬츠","GU > 팬츠 > 팬츠","3","MEN","true","unknown","https://www.uniqlo.com/kr/ko/men_navigation","official_navigation_preloaded_taxonomies","2026-08-03T02:01:21.580Z","{""group"":""subcategories"",""key"":""pants"",""parent_count"":3}","2dad9b2eaa9e0b3966064c40708d8fff9be454662a8eba631cdaf427266f1f53"
"uniqlo","139040","139039","파자마","GU > 라운지웨어 & 홈웨어 > 파자마","GU > 라운지웨어 & 홈웨어 > 파자마","3","MEN","true","unknown","https://www.uniqlo.com/kr/ko/men_navigation","official_navigation_preloaded_taxonomies","2026-08-03T02:01:21.580Z","{""group"":""subcategories"",""key"":""loungewear"",""parent_count"":3}","2dad9b2eaa9e0b3966064c40708d8fff9be454662a8eba631cdaf427266f1f53"
"uniqlo","58587","58078","에어리즘 코튼","티셔츠 & UT > 티셔츠 (반팔 & 긴팔) > 에어리즘 코튼","티셔츠 & UT > 티셔츠 (반팔 & 긴팔) > 에어리즘 코튼","3","KIDS","true","unknown","https://www.uniqlo.com/kr/ko/men_navigation","official_navigation_preloaded_taxonomies","2026-08-03T02:01:21.580Z","{""group"":""subcategories"",""key"":""airism-cotton"",""parent_count"":3}","2dad9b2eaa9e0b3966064c40708d8fff9be454662a8eba631cdaf427266f1f53"
"uniqlo","58585","58078","반팔","티셔츠 & UT > 티셔츠 (반팔 & 긴팔) > 반팔","티셔츠 & UT > 티셔츠 (반팔 & 긴팔) > 반팔","3","KIDS","true","unknown","https://www.uniqlo.com/kr/ko/men_navigation","official_navigation_preloaded_taxonomies","2026-08-03T02:01:21.580Z","{""group"":""subcategories"",""key"":""short-sleeve"",""parent_count"":3}","2dad9b2eaa9e0b3966064c40708d8fff9be454662a8eba631cdaf427266f1f53"
"uniqlo","94366","58078","그래픽 티셔츠","티셔츠 & UT > 티셔츠 (반팔 & 긴팔) > 그래픽 티셔츠","티셔츠 & UT > 티셔츠 (반팔 & 긴팔) > 그래픽 티셔츠","3","KIDS","true","unknown","https://www.uniqlo.com/kr/ko/men_navigation","official_navigation_preloaded_taxonomies","2026-08-03T02:01:21.580Z","{""group"":""subcategories"",""key"":""ut"",""parent_count"":3}","2dad9b2eaa9e0b3966064c40708d8fff9be454662a8eba631cdaf427266f1f53"
"uniqlo","58586","58078","걸즈","티셔츠 & UT > 티셔츠 (반팔 & 긴팔) > 걸즈","티셔츠 & UT > 티셔츠 (반팔 & 긴팔) > 걸즈","3","KIDS","true","unknown","https://www.uniqlo.com/kr/ko/men_navigation","official_navigation_preloaded_taxonomies","2026-08-03T02:01:21.580Z","{""group"":""subcategories"",""key"":""girls"",""parent_count"":3}","2dad9b2eaa9e0b3966064c40708d8fff9be454662a8eba631cdaf427266f1f53"
"uniqlo","58589","58078","DRY-EX","티셔츠 & UT > 티셔츠 (반팔 & 긴팔) > DRY-EX","티셔츠 & UT > 티셔츠 (반팔 & 긴팔) > DRY-EX","3","KIDS","true","unknown","https://www.uniqlo.com/kr/ko/men_navigation","official_navigation_preloaded_taxonomies","2026-08-03T02:01:21.580Z","{""group"":""subcategories"",""key"":""dry-ex"",""parent_count"":3}","2dad9b2eaa9e0b3966064c40708d8fff9be454662a8eba631cdaf427266f1f53"
"uniqlo","58584","58078","긴팔","티셔츠 & UT > 티셔츠 (반팔 & 긴팔) > 긴팔","티셔츠 & UT > 티셔츠 (반팔 & 긴팔) > 긴팔","3","KIDS","true","unknown","https://www.uniqlo.com/kr/ko/men_navigation","official_navigation_preloaded_taxonomies","2026-08-03T02:01:21.580Z","{""group"":""subcategories"",""key"":""long-sleeve"",""parent_count"":3}","2dad9b2eaa9e0b3966064c40708d8fff9be454662a8eba631cdaf427266f1f53"
"uniqlo","58591","58078","그 외","티셔츠 & UT > 티셔츠 (반팔 & 긴팔) > 그 외","티셔츠 & UT > 티셔츠 (반팔 & 긴팔) > 그 외","3","KIDS","true","unknown","https://www.uniqlo.com/kr/ko/men_navigation","official_navigation_preloaded_taxonomies","2026-08-03T02:01:21.580Z","{""group"":""subcategories"",""key"":""others"",""parent_count"":3}","2dad9b2eaa9e0b3966064c40708d8fff9be454662a8eba631cdaf427266f1f53"
"uniqlo","151483","58081","Pokémon","티셔츠 & UT > 그래픽티셔츠 > Pokémon","티셔츠 & UT > 그래픽티셔츠 > Pokémon","3","KIDS","true","unknown","https://www.uniqlo.com/kr/ko/men_navigation","official_navigation_preloaded_taxonomies","2026-08-03T02:01:21.580Z","{""group"":""subcategories"",""key"":""pokemon-26ss-2nd"",""parent_count"":3}","2dad9b2eaa9e0b3966064c40708d8fff9be454662a8eba631cdaf427266f1f53"
"uniqlo","132868","58081","MAGIC FOR ALL ICONS","티셔츠 & UT > 그래픽티셔츠 > MAGIC FOR ALL ICONS","티셔츠 & UT > 그래픽티셔츠 > MAGIC FOR ALL ICONS","3","KIDS","true","unknown","https://www.uniqlo.com/kr/ko/men_navigation","official_navigation_preloaded_taxonomies","2026-08-03T02:01:21.580Z","{""group"":""subcategories"",""key"":""magic-for-all-icons-26ss"",""parent_count"":3}","2dad9b2eaa9e0b3966064c40708d8fff9be454662a8eba631cdaf427266f1f53"
"uniqlo","136168","58081","PEANUTS","티셔츠 & UT > 그래픽티셔츠 > PEANUTS","티셔츠 & UT > 그래픽티셔츠 > PEANUTS","3","KIDS","true","unknown","https://www.uniqlo.com/kr/ko/men_navigation","official_navigation_preloaded_taxonomies","2026-08-03T02:01:21.580Z","{""group"":""subcategories"",""key"":""peanuts-26ss"",""parent_count"":3}","2dad9b2eaa9e0b3966064c40708d8fff9be454662a8eba631cdaf427266f1f53"
"uniqlo","140590","58081","Monchhichi","티셔츠 & UT > 그래픽티셔츠 > Monchhichi","티셔츠 & UT > 그래픽티셔츠 > Monchhichi","3","KIDS","true","unknown","https://www.uniqlo.com/kr/ko/men_navigation","official_navigation_preloaded_taxonomies","2026-08-03T02:01:21.580Z","{""group"":""subcategories"",""key"":""monchhichi-26ss"",""parent_count"":3}","2dad9b2eaa9e0b3966064c40708d8fff9be454662a8eba631cdaf427266f1f53"
"uniqlo","144584","58081","MARIO KART WORLD","티셔츠 & UT > 그래픽티셔츠 > MARIO KART WORLD","티셔츠 & UT > 그래픽티셔츠 > MARIO KART WORLD","3","KIDS","true","unknown","https://www.uniqlo.com/kr/ko/men_navigation","official_navigation_preloaded_taxonomies","2026-08-03T02:01:21.580Z","{""group"":""subcategories"",""key"":""mario-kart-world-26ss"",""parent_count"":3}","2dad9b2eaa9e0b3966064c40708d8fff9be454662a8eba631cdaf427266f1f53"
"uniqlo","146992","58081","CHIIKAWA","티셔츠 & UT > 그래픽티셔츠 > CHIIKAWA","티셔츠 & UT > 그래픽티셔츠 > CHIIKAWA","3","KIDS","true","unknown","https://www.uniqlo.com/kr/ko/men_navigation","official_navigation_preloaded_taxonomies","2026-08-03T02:01:21.580Z","{""group"":""subcategories"",""key"":""chiikawa-26ss"",""parent_count"":3}","2dad9b2eaa9e0b3966064c40708d8fff9be454662a8eba631cdaf427266f1f53"
"uniqlo","136135","58081","mofusand","티셔츠 & UT > 그래픽티셔츠 > mofusand","티셔츠 & UT > 그래픽티셔츠 > mofusand","3","KIDS","true","unknown","https://www.uniqlo.com/kr/ko/men_navigation","official_navigation_preloaded_taxonomies","2026-08-03T02:01:21.580Z","{""group"":""subcategories"",""key"":""mofusand-26ss"",""parent_count"":3}","2dad9b2eaa9e0b3966064c40708d8fff9be454662a8eba631cdaf427266f1f53"
"uniqlo","131941","58081","Jason Polan","티셔츠 & UT > 그래픽티셔츠 > Jason Polan","티셔츠 & UT > 그래픽티셔츠 > Jason Polan","3","KIDS","true","unknown","https://www.uniqlo.com/kr/ko/men_navigation","official_navigation_preloaded_taxonomies","2026-08-03T02:01:21.580Z","{""group"":""subcategories"",""key"":""jason-polan-26ss"",""parent_count"":3}","2dad9b2eaa9e0b3966064c40708d8fff9be454662a8eba631cdaf427266f1f53"
"uniqlo","134044","58081","Pokémon","티셔츠 & UT > 그래픽티셔츠 > Pokémon","티셔츠 & UT > 그래픽티셔츠 > Pokémon","3","KIDS","true","unknown","https://www.uniqlo.com/kr/ko/men_navigation","official_navigation_preloaded_taxonomies","2026-08-03T02:01:21.580Z","{""group"":""subcategories"",""key"":""pokemon-26ss"",""parent_count"":3}","2dad9b2eaa9e0b3966064c40708d8fff9be454662a8eba631cdaf427266f1f53"
"uniqlo","128636","58081","Minecraft","티셔츠 & UT > 그래픽티셔츠 > Minecraft","티셔츠 & UT > 그래픽티셔츠 > Minecraft","3","KIDS","true","unknown","https://www.uniqlo.com/kr/ko/men_navigation","official_navigation_preloaded_taxonomies","2026-08-03T02:01:21.580Z","{""group"":""subcategories"",""key"":""minecraft-26ss"",""parent_count"":3}","2dad9b2eaa9e0b3966064c40708d8fff9be454662a8eba631cdaf427266f1f53"
"uniqlo","128633","58081","Sanrio characters","티셔츠 & UT > 그래픽티셔츠 > Sanrio characters","티셔츠 & UT > 그래픽티셔츠 > Sanrio characters","3","KIDS","true","unknown","https://www.uniqlo.com/kr/ko/men_navigation","official_navigation_preloaded_taxonomies","2026-08-03T02:01:21.580Z","{""group"":""subcategories"",""key"":""sanrio-characters-26ss"",""parent_count"":3}","2dad9b2eaa9e0b3966064c40708d8fff9be454662a8eba631cdaf427266f1f53"
"uniqlo","127489","58081","NY POP ART","티셔츠 & UT > 그래픽티셔츠 > NY POP ART","티셔츠 & UT > 그래픽티셔츠 > NY POP ART","3","KIDS","true","unknown","https://www.uniqlo.com/kr/ko/men_navigation","official_navigation_preloaded_taxonomies","2026-08-03T02:01:21.580Z","{""group"":""subcategories"",""key"":""ny-pop-art-26ss"",""parent_count"":3}","2dad9b2eaa9e0b3966064c40708d8fff9be454662a8eba631cdaf427266f1f53"
"uniqlo","139969","58081","The Super Mario Galaxy Movie","티셔츠 & UT > 그래픽티셔츠 > The Super Mario Galaxy Movie","티셔츠 & UT > 그래픽티셔츠 > The Super Mario Galaxy Movie","3","KIDS","true","unknown","https://www.uniqlo.com/kr/ko/men_navigation","official_navigation_preloaded_taxonomies","2026-08-03T02:01:21.580Z","{""group"":""subcategories"",""key"":""the-super-mario-galaxy-movie-26ss"",""parent_count"":3}","2dad9b2eaa9e0b3966064c40708d8fff9be454662a8eba631cdaf427266f1f53"
"uniqlo","136201","58081","POP MART","티셔츠 & UT > 그래픽티셔츠 > POP MART","티셔츠 & UT > 그래픽티셔츠 > POP MART","3","KIDS","true","unknown","https://www.uniqlo.com/kr/ko/men_navigation","official_navigation_preloaded_taxonomies","2026-08-03T02:01:21.580Z","{""group"":""subcategories"",""key"":""pop-mart-26ss"",""parent_count"":3}","2dad9b2eaa9e0b3966064c40708d8fff9be454662a8eba631cdaf427266f1f53"
"uniqlo","128545","58081","ZOOTOPIA","티셔츠 & UT > 그래픽티셔츠 > ZOOTOPIA","티셔츠 & UT > 그래픽티셔츠 > ZOOTOPIA","3","KIDS","true","unknown","https://www.uniqlo.com/kr/ko/men_navigation","official_navigation_preloaded_taxonomies","2026-08-03T02:01:21.580Z","{""group"":""subcategories"",""key"":""zootopia-26ss"",""parent_count"":3}","2dad9b2eaa9e0b3966064c40708d8fff9be454662a8eba631cdaf427266f1f53"
"uniqlo","128051","58081","Sanrio characters","티셔츠 & UT > 그래픽티셔츠 > Sanrio characters","티셔츠 & UT > 그래픽티셔츠 > Sanrio characters","3","KIDS","true","unknown","https://www.uniqlo.com/kr/ko/men_navigation","official_navigation_preloaded_taxonomies","2026-08-03T02:01:21.580Z","{""group"":""subcategories"",""key"":""sanrio-characters-25fw"",""parent_count"":3}","2dad9b2eaa9e0b3966064c40708d8fff9be454662a8eba631cdaf427266f1f53"
"uniqlo","124882","58081","PEANUTS","티셔츠 & UT > 그래픽티셔츠 > PEANUTS","티셔츠 & UT > 그래픽티셔츠 > PEANUTS","3","KIDS","true","unknown","https://www.uniqlo.com/kr/ko/men_navigation","official_navigation_preloaded_taxonomies","2026-08-03T02:01:21.580Z","{""group"":""subcategories"",""key"":""peanuts-25fw"",""parent_count"":3}","2dad9b2eaa9e0b3966064c40708d8fff9be454662a8eba631cdaf427266f1f53"
"uniqlo","121582","58081","POP MART","티셔츠 & UT > 그래픽티셔츠 > POP MART","티셔츠 & UT > 그래픽티셔츠 > POP MART","3","KIDS","true","unknown","https://www.uniqlo.com/kr/ko/men_navigation","official_navigation_preloaded_taxonomies","2026-08-03T02:01:21.580Z","{""group"":""subcategories"",""key"":""pop-mart-25ss"",""parent_count"":3}","2dad9b2eaa9e0b3966064c40708d8fff9be454662a8eba631cdaf427266f1f53"
"uniqlo","120172","58081","STUDIO GHIBLI","티셔츠 & UT > 그래픽티셔츠 > STUDIO GHIBLI","티셔츠 & UT > 그래픽티셔츠 > STUDIO GHIBLI","3","KIDS","true","unknown","https://www.uniqlo.com/kr/ko/men_navigation","official_navigation_preloaded_taxonomies","2026-08-03T02:01:21.580Z","{""group"":""subcategories"",""key"":""studio-ghibli-25ss"",""parent_count"":3}","2dad9b2eaa9e0b3966064c40708d8fff9be454662a8eba631cdaf427266f1f53"
"uniqlo","121219","58081","CHIIKAWA x JOKE BEAR AND FRIENDS","티셔츠 & UT > 그래픽티셔츠 > CHIIKAWA x JOKE BEAR AND FRIENDS","티셔츠 & UT > 그래픽티셔츠 > CHIIKAWA x JOKE BEAR AND FRIENDS","3","KIDS","true","unknown","https://www.uniqlo.com/kr/ko/men_navigation","official_navigation_preloaded_taxonomies","2026-08-03T02:01:21.580Z","{""group"":""subcategories"",""key"":""chiikawa-x-joke-bear-and-friends-25ss"",""parent_count"":3}","2dad9b2eaa9e0b3966064c40708d8fff9be454662a8eba631cdaf427266f1f53"
"uniqlo","122143","58081","PEANUTS","티셔츠 & UT > 그래픽티셔츠 > PEANUTS","티셔츠 & UT > 그래픽티셔츠 > PEANUTS","3","KIDS","true","unknown","https://www.uniqlo.com/kr/ko/men_navigation","official_navigation_preloaded_taxonomies","2026-08-03T02:01:21.580Z","{""group"":""subcategories"",""key"":""peanuts-25ss"",""parent_count"":3}","2dad9b2eaa9e0b3966064c40708d8fff9be454662a8eba631cdaf427266f1f53"
"uniqlo","120757","58081","MAGIC FOR ALL TIMELESS","티셔츠 & UT > 그래픽티셔츠 > MAGIC FOR ALL TIMELESS","티셔츠 & UT > 그래픽티셔츠 > MAGIC FOR ALL TIMELESS","3","KIDS","true","unknown","https://www.uniqlo.com/kr/ko/men_navigation","official_navigation_preloaded_taxonomies","2026-08-03T02:01:21.580Z","{""group"":""subcategories"",""key"":""magic-for-all-timeless-25ss"",""parent_count"":3}","2dad9b2eaa9e0b3966064c40708d8fff9be454662a8eba631cdaf427266f1f53"
"uniqlo","118121","58081","TOY STORY","티셔츠 & UT > 그래픽티셔츠 > TOY STORY","티셔츠 & UT > 그래픽티셔츠 > TOY STORY","3","KIDS","true","unknown","https://www.uniqlo.com/kr/ko/men_navigation","official_navigation_preloaded_taxonomies","2026-08-03T02:01:21.580Z","{""group"":""subcategories"",""key"":""toy-story-25ss"",""parent_count"":3}","2dad9b2eaa9e0b3966064c40708d8fff9be454662a8eba631cdaf427266f1f53"
"uniqlo","112705","58081","mofusand","티셔츠 & UT > 그래픽티셔츠 > mofusand","티셔츠 & UT > 그래픽티셔츠 > mofusand","3","KIDS","true","unknown","https://www.uniqlo.com/kr/ko/men_navigation","official_navigation_preloaded_taxonomies","2026-08-03T02:01:21.580Z","{""group"":""subcategories"",""key"":""mofusand-25ss"",""parent_count"":3}","2dad9b2eaa9e0b3966064c40708d8fff9be454662a8eba631cdaf427266f1f53"
"uniqlo","117028","58081","NY POP ART","티셔츠 & UT > 그래픽티셔츠 > NY POP ART","티셔츠 & UT > 그래픽티셔츠 > NY POP ART","3","KIDS","true","unknown","https://www.uniqlo.com/kr/ko/men_navigation","official_navigation_preloaded_taxonomies","2026-08-03T02:01:21.580Z","{""group"":""subcategories"",""key"":""ny-pop-art-25ss"",""parent_count"":3}","2dad9b2eaa9e0b3966064c40708d8fff9be454662a8eba631cdaf427266f1f53"
"uniqlo","107759","58081","Minecraft","티셔츠 & UT > 그래픽티셔츠 > Minecraft","티셔츠 & UT > 그래픽티셔츠 > Minecraft","3","KIDS","true","unknown","https://www.uniqlo.com/kr/ko/men_navigation","official_navigation_preloaded_taxonomies","2026-08-03T02:01:21.580Z","{""group"":""subcategories"",""key"":""minecraft-25ss"",""parent_count"":3}","2dad9b2eaa9e0b3966064c40708d8fff9be454662a8eba631cdaf427266f1f53"
"uniqlo","112753","58081","Pokémon","티셔츠 & UT > 그래픽티셔츠 > Pokémon","티셔츠 & UT > 그래픽티셔츠 > Pokémon","3","KIDS","true","unknown","https://www.uniqlo.com/kr/ko/men_navigation","official_navigation_preloaded_taxonomies","2026-08-03T02:01:21.580Z","{""group"":""subcategories"",""key"":""pokemon-25ss"",""parent_count"":3}","2dad9b2eaa9e0b3966064c40708d8fff9be454662a8eba631cdaf427266f1f53"
"uniqlo","112706","58081","Disney in Blue","티셔츠 & UT > 그래픽티셔츠 > Disney in Blue","티셔츠 & UT > 그래픽티셔츠 > Disney in Blue","3","KIDS","true","unknown","https://www.uniqlo.com/kr/ko/men_navigation","official_navigation_preloaded_taxonomies","2026-08-03T02:01:21.580Z","{""group"":""subcategories"",""key"":""disney-in-blue-25ss"",""parent_count"":3}","2dad9b2eaa9e0b3966064c40708d8fff9be454662a8eba631cdaf427266f1f53"
"uniqlo","108044","58081","Sanrio characters","티셔츠 & UT > 그래픽티셔츠 > Sanrio characters","티셔츠 & UT > 그래픽티셔츠 > Sanrio characters","3","KIDS","true","unknown","https://www.uniqlo.com/kr/ko/men_navigation","official_navigation_preloaded_taxonomies","2026-08-03T02:01:21.580Z","{""group"":""subcategories"",""key"":""sanrio-characters-25ss"",""parent_count"":3}","2dad9b2eaa9e0b3966064c40708d8fff9be454662a8eba631cdaf427266f1f53"
"uniqlo","105622","58081","SpongeBob SquarePants■Cactus Plant Flea Market","티셔츠 & UT > 그래픽티셔츠 > SpongeBob SquarePants■Cactus Plant Flea Market","티셔츠 & UT > 그래픽티셔츠 > SpongeBob SquarePants■Cactus Plant Flea Market","3","KIDS","true","unknown","https://www.uniqlo.com/kr/ko/men_navigation","official_navigation_preloaded_taxonomies","2026-08-03T02:01:21.580Z","{""group"":""subcategories"",""key"":""spongebob-squarepants-cactus-plant-flea-market-25ss"",""parent_count"":3}","2dad9b2eaa9e0b3966064c40708d8fff9be454662a8eba631cdaf427266f1f53"
"uniqlo","105181","58081","NY POP ART","티셔츠 & UT > 그래픽티셔츠 > NY POP ART","티셔츠 & UT > 그래픽티셔츠 > NY POP ART","3","KIDS","true","unknown","https://www.uniqlo.com/kr/ko/men_navigation","official_navigation_preloaded_taxonomies","2026-08-03T02:01:21.580Z","{""group"":""subcategories"",""key"":""ny-pop-art-24fw"",""parent_count"":3}","2dad9b2eaa9e0b3966064c40708d8fff9be454662a8eba631cdaf427266f1f53"
"uniqlo","104030","58081","DRAGON BALL / DRAGON BALL DAIMA","티셔츠 & UT > 그래픽티셔츠 > DRAGON BALL / DRAGON BALL DAIMA","티셔츠 & UT > 그래픽티셔츠 > DRAGON BALL / DRAGON BALL DAIMA","3","KIDS","true","unknown","https://www.uniqlo.com/kr/ko/men_navigation","official_navigation_preloaded_taxonomies","2026-08-03T02:01:21.580Z","{""group"":""subcategories"",""key"":""dragon-ball-dragon-ball-daima-25ss"",""parent_count"":3}","2dad9b2eaa9e0b3966064c40708d8fff9be454662a8eba631cdaf427266f1f53"
"uniqlo","87966","58081","Sanrio characters","티셔츠 & UT > 그래픽티셔츠 > Sanrio characters","티셔츠 & UT > 그래픽티셔츠 > Sanrio characters","3","KIDS","true","unknown","https://www.uniqlo.com/kr/ko/men_navigation","official_navigation_preloaded_taxonomies","2026-08-03T02:01:21.580Z","{""group"":""subcategories"",""key"":""sanrio-characters-24fw"",""parent_count"":3}","2dad9b2eaa9e0b3966064c40708d8fff9be454662a8eba631cdaf427266f1f53"
"uniqlo","94166","58081","MAGIC FOR ALL with Yu Nagaba","티셔츠 & UT > 그래픽티셔츠 > MAGIC FOR ALL with Yu Nagaba","티셔츠 & UT > 그래픽티셔츠 > MAGIC FOR ALL with Yu Nagaba","3","KIDS","true","unknown","https://www.uniqlo.com/kr/ko/men_navigation","official_navigation_preloaded_taxonomies","2026-08-03T02:01:21.580Z","{""group"":""subcategories"",""key"":""magic-for-all-with-yu-nagaba-24fw"",""parent_count"":3}","2dad9b2eaa9e0b3966064c40708d8fff9be454662a8eba631cdaf427266f1f53"
"uniqlo","81250","58081","STUDIO GHIBLI","티셔츠 & UT > 그래픽티셔츠 > STUDIO GHIBLI","티셔츠 & UT > 그래픽티셔츠 > STUDIO GHIBLI","3","KIDS","true","unknown","https://www.uniqlo.com/kr/ko/men_navigation","official_navigation_preloaded_taxonomies","2026-08-03T02:01:21.580Z","{""group"":""subcategories"",""key"":""studio-ghibli-23fw"",""parent_count"":3}","2dad9b2eaa9e0b3966064c40708d8fff9be454662a8eba631cdaf427266f1f53"
"uniqlo","86692","58081","TV animation ONE PIECE 25th","티셔츠 & UT > 그래픽티셔츠 > TV animation ONE PIECE 25th","티셔츠 & UT > 그래픽티셔츠 > TV animation ONE PIECE 25th","3","KIDS","true","unknown","https://www.uniqlo.com/kr/ko/men_navigation","official_navigation_preloaded_taxonomies","2026-08-03T02:01:21.580Z","{""group"":""subcategories"",""key"":""tv-animation-one-piece-25th-24ss"",""parent_count"":3}","2dad9b2eaa9e0b3966064c40708d8fff9be454662a8eba631cdaf427266f1f53"
"uniqlo","83567","58081","mofusand","티셔츠 & UT > 그래픽티셔츠 > mofusand","티셔츠 & UT > 그래픽티셔츠 > mofusand","3","KIDS","true","unknown","https://www.uniqlo.com/kr/ko/men_navigation","official_navigation_preloaded_taxonomies","2026-08-03T02:01:21.580Z","{""group"":""subcategories"",""key"":""mofusand-24ss"",""parent_count"":3}","2dad9b2eaa9e0b3966064c40708d8fff9be454662a8eba631cdaf427266f1f53"
"uniqlo","86459","58081","Pokémon","티셔츠 & UT > 그래픽티셔츠 > Pokémon","티셔츠 & UT > 그래픽티셔츠 > Pokémon","3","KIDS","true","unknown","https://www.uniqlo.com/kr/ko/men_navigation","official_navigation_preloaded_taxonomies","2026-08-03T02:01:21.580Z","{""group"":""subcategories"",""key"":""pokemon-24ss"",""parent_count"":3}","2dad9b2eaa9e0b3966064c40708d8fff9be454662a8eba631cdaf427266f1f53"
"uniqlo","81753","58081","【OSHI NO KO】","티셔츠 & UT > 그래픽티셔츠 > 【OSHI NO KO】","티셔츠 & UT > 그래픽티셔츠 > 【OSHI NO KO】","3","KIDS","true","unknown","https://www.uniqlo.com/kr/ko/men_navigation","official_navigation_preloaded_taxonomies","2026-08-03T02:01:21.580Z","{""group"":""subcategories"",""key"":""oshi-no-ko-24ss"",""parent_count"":3}","2dad9b2eaa9e0b3966064c40708d8fff9be454662a8eba631cdaf427266f1f53"
"uniqlo","64823","58081","PEANUTS Sports Club","티셔츠 & UT > 그래픽티셔츠 > PEANUTS Sports Club","티셔츠 & UT > 그래픽티셔츠 > PEANUTS Sports Club","3","KIDS","true","unknown","https://www.uniqlo.com/kr/ko/men_navigation","official_navigation_preloaded_taxonomies","2026-08-03T02:01:21.580Z","{""group"":""subcategories"",""key"":""peanuts-sports-club-24ss"",""parent_count"":3}","2dad9b2eaa9e0b3966064c40708d8fff9be454662a8eba631cdaf427266f1f53"
"uniqlo","65713","58081","UT ARCHIVE Andy Warhol / Keith Haring / Jean-Michel Basquiat","티셔츠 & UT > 그래픽티셔츠 > UT ARCHIVE Andy Warhol / Keith Haring / Jean-Michel Basquiat","티셔츠 & UT > 그래픽티셔츠 > UT ARCHIVE Andy Warhol / Keith Haring / Jean-Michel Basquiat","3","KIDS","true","unknown","https://www.uniqlo.com/kr/ko/men_navigation","official_navigation_preloaded_taxonomies","2026-08-03T02:01:21.580Z","{""group"":""subcategories"",""key"":""ut-archive-andy-warhol-keith-haring-jean-michel-basquiat-24ss"",""parent_count"":3}","2dad9b2eaa9e0b3966064c40708d8fff9be454662a8eba631cdaf427266f1f53"
"uniqlo","79276","58081","Pokémon: A New Adventure","티셔츠 & UT > 그래픽티셔츠 > Pokémon: A New Adventure","티셔츠 & UT > 그래픽티셔츠 > Pokémon: A New Adventure","3","KIDS","true","unknown","https://www.uniqlo.com/kr/ko/men_navigation","official_navigation_preloaded_taxonomies","2026-08-03T02:01:21.580Z","{""group"":""subcategories"",""key"":""pokemon-a-new-adventure-24ss"",""parent_count"":3}","2dad9b2eaa9e0b3966064c40708d8fff9be454662a8eba631cdaf427266f1f53"
"uniqlo","81220","58081","MINECRAFT","티셔츠 & UT > 그래픽티셔츠 > MINECRAFT","티셔츠 & UT > 그래픽티셔츠 > MINECRAFT","3","KIDS","true","unknown","https://www.uniqlo.com/kr/ko/men_navigation","official_navigation_preloaded_taxonomies","2026-08-03T02:01:21.580Z","{""group"":""subcategories"",""key"":""minecraft-24ss"",""parent_count"":3}","2dad9b2eaa9e0b3966064c40708d8fff9be454662a8eba631cdaf427266f1f53"
"uniqlo","79243","58081","Chiikawa × Sanrio characters: Sweets Collection","티셔츠 & UT > 그래픽티셔츠 > Chiikawa × Sanrio characters: Sweets Collection","티셔츠 & UT > 그래픽티셔츠 > Chiikawa × Sanrio characters: Sweets Collection","3","KIDS","true","unknown","https://www.uniqlo.com/kr/ko/men_navigation","official_navigation_preloaded_taxonomies","2026-08-03T02:01:21.580Z","{""group"":""subcategories"",""key"":""chiikawa-sanrio-characters-sweets-collection-24ss"",""parent_count"":3}","2dad9b2eaa9e0b3966064c40708d8fff9be454662a8eba631cdaf427266f1f53"
"uniqlo","63022","58081","PEANUTS","티셔츠 & UT > 그래픽티셔츠 > PEANUTS","티셔츠 & UT > 그래픽티셔츠 > PEANUTS","3","KIDS","true","unknown","https://www.uniqlo.com/kr/ko/men_navigation","official_navigation_preloaded_taxonomies","2026-08-03T02:01:21.580Z","{""group"":""subcategories"",""key"":""peanuts-22fw"",""parent_count"":3}","2dad9b2eaa9e0b3966064c40708d8fff9be454662a8eba631cdaf427266f1f53"
"uniqlo","64825","58081","Sanrio characters","티셔츠 & UT > 그래픽티셔츠 > Sanrio characters","티셔츠 & UT > 그래픽티셔츠 > Sanrio characters","3","KIDS","true","unknown","https://www.uniqlo.com/kr/ko/men_navigation","official_navigation_preloaded_taxonomies","2026-08-03T02:01:21.580Z","{""group"":""subcategories"",""key"":""sanrio-characters-24ss"",""parent_count"":3}","2dad9b2eaa9e0b3966064c40708d8fff9be454662a8eba631cdaf427266f1f53"
"uniqlo","64824","58081","mofusand Fruits Paradise","티셔츠 & UT > 그래픽티셔츠 > mofusand Fruits Paradise","티셔츠 & UT > 그래픽티셔츠 > mofusand Fruits Paradise","3","KIDS","true","unknown","https://www.uniqlo.com/kr/ko/men_navigation","official_navigation_preloaded_taxonomies","2026-08-03T02:01:21.580Z","{""group"":""subcategories"",""key"":""mofusand-fruits-paradise-24ss"",""parent_count"":3}","2dad9b2eaa9e0b3966064c40708d8fff9be454662a8eba631cdaf427266f1f53"
"uniqlo","64822","58081","Micky Stands","티셔츠 & UT > 그래픽티셔츠 > Micky Stands","티셔츠 & UT > 그래픽티셔츠 > Micky Stands","3","KIDS","true","unknown","https://www.uniqlo.com/kr/ko/men_navigation","official_navigation_preloaded_taxonomies","2026-08-03T02:01:21.580Z","{""group"":""subcategories"",""key"":""mickey-stands-24ss"",""parent_count"":3}","2dad9b2eaa9e0b3966064c40708d8fff9be454662a8eba631cdaf427266f1f53"
"uniqlo","63009","58081","Disney Collection","티셔츠 & UT > 그래픽티셔츠 > Disney Collection","티셔츠 & UT > 그래픽티셔츠 > Disney Collection","3","KIDS","true","unknown","https://www.uniqlo.com/kr/ko/men_navigation","official_navigation_preloaded_taxonomies","2026-08-03T02:01:21.580Z","{""group"":""subcategories"",""key"":""disney-collection"",""parent_count"":3}","2dad9b2eaa9e0b3966064c40708d8fff9be454662a8eba631cdaf427266f1f53"
"uniqlo","63012","58081","KAWS","티셔츠 & UT > 그래픽티셔츠 > KAWS","티셔츠 & UT > 그래픽티셔츠 > KAWS","3","KIDS","true","unknown","https://www.uniqlo.com/kr/ko/men_navigation","official_navigation_preloaded_taxonomies","2026-08-03T02:01:21.580Z","{""group"":""subcategories"",""key"":""kaws-23fw"",""parent_count"":3}","2dad9b2eaa9e0b3966064c40708d8fff9be454662a8eba631cdaf427266f1f53"
"uniqlo","73042","58081","MAGIC FOR ALL Girls Collection","티셔츠 & UT > 그래픽티셔츠 > MAGIC FOR ALL Girls Collection","티셔츠 & UT > 그래픽티셔츠 > MAGIC FOR ALL Girls Collection","3","KIDS","true","unknown","https://www.uniqlo.com/kr/ko/men_navigation","official_navigation_preloaded_taxonomies","2026-08-03T02:01:21.580Z","{""group"":""subcategories"",""key"":""magic-for-all-girls-collection-24ss"",""parent_count"":3}","2dad9b2eaa9e0b3966064c40708d8fff9be454662a8eba631cdaf427266f1f53"
"uniqlo","63005","58081","Andy Warhol x Kosuke Kawamura","티셔츠 & UT > 그래픽티셔츠 > Andy Warhol x Kosuke Kawamura","티셔츠 & UT > 그래픽티셔츠 > Andy Warhol x Kosuke Kawamura","3","KIDS","true","unknown","https://www.uniqlo.com/kr/ko/men_navigation","official_navigation_preloaded_taxonomies","2026-08-03T02:01:21.580Z","{""group"":""subcategories"",""key"":""andy-warhol-kosuke-kawamura"",""parent_count"":3}","2dad9b2eaa9e0b3966064c40708d8fff9be454662a8eba631cdaf427266f1f53"
"uniqlo","63006","58081","Andy Warhol Flowers Collection","티셔츠 & UT > 그래픽티셔츠 > Andy Warhol Flowers Collection","티셔츠 & UT > 그래픽티셔츠 > Andy Warhol Flowers Collection","3","KIDS","true","unknown","https://www.uniqlo.com/kr/ko/men_navigation","official_navigation_preloaded_taxonomies","2026-08-03T02:01:21.580Z","{""group"":""subcategories"",""key"":""andy-warhol-flowers-collection"",""parent_count"":3}","2dad9b2eaa9e0b3966064c40708d8fff9be454662a8eba631cdaf427266f1f53"
"uniqlo","63007","58081","Animal Crossing New Horizons","티셔츠 & UT > 그래픽티셔츠 > Animal Crossing New Horizons","티셔츠 & UT > 그래픽티셔츠 > Animal Crossing New Horizons","3","KIDS","true","unknown","https://www.uniqlo.com/kr/ko/men_navigation","official_navigation_preloaded_taxonomies","2026-08-03T02:01:21.580Z","{""group"":""subcategories"",""key"":""animal-crossing-new-horizons"",""parent_count"":3}","2dad9b2eaa9e0b3966064c40708d8fff9be454662a8eba631cdaf427266f1f53"
"uniqlo","63008","58081","Disney Beyond Time","티셔츠 & UT > 그래픽티셔츠 > Disney Beyond Time","티셔츠 & UT > 그래픽티셔츠 > Disney Beyond Time","3","KIDS","true","unknown","https://www.uniqlo.com/kr/ko/men_navigation","official_navigation_preloaded_taxonomies","2026-08-03T02:01:21.580Z","{""group"":""subcategories"",""key"":""disney-beyond-time-23ss"",""parent_count"":3}","2dad9b2eaa9e0b3966064c40708d8fff9be454662a8eba631cdaf427266f1f53"
"uniqlo","63158","58081","Disney Furry Friends","티셔츠 & UT > 그래픽티셔츠 > Disney Furry Friends","티셔츠 & UT > 그래픽티셔츠 > Disney Furry Friends","3","KIDS","true","unknown","https://www.uniqlo.com/kr/ko/men_navigation","official_navigation_preloaded_taxonomies","2026-08-03T02:01:21.580Z","{""group"":""subcategories"",""key"":""disney-furry-friends"",""parent_count"":3}","2dad9b2eaa9e0b3966064c40708d8fff9be454662a8eba631cdaf427266f1f53"
"uniqlo","63010","58081","Disney Heroines","티셔츠 & UT > 그래픽티셔츠 > Disney Heroines","티셔츠 & UT > 그래픽티셔츠 > Disney Heroines","3","KIDS","true","unknown","https://www.uniqlo.com/kr/ko/men_navigation","official_navigation_preloaded_taxonomies","2026-08-03T02:01:21.580Z","{""group"":""subcategories"",""key"":""disney-heroines"",""parent_count"":3}","2dad9b2eaa9e0b3966064c40708d8fff9be454662a8eba631cdaf427266f1f53"
"uniqlo","63159","58081","Disney Heroines in Blooming","티셔츠 & UT > 그래픽티셔츠 > Disney Heroines in Blooming","티셔츠 & UT > 그래픽티셔츠 > Disney Heroines in Blooming","3","KIDS","true","unknown","https://www.uniqlo.com/kr/ko/men_navigation","official_navigation_preloaded_taxonomies","2026-08-03T02:01:21.580Z","{""group"":""subcategories"",""key"":""disney-heroines-21fw"",""parent_count"":3}","2dad9b2eaa9e0b3966064c40708d8fff9be454662a8eba631cdaf427266f1f53"
"uniqlo","63160","58081","Disney Memories","티셔츠 & UT > 그래픽티셔츠 > Disney Memories","티셔츠 & UT > 그래픽티셔츠 > Disney Memories","3","KIDS","true","unknown","https://www.uniqlo.com/kr/ko/men_navigation","official_navigation_preloaded_taxonomies","2026-08-03T02:01:21.580Z","{""group"":""subcategories"",""key"":""disney-memories"",""parent_count"":3}","2dad9b2eaa9e0b3966064c40708d8fff9be454662a8eba631cdaf427266f1f53"
"uniqlo","63011","58081","Disney Mickey Mouse & Minnie Mouse art by Yuni Yoshida","티셔츠 & UT > 그래픽티셔츠 > Disney Mickey Mouse & Minnie Mouse art by Yuni Yoshida","티셔츠 & UT > 그래픽티셔츠 > Disney Mickey Mouse & Minnie Mouse art by Yuni Yoshida","3","KIDS","true","unknown","https://www.uniqlo.com/kr/ko/men_navigation","official_navigation_preloaded_taxonomies","2026-08-03T02:01:21.580Z","{""group"":""subcategories"",""key"":""mickey-minnie-art-by-yuni-yoshida"",""parent_count"":3}","2dad9b2eaa9e0b3966064c40708d8fff9be454662a8eba631cdaf427266f1f53"
"uniqlo","63161","58081","Doraemon Sustainability Mode","티셔츠 & UT > 그래픽티셔츠 > Doraemon Sustainability Mode","티셔츠 & UT > 그래픽티셔츠 > Doraemon Sustainability Mode","3","KIDS","true","unknown","https://www.uniqlo.com/kr/ko/men_navigation","official_navigation_preloaded_taxonomies","2026-08-03T02:01:21.580Z","{""group"":""subcategories"",""key"":""doraemon-sustainability-mode-22fw"",""parent_count"":3}","2dad9b2eaa9e0b3966064c40708d8fff9be454662a8eba631cdaf427266f1f53"
"uniqlo","63162","58081","Doraemon’s Wonderful Day","티셔츠 & UT > 그래픽티셔츠 > Doraemon’s Wonderful Day","티셔츠 & UT > 그래픽티셔츠 > Doraemon’s Wonderful Day","3","KIDS","true","unknown","https://www.uniqlo.com/kr/ko/men_navigation","official_navigation_preloaded_taxonomies","2026-08-03T02:01:21.580Z","{""group"":""subcategories"",""key"":""doraemons-wonderful-day"",""parent_count"":3}","2dad9b2eaa9e0b3966064c40708d8fff9be454662a8eba631cdaf427266f1f53"
"uniqlo","63163","58081","Jason Polan","티셔츠 & UT > 그래픽티셔츠 > Jason Polan","티셔츠 & UT > 그래픽티셔츠 > Jason Polan","3","KIDS","true","unknown","https://www.uniqlo.com/kr/ko/men_navigation","official_navigation_preloaded_taxonomies","2026-08-03T02:01:21.580Z","{""group"":""subcategories"",""key"":""jason-polan"",""parent_count"":3}","2dad9b2eaa9e0b3966064c40708d8fff9be454662a8eba631cdaf427266f1f53"
"uniqlo","63164","58081","Jurassic World x HAJIME SORAYAMA","티셔츠 & UT > 그래픽티셔츠 > Jurassic World x HAJIME SORAYAMA","티셔츠 & UT > 그래픽티셔츠 > Jurassic World x HAJIME SORAYAMA","3","KIDS","true","unknown","https://www.uniqlo.com/kr/ko/men_navigation","official_navigation_preloaded_taxonomies","2026-08-03T02:01:21.580Z","{""group"":""subcategories"",""key"":""jurassic-world-hajime-sorayama"",""parent_count"":3}","2dad9b2eaa9e0b3966064c40708d8fff9be454662a8eba631cdaf427266f1f53"
"uniqlo","63165","58081","LEGO® City","티셔츠 & UT > 그래픽티셔츠 > LEGO® City","티셔츠 & UT > 그래픽티셔츠 > LEGO® City","3","KIDS","true","unknown","https://www.uniqlo.com/kr/ko/men_navigation","official_navigation_preloaded_taxonomies","2026-08-03T02:01:21.580Z","{""group"":""subcategories"",""key"":""lego-city-22ss"",""parent_count"":3}","2dad9b2eaa9e0b3966064c40708d8fff9be454662a8eba631cdaf427266f1f53"
"uniqlo","63013","58081","LEGO® NINJAGO®","티셔츠 & UT > 그래픽티셔츠 > LEGO® NINJAGO®","티셔츠 & UT > 그래픽티셔츠 > LEGO® NINJAGO®","3","KIDS","true","unknown","https://www.uniqlo.com/kr/ko/men_navigation","official_navigation_preloaded_taxonomies","2026-08-03T02:01:21.580Z","{""group"":""subcategories"",""key"":""lego-ninjago"",""parent_count"":3}","2dad9b2eaa9e0b3966064c40708d8fff9be454662a8eba631cdaf427266f1f53"
"uniqlo","63014","58081","LOVE, SUNSHINE & PEANUTS","티셔츠 & UT > 그래픽티셔츠 > LOVE, SUNSHINE & PEANUTS","티셔츠 & UT > 그래픽티셔츠 > LOVE, SUNSHINE & PEANUTS","3","KIDS","true","unknown","https://www.uniqlo.com/kr/ko/men_navigation","official_navigation_preloaded_taxonomies","2026-08-03T02:01:21.580Z","{""group"":""subcategories"",""key"":""love-sunshine-and-peanuts-23ss"",""parent_count"":3}","2dad9b2eaa9e0b3966064c40708d8fff9be454662a8eba631cdaf427266f1f53"
"uniqlo","63166","58081","MAGIC FOR ALL TIMELESS FAVORITES","티셔츠 & UT > 그래픽티셔츠 > MAGIC FOR ALL TIMELESS FAVORITES","티셔츠 & UT > 그래픽티셔츠 > MAGIC FOR ALL TIMELESS FAVORITES","3","KIDS","true","unknown","https://www.uniqlo.com/kr/ko/men_navigation","official_navigation_preloaded_taxonomies","2026-08-03T02:01:21.580Z","{""group"":""subcategories"",""key"":""magic-for-all-timeless-favorites-22fw"",""parent_count"":3}","2dad9b2eaa9e0b3966064c40708d8fff9be454662a8eba631cdaf427266f1f53"
"uniqlo","63167","58081","Marvel Studios The Infinity Saga","티셔츠 & UT > 그래픽티셔츠 > Marvel Studios The Infinity Saga","티셔츠 & UT > 그래픽티셔츠 > Marvel Studios The Infinity Saga","3","KIDS","true","unknown","https://www.uniqlo.com/kr/ko/men_navigation","official_navigation_preloaded_taxonomies","2026-08-03T02:01:21.580Z","{""group"":""subcategories"",""key"":""marvel-studios-the-infinity-saga"",""parent_count"":3}","2dad9b2eaa9e0b3966064c40708d8fff9be454662a8eba631cdaf427266f1f53"
"uniqlo","63168","58081","Mickey & Friends Art by Steven Harrington","티셔츠 & UT > 그래픽티셔츠 > Mickey & Friends Art by Steven Harrington","티셔츠 & UT > 그래픽티셔츠 > Mickey & Friends Art by Steven Harrington","3","KIDS","true","unknown","https://www.uniqlo.com/kr/ko/men_navigation","official_navigation_preloaded_taxonomies","2026-08-03T02:01:21.580Z","{""group"":""subcategories"",""key"":""mickey-and-friends-art-by-steven-22ss"",""parent_count"":3}","2dad9b2eaa9e0b3966064c40708d8fff9be454662a8eba631cdaf427266f1f53"
"uniqlo","63169","58081","MICKEY MOUSE PHOTO DAYS","티셔츠 & UT > 그래픽티셔츠 > MICKEY MOUSE PHOTO DAYS","티셔츠 & UT > 그래픽티셔츠 > MICKEY MOUSE PHOTO DAYS","3","KIDS","true","unknown","https://www.uniqlo.com/kr/ko/men_navigation","official_navigation_preloaded_taxonomies","2026-08-03T02:01:21.580Z","{""group"":""subcategories"",""key"":""mickey-mouse-photo-days"",""parent_count"":3}","2dad9b2eaa9e0b3966064c40708d8fff9be454662a8eba631cdaf427266f1f53"
"uniqlo","63015","58081","Mickey Stands","티셔츠 & UT > 그래픽티셔츠 > Mickey Stands","티셔츠 & UT > 그래픽티셔츠 > Mickey Stands","3","KIDS","true","unknown","https://www.uniqlo.com/kr/ko/men_navigation","official_navigation_preloaded_taxonomies","2026-08-03T02:01:21.580Z","{""group"":""subcategories"",""key"":""mickey-stands-22ss"",""parent_count"":3}","2dad9b2eaa9e0b3966064c40708d8fff9be454662a8eba631cdaf427266f1f53"
"uniqlo","63017","58081","Minions: The Rise of Gru","티셔츠 & UT > 그래픽티셔츠 > Minions: The Rise of Gru","티셔츠 & UT > 그래픽티셔츠 > Minions: The Rise of Gru","3","KIDS","true","unknown","https://www.uniqlo.com/kr/ko/men_navigation","official_navigation_preloaded_taxonomies","2026-08-03T02:01:21.580Z","{""group"":""subcategories"",""key"":""minions-the-rise-of-gru"",""parent_count"":3}","2dad9b2eaa9e0b3966064c40708d8fff9be454662a8eba631cdaf427266f1f53"
"uniqlo","63170","58081","Monochrome Mickey Mouse Art by Joshua Vides","티셔츠 & UT > 그래픽티셔츠 > Monochrome Mickey Mouse Art by Joshua Vides","티셔츠 & UT > 그래픽티셔츠 > Monochrome Mickey Mouse Art by Joshua Vides","3","KIDS","true","unknown","https://www.uniqlo.com/kr/ko/men_navigation","official_navigation_preloaded_taxonomies","2026-08-03T02:01:21.580Z","{""group"":""subcategories"",""key"":""monochromemickeymouseartbyjoshuavides"",""parent_count"":3}","2dad9b2eaa9e0b3966064c40708d8fff9be454662a8eba631cdaf427266f1f53"
"uniqlo","63018","58081","Monster Hunter Rise","티셔츠 & UT > 그래픽티셔츠 > Monster Hunter Rise","티셔츠 & UT > 그래픽티셔츠 > Monster Hunter Rise","3","KIDS","true","unknown","https://www.uniqlo.com/kr/ko/men_navigation","official_navigation_preloaded_taxonomies","2026-08-03T02:01:21.580Z","{""group"":""subcategories"",""key"":""monster-hunter-rise"",""parent_count"":3}","2dad9b2eaa9e0b3966064c40708d8fff9be454662a8eba631cdaf427266f1f53"
"uniqlo","63019","58081","National Museum of Nature and Science, Tokyo","티셔츠 & UT > 그래픽티셔츠 > National Museum of Nature and Science, Tokyo","티셔츠 & UT > 그래픽티셔츠 > National Museum of Nature and Science, Tokyo","3","KIDS","true","unknown","https://www.uniqlo.com/kr/ko/men_navigation","official_navigation_preloaded_taxonomies","2026-08-03T02:01:21.580Z","{""group"":""subcategories"",""key"":""national-museum-of-nature-and-science-tokyo-23ss"",""parent_count"":3}","2dad9b2eaa9e0b3966064c40708d8fff9be454662a8eba631cdaf427266f1f53"
"uniqlo","63020","58081","New York weekend trip","티셔츠 & UT > 그래픽티셔츠 > New York weekend trip","티셔츠 & UT > 그래픽티셔츠 > New York weekend trip","3","KIDS","true","unknown","https://www.uniqlo.com/kr/ko/men_navigation","official_navigation_preloaded_taxonomies","2026-08-03T02:01:21.580Z","{""group"":""subcategories"",""key"":""new-york-weekend-trip"",""parent_count"":3}","2dad9b2eaa9e0b3966064c40708d8fff9be454662a8eba631cdaf427266f1f53"
"uniqlo","63021","58081","PAUL & JOE","티셔츠 & UT > 그래픽티셔츠 > PAUL & JOE","티셔츠 & UT > 그래픽티셔츠 > PAUL & JOE","3","KIDS","true","unknown","https://www.uniqlo.com/kr/ko/men_navigation","official_navigation_preloaded_taxonomies","2026-08-03T02:01:21.580Z","{""group"":""subcategories"",""key"":""paul-and-joe"",""parent_count"":3}","2dad9b2eaa9e0b3966064c40708d8fff9be454662a8eba631cdaf427266f1f53"
"uniqlo","63023","58081","PEANUTS Charlie Brown's Baseball Team","티셔츠 & UT > 그래픽티셔츠 > PEANUTS Charlie Brown's Baseball Team","티셔츠 & UT > 그래픽티셔츠 > PEANUTS Charlie Brown's Baseball Team","3","KIDS","true","unknown","https://www.uniqlo.com/kr/ko/men_navigation","official_navigation_preloaded_taxonomies","2026-08-03T02:01:21.580Z","{""group"":""subcategories"",""key"":""peanuts-charlie-browns-baseball-team-23fw"",""parent_count"":3}","2dad9b2eaa9e0b3966064c40708d8fff9be454662a8eba631cdaf427266f1f53"
"uniqlo","63024","58081","Peanuts Holiday","티셔츠 & UT > 그래픽티셔츠 > Peanuts Holiday","티셔츠 & UT > 그래픽티셔츠 > Peanuts Holiday","3","KIDS","true","unknown","https://www.uniqlo.com/kr/ko/men_navigation","official_navigation_preloaded_taxonomies","2026-08-03T02:01:21.580Z","{""group"":""subcategories"",""key"":""peanuts-holiday-21fw"",""parent_count"":3}","2dad9b2eaa9e0b3966064c40708d8fff9be454662a8eba631cdaf427266f1f53"
"uniqlo","63025","58081","Peanuts x Yu Nagaba","티셔츠 & UT > 그래픽티셔츠 > Peanuts x Yu Nagaba","티셔츠 & UT > 그래픽티셔츠 > Peanuts x Yu Nagaba","3","KIDS","true","unknown","https://www.uniqlo.com/kr/ko/men_navigation","official_navigation_preloaded_taxonomies","2026-08-03T02:01:21.580Z","{""group"":""subcategories"",""key"":""peanuts-yu-nagaba"",""parent_count"":3}","2dad9b2eaa9e0b3966064c40708d8fff9be454662a8eba631cdaf427266f1f53"
"uniqlo","63171","58081","PIXAR COLLECTION","티셔츠 & UT > 그래픽티셔츠 > PIXAR COLLECTION","티셔츠 & UT > 그래픽티셔츠 > PIXAR COLLECTION","3","KIDS","true","unknown","https://www.uniqlo.com/kr/ko/men_navigation","official_navigation_preloaded_taxonomies","2026-08-03T02:01:21.580Z","{""group"":""subcategories"",""key"":""pixar-collection-22ss"",""parent_count"":3}","2dad9b2eaa9e0b3966064c40708d8fff9be454662a8eba631cdaf427266f1f53"
"uniqlo","63172","58081","Pokémon – Become a Pokémon Professor!","티셔츠 & UT > 그래픽티셔츠 > Pokémon – Become a Pokémon Professor!","티셔츠 & UT > 그래픽티셔츠 > Pokémon – Become a Pokémon Professor!","3","KIDS","true","unknown","https://www.uniqlo.com/kr/ko/men_navigation","official_navigation_preloaded_taxonomies","2026-08-03T02:01:21.580Z","{""group"":""subcategories"",""key"":""pokemon-become-a-pokemon-professor-22ss"",""parent_count"":3}","2dad9b2eaa9e0b3966064c40708d8fff9be454662a8eba631cdaf427266f1f53"
"uniqlo","63173","58081","Pokémon All-Stars","티셔츠 & UT > 그래픽티셔츠 > Pokémon All-Stars","티셔츠 & UT > 그래픽티셔츠 > Pokémon All-Stars","3","KIDS","true","unknown","https://www.uniqlo.com/kr/ko/men_navigation","official_navigation_preloaded_taxonomies","2026-08-03T02:01:21.580Z","{""group"":""subcategories"",""key"":""pokemon-all-stars"",""parent_count"":3}","2dad9b2eaa9e0b3966064c40708d8fff9be454662a8eba631cdaf427266f1f53"
"uniqlo","63026","58081","Pokémon Masters EX","티셔츠 & UT > 그래픽티셔츠 > Pokémon Masters EX","티셔츠 & UT > 그래픽티셔츠 > Pokémon Masters EX","3","KIDS","true","unknown","https://www.uniqlo.com/kr/ko/men_navigation","official_navigation_preloaded_taxonomies","2026-08-03T02:01:21.580Z","{""group"":""subcategories"",""key"":""pokemon-masters-ex-23ss"",""parent_count"":3}","2dad9b2eaa9e0b3966064c40708d8fff9be454662a8eba631cdaf427266f1f53"
"uniqlo","63027","58081","Pokémon Meets Artist","티셔츠 & UT > 그래픽티셔츠 > Pokémon Meets Artist","티셔츠 & UT > 그래픽티셔츠 > Pokémon Meets Artist","3","KIDS","true","unknown","https://www.uniqlo.com/kr/ko/men_navigation","official_navigation_preloaded_taxonomies","2026-08-03T02:01:21.580Z","{""group"":""subcategories"",""key"":""pokemon-meets-artist"",""parent_count"":3}","2dad9b2eaa9e0b3966064c40708d8fff9be454662a8eba631cdaf427266f1f53"
"uniqlo","63028","58081","RETRO PEANUTS","티셔츠 & UT > 그래픽티셔츠 > RETRO PEANUTS","티셔츠 & UT > 그래픽티셔츠 > RETRO PEANUTS","3","KIDS","true","unknown","https://www.uniqlo.com/kr/ko/men_navigation","official_navigation_preloaded_taxonomies","2026-08-03T02:01:21.580Z","{""group"":""subcategories"",""key"":""retro-peanuts-23ss"",""parent_count"":3}","2dad9b2eaa9e0b3966064c40708d8fff9be454662a8eba631cdaf427266f1f53"
"uniqlo","63030","58081","Splatoon 3","티셔츠 & UT > 그래픽티셔츠 > Splatoon 3","티셔츠 & UT > 그래픽티셔츠 > Splatoon 3","3","KIDS","true","unknown","https://www.uniqlo.com/kr/ko/men_navigation","official_navigation_preloaded_taxonomies","2026-08-03T02:01:21.580Z","{""group"":""subcategories"",""key"":""splatoon-3-23ss"",""parent_count"":3}","2dad9b2eaa9e0b3966064c40708d8fff9be454662a8eba631cdaf427266f1f53"
"uniqlo","63031","58081","SPYxFAMILY","티셔츠 & UT > 그래픽티셔츠 > SPYxFAMILY","티셔츠 & UT > 그래픽티셔츠 > SPYxFAMILY","3","KIDS","true","unknown","https://www.uniqlo.com/kr/ko/men_navigation","official_navigation_preloaded_taxonomies","2026-08-03T02:01:21.580Z","{""group"":""subcategories"",""key"":""spy-family-23ss"",""parent_count"":3}","2dad9b2eaa9e0b3966064c40708d8fff9be454662a8eba631cdaf427266f1f53"
"uniqlo","63032","58081","Sumikkogurashi","티셔츠 & UT > 그래픽티셔츠 > Sumikkogurashi","티셔츠 & UT > 그래픽티셔츠 > Sumikkogurashi","3","KIDS","true","unknown","https://www.uniqlo.com/kr/ko/men_navigation","official_navigation_preloaded_taxonomies","2026-08-03T02:01:21.580Z","{""group"":""subcategories"",""key"":""sumikkogurashi-23ss"",""parent_count"":3}","2dad9b2eaa9e0b3966064c40708d8fff9be454662a8eba631cdaf427266f1f53"
"uniqlo","63174","58081","The Smithsonian National Museum of Natural History","티셔츠 & UT > 그래픽티셔츠 > The Smithsonian National Museum of Natural History","티셔츠 & UT > 그래픽티셔츠 > The Smithsonian National Museum of Natural History","3","KIDS","true","unknown","https://www.uniqlo.com/kr/ko/men_navigation","official_navigation_preloaded_taxonomies","2026-08-03T02:01:21.580Z","{""group"":""subcategories"",""key"":""the-smithsonian-national-museum"",""parent_count"":3}","2dad9b2eaa9e0b3966064c40708d8fff9be454662a8eba631cdaf427266f1f53"
"uniqlo","63033","58081","THE SUPER MARIO BROS. MOVIE","티셔츠 & UT > 그래픽티셔츠 > THE SUPER MARIO BROS. MOVIE","티셔츠 & UT > 그래픽티셔츠 > THE SUPER MARIO BROS. MOVIE","3","KIDS","true","unknown","https://www.uniqlo.com/kr/ko/men_navigation","official_navigation_preloaded_taxonomies","2026-08-03T02:01:21.580Z","{""group"":""subcategories"",""key"":""the-super-mario-bros-movie-23ss"",""parent_count"":3}","2dad9b2eaa9e0b3966064c40708d8fff9be454662a8eba631cdaf427266f1f53"
"uniqlo","63034","58081","UNIVERSITY LOGO","티셔츠 & UT > 그래픽티셔츠 > UNIVERSITY LOGO","티셔츠 & UT > 그래픽티셔츠 > UNIVERSITY LOGO","3","KIDS","true","unknown","https://www.uniqlo.com/kr/ko/men_navigation","official_navigation_preloaded_taxonomies","2026-08-03T02:01:21.580Z","{""group"":""subcategories"",""key"":""university-logo"",""parent_count"":3}","2dad9b2eaa9e0b3966064c40708d8fff9be454662a8eba631cdaf427266f1f53"
"uniqlo","63175","58081","UTGP2022 × PEANUTS","티셔츠 & UT > 그래픽티셔츠 > UTGP2022 × PEANUTS","티셔츠 & UT > 그래픽티셔츠 > UTGP2022 × PEANUTS","3","KIDS","true","unknown","https://www.uniqlo.com/kr/ko/men_navigation","official_navigation_preloaded_taxonomies","2026-08-03T02:01:21.580Z","{""group"":""subcategories"",""key"":""utgp2022-x-peanuts"",""parent_count"":3}","2dad9b2eaa9e0b3966064c40708d8fff9be454662a8eba631cdaf427266f1f53"
"uniqlo","63035","58081","UTGP2023: MAGIC FOR ALL","티셔츠 & UT > 그래픽티셔츠 > UTGP2023: MAGIC FOR ALL","티셔츠 & UT > 그래픽티셔츠 > UTGP2023: MAGIC FOR ALL","3","KIDS","true","unknown","https://www.uniqlo.com/kr/ko/men_navigation","official_navigation_preloaded_taxonomies","2026-08-03T02:01:21.580Z","{""group"":""subcategories"",""key"":""utgp2023-magic-for-all"",""parent_count"":3}","2dad9b2eaa9e0b3966064c40708d8fff9be454662a8eba631cdaf427266f1f53"
"uniqlo","63016","58081","MINECRAFT","티셔츠 & UT > 그래픽티셔츠 > MINECRAFT","티셔츠 & UT > 그래픽티셔츠 > MINECRAFT","3","KIDS","true","unknown","https://www.uniqlo.com/kr/ko/men_navigation","official_navigation_preloaded_taxonomies","2026-08-03T02:01:21.580Z","{""group"":""subcategories"",""key"":""minecraft"",""parent_count"":3}","2dad9b2eaa9e0b3966064c40708d8fff9be454662a8eba631cdaf427266f1f53"
"uniqlo","58580","58077","스웨트셔츠","티셔츠 & UT > 스웨트셔츠 & 후드티 > 스웨트셔츠","티셔츠 & UT > 스웨트셔츠 & 후드티 > 스웨트셔츠","3","KIDS","true","unknown","https://www.uniqlo.com/kr/ko/men_navigation","official_navigation_preloaded_taxonomies","2026-08-03T02:01:21.580Z","{""group"":""subcategories"",""key"":""pullover"",""parent_count"":3}","2dad9b2eaa9e0b3966064c40708d8fff9be454662a8eba631cdaf427266f1f53"
"uniqlo","58581","58077","스웨트파카","티셔츠 & UT > 스웨트셔츠 & 후드티 > 스웨트파카","티셔츠 & UT > 스웨트셔츠 & 후드티 > 스웨트파카","3","KIDS","true","unknown","https://www.uniqlo.com/kr/ko/men_navigation","official_navigation_preloaded_taxonomies","2026-08-03T02:01:21.580Z","{""group"":""subcategories"",""key"":""parka"",""parent_count"":3}","2dad9b2eaa9e0b3966064c40708d8fff9be454662a8eba631cdaf427266f1f53"
"uniqlo","58582","58077","스웨트팬츠","티셔츠 & UT > 스웨트셔츠 & 후드티 > 스웨트팬츠","티셔츠 & UT > 스웨트셔츠 & 후드티 > 스웨트팬츠","3","KIDS","true","unknown","https://www.uniqlo.com/kr/ko/men_navigation","official_navigation_preloaded_taxonomies","2026-08-03T02:01:21.580Z","{""group"":""subcategories"",""key"":""sweat-pants"",""parent_count"":3}","2dad9b2eaa9e0b3966064c40708d8fff9be454662a8eba631cdaf427266f1f53"
"uniqlo","96145","58077","스웨트풀집","티셔츠 & UT > 스웨트셔츠 & 후드티 > 스웨트풀집","티셔츠 & UT > 스웨트셔츠 & 후드티 > 스웨트풀집","3","KIDS","true","unknown","https://www.uniqlo.com/kr/ko/men_navigation","official_navigation_preloaded_taxonomies","2026-08-03T02:01:21.580Z","{""group"":""subcategories"",""key"":""full-zip"",""parent_count"":3}","2dad9b2eaa9e0b3966064c40708d8fff9be454662a8eba631cdaf427266f1f53"
"uniqlo","96147","58077","스웨트후디","티셔츠 & UT > 스웨트셔츠 & 후드티 > 스웨트후디","티셔츠 & UT > 스웨트셔츠 & 후드티 > 스웨트후디","3","KIDS","true","unknown","https://www.uniqlo.com/kr/ko/men_navigation","official_navigation_preloaded_taxonomies","2026-08-03T02:01:21.580Z","{""group"":""subcategories"",""key"":""hoodies"",""parent_count"":3}","2dad9b2eaa9e0b3966064c40708d8fff9be454662a8eba631cdaf427266f1f53"
"uniqlo","58583","58077","그 외","티셔츠 & UT > 스웨트셔츠 & 후드티 > 그 외","티셔츠 & UT > 스웨트셔츠 & 후드티 > 그 외","3","KIDS","true","unknown","https://www.uniqlo.com/kr/ko/men_navigation","official_navigation_preloaded_taxonomies","2026-08-03T02:01:21.580Z","{""group"":""subcategories"",""key"":""others"",""parent_count"":3}","2dad9b2eaa9e0b3966064c40708d8fff9be454662a8eba631cdaf427266f1f53"
"uniqlo","58607","58084","반바지","청바지 & 팬츠 > 반바지 > 반바지","청바지 & 팬츠 > 반바지 > 반바지","3","KIDS","true","unknown","https://www.uniqlo.com/kr/ko/men_navigation","official_navigation_preloaded_taxonomies","2026-08-03T02:01:21.580Z","{""group"":""subcategories"",""key"":""shorts"",""parent_count"":3}","2dad9b2eaa9e0b3966064c40708d8fff9be454662a8eba631cdaf427266f1f53"
"uniqlo","58608","58084","스커트 팬츠","청바지 & 팬츠 > 반바지 > 스커트 팬츠","청바지 & 팬츠 > 반바지 > 스커트 팬츠","3","KIDS","true","unknown","https://www.uniqlo.com/kr/ko/men_navigation","official_navigation_preloaded_taxonomies","2026-08-03T02:01:21.580Z","{""group"":""subcategories"",""key"":""skorts"",""parent_count"":3}","2dad9b2eaa9e0b3966064c40708d8fff9be454662a8eba631cdaf427266f1f53"
"uniqlo","87957","58084","울트라 스트레치","청바지 & 팬츠 > 반바지 > 울트라 스트레치","청바지 & 팬츠 > 반바지 > 울트라 스트레치","3","KIDS","true","unknown","https://www.uniqlo.com/kr/ko/men_navigation","official_navigation_preloaded_taxonomies","2026-08-03T02:01:21.580Z","{""group"":""subcategories"",""key"":""ultra-stretch"",""parent_count"":3}","2dad9b2eaa9e0b3966064c40708d8fff9be454662a8eba631cdaf427266f1f53"
"uniqlo","58600","58082","진","청바지 & 팬츠 > 청바지 & 팬츠 > 진","청바지 & 팬츠 > 청바지 & 팬츠 > 진","3","KIDS","true","unknown","https://www.uniqlo.com/kr/ko/men_navigation","official_navigation_preloaded_taxonomies","2026-08-03T02:01:21.580Z","{""group"":""subcategories"",""key"":""jeans"",""parent_count"":3}","2dad9b2eaa9e0b3966064c40708d8fff9be454662a8eba631cdaf427266f1f53"
"uniqlo","58601","58082","조거 팬츠","청바지 & 팬츠 > 청바지 & 팬츠 > 조거 팬츠","청바지 & 팬츠 > 청바지 & 팬츠 > 조거 팬츠","3","KIDS","true","unknown","https://www.uniqlo.com/kr/ko/men_navigation","official_navigation_preloaded_taxonomies","2026-08-03T02:01:21.580Z","{""group"":""subcategories"",""key"":""jogger-pants"",""parent_count"":3}","2dad9b2eaa9e0b3966064c40708d8fff9be454662a8eba631cdaf427266f1f53"
"uniqlo","58599","58082","스웨트 팬츠","청바지 & 팬츠 > 청바지 & 팬츠 > 스웨트 팬츠","청바지 & 팬츠 > 청바지 & 팬츠 > 스웨트 팬츠","3","KIDS","true","unknown","https://www.uniqlo.com/kr/ko/men_navigation","official_navigation_preloaded_taxonomies","2026-08-03T02:01:21.580Z","{""group"":""subcategories"",""key"":""sweat-pants"",""parent_count"":3}","2dad9b2eaa9e0b3966064c40708d8fff9be454662a8eba631cdaf427266f1f53"
"uniqlo","63036","58082","웜 팬츠","청바지 & 팬츠 > 청바지 & 팬츠 > 웜 팬츠","청바지 & 팬츠 > 청바지 & 팬츠 > 웜 팬츠","3","KIDS","true","unknown","https://www.uniqlo.com/kr/ko/men_navigation","official_navigation_preloaded_taxonomies","2026-08-03T02:01:21.580Z","{""group"":""subcategories"",""key"":""warm-pants"",""parent_count"":3}","2dad9b2eaa9e0b3966064c40708d8fff9be454662a8eba631cdaf427266f1f53"
"uniqlo","116011","58082","Girls","청바지 & 팬츠 > 청바지 & 팬츠 > Girls","청바지 & 팬츠 > 청바지 & 팬츠 > Girls","3","KIDS","true","unknown","https://www.uniqlo.com/kr/ko/men_navigation","official_navigation_preloaded_taxonomies","2026-08-03T02:01:21.580Z","{""group"":""subcategories"",""key"":""girls"",""parent_count"":3}","2dad9b2eaa9e0b3966064c40708d8fff9be454662a8eba631cdaf427266f1f53"
"uniqlo","58603","58082","스트레치 팬츠","청바지 & 팬츠 > 청바지 & 팬츠 > 스트레치 팬츠","청바지 & 팬츠 > 청바지 & 팬츠 > 스트레치 팬츠","3","KIDS","true","unknown","https://www.uniqlo.com/kr/ko/men_navigation","official_navigation_preloaded_taxonomies","2026-08-03T02:01:21.580Z","{""group"":""subcategories"",""key"":""others"",""parent_count"":3}","2dad9b2eaa9e0b3966064c40708d8fff9be454662a8eba631cdaf427266f1f53"
"uniqlo","58597","58082","카고 팬츠","청바지 & 팬츠 > 청바지 & 팬츠 > 카고 팬츠","청바지 & 팬츠 > 청바지 & 팬츠 > 카고 팬츠","3","KIDS","true","unknown","https://www.uniqlo.com/kr/ko/men_navigation","official_navigation_preloaded_taxonomies","2026-08-03T02:01:21.580Z","{""group"":""subcategories"",""key"":""cargo-pants"",""parent_count"":3}","2dad9b2eaa9e0b3966064c40708d8fff9be454662a8eba631cdaf427266f1f53"
"uniqlo","105470","105469","스커트","원피스 & 스커트 > 스커트 > 스커트","원피스 & 스커트 > 스커트 > 스커트","3","KIDS","true","unknown","https://www.uniqlo.com/kr/ko/men_navigation","official_navigation_preloaded_taxonomies","2026-08-03T02:01:21.580Z","{""group"":""subcategories"",""key"":""skirts"",""parent_count"":3}","2dad9b2eaa9e0b3966064c40708d8fff9be454662a8eba631cdaf427266f1f53"
"uniqlo","105471","105469","원피스","원피스 & 스커트 > 스커트 > 원피스","원피스 & 스커트 > 스커트 > 원피스","3","KIDS","true","unknown","https://www.uniqlo.com/kr/ko/men_navigation","official_navigation_preloaded_taxonomies","2026-08-03T02:01:21.580Z","{""group"":""subcategories"",""key"":""other"",""parent_count"":3}","2dad9b2eaa9e0b3966064c40708d8fff9be454662a8eba631cdaf427266f1f53"
"uniqlo","58610","58085","긴팔","원피스 & 스커트 > 원피스 > 긴팔","원피스 & 스커트 > 원피스 > 긴팔","3","KIDS","true","unknown","https://www.uniqlo.com/kr/ko/men_navigation","official_navigation_preloaded_taxonomies","2026-08-03T02:01:21.580Z","{""group"":""subcategories"",""key"":""long-sleeve"",""parent_count"":3}","2dad9b2eaa9e0b3966064c40708d8fff9be454662a8eba631cdaf427266f1f53"
"uniqlo","58612","58085","반팔","원피스 & 스커트 > 원피스 > 반팔","원피스 & 스커트 > 원피스 > 반팔","3","KIDS","true","unknown","https://www.uniqlo.com/kr/ko/men_navigation","official_navigation_preloaded_taxonomies","2026-08-03T02:01:21.580Z","{""group"":""subcategories"",""key"":""short-sleeve"",""parent_count"":3}","2dad9b2eaa9e0b3966064c40708d8fff9be454662a8eba631cdaf427266f1f53"
"uniqlo","58611","58085","슬리브리스","원피스 & 스커트 > 원피스 > 슬리브리스","원피스 & 스커트 > 원피스 > 슬리브리스","3","KIDS","true","unknown","https://www.uniqlo.com/kr/ko/men_navigation","official_navigation_preloaded_taxonomies","2026-08-03T02:01:21.580Z","{""group"":""subcategories"",""key"":""sleeveless"",""parent_count"":3}","2dad9b2eaa9e0b3966064c40708d8fff9be454662a8eba631cdaf427266f1f53"
"uniqlo","100314","58085","스코츠","원피스 & 스커트 > 원피스 > 스코츠","원피스 & 스커트 > 원피스 > 스코츠","3","KIDS","true","unknown","https://www.uniqlo.com/kr/ko/men_navigation","official_navigation_preloaded_taxonomies","2026-08-03T02:01:21.580Z","{""group"":""subcategories"",""key"":""skort"",""parent_count"":3}","2dad9b2eaa9e0b3966064c40708d8fff9be454662a8eba631cdaf427266f1f53"
"uniqlo","100089","100067","가디건","니트 & 셔츠 > 니트 > 가디건","니트 & 셔츠 > 니트 > 가디건","3","KIDS","true","unknown","https://www.uniqlo.com/kr/ko/men_navigation","official_navigation_preloaded_taxonomies","2026-08-03T02:01:21.580Z","{""group"":""subcategories"",""key"":""cardigans"",""parent_count"":3}","2dad9b2eaa9e0b3966064c40708d8fff9be454662a8eba631cdaf427266f1f53"
"uniqlo","100102","100067","스웨터","니트 & 셔츠 > 니트 > 스웨터","니트 & 셔츠 > 니트 > 스웨터","3","KIDS","true","unknown","https://www.uniqlo.com/kr/ko/men_navigation","official_navigation_preloaded_taxonomies","2026-08-03T02:01:21.580Z","{""group"":""subcategories"",""key"":""others"",""parent_count"":3}","2dad9b2eaa9e0b3966064c40708d8fff9be454662a8eba631cdaf427266f1f53"
"uniqlo","100091","100068","셔츠","니트 & 셔츠 > 셔츠 > 셔츠","니트 & 셔츠 > 셔츠 > 셔츠","3","KIDS","true","unknown","https://www.uniqlo.com/kr/ko/men_navigation","official_navigation_preloaded_taxonomies","2026-08-03T02:01:21.580Z","{""group"":""subcategories"",""key"":""shirts"",""parent_count"":3}","2dad9b2eaa9e0b3966064c40708d8fff9be454662a8eba631cdaf427266f1f53"
"uniqlo","58573","58075","파카","아우터 > 재킷 & 파카 > 파카","아우터 > 재킷 & 파카 > 파카","3","KIDS","true","unknown","https://www.uniqlo.com/kr/ko/men_navigation","official_navigation_preloaded_taxonomies","2026-08-03T02:01:21.580Z","{""group"":""subcategories"",""key"":""parkas"",""parent_count"":3}","2dad9b2eaa9e0b3966064c40708d8fff9be454662a8eba631cdaf427266f1f53"
"uniqlo","58574","58075","재킷","아우터 > 재킷 & 파카 > 재킷","아우터 > 재킷 & 파카 > 재킷","3","KIDS","true","unknown","https://www.uniqlo.com/kr/ko/men_navigation","official_navigation_preloaded_taxonomies","2026-08-03T02:01:21.580Z","{""group"":""subcategories"",""key"":""jacket"",""parent_count"":3}","2dad9b2eaa9e0b3966064c40708d8fff9be454662a8eba631cdaf427266f1f53"
"uniqlo","58577","58075","그 외","아우터 > 재킷 & 파카 > 그 외","아우터 > 재킷 & 파카 > 그 외","3","KIDS","true","unknown","https://www.uniqlo.com/kr/ko/men_navigation","official_navigation_preloaded_taxonomies","2026-08-03T02:01:21.580Z","{""group"":""subcategories"",""key"":""others"",""parent_count"":3}","2dad9b2eaa9e0b3966064c40708d8fff9be454662a8eba631cdaf427266f1f53"
"uniqlo","105253","58075","후리스","아우터 > 재킷 & 파카 > 후리스","아우터 > 재킷 & 파카 > 후리스","3","KIDS","true","unknown","https://www.uniqlo.com/kr/ko/men_navigation","official_navigation_preloaded_taxonomies","2026-08-03T02:01:21.580Z","{""group"":""subcategories"",""key"":""fleece"",""parent_count"":3}","2dad9b2eaa9e0b3966064c40708d8fff9be454662a8eba631cdaf427266f1f53"
"uniqlo","58576","58075","패딩","아우터 > 재킷 & 파카 > 패딩","아우터 > 재킷 & 파카 > 패딩","3","KIDS","true","unknown","https://www.uniqlo.com/kr/ko/men_navigation","official_navigation_preloaded_taxonomies","2026-08-03T02:01:21.580Z","{""group"":""subcategories"",""key"":""padding"",""parent_count"":3}","2dad9b2eaa9e0b3966064c40708d8fff9be454662a8eba631cdaf427266f1f53"
"uniqlo","58632","58091","에어리즘 메쉬","이너웨어 > 에어리즘 > 에어리즘 메쉬","이너웨어 > 에어리즘 > 에어리즘 메쉬","3","KIDS","true","unknown","https://www.uniqlo.com/kr/ko/men_navigation","official_navigation_preloaded_taxonomies","2026-08-03T02:01:21.580Z","{""group"":""subcategories"",""key"":""airism-mesh"",""parent_count"":3}","2dad9b2eaa9e0b3966064c40708d8fff9be454662a8eba631cdaf427266f1f53"
"uniqlo","58633","58091","에어리즘 코튼 블렌드","이너웨어 > 에어리즘 > 에어리즘 코튼 블렌드","이너웨어 > 에어리즘 > 에어리즘 코튼 블렌드","3","KIDS","true","unknown","https://www.uniqlo.com/kr/ko/men_navigation","official_navigation_preloaded_taxonomies","2026-08-03T02:01:21.580Z","{""group"":""subcategories"",""key"":""airism-cotton-brend"",""parent_count"":3}","2dad9b2eaa9e0b3966064c40708d8fff9be454662a8eba631cdaf427266f1f53"
"uniqlo","58634","58091","반팔","이너웨어 > 에어리즘 > 반팔","이너웨어 > 에어리즘 > 반팔","3","KIDS","true","unknown","https://www.uniqlo.com/kr/ko/men_navigation","official_navigation_preloaded_taxonomies","2026-08-03T02:01:21.580Z","{""group"":""subcategories"",""key"":""short-sleeve"",""parent_count"":3}","2dad9b2eaa9e0b3966064c40708d8fff9be454662a8eba631cdaf427266f1f53"
"uniqlo","58635","58091","탱크탑","이너웨어 > 에어리즘 > 탱크탑","이너웨어 > 에어리즘 > 탱크탑","3","KIDS","true","unknown","https://www.uniqlo.com/kr/ko/men_navigation","official_navigation_preloaded_taxonomies","2026-08-03T02:01:21.580Z","{""group"":""subcategories"",""key"":""tank-top"",""parent_count"":3}","2dad9b2eaa9e0b3966064c40708d8fff9be454662a8eba631cdaf427266f1f53"
"uniqlo","58636","58091","캐미솔","이너웨어 > 에어리즘 > 캐미솔","이너웨어 > 에어리즘 > 캐미솔","3","KIDS","true","unknown","https://www.uniqlo.com/kr/ko/men_navigation","official_navigation_preloaded_taxonomies","2026-08-03T02:01:21.580Z","{""group"":""subcategories"",""key"":""camisole"",""parent_count"":3}","2dad9b2eaa9e0b3966064c40708d8fff9be454662a8eba631cdaf427266f1f53"
"uniqlo","58637","58091","브라탑","이너웨어 > 에어리즘 > 브라탑","이너웨어 > 에어리즘 > 브라탑","3","KIDS","true","unknown","https://www.uniqlo.com/kr/ko/men_navigation","official_navigation_preloaded_taxonomies","2026-08-03T02:01:21.580Z","{""group"":""subcategories"",""key"":""bra-top"",""parent_count"":3}","2dad9b2eaa9e0b3966064c40708d8fff9be454662a8eba631cdaf427266f1f53"
"uniqlo","58638","58091","주니어브라 & 브라탑","이너웨어 > 에어리즘 > 주니어브라 & 브라탑","이너웨어 > 에어리즘 > 주니어브라 & 브라탑","3","KIDS","true","unknown","https://www.uniqlo.com/kr/ko/men_navigation","official_navigation_preloaded_taxonomies","2026-08-03T02:01:21.580Z","{""group"":""subcategories"",""key"":""bra"",""parent_count"":3}","2dad9b2eaa9e0b3966064c40708d8fff9be454662a8eba631cdaf427266f1f53"
"uniqlo","58639","58091","언더웨어","이너웨어 > 에어리즘 > 언더웨어","이너웨어 > 에어리즘 > 언더웨어","3","KIDS","true","unknown","https://www.uniqlo.com/kr/ko/men_navigation","official_navigation_preloaded_taxonomies","2026-08-03T02:01:21.580Z","{""group"":""subcategories"",""key"":""boxer-briefs"",""parent_count"":3}","2dad9b2eaa9e0b3966064c40708d8fff9be454662a8eba631cdaf427266f1f53"
"uniqlo","58640","58091","그 외","이너웨어 > 에어리즘 > 그 외","이너웨어 > 에어리즘 > 그 외","3","KIDS","true","unknown","https://www.uniqlo.com/kr/ko/men_navigation","official_navigation_preloaded_taxonomies","2026-08-03T02:01:21.580Z","{""group"":""subcategories"",""key"":""others"",""parent_count"":3}","2dad9b2eaa9e0b3966064c40708d8fff9be454662a8eba631cdaf427266f1f53"
"uniqlo","58645","58093","주니어브라","이너웨어 > 주니어브라 & 브라탑 > 주니어브라","이너웨어 > 주니어브라 & 브라탑 > 주니어브라","3","KIDS","true","unknown","https://www.uniqlo.com/kr/ko/men_navigation","official_navigation_preloaded_taxonomies","2026-08-03T02:01:21.580Z","{""group"":""subcategories"",""key"":""bras"",""parent_count"":3}","2dad9b2eaa9e0b3966064c40708d8fff9be454662a8eba631cdaf427266f1f53"
"uniqlo","58646","58093","브라탑","이너웨어 > 주니어브라 & 브라탑 > 브라탑","이너웨어 > 주니어브라 & 브라탑 > 브라탑","3","KIDS","true","unknown","https://www.uniqlo.com/kr/ko/men_navigation","official_navigation_preloaded_taxonomies","2026-08-03T02:01:21.580Z","{""group"":""subcategories"",""key"":""bra-top"",""parent_count"":3}","2dad9b2eaa9e0b3966064c40708d8fff9be454662a8eba631cdaf427266f1f53"
"uniqlo","58647","58093","함께 착용하기 좋은 쇼츠","이너웨어 > 주니어브라 & 브라탑 > 함께 착용하기 좋은 쇼츠","이너웨어 > 주니어브라 & 브라탑 > 함께 착용하기 좋은 쇼츠","3","KIDS","true","unknown","https://www.uniqlo.com/kr/ko/men_navigation","official_navigation_preloaded_taxonomies","2026-08-03T02:01:21.580Z","{""group"":""subcategories"",""key"":""shorts"",""parent_count"":3}","2dad9b2eaa9e0b3966064c40708d8fff9be454662a8eba631cdaf427266f1f53"
"uniqlo","136621","136619","탱크탑","이너웨어 > 코튼 이너 > 탱크탑","이너웨어 > 코튼 이너 > 탱크탑","3","KIDS","true","unknown","https://www.uniqlo.com/kr/ko/men_navigation","official_navigation_preloaded_taxonomies","2026-08-03T02:01:21.580Z","{""group"":""subcategories"",""key"":""tank-top"",""parent_count"":3}","2dad9b2eaa9e0b3966064c40708d8fff9be454662a8eba631cdaf427266f1f53"
"uniqlo","58650","58095","복서브리프","이너웨어 > 언더웨어 > 복서브리프","이너웨어 > 언더웨어 > 복서브리프","3","KIDS","true","unknown","https://www.uniqlo.com/kr/ko/men_navigation","official_navigation_preloaded_taxonomies","2026-08-03T02:01:21.580Z","{""group"":""subcategories"",""key"":""boxer-briefs"",""parent_count"":3}","2dad9b2eaa9e0b3966064c40708d8fff9be454662a8eba631cdaf427266f1f53"
"uniqlo","58651","58095","쇼츠","이너웨어 > 언더웨어 > 쇼츠","이너웨어 > 언더웨어 > 쇼츠","3","KIDS","true","unknown","https://www.uniqlo.com/kr/ko/men_navigation","official_navigation_preloaded_taxonomies","2026-08-03T02:01:21.580Z","{""group"":""subcategories"",""key"":""shorts"",""parent_count"":3}","2dad9b2eaa9e0b3966064c40708d8fff9be454662a8eba631cdaf427266f1f53"
"uniqlo","58652","58095","Others 그 외","이너웨어 > 언더웨어 > Others 그 외","이너웨어 > 언더웨어 > Others 그 외","3","KIDS","true","unknown","https://www.uniqlo.com/kr/ko/men_navigation","official_navigation_preloaded_taxonomies","2026-08-03T02:01:21.580Z","{""group"":""subcategories"",""key"":""others"",""parent_count"":3}","2dad9b2eaa9e0b3966064c40708d8fff9be454662a8eba631cdaf427266f1f53"
"uniqlo","58653","58096","레귤러삭스","이너웨어 > 양말 > 레귤러삭스","이너웨어 > 양말 > 레귤러삭스","3","KIDS","true","unknown","https://www.uniqlo.com/kr/ko/men_navigation","official_navigation_preloaded_taxonomies","2026-08-03T02:01:21.580Z","{""group"":""subcategories"",""key"":""regular-socks"",""parent_count"":3}","2dad9b2eaa9e0b3966064c40708d8fff9be454662a8eba631cdaf427266f1f53"
"uniqlo","58654","58096","쇼트삭스","이너웨어 > 양말 > 쇼트삭스","이너웨어 > 양말 > 쇼트삭스","3","KIDS","true","unknown","https://www.uniqlo.com/kr/ko/men_navigation","official_navigation_preloaded_taxonomies","2026-08-03T02:01:21.580Z","{""group"":""subcategories"",""key"":""short-socks"",""parent_count"":3}","2dad9b2eaa9e0b3966064c40708d8fff9be454662a8eba631cdaf427266f1f53"
"uniqlo","58655","58096","하이삭스","이너웨어 > 양말 > 하이삭스","이너웨어 > 양말 > 하이삭스","3","KIDS","true","unknown","https://www.uniqlo.com/kr/ko/men_navigation","official_navigation_preloaded_taxonomies","2026-08-03T02:01:21.580Z","{""group"":""subcategories"",""key"":""high-socks"",""parent_count"":3}","2dad9b2eaa9e0b3966064c40708d8fff9be454662a8eba631cdaf427266f1f53"
"uniqlo","64758","58096","UNIQLO x Marimekko","이너웨어 > 양말 > UNIQLO x Marimekko","이너웨어 > 양말 > UNIQLO x Marimekko","3","KIDS","true","unknown","https://www.uniqlo.com/kr/ko/men_navigation","official_navigation_preloaded_taxonomies","2026-08-03T02:01:21.580Z","{""group"":""subcategories"",""key"":""marimekko"",""parent_count"":3}","2dad9b2eaa9e0b3966064c40708d8fff9be454662a8eba631cdaf427266f1f53"
"uniqlo","58656","58096","그 외","이너웨어 > 양말 > 그 외","이너웨어 > 양말 > 그 외","3","KIDS","true","unknown","https://www.uniqlo.com/kr/ko/men_navigation","official_navigation_preloaded_taxonomies","2026-08-03T02:01:21.580Z","{""group"":""subcategories"",""key"":""others"",""parent_count"":3}","2dad9b2eaa9e0b3966064c40708d8fff9be454662a8eba631cdaf427266f1f53"
"uniqlo","58641","58092","히트텍","이너웨어 > 히트텍 > 히트텍","이너웨어 > 히트텍 > 히트텍","3","KIDS","true","unknown","https://www.uniqlo.com/kr/ko/men_navigation","official_navigation_preloaded_taxonomies","2026-08-03T02:01:21.580Z","{""group"":""subcategories"",""key"":""heattech"",""parent_count"":3}","2dad9b2eaa9e0b3966064c40708d8fff9be454662a8eba631cdaf427266f1f53"
"uniqlo","100098","58092","히트텍 엑스트라 웜","이너웨어 > 히트텍 > 히트텍 엑스트라 웜","이너웨어 > 히트텍 > 히트텍 엑스트라 웜","3","KIDS","true","unknown","https://www.uniqlo.com/kr/ko/men_navigation","official_navigation_preloaded_taxonomies","2026-08-03T02:01:21.580Z","{""group"":""subcategories"",""key"":""heattech-extra-warm"",""parent_count"":3}","2dad9b2eaa9e0b3966064c40708d8fff9be454662a8eba631cdaf427266f1f53"
"uniqlo","100099","58092","히트텍 울트라 웜","이너웨어 > 히트텍 > 히트텍 울트라 웜","이너웨어 > 히트텍 > 히트텍 울트라 웜","3","KIDS","true","unknown","https://www.uniqlo.com/kr/ko/men_navigation","official_navigation_preloaded_taxonomies","2026-08-03T02:01:21.580Z","{""group"":""subcategories"",""key"":""heattech-ultra-warm"",""parent_count"":3}","2dad9b2eaa9e0b3966064c40708d8fff9be454662a8eba631cdaf427266f1f53"
"uniqlo","100097","58092","긴팔","이너웨어 > 히트텍 > 긴팔","이너웨어 > 히트텍 > 긴팔","3","KIDS","true","unknown","https://www.uniqlo.com/kr/ko/men_navigation","official_navigation_preloaded_taxonomies","2026-08-03T02:01:21.580Z","{""group"":""subcategories"",""key"":""long-sleeve"",""parent_count"":3}","2dad9b2eaa9e0b3966064c40708d8fff9be454662a8eba631cdaf427266f1f53"
"uniqlo","100100","58092","레깅스","이너웨어 > 히트텍 > 레깅스","이너웨어 > 히트텍 > 레깅스","3","KIDS","true","unknown","https://www.uniqlo.com/kr/ko/men_navigation","official_navigation_preloaded_taxonomies","2026-08-03T02:01:21.580Z","{""group"":""subcategories"",""key"":""leggings"",""parent_count"":3}","2dad9b2eaa9e0b3966064c40708d8fff9be454662a8eba631cdaf427266f1f53"
"uniqlo","58644","58092","양말","이너웨어 > 히트텍 > 양말","이너웨어 > 히트텍 > 양말","3","KIDS","true","unknown","https://www.uniqlo.com/kr/ko/men_navigation","official_navigation_preloaded_taxonomies","2026-08-03T02:01:21.580Z","{""group"":""subcategories"",""key"":""others"",""parent_count"":3}","2dad9b2eaa9e0b3966064c40708d8fff9be454662a8eba631cdaf427266f1f53"
"uniqlo","102597","58092","액세서리","이너웨어 > 히트텍 > 액세서리","이너웨어 > 히트텍 > 액세서리","3","KIDS","true","unknown","https://www.uniqlo.com/kr/ko/men_navigation","official_navigation_preloaded_taxonomies","2026-08-03T02:01:21.580Z","{""group"":""subcategories"",""key"":""accessories"",""parent_count"":3}","2dad9b2eaa9e0b3966064c40708d8fff9be454662a8eba631cdaf427266f1f53"
"uniqlo","58642","58092","9부","이너웨어 > 히트텍 > 9부","이너웨어 > 히트텍 > 9부","3","KIDS","true","unknown","https://www.uniqlo.com/kr/ko/men_navigation","official_navigation_preloaded_taxonomies","2026-08-03T02:01:21.580Z","{""group"":""subcategories"",""key"":""bracelet-sleeve"",""parent_count"":3}","2dad9b2eaa9e0b3966064c40708d8fff9be454662a8eba631cdaf427266f1f53"
"uniqlo","58643","58092","반팔","이너웨어 > 히트텍 > 반팔","이너웨어 > 히트텍 > 반팔","3","KIDS","true","unknown","https://www.uniqlo.com/kr/ko/men_navigation","official_navigation_preloaded_taxonomies","2026-08-03T02:01:21.580Z","{""group"":""subcategories"",""key"":""short-sleeve"",""parent_count"":3}","2dad9b2eaa9e0b3966064c40708d8fff9be454662a8eba631cdaf427266f1f53"
"uniqlo","64856","58092","반팔","이너웨어 > 히트텍 > 반팔","이너웨어 > 히트텍 > 반팔","3","KIDS","true","unknown","https://www.uniqlo.com/kr/ko/men_navigation","official_navigation_preloaded_taxonomies","2026-08-03T02:01:21.580Z","{""group"":""subcategories"",""key"":""marimekko"",""parent_count"":3}","2dad9b2eaa9e0b3966064c40708d8fff9be454662a8eba631cdaf427266f1f53"
"uniqlo","58648","58094","HEATTECH","이너웨어 > 레깅스 & 타이즈 > HEATTECH","이너웨어 > 레깅스 & 타이즈 > HEATTECH","3","KIDS","true","unknown","https://www.uniqlo.com/kr/ko/men_navigation","official_navigation_preloaded_taxonomies","2026-08-03T02:01:21.580Z","{""group"":""subcategories"",""key"":""heattech"",""parent_count"":3}","2dad9b2eaa9e0b3966064c40708d8fff9be454662a8eba631cdaf427266f1f53"
"uniqlo","58649","58094","그 외","이너웨어 > 레깅스 & 타이즈 > 그 외","이너웨어 > 레깅스 & 타이즈 > 그 외","3","KIDS","true","unknown","https://www.uniqlo.com/kr/ko/men_navigation","official_navigation_preloaded_taxonomies","2026-08-03T02:01:21.580Z","{""group"":""subcategories"",""key"":""others"",""parent_count"":3}","2dad9b2eaa9e0b3966064c40708d8fff9be454662a8eba631cdaf427266f1f53"
"uniqlo","63038","59411","모자","액세서리 > 액세서리 > 모자","액세서리 > 액세서리 > 모자","3","KIDS","true","unknown","https://www.uniqlo.com/kr/ko/men_navigation","official_navigation_preloaded_taxonomies","2026-08-03T02:01:21.580Z","{""group"":""subcategories"",""key"":""hats"",""parent_count"":3}","2dad9b2eaa9e0b3966064c40708d8fff9be454662a8eba631cdaf427266f1f53"
"uniqlo","63039","59411","장갑","액세서리 > 액세서리 > 장갑","액세서리 > 액세서리 > 장갑","3","KIDS","true","unknown","https://www.uniqlo.com/kr/ko/men_navigation","official_navigation_preloaded_taxonomies","2026-08-03T02:01:21.580Z","{""group"":""subcategories"",""key"":""gloves"",""parent_count"":3}","2dad9b2eaa9e0b3966064c40708d8fff9be454662a8eba631cdaf427266f1f53"
"uniqlo","82485","82094","메쉬","에어리즘 > 이너웨어 상의 > 메쉬","에어리즘 > 이너웨어 상의 > 메쉬","3","KIDS","true","unknown","https://www.uniqlo.com/kr/ko/men_navigation","official_navigation_preloaded_taxonomies","2026-08-03T02:01:21.580Z","{""group"":""subcategories"",""key"":""airism-mesh"",""parent_count"":3}","2dad9b2eaa9e0b3966064c40708d8fff9be454662a8eba631cdaf427266f1f53"
"uniqlo","82977","82094","코튼 블렌드","에어리즘 > 이너웨어 상의 > 코튼 블렌드","에어리즘 > 이너웨어 상의 > 코튼 블렌드","3","KIDS","true","unknown","https://www.uniqlo.com/kr/ko/men_navigation","official_navigation_preloaded_taxonomies","2026-08-03T02:01:21.580Z","{""group"":""subcategories"",""key"":""airism-cotton"",""parent_count"":3}","2dad9b2eaa9e0b3966064c40708d8fff9be454662a8eba631cdaf427266f1f53"
"uniqlo","82125","82094","탱크탑","에어리즘 > 이너웨어 상의 > 탱크탑","에어리즘 > 이너웨어 상의 > 탱크탑","3","KIDS","true","unknown","https://www.uniqlo.com/kr/ko/men_navigation","official_navigation_preloaded_taxonomies","2026-08-03T02:01:21.580Z","{""group"":""subcategories"",""key"":""tank-top"",""parent_count"":3}","2dad9b2eaa9e0b3966064c40708d8fff9be454662a8eba631cdaf427266f1f53"
"uniqlo","82126","82094","캐미솔","에어리즘 > 이너웨어 상의 > 캐미솔","에어리즘 > 이너웨어 상의 > 캐미솔","3","KIDS","true","unknown","https://www.uniqlo.com/kr/ko/men_navigation","official_navigation_preloaded_taxonomies","2026-08-03T02:01:21.580Z","{""group"":""subcategories"",""key"":""camisole"",""parent_count"":3}","2dad9b2eaa9e0b3966064c40708d8fff9be454662a8eba631cdaf427266f1f53"
"uniqlo","82978","82095","주니어브라","에어리즘 > 주니어브라 & 브라탑 > 주니어브라","에어리즘 > 주니어브라 & 브라탑 > 주니어브라","3","KIDS","true","unknown","https://www.uniqlo.com/kr/ko/men_navigation","official_navigation_preloaded_taxonomies","2026-08-03T02:01:21.580Z","{""group"":""subcategories"",""key"":""first-bra"",""parent_count"":3}","2dad9b2eaa9e0b3966064c40708d8fff9be454662a8eba631cdaf427266f1f53"
"uniqlo","82486","82095","브라탑","에어리즘 > 주니어브라 & 브라탑 > 브라탑","에어리즘 > 주니어브라 & 브라탑 > 브라탑","3","KIDS","true","unknown","https://www.uniqlo.com/kr/ko/men_navigation","official_navigation_preloaded_taxonomies","2026-08-03T02:01:21.580Z","{""group"":""subcategories"",""key"":""others"",""parent_count"":3}","2dad9b2eaa9e0b3966064c40708d8fff9be454662a8eba631cdaf427266f1f53"
"uniqlo","82488","82096","티셔츠","에어리즘 > 티셔츠 > 티셔츠","에어리즘 > 티셔츠 > 티셔츠","3","KIDS","true","unknown","https://www.uniqlo.com/kr/ko/men_navigation","official_navigation_preloaded_taxonomies","2026-08-03T02:01:21.580Z","{""group"":""subcategories"",""key"":""t-shirts"",""parent_count"":3}","2dad9b2eaa9e0b3966064c40708d8fff9be454662a8eba631cdaf427266f1f53"
"uniqlo","82127","82096","파카","에어리즘 > 티셔츠 > 파카","에어리즘 > 티셔츠 > 파카","3","KIDS","true","unknown","https://www.uniqlo.com/kr/ko/men_navigation","official_navigation_preloaded_taxonomies","2026-08-03T02:01:21.580Z","{""group"":""subcategories"",""key"":""parka"",""parent_count"":3}","2dad9b2eaa9e0b3966064c40708d8fff9be454662a8eba631cdaf427266f1f53"
"uniqlo","105986","82097","팬츠","에어리즘 > 팬츠 > 팬츠","에어리즘 > 팬츠 > 팬츠","3","KIDS","true","unknown","https://www.uniqlo.com/kr/ko/men_navigation","official_navigation_preloaded_taxonomies","2026-08-03T02:01:21.580Z","{""group"":""subcategories"",""key"":""bottoms"",""parent_count"":3}","2dad9b2eaa9e0b3966064c40708d8fff9be454662a8eba631cdaf427266f1f53"
"uniqlo","86273","86272","Others 그 외","에어리즘 > 언더웨어 > Others 그 외","에어리즘 > 언더웨어 > Others 그 외","3","KIDS","true","unknown","https://www.uniqlo.com/kr/ko/men_navigation","official_navigation_preloaded_taxonomies","2026-08-03T02:01:21.580Z","{""group"":""subcategories"",""key"":""others"",""parent_count"":3}","2dad9b2eaa9e0b3966064c40708d8fff9be454662a8eba631cdaf427266f1f53"
"uniqlo","58624","58088","반팔","스포츠 유틸리티 웨어 > 상의 > 반팔","스포츠 유틸리티 웨어 > 상의 > 반팔","3","KIDS","true","unknown","https://www.uniqlo.com/kr/ko/men_navigation","official_navigation_preloaded_taxonomies","2026-08-03T02:01:21.580Z","{""group"":""subcategories"",""key"":""short-sleeve"",""parent_count"":3}","2dad9b2eaa9e0b3966064c40708d8fff9be454662a8eba631cdaf427266f1f53"
"uniqlo","58623","58088","긴팔","스포츠 유틸리티 웨어 > 상의 > 긴팔","스포츠 유틸리티 웨어 > 상의 > 긴팔","3","KIDS","true","unknown","https://www.uniqlo.com/kr/ko/men_navigation","official_navigation_preloaded_taxonomies","2026-08-03T02:01:21.580Z","{""group"":""subcategories"",""key"":""longe-sleeve"",""parent_count"":3}","2dad9b2eaa9e0b3966064c40708d8fff9be454662a8eba631cdaf427266f1f53"
"uniqlo","60533","58088","그 외","스포츠 유틸리티 웨어 > 상의 > 그 외","스포츠 유틸리티 웨어 > 상의 > 그 외","3","KIDS","true","unknown","https://www.uniqlo.com/kr/ko/men_navigation","official_navigation_preloaded_taxonomies","2026-08-03T02:01:21.580Z","{""group"":""subcategories"",""key"":""others"",""parent_count"":3}","2dad9b2eaa9e0b3966064c40708d8fff9be454662a8eba631cdaf427266f1f53"
"uniqlo","58626","58089","바지","스포츠 유틸리티 웨어 > 하의 > 바지","스포츠 유틸리티 웨어 > 하의 > 바지","3","KIDS","true","unknown","https://www.uniqlo.com/kr/ko/men_navigation","official_navigation_preloaded_taxonomies","2026-08-03T02:01:21.580Z","{""group"":""subcategories"",""key"":""long-pants"",""parent_count"":3}","2dad9b2eaa9e0b3966064c40708d8fff9be454662a8eba631cdaf427266f1f53"
"uniqlo","58627","58089","반바지","스포츠 유틸리티 웨어 > 하의 > 반바지","스포츠 유틸리티 웨어 > 하의 > 반바지","3","KIDS","true","unknown","https://www.uniqlo.com/kr/ko/men_navigation","official_navigation_preloaded_taxonomies","2026-08-03T02:01:21.580Z","{""group"":""subcategories"",""key"":""shorts"",""parent_count"":3}","2dad9b2eaa9e0b3966064c40708d8fff9be454662a8eba631cdaf427266f1f53"
"uniqlo","58628","58089","그 외","스포츠 유틸리티 웨어 > 하의 > 그 외","스포츠 유틸리티 웨어 > 하의 > 그 외","3","KIDS","true","unknown","https://www.uniqlo.com/kr/ko/men_navigation","official_navigation_preloaded_taxonomies","2026-08-03T02:01:21.580Z","{""group"":""subcategories"",""key"":""others"",""parent_count"":3}","2dad9b2eaa9e0b3966064c40708d8fff9be454662a8eba631cdaf427266f1f53"
"uniqlo","58620","58087","파카","스포츠 유틸리티 웨어 > 아우터 > 파카","스포츠 유틸리티 웨어 > 아우터 > 파카","3","KIDS","true","unknown","https://www.uniqlo.com/kr/ko/men_navigation","official_navigation_preloaded_taxonomies","2026-08-03T02:01:21.580Z","{""group"":""subcategories"",""key"":""parka"",""parent_count"":3}","2dad9b2eaa9e0b3966064c40708d8fff9be454662a8eba631cdaf427266f1f53"
"uniqlo","58621","58087","스웨트","스포츠 유틸리티 웨어 > 아우터 > 스웨트","스포츠 유틸리티 웨어 > 아우터 > 스웨트","3","KIDS","true","unknown","https://www.uniqlo.com/kr/ko/men_navigation","official_navigation_preloaded_taxonomies","2026-08-03T02:01:21.580Z","{""group"":""subcategories"",""key"":""sweat"",""parent_count"":3}","2dad9b2eaa9e0b3966064c40708d8fff9be454662a8eba631cdaf427266f1f53"
"uniqlo","58630","58090","AIRism","스포츠 유틸리티 웨어 > 이너웨어 > AIRism","스포츠 유틸리티 웨어 > 이너웨어 > AIRism","3","KIDS","true","unknown","https://www.uniqlo.com/kr/ko/men_navigation","official_navigation_preloaded_taxonomies","2026-08-03T02:01:21.580Z","{""group"":""subcategories"",""key"":""airism"",""parent_count"":3}","2dad9b2eaa9e0b3966064c40708d8fff9be454662a8eba631cdaf427266f1f53"
"uniqlo","58631","58090","양말","스포츠 유틸리티 웨어 > 이너웨어 > 양말","스포츠 유틸리티 웨어 > 이너웨어 > 양말","3","KIDS","true","unknown","https://www.uniqlo.com/kr/ko/men_navigation","official_navigation_preloaded_taxonomies","2026-08-03T02:01:21.580Z","{""group"":""subcategories"",""key"":""socks"",""parent_count"":3}","2dad9b2eaa9e0b3966064c40708d8fff9be454662a8eba631cdaf427266f1f53"
"uniqlo","60534","58090","그 외","스포츠 유틸리티 웨어 > 이너웨어 > 그 외","스포츠 유틸리티 웨어 > 이너웨어 > 그 외","3","KIDS","true","unknown","https://www.uniqlo.com/kr/ko/men_navigation","official_navigation_preloaded_taxonomies","2026-08-03T02:01:21.580Z","{""group"":""subcategories"",""key"":""others"",""parent_count"":3}","2dad9b2eaa9e0b3966064c40708d8fff9be454662a8eba631cdaf427266f1f53"
"uniqlo","59611","59610","Others 그 외","스포츠 유틸리티 웨어 > 액세서리 > Others 그 외","스포츠 유틸리티 웨어 > 액세서리 > Others 그 외","3","KIDS","true","unknown","https://www.uniqlo.com/kr/ko/men_navigation","official_navigation_preloaded_taxonomies","2026-08-03T02:01:21.580Z","{""group"":""subcategories"",""key"":""others"",""parent_count"":3}","2dad9b2eaa9e0b3966064c40708d8fff9be454662a8eba631cdaf427266f1f53"
"uniqlo","114809","114798","포켓터블","UV Protection > 파카 > 포켓터블","UV Protection > 파카 > 포켓터블","3","KIDS","true","unknown","https://www.uniqlo.com/kr/ko/men_navigation","official_navigation_preloaded_taxonomies","2026-08-03T02:01:21.580Z","{""group"":""subcategories"",""key"":""pocketable-parkas"",""parent_count"":3}","2dad9b2eaa9e0b3966064c40708d8fff9be454662a8eba631cdaf427266f1f53"
"uniqlo","139703","139702","모자","UV Protection > 액세서리 > 모자","UV Protection > 액세서리 > 모자","3","KIDS","true","unknown","https://www.uniqlo.com/kr/ko/men_navigation","official_navigation_preloaded_taxonomies","2026-08-03T02:01:21.580Z","{""group"":""subcategories"",""key"":""caps"",""parent_count"":3}","2dad9b2eaa9e0b3966064c40708d8fff9be454662a8eba631cdaf427266f1f53"
"uniqlo","143073","143066","T-Shirts","Special Collaborations > UNIQLO and Cecilie Bahnsen > T-Shirts","Special Collaborations > UNIQLO and Cecilie Bahnsen > T-Shirts","3","KIDS","true","unknown","https://www.uniqlo.com/kr/ko/men_navigation","official_navigation_preloaded_taxonomies","2026-08-03T02:01:21.580Z","{""group"":""subcategories"",""key"":""t-shirts"",""parent_count"":3}","2dad9b2eaa9e0b3966064c40708d8fff9be454662a8eba631cdaf427266f1f53"
"uniqlo","143074","143066","Dresses","Special Collaborations > UNIQLO and Cecilie Bahnsen > Dresses","Special Collaborations > UNIQLO and Cecilie Bahnsen > Dresses","3","KIDS","true","unknown","https://www.uniqlo.com/kr/ko/men_navigation","official_navigation_preloaded_taxonomies","2026-08-03T02:01:21.580Z","{""group"":""subcategories"",""key"":""dresses"",""parent_count"":3}","2dad9b2eaa9e0b3966064c40708d8fff9be454662a8eba631cdaf427266f1f53"
"uniqlo","143075","143066","Skorts","Special Collaborations > UNIQLO and Cecilie Bahnsen > Skorts","Special Collaborations > UNIQLO and Cecilie Bahnsen > Skorts","3","KIDS","true","unknown","https://www.uniqlo.com/kr/ko/men_navigation","official_navigation_preloaded_taxonomies","2026-08-03T02:01:21.580Z","{""group"":""subcategories"",""key"":""skorts"",""parent_count"":3}","2dad9b2eaa9e0b3966064c40708d8fff9be454662a8eba631cdaf427266f1f53"
"uniqlo","143076","143066","Sleeveless","Special Collaborations > UNIQLO and Cecilie Bahnsen > Sleeveless","Special Collaborations > UNIQLO and Cecilie Bahnsen > Sleeveless","3","KIDS","true","unknown","https://www.uniqlo.com/kr/ko/men_navigation","official_navigation_preloaded_taxonomies","2026-08-03T02:01:21.580Z","{""group"":""subcategories"",""key"":""sleeveless"",""parent_count"":3}","2dad9b2eaa9e0b3966064c40708d8fff9be454662a8eba631cdaf427266f1f53"
"uniqlo","143077","143066","Others","Special Collaborations > UNIQLO and Cecilie Bahnsen > Others","Special Collaborations > UNIQLO and Cecilie Bahnsen > Others","3","KIDS","true","unknown","https://www.uniqlo.com/kr/ko/men_navigation","official_navigation_preloaded_taxonomies","2026-08-03T02:01:21.580Z","{""group"":""subcategories"",""key"":""others"",""parent_count"":3}","2dad9b2eaa9e0b3966064c40708d8fff9be454662a8eba631cdaf427266f1f53"
"uniqlo","58673","58102","코튼메쉬","신생아(0개월~2세) > 바디수트 > 코튼메쉬","신생아(0개월~2세) > 바디수트 > 코튼메쉬","3","BABY","true","unknown","https://www.uniqlo.com/kr/ko/men_navigation","official_navigation_preloaded_taxonomies","2026-08-03T02:01:21.580Z","{""group"":""subcategories"",""key"":""cotton-mesh"",""parent_count"":3}","2dad9b2eaa9e0b3966064c40708d8fff9be454662a8eba631cdaf427266f1f53"
"uniqlo","58675","58102","반팔","신생아(0개월~2세) > 바디수트 > 반팔","신생아(0개월~2세) > 바디수트 > 반팔","3","BABY","true","unknown","https://www.uniqlo.com/kr/ko/men_navigation","official_navigation_preloaded_taxonomies","2026-08-03T02:01:21.580Z","{""group"":""subcategories"",""key"":""short-sleeve"",""parent_count"":3}","2dad9b2eaa9e0b3966064c40708d8fff9be454662a8eba631cdaf427266f1f53"
"uniqlo","58676","58102","슬리브리스","신생아(0개월~2세) > 바디수트 > 슬리브리스","신생아(0개월~2세) > 바디수트 > 슬리브리스","3","BABY","true","unknown","https://www.uniqlo.com/kr/ko/men_navigation","official_navigation_preloaded_taxonomies","2026-08-03T02:01:21.580Z","{""group"":""subcategories"",""key"":""sleeveless"",""parent_count"":3}","2dad9b2eaa9e0b3966064c40708d8fff9be454662a8eba631cdaf427266f1f53"
"uniqlo","58674","58102","긴팔","신생아(0개월~2세) > 바디수트 > 긴팔","신생아(0개월~2세) > 바디수트 > 긴팔","3","BABY","true","unknown","https://www.uniqlo.com/kr/ko/men_navigation","official_navigation_preloaded_taxonomies","2026-08-03T02:01:21.580Z","{""group"":""subcategories"",""key"":""long-sleeve"",""parent_count"":3}","2dad9b2eaa9e0b3966064c40708d8fff9be454662a8eba631cdaf427266f1f53"
"uniqlo","58672","58102","코튼","신생아(0개월~2세) > 바디수트 > 코튼","신생아(0개월~2세) > 바디수트 > 코튼","3","BABY","true","unknown","https://www.uniqlo.com/kr/ko/men_navigation","official_navigation_preloaded_taxonomies","2026-08-03T02:01:21.580Z","{""group"":""subcategories"",""key"":""cotton"",""parent_count"":3}","2dad9b2eaa9e0b3966064c40708d8fff9be454662a8eba631cdaf427266f1f53"
"uniqlo","58678","58102","전면 오픈 타입","신생아(0개월~2세) > 바디수트 > 전면 오픈 타입","신생아(0개월~2세) > 바디수트 > 전면 오픈 타입","3","BABY","true","unknown","https://www.uniqlo.com/kr/ko/men_navigation","official_navigation_preloaded_taxonomies","2026-08-03T02:01:21.580Z","{""group"":""subcategories"",""key"":""fullopened"",""parent_count"":3}","2dad9b2eaa9e0b3966064c40708d8fff9be454662a8eba631cdaf427266f1f53"
"uniqlo","58677","58102","티셔츠 타입","신생아(0개월~2세) > 바디수트 > 티셔츠 타입","신생아(0개월~2세) > 바디수트 > 티셔츠 타입","3","BABY","true","unknown","https://www.uniqlo.com/kr/ko/men_navigation","official_navigation_preloaded_taxonomies","2026-08-03T02:01:21.580Z","{""group"":""subcategories"",""key"":""pullon"",""parent_count"":3}","2dad9b2eaa9e0b3966064c40708d8fff9be454662a8eba631cdaf427266f1f53"
"uniqlo","58669","58101","반팔","신생아(0개월~2세) > 커버올 > 반팔","신생아(0개월~2세) > 커버올 > 반팔","3","BABY","true","unknown","https://www.uniqlo.com/kr/ko/men_navigation","official_navigation_preloaded_taxonomies","2026-08-03T02:01:21.580Z","{""group"":""subcategories"",""key"":""shortsleeves"",""parent_count"":3}","2dad9b2eaa9e0b3966064c40708d8fff9be454662a8eba631cdaf427266f1f53"
"uniqlo","58670","58101","슬리브리스","신생아(0개월~2세) > 커버올 > 슬리브리스","신생아(0개월~2세) > 커버올 > 슬리브리스","3","BABY","true","unknown","https://www.uniqlo.com/kr/ko/men_navigation","official_navigation_preloaded_taxonomies","2026-08-03T02:01:21.580Z","{""group"":""subcategories"",""key"":""sleeveless"",""parent_count"":3}","2dad9b2eaa9e0b3966064c40708d8fff9be454662a8eba631cdaf427266f1f53"
"uniqlo","58668","58101","긴팔","신생아(0개월~2세) > 커버올 > 긴팔","신생아(0개월~2세) > 커버올 > 긴팔","3","BABY","true","unknown","https://www.uniqlo.com/kr/ko/men_navigation","official_navigation_preloaded_taxonomies","2026-08-03T02:01:21.580Z","{""group"":""subcategories"",""key"":""longsleeves"",""parent_count"":3}","2dad9b2eaa9e0b3966064c40708d8fff9be454662a8eba631cdaf427266f1f53"
"uniqlo","58671","58101","그 외","신생아(0개월~2세) > 커버올 > 그 외","신생아(0개월~2세) > 커버올 > 그 외","3","BABY","true","unknown","https://www.uniqlo.com/kr/ko/men_navigation","official_navigation_preloaded_taxonomies","2026-08-03T02:01:21.580Z","{""group"":""subcategories"",""key"":""others"",""parent_count"":3}","2dad9b2eaa9e0b3966064c40708d8fff9be454662a8eba631cdaf427266f1f53"
"uniqlo","126278","58104","티셔츠(반팔)","신생아(0개월~2세) > 티셔츠 & 스웨트셔츠 > 티셔츠(반팔)","신생아(0개월~2세) > 티셔츠 & 스웨트셔츠 > 티셔츠(반팔)","3","BABY","true","unknown","https://www.uniqlo.com/kr/ko/men_navigation","official_navigation_preloaded_taxonomies","2026-08-03T02:01:21.580Z","{""group"":""subcategories"",""key"":""short-sleeve"",""parent_count"":3}","2dad9b2eaa9e0b3966064c40708d8fff9be454662a8eba631cdaf427266f1f53"
"uniqlo","58685","58104","티셔츠(긴팔)","신생아(0개월~2세) > 티셔츠 & 스웨트셔츠 > 티셔츠(긴팔)","신생아(0개월~2세) > 티셔츠 & 스웨트셔츠 > 티셔츠(긴팔)","3","BABY","true","unknown","https://www.uniqlo.com/kr/ko/men_navigation","official_navigation_preloaded_taxonomies","2026-08-03T02:01:21.580Z","{""group"":""subcategories"",""key"":""long-sleeve"",""parent_count"":3}","2dad9b2eaa9e0b3966064c40708d8fff9be454662a8eba631cdaf427266f1f53"
"uniqlo","58686","58104","스웨트","신생아(0개월~2세) > 티셔츠 & 스웨트셔츠 > 스웨트","신생아(0개월~2세) > 티셔츠 & 스웨트셔츠 > 스웨트","3","BABY","true","unknown","https://www.uniqlo.com/kr/ko/men_navigation","official_navigation_preloaded_taxonomies","2026-08-03T02:01:21.580Z","{""group"":""subcategories"",""key"":""sweat"",""parent_count"":3}","2dad9b2eaa9e0b3966064c40708d8fff9be454662a8eba631cdaf427266f1f53"
"uniqlo","58688","58104","니트","신생아(0개월~2세) > 티셔츠 & 스웨트셔츠 > 니트","신생아(0개월~2세) > 티셔츠 & 스웨트셔츠 > 니트","3","BABY","true","unknown","https://www.uniqlo.com/kr/ko/men_navigation","official_navigation_preloaded_taxonomies","2026-08-03T02:01:21.580Z","{""group"":""subcategories"",""key"":""sweater"",""parent_count"":3}","2dad9b2eaa9e0b3966064c40708d8fff9be454662a8eba631cdaf427266f1f53"
"uniqlo","58690","58105","크롭레깅스","신생아(0개월~2세) > 레깅스 & 팬츠 > 크롭레깅스","신생아(0개월~2세) > 레깅스 & 팬츠 > 크롭레깅스","3","BABY","true","unknown","https://www.uniqlo.com/kr/ko/men_navigation","official_navigation_preloaded_taxonomies","2026-08-03T02:01:21.580Z","{""group"":""subcategories"",""key"":""cropped-leggings"",""parent_count"":3}","2dad9b2eaa9e0b3966064c40708d8fff9be454662a8eba631cdaf427266f1f53"
"uniqlo","58691","58105","쇼트팬츠","신생아(0개월~2세) > 레깅스 & 팬츠 > 쇼트팬츠","신생아(0개월~2세) > 레깅스 & 팬츠 > 쇼트팬츠","3","BABY","true","unknown","https://www.uniqlo.com/kr/ko/men_navigation","official_navigation_preloaded_taxonomies","2026-08-03T02:01:21.580Z","{""group"":""subcategories"",""key"":""shorts"",""parent_count"":3}","2dad9b2eaa9e0b3966064c40708d8fff9be454662a8eba631cdaf427266f1f53"
"uniqlo","58689","58105","레깅스","신생아(0개월~2세) > 레깅스 & 팬츠 > 레깅스","신생아(0개월~2세) > 레깅스 & 팬츠 > 레깅스","3","BABY","true","unknown","https://www.uniqlo.com/kr/ko/men_navigation","official_navigation_preloaded_taxonomies","2026-08-03T02:01:21.580Z","{""group"":""subcategories"",""key"":""leggings"",""parent_count"":3}","2dad9b2eaa9e0b3966064c40708d8fff9be454662a8eba631cdaf427266f1f53"
"uniqlo","58694","58105","롱팬츠","신생아(0개월~2세) > 레깅스 & 팬츠 > 롱팬츠","신생아(0개월~2세) > 레깅스 & 팬츠 > 롱팬츠","3","BABY","true","unknown","https://www.uniqlo.com/kr/ko/men_navigation","official_navigation_preloaded_taxonomies","2026-08-03T02:01:21.580Z","{""group"":""subcategories"",""key"":""long-pants"",""parent_count"":3}","2dad9b2eaa9e0b3966064c40708d8fff9be454662a8eba631cdaf427266f1f53"
"uniqlo","128396","58105","후리스레깅스","신생아(0개월~2세) > 레깅스 & 팬츠 > 후리스레깅스","신생아(0개월~2세) > 레깅스 & 팬츠 > 후리스레깅스","3","BABY","true","unknown","https://www.uniqlo.com/kr/ko/men_navigation","official_navigation_preloaded_taxonomies","2026-08-03T02:01:21.580Z","{""group"":""subcategories"",""key"":""fleece"",""parent_count"":3}","2dad9b2eaa9e0b3966064c40708d8fff9be454662a8eba631cdaf427266f1f53"
"uniqlo","112815","112672","코튼메쉬","신생아(0개월~2세) > 이너웨어 > 코튼메쉬","신생아(0개월~2세) > 이너웨어 > 코튼메쉬","3","BABY","true","unknown","https://www.uniqlo.com/kr/ko/men_navigation","official_navigation_preloaded_taxonomies","2026-08-03T02:01:21.580Z","{""group"":""subcategories"",""key"":""cotton-mesh"",""parent_count"":3}","2dad9b2eaa9e0b3966064c40708d8fff9be454662a8eba631cdaf427266f1f53"
"uniqlo","144586","58106","PEANUTS","신생아(0개월~2세) > 그래픽티셔츠 > PEANUTS","신생아(0개월~2세) > 그래픽티셔츠 > PEANUTS","3","BABY","true","unknown","https://www.uniqlo.com/kr/ko/men_navigation","official_navigation_preloaded_taxonomies","2026-08-03T02:01:21.580Z","{""group"":""subcategories"",""key"":""peanuts-26ss"",""parent_count"":3}","2dad9b2eaa9e0b3966064c40708d8fff9be454662a8eba631cdaf427266f1f53"
"uniqlo","143660","58106","Mickey＆Friends","신생아(0개월~2세) > 그래픽티셔츠 > Mickey＆Friends","신생아(0개월~2세) > 그래픽티셔츠 > Mickey＆Friends","3","BABY","true","unknown","https://www.uniqlo.com/kr/ko/men_navigation","official_navigation_preloaded_taxonomies","2026-08-03T02:01:21.580Z","{""group"":""subcategories"",""key"":""mickeyandfriends-26ss"",""parent_count"":3}","2dad9b2eaa9e0b3966064c40708d8fff9be454662a8eba631cdaf427266f1f53"
"uniqlo","128054","58106","The Picture Book Collection","신생아(0개월~2세) > 그래픽티셔츠 > The Picture Book Collection","신생아(0개월~2세) > 그래픽티셔츠 > The Picture Book Collection","3","BABY","true","unknown","https://www.uniqlo.com/kr/ko/men_navigation","official_navigation_preloaded_taxonomies","2026-08-03T02:01:21.580Z","{""group"":""subcategories"",""key"":""the-picture-book-collection"",""parent_count"":3}","2dad9b2eaa9e0b3966064c40708d8fff9be454662a8eba631cdaf427266f1f53"
"uniqlo","134782","58106","Sanrio characters","신생아(0개월~2세) > 그래픽티셔츠 > Sanrio characters","신생아(0개월~2세) > 그래픽티셔츠 > Sanrio characters","3","BABY","true","unknown","https://www.uniqlo.com/kr/ko/men_navigation","official_navigation_preloaded_taxonomies","2026-08-03T02:01:21.580Z","{""group"":""subcategories"",""key"":""sanrio-characters"",""parent_count"":3}","2dad9b2eaa9e0b3966064c40708d8fff9be454662a8eba631cdaf427266f1f53"
"uniqlo","112078","58106","Jason Polan","신생아(0개월~2세) > 그래픽티셔츠 > Jason Polan","신생아(0개월~2세) > 그래픽티셔츠 > Jason Polan","3","BABY","true","unknown","https://www.uniqlo.com/kr/ko/men_navigation","official_navigation_preloaded_taxonomies","2026-08-03T02:01:21.580Z","{""group"":""subcategories"",""key"":""jason-polan"",""parent_count"":3}","2dad9b2eaa9e0b3966064c40708d8fff9be454662a8eba631cdaf427266f1f53"
"uniqlo","65714","58106","STUDIO GHIBLI","신생아(0개월~2세) > 그래픽티셔츠 > STUDIO GHIBLI","신생아(0개월~2세) > 그래픽티셔츠 > STUDIO GHIBLI","3","BABY","true","unknown","https://www.uniqlo.com/kr/ko/men_navigation","official_navigation_preloaded_taxonomies","2026-08-03T02:01:21.580Z","{""group"":""subcategories"",""key"":""studio-ghibli"",""parent_count"":3}","2dad9b2eaa9e0b3966064c40708d8fff9be454662a8eba631cdaf427266f1f53"
"uniqlo","138052","58106","other","신생아(0개월~2세) > 그래픽티셔츠 > other","신생아(0개월~2세) > 그래픽티셔츠 > other","3","BABY","true","unknown","https://www.uniqlo.com/kr/ko/men_navigation","official_navigation_preloaded_taxonomies","2026-08-03T02:01:21.580Z","{""group"":""subcategories"",""key"":""other"",""parent_count"":3}","2dad9b2eaa9e0b3966064c40708d8fff9be454662a8eba631cdaf427266f1f53"
"uniqlo","58681","58103","UV Protection","신생아(0개월~2세) > 아우터 > UV Protection","신생아(0개월~2세) > 아우터 > UV Protection","3","BABY","true","unknown","https://www.uniqlo.com/kr/ko/men_navigation","official_navigation_preloaded_taxonomies","2026-08-03T02:01:21.580Z","{""group"":""subcategories"",""key"":""uv-protection"",""parent_count"":3}","2dad9b2eaa9e0b3966064c40708d8fff9be454662a8eba631cdaf427266f1f53"
"uniqlo","58682","58103","스웨트","신생아(0개월~2세) > 아우터 > 스웨트","신생아(0개월~2세) > 아우터 > 스웨트","3","BABY","true","unknown","https://www.uniqlo.com/kr/ko/men_navigation","official_navigation_preloaded_taxonomies","2026-08-03T02:01:21.580Z","{""group"":""subcategories"",""key"":""sweat"",""parent_count"":3}","2dad9b2eaa9e0b3966064c40708d8fff9be454662a8eba631cdaf427266f1f53"
"uniqlo","123764","58103","베스트","신생아(0개월~2세) > 아우터 > 베스트","신생아(0개월~2세) > 아우터 > 베스트","3","BABY","true","unknown","https://www.uniqlo.com/kr/ko/men_navigation","official_navigation_preloaded_taxonomies","2026-08-03T02:01:21.580Z","{""group"":""subcategories"",""key"":""cardigan"",""parent_count"":3}","2dad9b2eaa9e0b3966064c40708d8fff9be454662a8eba631cdaf427266f1f53"
"uniqlo","98389","58103","후리스","신생아(0개월~2세) > 아우터 > 후리스","신생아(0개월~2세) > 아우터 > 후리스","3","BABY","true","unknown","https://www.uniqlo.com/kr/ko/men_navigation","official_navigation_preloaded_taxonomies","2026-08-03T02:01:21.580Z","{""group"":""subcategories"",""key"":""fleece"",""parent_count"":3}","2dad9b2eaa9e0b3966064c40708d8fff9be454662a8eba631cdaf427266f1f53"
"uniqlo","58680","58103","패딩","신생아(0개월~2세) > 아우터 > 패딩","신생아(0개월~2세) > 아우터 > 패딩","3","BABY","true","unknown","https://www.uniqlo.com/kr/ko/men_navigation","official_navigation_preloaded_taxonomies","2026-08-03T02:01:21.580Z","{""group"":""subcategories"",""key"":""padding"",""parent_count"":3}","2dad9b2eaa9e0b3966064c40708d8fff9be454662a8eba631cdaf427266f1f53"
"uniqlo","58698","58108","레귤러삭스","신생아(0개월~2세) > 양말 > 레귤러삭스","신생아(0개월~2세) > 양말 > 레귤러삭스","3","BABY","true","unknown","https://www.uniqlo.com/kr/ko/men_navigation","official_navigation_preloaded_taxonomies","2026-08-03T02:01:21.580Z","{""group"":""subcategories"",""key"":""regular-socks"",""parent_count"":3}","2dad9b2eaa9e0b3966064c40708d8fff9be454662a8eba631cdaf427266f1f53"
"uniqlo","58699","58108","쇼트삭스","신생아(0개월~2세) > 양말 > 쇼트삭스","신생아(0개월~2세) > 양말 > 쇼트삭스","3","BABY","true","unknown","https://www.uniqlo.com/kr/ko/men_navigation","official_navigation_preloaded_taxonomies","2026-08-03T02:01:21.580Z","{""group"":""subcategories"",""key"":""short-socks"",""parent_count"":3}","2dad9b2eaa9e0b3966064c40708d8fff9be454662a8eba631cdaf427266f1f53"
"uniqlo","58700","58108","그 외","신생아(0개월~2세) > 양말 > 그 외","신생아(0개월~2세) > 양말 > 그 외","3","BABY","true","unknown","https://www.uniqlo.com/kr/ko/men_navigation","official_navigation_preloaded_taxonomies","2026-08-03T02:01:21.580Z","{""group"":""subcategories"",""key"":""others"",""parent_count"":3}","2dad9b2eaa9e0b3966064c40708d8fff9be454662a8eba631cdaf427266f1f53"
"uniqlo","58722","58115","반팔","영유아(6개월~5세) > 홈웨어 & 파자마 > 반팔","영유아(6개월~5세) > 홈웨어 & 파자마 > 반팔","3","BABY","true","unknown","https://www.uniqlo.com/kr/ko/men_navigation","official_navigation_preloaded_taxonomies","2026-08-03T02:01:21.580Z","{""group"":""subcategories"",""key"":""short-sleeve"",""parent_count"":3}","2dad9b2eaa9e0b3966064c40708d8fff9be454662a8eba631cdaf427266f1f53"
"uniqlo","58721","58115","긴팔","영유아(6개월~5세) > 홈웨어 & 파자마 > 긴팔","영유아(6개월~5세) > 홈웨어 & 파자마 > 긴팔","3","BABY","true","unknown","https://www.uniqlo.com/kr/ko/men_navigation","official_navigation_preloaded_taxonomies","2026-08-03T02:01:21.580Z","{""group"":""subcategories"",""key"":""long-sleeve"",""parent_count"":3}","2dad9b2eaa9e0b3966064c40708d8fff9be454662a8eba631cdaf427266f1f53"
"uniqlo","126281","58115","퀼팅 파자마","영유아(6개월~5세) > 홈웨어 & 파자마 > 퀼팅 파자마","영유아(6개월~5세) > 홈웨어 & 파자마 > 퀼팅 파자마","3","BABY","true","unknown","https://www.uniqlo.com/kr/ko/men_navigation","official_navigation_preloaded_taxonomies","2026-08-03T02:01:21.580Z","{""group"":""subcategories"",""key"":""quilted-pajamas"",""parent_count"":3}","2dad9b2eaa9e0b3966064c40708d8fff9be454662a8eba631cdaf427266f1f53"
"uniqlo","58723","58115","그 외","영유아(6개월~5세) > 홈웨어 & 파자마 > 그 외","영유아(6개월~5세) > 홈웨어 & 파자마 > 그 외","3","BABY","true","unknown","https://www.uniqlo.com/kr/ko/men_navigation","official_navigation_preloaded_taxonomies","2026-08-03T02:01:21.580Z","{""group"":""subcategories"",""key"":""others"",""parent_count"":3}","2dad9b2eaa9e0b3966064c40708d8fff9be454662a8eba631cdaf427266f1f53"
"uniqlo","126279","58111","티셔츠(반팔)","영유아(6개월~5세) > 티셔츠 & 스웨트셔츠 > 티셔츠(반팔)","영유아(6개월~5세) > 티셔츠 & 스웨트셔츠 > 티셔츠(반팔)","3","BABY","true","unknown","https://www.uniqlo.com/kr/ko/men_navigation","official_navigation_preloaded_taxonomies","2026-08-03T02:01:21.580Z","{""group"":""subcategories"",""key"":""short-sleeve"",""parent_count"":3}","2dad9b2eaa9e0b3966064c40708d8fff9be454662a8eba631cdaf427266f1f53"
"uniqlo","87958","58111","티셔츠(긴팔)","영유아(6개월~5세) > 티셔츠 & 스웨트셔츠 > 티셔츠(긴팔)","영유아(6개월~5세) > 티셔츠 & 스웨트셔츠 > 티셔츠(긴팔)","3","BABY","true","unknown","https://www.uniqlo.com/kr/ko/men_navigation","official_navigation_preloaded_taxonomies","2026-08-03T02:01:21.580Z","{""group"":""subcategories"",""key"":""long-sleeve"",""parent_count"":3}","2dad9b2eaa9e0b3966064c40708d8fff9be454662a8eba631cdaf427266f1f53"
"uniqlo","58709","58111","스웨트","영유아(6개월~5세) > 티셔츠 & 스웨트셔츠 > 스웨트","영유아(6개월~5세) > 티셔츠 & 스웨트셔츠 > 스웨트","3","BABY","true","unknown","https://www.uniqlo.com/kr/ko/men_navigation","official_navigation_preloaded_taxonomies","2026-08-03T02:01:21.580Z","{""group"":""subcategories"",""key"":""sweat"",""parent_count"":3}","2dad9b2eaa9e0b3966064c40708d8fff9be454662a8eba631cdaf427266f1f53"
"uniqlo","58712","58111","니트","영유아(6개월~5세) > 티셔츠 & 스웨트셔츠 > 니트","영유아(6개월~5세) > 티셔츠 & 스웨트셔츠 > 니트","3","BABY","true","unknown","https://www.uniqlo.com/kr/ko/men_navigation","official_navigation_preloaded_taxonomies","2026-08-03T02:01:21.580Z","{""group"":""subcategories"",""key"":""sweater"",""parent_count"":3}","2dad9b2eaa9e0b3966064c40708d8fff9be454662a8eba631cdaf427266f1f53"
"uniqlo","58716","58113","쇼트팬츠","영유아(6개월~5세) > 레깅스 & 팬츠 > 쇼트팬츠","영유아(6개월~5세) > 레깅스 & 팬츠 > 쇼트팬츠","3","BABY","true","unknown","https://www.uniqlo.com/kr/ko/men_navigation","official_navigation_preloaded_taxonomies","2026-08-03T02:01:21.580Z","{""group"":""subcategories"",""key"":""shorts"",""parent_count"":3}","2dad9b2eaa9e0b3966064c40708d8fff9be454662a8eba631cdaf427266f1f53"
"uniqlo","58715","58113","크롭레깅스","영유아(6개월~5세) > 레깅스 & 팬츠 > 크롭레깅스","영유아(6개월~5세) > 레깅스 & 팬츠 > 크롭레깅스","3","BABY","true","unknown","https://www.uniqlo.com/kr/ko/men_navigation","official_navigation_preloaded_taxonomies","2026-08-03T02:01:21.580Z","{""group"":""subcategories"",""key"":""cropped-leggings"",""parent_count"":3}","2dad9b2eaa9e0b3966064c40708d8fff9be454662a8eba631cdaf427266f1f53"
"uniqlo","58714","58113","레깅스","영유아(6개월~5세) > 레깅스 & 팬츠 > 레깅스","영유아(6개월~5세) > 레깅스 & 팬츠 > 레깅스","3","BABY","true","unknown","https://www.uniqlo.com/kr/ko/men_navigation","official_navigation_preloaded_taxonomies","2026-08-03T02:01:21.580Z","{""group"":""subcategories"",""key"":""leggings"",""parent_count"":3}","2dad9b2eaa9e0b3966064c40708d8fff9be454662a8eba631cdaf427266f1f53"
"uniqlo","58719","58113","롱팬츠","영유아(6개월~5세) > 레깅스 & 팬츠 > 롱팬츠","영유아(6개월~5세) > 레깅스 & 팬츠 > 롱팬츠","3","BABY","true","unknown","https://www.uniqlo.com/kr/ko/men_navigation","official_navigation_preloaded_taxonomies","2026-08-03T02:01:21.580Z","{""group"":""subcategories"",""key"":""long-pants"",""parent_count"":3}","2dad9b2eaa9e0b3966064c40708d8fff9be454662a8eba631cdaf427266f1f53"
"uniqlo","126280","58113","후리스레깅스","영유아(6개월~5세) > 레깅스 & 팬츠 > 후리스레깅스","영유아(6개월~5세) > 레깅스 & 팬츠 > 후리스레깅스","3","BABY","true","unknown","https://www.uniqlo.com/kr/ko/men_navigation","official_navigation_preloaded_taxonomies","2026-08-03T02:01:21.580Z","{""group"":""subcategories"",""key"":""fleece-leggings"",""parent_count"":3}","2dad9b2eaa9e0b3966064c40708d8fff9be454662a8eba631cdaf427266f1f53"
"uniqlo","58725","58116","코튼메쉬","영유아(6개월~5세) > 이너웨어 > 코튼메쉬","영유아(6개월~5세) > 이너웨어 > 코튼메쉬","3","BABY","true","unknown","https://www.uniqlo.com/kr/ko/men_navigation","official_navigation_preloaded_taxonomies","2026-08-03T02:01:21.580Z","{""group"":""subcategories"",""key"":""cotton-mesh-inner"",""parent_count"":3}","2dad9b2eaa9e0b3966064c40708d8fff9be454662a8eba631cdaf427266f1f53"
"uniqlo","58705","58110","UV Protection","영유아(6개월~5세) > 아우터 > UV Protection","영유아(6개월~5세) > 아우터 > UV Protection","3","BABY","true","unknown","https://www.uniqlo.com/kr/ko/men_navigation","official_navigation_preloaded_taxonomies","2026-08-03T02:01:21.580Z","{""group"":""subcategories"",""key"":""uv-protection"",""parent_count"":3}","2dad9b2eaa9e0b3966064c40708d8fff9be454662a8eba631cdaf427266f1f53"
"uniqlo","58706","58110","스웨트","영유아(6개월~5세) > 아우터 > 스웨트","영유아(6개월~5세) > 아우터 > 스웨트","3","BABY","true","unknown","https://www.uniqlo.com/kr/ko/men_navigation","official_navigation_preloaded_taxonomies","2026-08-03T02:01:21.580Z","{""group"":""subcategories"",""key"":""sweat"",""parent_count"":3}","2dad9b2eaa9e0b3966064c40708d8fff9be454662a8eba631cdaf427266f1f53"
"uniqlo","124091","58110","베스트","영유아(6개월~5세) > 아우터 > 베스트","영유아(6개월~5세) > 아우터 > 베스트","3","BABY","true","unknown","https://www.uniqlo.com/kr/ko/men_navigation","official_navigation_preloaded_taxonomies","2026-08-03T02:01:21.580Z","{""group"":""subcategories"",""key"":""cardigan"",""parent_count"":3}","2dad9b2eaa9e0b3966064c40708d8fff9be454662a8eba631cdaf427266f1f53"
"uniqlo","105313","58110","후리스","영유아(6개월~5세) > 아우터 > 후리스","영유아(6개월~5세) > 아우터 > 후리스","3","BABY","true","unknown","https://www.uniqlo.com/kr/ko/men_navigation","official_navigation_preloaded_taxonomies","2026-08-03T02:01:21.580Z","{""group"":""subcategories"",""key"":""fleece"",""parent_count"":3}","2dad9b2eaa9e0b3966064c40708d8fff9be454662a8eba631cdaf427266f1f53"
"uniqlo","58704","58110","패딩","영유아(6개월~5세) > 아우터 > 패딩","영유아(6개월~5세) > 아우터 > 패딩","3","BABY","true","unknown","https://www.uniqlo.com/kr/ko/men_navigation","official_navigation_preloaded_taxonomies","2026-08-03T02:01:21.580Z","{""group"":""subcategories"",""key"":""pufftech"",""parent_count"":3}","2dad9b2eaa9e0b3966064c40708d8fff9be454662a8eba631cdaf427266f1f53"
"uniqlo","145573","58112","PAW Patrol","영유아(6개월~5세) > 그래픽티셔츠 > PAW Patrol","영유아(6개월~5세) > 그래픽티셔츠 > PAW Patrol","3","BABY","true","unknown","https://www.uniqlo.com/kr/ko/men_navigation","official_navigation_preloaded_taxonomies","2026-08-03T02:01:21.580Z","{""group"":""subcategories"",""key"":""paw-patrol-26ss"",""parent_count"":3}","2dad9b2eaa9e0b3966064c40708d8fff9be454662a8eba631cdaf427266f1f53"
"uniqlo","144816","58112","Disney Winnie the Pooh","영유아(6개월~5세) > 그래픽티셔츠 > Disney Winnie the Pooh","영유아(6개월~5세) > 그래픽티셔츠 > Disney Winnie the Pooh","3","BABY","true","unknown","https://www.uniqlo.com/kr/ko/men_navigation","official_navigation_preloaded_taxonomies","2026-08-03T02:01:21.580Z","{""group"":""subcategories"",""key"":""disney-winnie-the-pooh-26ss"",""parent_count"":3}","2dad9b2eaa9e0b3966064c40708d8fff9be454662a8eba631cdaf427266f1f53"
"uniqlo","144585","58112","PEANUTS","영유아(6개월~5세) > 그래픽티셔츠 > PEANUTS","영유아(6개월~5세) > 그래픽티셔츠 > PEANUTS","3","BABY","true","unknown","https://www.uniqlo.com/kr/ko/men_navigation","official_navigation_preloaded_taxonomies","2026-08-03T02:01:21.580Z","{""group"":""subcategories"",""key"":""peanuts-26ss"",""parent_count"":3}","2dad9b2eaa9e0b3966064c40708d8fff9be454662a8eba631cdaf427266f1f53"
"uniqlo","143661","58112","Mickey＆Friends","영유아(6개월~5세) > 그래픽티셔츠 > Mickey＆Friends","영유아(6개월~5세) > 그래픽티셔츠 > Mickey＆Friends","3","BABY","true","unknown","https://www.uniqlo.com/kr/ko/men_navigation","official_navigation_preloaded_taxonomies","2026-08-03T02:01:21.580Z","{""group"":""subcategories"",""key"":""mickeyandfriends-26ss"",""parent_count"":3}","2dad9b2eaa9e0b3966064c40708d8fff9be454662a8eba631cdaf427266f1f53"
"uniqlo","134783","58112","Sanrio characters","영유아(6개월~5세) > 그래픽티셔츠 > Sanrio characters","영유아(6개월~5세) > 그래픽티셔츠 > Sanrio characters","3","BABY","true","unknown","https://www.uniqlo.com/kr/ko/men_navigation","official_navigation_preloaded_taxonomies","2026-08-03T02:01:21.580Z","{""group"":""subcategories"",""key"":""sanrio-characters"",""parent_count"":3}","2dad9b2eaa9e0b3966064c40708d8fff9be454662a8eba631cdaf427266f1f53"
"uniqlo","128055","58112","The Picture Book Collection","영유아(6개월~5세) > 그래픽티셔츠 > The Picture Book Collection","영유아(6개월~5세) > 그래픽티셔츠 > The Picture Book Collection","3","BABY","true","unknown","https://www.uniqlo.com/kr/ko/men_navigation","official_navigation_preloaded_taxonomies","2026-08-03T02:01:21.580Z","{""group"":""subcategories"",""key"":""the-picture-book-collection-26ss"",""parent_count"":3}","2dad9b2eaa9e0b3966064c40708d8fff9be454662a8eba631cdaf427266f1f53"
"uniqlo","131942","58112","Jason Polan","영유아(6개월~5세) > 그래픽티셔츠 > Jason Polan","영유아(6개월~5세) > 그래픽티셔츠 > Jason Polan","3","BABY","true","unknown","https://www.uniqlo.com/kr/ko/men_navigation","official_navigation_preloaded_taxonomies","2026-08-03T02:01:21.580Z","{""group"":""subcategories"",""key"":""jason-polan"",""parent_count"":3}","2dad9b2eaa9e0b3966064c40708d8fff9be454662a8eba631cdaf427266f1f53"
"uniqlo","81253","58112","STUDIO GHIBLI","영유아(6개월~5세) > 그래픽티셔츠 > STUDIO GHIBLI","영유아(6개월~5세) > 그래픽티셔츠 > STUDIO GHIBLI","3","BABY","true","unknown","https://www.uniqlo.com/kr/ko/men_navigation","official_navigation_preloaded_taxonomies","2026-08-03T02:01:21.580Z","{""group"":""subcategories"",""key"":""studio-ghibli"",""parent_count"":3}","2dad9b2eaa9e0b3966064c40708d8fff9be454662a8eba631cdaf427266f1f53"
"uniqlo","112079","58112","other02","영유아(6개월~5세) > 그래픽티셔츠 > other02","영유아(6개월~5세) > 그래픽티셔츠 > other02","3","BABY","true","unknown","https://www.uniqlo.com/kr/ko/men_navigation","official_navigation_preloaded_taxonomies","2026-08-03T02:01:21.580Z","{""group"":""subcategories"",""key"":""other02"",""parent_count"":3}","2dad9b2eaa9e0b3966064c40708d8fff9be454662a8eba631cdaf427266f1f53"
"uniqlo","136650","58112","other01","영유아(6개월~5세) > 그래픽티셔츠 > other01","영유아(6개월~5세) > 그래픽티셔츠 > other01","3","BABY","true","unknown","https://www.uniqlo.com/kr/ko/men_navigation","official_navigation_preloaded_taxonomies","2026-08-03T02:01:21.580Z","{""group"":""subcategories"",""key"":""other01"",""parent_count"":3}","2dad9b2eaa9e0b3966064c40708d8fff9be454662a8eba631cdaf427266f1f53"
"uniqlo","122905","58112","Clay Animation","영유아(6개월~5세) > 그래픽티셔츠 > Clay Animation","영유아(6개월~5세) > 그래픽티셔츠 > Clay Animation","3","BABY","true","unknown","https://www.uniqlo.com/kr/ko/men_navigation","official_navigation_preloaded_taxonomies","2026-08-03T02:01:21.580Z","{""group"":""subcategories"",""key"":""clay-animation"",""parent_count"":3}","2dad9b2eaa9e0b3966064c40708d8fff9be454662a8eba631cdaf427266f1f53"
"uniqlo","63048","58112","The Picture Book Collection","영유아(6개월~5세) > 그래픽티셔츠 > The Picture Book Collection","영유아(6개월~5세) > 그래픽티셔츠 > The Picture Book Collection","3","BABY","true","unknown","https://www.uniqlo.com/kr/ko/men_navigation","official_navigation_preloaded_taxonomies","2026-08-03T02:01:21.580Z","{""group"":""subcategories"",""key"":""the-picture-book-collection-23ss"",""parent_count"":3}","2dad9b2eaa9e0b3966064c40708d8fff9be454662a8eba631cdaf427266f1f53"
"uniqlo","58731","58117","레귤러삭스","영유아(6개월~5세) > 양말 > 레귤러삭스","영유아(6개월~5세) > 양말 > 레귤러삭스","3","BABY","true","unknown","https://www.uniqlo.com/kr/ko/men_navigation","official_navigation_preloaded_taxonomies","2026-08-03T02:01:21.580Z","{""group"":""subcategories"",""key"":""regular-socks"",""parent_count"":3}","2dad9b2eaa9e0b3966064c40708d8fff9be454662a8eba631cdaf427266f1f53"
"uniqlo","58732","58117","쇼트삭스","영유아(6개월~5세) > 양말 > 쇼트삭스","영유아(6개월~5세) > 양말 > 쇼트삭스","3","BABY","true","unknown","https://www.uniqlo.com/kr/ko/men_navigation","official_navigation_preloaded_taxonomies","2026-08-03T02:01:21.580Z","{""group"":""subcategories"",""key"":""short-socks"",""parent_count"":3}","2dad9b2eaa9e0b3966064c40708d8fff9be454662a8eba631cdaf427266f1f53"
"uniqlo","58733","58117","그 외","영유아(6개월~5세) > 양말 > 그 외","영유아(6개월~5세) > 양말 > 그 외","3","BABY","true","unknown","https://www.uniqlo.com/kr/ko/men_navigation","official_navigation_preloaded_taxonomies","2026-08-03T02:01:21.580Z","{""group"":""subcategories"",""key"":""others"",""parent_count"":3}","2dad9b2eaa9e0b3966064c40708d8fff9be454662a8eba631cdaf427266f1f53"
